"state","state_abbr","coc_number","coc_name","predictor_year","target_year","target_homeless_rate_per_10k","control_state_florida","control_time_index","coc_log_estimated_population","coc_population_density_per_sq_mile","coc_contributing_counties","coc_housing_units_per_1000_residents","coc_permits_per_1000_housing_units","coc_multifamily_permit_share_pct","coc_permits_value_per_1000_housing_units_2025_usd","coc_birth_rate_per_1000","coc_death_rate_per_1000","coc_international_migration_rate_per_1000","coc_domestic_migration_rate_per_1000","coc_group_quarters_per_1000_residents","coc_population_growth_rate_pct","coc_housing_supply_growth_rate_pct","coc_poverty_all_pct","coc_poverty_child_pct","coc_real_median_household_income_2025_usd","coc_real_per_capita_personal_income_2025_usd","coc_unemployment_rate_pct","coc_high_school_graduate_pct","coc_homeownership_rate_pct","coc_housing_cost_burdened_households_pct","coc_income_inequality_ratio","coc_annual_hpi_change_pct","coc_real_gdp_per_capita_2017_usd","coc_real_gdp_quantity_index","coc_relative_home_price_index_2000_base","state_real_minimum_wage_2025_usd","state_medicaid_expansion","coc_hic_temporary_beds_per_10k","coc_hic_psh_beds_per_10k","state_anticamping_strictness","state_tanf_max_benefit_3person","state_ssi_state_supplement","state_labor_force_participation_pct","state_real_median_rent_2025_usd","state_rental_vacancy_rate"
"California","CA","CA-500","San Jose/Santa Clara City & County CoC",2011,2012,38.3763010425752,0,1,14.4099721183253,1395.56317178235,1,350.955324730941,4.81956128626464,66.6557911908646,1577715.1966164,13.35540428,5.0904729,7.866942887,-1.647538947,16.3758916676876,1.45651833105642,0.602714588540509,10.7,12.6,121300.952496066,94009.2759724237,9.3,86.5,60.6596576810987,42.463427332773,14.6929701686122,-3.17,102326.681247035,66.2,123.44,11.4514534873146,0,10.1707785750314,13.7578681430024,1,638,171,63.3916666666667,1796.44676582249,6.1
"California","CA","CA-500","San Jose/Santa Clara City & County CoC",2012,2013,40.8856503743788,0,2,14.4241091445751,1415.43241092688,1,347.532691678823,8.59696202056006,71.7719905299581,2310175.70946961,12.8332037,5.100403928,7.462107939,-0.857008137,16.388144209575,1.42374344252434,0.434625363629215,10.8,12.6,127888.049106688,100515.420886792,7.9,86.5,59.7929285197627,41.8084567880404,14.978749870426,2.81,105752.649100958,69.473,126.92,11.2188649909919,0,9.76139005676733,17.3191218231273,1,638,160.72,63.05,1759.95944546185,5.2
"California","CA","CA-500","San Jose/Santa Clara City & County CoC",2013,2014,39.9999365667717,0,3,14.4395359301538,1437.43729099346,1,344.955195092222,11.8369204436554,75.5543891877706,3463133.54156449,13.05355592,5.09518994,8.80117529,-1.164059501,16.328006750874,1.55464011539552,0.801454172,10.5,12.9,126935.932512361,98927.7373057257,6.5,86.5,58.9589265755671,40.8831320079716,15.5191371275983,11.65,115131.70767898,76.897,141.7,11.0567758032609,0,9.70304191167607,17.8844582557563,1,638,160.72,62.7083333333333,1734.53170413655,5.1
"California","CA","CA-500","San Jose/Santa Clara City & County CoC",2014,2015,34.2120300477225,0,4,14.4530149989988,1456.94378694496,1,344.137950356098,15.255965985893,80.7188884414015,3901874.11508531,12.46135761,5.020517921,10.25443712,-4.050899133,16.3689445715165,1.35703283,1.11690453890994,8.5,9.3,132229.959402273,104788.084245151,5.2,86.8,58.2514256905118,39.991412352949,15.7562861678701,13.89,121730.900896541,82.5,161.38,12.2411219475664,1,9.21896251783399,19.4687149960909,1,670,160.72,62.3416666666667,1706.95644935509,4.5
"California","CA","CA-500","San Jose/Santa Clara City & County CoC",2015,2016,33.8317167677539,0,5,14.4658994956845,1475.83723919869,1,344.643933444138,8.43382250513297,67.8456014362657,2719650.65716392,12.44367835,5.196376717,11.61963195,-5.916957761,16.1249500987588,1.29678663123569,1.44572243112389,8.3,9,138824.331262993,113783.487175248,4.2,87,58.1101075278196,38.8716713616102,16.0650345070777,8.19,130748.33777527,89.858,174.6,12.226311332377,1,10.4681714880615,14.5802946847677,1,704,160.72,62.1666666666667,1704.89119134813,4.1
"California","CA","CA-500","San Jose/Santa Clara City & County CoC",2016,2017,38.2611215465897,0,6,14.4721851258814,1485.14302688749,1,345.178409930055,8.5768240962335,68.9963215974777,2370951.67249353,12.07859331,5.258211859,10.38845378,-10.93674774,15.8159645876721,0.630542951596458,0.786601578351265,9.3,10.4,148693.410278019,120855.065501268,3.9,87.1,57.8959769863363,38.0307415812282,16.2159810509015,9.71,137655.877102127,95.328,191.54,13.4147767813952,1,9.64027612986733,14.6341362229616,1,704,160.72,62.225,2016.2409502437,3.6
"California","CA","CA-500","San Jose/Santa Clara City & County CoC",2017,2018,37.5400357184073,0,7,14.4743307515362,1488.33301055107,1,347.218901842681,11.8747429225459,73.6069277108434,3395809.93092091,11.72738429,5.296722663,9.285970704,-13.60364145,15.7774086550652,0.21479302705707,0.80720399140064,7.5,8.1,155605.531334246,128245.710811469,3.3,87.6,58.2728083469309,37.2708800505153,16.10416950848,4.04,143927.750994372,100,199.29,13.7915561924704,1,8.54846805449907,22.1214896688762,1,704,160.72,62.275,1974.16275783648,4.3
"California","CA","CA-500","San Jose/Santa Clara City & County CoC",2018,2019,50.3461884003544,0,8,14.4742412266931,1488.199773667,1,351.099213025471,12.0732501820347,76.1323403735808,3494569.42347662,11.29462564,5.551060624,6.86288487,-12.71615668,15.9335561033091,-0.008952088,1.10848817592741,7.3,7.1,161472.360946738,136620.596120444,2.7,88.1,58.2194569560017,36.7007081265957,16.3261064401861,11.81,155003.002553554,107.808,222.83,14.1042933179875,1,8.17662757583175,21.8388407405127,1,714,160.72,62.2833333333333,1927.15935063047,4.4
"California","CA","CA-500","San Jose/Santa Clara City & County CoC",2019,2020,49.7320784591495,0,9,14.4719175064326,1484.74562670149,1,355.974421273002,8.00855644895711,64.6288209606987,2388563.59497036,11.24970824,5.832875022,6.947328227,-14.72518574,15.6713274670462,-0.232102371,1.15323048985765,6.1,5.5,166796.370807791,141771.373946313,2.6,88.4,57.98529346,35.8889188185471,16.3973560188513,-1.89,163091.24644499,113.01,218.62,15.1124735714226,1,9.15007998539307,16.9930056871586,0,785,160.72,62.4416666666667,1892.83731482068,4.2
"California","CA","CA-500","San Jose/Santa Clara City & County CoC",2021,2022,53.3361416184126,0,11,14.448126643584,1449.83910338714,1,368.851353074164,5.8239591689193,51.6073194856578,1831039.00022826,9.921137992,6.238271449,3.5155827,-30.81011789,16.1022837376124,-2.527818639,0.71141807886661,6.9,7.4,167722.965626143,172318.798972761,4.9,89.2,58.2500275474541,34.9543378275713,16.4148969340031,4.85,202199.871161463,135.395,222.44,15.4461823955615,1,10.2415475360791,23.4471944109198,0,878,160.72,61.075,2017.50905443565,4.3
"California","CA","CA-500","San Jose/Santa Clara City & County CoC",2022,2023,52.3863758393167,0,12,14.4468631826017,1448.00844400319,1,371.745673618768,12.9825535312145,60.3041657482918,3223194.90690451,10.33465783,5.897393852,13.83376047,-19.83161466,20.7770546089117,-0.126266382,0.657427636155217,7.5,6.9,165589.668198673,156118.725195562,2.8,89.3,58.057527750973,34.51456783,17.1516389487567,15.71,195368.635836855,131.192,257.38,15.4034853675129,1,12.397940378193,23.4396067124396,0,925,199.72,61.7416666666667,2042.06206015028,3.9
"California","CA","CA-500","San Jose/Santa Clara City & County CoC",2023,2024,54.4784607240383,0,13,14.4522873670385,1455.88405311563,1,372.150105508055,8.29277445472947,69.4377785395955,2229308.14917182,9.919565642,5.99809894,17.40711115,-16.11180185,21.1434015542931,0.543892485231234,0.653276829,7.6,7.4,163328.284178065,157892.919050831,3.5,89.3,57.8763599769551,34.6354284395904,17.196520718104,6.24,198309.707206174,134.12,273.43,16.377947020243,1,15.1768668366151,23.0906321860666,0,1130,219.73,62.15,2066.79124978034,4.4
"California","CA","CA-500","San Jose/Santa Clara City & County CoC",2024,2025,55.9499078296962,0,14,14.4615194842001,1469.3871877302,1,370.918963682773,5.41770291657246,48.8784559207094,1664685.8395561,9.642767911,5.598839688,16.8781348,-11.7953172,21.1110586977373,0.927486951015588,0.593600036389264,7.1,6.7,171382.855051123,161772.179449277,4.1,89.3,57.8072693583254,35.0677629327234,17.8562672197629,5.34,207212.999364074,142.298,288.03,16.4214875725696,1,17.490342835878,26.206686898229,0,1171,239.94,62.2333333333333,2089.63429360949,4.8
"California","CA","CA-501","San Francisco CoC",2011,2012,71.1204088428185,0,1,13.6117418463798,17197.5167712483,1,463.175381597499,4.81220999023264,95.4895489548955,1823041.29028777,10.97859242,7.108512141,7.631595992,0.964744272,29.5457610494697,1.25945835221384,0.206094235727239,13.8,16,99275.5131449025,114361.371682754,8,85.7,43.584482181149,42.9863907981398,23.0559173042487,-4.92,136274.054396479,64.289,148.7,11.4514534873146,0,33.2618157297861,85.7966039355116,1,638,171,63.3916666666667,1796.44676582249,6.1
"California","CA","CA-501","San Francisco CoC",2012,2013,83.4711019424183,0,2,13.6278270515773,17476.3794658067,1,458.236213860698,8.13277833505783,97.5720297831013,3392623.73585255,10.67906497,6.735071382,7.42706409,4.417078234,28.9222995960795,1.62152884202782,0.537866375145923,14.9,16.3,101100.204224447,121404.947500018,6.8,85.9,43.2513836457258,43.3430830567203,24.3255480607083,3.22,147028.879273981,70.52,153.49,11.2188649909919,0,35.6989465251739,91.5456594231224,1,638,160.72,63.05,1759.95944546185,5.2
"California","CA","CA-501","San Francisco CoC",2013,2014,75.321774904496,0,3,13.640648708241,17701.898547993,1,456.319410366234,11.6780166687113,97.228430934287,5260363.20353967,10.90354629,6.904620342,7.928326205,0.804340321,28.5585989051564,1.29042221031854,0.866724062124003,13.8,14.4,106328.866609033,120639.098692404,5.5,86.3,42.7632493696145,43.0140219810504,24.8226683396069,11.04,151532.981605657,73.65,170.44,11.0567758032609,0,32.7428737499583,79.0521837317109,1,638,160.72,62.7083333333333,1734.53170413655,5.1
"California","CA","CA-501","San Francisco CoC",2014,2015,78.5043047009884,0,4,13.6538747677959,17937.5803262913,1,455.51101968851,6.99565964606246,95.0202877167097,2698630.89047953,10.58733188,6.474506041,8.101414997,0.905152983,28.2327358213341,1.33139266197539,1.15187947159194,12.1,13.6,113962.125082522,130611.411055873,4.4,86.7,42.763672297193,42.0828678695141,25.1212717141921,15.86,161416.128752203,79.533,197.47,12.2411219475664,1,26.8704084631208,80.4349103732001,1,670,160.72,62.3416666666667,1706.95644935509,4.5
"California","CA","CA-501","San Francisco CoC",2015,2016,80.2742819375981,0,5,13.6681827162184,18196.0754597622,1,452.050381803224,9.39444894443818,94.8976807639836,3625892.16364113,10.62809262,6.590187658,8.617309308,1.582485296,27.3009582739482,1.4410813987658,0.670406630780906,12.4,13.5,122979.031776233,140742.503663139,3.7,87,42.5830733072515,40.5478723248764,26.3084855866829,10.81,171066.894020404,85.54,218.81,12.226311332377,1,29.2232998458882,81.7024136452648,1,704,160.72,62.1666666666667,1704.89119134813,4.1
"California","CA","CA-501","San Francisco CoC",2016,2017,78.1057810578106,0,6,13.6779860606411,18375.3352986504,1,451.522182138628,10.3860922423235,95.42451676046,3901523.3871307,10.39364159,6.571262861,7.545594694,-1.563543155,27.0070865346662,0.985156603052118,0.867160185,10.2,11.3,136660.355505108,148135.355563913,3.6,87.4,42.8429102526726,38.8342383918296,26.7734999611892,10.49,182365.772038746,92.08,241.77,13.4147767813952,1,30.3380791084919,87.1932916586346,1,704,160.72,62.225,2016.2409502437,3.6
"California","CA","CA-501","San Francisco CoC",2017,2018,77.8588752532088,0,7,13.6854485685657,18512.9744692293,1,452.685526855269,10.1490404452093,97.5706494794249,4011920.98434759,10.2860618,6.574254438,6.852039837,-3.056782536,27.5158307138627,0.749043042436592,1.0086224641493,10.1,12.3,143958.890500091,154024.09955751,3.2,87.9,43.3858440319685,36.9553171269513,26.3579638752052,4.63,196595.541064685,100,252.95,13.7915561924704,1,31.4222586670311,94.0048289371783,1,704,160.72,62.275,1974.16275783648,4.3
"California","CA","CA-501","San Francisco CoC",2018,2019,91.1463798382166,0,8,13.6884689184065,18568.9747200041,1,455.789511931472,12.899464888942,97.5859405175744,3199458.3357839,10.05949728,6.964092394,5.113899983,-5.132094868,27.511195690681,0.302491913808023,0.990248467832022,10.1,10.9,141813.54047843,162725.078635072,2.6,88.5,43.7417310526341,35.2350596697634,26.2694638387564,7.32,212050.980978735,108.174,271.46,14.1042933179875,1,30.49860564826,108.505091427689,1,714,160.72,62.2833333333333,1927.15935063047,4.4
"California","CA","CA-501","San Francisco CoC",2019,2020,92.8309674234607,0,9,13.6894370007089,18586.9597403018,1,461.02145201231,7.87376388058453,96.9375,2831621.21153889,10.06443485,7.216930677,5.10485205,-6.916177943,27.4993222157815,0.096855215,1.24585214193895,9.5,9.3,153385.309885951,160320.675882436,2.4,88.5,43.6148627301385,33.9042398,26.18723483,1.48,229643.69552006,117.08,275.48,15.1124735714226,1,38.6025053627195,122.47759341795,0,785,160.72,62.4416666666667,1892.83731482068,4.2
"California","CA","CA-501","San Francisco CoC",2021,2022,95.3439588031468,0,11,13.6123779455812,17208.4595913357,1,504.619753997028,6.11623022665744,96.5065502183406,2363921.06561437,8.92327122,7.909854385,2.412334123,-66.80509996,31.9468149366124,-6.738358135,1.02953946690609,11.4,11.7,142313.995585444,190496.579316583,5.6,88.8,43.8712267938967,33.9299834458748,26.7571436591254,0.09,293048.696624639,138.145,257.56,15.4461823955615,1,27.7761100948456,68.0496318777116,0,878,160.72,61.075,2017.50905443565,4.3
"California","CA","CA-501","San Francisco CoC",2022,2023,92.8113439895413,0,12,13.6088147478982,17147.2514859143,1,510.784909242486,4.84829226487949,95.5809334657398,1695791.7908781,9.026441681,7.828480424,9.619285212,-14.06990767,34.7598448724034,-0.355686139,0.861711039079283,10.4,7.9,148936.300018482,169173.17904453,2.8,88.8,44.4404573336861,33.6162233330104,28.0773696432341,11.32,279096.245774869,131.355,286.72,15.4034853675129,1,32.0436363994068,71.5018210523986,0,925,199.72,61.7416666666667,2042.06206015028,3.9
"California","CA","CA-501","San Francisco CoC",2023,2024,101.383162087594,0,13,13.6133050185649,17224.4205061838,1,511.556738309223,2.71832765419809,94.7183098591549,1228372.02132507,8.408825464,8.076349289,11.83050831,-7.514452285,35.7376310706233,0.450037257,0.601823766742737,11.9,10.8,132562.046540103,171529.937389106,3.4,88.8,44.43470748,34.4501850052006,28.399332306112,-1.02,283073.302724406,134.04,283.78,16.377947020243,1,47.2013376976617,70.0797869084838,0,1130,219.73,62.15,2066.79124978034,4.4
"California","CA","CA-501","San Francisco CoC",2024,2025,104.965747827992,0,14,13.6182126128244,17309.1588374578,1,511.355815554026,1.83422861158423,91.5584415584416,1060701.38706216,8.299798946,7.648954039,11.19013646,-6.948044138,35.856238846695,0.491966224602969,0.452496267085256,11.3,9.8,140797.834447212,176014.740889561,3.9,89,44.3460706525052,35.5998025621532,29.930123561994,2.58,282708.192854363,135.236,291.09,16.4214875725696,1,53.2313370566847,70.1386816412793,0,1171,239.94,62.2333333333333,2089.63429360949,4.8
"California","CA","CA-502","Oakland, Berkeley/Alameda County CoC",2011,2012,27.3979832201029,0,1,14.241376807034,2057.55882626097,1,381.816103441406,3.715818574987,59.9907918968692,1263678.28433976,12.62853161,5.963400255,5.926605366,-0.792404221,24.425915220636,1.18500766034848,0.284970670839146,13.2,16.8,96328.1953036049,72179.9427622301,10.1,86,58.066237530051,46.3714679399831,15.8637709093412,-5.24,65168.3138929967,76.594,129.81,11.4514534873146,0,14.4619394283811,14.2986383959919,1,638,171,63.3916666666667,1796.44676582249,6.1
"California","CA","CA-502","Oakland, Berkeley/Alameda County CoC",2012,2013,26.9942953659582,0,2,14.2561915758232,2088.26801757547,1,377.559912573595,4.67919793944828,44.4808743169399,1813461.9230479,12.30533226,5.969502824,5.891698942,2.605781671,23.5067873885609,1.49250611562366,0.36114608709934,13.1,17.3,98458.1615190684,73323.696864875,8.7,86.2,56.9765075754411,45.3709059805069,16.2549235642473,0.82,66180.6415823378,79.028,130.88,11.2188649909919,0,14.5646314369492,14.674043162282,1,638,160.72,63.05,1759.95944546185,5.2
"California","CA","CA-502","Oakland, Berkeley/Alameda County CoC",2013,2014,26.5706011722909,0,3,14.2726784099574,2122.98234653789,1,373.103704561871,5.22777559081839,51.671535215839,1868111.89554867,12.42692741,6.140379153,6.495908382,3.654227718,23.1249442103124,1.6623502668359,0.462464991,13,15.4,99687.8906421999,74799.0883090597,7.3,86.4,56.1834802090318,44.0830085919527,16.6737352737353,13.74,67483.2116990958,82.003,148.86,11.0567758032609,0,13.0666570439347,14.9848726855589,1,638,160.72,62.7083333333333,1734.53170413655,5.1
"California","CA","CA-502","Oakland, Berkeley/Alameda County CoC",2014,2015,24.7164642241416,0,4,14.2903729890912,2160.88196953573,1,368.453133241116,5.80355032782126,51.7742873763816,2042293.9336398,12.23322567,5.802876025,7.224731245,3.96563327,23.0651726093923,1.78520669564881,0.516499477392118,12.5,14.3,104724.158386091,77525.7455432597,5.9,86.7,55.5761110099352,43.1141674346702,17.0068041237113,15.94,68900.1674568848,85.299,172.6,12.2411219475664,1,12.5016171246032,15.5617144506255,1,670,160.72,62.3416666666667,1706.95644935509,4.5
"California","CA","CA-502","Oakland, Berkeley/Alameda County CoC",2015,2016,25.1067567158303,0,5,14.3068713653695,2196.82875192872,1,364.482196192441,8.56217268698805,60.909625563615,2705875.7023915,12.02160175,5.922901124,8.653653391,1.757378182,22.4815819515973,1.66352363987381,0.567863388679202,11.5,13.8,110664.419306455,83695.8934653053,4.8,86.9,55.1505612099275,41.7445876737304,17.0932733015254,9.3,72593.1113265571,91.45,188.66,12.226311332377,1,10.9082811167437,15.8699277716394,1,704,160.72,62.1666666666667,1704.89119134813,4.1
"California","CA","CA-502","Oakland, Berkeley/Alameda County CoC",2016,2017,33.905635238249,0,6,14.3168620434794,2218.88657712254,1,363.709985160059,9.47928862035715,55.9908643710471,3261763.37684783,11.87220894,5.825009862,7.74618565,-3.756519579,22.0436718253127,1.0040757694223,0.790083255002005,10.7,12.4,120024.6908185,87476.4179138003,4.1,87.3,55.0666480941196,40.4505795497832,17.1492988550109,11.43,74221.8607070234,94.532,210.22,13.4147767813952,1,10.920984887489,15.6576516551077,1,704,160.72,62.225,2016.2409502437,3.6
"California","CA","CA-502","Oakland, Berkeley/Alameda County CoC",2017,2018,32.9742325811336,0,7,14.3224468279902,2231.31325587846,1,365.001481752757,15.2778832095106,70.1339382155973,5062195.10415794,11.83517731,6.024500279,6.877377198,-7.074287875,21.9474086192233,0.560041188406668,0.9171195086491,9.3,10.5,125503.161351481,90963.8507193664,3.5,87.5,55.383130713269,39.361650472342,16.7398186021697,7.03,78010.7628881024,100,225,13.7915561924704,1,9.85425817192669,17.293138882397,1,704,160.72,62.275,1974.16275783648,4.3
"California","CA","CA-502","Oakland, Berkeley/Alameda County CoC",2018,2019,47.9977311468897,0,8,14.3263903802615,2240.12993472756,1,368.998221695317,13.0985480383071,72.2939424031778,4242184.80154849,11.11948715,6.20988821,5.093551094,-6.03856022,21.8448291171593,0.395134068507574,1.49445355741336,9,9.8,130457.019940484,95129.6118043753,2.9,88,55.5165283614619,38.46463008,16.5491812287065,8.99,80625.0392765498,103.873,245.23,14.1042933179875,1,9.81547389059946,17.5490593704177,1,714,160.72,62.2833333333333,1927.15935063047,4.4
"California","CA","CA-502","Oakland, Berkeley/Alameda County CoC",2019,2020,48.42043000579,0,9,14.3291302746146,2246.27607380941,1,372.710579425116,10.2773702004424,66.7447672602312,3003681.59658664,11.16089015,6.557052921,5.116706135,-6.965670437,22.1087529744293,0.274365294020251,1.283189438,8.9,9.8,135494.659922982,100729.673844722,2.8,88.4,55.9187357971939,37.9430067508321,16.682189499974,1.15,82807.6429482166,106.906,248.04,15.1124735714226,1,10.5125920749296,20.0618788999652,0,785,160.72,62.4416666666667,1892.83731482068,4.2
"California","CA","CA-502","Oakland, Berkeley/Alameda County CoC",2021,2022,59.6826477615486,0,11,14.3128107237191,2209.9153375924,1,383.014398443083,7.9789641160975,70.4676616915423,2390731.16765167,10.08793406,7.005008476,2.546346147,-25.92785533,27.0289337245899,-2.154967988,1.03346654067851,9.4,9.9,129475.841678979,117221.078199916,5.8,89,56.7353243200115,37.4007702724091,17.085226741468,9.81,88708.9745087161,111.803,272.37,15.4461823955615,1,21.4380197959587,22.5631357285126,0,878,160.72,61.075,2017.50905443565,4.3
"California","CA","CA-502","Oakland, Berkeley/Alameda County CoC",2022,2023,59.7591630410488,0,12,14.3060144877423,2194.94714363776,1,390.46241040255,7.96011786494459,72.9511426319937,1819755.5889235,10.36244135,6.735800462,9.637479317,-20.47956727,31.1706665327731,-0.677319791,1.25408673808831,10.1,10.3,133339.17083492,110145.922867265,3.2,89.2,57.2122009711819,37.3662757074742,18.0392554693013,13.19,90947.6986207069,114.055,308.3,15.4034853675129,1,24.3641382418387,25.527542681635,0,925,199.72,61.7416666666667,2042.06206015028,3.9
"California","CA","CA-502","Oakland, Berkeley/Alameda County CoC",2023,2024,57.7408127951197,0,13,14.3059636640774,2194.83559114622,1,394.957303948734,4.47140795085792,63.4188626907073,1263517.42359974,10.15555419,6.654842503,12.3207661,-16.07559627,30.7282975772402,-0.00508224,1.1460311536055,9.5,9,125983.395046682,110376.796499005,3.8,88.9,57.2541318811582,38.0931756650659,18.6158760305607,-0.29,90087.7353733681,113.146,307.4,16.377947020243,1,20.6422931254612,32.1911999289675,0,1130,219.73,62.15,2066.79124978034,4.4
"California","CA","CA-502","Oakland, Berkeley/Alameda County CoC",2024,2025,56.5918992075179,0,14,14.3081467525301,2199.63234828226,1,397.407101447859,2.67986457689505,49.1107286288009,741349.820797859,9.896384324,6.40858017,12.18407067,-13.59950013,30.4523213639785,0.218547446350548,0.840171972,8.8,8,131403.717212729,114199.129951542,4.4,88.8,57.8980874742051,38.3240904506954,19.1775407509354,1.41,90399.0849332347,114.294,311.73,16.4214875725696,1,21.2144023306514,31.3389025212877,0,1171,239.94,62.2333333333333,2089.63429360949,4.8
"California","CA","CA-503","Sacramento City & County CoC",2011,2012,19.4622009728332,0,1,14.1757906953763,1441.85850538417,1,388.638725561996,2.30795598731522,42.0684292379471,644133.40480949,14.14514942,7.151380698,2.580633411,-0.893835025,16.5512334958465,0.868661015363204,0.193300822832154,17.7,24.9,74772.265545421,56749.1091880737,12.1,85.2,59.7135140034442,46.8141433905005,12.4309153713299,-9.77,52982.0649802612,87.552,116.16,11.4514534873146,0,10.8179364315457,13.600887196334,1,638,171,63.3916666666667,1796.44676582249,6.1
"California","CA","CA-503","Sacramento City & County CoC",2012,2013,17.4152789223661,0,2,14.18351814425,1453.04356135488,1,386.505330649783,2.7684114582867,20.2457956015524,847026.561871153,13.57196008,7.281362838,2.293490337,-0.648930619,16.1462904159042,0.775738807167325,0.222540079647815,19.5,26.8,73787.8774038773,56945.5563361508,10.6,85.6,58.0044773272565,46.2678886639474,12.9701369038664,0.6,52841.4283872916,88.156,116.86,11.2188649909919,0,11.4890660081448,15.0603660444115,1,638,160.72,63.05,1759.95944546185,5.2
"California","CA","CA-503","Sacramento City & County CoC",2013,2014,16.6043241755299,0,3,14.1921247865278,1465.60336750648,1,384.2237334982,3.39497629231442,5.8916359810626,1248276.75536408,13.37540267,7.193181157,2.912969606,-0.322514733,15.270276482992,0.864379189010367,0.268962096400172,18.9,25.9,73223.497757095,57438.5682009648,9,85.9,57.040485346997,45.2936124062918,13.6276436826795,17.32,53915.9619782031,90.886,137.1,11.0567758032609,0,10.6632558886355,15.7890294721688,1,638,160.72,62.7083333333333,1734.53170413655,5.1
"California","CA","CA-503","Sacramento City & County CoC",2014,2015,17.8017425489096,0,4,14.2041129529904,1483.27901430932,1,380.938724009554,3.13427177571358,4.03180011357183,1062823.89373705,13.40332263,7.327458907,3.274609533,2.757601821,15.7391907476828,1.20603208171595,0.340747752011361,18.1,23.8,75899.0364488942,59087.895640903,7.4,86.2,56.266179542176,43.8744334396508,14.3481797680412,15.3,54512.8118167889,93.158,158.07,12.2411219475664,1,10.5565262316456,17.6959110241458,1,670,160.72,62.3416666666667,1706.95644935509,4.5
"California","CA","CA-503","Sacramento City & County CoC",2015,2016,16.5454765659797,0,5,14.2167500841964,1502.14235676954,1,377.332001494302,5.34056290597593,21.6943521594684,1716038.06078293,13.32349253,7.491095944,3.85570124,3.017593195,15.4853067001233,1.2717325788502,0.312893230079747,16.9,22.7,79790.2662341293,62271.32057387,6,86.6,55.8725427380834,42.2675368009008,14.8467093385853,6.23,55621.5065361688,96.419,167.93,12.226311332377,1,10.4708256286178,18.6586899149346,1,704,160.72,62.1666666666667,1704.89119134813,4.1
"California","CA","CA-503","Sacramento City & County CoC",2016,2017,23.9965795871279,0,6,14.2282742994629,1519.5535124988,1,374.815931573203,5.91515374102574,16.6865671641791,1915959.98309049,12.98316183,7.481043619,3.402713318,2.646554803,14.9531399012698,1.15908826156177,0.484554062997344,16.3,23.1,80123.7787599175,62885.7905958246,5.2,86.8,55.8292990319739,40.814800971781,15.1199904007679,9.46,55218.7756672755,97.023,183.81,13.4147767813952,1,9.49710354887236,19.6560261603839,1,704,160.72,62.225,2016.2409502437,3.6
"California","CA","CA-503","Sacramento City & County CoC",2017,2018,23.5321489056673,0,7,14.2390133380581,1535.96000441627,1,372.960536266263,8.47578135012104,33.6164043082022,2571319.21749062,12.77495748,7.640487011,2.879911319,2.735092921,14.7639528815865,1.079691619,0.579331923113591,14.1,18.2,82695.4844115949,63407.0079652684,4.5,87,56.4209968006365,40.059958742216,15.0370873933077,9.66,56205.4901828984,100,201.56,13.7915561924704,1,9.36946941041746,19.8258234624347,1,704,160.72,62.275,1974.16275783648,4.3
"California","CA","CA-503","Sacramento City & County CoC",2018,2019,35.8298465650124,0,8,14.2464790068445,1547.46989162943,1,373.274731502145,8.1253536452666,22.2841225626741,2407764.83449595,12.62211571,8.16556302,1.954307941,1.071085994,14.4000374330786,0.749361127898163,0.834235977128728,14.3,20.5,89081.4343879255,64484.8290498388,3.7,87.4,57.0483884647436,39.2888101356898,15.03910574,6.84,57930.7140391428,104.016,215.35,14.1042933179875,1,9.70270596966621,19.0609756256068,1,714,160.72,62.2833333333333,1927.15935063047,4.4
"California","CA","CA-503","Sacramento City & County CoC",2019,2020,34.730953276753,0,9,14.2550929944666,1560.85736376413,1,373.01247762648,9.65217286164125,26.7895490336435,2889547.66403507,12.41877518,8.003095635,1.968419868,2.236311329,14.7951945094835,0.865120039304723,0.79425462459195,12.6,16,90537.5697935951,66181.2998876523,3.6,87.7,57.5453914872096,38.8261199352436,14.5369947629918,4.35,59724.2754751864,108.25,224.71,15.1124735714226,1,10.4764126082917,21.0430280311689,0,785,160.72,62.4416666666667,1892.83731482068,4.2
"California","CA","CA-503","Sacramento City & County CoC",2021,2022,58.3996923284155,0,11,14.2785795732581,1597.95047691136,1,373.402553397166,10.5087516749113,31.0344827586207,3012603.2287034,11.30077643,8.750796278,1.527217055,-3.500948292,19.0535589090099,0.136944949138784,0.788895664980949,13,16.9,94591.2328225421,73422.8339333633,6.7,88.1,59.0736132004726,38.2974476913133,14.02197349,16.03,61345.188642669,112.081,272.09,15.4461823955615,1,15.3624235497583,23.3048154054711,0,878,160.72,61.075,2017.50905443565,4.3
"California","CA","CA-503","Sacramento City & County CoC",2022,2023,58.128428691055,0,12,14.2784316652591,1597.71414458326,1,376.61444180708,8.67581434994067,26.5266807936814,2395635.52700408,11.58529466,8.97518889,7.044830943,-9.564933068,20.4978010419794,-0.014789715,0.845250836,12.2,15.4,92404.408470755,68560.9133707998,3.9,88.4,60.0595696360935,38.2324579643085,14.1520047875524,14.27,62633.9357592764,114.43,310.93,15.4034853675129,1,16.1200271667463,21.8164834673732,0,925,199.72,61.7416666666667,2042.06206015028,3.9
"California","CA","CA-503","Sacramento City & County CoC",2023,2024,41.0895852343349,0,13,14.2834107264868,1605.68910356975,1,377.897418135744,11.4855850107315,39.97113997114,3115967.00604516,11.33064435,8.429230877,10.14709871,-8.004786924,21.0060270430912,0.499148049325648,0.841508866344664,11.9,13.7,95080.8506238415,69091.690307074,4.3,88.4,60.6318098025867,38.3283641244134,14.1939465936677,-0.94,64142.6686384372,117.611,308,16.377947020243,1,17.2174389043972,22.2530230728713,0,1130,219.73,62.15,2066.79124978034,4.4
"California","CA","CA-503","Sacramento City & County CoC",2024,2025,43.220098117964,0,14,14.2916813809164,1619.02428089142,1,378.304326301621,11.0782538163082,25.9670964873277,3302250.1318017,10.85034495,8.111562204,9.332194825,-3.701816354,21.0504150265514,0.83049559793491,0.939066734066452,12,15.8,95789.6160397185,71528.9208371935,4.7,88.3,61.08239503,38.7930354325061,14.36570006602,3.64,66194.6741342489,122.647,319.22,16.4214875725696,1,20.2559542629125,26.8526495794451,0,1171,239.94,62.2333333333333,2089.63429360949,4.8
"California","CA","CA-504","Santa Rosa, Petaluma/Sonoma County CoC",2011,2012,91.4911029341235,0,1,13.0968855566187,306.67477176914,1,420.720485986447,3.08190453898219,23.8924050632911,916994.069907202,10.92189069,7.961521371,0.211895788,2.343197117,21.759423578385,0.549968540809265,0.201313423500893,12.2,15.9,87019.595050104,63650.0413458666,10.2,86.4,61.3184414917517,47.8288031503969,12.7592101942972,-7.53,49716.4479452645,83.913,113.81,11.4514534873146,0,24.9476325394269,10.9351053811797,1,638,171,63.3916666666667,1796.44676582249,6.1
"California","CA","CA-504","Santa Rosa, Petaluma/Sonoma County CoC",2012,2013,86.6268749759651,0,2,13.1021484251139,308.293018650153,1,419.673342272237,2.7232453303637,42.5,852091.596286006,10.32520508,7.886115812,0.268054274,2.703051112,22.4044016955344,0.527675254,0.277468937133052,12.1,15.2,83938.1455044772,64868.8797360388,8.9,86.7,60.566740985493,47.4553347804308,12.9094600596409,-0.37,50535.2204200989,85.709,113.4,11.2188649909919,0,23.8983005879676,13.8981577287839,1,638,160.72,63.05,1759.95944546185,5.2
"California","CA","CA-504","Santa Rosa, Petaluma/Sonoma County CoC",2013,2014,85.566431322208,0,3,13.1104405825224,310.860066579598,1,417.241986508067,5.07402448726158,56.5009560229445,1238721.85903672,10.30012215,7.954751003,0.800759299,5.192741137,22.2963003442811,0.832664956,0.248496136395682,12.4,16,84335.5574393722,65699.361822976,7.2,86.7,59.2929343705361,46.2457545552102,12.8186413902054,13.85,51500.440944818,88.041,129.11,11.0567758032609,0,21.7781582883501,17.7301734763891,1,638,160.72,62.7083333333333,1734.53170413655,5.1
"California","CA","CA-504","Santa Rosa, Petaluma/Sonoma County CoC",2014,2015,61.8332757660278,0,4,13.1194812279991,313.683190123574,1,415.488607188703,3.20064109372134,34.9924585218703,857644.16702528,10.07018707,8.057358561,1.267336468,5.770511357,22.2701379974326,0.908165392563442,0.484118206337203,11.3,13.6,91058.9859186248,67799.4940935878,5.7,86.8,58.8241879905955,45.414909584733,13.3376606766004,16.81,53127.6416129668,91.607,150.81,12.2411219475664,1,19.5563222079589,16.1264441591784,1,670,160.72,62.3416666666667,1706.95644935509,4.5
"California","CA","CA-504","Santa Rosa, Petaluma/Sonoma County CoC",2015,2016,57.8254372227871,0,5,13.12408988613,315.1321880112,1,414.822017198316,2.988896322358,24.1545893719807,956983.42106282,10.13584839,8.068655614,1.306753997,1.372792101,21.6007171621781,0.461930359435181,0.300754057524655,11,14,90288.5922315303,72826.7026908221,4.5,87.1,58.4528770718743,43.69568189898,13.5620775969962,7.35,55430.8692162502,95.981,161.9,12.226311332377,1,20.324919189479,19.5462631498034,1,704,160.72,62.1666666666667,1704.89119134813,4.1
"California","CA","CA-504","Santa Rosa, Petaluma/Sonoma County CoC",2016,2017,56.4213911704006,0,6,13.1274464367415,316.19172446051,1,414.53635182381,4.41139763061385,27.6387377584331,1211801.81596926,9.95007026,8.20601748,1.411187849,0.259116413,21.4845576632633,0.336219684824002,0.267123584365336,9.4,11.2,98593.2434325425,74494.9384224441,4,87.2,58.7219778174552,42.182978931311,13.8329979879276,8.98,56640.5183643912,98.401,176.44,13.4147767813952,1,19.9583322554905,18.2470495296957,1,704,160.72,62.225,2016.2409502437,3.6
"California","CA","CA-504","Santa Rosa, Petaluma/Sonoma County CoC",2017,2018,60.0830654396031,0,7,13.1272912156406,316.142648544212,1,416.362004422163,5.63073290346018,27.7589134125637,1700200.95424251,9.820739172,8.527227427,0.718396523,-2.111409172,21.6192441722773,-0.015520936,0.42481903189262,9.3,10.9,104436.230897097,76025.6251406077,3.4,87.7,59.6905677999655,41.3187026607108,14.0437584207135,7.71,57610.2507786918,100,190.05,13.7915561924704,1,18.6280148626084,18.9464424670975,1,704,160.72,62.275,1974.16275783648,4.3
"California","CA","CA-504","Santa Rosa, Petaluma/Sonoma County CoC",2018,2019,59.6962389953392,0,8,13.1196476932699,313.735411931943,1,411.344388670853,15.9862320465692,0.853918877706618,6662874.86720337,9.067916477,8.470580714,0.147835607,-8.394665132,21.8793806390544,-0.761440009,-1.957372771,9.9,11.7,103861.451576693,78337.8095050694,2.8,88,60.25392329,40.5138917450456,14.1301755363611,8.59,60954.9396875738,104.713,206.37,14.1042933179875,1,20.555788409744,19.2522506081505,1,714,160.72,62.2833333333333,1927.15935063047,4.4
"California","CA","CA-504","Santa Rosa, Petaluma/Sonoma County CoC",2019,2020,56.1908154116361,0,9,13.1109727498216,311.025540502501,1,421.38343151217,11.6607858668779,14.4092219020173,4557656.49709299,9.081763058,8.819924691,0.195371705,-9.132116591,22.0740548938374,-0.863744202,1.55572023362618,7.2,7.7,109671.220707814,83025.4110558004,2.7,88.8,60.9571947366707,39.8221803738217,13.5880848887752,0.13,62136.501970121,105.647,206.64,15.1124735714226,1,19.7031978249612,15.4550750906266,0,785,160.72,62.4416666666667,1892.83731482068,4.2
"California","CA","CA-504","Santa Rosa, Petaluma/Sonoma County CoC",2021,2022,59.8672284349676,0,11,13.091549467845,305.042682963018,1,424.786573355032,12.7119467049935,51.4896867838044,4094469.51831446,9.090339357,9.386227437,0.468489461,-7.999252061,13.045890596027,-0.754737838,0.502149629853754,9.1,10.4,110498.424354217,93207.0172463244,5.6,89.2,61.6063723040967,40.200904013734,14.0381343918344,8.41,65219.2087270746,109.528,224.55,15.4461823955615,1,22.2553611906928,20.1927697921114,0,878,160.72,61.075,2017.50905443565,4.3
"California","CA","CA-504","Santa Rosa, Petaluma/Sonoma County CoC",2022,2023,46.8758080698379,0,12,13.0882624955189,304.041660106217,1,429.293347349949,10.9134731260545,57.3763250883392,3156569.88608039,9.253529987,9.296915593,2.654785897,-5.328165626,16.3605360527775,-0.328158292,0.729310311340736,8.9,9.4,105967.17733685,86552.1842800549,3.2,89.2,62.2030296254657,39.8548021774268,14.3786119598429,10.46,63495.4902585447,106.377,248.05,15.4034853675129,1,23.1977750002069,21.024923639795,0,925,199.72,61.7416666666667,2042.06206015028,3.9
"California","CA","CA-504","Santa Rosa, Petaluma/Sonoma County CoC",2023,2024,51.9611095200911,0,13,13.0886121592556,304.147991258196,1,432.709632709633,11.2490080029067,56.1410964725882,2983433.35704066,9.109897056,9.620945108,4.429772791,-3.368365298,16.8512944632348,0.0349725599913864,0.831043624969863,9.1,9.5,105830.067077837,88097.5053427585,3.6,88.9,62.8299672293901,40.2138259768939,14.2533166978582,1.63,63374.5422723154,106.168,252.09,16.377947020243,1,25.3410701171895,25.0514578872788,0,1130,219.73,62.15,2066.79124978034,4.4
"California","CA","CA-504","Santa Rosa, Petaluma/Sonoma County CoC",2024,2025,40.1279489519862,0,14,13.0926544038876,305.379922592964,1,435.296880891209,4.78992034154215,16.1067193675889,1427042.48568063,9.058928454,8.80293321,4.545980049,-0.720502742,16.3671314047424,0.405043390118021,1.00538307820284,8.4,8.6,108747.196077449,91172.0990029066,4.1,88.7,63.1154413313672,40.1901046704064,14.8981232115805,2.39,63598.6175637394,106.986,258.12,16.4214875725696,1,25.6303014444859,31.2755607658598,0,1171,239.94,62.2333333333333,2089.63429360949,4.8
"California","CA","CA-505","Contra Costa County CoC",2011,2012,22.1428650974249,0,1,13.8788993559234,1404.33358736599,1,377.342694098213,2.14159925976778,14.1695702671312,681784.30450584,11.64789092,6.858421704,2.879158443,4.529787817,10.1056840366421,1.22560662777662,0.377254853005438,11.9,14.6,106270.919793966,81906.521068018,10.3,88.5,69.2781225340724,47.4150559344259,14.2994974874372,-6.62,57567.6469320156,85.666,115.44,11.4514534873146,0,8.56922961405616,9.63921009160535,1,638,171,63.3916666666667,1796.44676582249,6.1
"California","CA","CA-505","Contra Costa County CoC",2012,2013,18.2915508582853,0,2,13.8901995755641,1420.29288218863,1,373.83949485313,5.33972147059554,40.9576940957694,1285171.16367698,11.14331952,6.518935244,2.545977859,4.257606669,9.99213028097124,1.13643189668118,0.197494751713778,11.1,14.5,104066.19165644,85612.5611043828,9,88.6,67.3702898843114,46.327843898926,14.4013095304718,1.25,57288.8326057253,86.316,116.88,11.2188649909919,0,8.69566831361573,10.2269226057679,1,638,160.72,63.05,1759.95944546185,5.2
"California","CA","CA-505","Contra Costa County CoC",2013,2014,18.1174450524675,0,3,13.9048044945981,1441.18838110036,1,370.32616578913,4.68987318326068,10.0052659294365,1569355.33076257,11.27893838,6.676342927,3.193994884,6.810846317,9.78506513163972,1.47121056324173,0.517588064444063,10.8,13.4,109059.890232439,83445.4869872097,7.6,88.8,66.012506185784,44.2804727579713,14.6153588008278,13.4,57924.0400431963,88.652,132.55,11.0567758032609,0,6.14596108838386,8.93542259427237,1,638,160.72,62.7083333333333,1734.53170413655,5.1
"California","CA","CA-505","Contra Costa County CoC",2014,2015,18.0628865933538,0,4,13.9188583494511,1461.58564632833,1,366.84714972639,4.91902416000472,24.3378310844578,1651060.79520839,11.12030866,6.564115232,3.707072271,5.855757473,9.51413864129082,1.41530874765983,0.462566217601235,10.5,13.8,109269.695002621,84832.335221296,6.3,88.9,64.9717994369228,42.9877861000945,14.8689198954917,16.66,61246.4209282785,95.16,154.63,12.2411219475664,1,5.97902741154106,8.60330641117672,1,670,160.72,62.3416666666667,1706.95644935509,4.5
"California","CA","CA-505","Contra Costa County CoC",2015,2016,15.2118937664649,0,5,13.9327654541796,1482.05408779684,1,363.50692143845,6.38564917096658,19.9233716475096,2470986.72018173,11.25787574,6.772098988,4.625481523,4.862800516,9.59440770896608,1.40042709915265,0.477152718369278,10.2,12.7,112802.665310584,91081.9439890979,5,88.9,64.5888925220948,41.4881444281991,15.5289867344059,7.01,61120.4289701674,96.391,165.47,12.226311332377,1,7.83525509047007,7.73742557174683,1,704,160.72,62.1666666666667,1704.89119134813,4.1
"California","CA","CA-505","Contra Costa County CoC",2016,2017,14.028379752692,0,6,13.9441403322613,1499.00853190846,1,361.489112504704,7.10515433825497,33.2078055460459,2446030.30111687,11.03165665,6.892243043,4.167711247,3.109202789,9.2678242947133,1.14398281757908,0.582537573795849,8.7,10.3,121967.150496446,94248.1972330486,4.4,89.1,64.2309983983499,39.9081085769709,15.3696339568037,10.31,60144.8197143935,96.057,182.53,13.4147767813952,1,5.19666428669408,7.62353288758674,1,704,160.72,62.225,2016.2409502437,3.6
"California","CA","CA-505","Contra Costa County CoC",2017,2018,19.4173238338524,0,7,13.9513832077062,1509.90508710327,1,361.365650111083,4.79276833101023,12.5504032258065,1967911.04362185,10.76571215,6.874005335,3.585066254,-0.177851527,9.16340399900483,0.726917489984769,0.692515385176717,9.1,11.2,124862.182358917,98209.0149058109,3.7,89.1,65.4374151321603,38.6292965355501,15.6358464455948,7.47,62092.3922974664,100,196.16,13.7915561924704,1,5.90990236003265,10.327052425286,1,704,160.72,62.275,1974.16275783648,4.3
"California","CA","CA-505","Contra Costa County CoC",2018,2019,19.8955203437114,0,8,13.9557245720527,1516.47439048913,1,361.482948130366,6.98977862094337,42.9652562779498,2385270.1764707,10.65480167,7.130494318,2.562657499,-1.726440232,9.21844836982266,0.435080551881861,0.467681425848587,7.8,9.2,130096.719356633,100664.905827444,3.1,89.4,65.88836094,38.0472308300231,15.6440056008884,7.02,65285.3737369214,105.731,209.93,14.1042933179875,1,5.49317308101822,9.49136867796186,1,714,160.72,62.2833333333333,1927.15935063047,4.4
"California","CA","CA-505","Contra Costa County CoC",2019,2020,19.5241324965766,0,9,13.9583347633441,1520.43785262422,1,362.980114882543,6.41737539616008,41.9054707852624,2041767.67147907,10.47722592,7.359231265,2.531200563,-3.03553099,9.03143925667909,0.261360307826286,0.67661634122238,7.9,9.9,134192.468450244,101195.641779841,3,89.5,66.0805848513055,37.3174979714819,15.5193103761998,2.16,67571.5436479072,109.744,214.47,15.1124735714226,1,5.72158754982549,9.63133904220624,0,785,160.72,62.4416666666667,1892.83731482068,4.2
"California","CA","CA-505","Contra Costa County CoC",2021,2022,26.6600469072018,0,11,13.9676915850127,1534.73109618687,1,366.219500674184,9.14836485583293,40.271725198667,2301538.81944388,10.0608465,7.757595729,1.438244518,-5.815622373,9.10792961000369,-0.161114822,0.57930130036159,8.8,11.3,131405.426310548,112614.551342409,6.1,89.7,67.5422174660581,37.3638478776528,15.7755720752523,13.68,66418.1668360811,107.812,246.5,15.4461823955615,1,7.94421017374202,10.6667124711217,0,878,160.72,61.075,2017.50905443565,4.3
"California","CA","CA-505","Contra Costa County CoC",2022,2023,20.4139065865831,0,12,13.9640719323998,1529.18593981763,1,369.917847750704,4.18021040858411,20.4013377926421,1284972.90557914,10.11213865,7.74090968,6.339337837,-12.57887068,9.34092881776095,-0.361311267,0.64491164710434,8.7,10,131663.491676726,106302.753268071,3.4,89.7,67.8138524002036,37.5308857881653,16.2176728316079,14.54,65115.8057943835,105.379,282.33,15.4034853675129,1,8.20574350328359,10.9898350490405,0,925,199.72,61.7416666666667,2042.06206015028,3.9
"California","CA","CA-505","Contra Costa County CoC",2023,2024,24.308827276505,0,13,13.9656136286913,1531.54530038358,1,371.837759358597,4.70538677677534,28.6276438760453,1571230.31233395,9.922846232,7.591352026,8.384594051,-9.268270836,9.4272315661649,0.154288664610069,0.674099705241571,8.3,10.1,128910.292675461,107971.879891388,3.9,89.6,68.3895656954753,37.7845479582452,16.1428889383485,-1.65,65420.5531161723,106.044,277.67,16.377947020243,1,7.2206018659963,11.4032151042254,0,1130,219.73,62.15,2066.79124978034,4.4
"California","CA","CA-505","Contra Costa County CoC",2024,2025,18.1014811079679,0,14,13.9721167918779,1541.53765370786,1,371.589881097942,4.95873093304678,41.3457076566125,1481236.17624602,9.632479186,7.151659006,8.076390733,-4.056638532,9.46274328065708,0.652436027963255,0.585338079609676,8.5,9.6,130126.946553962,111110.863944926,4.5,89.6,69.0152660696269,38.7076689856799,16.2570935653195,1.9,65540.6619609127,107.192,282.94,16.4214875725696,1,8.85822900403067,13.4155997174943,0,1171,239.94,62.2333333333333,2089.63429360949,4.8
"California","CA","CA-506","Salinas/Monterey, San Benito Counties CoC",2011,2012,55.527049961881,0,1,13.0740844825145,101.264315773841,2,330.094682778061,1.19541165399191,7.97872340425532,429337.740798224,16.0791366690137,5.472881017033,0.0717571550444428,-1.07778375594766,41.0215077461049,0.962961519508666,0.191344474322763,16.5477882514435,23.6893061563746,77162.5841962413,58573.3353964069,12.911485350511,71.063960934696,51.5588791371939,49.3108093503825,12.7382317349583,-7.55671269622381,47226.0194923118,84.308,95.695,11.4514534873146,0,19.5830263646725,4.95347719406506,1,638,171,63.3916666666667,1796.44676582249,6.1
"California","CA","CA-506","Salinas/Monterey, San Benito Counties CoC",2012,2013,61.0599006924255,0,2,13.084428876725,102.317272685608,2,327.061179466832,1.82288193187376,29.9651567944251,506610.336206637,15.7168003925806,5.54589798603402,0.684831638844406,-0.285867593237104,41.1082974820674,1.03981713434318,0.111389964671253,17.476853342529,26.0418264307096,79333.7440956377,59296.579607278,11.7763622615484,71.0113891733678,50.3790492918222,48.8064928909279,12.3834346943511,-0.12070450593805,48486.3125528353,86.0775,96.095,11.2188649909919,0,19.1529891750297,4.90250048297939,1,638,160.72,63.05,1759.95944546185,5.2
"California","CA","CA-506","Salinas/Monterey, San Benito Counties CoC",2013,2014,60.9089039687436,0,3,13.089741007227,102.862242714225,2,325.884232081347,3.67124885867911,40.7599309153713,1008445.09685208,15.1337584848801,5.77204694397222,0.765989803022296,-4.8338946716545,39.0163466962564,0.53310175722436,0.17086449172141,16.9322830203884,23.714008649636,78441.8278491289,60473.5706645478,10.4946194966019,71.6978187874392,49.4081086332376,48.4013117684408,12.7943245987823,11.4375764901819,50728.4539260454,88.3875,110.68,11.0567758032609,0,18.1216693425574,5.18647549028724,1,638,160.72,62.7083333333333,1734.53170413655,5.1
"California","CA","CA-506","Salinas/Monterey, San Benito Counties CoC",2014,2015,60.5399698834621,0,4,13.0945830527336,103.36151517804,2,325.461649187744,2.94429842296806,26.3948497854077,849205.809741503,14.807754048649,5.53667711356616,1.14962457518754,-5.59318021061413,36.8393995476044,0.48576667351141,0.357332282324513,16.6551665638495,24.5578963602714,79845.8937647177,62106.6961014323,9.22378161628624,71.9966841455891,48.6855001979312,47.6464786800243,12.9168772712616,18.5257896360271,51155.8562905594,88.6045,130.97,12.2411219475664,1,17.9313181163891,5.3670573719926,1,670,160.72,62.3416666666667,1706.95644935509,4.5
"California","CA","CA-506","Salinas/Monterey, San Benito Counties CoC",2015,2016,61.2760504320955,0,5,13.0996452642064,103.886080712606,2,324.718475841299,5.07208024598014,33.5403726708075,1574190.84061247,14.7146087771144,5.7103022029387,1.98734862940788,-5.90257931210891,36.3219359696216,0.507543856414337,0.279411128240764,14.5853541966741,21.3114066387325,84238.1699870485,66669.4785036557,8.04044618305617,71.5694857273799,48.1875228246893,45.91325934896,13.1301225683089,7.39664986251146,55063.7384908434,95.4935,140.535,12.226311332377,1,18.1885884509624,7.69281131334294,1,704,160.72,62.1666666666667,1704.89119134813,4.1
"California","CA","CA-506","Salinas/Monterey, San Benito Counties CoC",2016,2017,68.0010834893208,0,6,13.1086274702904,104.823412158082,2,323.321397142614,6.80442758144931,12.3502304147465,2250581.24651989,14.4071982858244,6.00017562172318,2.01343920192284,-1.39712738668928,37.5138388168166,0.903193784591757,0.472160394776336,12.6117876304296,18.3836195045197,86170.8802080563,67468.8570116078,7.67991151267899,71.7886548061755,48.6544979494334,44.923883111051,12.8592831302399,10.0372937965603,56124.7170547155,97.695,155.17,13.4147767813952,1,16.6876867986812,6.30603960436191,1,704,160.72,62.225,2016.2409502437,3.6
"California","CA","CA-506","Salinas/Monterey, San Benito Counties CoC",2017,2018,66.5903673067335,0,7,13.1117047757866,105.146483313893,2,324.541437402213,8.38990968545624,16.8522642910171,2906487.00155839,13.7924089831126,5.93829092105725,0.511503427319075,-5.28342274454399,37.8453116851089,0.310424849778933,0.698761061318589,11.4743382831546,15.677044176447,93433.0533431713,67605.1608202883,7.12973531326183,72.1607793037368,49.8255198179564,43.7816687772027,12.7591012766253,6.81284266360487,56209.9797593951,100,165.075,13.7915561924704,1,17.8290593452975,5.59937578077938,1,704,160.72,62.275,1974.16275783648,4.3
"California","CA","CA-506","Salinas/Monterey, San Benito Counties CoC",2018,2019,54.4207829427877,0,8,13.1131571296527,105.299304472463,2,326.789351193035,7.93714522196211,10.9727626459144,3165283.31942083,13.4009879742667,6.15966692312571,-0.497205672669212,-5.27796444973168,37.1222626595373,0.150984839230555,0.854941356405485,12.7168651862976,18.2942799702069,90979.2218322291,66778.9717658931,6.33870739195466,72.3670126378384,50.1331651091485,42.9564019013927,12.7488594168917,5.9124071236958,57821.9627567212,102.728,174.89,14.1042933179875,1,19.0950249991421,6.03531974074366,1,714,160.72,62.2833333333333,1927.15935063047,4.4
"California","CA","CA-506","Salinas/Monterey, San Benito Counties CoC",2019,2020,53.1268192420864,0,9,13.116083701447,105.607922444988,2,328.416544401039,7.43963721044246,5.93080724876442,3072969.54713307,13.243114838444,6.17838261751053,-0.258461589116367,-3.85287142383509,36.9594400133637,0.298123737342878,0.806934733740774,12.321903358833,17.8311659612493,97579.1490804793,69884.6953246966,6.23567016658314,72.6376680775013,50.563565146064,42.7907536941841,12.544116670021,4.79806029355826,59612.4790340146,108.0535,182.98,15.1124735714226,1,16.6442261441144,5.45415391179566,0,785,160.72,62.4416666666667,1892.83731482068,4.2
"California","CA","CA-506","Salinas/Monterey, San Benito Counties CoC",2021,2022,47.7402801663363,0,11,13.1338115957647,107.496825972414,2,327.325825101432,8.25747370837285,25.8229700073153,2268186.35847679,12.1064629269445,7.47781129292466,0.469386235503282,-3.68537326771092,38.3010779901771,0.161255519386913,0.816525910742743,11.6780162766235,14.9197723803573,98881.1878175339,76768.5525962506,8.24175610373382,74.3582601096181,51.596228745256,42.1447395808693,12.3777457930271,13.8645105544966,59482.3025291137,107.8145,215.625,15.4461823955615,1,20.2666898662596,9.55005971258868,0,878,160.72,61.075,2017.50905443565,4.3
"California","CA","CA-506","Salinas/Monterey, San Benito Counties CoC",2022,2023,44.0309410916966,0,12,13.1294561640176,107.029648077367,2,331.566572271715,8.62466534501656,27.3611111111111,2119264.7453916,12.9934407108371,6.73188532431164,3.17443592741488,-14.3100087335519,37.9380329574746,-0.429066172974114,0.865782067297598,11.4414808224673,15.3114274820378,102851.996389159,71715.8598936966,6.03872999733894,74.7842341895075,51.8151821322606,40.8507594028714,12.9243581082113,14.3078514093709,60129.4377377802,107.6155,244.035,15.4034853675129,1,21.2289348992569,11.4981789585311,0,925,199.72,61.7416666666667,2042.06206015028,3.9
"California","CA","CA-506","Salinas/Monterey, San Benito Counties CoC",2023,2024,60.8319470202893,0,13,13.1271021317515,106.777992650735,2,334.551549244189,6.00940084488606,22.7722772277228,1910401.10469791,12.5251700409822,6.66835027345266,4.02813107311752,-12.3284813516988,38.5250829063606,-0.233204615495024,0.669367401203644,13.3341448801092,19.095467520214,94354.0635928517,72927.8322278952,6.82334456002898,74.6452991197793,51.9552231452903,41.4148384418521,13.5340957520916,2.4511827841409,62413.5220188183,110.455,244.85,16.377947020243,1,16.1632568564456,12.2219700860315,0,1130,219.73,62.15,2066.79124978034,4.4
"California","CA","CA-506","Salinas/Monterey, San Benito Counties CoC",2024,2025,60.479028842165,0,14,13.1274165884009,106.811575047195,2,336.533792872892,5.66465033497123,16.5970772442589,1607623.14500151,12.1931804001056,6.48367658890528,5.6972897426157,-11.1432128686025,36.218589064975,0.0335908982973173,0.633242311135838,13.0126308374392,16.9277041064052,96610.8816736059,75535.2610126036,7.17627355073906,74.6884857083728,52.1342448185233,41.4409211772449,13.9512396668137,5.08121423113354,63765.0521358897,115.7335,254.635,16.4214875725696,1,17.4118265105506,9.83021976709941,0,1171,239.94,62.2333333333333,2089.63429360949,4.8
"California","CA","CA-507","Marin County CoC",2011,2012,28.3135659081235,0,1,12.4504961637094,485.940975709199,1,436.364419522586,1.62423611547332,45.8563535911602,739132.686790768,9.38459117,7.200755489,2.659951208,4.902809475,36.5539439884719,0.977445987410253,0.145585261738934,9.4,10.8,112324.444393698,127682.274951872,7.3,92,65.2282913281724,46.4112743152044,18.0820710973725,-4.69,72456.8820674726,73.976,127.67,11.4514534873146,0,20.0488691184763,19.1873942735418,1,638,171,63.3916666666667,1796.44676582249,6.1
"California","CA","CA-507","Marin County CoC",2012,2013,26.1600795637923,0,2,12.453174881639,487.244424617322,1,435.849270291063,2.11461954768646,50,821969.023453986,9.09593948,7.340102496,2.440183248,-1.439082429,33.5818418267522,0.268231940354613,0.149860459272944,8.5,10.3,124324.657113924,133194.572247427,6.3,92.1,64.3229370174926,45.747966031237,18.9773037005975,1.91,74467.0266191052,76.369,130.11,11.2188649909919,0,20.7372462030532,18.5893205134714,1,638,160.72,63.05,1759.95944546185,5.2
"California","CA","CA-507","Marin County CoC",2013,2014,26.0793750168037,0,3,12.4623027498322,491.712304962246,1,432.736475896737,4.63232072113966,66.4092664092664,1579937.823717,9.030652905,7.347367193,2.421909927,5.069294614,31.8564755871506,0.91696900347964,0.196229525823455,8.7,10.3,130396.703338782,131933.595175435,5.2,92.4,64.219163578613,44.6948682385576,19.8642356387988,8.05,76355.0576844633,79.155,140.59,11.0567758032609,0,20.5875182365939,18.9621878494944,1,638,160.72,62.7083333333333,1734.53170413655,5.1
"California","CA","CA-507","Marin County CoC",2014,2015,50.5143417804964,0,4,12.4698205676863,495.422852948873,1,431.473465484197,3.47166586551301,50.2564102564103,1361154.01046787,9.372204916,7.232520125,2.270764581,3.253862999,31.9904439639114,0.754617679724778,0.460549260885501,8.8,10.1,128598.426557828,138758.557774309,4.3,92.5,63.6769078295342,44.0533306899286,21.06479794,13.09,78951.9448183298,82.603,158.99,12.2411219475664,1,18.3976739809263,18.858576043079,1,670,160.72,62.3416666666667,1706.95644935509,4.5
"California","CA","CA-507","Marin County CoC",2015,2016,48.2802557548683,0,5,12.4719576280668,496.482737681464,1,431.935948734459,3.46054534645383,46.9230769230769,1387563.02935154,8.832190303,7.516186274,2.831518872,-1.90686298,31.9834736083644,0.213935373849194,0.32135163524365,7.5,8.8,135668.584460203,148427.419575057,3.6,92.9,63.5036787908322,42.1290360756622,21.311262055377,6.62,81394.3684976203,85.486,169.52,12.226311332377,1,15.7905226203069,18.3200723604532,1,704,160.72,62.1666666666667,1704.89119134813,4.1
"California","CA","CA-507","Marin County CoC",2016,2017,43.0030529472683,0,6,12.4705999535467,495.809130508507,1,433.785433025537,0.990904908518243,13.3928571428571,901572.766682214,8.725200296,7.298486226,2.535102152,-5.300319477,30.522486011007,-0.13567585,0.291928056149571,7.8,8.5,138826.841955303,151866.004986819,3.5,93.1,64.1859375496331,40.9325158173693,21.5160151198647,9.01,87435.3153289936,91.895,184.79,13.4147767813952,1,14.9292682739617,19.3428051672922,1,704,160.72,62.225,2016.2409502437,3.6
"California","CA","CA-507","Marin County CoC",2017,2018,42.1702058830326,0,7,12.4674749089615,494.262117424851,1,435.524294607486,0.830924536140798,0,887522.823061305,8.640985872,7.530111799,2.3024691,-6.519177953,30.9953070079192,-0.312017869,0.087588916,7.9,8.2,148075.341653158,156355.529294808,3.1,93.2,64.6802916595936,40.3725679322675,21.4708786253382,2.47,95259.0966957381,100,189.35,13.7915561924704,1,13.4360478769889,14.283019376398,1,704,160.72,62.275,1974.16275783648,4.3
"California","CA","CA-507","Marin County CoC",2018,2019,39.949618662731,0,8,12.4671399154176,494.096569899294,1,435.893584737081,1.44895525025401,29.2682926829268,1128647.65647313,8.444180042,7.647123376,1.644170031,-2.730015344,31.6526869545794,-0.033493873,0.051269812,6.6,6.4,157625.735496378,164207.311641944,2.6,93.2,64.8756340959632,39.8925662459493,20.8476310688365,5.5,106246.380329013,111.768,199.77,14.1042933179875,1,15.4816646255517,21.1428703468355,1,714,160.72,62.2833333333333,1927.15935063047,4.4
"California","CA","CA-507","Marin County CoC",2019,2020,39.489241860127,0,9,12.4639151638333,492.505791377848,1,437.915819894446,2.11744776962168,20.4166666666667,1272522.93450554,8.289487896,7.707025042,1.666383793,-5.462035766,32.0949209121186,-0.321957006,0.140477978530718,6.9,7.2,141136.650056313,172020.249172313,2.5,93.3,64.5930683816192,39.9197154076436,21.0759565217391,0.18,112661.75146031,118.262,200.12,15.1124735714226,1,15.5703059198071,16.8452937494688,0,785,160.72,62.4416666666667,1892.83731482068,4.2
"California","CA","CA-507","Marin County CoC",2021,2022,43.6122285420833,0,11,12.4659337797795,493.500979376312,1,431.098635429479,2.37019811278565,36.2264150943396,1177723.42344794,8.358204369,8.481119139,1.490341588,-9.049599951,23.4433138357966,-0.760703613,0.173817992850167,7.8,7.9,140764.624674382,196831.890434517,4.9,93.4,65.4854139208179,38.88450304,20.36031272,6.76,115933.891087505,119.904,209.13,15.4461823955615,1,11.2975180162638,18.160856606349,0,878,160.72,61.075,2017.50905443565,4.3
"California","CA","CA-507","Marin County CoC",2022,2023,43.7671026412938,0,12,12.4569831033371,489.103504300879,1,435.97055688264,2.69496078028931,2.98013245033113,1190431.56864772,9.148177627,8.17216545,5.708896622,-16.15842382,27.3461511527478,-0.891077274,0.228970081838908,7.7,8.1,149589.847897647,185400.750879204,2.9,93.4,66.2142719177569,39.542693466344,21.2517123901739,12.52,113846.645640752,116.787,235.32,15.4034853675129,1,12.1771878088065,22.6036617153884,0,925,199.72,61.7416666666667,2042.06206015028,3.9
"California","CA","CA-507","Marin County CoC",2023,2024,42.6274129462191,0,13,12.4507584865207,486.06846633233,1,439.90635875714,2.70532432745103,37.8289473684211,1161443.81766171,8.495924727,8.66763841,6.731956892,-12.95267532,29.5095187576093,-0.620530816,0.276635046983342,8.7,8.1,147081.360733984,190893.953975749,3.5,92.7,65.3669251875466,40.603760873442,22.2188692705547,3.06,114897.378239071,117.206,242.51,16.377947020243,1,11.7443030343364,25.7591713219779,0,1130,219.73,62.15,2066.79124978034,4.4
"California","CA","CA-507","Marin County CoC",2024,2025,42.6103888937066,0,14,12.4517797152531,486.565108909001,1,440.841754528674,1.4016411621202,0,705292.602773826,8.533748609,8.416365547,7.442086132,-6.569538704,27.8564277445797,0.102175436398722,0.315027898657116,9.9,9.6,149225.13660086,195919.636513462,3.9,92.8,65.9560081142357,40.4098515131377,22.5400118968473,2.18,116594.777691108,119.26,247.8,16.4214875725696,1,12.2016081093765,29.3698964427619,0,1171,239.94,62.2333333333333,2089.63429360949,4.8
"California","CA","CA-508","Watsonville/Santa Cruz City & County CoC",2011,2012,102.68829315912,0,1,12.4869528878943,592.969965037615,1,394.936154467677,1.98848970382975,40.8653846153846,480279.733592255,12.28397458,6.439332961,0.348481549,0.306815276,46.0812963927841,0.650206918566432,0.103355216567458,14.9,18.5,87643.6992651627,70565.2878205188,13.1,84,59.3148349959482,50.2010797106201,15.6991537376587,-6.16,48528.9168541362,92.219,120.33,11.4514534873146,0,22.6158922894532,6.15424114053568,1,638,171,63.3916666666667,1796.44676582249,6.1
"California","CA","CA-508","Watsonville/Santa Cruz City & County CoC",2012,2013,131.539789298256,0,2,12.4925327216485,596.287899508863,1,393.365622888038,2.26211952008705,24.4725738396624,627209.861029131,11.90516531,6.295204425,0.131777605,0.048945967,47.127731471052,0.559545114740723,0.159652779105568,13.9,17.9,92273.7621927842,72553.8022548682,11.9,84.9,57.8534352716662,49.3242723989153,15.9420957868203,1.04,47477.82478294,90.722,121.59,11.2188649909919,0,22.7904182623714,8.93594653450477,1,638,160.72,63.05,1759.95944546185,5.2
"California","CA","CA-508","Watsonville/Santa Cruz City & County CoC",2013,2014,130.288229017836,0,3,12.5017861296789,601.831223227358,1,390.508749479198,2.80066682543463,35.3741496598639,730404.000249941,11.15188842,6.457930024,0.915620866,3.662483463,47.9696149038748,0.929638807539246,0.196623046893651,14.9,18.9,90226.0547485594,72242.2089045556,10.4,84.9,57.7264486,49.0837954540473,16.2082779009608,8.54,48610.5872769675,93.741,131.98,11.0567758032609,0,22.3573001607047,11.2344503303375,1,638,160.72,62.7083333333333,1734.53170413655,5.1
"California","CA","CA-508","Watsonville/Santa Cruz City & County CoC",2014,2015,71.8090843610491,0,4,12.5093647450705,606.409614586131,1,388.564614322475,2.76492441589784,35.7388316151203,680425.006206667,10.71752178,6.418654121,1.148835322,2.242081838,47.6295959920402,0.76074340813046,0.25910931174089,16.1,19.1,87397.5303316416,73578.6637775,8.9,85.5,56.4604064799338,48.7229990750313,16.440631335071,12.33,49496.4043384204,96.17,148.24,12.2411219475664,1,23.7021941143243,12.5894831666427,1,670,160.72,62.3416666666667,1706.95644935509,4.5
"California","CA","CA-508","Watsonville/Santa Cruz City & County CoC",2015,2016,71.3931689966326,0,5,12.5190715259657,612.32458278656,1,385.838546560732,3.17451292547949,35.8208955223881,779065.830431281,10.95223049,6.322975068,1.418168725,3.674012242,49.063447201676,0.97540805062375,0.266990983115911,15.4,17.6,88085.1392336286,77345.0039676539,7.5,85.6,56.0130036082294,47.3646677471637,16.455424427698,8.05,49499.2139457001,97.112,160.17,12.226311332377,1,21.93760214696,14.9541321301777,1,704,160.72,62.1666666666667,1704.89119134813,4.1
"California","CA","CA-508","Watsonville/Santa Cruz City & County CoC",2016,2017,81.8246645516198,0,6,12.5223312418295,614.323850993594,1,385.687109141533,4.62057431187459,51.1247443762781,1060985.99092037,10.31211957,6.304081592,1.361564814,-2.062423914,49.7346900100585,0.326504645287251,0.28712758699112,13.4,15.2,101857.058623456,78536.8106666785,6.9,86.3,56.1258284543891,45.6992961699555,16.9286506725836,9.04,50412.9193017224,99.261,174.65,13.4147767813952,1,20.9551159637896,16.6547617312206,1,704,160.72,62.225,2016.2409502437,3.6
"California","CA","CA-508","Watsonville/Santa Cruz City & County CoC",2017,2018,84.7206955861248,0,7,12.5240062414018,615.353709196546,1,386.787990802457,3.82839028886945,40.04914004914,805186.918689988,9.969922731,6.492466118,0.779241587,-2.537997131,50.6701691067323,0.167640927710311,0.453553306687082,12.6,13.7,100656.031018818,81588.2194715708,5.7,86.4,58.6509375730832,45.1061542596076,17.6835157318741,6.27,50715.7589933684,100,185.61,13.7915561924704,1,17.5364554530372,23.2121547282941,1,704,160.72,62.275,1974.16275783648,4.3
"California","CA","CA-508","Watsonville/Santa Cruz City & County CoC",2018,2019,79.3154059287076,0,8,12.5203065767123,613.081304683512,1,389.733458466774,3.99156711173577,36.150234741784,719335.887132594,9.371292353,6.473518171,0.174959951,-6.772408087,51.2815831084461,-0.36928428,0.38942348392923,12.2,14.5,107978.623017062,83221.7416185435,4.9,86.4,58.0463534305445,44.0453605153435,18.0127094165222,5.37,52471.2820868752,103.029,195.58,14.1042933179875,1,18.6239460124671,20.4498230725129,1,714,160.72,62.2833333333333,1927.15935063047,4.4
"California","CA","CA-508","Watsonville/Santa Cruz City & County CoC",2019,2020,83.0150354359393,0,9,12.5180106498753,611.675324354265,1,392.181191963779,4.00377045049417,38.4615384615385,806419.517577394,9.286103383,6.891458613,0.215700827,-4.89531198,52.6548883105855,-0.229330159,0.397282736003746,10.6,10.4,108016.404851743,87494.9251145487,4.9,86.3,59.0415137140098,42.5591128522955,18.00992571,1.6,56358.5504378733,110.323,198.71,15.1124735714226,1,16.8732820180592,20.899444755557,0,785,160.72,62.4416666666667,1892.83731482068,4.2
"California","CA","CA-508","Watsonville/Santa Cruz City & County CoC",2021,2022,86.4981601739746,0,11,12.4726970534559,584.576620683561,1,408.243300690516,5.6099666028744,47.3244147157191,1228582.53814861,8.219687089,7.776799839,0.352808487,-37.48777838,27.8274590305198,-3.918559895,0.136212905468236,10.6,12.3,107374.731006684,105233.652493084,6.7,88.3,60.0968775329036,40.2307053234774,16.9717654202297,10.6,63077.227639285,118.043,218.76,15.4461823955615,1,20.9491055459597,20.8342110000038,0,878,160.72,61.075,2017.50905443565,4.3
"California","CA","CA-508","Watsonville/Santa Cruz City & County CoC",2022,2023,68.5092776144796,0,12,12.4904505151111,595.04759202096,1,401.966243519222,5.690912324382,32.8947368421053,1053576.76016352,8.643088281,7.348712742,1.87134059,13.07281337,57.4183741807319,1.79120597145253,0.226087282824872,12.5,12,109206.310259847,91142.4229195737,4.8,88.7,59.37233813,39.4876438005965,18.0544982698962,14.88,61450.1882633505,117.179,251.31,15.4034853675129,1,22.0478129021092,23.5904073201749,0,925,199.72,61.7416666666667,2042.06206015028,3.9
"California","CA","CA-508","Watsonville/Santa Cruz City & County CoC",2023,2024,70.7681596835707,0,13,12.4811366944988,589.531134168629,1,407.144104936162,5.03684357802444,51.4814814814815,840616.46878658,8.368801833,7.438934962,2.623282959,-12.99167656,59.1291270763552,-0.927061621,0.349129983058294,12.6,14,108541.409790995,92570.2698418997,5.5,88.5,59.8350036957265,38.8289643772913,17.8091965456436,-0.42,61289.9062946769,115.927,250.25,16.377947020243,1,17.2412483575242,28.3303332042139,0,1130,219.73,62.15,2066.79124978034,4.4
"California","CA","CA-508","Watsonville/Santa Cruz City & County CoC",2024,2025,56.9051040749154,0,14,12.4738759377862,585.266177915102,1,412.455961165494,2.4020848983983,23.5521235521236,523784.674277129,8.026847633,7.356037954,2.526970551,-10.46996697,60.1491104251063,-0.723448857,0.571775020986842,11.9,13,108214.524074314,96045.1754400667,5.9,88.6,59.8658394633579,38.9550987487928,18.5149717124327,2.56,63689.5345380822,119.875,256.65,16.4214875725696,1,16.4488154940191,24.8644885374708,0,1171,239.94,62.2333333333333,2089.63429360949,4.8
"California","CA","CA-509","Mendocino County CoC",2011,2012,165.085693336999,0,1,11.3775065778625,24.8670192289405,1,463.54226303616,2.61838302497345,0,461574.045173709,11.5797708,9.569869756,0.114198923,-7.445769786,22.3738750085877,-0.529618788,0.337075867,20.2,31.4,59026.5170003634,53893.4029746746,11.4,83.6,61.3145958110151,46.5235764448363,12.759127418766,-10.8,38074.9070906591,95.595,133.1,11.4514534873146,0,20.2670208624362,40.3050358394211,1,638,171,63.3916666666667,1796.44676582249,6.1
"California","CA","CA-509","Mendocino County CoC",2012,2013,159.90075125784,0,2,11.3769797315978,24.8539214332993,1,464.680139308954,1.77510416409852,0,374328.005935474,12.85061447,9.28863488,-0.40086587,-3.539072969,22.7980936669416,-0.052671354,0.192673467875415,21.3,31.4,57620.0905937342,52235.0353980581,10.1,85,58.3305990437799,47.3193898986209,12.9865695639837,-2.25,35961.4789026913,90.783,130.1,11.2188649909919,0,17.4136192832921,45.9398771881587,1,638,160.72,63.05,1759.95944546185,5.2
"California","CA","CA-509","Mendocino County CoC",2013,2014,160.963026655202,0,3,11.3742953818007,24.7872935163417,1,466.538010889793,2.73304771753582,0,440245.698905725,12.17147905,9.750949284,0.057358525,-5.081965333,22.3194798630735,-0.268078086,0.13066739,20.9,28.9,58049.4550640949,52327.5735859074,8.4,85.2,57.0619215746074,46.3062840940611,13.8728189220628,4.83,36178.2994637949,91.642,136.39,11.0567758032609,0,22.170147264916,46.0633629701105,1,638,160.72,62.7083333333333,1734.53170413655,5.1
"California","CA","CA-509","Mendocino County CoC",2014,2015,108.716865464314,0,4,11.3762577305923,24.8359831479645,1,466.781312697048,2.67714601498219,0,474005.3651471,12.1299755,9.720046592,0,-0.218041187,22.7343078245916,0.196429802191744,0.248682720244253,18.8,26.2,58267.7404704161,54474.3527913313,7.1,85.9,55.1388400702988,46.5443101084382,14.6208958149564,9.97,36842.0417332603,94.06,149.98,12.2411219475664,1,21.7827457724276,50.5588993981083,1,670,160.72,62.3416666666667,1706.95644935509,4.5
"California","CA","CA-509","Mendocino County CoC",2015,2016,142.292490118577,0,5,11.3749040070728,24.8023844547979,1,468.584614324911,2.62145674596369,0,551629.521913551,11.72475507,9.808870431,-0.022944726,-3.120482757,22.6962241840495,-0.135282316,0.250521920668056,20.3,27.3,58736.5581197761,56613.2553850533,5.8,86.8,56.4544515886798,44.7888978178896,15.4764531617121,7.04,37626.3684913218,96.499,160.53,12.226311332377,1,14.0057630270816,42.7060970989702,1,704,160.72,62.1666666666667,1704.89119134813,4.1
"California","CA","CA-509","Mendocino County CoC",2016,2017,141.362930483237,0,6,11.3769453624155,24.8530672292357,1,468.797617001776,3.98347955717393,25.7668711656442,718628.303778533,11.92715262,10.34451122,0.068810496,0.447268223,22.8103339634531,0.204346378591858,0.249895876718043,19,26.8,60697.8405027791,56976.58142362,5.6,86.5,55.8925324103948,44.1961307538359,16.1978669375317,8.71,37220.7369304133,96.215,174.52,13.4147767813952,1,15.6957094575242,42.3898722575471,1,704,160.72,62.225,2016.2409502437,3.6
"California","CA","CA-509","Mendocino County CoC",2017,2018,100.685346849578,0,7,11.3802736853727,24.9359250234009,1,469.192472823605,4.67266974933074,27.0833333333333,878053.236688381,11.50628213,9.573318236,-0.33169203,1.795712023,22.5175847264091,0.333390616944484,0.417898775629899,16.3,22.8,66269.0842455915,57434.6073931576,4.8,86.9,57.739099859353,42.8158445073195,16.8975047984645,6.92,38306.5025632057,100,186.6,13.7915561924704,1,15.7577418470814,41.5638987850553,1,704,160.72,62.275,1974.16275783648,4.3
"California","CA","CA-509","Mendocino County CoC",2018,2019,90.4909566680884,0,8,11.378273444677,24.8860964530266,1,468.038123133603,3.42239714474295,0,529627.016964115,10.98430079,9.807003206,-0.68580442,-2.434605691,22.6313200077802,-0.199826436,-0.445363835,17.5,25.5,65887.5651307368,57999.4185405315,4.2,86.9,57.1286036247535,43.2392365186238,15.3497164461248,5.77,38720.0283008599,101.503,197.36,14.1042933179875,1,21.0523907049118,29.0614523861283,1,714,160.72,62.2833333333333,1927.15935063047,4.4
"California","CA","CA-509","Mendocino County CoC",2019,2020,82.213075272584,0,9,11.3707856978091,24.7004494365466,1,472.9391693276,3.21739342384283,0,471281.753457902,10.71490095,9.87654321,-0.689061154,-7.579672696,22.8359981094883,-0.745986888,0.293348326692255,14,20.4,65876.5316706287,59203.115216048,4.3,86.5,57.81198512,41.428702880103,14.7060961506691,1.76,38319.3135385454,100.348,200.84,15.1124735714226,1,38.0407843318079,28.1271253847307,0,785,160.72,62.4416666666667,1892.83731482068,4.2
"California","CA","CA-509","Mendocino County CoC",2021,2022,92.1884198016283,0,11,11.4215445554627,25.9865960215779,1,454.276510420091,4.51037144235408,0,623932.056553082,9.659719408,11.75156341,0.514746953,0.065712377,15.4712598338921,-0.089766607,0.188487748296362,16.1,22.3,68338.6635894704,67135.0495304932,6.7,86.6,61.0625811942839,39.4349762014433,14.9417210502352,11.99,39351.8066219073,102.522,232.66,15.4461823955615,1,32.4326693401705,38.8972892424342,0,878,160.72,61.075,2017.50905443565,4.3
"California","CA","CA-509","Mendocino County CoC",2023,2024,87.0259391268173,0,13,11.4002269810446,25.4384817474611,1,468.250859068065,0.406368026007554,0,104263.013926754,9.142908114,10.97148974,3.757512237,-9.666952847,15.9165444756607,-0.768607066,0.485203689469649,13.9,18.8,69623.1811039244,61167.9338745061,4.9,86.2,61.1437298489734,40.0333889816361,16.762156372724,-3.32,38974.4835150077,99.372,243.16,16.377947020243,1,31.4525245967697,59.2113363405379,0,1130,219.73,62.15,2066.79124978034,4.4
"California","CA","CA-509","Mendocino County CoC",2024,2025,72.172669707905,0,14,11.3957172640647,25.3240184029443,1,472.289996514465,0.2142602071182,0,77600.2760910554,8.391294593,10.33206193,3.399147409,-5.912048463,15.6062020036205,-0.449961384,0.408758426160549,13.4,16.9,69075.9611310409,64082.8025660064,5.6,87.3,63.1819885724671,40.8278145695364,17.6137270550678,4.15,40257.0451359686,102.436,253.26,16.4214875725696,1,28.8962097617468,66.7873486322086,0,1171,239.94,62.2333333333333,2089.63429360949,4.8
"California","CA","CA-510","Turlock, Modesto/Stanislaus County CoC",2011,2012,28.2461992529169,0,1,13.1568826715712,341.836454611546,1,347.38581034083,0.912160095220615,31.0975609756098,225232.86543254,15.07690967,7.109484316,1.125200323,-4.415588188,12.2594481799212,0.468800046588824,0.11972513336822,23.3,31.6,63393.815074088,47033.9823357731,16.5,75.6,60.675215145959,48.7195152361478,12.6031592520954,-8.28,36620.516583788,85.45,99.17,11.4514534873146,0,14.3171806167401,6.02828657546951,1,638,171,63.3916666666667,1796.44676582249,6.1
"California","CA","CA-510","Turlock, Modesto/Stanislaus County CoC",2012,2013,22.9438858651526,0,2,13.1624010644359,343.728060620525,1,345.604737675434,1.58455696343287,35.0877192982456,346727.983990903,14.82874495,7.345007245,0.570336344,-2.474026575,12.3764468971454,0.553365793337979,0.037821272,20.1,27.3,64962.8377303384,47387.0833638257,14.9,76,58.6563083882388,48.0593734867955,12.984061781137,1.45,35885.2225496501,84.231,100.61,11.2188649909919,0,13.2199898544264,6.64842513027839,1,638,160.72,63.05,1759.95944546185,5.2
"California","CA","CA-510","Turlock, Modesto/Stanislaus County CoC",2013,2014,21.8933174246944,0,3,13.1682006145445,345.727324373731,1,343.974889722247,1.77169071500772,12.2257053291536,486409.216400477,14.38486409,7.380193989,1.130403545,-2.289546162,12.2189087421745,0.581641123391696,0.107305085593867,21.8,30.5,66075.2922002869,47512.3477235873,13.1,76.4,57.2792474647249,46.5651877977848,13.4011241696474,18.32,36110.9915458453,85.286,119.05,11.0567758032609,0,10.2015279367123,7.25951426207993,1,638,160.72,62.7083333333333,1734.53170413655,5.1
"California","CA","CA-510","Turlock, Modesto/Stanislaus County CoC",2014,2015,26.406056889299,0,4,13.1768818652596,348.741741212063,1,341.499767999015,2.51778811759291,11.0132158590308,731940.416331536,14.25818809,7.473375268,1.110830022,0.960563632,11.9542058464248,0.871905870845602,0.146067290923835,18.1,23.8,69253.4673560265,49981.8610365745,11.3,77.2,56.4558661638978,45.1284006493826,13.6695501730104,23.24,38128.1373494432,90.866,146.72,12.2411219475664,1,11.5337632453623,7.40509265835251,1,670,160.72,62.3416666666667,1706.95644935509,4.5
"California","CA","CA-510","Turlock, Modesto/Stanislaus County CoC",2015,2016,26.5922430019193,0,5,13.1866743726598,352.173579488131,1,338.886482086829,2.28558146742078,0,702375.296515876,14.45874866,7.758950497,1.545382416,1.660343791,12.1490366852897,0.984062952757014,0.211294553480812,19.5,26.6,70571.627489517,52982.0409193373,9.5,77.2,56.15130469,43.54266524,13.3877328410807,7.45,39245.9429713734,94.482,157.64,12.226311332377,1,10.6711977059738,7.91431534608251,1,704,160.72,62.1666666666667,1704.89119134813,4.1
"California","CA","CA-510","Turlock, Modesto/Stanislaus County CoC",2016,2017,30.4928981471113,0,6,13.1979456907542,356.165502224958,1,335.750248027371,3.16478418160228,0,860624.106041582,14.51234818,7.976010428,1.594456141,3.201966309,11.8960417613189,1.133509998856,0.19756721159061,14.5,19.1,72520.2832802227,53355.9331703215,8.6,77.6,56.1847894406034,41.895744371118,13.4015836199312,9.31,39407.0788601747,95.986,172.31,13.4147767813952,1,12.0351225301573,8.34484613030941,1,704,160.72,62.225,2016.2409502437,3.6
"California","CA","CA-510","Turlock, Modesto/Stanislaus County CoC",2017,2018,24.7388374205931,0,7,13.208023508539,359.773027371971,1,333.358422814048,3.95955635346337,9.31849791376912,1230869.69717709,14.30848767,8.096150085,0.8819416,3.046204146,12.0759954251474,1.01287887919443,0.293281047195593,14,18.6,77396.8998706019,53310.2753508379,7.5,77.8,56.5613880261811,40.2993431549035,13.3109511178477,8.15,40622.6086638172,100,186.36,13.7915561924704,1,15.4759260313153,9.95012088846135,1,704,160.72,62.275,1974.16275783648,4.3
"California","CA","CA-510","Turlock, Modesto/Stanislaus County CoC",2018,2019,34.9217302872916,0,8,13.2142622909047,362.024593323302,1,332.543977114751,4.16401501020431,8.56389986824769,1095742.85961932,13.56645008,8.233570604,0.256212466,0.680793124,11.7801381434196,0.625829559202296,0.379985241152947,15.6,21.4,76440.1409495584,53144.9772221769,6.4,78.3,56.9885325223957,39.3521256324331,13.0474181089973,8.37,41480.0356425201,102.785,201.95,14.1042933179875,1,13.3545936518246,10.2896049448484,1,714,160.72,62.2833333333333,1927.15935063047,4.4
"California","CA","CA-510","Turlock, Modesto/Stanislaus County CoC",2019,2020,38.052959895395,0,9,13.2188746537851,363.698241935995,1,332.288526495478,3.82013138191477,11.587982832618,1105058.49233521,13.45666945,7.857763022,0.262107453,-1.235909449,11.82399302655,0.462302463302233,0.385130242050513,13,17.1,79039.4961513377,54694.5606005736,6.1,78.9,57.4118167505887,38.7794620794526,12.5549205927304,4.64,42259.3961877263,105.127,211.32,15.1124735714226,1,14.7822612864563,11.077615951767,0,785,160.72,62.4416666666667,1892.83731482068,4.2
"California","CA","CA-510","Turlock, Modesto/Stanislaus County CoC",2021,2022,33.6137191761109,0,11,13.2232000760143,365.274800435798,1,332.948194276436,4.40435330407959,17.2626387176326,1059891.14686002,12.63701164,10.47030537,0.580077326,-4.459909157,11.0352284706363,-0.118294678,0.449506851706372,14.1,19.4,86915.6683398246,62280.1955867806,8.2,80,59.5217064633766,37.660380912023,12.7437619961612,16.17,42859.9321082434,106.791,257.28,15.4461823955615,1,11.0659672686047,11.3733552482881,0,878,160.72,61.075,2017.50905443565,4.3
"California","CA","CA-510","Turlock, Modesto/Stanislaus County CoC",2022,2023,37.7124368077712,0,12,13.2221254509894,364.882477122483,1,335.154302718964,3.64015403144359,4.3026706231454,819666.111496169,13.38037087,9.753052917,3.439167797,-8.021709634,11.7349349175405,-0.107404976,0.55448147021766,15,18.5,82792.6336014269,56742.0390980982,5.4,80.3,60.7511614955079,37.6565988952873,13.2132419574082,13.89,42763.2193479481,106.448,293.02,15.4034853675129,1,20.5990373841757,11.5846958926823,0,925,199.72,61.7416666666667,2042.06206015028,3.9
"California","CA","CA-510","Turlock, Modesto/Stanislaus County CoC",2023,2024,36.8156276239208,0,13,13.2257499461101,366.207393901119,1,335.754311860751,4.35104908627969,10.3703703703704,937417.753230928,12.58455957,8.766731231,5.339177821,-5.528894799,12.3994740819429,0.363107811886265,0.542782611513482,12.6,15.9,86202.9466971265,55846.686055542,6.3,80.1,61.3505447221459,38.0010973360416,13.1395661768664,0.53,42528.5284363655,106.153,294.57,16.377947020243,1,20.9934368456459,12.7150970585742,0,1130,219.73,62.15,2066.79124978034,4.4
"California","CA","CA-510","Turlock, Modesto/Stanislaus County CoC",2024,2025,37.4023477772857,0,14,13.2309899536749,368.131363281062,1,335.716541196903,4.82046184513598,6.98447893569845,968533.46854607,12.14752962,8.43653397,5.671725289,-4.108538078,12.6504381274983,0.52537698910109,0.514068392045641,14.2,18,79861.7994372993,58235.7266471984,6.9,79.9,61.9290905971299,38.9911883006673,13.62241777,4.31,44551.1821061023,111.814,307.27,16.4214875725696,1,23.4852127483978,13.0971774685488,0,1171,239.94,62.2333333333333,2089.63429360949,4.8
"California","CA","CA-511","Stockton/San Joaquin County CoC",2011,2012,22.4273256021715,0,1,13.4507386360809,486.718974190363,1,337.934252557053,3.97620244964755,16.2915326902465,1110599.58248985,15.27346377,6.886812052,1.130670635,0.98010758,20.3916158040423,1.05177063337636,0.307360843,18.2,25,72109.8026096203,47149.9283023321,16.2,76.6,60.0373788355542,48.8498120418671,12.5032843752306,-6.83,34597.3566623119,82.605,94.85,11.4514534873146,0,35.1261748330103,6.81208720623774,1,638,171,63.3916666666667,1796.44676582249,6.1
"California","CA","CA-511","Stockton/San Joaquin County CoC",2012,2013,21.9501286240503,0,2,13.4582554457605,490.391338295392,1,336.64573544904,4.27149013863236,0,1432757.57292395,14.46539933,7.146613178,0.895299463,-0.562431714,19.5199208682763,0.754514267938266,0.370345115620974,18.5,24.5,70722.3225450888,47143.0730502717,14.4,76.8,57.9996599126512,47.6674355998401,12.8316470140738,0.82,34668.3390606776,83.536,95.63,11.2188649909919,0,20.4976321947189,7.37571702404112,1,638,160.72,63.05,1759.95944546185,5.2
"California","CA","CA-511","Stockton/San Joaquin County CoC",2013,2014,22.3165663967037,0,3,13.4617556323337,492.110809406222,1,336.798443406842,4.79598051157125,6.17283950617284,1603778.25049976,14.3403544,7.113101162,1.513941892,-5.286667965,18.1013779723836,0.35063243914677,0.396153111266795,19.8,26.4,70789.6249834022,48056.8939318979,12.4,77.3,57.0438853718878,46.2096843471704,12.9506439423151,19.71,35814.2812411004,86.74,114.48,11.0567758032609,0,20.0699099489207,7.90546488406743,1,638,160.72,62.7083333333333,1734.53170413655,5.1
"California","CA","CA-511","Stockton/San Joaquin County CoC",2014,2015,23.6476336444354,0,4,13.4752431287015,498.793124163474,1,333.655152836157,5.32806563839914,1.58102766798419,1887299.96695695,14.03766911,7.238128924,1.670881599,5.115925369,19.9275133189709,1.35788822954621,0.411929895791041,20.7,27.5,70083.1433991394,49326.2809500493,10.7,77.6,55.46591621,44.8351460622971,13.4873116574148,20.84,36540.1967407143,89.838,138.34,12.2411219475664,1,21.6841699937744,7.88387515651811,1,670,160.72,62.3416666666667,1706.95644935509,4.5
"California","CA","CA-511","Stockton/San Joaquin County CoC",2015,2016,24.2900946904309,0,5,13.4901570782315,506.287859229511,1,330.250003115174,10.1915901563745,28.7535993418346,3133974.93942867,13.91916867,7.50287687,2.577675489,5.978310144,20.5878402981706,1.50257385335992,0.466679583189422,17.5,23.7,72462.6303089247,52215.8587425083,8.9,78,55.7169470173925,43.3358609288678,13.7411327462228,6.93,37719.3433628489,94.269,147.92,12.226311332377,1,20.3663167979886,8.79171391347569,1,704,160.72,62.1666666666667,1704.89119134813,4.1
"California","CA","CA-511","Stockton/San Joaquin County CoC",2016,2017,20.7454365421044,0,6,13.5046417385372,513.674645436573,1,328.63406426504,8.29644639698371,6.60660660660661,3052789.26502998,13.90988812,7.386535448,2.535943041,5.462242626,20.6233820818249,1.45900915307413,0.962562361128572,14.6,19.1,79198.1591620012,53326.4206614024,7.9,78,54.73254852,41.8104170935713,14.0729984924224,9.51,38015.8115634469,96.571,162,13.4147767813952,1,20.3327197127765,10.2482365800638,1,704,160.72,62.225,2016.2409502437,3.6
"California","CA","CA-511","Stockton/San Joaquin County CoC",2017,2018,22.3922943928897,0,7,13.5188509746498,521.025682346181,1,326.580527811262,11.4481804025607,23.4616768621806,3843716.09826346,13.780862473,7.569922194,1.745133307,6.290880391,20.3028134148442,1.43106866864353,0.797256110220657,15.5,21.6,80056.6999934355,53675.4232195528,6.8,78.4,55.1243949592876,40.9593330228397,14.3975875845114,8.93,38745.8131903782,100,176.47,13.7915561924704,1,15.1083821250215,10.1036464611676,1,704,160.72,62.275,1974.16275783648,4.3
"California","CA","CA-511","Stockton/San Joaquin County CoC",2018,2019,34.5208542172911,0,8,13.5311456443194,527.47107038698,1,326.225828614562,13.3614684579725,8.10975609756098,5243096.15422658,13.36152808,7.875452855,0.882478588,5.944696671,19.9656872972567,1.23705764594455,1.12710405114811,14.3,20.5,81506.1466676828,54239.9832670461,5.9,78.9,54.90493118,40.2614997135869,14.2165029751237,8.2,39729.5534232134,103.973,190.94,14.1042933179875,1,16.1729509057251,9.54164235851326,1,714,160.72,62.2833333333333,1927.15935063047,4.4
"California","CA","CA-511","Stockton/San Joaquin County CoC",2019,2020,34.2933419418973,0,9,13.5438973536115,534.240305004705,1,326.230600880669,14.0727810936469,23.6067447842241,4573316.32027394,13.17145538,7.708767568,0.907146852,6.3936027,20.6757742590678,1.28333760802455,1.28481925355015,13.6,18.2,86214.1429793706,57029.4377673584,5.7,79.3,56.1072243398424,39.4974684568828,13.9936582109479,4.33,40466.7624167847,107.319,199.21,15.1124735714226,1,16.1254769414864,10.0899037982124,0,785,160.72,62.4416666666667,1892.83731482068,4.2
"California","CA","CA-511","Stockton/San Joaquin County CoC",2021,2022,29.1535660003294,0,11,13.5773053979433,552.389732644982,1,325.571037003198,17.106909414062,15.1970836181362,5916257.71998008,12.27673591,9.506214867,0.864433165,5.284772079,19.663976447896,0.950785147,1.65339355758944,12.3,15.7,94575.7866401465,66618.1965041802,8.3,80.3,59.2400436399545,38.4179899744102,14.0271049942905,17.99,42674.7490153484,115.408,242.99,15.4461823955615,1,19.3137404192681,9.288868585351,0,878,160.72,61.075,2017.50905443565,4.3
"California","CA","CA-511","Stockton/San Joaquin County CoC",2022,2023,30.4445726408248,0,12,13.5866557283047,557.578988508607,1,328.168077410952,13.3504955198265,7.34576757532281,5003325.65315392,12.68343266,8.632868177,5.192351291,0.833605413,18.8486164313471,0.939419318816315,1.74460074133838,12.3,16,93232.8959337362,62116.7552424053,5.2,80.2,60.2563479799763,38.1565387579781,13.6971547982639,15.41,41737.7958988792,113.989,280.42,15.4034853675129,1,18.5808411162082,9.07670317043459,0,925,199.72,61.7416666666667,2042.06206015028,3.9
"California","CA","CA-511","Stockton/San Joaquin County CoC",2023,2024,57.908655581785,0,13,13.5999084979834,565.017646245306,1,328.223260199366,8.20211213837001,0,3347986.86059737,12.23479517,7.696544111,8.029981929,0.904153486,18.6426484545099,1.33409936349933,1.35113910182003,12.6,16.2,91094.1413265913,61454.2837869245,6,80.4,61.9778731968964,37.8547632639498,13.8597042139384,-1.4,41149.4349858359,113.798,276.5,16.377947020243,1,20.6189403948862,9.7636017393354,0,1130,219.73,62.15,2066.79124978034,4.4
"California","CA","CA-511","Stockton/San Joaquin County CoC",2024,2025,57.7799627343518,0,14,13.6135779555212,572.794169891268,1,327.810472753439,14.1075895023706,0,6174880.53478147,11.71879813,7.556659545,9.696871127,-0.124445233,18.3699667992006,1.37633288051064,1.24883771913247,12.9,17,94273.7074681757,64677.0551475388,6.5,80.9,62.7483056788969,38.76615011,13.6473337268792,4.2,42965.5658319732,120.324,288.12,16.4214875725696,1,21.6851516675661,9.87579988472115,0,1171,239.94,62.2333333333333,2089.63429360949,4.8
"California","CA","CA-512","Daly City/San Mateo County CoC",2011,2012,24.9586052400896,0,1,13.4985301160221,1595.10374412176,1,372.424294014916,2.76863297364453,65.3794940079894,1523936.48036635,12.62945921,6.285724941,4.858971729,0.75964595,12.1577166833255,1.20119661136113,0.046472686,7.9,10,116487.047736336,112629.339342797,7.5,88.4,61.915297632964,43.8732397165263,14.59372545,-3.88,91646.048175923,52.887,132.28,11.4514534873146,0,12.7961512691805,7.35915995738277,1,638,171,63.3916666666667,1796.44676582249,6.1
"California","CA","CA-512","Daly City/San Mateo County CoC",2012,2013,26.6475748035493,0,2,13.513357619084,1618.93139799966,1,367.808675043018,3.46459820591188,64.5435244161359,1824135.23349434,12.28290614,6.350642696,4.88563392,3.961656291,11.8962587794769,1.49379963314038,0.235942090963048,8.4,11.1,114387.547448153,121174.960767703,6.4,88.3,61.23964525,43.8772761128984,14.9855512952399,2.77,110654.431434401,64.831,135.94,11.2188649909919,0,10.0781359912557,7.61609471553954,1,638,160.72,63.05,1759.95944546185,5.2
"California","CA","CA-512","Daly City/San Mateo County CoC",2013,2014,26.7299169048235,0,3,13.5260428922893,1639.59882168033,1,364.247636780866,3.48370725124497,61.2631578947368,1924212.80892736,12.19180246,6.333822843,5.801523639,1.048468128,11.8090831497834,1.27660898455677,0.296072351991405,8,10,125855.132677592,118249.453021924,5.3,88.6,60.7081972315118,43.3088726344449,15.0745258080972,11.36,116263.662085206,69.019,151.38,11.0567758032609,0,10.685744282125,7.96087949018314,1,638,160.72,62.7083333333333,1734.53170413655,5.1
"California","CA","CA-512","Daly City/San Mateo County CoC",2014,2015,19.3842272777774,0,4,13.5373893015707,1658.30834806626,1,361.221018378139,5.34151317280764,74.4010951403149,2628448.88329546,11.88552759,6.000537897,6.479996547,-0.908447968,11.6718876286972,1.14110391752742,0.300698941686406,7.5,9.8,137108.726560709,123451.714841207,4.3,88.5,60.3322198162218,42.0395548599969,15.6549305460047,14.65,121067.852330695,72.723,173.56,12.2411219475664,1,11.3311604270448,8.7558966936255,1,670,160.72,62.3416666666667,1706.95644935509,4.5
"California","CA","CA-512","Daly City/San Mateo County CoC",2015,2016,17.7235234520892,0,5,13.5477043127439,1675.50236558422,1,359.225153747116,5.89461734109094,64.7530864197531,2746401.65262303,12.04525643,6.268315707,7.592663272,-2.958760631,11.5416538680226,1.03684079851665,0.478579106311106,8.4,9.7,137387.06044192,134604.895374286,3.4,88.3,60.032991777767,41.1857068274511,16.2187756966651,10.09,127666.227107182,77.515,191.08,12.226311332377,1,10.430622634974,9.00588846553516,1,704,160.72,62.1666666666667,1704.89119134813,4.1
"California","CA","CA-512","Daly City/San Mateo County CoC",2016,2017,16.2959860892365,0,6,13.5514239110474,1681.74617451858,1,359.781014863798,7.14859670332057,76.6075949367089,3044873.54831672,11.74459102,6.079737188,6.89123859,-8.8090956,11.2748174906825,0.372652947,0.527968503822396,6.6,7.7,143638.72238679,139260.139245342,3.3,88.6,59.9068528535544,40.0215522290159,16.2944449350879,11.33,139398.841686811,84.95,212.74,13.4147767813952,1,8.11297216065508,11.9415657645597,1,704,160.72,62.225,2016.2409502437,3.6
"California","CA","CA-512","Daly City/San Mateo County CoC",2017,2018,16.1055106084318,0,7,13.5527188021354,1683.92526602672,1,361.626529293108,5.68952185718653,75.5372945638432,2586615.37635435,11.39115061,6.31959641,6.189456451,-9.932281672,11.3850807841322,0.129573150880447,0.643192726,6.4,7,152243.018586368,149777.613731771,2.9,88.9,60.6102637069757,38.606688208043,16.4589567834155,3.94,163861.570472931,100,221.11,13.7915561924704,1,8.28455158726546,9.79319834413013,1,704,160.72,62.275,1974.16275783648,4.3
"California","CA","CA-512","Daly City/San Mateo County CoC",2018,2019,19.7241489068882,0,8,13.5524326389059,1683.44345684904,1,363.548728276099,3.99351590428444,70.4301075268817,2083429.26489688,11.06022313,6.482906278,4.64105329,-9.492827049,11.4637931729807,-0.028612266,0.502778227329115,6.8,7,157621.888870927,158129.643430375,2.4,89.2,60.8295698967403,37.9016398549793,16.9973878797621,11.3,173841.764907937,106.108,246.11,14.1042933179875,1,8.84632246666693,9.75697330882382,1,714,160.72,62.2833333333333,1927.15935063047,4.4
"California","CA","CA-512","Daly City/San Mateo County CoC",2019,2020,20.6126358604792,0,9,13.5496865153607,1678.82684891019,1,365.849045035502,4.82082367623462,72.3372781065089,2605818.1769196,10.97538258,6.757188061,4.702804878,-11.66321664,11.4614002841217,-0.274235996,0.356768401126484,6.1,6.3,170310.020913147,162543.468870233,2.2,89.6,61.2121036086646,37.0406077219718,17.1719408881966,-0.28,187612.257356588,114.034,245.41,15.1124735714226,1,8.8836940513167,13.7495059178969,0,785,160.72,62.4416666666667,1892.83731482068,4.2
"California","CA","CA-512","Daly City/San Mateo County CoC",2021,2022,24.6911894243047,0,11,13.5136808784064,1619.45481796995,1,386.239744246839,6.63842302440391,69.8839662447257,3207908.89861171,9.878157409,6.903659006,2.283466769,-33.85788715,12.0952637251627,-3.038921429,0.556987339276405,6.8,6.5,155829.405181561,207347.176142264,4.9,90.8,61.8591263437111,36.5137113136143,17.5682338079142,1.02,228751.222052399,133.804,235.01,15.4461823955615,1,9.45280561704913,13.4827570818283,0,878,160.72,61.075,2017.50905443565,4.3
"California","CA","CA-512","Daly City/San Mateo County CoC",2022,2023,25.3287353753462,0,12,13.5038718020598,1603.64709685868,1,392.061400214409,6.94567810927077,78.3851554663992,2246097.04606566,10.36618677,6.789390287,10.37162263,-24.60134755,12.3879302692405,-0.976113747,0.516438500052518,7.2,7.2,158210.29845868,178360.257817296,2.6,90.6,61.9169518471612,36.5499899572022,18.0659319839591,13.59,225951.166235486,130.942,266.93,15.4034853675129,1,11.1984376813771,14.4350593039215,0,925,199.72,61.7416666666667,2042.06206015028,3.9
"California","CA","CA-512","Daly City/San Mateo County CoC",2023,2024,28.7594160083281,0,13,13.5061961853854,1607.37892794396,1,393.207157445545,4.06453356618641,63.9386189258312,1625245.09595983,9.9332012,7.03726792,13.77989543,-14.46466157,12.915066305697,0.232708997671538,0.525628298239189,7.3,7.1,159557.129796437,180725.890480536,3.1,90.3,61.4944112359122,36.56271223,18.3221799360633,5.29,244320.36439061,141.932,281.06,16.377947020243,1,11.7855600321003,15.4915396028879,0,1130,219.73,62.15,2066.79124978034,4.4
"California","CA","CA-512","Daly City/San Mateo County CoC",2024,2025,28.8742926000043,0,14,13.5152537539303,1622.00402652821,1,392.422906537299,3.7434755831117,49.4485294117647,2041031.40839628,9.724829375,6.597150639,13.99724395,-8.076898037,13.1321164364788,0.909872484327923,0.708607940567019,7.2,7.3,162746.178930925,184388.673208598,3.7,90.2,61.1460653862364,36.58725188,18.7148751554868,2,264866.350874217,155.675,286.69,16.4214875725696,1,15.0143054466013,16.6345542358029,0,1171,239.94,62.2333333333333,2089.63429360949,4.8
"California","CA","CA-513","Visalia/Kings, Tulare Counties CoC",2011,2012,12.8335303027781,0,1,13.3024374104078,96.0843919390718,2,312.948090042295,6.10631608726054,23.7762237762238,1254528.51423442,17.9715476184307,6.03684871807177,-0.645630953380201,-5.73617702780082,41.6920013630623,0.559174608183037,0.797989248054337,24.483793589598,32.6345302446162,60918.0607637718,44446.5626864768,16.7955800698904,68.535681497765,56.4240578469347,42.8736138707063,12.3570211083159,-8.01247242137335,33783.7186359137,86.432,128.39,11.4514534873146,0,8.86992777105898,0.668167817028925,1,638,171,63.3916666666667,1796.44676582249,6.1
"California","CA","CA-513","Visalia/Kings, Tulare Counties CoC",2012,2013,11.6954795727251,0,2,13.3059691092924,96.4243335781659,2,313.532633120828,5.01696210999092,13.3333333333333,1073603.28082634,17.3808058194375,6.04727929491992,-0.143028081864133,-7.74355870206743,40.9108311000882,0.356732414834919,0.53929239320293,27.6391011535196,37.3332529919936,58226.9617942966,43091.008457705,15.8732721340946,68.9042532083826,55.5934972745722,42.9383206981283,12.712540864265,-0.905824059124124,31586.016634277,80.2295,127.01,11.2188649909919,0,9.57105048521065,2.04737253857549,1,638,160.72,63.05,1759.95944546185,5.2
"California","CA","CA-513","Visalia/Kings, Tulare Counties CoC",2013,2014,12.6192252159574,0,3,13.3093374278789,96.7496696038711,2,313.880128799579,6.34757882942401,3.24729392173189,1639091.70116352,16.9986344067225,6.04128307043737,0.045470721720201,-7.70890461229069,39.0496303067202,0.33938678813338,0.450917315242513,27.6546873989088,36.8570911932209,56925.204835004,43430.2079823215,14.250600948578,68.7481971542659,54.7539062705176,43.0844156076458,13.4730096711904,7.50576315077879,31934.3589964352,81.0025,134.69,11.0567758032609,0,8.8752930090893,2.98607989090855,1,638,160.72,62.7083333333333,1734.53170413655,5.1
"California","CA","CA-513","Visalia/Kings, Tulare Counties CoC",2014,2015,14.1952355388096,0,4,13.312378595274,97.0443498915844,2,314.74133896099,8.01879108579476,26.7365661861075,1839460.20649081,16.3701072946061,6.03848511545152,0.410109650604069,-7.79371356443721,36.7313725846919,0.307056720186221,0.579027508664661,27.3088026951887,35.9829774425147,58331.1776448662,46850.0424910818,13.0033010106957,68.7170225574853,54.2094769661203,42.0785193959332,13.6736294829517,12.664899765643,35291.51667728,89.149,150.81,12.2411219475664,1,9.21219979723237,3.70472666890494,1,670,160.72,62.3416666666667,1706.95644935509,4.5
"California","CA","CA-513","Visalia/Kings, Tulare Counties CoC",2015,2016,13.0131100511488,0,5,13.3166909065476,97.463739647464,2,315.702367738939,9.73350233948328,15.005359056806,2540391.13769858,16.2838366492518,6.24160192203851,0.902694531696933,-6.6342439069785,36.2176119727425,0.432167580849418,0.741408822155623,26.013647187466,34.3474609960378,59198.3560155254,47355.4724349749,11.4034117968665,69.3391959765894,53.9028845601173,41.7551075230711,13.7460046670299,5.56576963866374,35347.4414328633,89.76,158.765,12.226311332377,1,9.20549497238352,3.77112405845407,1,704,160.72,62.1666666666667,1704.89119134813,4.1
"California","CA","CA-513","Visalia/Kings, Tulare Counties CoC",2016,2017,13.9385234315893,0,6,13.3189460920839,97.6837868557727,2,317.927366471853,9.92785380576343,8.69338885996877,2724067.02706645,15.7063961761761,6.31274856766006,0.940902173128994,-8.0895089371667,35.0335268321457,0.227351843028241,0.936027699784986,22.9082514947824,29.9264714919235,63224.7962837363,48829.5566534092,10.9790994993567,69.3535915033593,53.5302216351575,40.9030394186179,14.1121925491192,6.77888580174395,37428.1169713136,95.2885,170.5,13.4147767813952,1,7.67313433571524,3.56546070845869,1,704,160.72,62.225,2016.2409502437,3.6
"California","CA","CA-513","Visalia/Kings, Tulare Counties CoC",2017,2018,15.698791014512,0,7,13.3244450769319,98.2224290374535,2,319.161139462035,8.12009133822792,7.81841109709962,2262305.92685715,15.5827333209138,6.3334202076399,-0.0491657268971409,-3.70231079618704,33.3151952782231,0.551837958387655,0.944835814492305,22.6304559188069,30.0902453212805,63709.6866429963,49064.2447330687,10.1309824126228,69.6516142052019,54.0598346073764,40.5229357555187,14.1250925145367,6.78505612175701,38819.7939163696,100,181.865,13.7915561924704,1,7.50033089695134,4.18319108849573,1,704,160.72,62.275,1974.16275783648,4.3
"California","CA","CA-513","Visalia/Kings, Tulare Counties CoC",2018,2019,17.1852665412228,0,8,13.3309567869371,98.8641130190862,2,319.492313761524,9.5529426112054,15.531914893617,2455147.05283451,15.2728313751068,6.73255066471715,-0.707091607654687,-1.32902592100702,34.3603838492397,0.654081480484156,0.755431554238977,21.3644106621903,27.2728875223022,65515.4282520257,47866.6182383312,9.33135764508394,70.7584701227818,54.0867742112396,39.799143093244,14.5112495223247,5.44050861160672,38794.7270337223,99.9185,191.705,14.1042933179875,1,7.27306967373464,4.25344699669303,1,714,160.72,62.2833333333333,1927.15935063047,4.4
"California","CA","CA-513","Visalia/Kings, Tulare Counties CoC",2019,2020,20.6947830637852,0,9,13.3360802367426,99.3719389615289,2,320.718421668941,11.487248700697,9.95177553704516,3160626.33630174,15.1453491485187,6.63195904067749,-0.556978225902598,-2.85135435818459,34.637033926365,0.514522090451673,0.896845491464436,18.183636040605,24.9354228076268,71664.2293357924,49111.2962411443,9.35416912305071,71.4422573429058,54.854019623066,39.4788743811408,14.3412434047136,4.48357353404346,40049.8437364494,103.133,199.71,15.1124735714226,1,6.54138435074741,4.19940723751686,0,785,160.72,62.4416666666667,1892.83731482068,4.2
"California","CA","CA-513","Visalia/Kings, Tulare Counties CoC",2021,2022,19.578313253012,0,11,13.3531972820025,101.087536780356,2,316.543986891576,10.1220362447145,8.9197224975223,2898163.62866722,13.8981102547846,8.54290196139573,0.0748600992521911,-1.29315299576792,30.8371862615588,0.494728211533686,0.937266530284828,18.4573337948379,23.9632008307083,69182.2355633091,56852.2736863187,10.4544002769028,72.8426662051621,55.8587828020803,37.2391519788965,13.6202714031184,14.7935202215222,39516.3651032378,103.7355,240.56,15.4461823955615,1,6.93844629610812,4.31866680215425,0,878,160.72,61.075,2017.50905443565,4.3
"California","CA","CA-513","Visalia/Kings, Tulare Counties CoC",2022,2023,23.1856444583944,0,12,13.3547457193583,101.244185996483,2,318.622384273938,14.0357336544155,32.5771003190358,3433655.0298932,14.1581918587657,8.60862525849891,1.89919175063308,-5.57444228473872,31.5868738110336,0.15509626079558,0.811229869397563,18.1273479708307,23.5734797083069,70592.4468612553,51268.2392440364,8.00626125554851,73.7421734305644,56.9539702785242,36.4394616300143,13.1689281507334,16.1540878249841,39691.153353701,105.2245,278.305,15.4034853675129,1,7.38744451490171,4.21686746987952,0,925,199.72,61.7416666666667,2042.06206015028,3.9
"California","CA","CA-513","Visalia/Kings, Tulare Counties CoC",2023,2024,26.2081289088829,0,13,13.3598263151945,101.759876499981,2,320.192172715701,9.41844083426106,10.9309623430962,2575472.13145226,13.9516219046098,7.213858262113,3.17672847163806,-4.76827589458071,32.2595908916694,0.509514523442559,1.00225365713383,17.5,22.4992709928661,73980.6323075298,50390.4353175423,9.4617170310388,74.351673861577,57.7285572036521,36.4789762983521,12.6570054041781,5.10836930788485,40221.4586737494,107.069,291.82,16.377947020243,1,8.24904221206821,4.16395247416062,0,1130,219.73,62.15,2066.79124978034,4.4
"California","CA","CA-513","Visalia/Kings, Tulare Counties CoC",2024,2025,23.0189546704865,0,14,13.3660481067484,102.394979930527,2,321.695377525589,10.5880174631636,28.255867464335,2645230.66863161,13.5174849677091,6.8759042686103,4.55506690592292,-4.99844322960583,31.3055472827876,0.62412126650618,1.09425656935355,18.571325454175,25.0359126604699,71422.4007899561,53162.8363378219,10.06516105773,75.04157719015,57.8707085001132,36.9557417083665,12.5372618819231,4.601347649576,41811.6919019076,111.859,305.12,16.4214875725696,1,7.24171983008605,4.93753624778595,0,1171,239.94,62.2333333333333,2089.63429360949,4.8
"California","CA","CA-514","Fresno City & County/Madera County CoC",2011,2012,40.964022426252,0,1,13.9026804223941,133.639359493447,2,336.793510289337,5.20588131243724,22.0073183481443,1205779.50619901,17.2588479258771,6.44397656876036,0.466607927528982,-3.85800039666205,23.1724317442976,0.743975396697203,0.61372722849429,25.4941702770005,35.1358743301368,61381.2608206444,46099.7385945533,16.4582959468637,72.1049324477284,54.6097940653153,45.4972598114872,13.937271036055,-8.90233163257357,38065.1703774675,83.9535,126.215,11.4514534873146,0,15.4525649333093,4.18850662783056,1,638,171,63.3916666666667,1796.44676582249,6.1
"California","CA","CA-514","Fresno City & County/Madera County CoC",2012,2013,28.3892050297221,0,2,13.9077004200914,134.311916089133,2,336.709308645488,5.4194450011646,16.0919540229885,1448718.75958271,16.7517949757921,6.69015828403063,0.515141788972204,-5.58394564354251,21.5890976607099,0.503842319635827,0.478206013560655,27.522906019851,39.4505425088366,58381.3573082174,46217.0199563895,15.1032722885501,72.1367242643438,53.3297519239917,46.0111491310198,14.3982912562597,-0.711564958798875,37000.7834441846,84.2415,124.425,11.2188649909919,0,9.44762405022196,6.16466588605217,1,638,160.72,63.05,1759.95944546185,5.2
"California","CA","CA-514","Fresno City & County/Madera County CoC",2013,2014,23.2670241099151,0,3,13.913440031694,135.085031593044,2,336.505924467124,8.05923578721031,12.0026746907389,2541793.55609715,16.3865490647367,6.88350068946861,0.995988611574496,-4.73386951977893,21.3458532356984,0.576347477882608,0.514067225061238,27.8863039086613,40.6549573663232,59976.6599219264,47129.4166835581,13.3039255261659,72.4686534576619,52.75064744291,45.3030346858278,14.7460407118817,9.77312600418539,38185.642746361,87.0165,137.405,11.0567758032609,0,8.81325687923662,6.81848680368924,1,638,160.72,62.7083333333333,1734.53170413655,5.1
"California","CA","CA-514","Fresno City & County/Madera County CoC",2014,2015,15.3330531474609,0,4,13.9234892432229,136.44937468526,2,335.748005202765,5.63054933949325,12.4406457739791,1825851.37616105,16.3430578072069,6.64535354745832,1.21930493960948,-0.751411237884518,22.8837286124254,1.01020174712377,0.780809591001833,26.7837031192354,36.9944293789266,58913.7940400367,49000.9048340334,11.6449002399412,72.690327219456,52.2571508258353,44.6635152587025,15.210842427029,13.1897254545014,39102.3271983127,90.718,157.105,12.2411219475664,1,8.2942632243679,7.935204210326,1,670,160.72,62.3416666666667,1706.95644935509,4.5
"California","CA","CA-514","Fresno City & County/Madera County CoC",2015,2016,16.6521340023665,0,5,13.9315721127223,137.556747510174,2,334.85268871587,6.73560938252039,10.3434662455586,2309560.73321717,16.0464971043782,6.8410362817614,1.72634311730445,-2.76422865661621,22.8811537009467,0.812415423794536,0.542178868821189,24.8444569499156,35.7530106921778,63313.2044276143,51281.7037289025,10.2410241980867,73.13078221722,52.0644145644416,43.7249619222548,15.3431167455855,5.55068655036578,40094.6452922547,90.639,165.505,12.226311332377,1,7.6220055134881,9.25147631835764,1,704,160.72,62.1666666666667,1704.89119134813,4.1
"California","CA","CA-514","Fresno City & County/Madera County CoC",2016,2017,17.6739627286284,0,6,13.9384244084497,138.502564671327,2,334.661023394347,8.46655920513701,8.61423220973783,2769179.83280302,15.5655956931219,6.79006730308977,1.73259214803186,-3.64190692422579,22.0510335288905,0.687888046661698,0.629140490140638,24.8056373177595,36.0877980448997,65033.1678039402,51838.45396864,9.59108036357012,73.5140859543716,52.1286878587955,43.0517847925729,15.9848365522484,5.81506918196723,41662.3410526464,97.1665,176.155,13.4147767813952,1,5.98698604333623,9.85155458238783,1,704,160.72,62.225,2016.2409502437,3.6
"California","CA","CA-514","Fresno City & County/Madera County CoC",2017,2018,18.6624328013147,0,7,13.947119353583,139.712088689249,2,334.446430622244,8.77611470811817,30.6152927120669,2490651.25821864,14.9137900367696,7.20862552355134,0.976381203046338,0.0477407342317376,22.0661528710108,0.873296264619263,0.807754407283267,21.113625695978,28.3408770879341,67461.5207060791,51525.2720690351,8.5773687361977,74.277603424681,53.1409177249492,41.2525588611793,16.0325559782731,7.81053241936035,42462.0893169541,100,189.47,13.7915561924704,1,4.90943409128567,10.9848587792517,1,704,160.72,62.275,1974.16275783648,4.3
"California","CA","CA-514","Fresno City & County/Madera County CoC",2018,2019,21.6874721124013,0,8,13.9542572024903,140.712900917141,2,334.902753405198,8.92014752551677,18.4440559440559,2753625.55836148,14.7402438347567,7.4522019055264,0.302906754590964,-0.442257938001206,21.6541670148464,0.716416499481932,0.853450029406166,21.149786391744,29.9678516963316,67312.6590591032,51509.2029838616,7.57709795688142,74.8357033926631,53.3211363193659,40.1974464122963,15.7231910248003,7.11840707779728,43202.7121854917,101.457,203.72,14.1042933179875,1,4.97026545221582,11.3854767276678,1,714,160.72,62.2833333333333,1927.15935063047,4.4
"California","CA","CA-514","Fresno City & County/Madera County CoC",2019,2020,31.227513145831,0,9,13.9608473666376,141.643285164243,2,335.43895512734,10.4070263539833,16.8194203616547,3314394.1847606,14.4142867406657,7.39805633084391,0.295326214060417,-0.703811226586062,21.7151435281747,0.661417229955257,0.822769714076766,20.1054676123373,28.6054676123373,72407.0531076042,53084.1619991661,7.30476804435728,75.4422128312355,54.0953760500456,39.5420828752156,15.5699818984116,4.57883652073454,44158.1609349928,104.525,213.62,15.1124735714226,1,4.53984165032324,11.6998204816902,0,785,160.72,62.4416666666667,1892.83731482068,4.2
"California","CA","CA-514","Fresno City & County/Madera County CoC",2021,2022,35.7819710128691,0,11,13.9741923851919,143.546187963476,2,334.494062957565,12.6729844521256,9.29951690821256,3944319.44138704,13.4706352256969,9.44914639593582,0.455407364551918,0.0149843766060733,19.9144342317682,0.517092142669267,0.85761698331428,19.5356799355612,26.922111942005,74553.5703692083,61189.3365022742,9.20502404510719,77.0723523930769,55.4760855225197,38.3403189056703,16.040605963697,15.0529151748689,44772.1909244661,107.431,256.88,15.4461823955615,1,8.70333901041329,10.2392223651921,0,878,160.72,61.075,2017.50905443565,4.3
"California","CA","CA-514","Fresno City & County/Madera County CoC",2022,2023,37.7900913085313,0,12,13.9795391473519,144.315751447486,2,336.045837587535,11.6884920885477,15.4278305963699,3373468.92572063,13.749261195995,9.11757825233285,3.98539231548846,-2.76488632543151,20.8428283713008,0.536270830732764,1.00687030460244,19.0627907391235,25.943912524284,75965.7830329401,55466.9633748339,6.5319425383642,77.456087475716,55.6180169889112,38.2981123402707,16.5590018617898,17.3452804462901,44238.0866243574,103.932,302.07,15.4034853675129,1,18.2729088213252,13.6813418578617,0,925,199.72,61.7416666666667,2042.06206015028,3.9
"California","CA","CA-514","Fresno City & County/Madera County CoC",2023,2024,35.88008301176,0,13,13.9885701885669,145.624976989518,2,336.161912836351,10.6661662600863,17.9216514191884,3352049.17177186,13.3508420779031,7.87530823794178,7.51501405168786,-3.92125593247308,21.4183101529435,0.909162256404372,0.950144928206941,17.7412886816448,23.4238660449343,74553.5968953068,55491.5205019276,7.34494842447365,77.829277942631,57.1502721407744,38.8991627107317,17.1273340559136,2.75503603221704,45762.4281564877,108.4805,309.65,16.377947020243,1,15.3835025602724,12.5406245584287,0,1130,219.73,62.15,2066.79124978034,4.4
"California","CA","CA-514","Fresno City & County/Madera County CoC",2024,2025,40.7600905114997,0,14,13.997691271507,146.959311637745,2,336.356817215772,9.37133738549103,8.03807509254363,3173558.02952539,12.7900459341074,7.4807609853437,9.08821245671212,-5.26600855976676,20.0720102014452,0.916872873623165,0.986909390052359,18.1307685255411,25.5692314744589,75761.6811151712,58197.2532651743,7.84461482043289,78.2692223064934,57.8006917826319,39.5975403367368,17.1601789696138,5.40677072585283,47654.1384733981,115.0335,327.54,16.4214875725696,1,14.302026120367,11.9433586424744,0,1171,239.94,62.2333333333333,2089.63429360949,4.8
"California","CA","CA-515","Roseville, Rocklin/Placer County CoC",2011,2012,20.5960645417376,0,1,12.7836097403671,237.198386806886,1,432.444264834647,5.26957921241855,0,2194384.91384859,10.90962117,7.894114666,0.911730603,13.89115013,10.5127859724748,1.80189188648681,0.733477152,8.5,9.9,99600.4481376051,71007.6002114663,10.9,93.4,73.9788248558376,44.5183680774408,11.7264192622046,-7.45,48139.2091656479,78.233,115.01,11.4514534873146,0,15.4632810219797,3.9850923867897,1,638,171,63.3916666666667,1796.44676582249,6.1
"California","CA","CA-515","Roseville, Rocklin/Placer County CoC",2012,2013,24.8496160351179,0,2,12.7945923750081,239.817815120364,1,429.922029184235,8.444975304258,6.19266055045872,3152578.32186679,10.30713475,7.70313889,0.633555264,7.792450645,10.5645042649398,1.10431961563504,0.514627625,9.1,11.6,97493.3391298431,73323.696864875,9.4,93.6,72.5678773809352,44.1593152780138,11.8554114994363,1.48,50023.6978776945,82.252,116.71,11.2188649909919,0,14.0175371881098,3.85829241415299,1,638,160.72,63.05,1759.95944546185,5.2
"California","CA","CA-515","Roseville, Rocklin/Placer County CoC",2013,2014,20.6382696354718,0,3,12.8087451861954,243.236052576454,1,427.402448836611,8.12565632763876,0,3490508.77937455,10.1783064,7.819078054,0.804783501,10.93899217,10.5063519778433,1.42534759328601,0.830939083836402,8.3,9.5,101781.767559942,73161.3033932017,7.8,93.6,71.905552481092,43.02712994,12.1354320847091,15.8,51142.8657244588,85.35,135.14,11.0567758032609,0,13.9026486187664,4.89876791881729,1,638,160.72,62.7083333333333,1734.53170413655,5.1
"California","CA","CA-515","Roseville, Rocklin/Placer County CoC",2014,2015,21.3495833344509,0,4,12.8191425344852,245.778262672813,1,426.364441507298,12.6412613310804,17.6884422110553,4977073.34113874,10.14136657,7.987857585,1.105340893,7.222831007,10.4328890598212,1.04516171407616,0.799759239812525,8.3,9.7,102946.475454373,75073.4407797639,6.3,94,71.4152322750006,41.4057216671099,12.7774879731061,14.51,52000,87.747,154.75,12.2411219475664,1,11.0504120882841,5.63354341755661,1,670,160.72,62.3416666666667,1706.95644935509,4.5
"California","CA","CA-515","Roseville, Rocklin/Placer County CoC",2015,2016,26.9433661526931,0,5,12.828910016392,248.190666283498,1,427.442260910147,14.0304201596305,10.5545617173524,5947417.22584983,9.845591585,8.293152287,1.150853437,7.158470093,10.4065808213153,0.981536603135824,1.23681084480469,8.6,9,103520.178051236,79485.9669298568,5.1,94.1,70.9571430938037,39.981765849395,13.1035735207967,4.14,54725.08204432,93.313,161.16,12.226311332377,1,11.5598874587291,5.82017535625106,1,704,160.72,62.1666666666667,1704.89119134813,4.1
"California","CA","CA-515","Roseville, Rocklin/Placer County CoC",2016,2017,25.420978149384,0,6,12.8451437158914,252.252610773674,1,426.185468526929,14.9783281733746,12.8152128978917,6198726.13712798,9.949666394,8.550328286,0.893873772,13.94815532,9.9328922819527,1.63662258174395,1.33778424777873,7.2,7.6,114462.924364933,81273.4251300831,4.5,94.2,71.2345210846085,37.7841354737023,13.676643628263,6.67,56228.8795764749,97.524,171.9,13.4147767813952,1,13.9862723417506,6.62368746750831,1,704,160.72,62.225,2016.2409502437,3.6
"California","CA","CA-515","Roseville, Rocklin/Placer County CoC",2017,2018,24.2143093824077,0,7,12.8612998665899,256.361152463837,1,425.488490450904,20.0595623146306,22.9692728932157,6816608.81429295,9.855272767,8.664263708,0.599430933,14.3915776,10.1839710216429,1.62874099798651,1.4625386996904,7.8,7.2,106872.739157767,82487.9543279367,3.9,94.5,72.158329807047,36.8656925791661,14.0947303440148,7.45,56680.6949936591,100,184.7,13.7915561924704,1,12.6196071303377,5.63468054996559,1,704,160.72,62.275,1974.16275783648,4.3
"California","CA","CA-515","Roseville, Rocklin/Placer County CoC",2018,2019,15.4897082562404,0,8,12.8798611502329,261.163992433785,1,425.878724543114,11.2936529311428,0,4927552.77164342,9.430892218,8.736309321,0.126053933,17.76331445,10.0833482017689,1.87346636718901,1.96689897596758,7.1,7.2,114340.941511958,83097.3673956485,3.2,94.6,73.0461870786846,36.3807302674732,14.2577151254558,5.73,59133.41202157,106.385,195.29,14.1042933179875,1,15.1658042974027,4.89383936991818,1,714,160.72,62.2833333333333,1927.15935063047,4.4
"California","CA","CA-515","Roseville, Rocklin/Placer County CoC",2019,2020,18.3264321835796,0,9,12.8950360864438,265.157372472554,1,424.0690484499,13.92383331656,12.9676870748299,5335174.20069684,9.412401554,8.802783501,0.199833304,14.38546833,9.90889440638266,1.52906991563224,1.09764491127271,6.6,7.5,123025.609853761,85217.9790964543,3.2,94.5,73.5518056873778,35.3392736716743,14.138413606415,3.95,59670.3626997241,109.101,203.01,15.1124735714226,1,11.7239769135564,4.71971661616403,0,785,160.72,62.4416666666667,1892.83731482068,4.2
"California","CA","CA-515","Roseville, Rocklin/Placer County CoC",2021,2022,17.922474544112,0,11,12.9312972984776,274.948775538107,1,425.382168226652,24.4793652781177,4.3245756800744,9013075.07111571,8.737388722,9.194038161,0.532350682,17.38198237,10.1540294113375,1.74076473442684,1.60651395724059,6.6,7.2,123079.93399934,94617.3725158269,5.1,94.8,75.1837659911752,34.9891240406583,13.7784433875983,14.67,62986.5582805447,118.53,238.44,15.4461823955615,1,11.1854115117737,4.6242718587636,0,878,160.72,61.075,2017.50905443565,4.3
"California","CA","CA-515","Roseville, Rocklin/Placer County CoC",2022,2023,16.6747021954633,0,12,12.9443604817544,278.564052582707,1,428.146409889382,22.7665963408236,11.1056631527335,7043669.07385215,9.243457963,9.741349141,2.766062102,11.10273275,10.1321722756046,1.31489112381911,1.97326108856624,6.2,5.5,116751.817592019,88626.153559895,3.1,94.9,75.7202107387064,35.009479403233,14.025776630299,13.44,63367.9413247809,120.828,270.48,15.4034853675129,1,9.3674800283892,4.77932654509653,0,925,199.72,61.7416666666667,2042.06206015028,3.9
"California","CA","CA-515","Roseville, Rocklin/Placer County CoC",2023,2024,16.1647235993451,0,13,12.960305518068,283.041377827041,1,429.372405602135,20.1624609047637,20.4563977180114,6429976.51283568,9.027290485,9.034402321,4.444897495,11.45953839,10.4610825621186,1.60728751711596,1.89823962135673,6.5,6.1,116251.724591428,88663.8653171359,3.7,94.9,76.42858371,34.9421242342869,14.1122095109021,-1.66,61675.4208088102,119.332,266,16.377947020243,1,7.90225661167229,4.68020555274639,0,1130,219.73,62.15,2066.79124978034,4.4
"California","CA","CA-515","Roseville, Rocklin/Placer County CoC",2024,2025,16.0830255089,0,14,12.9814447663458,289.088363036606,1,428.104973991374,19.9712775055536,18.5564233773229,6416815.97412438,8.754191517,8.628533266,3.79301759,17.16631335,10.4541089944483,2.13643151965568,1.8349427881271,6.8,6.3,118896.701740271,90062.6222487849,4.1,95.1,76.9673198823583,36.0339081761413,14.2591171584527,3.41,61762.958079581,122.097,275.08,16.4214875725696,1,8.15144181505438,4.144800922909,0,1171,239.94,62.2333333333333,2089.63429360949,4.8
"California","CA","CA-516","Redding/Shasta, Siskiyou, Lassen, Plumas, Del Norte, Modoc, Sierra Counties CoC",2011,2012,16.6049789585763,0,1,12.6673476660662,13.3803028716921,7,468.378213090052,2.41623928172408,25.0696378830084,554743.402616089,10.9760890110211,10.8404880843542,0.610733721627906,-4.53926797251022,55.0441652113058,-0.376934767343244,0.204901943752675,20.350770448083,26.2362618136424,58666.2214060193,48257.8185632269,15.7281714782894,86.1475357640487,65.1961161905564,43.5216391767866,13.2433370897623,-10.2079701025793,39155.0501398887,102.479428571429,134.344285714286,11.4514534873146,0,14.1858280425449,1.38705874193772,1,638,171,63.3916666666667,1796.44676582249,6.1
"California","CA","CA-516","Redding/Shasta, Siskiyou, Lassen, Plumas, Del Norte, Modoc, Sierra Counties CoC",2012,2013,27.1935374606157,0,2,12.6621326375274,13.3107056239372,7,471.746184657506,2.25031571593627,0,569875.364957541,10.860914898668,10.9095717402279,0.575764991523798,-5.74903139045822,54.3844749784516,-0.513633497021572,0.195743813250008,18.7776951401917,26.9381058915986,60236.4234816469,47779.9709448851,14.30543781372,86.5485784363433,64.4860408205442,43.0688010992889,13.1553585803071,-3.83828331770015,37028.2527201244,94.2568571428571,124.872857142857,11.2188649909919,0,15.8444455711606,1.07742229883892,1,638,160.72,63.05,1759.95944546185,5.2
"California","CA","CA-516","Redding/Shasta, Siskiyou, Lassen, Plumas, Del Norte, Modoc, Sierra Counties CoC",2013,2014,20.2128444605577,0,3,12.6537763443123,13.1999405496317,7,476.532392583929,1.95135689714136,3.09278350515464,505172.278751306,10.8925890012516,11.3492047597942,0.725577102121368,-8.65970715201832,50.9199787820107,-0.808069204743938,0.173344626341635,19.8082529670035,27.6453767790837,57630.7825179031,47829.6727938763,12.1156236618926,86.72786235149,62.8741395878197,42.58999876765,13.4042043849025,6.51755306095059,37105.2808536148,93.5807142857143,131.532857142857,11.0567758032609,0,15.977401563229,1.08646330629957,1,638,160.72,62.7083333333333,1734.53170413655,5.1
"California","CA","CA-516","Redding/Shasta, Siskiyou, Lassen, Plumas, Del Norte, Modoc, Sierra Counties CoC",2014,2015,19.0349198987381,0,4,12.6497451330295,13.1468357405872,7,478.986662731044,2.14345041931249,0,602163.033524712,11.15901931024,11.4031186352386,0.789491559355191,-4.50104010568268,50.8144492962401,-0.394595068824612,0.11637939375905,16.8483215318128,23.0086671393692,59263.504328869,49878.9836253016,10.0459928837954,87.2029286165752,62.8436942269318,41.7429489072016,13.4636993150632,8.55172515023277,37578.9458633334,93.0527142857143,139.071428571429,12.2411219475664,1,18.7690698562321,1.09085192326819,1,670,160.72,62.3416666666667,1706.95644935509,4.5
"California","CA","CA-516","Redding/Shasta, Siskiyou, Lassen, Plumas, Del Norte, Modoc, Sierra Counties CoC",2015,2016,40.9494345308038,0,5,12.6458844284542,13.0961773802517,7,481.454641492905,3.47865643584889,9.61538461538461,937105.372560839,10.9339674799119,12.1501395419332,1.18657722587318,-3.75937258238868,49.5584285079328,-0.383882601896753,0.133351023710367,19.366125572497,26.9466503694256,60959.9354506338,52782.0032994467,8.21291797914211,87.4439210646672,62.6445873337642,40.2657814368115,14.1056016059789,5.46276228573637,38690.2158346647,95.7924285714286,146.828571428571,12.226311332377,1,14.6868417492802,1.09507153393756,1,704,160.72,62.1666666666667,1704.89119134813,4.1
"California","CA","CA-516","Redding/Shasta, Siskiyou, Lassen, Plumas, Del Norte, Modoc, Sierra Counties CoC",2016,2017,29.953658419255,0,6,12.6463513337341,13.1022935020241,7,482.926468079079,3.75308312779148,8.348134991119,977265.630036162,10.9939635201907,12.1332679327246,1.14678495272011,0.529876332446684,47.3043231914805,0.0517294258684254,0.363962418022884,17.7675759029318,24.930345076249,61511.5640361601,53515.8982175404,7.51411306808487,88.2672024646924,62.4238065359619,39.3060944835325,13.9018720203931,5.2039925376738,40482.0543749107,100.918428571429,157.221428571429,13.4147767813952,1,17.4485798079368,1.41648987370705,1,704,160.72,62.225,2016.2409502437,3.6
"California","CA","CA-516","Redding/Shasta, Siskiyou, Lassen, Plumas, Del Norte, Modoc, Sierra Counties CoC",2017,2018,36.8086367349554,0,7,12.6501685492347,13.1524035204076,7,482.876064333018,3.50672121566335,0,1075963.11720481,10.7547644088972,12.6728131431714,1.00570517816646,4.77702157602608,46.6334204576432,0.383595959426265,0.377096593572136,17.5644295495727,23.8844042140372,65270.4758619284,53737.9770013407,6.40839311771403,88.9196825040489,63.3682147548788,38.8894978850444,14.5217573777786,6.46908141045171,41536.6376249996,100,169.214285714286,13.7915561924704,1,26.4900662251656,2.88632682840787,1,704,160.72,62.275,1974.16275783648,4.3
"California","CA","CA-516","Redding/Shasta, Siskiyou, Lassen, Plumas, Del Norte, Modoc, Sierra Counties CoC",2018,2019,43.1463232871805,0,8,12.6512583418333,13.1667447714601,7,484.022360686198,2.9452644119399,0,957050.307178962,10.3089797826357,11.6663177941652,0.705449568655322,1.77979791241928,47.2777946853326,0.112188039205497,0.350951051248516,15.9156342201791,19.8840057022953,67605.7551700281,53745.8344776995,5.61570149444987,89.0963386779004,64.4189911846633,36.8420347082071,14.5143812888742,5.37622716278772,40458.8911877346,100.280285714286,176.44,14.1042933179875,1,16.6904262305585,1.95415738975829,1,714,160.72,62.2833333333333,1927.15935063047,4.4
"California","CA","CA-516","Redding/Shasta, Siskiyou, Lassen, Plumas, Del Norte, Modoc, Sierra Counties CoC",2019,2020,48.113231295942,0,9,12.652865220386,13.1879192068376,7,481.748369619103,4.56108669384287,14.1193595342067,1392822.82783663,10.0960358643053,11.6170127141525,0.70114982896817,2.49180066670707,47.4961379402988,0.161028383666476,-0.362109475336228,14.7848546490243,19.0305900715481,71519.3614059647,54745.0694062058,5.40123553926507,89.2986406829209,64.6857455746105,35.2528737703369,14.431344967652,6.0321815919682,42207.446491852,104.601857142857,187.312857142857,15.1124735714226,1,25.1713539117947,1.15142152582543,0,785,160.72,62.4416666666667,1892.83731482068,4.2
"California","CA","CA-516","Redding/Shasta, Siskiyou, Lassen, Plumas, Del Norte, Modoc, Sierra Counties CoC",2021,2022,58.7420816505342,0,11,12.6690831296358,13.4035441344271,7,466.411135132754,3.89984549055063,16.9550173010381,1265784.56974005,9.72633891385729,13.908549879779,0.383936513041042,3.48728174238256,43.9753405775894,-0.00406373812882473,0.213787079182455,15.5918374668391,20.2940437865242,67713.457750941,62069.6194726296,7.22374083060336,89.0098820212167,66.5574404474228,34.0167847202122,14.4662980986922,13.4428811809837,41743.3872008308,102.883,219.262857142857,15.4461823955615,1,36.4100966425296,2.45461325679975,0,878,160.72,61.075,2017.50905443565,4.3
"California","CA","CA-516","Redding/Shasta, Siskiyou, Lassen, Plumas, Del Norte, Modoc, Sierra Counties CoC",2022,2023,81.4394857133627,0,12,12.6530762913802,13.1907030967478,7,473.777112652411,3.78642152793245,0,1207451.91197853,9.52355737330645,14.9616650172606,1.18445102565495,-11.8797757077019,40.0258375623155,-1.56595044994437,0.104582273761115,14.6027164615331,17.2024724756414,68758.7506987872,57854.2986686228,5.06041928479837,89.9275262772486,67.3224547348479,33.3787940141316,14.6971524889071,12.5810456218443,42604.9688647613,106.719571428571,250.605714285714,15.4034853675129,1,32.5847475241668,6.65125366538438,0,925,199.72,61.7416666666667,2042.06206015028,3.9
"California","CA","CA-516","Redding/Shasta, Siskiyou, Lassen, Plumas, Del Norte, Modoc, Sierra Counties CoC",2023,2024,77.5826736331863,0,13,12.6428942917348,13.0570763810586,7,480.257143318635,2.82512477634429,1.9047619047619,858239.078548499,9.69334132102953,13.3609799969917,1.49844420220618,-7.89162347602979,36.7462971039072,-0.990416433033057,0.348539997520608,14.3062874125761,17.774936279498,73391.8278733559,58440.273500475,5.44409749479091,90.1852152283116,68.3207298386352,34.4541760606844,14.8035067852118,0.70247716883914,45331.3271286208,109.429714285714,251.032857142857,16.377947020243,1,35.1149230346788,4.55492561903377,0,1130,219.73,62.15,2066.79124978034,4.4
"California","CA","CA-516","Redding/Shasta, Siskiyou, Lassen, Plumas, Del Norte, Modoc, Sierra Counties CoC",2024,2025,75.5445271574304,0,14,12.6438887705227,13.0700678673061,7,481.896838280143,3.94449578762674,35.8234295415959,1293129.88749888,9.39246640515378,12.735240026515,1.97460761848565,2.41576606747667,39.39805656048,0.105569930856438,0.452969542043889,15.6321177423571,18.7557694852241,69458.3734994675,61789.5707993892,5.87555468061692,90.0645846712902,69.0359192014965,35.8366890768907,15.2043466789457,1.3124846141682,47519.2433243053,114.477,256.012857142857,16.4214875725696,1,46.8916908440182,4.55039807915111,0,1171,239.94,62.2333333333333,2089.63429360949,4.8
"California","CA","CA-517","Napa City & County CoC",2011,2012,17.9012256564986,0,1,11.832774585716,173.78611390235,1,398.566355099462,2.80617358188014,15.5844155844156,1456746.83919769,10.95281472,8.453270177,1.472034979,2.856622336,36.2696182030779,0.681490798,0.166094765277069,12,16.6,87573.5591125529,68995.0072610708,9.8,82.6,62.9853559851951,45.7804254617414,13.288156424581,-6.88,60779.245460942,76.197,124.5,11.4514534873146,0,13.2180026290752,2.10616525408342,1,638,171,63.3916666666667,1796.44676582249,6.1
"California","CA","CA-517","Napa City & County CoC",2012,2013,17.5526579739218,0,2,11.8389071534186,174.855151373755,1,397.075170711285,2.03599345573532,0,1330664.30467353,11.08500556,8.167136687,1.440833511,1.962140108,36.2211090098024,0.615145506968506,0.238706973523573,9.7,14,92132.1240222729,74080.970251767,8.5,82.6,61.2373152793485,44.4768167818197,13.4281205973514,0.97,64419.5553378899,81.339,125.7,11.2188649909919,0,10.1055306125395,2.30983556858046,1,638,160.72,63.05,1759.95944546185,5.2
"California","CA","CA-517","Napa City & County CoC",2013,2014,20.298422420854,0,3,11.8464003568957,176.170307271281,1,394.827339160338,3.90128833242606,62.3255813953488,1116933.78336848,10.16834581,8.953034324,1.251267448,5.09855529,36.0438458231838,0.752140207019014,0.181785129976375,9.7,13.7,94838.1123554946,75057.5404434609,7,83.1,58.9005786428196,43.9980929875837,13.117551249649,13.53,67172.6790318319,85.53,142.7,11.0567758032609,0,13.5406218655968,3.6538185986531,1,638,160.72,62.7083333333333,1734.53170413655,5.1
"California","CA","CA-517","Napa City & County CoC",2014,2015,20.8004997799265,0,4,11.8522935047035,177.211577535637,1,394.010184822478,2.65721877767936,26.530612244898,1099517.85731024,10.57913817,8.329017626,1.16434809,2.642998732,35.5827783910829,0.591058890958585,0.382870622391573,9,12,96654.5387733235,79234.0621172757,5.8,82.8,58.8643050313531,43.774950873927,13.5873424971363,16.99,71574.4259783372,91.761,166.95,12.2411219475664,1,12.3927210569424,3.70357181012072,1,670,160.72,62.3416666666667,1706.95644935509,4.5
"California","CA","CA-517","Napa City & County CoC",2015,2016,22.5078102811701,0,5,11.855543065815,177.788378154802,1,393.68317928185,3.10161392119737,0,1372684.38434568,10.43136948,8.682141879,1.258590592,0.376866109,35.6093197597649,0.325486984081769,0.242222664087777,10.1,12.1,98738.3318412398,85315.2004773267,4.6,83.2,57.594848103038,42.2667110630151,14.5168723813838,6.23,74828.6382323439,96.332,177.36,12.226311332377,1,11.7135920262384,3.47858187445869,1,704,160.72,62.1666666666667,1704.89119134813,4.1
"California","CA","CA-517","Napa City & County CoC",2016,2017,22.519624243984,0,6,11.8553868734994,177.760610947752,1,394.866515194547,3.81205833168504,0,1667694.61758133,10.15257258,8.704233552,1.135952176,-2.697886419,35.302470888952,-0.015618123,0.284915697412313,7.9,9.7,98078.1160041369,89118.386591843,4.3,83.9,59.2180080895715,39.9808922488992,14.5629113646336,10.35,76302.8293233613,98.344,195.72,13.4147767813952,1,11.076398750355,3.62113036069298,1,704,160.72,62.225,2016.2409502437,3.6
"California","CA","CA-517","Napa City & County CoC",2017,2018,23.2006859333232,0,7,11.8485330421669,176.546426712225,1,399.10493429989,3.27804248916276,22.9508196721311,1546966.89725852,9.454327831,9.254839376,0.527219487,-7.580561275,36.1028896609903,-0.68304459,0.383003973890994,6.8,8.6,110176.145236249,89438.8986489418,3.7,84.7,61.3151914181531,39.5749833,14.7240592930445,5.54,78032.6634592186,100,206.56,13.7915561924704,1,12.081957134074,3.36007091894365,1,704,160.72,62.275,1974.16275783648,4.3
"California","CA","CA-517","Napa City & County CoC",2018,2019,23.3766988035776,0,8,11.8407172783499,175.171949963275,1,399.41926233347,4.85252999007847,59.1078066914498,1805997.09063372,9.222477007,8.856448736,-0.143540498,-8.038267897,36.1628082917234,-0.778535581,-0.700390499,8.8,8.9,109787.819187215,88522.3914891399,3,85.1,61.9905588459509,38.600663370674,14.6209163151182,5.87,78976.4721862779,100.459,218.69,14.1042933179875,1,10.8798247699746,4.10695372111623,1,714,160.72,62.2833333333333,1927.15935063047,4.4
"California","CA","CA-517","Napa City & County CoC",2019,2020,33.750118198151,0,9,11.8331594287157,173.853007628424,1,403.988558485306,13.4598450949737,81.1748998664887,3584543.62585764,8.932026196,9.25025223,-0.094021328,-7.123923727,36.742072249971,-0.752941516,0.382429872824019,7.4,8.4,113633.207529122,92309.5073198444,2.9,85.5,63.4958575865554,37.5905435763925,14.6096393381669,2.55,79118.7961491728,100.072,224.27,15.1124735714226,1,12.1239400627251,3.55732373097921,0,785,160.72,62.4416666666667,1892.83731482068,4.2
"California","CA","CA-517","Napa City & County CoC",2021,2022,36.8032476077889,0,11,11.8223714753845,171.987556173008,1,406.887998473574,21.7152132744161,86.2956810631229,4634411.46141232,8.81836148,9.468596916,0.299546662,-8.716077254,35.7242452262487,-0.883758483,0.12821901975657,9,10.1,111838.677719001,103900.528135559,6.1,85.2,64.6762632545465,38.0319596299411,15.5306892876177,10.89,84092.56417974,104.169,252.04,15.4461823955615,1,19.1537140592664,3.66929388108552,0,878,160.72,61.075,2017.50905443565,4.3
"California","CA","CA-517","Napa City & County CoC",2022,2023,37.8663154428713,0,12,11.809319478024,169.757344588624,1,415.088588019242,19.7030217270594,79.2727272727273,4363506.23883378,8.368880764,9.764925304,2.902886267,-14.9133012,36.4166276329192,-1.296728458,0.692578230679053,8.6,9.3,108462.541966387,98168.6127450692,3.2,84.4,64.0329162540883,38.4960998439938,15.3817401960784,10.27,81571.721738096,99.766,277.93,15.4034853675129,1,12.0446992170946,3.79184975352977,0,925,199.72,61.7416666666667,2042.06206015028,3.9
"California","CA","CA-517","Napa City & County CoC",2023,2024,31.1009277692221,0,13,11.8028225823976,168.658015618619,1,419.657556799473,5.90249295623952,15.1057401812689,2572299.94255094,9.241889105,9.644683303,3.916054705,-10.00272259,37.073068518574,-0.647588458,0.44600476454888,8.9,9.3,106159.739301728,101593.990329182,3.4,84.7,63.8690115221346,39.0040293418742,16.4666309631705,1.26,84104.0361499955,102.061,281.44,16.377947020243,1,13.1708923279552,4.49007692998473,0,1130,219.73,62.15,2066.79124978034,4.4
"California","CA","CA-517","Napa City & County CoC",2024,2025,28.1310878607586,0,14,11.7989762075267,168.010534836056,1,424.768057694475,7.76400261747696,43.0523917995444,3702534.64490481,9.319832198,9.469789273,4.3112659,-7.932729256,37.3361379258536,-0.383901578,0.829202182674127,7.8,8.3,119198.446574417,105730.774078963,3.9,85.1,63.4167412062414,40.1351434869492,17.2109252166902,3.81,85240.7196727117,102.885,292.15,16.4214875725696,1,19.9827217067949,6.76107125417872,0,1171,239.94,62.2333333333333,2089.63429360949,4.8
"California","CA","CA-518","Vallejo/Solano County CoC",2011,2012,14.8210277501108,0,1,12.9392647187449,468.005234308702,1,368.199701207181,2.52451124288147,0,760610.023440043,12.46523885,6.917906466,1.81378258,-1.621083235,29.6799265988058,0.573717228667991,0.299661735551782,13.6,18.4,90309.0250643351,55294.7745951847,12.2,86.2,64.9220597584234,46.8697915143718,11.1039981240474,-9.03,45214.5749667334,82.985,98.95,11.4514534873146,0,9.1751492763161,2.23374053062146,1,638,171,63.3916666666667,1796.44676582249,6.1
"California","CA","CA-518","Vallejo/Solano County CoC",2012,2013,31.3695684500978,0,2,12.9472358811906,471.750697030975,1,366.181845908967,3.50084918367745,10.9665427509294,894698.998689556,12.12656217,6.985512239,2.760712714,0.303821936,28.2814756215539,0.800303596562446,0.247884824882427,14.2,18.7,86912.547085214,54644.2866548736,10.7,86.7,63.0810340229168,45.71405743,11.478866416374,-0.36,48782.0642543953,90.376,98.6,11.2188649909919,0,12.2476017098986,2.5019419835396,1,638,160.72,63.05,1759.95944546185,5.2
"California","CA","CA-518","Vallejo/Solano County CoC",2013,2014,30.1860580038508,0,3,12.9566865257384,476.230189512445,1,363.995571910428,5.02561442189223,30.3225806451613,1193856.58624814,12.19447122,7.022137163,2.262451487,2.172332874,27.1350307676693,0.949546552800506,0.346831341059506,12.9,17.8,87622.1840468915,55301.8462769846,9.2,87.2,61.4526705289473,45.0434657143888,12.0240757210011,17.15,50740.0184675678,95.03,115.51,11.0567758032609,0,12.4864572686996,3.09210945595396,1,638,160.72,62.7083333333333,1734.53170413655,5.1
"California","CA","CA-518","Vallejo/Solano County CoC",2014,2015,24.9648715185887,0,4,12.9692285147934,482.240690465625,1,361.253688759598,4.16827977803588,0,1470118.01588239,12.32371447,7.116511174,2.078190145,5.301026781,26.246719160105,1.2620999435867,0.499319110304142,12.3,16.5,91272.5254903768,56014.013907403,7.6,87.5,59.6531041911477,42.9209727969706,12.1570269061162,23.43,50462.7788745841,95.83,142.57,12.2411219475664,1,12.7737141205484,3.05357034633548,1,670,160.72,62.3416666666667,1706.95644935509,4.5
"California","CA","CA-518","Vallejo/Solano County CoC",2015,2016,25.4752106603958,0,5,12.9794394411915,487.190051920057,1,359.062686746237,9.21469467488321,27.6150627615063,2748918.48406826,12.25164219,7.370001681,2.163691494,3.258292122,25.6524437655886,1.02632597213093,0.413601755065174,12,15.8,91292.5082398222,59207.950345591,6.1,87.5,59.2685820096635,41.834969495483,12.4190284713665,7.48,50570.0287009444,97.15,153.25,12.226311332377,1,8.79077268815368,2.39958099624143,1,704,160.72,62.1666666666667,1704.89119134813,4.1
"California","CA","CA-518","Vallejo/Solano County CoC",2016,2017,27.7783414616548,0,6,12.9919334559563,493.315209895347,1,357.669223302298,6.01404125734235,12.3940677966102,2145408.40761114,11.9114904,7.392231966,1.811371977,6.1701291,25.803335019528,1.25724200466535,0.864279243,11.4,16.2,98196.1660398132,60952.7212616256,5.4,87.5,58.35716912,40.5938506094561,12.6424322956214,9.87,51090.5120900422,99.514,168.38,13.4147767813952,1,9.54750739419129,4.16991373063725,1,704,160.72,62.225,2016.2409502437,3.6
"California","CA","CA-518","Vallejo/Solano County CoC",2017,2018,25.3295193224522,0,7,13.0024801378629,498.545593462794,1,356.034010430406,5.7439599759349,7.38699007717751,2056467.72140627,11.77511903,7.652127398,1.210377971,5.213238452,26.7366536568428,1.06025183544562,0.598218722525901,10,14,99733.9669762355,61259.4656438694,4.7,87.6,59.4726118550448,39.5051206363724,12.3353075705155,8.63,50729.6479181363,100,182.91,13.7915561924704,1,8.25233196019941,4.89277605290511,1,704,160.72,62.275,1974.16275783648,4.3
"California","CA","CA-518","Vallejo/Solano County CoC",2018,2019,25.7124538974138,0,8,13.0074596924363,501.034325295661,1,356.31387066016,6.23355035323452,3.43434343434343,1951831.63084465,11.45477691,8.281266166,0.4453261,1.3877081,25.6054742273824,0.499198441526816,0.578195750609534,7.9,10.2,106177.12009781,62267.8905819479,3.8,88,60.5539541120242,38.4212221072752,12.1213201030645,7.77,57316.7076543024,113.738,197.13,14.1042933179875,1,7.60558640417298,5.76588703797184,1,714,160.72,62.2833333333333,1927.15935063047,4.4
"California","CA","CA-518","Vallejo/Solano County CoC",2019,2020,25.6571611521434,0,9,13.011753552644,503.190326946718,1,356.99430126239,6.81451259652328,1.01010101010101,2354037.41832624,11.39060275,8.30788656,0.626841347,0.620125189,25.775003741821,0.430310168826065,0.622095732221783,9,11.2,107933.2862471,64992.4519667004,3.7,88.4,61.750387895346,37.7533858546517,11.7053508329127,3.44,68222.7497461705,136.013,203.92,15.1124735714226,1,7.5729990193078,8.53358591556218,0,785,160.72,62.4416666666667,1892.83731482068,4.2
"California","CA","CA-518","Vallejo/Solano County CoC",2021,2022,26.2086197238203,0,11,13.0193312600332,507.017848125991,1,362.047941682482,8.43840515367328,17.0537010159652,2819309.48447172,10.89670477,8.606737372,0.703584186,-7.383208897,20.7871446054522,-0.407820797,0.536230991811859,10,12.6,103784.087683654,71054.8153553361,7.2,88.9,63.2949518472367,37.642902376429,11.3842399820909,15.04,67748.4267521999,134.399,239.77,15.4461823955615,1,10.8414182082616,5.65350029265178,0,878,160.72,61.075,2017.50905443565,4.3
"California","CA","CA-518","Vallejo/Solano County CoC",2022,2023,26.5853156009278,0,12,13.0166761417127,505.673438337324,1,365.515769630901,7.01826939450702,17.8509532062392,1985556.90108967,11.10667111,9.017649018,4.186924187,-8.755688756,21.0446991454967,-0.265160249,0.690136618881687,10,11.7,102005.180850535,67009.5623445003,4.1,88.9,63.4493214795581,38.2443131501381,11.887398893146,11.87,63249.2106269623,125.169,268.22,15.4034853675129,1,8.86958377421908,6.46879418119737,0,925,199.72,61.7416666666667,2042.06206015028,3.9
"California","CA","CA-518","Vallejo/Solano County CoC",2023,2024,37.9057564011286,0,13,13.020060404916,507.38767322672,1,367.400199832956,8.52649605634482,33.6633663366337,1957131.96346263,10.46127011,8.648190416,6.071708744,-4.378465407,21.7113410740911,0.339000382347976,0.856301846400864,10.3,11.8,104731.159664866,66792.4378737805,4.4,88.9,63.4450308386851,39.5341508888947,12.482900017449,-1.21,62565.5544716889,124.184,264.97,16.377947020243,1,7.68758709460163,6.15893144754828,0,1130,219.73,62.15,2066.79124978034,4.4
"California","CA","CA-518","Vallejo/Solano County CoC",2024,2025,36.5412318611433,0,14,13.0282219143844,511.5456764109,1,367.433132048273,8.70163267747144,12.3711340206186,2770936.37447008,10.17372109,8.569666602,5.952873453,0.72369996,22.4138385676239,0.819492353398599,0.828529390482169,10.1,11.9,97469.7394869871,69528.5783822598,4.9,88.6,63.88096689,41.7591501715149,13.1907959974759,2.2,65732.375890187,131.638,270.8,16.4214875725696,1,7.4493051710044,8.43815099016428,0,1171,239.94,62.2333333333333,2089.63429360949,4.8
"California","CA","CA-519","Chico, Paradise/Butte County CoC",2011,2012,40.6123086535458,0,1,12.3012737284746,131.161462176853,1,438.299806796227,2.48923922626147,15.8333333333333,633827.424307388,11.10646384,9.906256535,0.318236786,-1.368418181,22.0843277645187,0.0118209221228627,0.513959258564256,22.6,28,56123.5735413291,48194.8734330496,13.7,86.1,60.1719345690837,46.02603258,13.3651063829787,-7.87,36614.444611385,87.589,140.93,11.4514534873146,0,17.7292874190249,10.6830321627458,1,638,171,63.3916666666667,1796.44676582249,6.1
"California","CA","CA-519","Chico, Paradise/Butte County CoC",2012,2013,32.1240203752916,0,2,12.3053295721275,131.694515238274,1,437.567064640126,3.63184851777122,37.3219373219373,888141.455718114,10.90181561,10.19408226,0.607924799,2.853617153,23.8829351334954,0.406409819297648,0.238552092516731,21.8,27.1,57143.288831617,48431.8401661119,12.2,86.7,59.7563767702867,45.1869317905586,13.6033349213911,-2.75,35901.1790771689,86.125,137.04,11.2188649909919,0,18.8799695747253,10.4586881816824,1,638,160.72,63.05,1759.95944546185,5.2
"California","CA","CA-519","Chico, Paradise/Butte County CoC",2013,2014,31.1387104278888,0,3,12.3088187465825,132.154825040754,1,437.595029800443,5.36143273979523,34.2307692307692,1293059.42940914,10.49015841,10.41332399,0.985288468,2.508417889,24.0253382722511,0.3495284535177,0.355941849035135,21.4,25,58594.0012724055,48879.2416322654,10.4,87.7,59.6608875042494,44.3858170581266,14.1145134635948,8.12,36695.9570564653,88.23,148.18,11.0567758032609,0,15.0242960463091,10.2417873949314,1,638,160.72,62.7083333333333,1734.53170413655,5.1
"California","CA","CA-519","Chico, Paradise/Butte County CoC",2014,2015,25.4194657015283,0,4,12.317242752783,133.272805454808,1,436.286440344315,5.64004224904376,33.2727272727273,1290462.09870761,11.2454707,9.749369324,1.419723828,5.5486042,23.8193238962759,0.845962615220097,0.544391632040742,21.9,24.3,57535.9934028838,49780.56258677,8.8,88,58.2657343951727,43.6192379397322,15.1487676927645,8.05,35595.92093724,86.206,160.11,12.2411219475664,1,14.2719089461157,10.7822258809213,1,670,160.72,62.3416666666667,1706.95644935509,4.5
"California","CA","CA-519","Chico, Paradise/Butte County CoC",2015,2016,25.3722964580451,0,5,12.3222187866498,133.937631141032,1,436.596017468649,6.33201798660182,34.621578099839,1728115.00086019,11.04548284,10.39837375,1.142482266,3.27124805,24.137363053185,0.498845720216901,0.570156998266969,21.4,23.8,61632.8354265125,53452.0746661153,7.2,88,57.22312025,42.7678994640188,15.8065012305168,4.08,37110.4983019561,90.214,166.64,12.226311332377,1,14.7797944184017,5.78726889877176,1,704,160.72,62.1666666666667,1704.89119134813,4.1
"California","CA","CA-519","Chico, Paradise/Butte County CoC",2016,2017,52.2527722391297,0,6,12.3293163003862,134.891641094359,1,436.244369692924,7.06237587646415,30.5595408895265,1294023.65966284,10.93017376,10.65958098,1.002524054,5.837706438,23.8649875569661,0.712279249079595,0.631162501402027,19.5,22.9,60496.6188510581,54535.0920494061,6.7,88.3,56.7978697074973,41.93189648,16.6731421523281,6.89,39398.8828607318,96.337,178.13,13.4147767813952,1,15.2498994390689,12.8629586573016,1,704,160.72,62.225,2016.2409502437,3.6
"California","CA","CA-519","Chico, Paradise/Butte County CoC",2017,2018,48.8410560087523,0,7,12.3401532623035,136.361412678702,1,434.804281666492,8.27651400872906,43.134872417983,1905888.04328242,10.74018469,10.99517065,0.786939443,10.26538324,23.7258194284115,1.08959426426971,0.755887001985966,18.1,22.6,63879.8613204388,54598.8007436772,5.9,88.8,57.6533683576862,41.707173633865,17.0848587345802,6.58,40499.7353377091,100,189.86,13.7915561924704,1,20.2452163570854,15.0855283870291,1,704,160.72,62.275,1974.16275783648,4.3
"California","CA","CA-519","Chico, Paradise/Butte County CoC",2018,2019,57.7591634502204,0,8,12.3473117572229,137.341061649524,1,434.463985690656,7.02480164678138,10.5263157894737,1808682.47444032,10.59178494,11.18868932,0.431339658,7.337131156,23.6955096618462,0.718420960576482,0.639594521209186,18.5,20.1,65322.1111895339,54637.4678969166,5.1,89.3,57.63468787,41.5754453745439,17.4244174850761,7.5,40660.2326590926,100.996,204.11,14.1042933179875,1,17.756437251182,15.976452098863,1,714,160.72,62.2833333333333,1927.15935063047,4.4
"California","CA","CA-519","Chico, Paradise/Butte County CoC",2019,2020,60.6077905272973,0,9,12.297680525728,130.691016018619,1,393.314354018961,16.541196394808,33.0294530154278,3765648.86522427,10.77581892,11.2429787,0.458261498,-50.04838441,24.3491828857683,-4.841993757,-13.85474749,16.1,16.1,73539.8151441375,57820.3238842628,5.2,89.2,58.3442993939449,39.9105638838058,17.8158673240699,13.04,43747.1378150716,103.004,230.73,15.1124735714226,1,23.4047795023405,15.7856797423193,0,785,160.72,62.4416666666667,1892.83731482068,4.2
"California","CA","CA-519","Chico, Paradise/Butte County CoC",2021,2022,48.5258933395076,0,11,12.2373484195337,123.03925993672,1,441.006430727927,22.5267298880257,36.390243902439,4396377.11462179,9.645738758,11.96474912,0.307280876,-15.67612596,13.394522977616,-1.832029838,0.847758151,16.6,18.3,74833.1892028657,66597.9976502783,6.9,90.3,58.6272955476285,38.0846569890241,17.565620257209,10.39,44166.4639376596,99.263,259.25,15.4461823955615,1,35.8608791730675,18.6088886519702,0,878,160.72,61.075,2017.50905443565,4.3
"California","CA","CA-519","Chico, Paradise/Butte County CoC",2022,2023,59.6760032033037,0,12,12.2419850075044,123.611069652495,1,446.578104499498,20.0149058662144,41.3383702104695,4327678.34069284,9.882392757,12.56572347,1.315073792,5.869483761,23.0039746854982,0.464737609823951,1.73400876894167,18.3,18.7,69704.0720348602,59713.8115250733,4.6,90.3,59.8087000959392,37.8924102794636,17.1910869565217,10.12,43082.6727230645,97.312,285.48,15.4034853675129,1,29.7619047619048,17.3651308173188,0,925,199.72,61.7416666666667,2042.06206015028,3.9
"California","CA","CA-519","Chico, Paradise/Butte County CoC",2023,2024,66.2077032974409,0,13,12.2418595854107,123.595566990754,1,454.454232316703,9.86178637396234,21.7438105489774,1862039.97496496,9.184800699,11.10955673,1.862044679,0.183310098,21.9599972984186,-0.012541483,1.75089921258142,19.9,20.8,66657.1877306456,60276.1282432103,5.2,90.3,60.88666024,39.1473064185858,17.6934802834037,-1.79,45213.7841565632,102.111,280.36,16.377947020243,1,35.5064982680934,10.6133554605714,0,1130,219.73,62.15,2066.79124978034,4.4
"California","CA","CA-519","Chico, Paradise/Butte County CoC",2024,2025,66.5356984097395,0,14,12.2481114993767,124.370700077832,1,458.693296769678,9.88743376151008,26.8498942917548,1673125.80639956,9.7914743,10.6859803,3.005732533,4.164742998,20.9793562367561,0.627152822670118,1.56578416594126,18.7,20.7,66859.060308744,62802.9528783193,5.9,90.6,60.0386933551604,40.9307726886769,17.6947474893433,2.81,47886.9267618344,108.659,288.25,16.4214875725696,1,39.2164383036254,13.7593127055507,0,1171,239.94,62.2333333333333,2089.63429360949,4.8
"California","CA","CA-520","Merced City & County CoC",2011,2012,19.2435225613052,0,1,12.4657332584234,131.047277354097,1,323.16609910643,1.87359778509714,44.5859872611465,509136.161165151,16.66996113,5.635462329,0.294563368,-1.310031821,20.6867028928217,1.00342395051438,0.095561183,26.8,35.8,57280.1703435479,42679.5671472217,17.7,66.7,54.5248895953364,46.7928422004862,13.684786574243,-4.45,29434.3703281291,83.61,91.18,11.4514534873146,0,8.75443988939324,0.385658144907191,1,638,171,63.3916666666667,1796.44676582249,6.1
"California","CA","CA-520","Merced City & County CoC",2012,2013,14.1970644134552,0,2,12.4717698112452,131.840746717205,1,321.788497586893,1.63204040789097,39.4160583941606,410156.022067838,16.54093709,5.994263348,-0.149952707,-4.333248745,21.5090448389409,0.605483287504294,0.176619409041012,24.2,35.6,59673.1428870857,42414.3214565686,16.4,66.6,53.1587985896556,45.3366492440848,14.0441135411819,3.72,28330.836707669,81.019,94.57,11.2188649909919,0,7.74340947685986,0.536671943940782,1,638,160.72,63.05,1759.95944546185,5.2
"California","CA","CA-520","Merced City & County CoC",2013,2014,29.0448114545475,0,3,12.4762028308687,132.426498941309,1,320.807858762108,1.83202474423031,35.7142857142857,594015.382071836,16.03387309,6.173347128,0.283040699,-5.767910452,21.5665620968911,0.444287702162405,0.138187363003905,24.8,34.1,56670.1222826381,43519.4695616347,14.6,66.7,51.7290174576959,43.64929699,13.5787555798488,16.34,29142.9985721085,83.769,110.03,11.0567758032609,0,7.70915863311274,0.801447184630533,1,638,160.72,62.7083333333333,1734.53170413655,5.1
"California","CA","CA-520","Merced City & County CoC",2014,2015,33.7146568651376,0,4,12.4852940270641,133.635907976926,1,318.381054311528,2.00745967262965,0,693971.077713791,15.99407346,6.120297467,0.452089012,-1.086533256,24.4120127524875,0.91326814896231,0.149892933618845,24.8,35.9,59597.9423887183,46565.2278885426,13,68,50.7799298316819,43.0012971939646,13.4314693474553,22.74,31718.4092245969,92.067,135.05,12.2411219475664,1,8.24449075142104,2.68513230894905,1,670,160.72,62.3416666666667,1706.95644935509,4.5
"California","CA","CA-520","Merced City & County CoC",2015,2016,19.2804938197797,0,5,12.4925815300661,134.613340937595,1,316.598649161076,2.75119475375621,0,818468.774701966,15.46049905,6.315329369,0.844053567,-2.656507879,24.2009663867124,0.731414913451767,0.16748628037917,25.9,35.9,58250.2226245548,47769.5568546339,11.4,67.9,49.4980958247616,42.6758378852249,13.3963227783453,7.7,32202.5534748356,94.219,145.45,12.226311332377,1,8.40989213562453,2.92844458294068,1,704,160.72,62.1666666666667,1704.89119134813,4.1
"California","CA","CA-520","Merced City & County CoC",2016,2017,16.7468350694957,0,6,12.4973569720671,135.257718923559,1,315.886230140344,8.5166784953868,15.1388888888889,1821932.70069033,15.3900607,6.711849298,1.022508292,-4.93275978,21.4962559971303,0.478688056826848,0.252588139030197,20.3,27,63642.3840062953,47787.4593283643,10.7,68.6,50.0461837533672,40.5739354423247,13.9102223849181,8.76,32209.2073247863,94.754,158.19,13.4147767813952,1,8.40719207257835,4.85748875304527,1,704,160.72,62.225,2016.2409502437,3.6
"California","CA","CA-520","Merced City & County CoC",2017,2018,18.7487917242687,0,7,12.5102319693982,137.010427045381,1,314.523268510048,6.4504022705416,0,2039107.76996534,15.91909772,6.797543826,0.033412285,3.757025861,23.5119662407413,1.29582853812007,0.858765081618174,23,33.7,63094.399358239,47817.2955416082,9.5,68.9,49.8126566775743,39.5217835036516,14.3812605265491,9.42,33531.4738696418,100,173.09,13.7915561924704,1,5.45932068344793,4.79534924897453,1,704,160.72,62.275,1974.16275783648,4.3
"California","CA","CA-520","Merced City & County CoC",2018,2019,21.8957072889657,0,8,12.5214379760819,138.5544072392,1,312.831249931607,7.34582512272192,0,2144645.17555108,14.52919503,6.598844194,-0.550209355,3.836793233,24.3989626154929,1.12690707350902,0.582881805174384,21.2,28.5,72020.3683070945,47214.7629862048,8.4,69.4,49.6300574959434,39.0562527215866,14.9380859869921,8.72,33209.8206834493,100.176,188.18,14.1042933179875,1,8.09772716495654,4.74191230380338,1,714,160.72,62.2833333333333,1927.15935063047,4.4
"California","CA","CA-520","Merced City & County CoC",2019,2020,22.4818395517772,0,9,12.5342282517968,140.337944425449,1,311.106309420916,10.9737463536602,0,4020048.79385688,14.80888171,6.47662056,-0.521898915,5.005155564,25.2304811293575,1.28724680924017,0.728752492333529,17,22.5,75226.1153201488,48388.8810028975,8.2,69.1,49.5762855560287,37.1518124114777,15.0285054542559,5.06,33132.9720746824,101.252,197.7,15.1124735714226,1,12.9645635263613,5.87006626332469,0,785,160.72,62.4416666666667,1892.83731482068,4.2
"California","CA","CA-520","Merced City & County CoC",2021,2022,29.302799017071,0,11,12.5702121601112,145.479828056191,1,312.113085105644,11.3197466691896,0,4070028.40116638,13.31583586,8.325901579,0.40648341,11.66537305,20.7327325658146,1.75294720656074,1.85357337202974,21.9,28.8,64996.3473526462,56959.5798354479,10.3,70.4,50.8620594965675,37.4409893267652,14.561173715791,17.18,32731.8964730334,102.041,239.54,15.4461823955615,1,17.7520548611449,5.66259284220473,0,878,160.72,61.075,2017.50905443565,4.3
"California","CA","CA-520","Merced City & County CoC",2022,2023,26.6377637869115,0,12,12.5837622270818,147.46451225296,1,312.604316250887,8.00333289479454,48.2191780821918,1985865.63732186,13.3739336,7.901524235,3.412492344,5.034202559,22.0542118917956,1.3642332571373,1.52376924189976,18.8,26,71794.5450490227,51026.2457777961,7.8,71.4,52.9723166761221,37.2625931596462,14.3206430349095,16.21,32485.1832320894,103.832,278.36,15.4034853675129,1,19.0211151514321,5.20938649192374,0,925,199.72,61.7416666666667,2042.06206015028,3.9
"California","CA","CA-520","Merced City & County CoC",2023,2024,28.2001435276122,0,13,12.5924228897787,148.747203490902,1,313.197584933355,4.40442612280321,0,1393698.12535292,12.98072001,7.213786043,5.241426378,-2.238525849,23.3929851623578,0.86983045503306,1.0612638687892,18.6,22.7,62301.7104650042,49446.6070167284,9,71.9,53.949126990067,39.3313667649951,15.3485718335814,-0.15,32328.982140067,104.171,277.94,16.377947020243,1,15.4254397439513,5.43627832385949,0,1130,219.73,62.15,2066.79124978034,4.4
"California","CA","CA-520","Merced City & County CoC",2024,2025,24.1202987283859,0,14,12.60084074409,150.004625003904,1,313.041808313146,5.5966334097489,0,1782262.56197672,12.36961325,6.891931669,5.93443699,-3.011202349,23.2777528831867,0.845341279360157,0.795183336949457,18.4,24,67045.854729882,52837.1626077161,9.8,72.3,55.5572275453712,40.74600704,16.2599791480489,6.3,34592.4676690007,112.362,295.45,16.4214875725696,1,15.70043833198,1.34767711004121,0,1171,239.94,62.2333333333333,2089.63429360949,4.8
"California","CA","CA-521","Davis, Woodland/Yolo County CoC",2011,2012,25.0762552792116,0,1,12.2158001792887,197.640300869501,1,373.223605375482,3.34332793801576,27.3809523809524,1108937.57536912,12.03393321,6.083959636,4.098980962,-5.706813687,33.4383077334442,0.438149328850712,0.320764510933946,21.3,20.5,71820.6534090656,61339.7106048009,11.8,84.1,54.9752571063892,46.3879780617271,16.2258750408898,-6.96,57504.0252134207,80.911,136.45,11.4514534873146,0,12.9732513344623,6.2885607613615,1,638,171,63.3916666666667,1796.44676582249,6.1
"California","CA","CA-521","Davis, Woodland/Yolo County CoC",2012,2013,22.9771392007446,0,2,12.2286997117134,200.206295446879,1,369.623025183795,3.87484130342785,15.358361774744,1250096.92737145,11.41859149,5.765872137,3.96034733,3.379824367,37.4139684029407,1.29831545797559,0.321065619444361,17.1,17.6,71576.3586425281,61065.6845040926,10.7,84.2,53.6080174707826,46.2612922590375,15.8803139306736,-1.23,57402.4393236644,81.676,134.77,11.2188649909919,0,14.273424057563,6.15908024401689,1,638,160.72,63.05,1759.95944546185,5.2
"California","CA","CA-521","Davis, Woodland/Yolo County CoC",2013,2014,21.2094165970883,0,3,12.2370527673155,201.885642012394,1,367.9444670661,10.7108979763912,59.7785977859779,2573081.91686071,12.19369725,6.240447054,5.20848545,-2.72593631,38.130417078704,0.838808071328012,0.3808717731697,17.8,17.9,76030.5367141479,61649.8176850317,9.1,84.3,53.2650243666224,45.081846984276,16.5201373980249,9.69,59403.9191976323,85.083,147.84,11.0567758032609,0,15.2696178232796,6.35022201539565,1,638,160.72,62.7083333333333,1734.53170413655,5.1
"California","CA","CA-521","Davis, Woodland/Yolo County CoC",2014,2015,23.4864669845357,0,4,12.2472097903853,203.94665825189,1,368.069751149243,2.84205723225344,0,1238805.81447933,11.9269816,5.681352336,5.560780342,-1.567435916,34.7028282421136,1.02088302018497,1.05528035413154,19.5,17.5,74139.0351377664,63645.6733793803,7.6,85,52.5218934730163,44.708963911525,18.0361085972851,14.79,61236.383942601,88.452,169.7,12.2411219475664,1,14.6834422595226,3.93477864470868,1,670,160.72,62.3416666666667,1706.95644935509,4.5
"California","CA","CA-521","Davis, Woodland/Yolo County CoC",2015,2016,24.6722349241978,0,5,12.2645207828747,207.507929902187,1,362.799888698671,4.60176530996919,4.51977401129944,1830878.02096973,11.45480276,6.179314282,7.054598214,5.013854698,36.8662073128746,1.74617798635304,0.289420507137739,17.5,16.8,79832.3790842741,66646.981551824,6.5,85.5,52.2520804264247,43.2223406400323,18.6179126710735,5.93,64028.9097676367,93.947,179.76,12.226311332377,1,13.1109193206846,4.19738064583068,1,704,160.72,62.1666666666667,1704.89119134813,4.1
"California","CA","CA-521","Davis, Woodland/Yolo County CoC",2016,2017,21.0090764702921,0,6,12.2813099797145,211.021248183189,1,358.262184234813,8.71186133512835,10.4011887072808,3095723.68439144,11.28923641,5.990684276,6.308690935,5.172284784,42.3972879092136,1.69310073241935,0.421178519895493,19,15.2,85378.34682519,67006.8100230693,5.9,85.6,51.7722995953427,41.2159636562293,19.9289104024298,8.34,65784.4086802837,97.997,194.75,13.4147767813952,1,16.463615409944,3.33909946342527,1,704,160.72,62.225,2016.2409502437,3.6
"California","CA","CA-521","Davis, Woodland/Yolo County CoC",2017,2018,20.3527199047783,0,7,12.2944406019497,213.810372723818,1,356.650814502213,7.43069815195072,37.6511226252159,2307201.71729992,10.5873247,6.288815583,5.376591785,3.446178796,44.8102088549367,1.32172687093917,0.866008207013502,17.5,14.1,85244.9520848887,66703.8466360399,5.2,86.1,51.7286251718352,39.5863216478283,20.8692572919579,7.2,66339.0301643263,100,208.77,13.7915561924704,1,10.8020523899541,4.6229122516329,1,704,160.72,62.275,1974.16275783648,4.3
"California","CA","CA-521","Davis, Woodland/Yolo County CoC",2018,2019,29.7052154195011,0,8,12.3019235881868,215.416321275106,1,356.608728045866,9.88585405625764,49.6134020618557,3078900.31132438,10.27371493,6.301941427,3.834973039,-0.319201085,46.1752332839659,0.751108812369261,0.739219712525663,20.1,15.2,86938.8640120749,66765.8779419024,4.3,86.4,51.3224647318557,39.0443763156779,21.0581029051453,6.63,68629.7040100966,104.053,222.61,14.1042933179875,1,11.0849635195668,5.99678354337219,1,714,160.72,62.2833333333333,1927.15935063047,4.4
"California","CA","CA-521","Davis, Woodland/Yolo County CoC",2019,2020,29.4360764144012,0,9,12.3036575090061,215.790161827569,1,359.469387755102,11.2915231570846,24.4692737430168,3895483.42769538,10.05406043,6.291163775,3.889990877,-5.955271914,47.1156462585034,0.173543281330923,0.977119853240938,16.9,13,89353.7593638336,69643.3157083057,4.2,86.5,51.5294140156027,37.6580723939985,20.8257996083551,3.26,71403.077377491,108.046,229.87,15.1124735714226,1,12.1541950113379,6.43990929705215,0,785,160.72,62.4416666666667,1892.83731482068,4.2
"California","CA","CA-521","Davis, Woodland/Yolo County CoC",2021,2022,33.4748310553098,0,11,12.2715092008143,208.963167864262,1,381.404432288642,15.0910497427522,59.8047192839707,3507420.97470449,8.982480222,7.099730108,2.374305562,-22.33794901,21.7165283527847,-1.945260838,1.21046417697135,14.8,11.6,90594.2360857214,78613.9393861486,6,87.6,52.5987854309136,37.1943177446832,21.1194861131739,12.35,73135.2970099979,109.067,261.98,15.4461823955615,1,13.1601131488732,11.8956182911523,0,878,160.72,61.075,2017.50905443565,4.3
"California","CA","CA-521","Davis, Woodland/Yolo County CoC",2022,2023,33.203881745524,0,12,12.3142766147396,218.093880834109,1,370.071885629156,11.2886797943544,46.0794844253491,3234288.47636703,8.928039452,7.048934639,7.905989761,29.68068968,57.3604243136762,4.36953223056893,1.26843404265768,16.1,14.5,90615.4036702138,70163.976097976,4.2,87.9,53.6168460566132,38.7588570495995,21.1341958041958,14.63,70211.903034862,109.509,300.32,15.4034853675129,1,16.288691250774,15.3014978416362,0,925,199.72,61.7416666666667,2042.06206015028,3.9
"California","CA","CA-521","Davis, Woodland/Yolo County CoC",2023,2024,42.192958882021,0,13,12.3102659802973,217.220933784902,1,376.420288157432,8.64142858852677,31.3019390581717,2721759.46992304,8.434948383,6.636451926,9.388151505,-15.45807705,55.1896270532794,-0.400262055,1.30832282471627,15.3,11.6,96357.2738496772,70859.451943517,4.8,88.4,55.1345656546308,39.20181111,21.5729722241463,-1.87,69211.9828278433,107.747,294.69,16.377947020243,1,16.8947837918202,17.074994818933,0,1130,219.73,62.15,2066.79124978034,4.4
"California","CA","CA-521","Davis, Woodland/Yolo County CoC",2024,2025,43.0016487678802,0,14,12.3160967696414,218.491208751125,1,378.478007704022,8.47347305885277,36.3128491620112,2332078.5638542,8.490146489,6.288997399,9.137014793,-5.520841288,57.4263190898504,0.584784782980874,1.13463632990629,17.4,11.9,89688.0070635357,72915.5101941023,5.4,88.6,56.095341463299,41.3149274053304,21.877572448551,3.8,70624.9739179848,111.097,305.88,16.4214875725696,1,13.7507838394697,13.437248051599,0,1171,239.94,62.2333333333333,2089.63429360949,4.8
"California","CA","CA-522","Humboldt County CoC",2011,2012,62.8659750914009,0,1,11.8148358334326,37.7467767276769,1,456.68167668567,4.2582128458786,28.5171102661597,681616.119412683,11.45597442,8.784393825,0.444030016,-1.369092551,40.9559089934414,0.173321778548097,0.272749411478213,21.1,26.3,56578.7688174499,51382.6717975808,10.5,90.2,58.5809731975383,45.5479916991525,15.3190625,-6.4,39440.0945312211,98.226,171.94,11.4514534873146,0,29.5024511434973,3.0315801926902,1,638,171,63.3916666666667,1796.44676582249,6.1
"California","CA","CA-522","Humboldt County CoC",2012,2013,64.2842793687641,0,2,11.8098620817174,37.5594983680999,1,460.794221680587,2.85437832607644,33.8983050847458,506389.098722489,10.66656783,9.547282397,0.355799344,-6.441450624,41.1229676307107,-0.496143978,0.399915807198492,22,27.2,55865.7405807678,50749.9381448756,9.6,90.3,56.8395263372805,46.7884375972611,14.9506609763714,-3.24,38261.8415589038,94.91,166.37,11.2188649909919,0,29.2780073120709,2.45221888654401,1,638,160.72,63.05,1759.95944546185,5.2
"California","CA","CA-522","Humboldt County CoC",2013,2014,69.2967716031942,0,3,11.8086054685331,37.5123298989963,1,462.645923082074,2.73395410173526,24.1176470588235,565610.912325804,11.4434427,9.61427642,0.260247235,-3.227065712,40.7803397245597,-0.125583331,0.275761973875177,21.5,25.6,56502.8885486138,50789.2996522788,8.2,90.4,56.9717076767118,45.7547813541809,14.1148910165003,2,38040.8434199597,94.34,169.71,11.0567758032609,0,14.7318140220084,7.58911631436798,1,638,160.72,62.7083333333333,1734.53170413655,5.1
"California","CA","CA-522","Humboldt County CoC",2014,2015,87.3414161152315,0,4,11.8092823026118,37.5377283054367,1,463.6117596324,3.75282664827675,17.948717948718,665761.618551664,11.03768357,10.03358163,0.014875584,-0.148755843,40.537124332684,0.067706822,0.276611826763795,21,23.9,55195.2188615769,52143.0991226504,6.8,90.3,54.861557781249,45.6840009369876,14.0541359458641,3.87,37878.0171775507,94.095,176.28,12.2411219475664,1,16.8037235861823,6.31998453462608,1,670,160.72,62.3416666666667,1706.95644935509,4.5
"California","CA","CA-522","Humboldt County CoC",2015,2016,83.2049306625578,0,5,11.8137927294752,37.7074231528626,1,463.249988897278,3.43527306426357,23.2558139534884,642076.632009123,10.71232511,9.599548955,0.222555231,3.241887862,40.5989548637326,0.452064776123851,0.373678892755769,20.9,23,55343.077485523,55170.5506478328,5.6,89.8,54.9056935556626,45.0477666398572,14.1656316807493,4.28,38864.2709867452,97.074,183.81,12.226311332377,1,16.2839928350432,6.58761528326746,1,704,160.72,62.1666666666667,1704.89119134813,4.1
"California","CA","CA-522","Humboldt County CoC",2016,2017,55.6015442431524,0,6,11.8225475846901,38.0389979534252,1,460.723457333627,3.64696139635622,9.1703056768559,641544.458958585,10.82566914,9.727626459,0.07369414,7.561018748,40.4578472375083,0.879335613092325,0.329147093599214,20,21.4,57903.5424992144,55816.2032320293,5,90.3,55.4983014618879,45.2356487854055,14.08947576,6.46,38975.5135950561,98.369,195.69,13.4147767813952,1,17.8296279991195,7.92427911071979,1,704,160.72,62.225,2016.2409502437,3.6
"California","CA","CA-522","Humboldt County CoC",2017,2018,51.5986025072664,0,7,11.8241384999484,38.0995633841677,1,461.712586167742,4.6488013073762,28.6689419795222,736038.986374526,10.84322775,10.1907279,-0.036657295,1.004409873,40.2982997208934,0.159219311761682,0.374251497005984,19.7,24.7,60581.7091681251,56280.0571176165,4.3,90.5,57.04007126,44.3012999071495,14.6322512485594,8.08,39520.702187977,100,211.5,13.7915561924704,1,29.1560139773052,4.02909740892408,1,704,160.72,62.275,1974.16275783648,4.3
"California","CA","CA-522","Humboldt County CoC",2018,2019,125.555112940586,0,8,11.8222100146044,38.0261591985212,1,464.835148703796,5.98443100535283,50.131926121372,807767.67683446,10.00179651,10.07512346,-0.109990431,-1.693852635,40.7063797304835,-0.192664112,0.482332968410359,20.3,23.2,63432.1358849236,56235.0996672996,3.7,90.3,57.6298355972893,44.4638638677089,15.3884000378465,4.35,39788.2325557713,100.612,220.7,14.1042933179875,1,26.2763864830745,4.11027274595579,1,714,160.72,62.2833333333333,1927.15935063047,4.4
"California","CA","CA-522","Humboldt County CoC",2019,2020,124.800070433902,0,9,11.8171622488865,37.8346942884321,1,470.10873574411,6.07277919876975,17.8294573643411,1068713.37619935,9.948418334,10.22803364,-0.125091059,-4.59893599,40.4918927691468,-0.503508411,0.625286194754548,19.1,20.5,64396.7686334269,57628.8992190248,3.7,90.5,57.9544764795144,43.8467994201572,16.8091064964755,2.72,41283.2929251621,103.978,226.69,15.1124735714226,1,29.2125879697251,4.13107304622376,0,785,160.72,62.4416666666667,1892.83731482068,4.2
"California","CA","CA-522","Humboldt County CoC",2021,2022,122.093066328836,0,11,11.8135558450959,37.6984918451034,1,463.241282298068,5.92935911778808,42.3180592991914,1075921.76931855,8.976740073,10.96665782,0.29480263,-7.605907845,23.3582586806841,-0.900966999,0.577068364115663,19.4,23.8,64070.7645767891,64234.7317437574,6.4,91,59.3589474000421,43.1986362403626,17.1642592918795,12.68,41314.4956955948,102.569,267.33,15.4461823955615,1,32.0574516917154,4.22003405641519,0,878,160.72,61.075,2017.50905443565,4.3
"California","CA","CA-522","Humboldt County CoC",2022,2023,123.622682074711,0,12,11.8128818982974,37.673093438663,1,466.198445684143,5.21238895863461,26.219512195122,912098.288210811,9.376076194,12.19778633,1.044254932,1.414558099,29.4045740448514,-0.067372474,0.570560971711687,18,20.5,63440.3547350566,59263.809702551,4.1,91.3,58.8143490283723,42.4934688507084,17.1873461349089,16.25,41795.5752409027,103.79,310.78,15.4034853675129,1,33.1903481282274,18.6695708221279,0,925,199.72,61.7416666666667,2042.06206015028,3.9
"California","CA","CA-522","Humboldt County CoC",2023,2024,118.874882863275,0,13,11.8052741319127,37.3875706937341,1,472.0803846039,4.60166355672222,35.0515463917526,768295.309607688,8.381207355,11.92853292,1.041143771,-4.900812464,33.5632595777718,-0.757895673,0.494223465285182,16.7,18.5,64779.5353529055,59346.2835091578,4.6,91.5,58.8948366316655,42.1489802512782,18.3165508786269,3.45,41904.6407330851,103.287,321.51,16.377947020243,1,30.3831108722267,20.8277344799785,0,1130,219.73,62.15,2066.79124978034,4.4
"California","CA","CA-522","Humboldt County CoC",2024,2025,113.105501834451,0,14,11.7930162967262,36.9320739980118,1,480.260572534083,3.05271439811172,8.76288659793815,599662.176134407,7.908968004,10.8457263,1.013970257,-10.25987682,32.707596505547,-1.21831049,0.493374237009392,18,17.7,60513.1817049191,63665.0809758792,5.1,91.9,59.4672514530203,43.6232819500342,17.4449722882027,-0.63,44229.5890617918,107.693,319.5,16.4214875725696,1,32.1937063571234,32.9494271636287,0,1171,239.94,62.2333333333333,2089.63429360949,4.8
"California","CA","CA-523","Colusa, Glenn, Trinity Counties CoC",2011,2012,48.3840061318344,0,1,11.0532364566516,11.0960543025163,3,434.668313617432,2.36811425240455,0,566704.993488839,13.8234492466204,9.04508814737878,-0.727430651583844,-6.7670066028553,14.6958683706273,-0.270848028691675,0.282304931944109,17.6507419196478,25.6545267391958,58887.473814631,49668.913418236,17.7185598682439,76.3506263163729,67.3716086190234,38.3890981590205,11.5756743811705,-6.71582672177617,44914.9717514124,103.766666666667,138.203333333333,11.4514534873146,0,50.0419655723946,0,1,638,171,63.3916666666667,1796.44676582249,6.1
"California","CA","CA-523","Colusa, Glenn, Trinity Counties CoC",2012,2013,111.384950228851,0,2,11.0449198383872,11.0041538733555,3,439.096831885539,2.18197687104517,0,601077.068342373,12.582627477101,8.44046172812276,-0.875800088520807,-11.7458779034448,15.1699029126214,-0.825839701630158,0.166760976709076,16.9222534491569,25.9068887327542,60086.6841318135,47371.1093931913,16.5508383367399,75.974581630046,66.1773608236708,38.8937037625088,12.0584022767718,-2.61365530786919,41818.1475489657,97.264,132.433333333333,11.2188649909919,0,34.1722023505365,0,1,638,160.72,63.05,1759.95944546185,5.2
"California","CA","CA-523","Colusa, Glenn, Trinity Counties CoC",2013,2014,91.2529170354872,0,3,11.0427138140895,10.9799048117414,3,440.882757737733,3.30320519801082,0,979766.182921608,13.0459212141959,7.87983331237471,-0.527707607751624,-6.93964378498262,15.2514163172551,-0.220205129260426,0.192020235921788,17.6701757193611,26.9201213071728,59500.5051774392,49792.1134109833,14.5035495951093,75.3965016163621,65.0339379020818,38.3099739477226,12.2404534027721,4.45375908203438,44275.4481659191,102.561666666667,138.03,11.0567758032609,0,45.4501808405083,0,1,638,160.72,62.7083333333333,1734.53170413655,5.1
"California","CA","CA-523","Colusa, Glenn, Trinity Counties CoC",2014,2015,21.9079222913109,0,4,11.0370808100995,10.9182278506793,3,444.886135028567,4.26871178960315,0,1156999.88584868,13.2515169984869,9.23815075013195,-0.498682305057987,-9.23496693661803,15.9330490061962,-0.553740405549964,0.358386334700763,16.7373316166412,24.0951911161181,58955.6299258844,46488.0872478443,12.8639446366782,76.3044194093506,64.1369901559319,37.8322028932966,13.2126322263357,13.417427536815,38610.2295245674,91.8403333333333,154.783333333333,12.2411219475664,1,24.6238030095759,0,1,670,160.72,62.3416666666667,1706.95644935509,4.5
"California","CA","CA-523","Colusa, Glenn, Trinity Counties CoC",2015,2016,18.4994530596487,0,5,11.0361630464799,10.9082119339257,3,447.08270240665,3.02659076169201,0,898828.741510311,12.3663071871915,8.9985166704293,-0.273859655287783,-3.97624707551894,15.4966332678244,-0.0910958607082791,0.399980140621107,16.9404861625697,24.8953075163504,61013.4057935869,50324.470402865,10.8015996005026,76.0070298656529,63.01419715851,37.6816871755347,14.0695967041724,7.37080785463449,42544.3326460055,98.134,167.983333333333,12.226311332377,1,13.0481007764425,0,1,704,160.72,62.1666666666667,1704.89119134813,4.1
"California","CA","CA-523","Colusa, Glenn, Trinity Counties CoC",2016,2017,28.2817245424306,0,6,11.037547419387,10.9233236679751,3,447.895888295476,4.70495277089394,0,1284630.15854739,12.6826488330145,9.54688787642764,-0.0806664167041374,-1.56663029442365,15.5878000128692,0.152795970254787,0.320912881288504,15.7127919696287,22.1263303519722,63889.750815563,51403.4711496105,10.6693069944019,74.7342062930313,60.8869992819349,36.8068165447251,14.6734527648748,6.4805656006692,43372.2885824532,101.604333333333,176.223333333333,13.4147767813952,1,8.68669969757416,0,1,704,160.72,62.225,2016.2409502437,3.6
"California","CA","CA-523","Colusa, Glenn, Trinity Counties CoC",2017,2018,43.2592975206612,0,7,11.0386246158866,10.9350967631066,3,449.374106152882,3.18254961559092,0,759375.650450775,13.3007315871893,9.28955464253838,-0.788592270701097,-2.05431419281996,15.6192251450242,0.109908530273318,0.446452380742765,15.0231620896338,21.238321736755,64794.6271200052,50545.5753293425,9.62662017322556,74.9628384567177,61.0906436478482,35.900108040137,14.7065982804555,5.96140219504748,41256.1526028483,100,185.696666666667,13.7915561924704,1,14.1408622712153,0,1,704,160.72,62.275,1974.16275783648,4.3
"California","CA","CA-523","Colusa, Glenn, Trinity Counties CoC",2018,2019,30.8557653676175,0,8,11.0341313120349,10.886071486365,3,452.834452479339,6.48748841519926,23.0769230769231,1492459.09257458,12.2277570323894,9.17996067744959,-1.12802041171281,-6.38079981866548,15.6411415289256,-0.445105933659425,0.244004719279503,15.136508910124,19.6204658445248,63374.478828135,52794.7065171547,8.72575380940083,76.3638704158058,60.104149557411,33.9400052828162,15.3839355505628,9.66299070247934,45631.5997506803,107.773666666667,204.933333333333,14.1042933179875,1,20.6611570247934,0,1,714,160.72,62.2833333333333,1927.15935063047,4.4
"California","CA","CA-523","Colusa, Glenn, Trinity Counties CoC",2019,2020,39.0449690333004,0,9,11.0385281978178,10.9340424560799,3,453.772599437525,3.57699390848562,0,942140.375872828,12.4276728879675,8.70160894548884,-1.04977177313229,1.82063850992988,15.6207312173564,0.460576775652663,0.650827096474587,12.9340586580956,18.551914825231,68658.1181745322,52087.006019072,8.43199839292889,77.0627802330253,60.6469921026251,33.1212925948542,13.8806563134066,7.25750984331057,41207.5502851996,100.206333333333,212.473333333333,15.1124735714226,1,13.1779831257533,0,0,785,160.72,62.4416666666667,1892.83731482068,4.2
"California","CA","CA-523","Colusa, Glenn, Trinity Counties CoC",2021,2022,51.4348819266902,0,11,11.1086945948769,11.7288142363747,3,407.982261640798,3.67215041128085,0,943173.349953545,11.751082941578,10.1486267146381,0.209400210481857,-3.44713110538723,7.85042248456883,-0.144167645000884,0.296362377465469,15.0206612932223,21.3753370887517,65753.1236713302,60351.2116966499,8.75060226523641,79.6473182717085,61.7075689093597,33.4776727800507,14.4929176631157,9.97007460897705,42717.0060077606,102.807,242.34,15.4461823955615,1,21.4238628872775,0,0,878,160.72,61.075,2017.50905443565,4.3
"California","CA","CA-523","Colusa, Glenn, Trinity Counties CoC",2022,2023,54.619936276741,0,12,11.098984538381,11.6154762310044,3,413.400299532548,8.48977202034618,46.1206896551724,1627714.1498559,11.3122373619886,11.1953712322639,1.10097953783385,-11.1010568345025,7.50344159871715,-0.961829438457967,0.397872636618178,13.5751675415639,18.619528614435,69511.2843434237,55157.9514252157,7.38024900534015,80.4936145106879,62.7211940351867,31.4973261568536,14.0873415934789,11.3860060814184,44066.3237518911,103.336333333333,269.14,15.4034853675129,1,25.7174409633451,0,0,925,199.72,61.7416666666667,2042.06206015028,3.9
"California","CA","CA-523","Colusa, Glenn, Trinity Counties CoC",2023,2024,37.5569790862145,0,13,11.0960606261362,11.5815626883121,3,417.129418904567,5.31044265813116,46.5753424657534,884579.5899763,10.5188730975051,10.6168636706808,2.4252136613167,-5.15660212594265,7.81368532847823,-0.288256726899525,0.619344907533858,14.8362858443332,18.2268274920346,65661.1656733076,56215.399420356,8.32142922166591,81.3762524654832,65.0621453399285,31.004993865747,14.0565348101258,-0.580171142467,49682.4927615323,115.371666666667,268.363333333333,16.377947020243,1,25.7927476862388,0,0,1130,219.73,62.15,2066.79124978034,4.4
"California","CA","CA-523","Colusa, Glenn, Trinity Counties CoC",2024,2025,34.5525670882993,0,14,11.0979250398787,11.6031759823595,3,418.487725834053,6.5860895997684,50.5494505494505,1222749.00685959,9.92955835590553,9.9903056217109,3.56378131979344,-1.51244423625331,7.7536989081217,0.187606370566868,0.52511115397284,16.6493813699211,21.8617115684582,65056.7770236182,57056.1739341378,8.68679296715279,80.1943664531371,63.4399997037773,34.5818117224324,16.3650477425321,3.76237290445686,47391.4419872766,114.118666666667,279.43,16.4214875725696,1,21.2015204518953,0,0,1171,239.94,62.2333333333333,2089.63429360949,4.8
"California","CA","CA-524","Yuba City & County/Sutter County CoC",2011,2012,29.4676065954732,0,1,12.0255814126709,133.318415208171,2,369.297662468333,2.36774674840258,9.58904109589041,507692.595614703,15.4956373644438,7.72291391360266,1.98624557267571,-10.5583546016491,13.3616017152679,-0.0760380586368624,0.204720835982033,17.4497367806386,25.5853531451569,66393.9958930397,48667.3165389664,17.6790304903247,78.2434141258063,58.749510997661,43.5319994213986,10.9185052538896,-10.2527928203101,36768.351567023,97.028,115.92,11.4514534873146,0,22.0397554066275,0,1,638,171,63.3916666666667,1796.44676582249,6.1
"California","CA","CA-524","Yuba City & County/Sutter County CoC",2012,2013,88.6054046313478,0,2,12.0255334992983,133.312027588036,2,370.058036810551,1.87744796555854,12.9310344827586,455280.469741872,15.2269698431337,7.57606781851098,2.53867782476219,-10.4466811292916,11.4815857405533,-0.00357615583307209,0.20018322806133,20.3691284895456,26.9331486616795,62232.9303503276,47557.5128756573,16.2461964626893,78.1179345124369,59.1466487970079,43.3349352181769,11.4734392609537,-1.51009972269305,35560.0640460941,94.1285,114.345,11.2188649909919,0,20.4835801944143,0,1,638,160.72,63.05,1759.95944546185,5.2
"California","CA","CA-524","Yuba City & County/Sutter County CoC",2013,2014,43.1344356578001,0,3,12.0293235337847,133.818246483784,2,369.338353311813,3.26332794830372,23.7623762376238,836591.06932323,14.7063401739463,7.92088662655404,2.07427937988878,-5.01575584062287,11.8916209717358,0.379747708465202,0.182235510721897,18.6827592379339,26.5338747113612,62542.533061298,48554.9246689573,14.1458415126762,78.6052739607511,58.3365927417095,43.5233464904072,11.9389965255198,13.8641183314737,36608.2696140177,97.5375,130.415,11.0567758032609,0,20.4060931878256,0,1,638,160.72,62.7083333333333,1734.53170413655,5.1
"California","CA","CA-524","Yuba City & County/Sutter County CoC",2014,2015,42.2850460942437,0,4,12.0335746788849,134.388341580889,2,368.977666343852,4.50863887412846,0,1137229.8764621,14.8503464381447,7.84746891878153,2.20839092876409,-4.89921396163416,11.829292203124,0.426271680452269,0.323351147942793,17.9960810642204,24.2077237970186,64297.0139119789,48442.9311397342,12.1446685005733,78.9242651995413,58.3582289337534,41.7828680222321,12.2422100277334,19.2556197158831,34667.6669211345,93.0235,155.685,12.2411219475664,1,20.3195275412778,0,1,670,160.72,62.3416666666667,1706.95644935509,4.5
"California","CA","CA-524","Yuba City & County/Sutter County CoC",2015,2016,41.1262258778867,0,5,12.0395929413335,135.199569338113,2,368.405511229751,5.94732370433305,26.1455525606469,1572680.91737964,14.8388749471559,8.24545737995559,2.52315578469881,-3.02095841223993,12.2603010742528,0.603710630949237,0.441221779842125,19.2928889072623,27.5922168348816,66463.9675242516,51599.673841213,10.0877940316665,79.5057669479764,57.6477041269587,41.3439453565293,12.5623874801618,5.63176368801195,35409.2988869743,95.796,164.51,12.226311332377,1,20.7881790854382,0,1,704,160.72,62.1666666666667,1704.89119134813,4.1
"California","CA","CA-524","Yuba City & County/Sutter County CoC",2016,2017,43.9860633630818,0,6,12.0476336171995,136.291053928788,2,367.546603864225,4.16015811788709,0,1341739.67447333,14.8951049326764,8.48161602451123,2.0101992051566,-0.370518767661816,11.8047500205045,0.808658124154996,0.568887114680313,16.8804492249288,24.3608984498576,65714.8838397659,52179.8604113493,9.25352736475799,80.5173046504271,56.6208254730373,39.9784891820405,13.0082144530871,9.75278709269219,36110.6210994174,98.855,180.695,13.4147767813952,1,12.1855484082627,0,1,704,160.72,62.225,2016.2409502437,3.6
"California","CA","CA-524","Yuba City & County/Sutter County CoC",2017,2018,43.9895345159714,0,7,12.0597917508829,137.958222784186,2,364.586588880786,4.80998190303839,0,1580986.4223813,14.7703986434042,8.97868352421374,1.18448383268768,5.21561835717047,11.8125730689539,1.23016496043905,0.404072572943986,14.130732367955,19.8398617911588,70898.9784213964,51454.9152355938,8.20222939889572,80.2069000243081,56.7323028839324,38.5684266625668,12.661414743415,10.0717355974581,35989.620928385,100,199.04,13.7915561924704,1,17.0156613536132,0,1,704,160.72,62.275,1974.16275783648,4.3
"California","CA","CA-524","Yuba City & County/Sutter County CoC",2018,2019,41.0501084611049,0,8,12.0662702023349,138.854884960724,2,363.135044995831,7.53748950927143,0,2428602.4377452,14.0669467316022,8.73403492901326,0.292516193452316,0.885792090770634,10.8795031770219,0.653075771948795,0.248546631128966,15.150101492194,19.6946988298209,68280.1997819223,52492.7733483045,7.08644259797016,79.7838935050746,57.7778926809589,37.2405185584857,12.5488454776965,7.07110083091343,37584.5721037529,105.275,213.205,14.1042933179875,1,18.2283430608666,0.805037232972025,1,714,160.72,62.2833333333333,1927.15935063047,4.4
"California","CA","CA-524","Yuba City & County/Sutter County CoC",2019,2020,39.7334935164417,0,9,12.0761917246757,140.239401625121,2,362.288557780447,10.6550163439779,3.53982300884956,3207500.91655172,13.8252566793035,8.10659203793124,0.57118444820734,3.65044554780258,10.4988072125211,0.998607043300056,0.755343839738925,13.8749503242446,18.0270543558094,74281.2125040647,53760.1091826651,6.83857685366006,80.0363734705846,58.6116084877243,36.9854957139553,13.002680091765,7.26166335494964,37744.1106824827,107.058,228.705,15.1124735714226,1,12.0702121966078,1.65111393255484,0,785,160.72,62.4416666666667,1892.83731482068,4.2
"California","CA","CA-524","Yuba City & County/Sutter County CoC",2021,2022,59.7775009289008,0,11,12.1134363876082,145.561087650613,2,354.973012111638,15.1592415743359,25.6880733944954,3897944.99776377,12.9607733741791,9.36824786785511,0.620017888870787,0.172654642663869,16.1762769878884,0.471859986929563,0.945188141995214,15.5455777163419,22.1176891346323,73802.7637772675,61409.6420777306,8.70748968755485,80.3292434614709,61.7023780784559,36.7891436862771,13.5630505381341,16.3146065911883,38963.2842179231,111.7545,280.285,15.4461823955615,1,40.5915394067053,6.80182552220467,0,878,160.72,61.075,2017.50905443565,4.3
"California","CA","CA-524","Yuba City & County/Sutter County CoC",2022,2023,52.2228609234173,0,12,12.1173124675518,146.126392032616,2,357.50114746574,11.2797468934843,15.9891598915989,3044368.79598535,13.5559511960027,9.94427531526304,3.27899048466684,-3.02677931620129,16.3541188555942,0.39909186540124,1.09850334118289,14.4687408475947,18.4609260594934,71454.6074938839,55904.482643191,6.21642569886128,81.0288707844294,61.6410588334647,38.3067427928243,13.6464265548202,13.7281982055821,39003.2292082156,112.3495,318.83,15.4034853675129,1,24.6431927961008,6.1744585054532,0,925,199.72,61.7416666666667,2042.06206015028,3.9
"California","CA","CA-524","Yuba City & County/Sutter County CoC",2023,2024,49.7923530106131,0,13,12.1248788589528,147.23624103118,2,358.868125074565,9.20273210831721,0,3053404.24351393,12.8433401504978,8.65916230136505,5.54029128119529,-2.18784178708849,16.9249791217015,0.76558089264683,1.13932659321793,15.3464794308088,19.5718354464702,75811.1104703283,55419.8717415555,7.21689081463325,81.5422864177178,61.8698921721983,38.2758736888978,14.6740223198534,-1.13888054359497,40625,117.8415,314.99,16.377947020243,1,23.5897658376807,6.12791618312166,0,1130,219.73,62.15,2066.79124978034,4.4
"California","CA","CA-524","Yuba City & County/Sutter County CoC",2024,2025,44.2718612317179,0,14,12.135516052067,148.810789394612,2,358.56932833979,13.0633866044173,5.26918671248568,5359451.01611971,12.3742703656926,8.62346922695294,6.85585474073186,0.0312310474187921,16.4078680502645,1.07718015014147,0.980421926177754,13.0222525674182,16.7260068464485,76180.538382798,57873.5989578622,7.7554948651636,82.7804323564446,63.7137680220906,39.859402728019,14.4281105598937,3.74699657677573,40563.0006343609,118.859,326.62,16.4214875725696,1,16.4722547136403,9.60434395355575,0,1171,239.94,62.2333333333333,2089.63429360949,4.8
"California","CA","CA-525","El Dorado County CoC",2011,2012,12.0171673819742,0,1,12.1059041833605,101.287491868803,1,488.045496750232,1.59673857652455,0,882760.557110425,9.020305354,7.236129831,0.480567401,-3.347400517,9.02529071052748,-0.110414274,0.128129535558785,10.3,13.4,88705.8215761111,72098.351156133,11.7,93,75.7718304968948,44.8465611604693,11.2444505194095,-7.52,37243.7101263231,84.858,121.79,11.4514534873146,0,9.61666003448733,0,1,638,171,63.3916666666667,1796.44676582249,6.1
"California","CA","CA-525","El Dorado County CoC",2012,2013,9.91839366104441,0,2,12.1039070207689,101.085405028347,1,489.735566938945,2.95135355180134,30.2681992337165,1267324.94690232,8.84620385,7.878045205,0.569830517,-3.546226809,9.08763671604596,-0.199518062,0.146084593171403,9.3,12.2,95985.8041466786,73521.4293603413,10.3,93.1,75.2692316285721,43.6472504600163,11.4168811962535,-0.39,36203.3875729793,82.242,121.31,11.2188649909919,0,10.5219437906687,0,1,638,160.72,63.05,1759.95944546185,5.2
"California","CA","CA-525","El Dorado County CoC",2013,2014,10.6494527819647,0,3,12.1089117542153,101.592581420183,1,488.662725023556,2.32288037166086,0,1368859.15354688,8.258390967,7.330357735,0.66288088,3.590604768,9.04226888765215,0.501730582860316,0.281565913562654,11.4,13.8,87074.8736446301,74421.7758347734,8.6,93.2,74.7883564,43.0894923973069,12.7477915456216,12,36626.5539065307,83.539,135.87,11.0567758032609,0,9.25716741697478,0,1,638,160.72,62.7083333333333,1734.53170413655,5.1
"California","CA","CA-525","El Dorado County CoC",2014,2015,14.5744951752461,0,4,12.1178368829227,102.503371695587,1,485.292832645215,2.13817085110453,0,1335831.43326811,8.826377099,7.663423746,0.630847338,7.230059053,9.24044826004325,0.896512582584408,0.20071490590079,11.4,13.1,95528.3555541474,76481.1698037341,7.1,92.6,74.1061694885087,42.0194591281698,13.8882331013917,12.93,37763.0981497527,86.816,153.43,12.2411219475664,1,7.59114839329794,0,1,670,160.72,62.3416666666667,1706.95644935509,4.5
"California","CA","CA-525","El Dorado County CoC",2015,2016,14.4642319439067,0,5,12.1257840743013,103.321235612222,1,482.312847769669,6.56032352280386,0,2839559.02148009,8.757686774,8.480269367,1.060713616,6.679775999,9.19981145262747,0.797889769971816,0.178931139645067,9.1,11.6,102667.053216044,79935.6234910809,5.7,92.3,73.831495818452,39.7553846153846,14.4148120206211,5.46,38874.9094671495,90,161.81,12.226311332377,1,7.20597716843023,0,1,704,160.72,62.1666666666667,1704.89119134813,4.1
"California","CA","CA-525","El Dorado County CoC",2016,2017,31.9060414778539,0,6,12.1333782891353,104.108870472391,1,481.637415580505,8.50702778739129,0,4395648.3016446,8.630530705,8.403837591,0.917567367,6.509330851,8.87748956854648,0.762316532028673,0.621208717142219,8.7,10,100744.973628278,83311.129723177,5.4,92.6,74.0663694351866,38.30322433,14.3281259388331,7.94,41604.243532454,96.954,174.65,13.4147767813952,1,6.66752699273025,0,1,704,160.72,62.225,2016.2409502437,3.6
"California","CA","CA-525","El Dorado County CoC",2017,2018,33.8146016168098,0,7,12.1478077373982,105.622002687767,1,478.696622305609,8.95704162976085,0,4465085.32162937,8.519838251,8.418411605,0.742015988,13.59650879,8.73441135473476,1.45341334365725,0.833956661047419,8.3,9.6,103061.015722476,83215.6231022823,4.6,92.9,76.3731316405547,37.7344517494144,14.9119183574292,7.42,42321.4706839609,100,187.6,13.7915561924704,1,8.74501136851478,0,1,704,160.72,62.275,1974.16275783648,4.3
"California","CA","CA-525","El Dorado County CoC",2018,2019,31.7875162697116,0,8,12.1587032216312,106.779103793643,1,477.698090654588,5.95924011457545,0,2600527.6862654,8.518152468,8.302035976,0.374250511,10.35250708,8.6292766296541,1.09551142416484,0.884632418069087,8.1,9,104973.126331847,84701.4102084487,3.8,93.1,77.0858011369476,36.4693493125287,14.2005589714925,5.84,43482.8374681833,103.809,198.56,14.1042933179875,1,4.9280194604343,0,1,714,160.72,62.2833333333333,1927.15935063047,4.4
"California","CA","CA-525","El Dorado County CoC",2019,2020,34.6690232538682,0,9,12.169636850889,107.952998819779,1,475.308930062279,6.5022910757146,2.68456375838926,2925510.46460251,8.467396093,8.858439632,0.391043539,11.00135823,8.72212110369575,1.09936774558836,0.593729079555305,8.7,9.1,108560.453900314,86925.6886100251,3.8,93.4,76.2263443882331,35.3883222,14.8907846060405,2.58,43660.7059782864,105.303,203.68,15.1124735714226,1,6.2226785519827,0.259278272999279,0,785,160.72,62.4416666666667,1892.83731482068,4.2
"California","CA","CA-525","El Dorado County CoC",2021,2022,26.4884870978778,0,11,12.173714729422,108.394119125261,1,486.967479380884,7.09498154668477,0,3238608.480799,7.789683736,9.795566272,0.446906472,14.23345147,5.76353992904029,1.25184979894057,0.702736185573616,8.8,10.5,104189.252929569,94456.9698524883,6.1,94.7,77.50700176,35.2292020373514,16.6109845876807,15.17,42284.3891309285,103.271,239.77,15.4461823955615,1,7.38518109187062,1.08453708342156,0,878,160.72,61.075,2017.50905443565,4.3
"California","CA","CA-525","El Dorado County CoC",2022,2023,25.5609349783955,0,12,12.1700049563683,107.99274443106,1,491.965331702209,6.31144172716449,11.3522537562604,2976575.70860036,8.449210312,9.944508401,1.340076835,-3.099251057,6.70246845744736,-0.370291947,0.652229245323044,7.6,6.5,115371.005153717,88008.9138962397,3.7,94.7,76.96141445,35.3240791046398,17.2124647247333,12.87,43060.7444929585,104.813,270.63,15.4034853675129,1,4.66529126968494,0.933058253936987,0,925,199.72,61.7416666666667,2042.06206015028,3.9
"California","CA","CA-525","El Dorado County CoC",2023,2024,14.7631399743205,0,13,12.1657244970605,107.531471421267,1,495.689520537248,6.3854143692828,9.86842105263158,3218993.26995952,7.423299498,9.490810485,1.750631162,-3.90645292,6.12213025144464,-0.427133334,0.326635548484311,7,7.8,113127.234956663,89656.0519140397,4.1,94.9,77.5929729814921,35.910636753458,16.3107272806979,-1.01,46215.0280606942,112.123,267.91,16.377947020243,1,4.32089124889375,2.03029829767297,0,1130,219.73,62.15,2066.79124978034,4.4
"California","CA","CA-525","El Dorado County CoC",2024,2025,15.0268038664122,0,14,12.1671862764777,107.688774474364,1,496.587323453119,4.57452710695182,0,2321274.51682096,7.392167216,9.192089705,2.080835247,1.373351263,6.38869684099994,0.146285595293882,0.327672579476346,7.9,8,110115.311260839,91913.1186296188,4.7,95.2,78.7845257510842,36.0646748869928,15.6871813846407,1.91,46693.9265544048,113.51,273.03,16.4214875725696,1,10.2926116722375,1.50750372977216,0,1171,239.94,62.2333333333333,2089.63429360949,4.8
"California","CA","CA-526","Amador, Calaveras, Mariposa, Tuolumne Counties CoC",2011,2012,24.6070341057388,0,1,11.9557120479224,28.940250530624,4,562.50040140524,2.08944658209927,0,582511.647679065,7.60282986650876,10.60999039095,0.435182845860086,-4.57563776794206,62.6192173561203,-0.712788835263457,0.170223658593865,14.6789014983655,21.9632499052684,67787.8304387523,51801.10674082,13.9862674450717,89.2947207182906,73.4933598454707,42.9831830462551,11.8827257273075,-12.2221477428181,38388.4905018393,92.88225,119.985,11.4514534873146,0,11.2393467049447,0.642248383139695,1,638,171,63.3916666666667,1796.44676582249,6.1
"California","CA","CA-526","Amador, Calaveras, Mariposa, Tuolumne Counties CoC",2012,2013,24.562159902274,0,2,11.9448507283355,28.6276200649778,4,569.578174404789,2.3253958302461,0,559903.969612224,7.98132362457107,10.7065025152141,0.335668880755683,-8.584657738517,59.5957694080677,-1.07963861404958,0.175203302583368,14.6529103174242,20.7742281896625,68200.065366254,51492.8659073863,12.5755221690549,89.5795365567033,73.349381910946,43.2210959940632,12.3622528559744,-2.76282305659618,35085.9456093004,84.924,116.445,11.2188649909919,0,12.0762753131067,0.84404074769025,1,638,160.72,63.05,1759.95944546185,5.2
"California","CA","CA-526","Amador, Calaveras, Mariposa, Tuolumne Counties CoC",2013,2014,24.973522835737,0,3,11.9387290045183,28.4529038713348,4,574.284202481039,1.30812630812631,0,463697.717133358,7.63996298715572,11.2990841445181,0.716575174563898,-3.10591848145465,54.5985458678739,-0.60876264913404,0.225790778583245,14.8543241813158,22.2316662420549,70545.3131128513,50994.8672224514,10.4829515093317,89.7772290486736,73.1904108137203,42.3730545527926,12.854818539723,7.12990129408614,35090.7898600372,84.25625,124.3925,11.0567758032609,0,9.53743443013829,0.783898720285339,1,638,160.72,62.7083333333333,1734.53170413655,5.1
"California","CA","CA-526","Amador, Calaveras, Mariposa, Tuolumne Counties CoC",2014,2015,28.061840465174,0,4,11.9379513410636,28.4307855446928,4,575.528562649547,1.94243133334848,0,695552.539491089,8.31861738535539,11.4883714124137,0.771005252762281,1.74884793476638,54.6606346674337,-0.0770033808714256,0.132184854979037,14.0086701272211,20.5941456047907,70230.4022400708,52864.4015901587,8.5111132176619,90.0893130319949,73.2019617783963,40.989665723466,13.2445865902195,12.5916961729057,35115.977884107,84.61225,140.61,12.2411219475664,1,12.2906342751795,1.37288999882324,1,670,160.72,62.3416666666667,1706.95644935509,4.5
"California","CA","CA-526","Amador, Calaveras, Mariposa, Tuolumne Counties CoC",2015,2016,41.045091149977,0,5,11.9397214437802,28.4811558515835,4,575.554873950128,2.31308252262059,0,830812.563301044,8.36655203017223,11.2930239346159,0.764514821201242,3.98892684259548,52.2929134063811,0.180757388097516,0.175960130774686,13.8020074004947,21.2626307649136,71485.2328738689,56309.326151134,6.77375826355942,90.130310703308,73.1625707414701,39.7041973485793,13.5169032032391,7.95234577408261,36132.3744943623,87.0895,151.295,12.226311332377,1,12.7257183504859,1.37046197620617,1,704,160.72,62.1666666666667,1704.89119134813,4.1
"California","CA","CA-526","Amador, Calaveras, Mariposa, Tuolumne Counties CoC",2016,2017,23.586118251928,0,6,11.9445650140479,28.6194418601689,4,570.7605681368,3.39083337126212,0,1135482.73244374,8.48216159158521,12.0442970841254,0.716165833234418,7.70737336657177,52.3454801691162,0.489114503542377,-0.312590756089023,14.0097956188262,20.3411522500114,73810.2697851745,57477.3813508278,6.63550984887353,89.5779726842321,72.530675244822,39.2199079147704,13.9451720127055,7.14689167862733,38587.5631145363,93.28425,161.7425,13.4147767813952,1,12.2745604863064,1.03911623164499,1,704,160.72,62.225,2016.2409502437,3.6
"California","CA","CA-526","Amador, Calaveras, Mariposa, Tuolumne Counties CoC",2017,2018,25.3672838522579,0,7,11.955050317441,28.9211060966397,4,566.728791773779,4.42262114012905,2.82051282051282,1412715.27149633,8.32602240462258,12.2080689769017,0.562104641940533,13.7928618145602,56.2146529562982,1.06623509999044,0.331947645445378,12.4780668380463,18.525264781491,76758.8032947108,57943.3802140409,5.60718316195373,90.1797294344473,73.2209925533908,37.2523316597676,13.9721366617863,8.33055064267352,40951.5563391569,100,174.9975,13.7915561924704,1,9.89717223650386,1.34961439588689,1,704,160.72,62.275,1974.16275783648,4.3
"California","CA","CA-526","Amador, Calaveras, Mariposa, Tuolumne Counties CoC",2018,2019,53.7060341430551,0,8,11.963338444451,29.1618055336265,4,564.275470856305,4.38259612343559,0,1374790.49096213,8.53655585328404,11.1481270506427,0.384101548093827,10.5603359308254,58.778163740081,0.84008883486018,0.412673634604465,12.47392714873,16.8564039644348,74790.0633585018,57836.2406084485,4.77120877019663,90.3748844768794,73.07537802597,37.1099933903541,13.896393640732,4.86977284170942,38796.5438227993,96.28725,183.98,14.1042933179875,1,9.81548169157717,1.40221167022531,1,714,160.72,62.2833333333333,1927.15935063047,4.4
"California","CA","CA-526","Amador, Calaveras, Mariposa, Tuolumne Counties CoC",2019,2020,52.646529684689,0,9,11.9661579922001,29.244145186588,4,565.349756575017,3.7886027138537,0,1235286.10181805,8.39442957278886,11.1767878979948,0.388161828803811,5.28127763756257,57.8944692318448,0.285684309360569,0.497936340819707,11.5699119093925,16.534144961802,80498.1607360774,59756.0051996517,4.54504633337147,90.3663285411026,73.5640161277454,37.3587354448206,13.8271633814756,4.98062928218231,41059.2630176952,101.79675,192.445,15.1124735714226,1,11.758125818302,2.92364209536158,0,785,160.72,62.4416666666667,1892.83731482068,4.2
"California","CA","CA-526","Amador, Calaveras, Mariposa, Tuolumne Counties CoC",2021,2022,39.2926073316862,0,11,11.9814404867895,29.6945040559463,4,549.883889059282,5.30449630051224,8.79828326180258,1661391.83831529,7.6008191297018,13.040444219487,0.17608023907249,14.2194434541727,49.2736024436502,0.861243200229958,0.429879561686102,12.8415458090523,17.113292355456,77266.8925861329,64295.7038819665,7.31127809665688,91.3883926615382,77.2720995339497,38.2321007443268,13.5983612722417,13.5605534517185,37408.596160707,94,223.1825,15.4461823955615,1,13.3950087943866,4.19376443562572,0,878,160.72,61.075,2017.50905443565,4.3
"California","CA","CA-526","Amador, Calaveras, Mariposa, Tuolumne Counties CoC",2022,2023,45.8445174723428,0,12,11.9770619159379,29.5647679887519,4,554.182933806102,5.15031196823596,0,1595623.40915803,8.17931737527368,14.5783713397671,0.878820116279902,0.817595984606854,45.5417036017176,-0.421590440189127,0.357063212262792,12.3756756756757,15.2789680818292,78917.7059697795,59139.8880380893,4.62750859722248,91.943521749244,77.9955957239548,39.4237764903641,13.5429419000315,12.9422222012662,38096.4570394026,95.62275,253.1375,15.4034853675129,1,14.7111521849833,5.15519008191723,0,925,199.72,61.7416666666667,2042.06206015028,3.9
"California","CA","CA-526","Amador, Calaveras, Mariposa, Tuolumne Counties CoC",2023,2024,45.0492785223335,0,13,11.9795044869367,29.6370707539935,4,554.336101146426,5.20420862088472,0,1306647.92555475,8.17423007495705,13.3806163259279,1.02243036124018,6.44797092923394,49.7077490404636,0.246532290020178,0.284412146145491,12.0330500714949,15.114918596192,79320.9648837927,60035.7207031972,5.0883425733136,92.4678893961819,78.7990159239133,38.9527252643503,13.7236506630609,-1.23040563931465,41426.5033198117,104.0955,247.9975,16.377947020243,1,19.9433058224419,6.02062062564283,0,1130,219.73,62.15,2066.79124978034,4.4
"California","CA","CA-526","Amador, Calaveras, Mariposa, Tuolumne Counties CoC",2024,2025,50.9589490347442,0,14,11.9804510263404,29.665136865951,4,555.390562834032,3.15877349337786,0,977134.840056906,7.96061449013792,12.3740456762152,1.05944510035088,4.27802021485882,51.8849896305207,0.0952264101613103,0.292684725382597,12.1055838549401,14.6595446200886,81845.625707652,62834.0842143628,5.51751282870623,92.0354698846513,79.3761273028184,39.6542896925894,14.543006414496,1.59044197164214,41496.3316444266,105.237,250.77,16.4214875725696,1,16.729008853217,3.07011772961661,0,1171,239.94,62.2333333333333,2089.63429360949,4.8
"California","CA","CA-527","Tehama County CoC",2015,2016,20.9603958835674,0,5,11.0534106354387,21.3214933914257,1,432.914278476203,2.66988515836442,0,764690.095636725,12.94071881,9.717447741,-0.269929104,2.842194682,13.3791443680927,0.568462285632387,0.308166409861332,22.5,32.1,54735.8373560149,48194.7607931932,7.9,82.3,64.7361233834043,40.0465095871177,11.8192242228792,7.06,27836.1833641869,91.828,157.36,12.226311332377,1,13.4583109028152,0,1,704,160.72,62.1666666666667,1704.89119134813,4.1
"California","CA","CA-527","Tehama County CoC",2016,2017,19.4214293545507,0,6,11.0580705129207,21.4210823674932,1,432.241186389926,3.35435884347541,0,855904.039404114,12.77930038,9.809574208,-0.173760574,1.958755558,13.3327029454872,0.467082555,0.310877038987645,20.9,28.8,54443.8715672926,48269.0498148164,6.9,82.9,64.1906356129988,40.2372583479789,11.6113525730181,6.11,28471.9118632447,94.56,166.98,13.4147767813952,1,6.30387846122327,0,1,704,160.72,62.225,2016.2409502437,3.6
"California","CA","CA-527","Tehama County CoC",2017,2018,19.5257583804555,0,7,11.0642605375558,21.5540927287494,1,431.171394114054,4.17741291002216,0,1220229.6010396,11.94029851,9.772191673,-0.377062058,4.47761194,13.1877770294611,0.620932028430499,0.371896306559227,20.1,29,54928.4846107544,49871.5806735152,6.2,84,65.7678743186919,41.4411278391785,12.5918134805855,6.81,29889.8909428417,100,178.35,13.7915561924704,1,6.42160164142403,0,1,704,160.72,62.275,1974.16275783648,4.3
"California","CA","CA-527","Tehama County CoC",2018,2019,44.2505070370598,0,8,11.0669351932831,21.6118205758936,1,432.394014183511,5.20212420071529,0,1481039.45656712,11.69983968,9.947992023,-0.484886404,1.470300708,13.1369302383705,0.267827775776475,0.552145010715965,17,24.2,60997.2219748455,49686.860942303,5.6,84.4,63.8872446286016,41.0971963426789,13.4647302904564,7.44,29722.2796329143,99.731,191.62,14.1042933179875,1,6.24824268174576,0,1,714,160.72,62.2833333333333,1927.15935063047,4.4
"California","CA","CA-527","Tehama County CoC",2019,2020,45.6204379562044,0,9,11.0834493869006,21.9716912487341,1,427.754901358245,5.45977011494253,0,1230113.00773181,11.44831219,10.2399653,-0.449257176,15.70850955,12.9678569233606,1.66515667468525,0.574401214,16.3,23.7,65074.3111985456,50363.5775495634,5.5,84.5,64.4630851198782,40.0051686264375,14.0207244548567,8.85,30461.694096331,104.412,208.57,15.1124735714226,1,8.91156044496343,0,0,785,160.72,62.4416666666667,1892.83731482068,4.2
"California","CA","CA-527","Tehama County CoC",2021,2022,44.5553650171485,0,11,11.0895000314851,22.1050391997398,1,419.768169947617,8.22236775085498,14.1592920353982,1824368.5317638,11.01806628,13.30397214,-0.167633097,-2.468778336,12.1565692817545,-0.427311436,0.409147366113838,15.6,20.6,63749.9592501121,57144.9340241946,7,85.8,67.5656824,35.6431869202423,18.65002600104,12.7,31695.3426917378,107.389,244.75,15.4461823955615,1,10.2322882145421,0,0,878,160.72,61.075,2017.50905443565,4.3
"California","CA","CA-527","Tehama County CoC",2022,2023,46.7347189767556,0,12,11.0869463766144,22.0486617115931,1,421.821411073003,6.64246823956443,0,1346392.77716041,11.75921891,14.74107546,0.351706157,0.825744891,11.8967417932386,-0.255043602,0.232845812413585,15.1,19.3,64804.6634390363,51640.1846945869,4.8,87.1,65.7190272349401,34.8834246400815,17.708452398857,14.69,30271.7829291088,102.255,280.71,15.4034853675129,1,14.0862322390985,0,0,925,199.72,61.7416666666667,2042.06206015028,3.9
"California","CA","CA-527","Tehama County CoC",2023,2024,50.0254759368197,0,13,11.0828961110323,21.9595380177564,1,424.363546919198,5.97739458049558,0,1197463.14135828,11.53728138,12.39644063,1.81037128,-5.001534213,11.9603984749723,-0.404213621,0.19600725952813,15,20.7,61637.0828085053,52610.1923959934,5.6,86.3,66.594770734735,35.3782971336636,16.6728990618138,-7.09,33441.416893733,112.425,260.8,16.377947020243,1,11.0687492313369,0,0,1130,219.73,62.15,2066.79124978034,4.4
"California","CA","CA-527","Tehama County CoC",2024,2025,51.6508157426738,0,14,11.0785669332071,21.8646752981803,1,425.926783701576,6.74255056912927,0,1314364.21858897,11.40083966,11.69356392,2.803990294,-6.825097254,12.0122902095203,-0.431988685,-0.065207941,18.2,24.4,64476.9182677481,54808.7674593977,6.2,87.2,66.7639986259017,37.0015546871717,16.6656241682193,4.34,33752.7423934462,112.585,272.12,16.4214875725696,1,12.9695678354718,2.77919310760109,0,1171,239.94,62.2333333333333,2089.63429360949,4.8
"California","CA","CA-529","Lake County CoC",2015,2016,51.9537423908111,0,5,11.070708194329,48.3851167726191,1,555.228758169935,1.98996608649346,0,441932.888852173,11.08305275,13.14066592,0.015587979,5.48696845,18.5963274198568,0.337268128161883,0.092577007,20.5,30.2,51612.6940501111,48583.2857977554,7.6,84.4,60.6575802187713,46.9879052513621,14.3217571297148,10.38,27876.8737911025,94.941,141.33,12.226311332377,1,9.4926859632742,0,1,704,160.72,62.1666666666667,1704.89119134813,4.1
"California","CA","CA-529","Lake County CoC",2016,2017,62.5477687136373,0,6,11.0651372362155,48.1163105683267,1,540.553651628249,7.00576093564543,0,5270666.92362542,11.50097922,13.43601508,0.078025639,-3.651599916,17.7456457443313,-0.555555556,-3.183945738,20.7,29.9,54756.4358662991,49108.8148413317,7.8,83.7,60.7766067041762,46.1344739366805,15.8216482164822,11.58,27871.7119676069,94.939,157.7,13.4147767813952,1,8.60679467317653,0,1,704,160.72,62.225,2016.2409502437,3.6
"California","CA","CA-529","Lake County CoC",2017,2018,95.6201315359858,0,7,11.0683868328759,48.2729259478584,1,541.170781925099,4.58279290964116,3.77358490566038,1214711.09952858,11.98306435,14.5609074,-0.249972659,6.077460278,17.4852989346602,0.325493325821946,0.440031265379393,20.2,30.1,60153.5141853875,50122.455648064,6.8,84.7,63.2168430390976,42.6797910807553,16.2085046399624,8.96,29101.1681893066,100,171.82,13.7915561924704,1,6.70711734335761,0,1,704,160.72,62.275,1974.16275783648,4.3
"California","CA","CA-529","Lake County CoC",2018,2019,63.3678128785761,0,8,11.071594808842,48.4280354102792,1,539.732885551254,3.25517082445123,21.2389380530973,805786.254769682,11.47724795,12.94110319,-0.451614913,5.154639175,17.5381314426979,0.321317714588765,0.0547629341403733,18.4,26.3,57809.6516849804,49957.4069323117,6.2,85.2,63.4875140536175,41.1102988953866,17.1218268484647,8.17,28855.1249332305,100.084,185.86,14.1042933179875,1,8.24043409984918,0,1,714,160.72,62.2833333333333,1927.15935063047,4.4
"California","CA","CA-529","Lake County CoC",2019,2020,52.3399014778325,0,9,11.0726670283613,48.4799895506046,1,536.949026185817,2.54541247252112,0,705004.447177968,11.35948657,13.17762601,-0.404030986,3.341025462,17.2397726213773,0.10728112318672,-0.409056865,18.3,25.2,59060.8060899171,50617.9708546823,6,85.8,63.8298208974116,37.9734382685686,16.5334491746308,2.16,28498.7099913017,99.483,189.87,15.1124735714226,1,8.23160314354052,0,0,785,160.72,62.4416666666667,1892.83731482068,4.2
"California","CA","CA-529","Lake County CoC",2021,2022,49.6550511930395,0,11,11.1374899220637,51.7267468416649,1,499.621531922327,2.35993357224019,0,532900.752664277,10.15295166,13.19153288,0.20451989,10.10912597,7.56936155346589,0.718390804597702,0.207287165712944,16.5,25,66300.9556811329,55826.067681189,8.9,86.6,68.8014611215905,36.8645069756444,17.983719578038,12.83,28197.1350713318,99.582,222.59,15.4461823955615,1,12.5185594922705,34.7899502168913,0,878,160.72,61.075,2017.50905443565,4.3
"California","CA","CA-529","Lake County CoC",2022,2023,67.6212036574251,0,12,11.1312550054278,51.4052335384917,1,503.332308007792,4.39426126938859,45.6953642384106,960793.080190034,10.57173521,14.64564975,1.241156758,-2.803554089,7.90965417234258,-0.621561035,0.116539929493342,17.1,22.8,57045.7078096291,50360.5951601285,5.9,86.6,69.1983815339594,37.5239360662785,16.8805218585489,8.96,27746.2887791439,97.442,242.52,15.4034853675129,1,15.6728332674195,35.0075434664792,0,925,199.72,61.7416666666667,2042.06206015028,3.9
"California","CA","CA-529","Lake County CoC",2023,2024,88.98055391868,0,13,11.1276599641748,51.2207586924087,1,506.776820627407,2.20455995822939,52.6315789473684,421551.597277663,9.420603535,14.79122798,2.421183152,-0.396193607,9.12886249375239,-0.358863939,0.323021854902072,17.6,21.6,61227.1058121276,51060.0989586581,6.7,87.1,70.922070373627,38.2944202611793,18.0921476942922,0.39,28806.7977743104,100.714,243.46,16.377947020243,1,29.841531179255,1.76403139975892,0,1130,219.73,62.15,2066.79124978034,4.4
"California","CA","CA-529","Lake County CoC",2024,2025,56.5130142241634,0,14,11.1255114511194,51.1108267433144,1,510.636417206836,3.28890427557556,35.0877192982456,698050.58277856,8.8443483,13.89195473,2.810766265,0.220740806,9.29581614614025,-0.21462382,0.545338515983063,19.7,26.3,56950.7452446448,53991.7984526624,7,87.6,73.4789926,41.7746836416785,17.7035128062802,-0.21,30620.595006198,106.788,242.94,16.4214875725696,1,31.3789039481438,2.20978196817914,0,1171,239.94,62.2333333333333,2089.63429360949,4.8
"California","CA","CA-530","Alpine, Inyo, Mono Counties CoC",2017,2018,46.9525689335487,0,7,10.4143331761021,2.36369237005476,3,763.59763597636,2.78945507405807,0,1096012.38756771,10.569613122669,10.0225311858764,3.21692625600165,-0.846703251163712,23.790237902379,0.286606408177809,0.293351288265854,10.9334203342033,16.0368253682537,74246.075283941,71458.0750201812,4.77638376383764,86.960561605616,61.6636133237337,33.9792871854384,8.93573544992577,6.66356163561636,72052.5090689238,100,171.62,13.7915561924704,1,0,0,1,704,160.72,62.275,1974.16275783648,4.3
"California","CA","CA-530","Alpine, Inyo, Mono Counties CoC",2018,2019,63.6677377127216,0,8,10.4174781624453,2.37113807547749,3,762.7549494587,2.940599882376,6.66666666666667,1004690.35599184,9.70602075944536,6.50008181205948,2.42642641307815,-2.50766159996923,23.7454393205335,0.316835369900418,0.207799385318619,11.1706262336264,14.2307464561278,76057.7424584577,68304.5721814265,4.21472277050063,88.7601830253006,64.1089842221329,33.7102164073973,9.55837441260238,5.3506513547461,67523.5223160434,95.8163333333333,179.446666666667,14.1042933179875,1,2.99060948621329,0,1,714,160.72,62.2833333333333,1927.15935063047,4.4
"California","CA","CA-530","Alpine, Inyo, Mono Counties CoC",2019,2020,55.1046689227636,0,9,10.4226681758849,2.38347667303515,3,761.602998928954,3.20325012695808,0,1027203.61705369,9.75404759433673,6.17569108169413,2.47398299123393,-0.814948362038171,22.9977389027728,0.523824513467036,0.322057323426836,11.197176603594,14.4158931334047,78584.9595009889,72029.619287596,3.95381708913483,88.6873319052719,67.1804328315869,31.0346121896748,10.0312743004506,4.39551767225991,71678.7429463321,104.999333333333,189.666666666667,15.1124735714226,1,6.54528144710223,0,0,785,160.72,62.4416666666667,1892.83731482068,4.2
"California","CA","CA-530","Alpine, Inyo, Mono Counties CoC",2021,2022,42.7180911115858,0,11,10.4135228640877,2.36177776008892,3,740.677355431454,4.01313389273988,0,1467845.70828617,8.60488284931676,10.6096089461074,0.631078366285234,-1.5786446574664,25.7310995015913,-0.251534599144098,0.27758608921174,11.7133489461358,15.3585299945956,79242.5410531977,74400.4370291017,6.80128505374407,90.2068336035549,70.3769901432195,31.4029217132882,11.1508334399947,11.1024944454453,67837.3270233032,94.6086666666667,217.803333333333,15.4461823955615,1,18.9155107187894,0,0,878,160.72,61.075,2017.50905443565,4.3
"California","CA","CA-530","Alpine, Inyo, Mono Counties CoC",2022,2023,26.9880700463091,0,12,10.3973907971062,2.32398194113355,3,755.225337930614,7.07042139711527,46.2857142857143,1888634.03038054,9.77770741075159,9.96395825880194,2.95943934350035,-19.0651629797567,26.6988069447411,-1.59635848356748,0.284660719178912,11.022295792268,12.8105330607512,77501.8515498459,69159.751519241,4.10413144966893,90.7699112073963,72.469528134562,32.3916532059197,13.2922024147746,20.2555600646874,68886.1354605842,93.99,254.656666666667,15.4034853675129,1,14.3410734446038,0,0,925,199.72,61.7416666666667,2042.06206015028,3.9
"California","CA","CA-530","Alpine, Inyo, Mono Counties CoC",2023,2024,33.0423940149626,0,13,10.3923129360225,2.31221063541763,3,761.554267488576,2.65786082474227,0,994351.665707628,7.65232904125449,9.1300558616908,4.24310743311936,-7.8686486664967,26.6813874321465,-0.493455550965828,0.272073967321182,10.3239672462968,13.2227865182323,80927.9967150792,72706.7144401463,4.10560002453461,91.6347624743153,72.6436441724161,32.2248760473676,13.7678246077349,3.56935369182909,75286.0922721328,101.684,289.125,16.377947020243,1,1.22673045665041,0,0,1130,219.73,62.15,2066.79124978034,4.4
"California","CA","CA-530","Alpine, Inyo, Mono Counties CoC",2024,2025,39.109316848546,0,14,10.3760192335644,2.27484028534356,3,776.839152119701,5.65787889731552,53.9007092198582,1450842.47952834,7.66222591457382,9.7881042677111,1.88301839540405,-16.1975275768897,28.0548628428928,-1.60315063331315,0.294773049059944,10.8018329177057,13.6033790523691,82788.3437369937,76138.9975273138,4.26876558603491,91.4500436408977,69.6295359768471,33.5744954169877,14.1199801078448,2.43549332128799,77417.068303914,104.655666666667,296.445,16.4214875725696,1,11.8453865336658,0,0,1171,239.94,62.2333333333333,2089.63429360949,4.8
"California","CA","CA-531","Nevada County CoC",2019,2020,37.8373093468909,0,9,11.5104824833191,102.439319400695,1,549.436118490301,9.15907971318579,22.7091633466135,3728160.91286198,7.808775337,9.896468486,-0.030110959,4.667198627,11.8089318831136,0.248221248542824,1.00062654332362,9.4,13.5,87589.37807437,76116.4918880651,3.6,94.4,74.6441508086322,41.5059571890146,15.0045996372117,2.96,43064.7937578419,102.848,185.42,15.1124735714226,1,17.9439627086362,2.20540323793294,0,785,160.72,62.4416666666667,1892.83731482068,4.2
"California","CA","CA-531","Nevada County CoC",2021,2022,51.4764058333415,0,11,11.5472979057602,106.280986423681,1,522.522609569452,8.19171952144086,0,2654815.52961474,7.833760983,11.9353083,0.019438613,16.81440012,17.865424750715,1.1888932342589,0.670153949254448,11.8,14.7,91750.3234296353,83916.7326193325,6.1,95.1,76.5666656755766,41.4904809619239,15.7038377127944,14.34,43179.2577706065,104.62,217.14,15.4461823955615,1,18.3581974182577,5.02434876710211,0,878,160.72,61.075,2017.50905443565,4.3
"California","CA","CA-531","Nevada County CoC",2022,2023,48.206937095826,0,12,11.5364271247553,105.131875116886,1,530.753977944265,6.75414542576881,0,4086026.33587306,7.888358357,11.41480427,0.534309987,-7.460910367,17.9141799427606,-1.081201206,0.477079827659543,10.6,11.8,88095.8335636706,78833.9378619761,3.8,95.1,76.0914616612627,42.4590285870131,16.1914807536701,9.47,45075.5891203251,108.009,237.7,15.4034853675129,1,24.5172255487072,5.56765679791359,0,925,199.72,61.7416666666667,2042.06206015028,3.9
"California","CA","CA-531","Nevada County CoC",2023,2024,50.5159281812308,0,13,11.5333259527279,104.806344925416,1,534.979423868313,4.63369963369963,0,2624065.22760584,7.601363745,11.38737117,1.085909107,-0.264140053,18.2637664119146,-0.309639861,0.484016416070077,10.9,12.8,92077.8747895492,80542.5168785819,4.1,95.1,75.5169168276614,42.1299940956505,17.4609320658474,-1.82,45386.2429716122,108.466,233.37,16.377947020243,1,28.5126396237507,6.66274740348814,0,1130,219.73,62.15,2066.79124978034,4.4
"California","CA","CA-531","Nevada County CoC",2024,2025,45.7261728370833,0,14,11.5341682312389,104.894659109853,1,537.025434182445,3.91942393583083,0,2059952.29765716,7.61975652,11.28272431,1.527868917,2.977385581,18.8749437080258,0.084264158,0.467032967032965,9.6,12.6,101477.608797667,82462.552531605,4.5,94.8,76.6129591301162,41.6684755082845,18.9793918517639,2.18,47071.0406575664,112.613,238.45,16.4214875725696,1,24.8663677481252,7.0487341648229,0,1171,239.94,62.2333333333333,2089.63429360949,4.8
"California","CA","CA-601","San Diego City and County CoC",2011,2012,31.5436146468473,0,1,14.9588275337368,740.502326246599,1,372.516381078914,4.59507702102098,55.0837988826816,1334231.03016749,14.32191179,6.302833423,2.853357366,0.031728898,31.8887552930106,1.09383438836921,0.275692470326372,15.2,19.2,84869.5846578607,66014.7664909971,10.3,85.3,56.19256096,49.7312766510987,14.2749485243651,-4.78,60817.4829304418,84.766,144.71,11.4514534873146,0,12.6930251476178,5.24041520408931,1,638,171,63.3916666666667,1796.44676582249,6.1
"California","CA","CA-601","San Diego City and County CoC",2012,2013,27.662435415893,0,2,14.9706090345791,749.278152500545,1,369.795563480225,4.8268312525823,53.3003882809742,1534545.67377997,13.88863582,6.299620803,4.481983734,-0.1058387,31.9988281010038,1.18511798584451,0.446073305597428,15.1,19.9,84471.0415915493,66902.2990156561,9.2,85.4,55.2595465909257,49.4981511340324,14.8232276451728,0.52,60979.1260011531,85.923,145.46,11.2188649909919,0,13.6532533585775,7.62679427344625,1,638,160.72,63.05,1759.95944546185,5.2
"California","CA","CA-601","San Diego City and County CoC",2013,2014,26.1813543572133,0,3,14.9817095298999,757.641848448689,1,367.441821340359,7.00693486450348,64.9201355275896,2095806.10412118,13.70403955,6.494569402,4.286898253,-0.255948251,31.0564501858078,1.11623379384973,0.472630776373562,15.3,19.4,84812.3808958878,67243.1641445063,7.9,85.5,54.3288942494462,48.615234344957,15.3294949347715,10.3,62885.0608737348,89.506,160.45,11.0567758032609,0,13.3093731384947,7.7980713870909,1,638,160.72,62.7083333333333,1734.53170413655,5.1
"California","CA","CA-601","San Diego City and County CoC",2014,2015,26.6455339317555,0,4,14.9938202639308,766.873236839058,1,365.512760255313,5.78944443228076,59.5927272727273,1722633.30328538,13.70163556,6.154232041,4.390704242,0.305636864,31.8386938009657,1.21843697114559,0.687042512186253,14.7,18.9,89814.4718539556,69261.6281039916,6.5,85.8,53.7115322204221,47.3919033681552,15.8457682099676,12,64120.9443222057,92.262,179.71,12.2411219475664,1,13.9463574644408,8.96925306806013,1,670,160.72,62.3416666666667,1706.95644935509,4.5
"California","CA","CA-601","San Diego City and County CoC",2015,2016,26.2213146712021,0,5,15.0036133979282,774.420225537447,1,364.006888458784,8.27547284827658,64.5350602043914,2389024.44646008,13.61251397,6.294903294,5.174182627,-2.566722927,32.3172348629166,0.984124668308462,0.568081340220594,13.9,17.8,91090.0948633195,72496.5922848479,5.2,86,53.2148628879285,46.35173852,15.8195895113578,4.35,65643.1104234728,95.268,187.53,12.226311332377,1,14.03599676913,9.74137799655577,1,704,160.72,62.1666666666667,1704.89119134813,4.1
"California","CA","CA-601","San Diego City and County CoC",2016,2017,27.5800853718057,0,6,15.011276780223,780.377703652063,1,364.026195302062,8.96632580060041,74.0339171531832,2477985.91841978,13.16757298,6.387488938,4.355892775,-3.426477762,31.8950881237619,0.769282350610356,0.774627130622352,12.4,16.4,94833.0815007174,73891.2734672813,4.6,86.4,52.939895690601,45.4096747898923,15.577264287188,7.42,66037.6061800053,96.459,201.45,13.4147767813952,1,13.4116171706206,11.2186937496238,1,704,160.72,62.225,2016.2409502437,3.6
"California","CA","CA-601","San Diego City and County CoC",2017,2018,25.7239279022131,0,7,15.0158481629522,783.953276316599,1,365.524050225865,8.60055090972593,54.4679628388085,2632298.1741889,12.76502771,6.498850366,3.095969626,-4.752444651,31.3898104832627,0.458184882500134,0.871539165,11.9,15.7,99887.6443166659,74838.2378265131,4,86.7,53.3462616638179,44.5053254964163,15.3748083801737,7.08,68254.3729498713,100,215.71,13.7915561924704,1,11.2066678770591,11.6884160931605,1,704,160.72,62.275,1974.16275783648,4.3
"California","CA","CA-601","San Diego City and County CoC",2018,2019,24.26961983986,0,8,15.0196419497146,786.933077565417,1,367.212970186819,8.03275836296403,57.6266015863331,2314835.68159892,12.22311076,6.812822291,1.675407334,-3.250139968,32.4341656715742,0.380099342504003,0.843910009291648,11.5,14.9,101008.537701009,75678.5091103871,3.3,87.1,53.681323913559,44.1858695223608,14.9131231888343,6.01,69791.1786219458,102.559,228.68,14.1042933179875,1,11.8751201684773,13.2069093462505,1,714,160.72,62.2833333333333,1927.15935063047,4.4
"California","CA","CA-601","San Diego City and County CoC",2019,2020,23.137671874006,0,9,15.0209815394621,787.987951755925,1,369.579100927709,6.65922610001645,56.9741966893866,1748170.08297843,12.17081465,6.909874133,2.018227596,-5.914399033,32.0935917060327,0.134048780078122,0.779260878408339,10.3,12.8,105253.340933768,78154.1570746119,3.2,87.4,54.2411898038246,43.58302652,14.8100312430261,2.87,71764.2620894541,105.279,235.24,15.1124735714226,1,11.7723532424895,12.5122441460251,0,785,160.72,62.4416666666667,1892.83731482068,4.2
"California","CA","CA-601","San Diego City and County CoC",2021,2022,25.6992109698761,0,11,15.0010959451116,772.47311047871,1,378.704583907418,8.10748223462479,63.6843152866242,2006193.73918388,11.11548713,8.134218252,0.826625935,-12.38813206,29.191459637151,-0.863618601,0.732891609744368,10.7,12.3,107833.363807045,87115.2805430903,6.4,88.3,55.6884100236487,43.197846142517,15.0305199120699,13.77,76460.9027305234,111.382,276.68,15.4461823955615,1,16.7237008116785,19.3088005534436,0,878,160.72,61.075,2017.50905443565,4.3
"California","CA","CA-601","San Diego City and County CoC",2022,2023,31.2952018089261,0,12,15.0030765028426,774.00455459328,1,381.34677039873,7.47398977984278,57.1474427562594,1954014.9443947,11.61898686,7.804093295,4.07772651,-5.143100482,33.2891238999612,0.198252093671059,0.897325934825455,10.7,12.6,108225.9884411,82579.1853041914,3.4,88.7,56.1258501833986,43.3244779686786,15.2295300733962,18.16,78235.8111369454,114.299,326.94,15.4034853675129,1,17.6908891463452,19.7280403185153,0,925,199.72,61.7416666666667,2042.06206015028,3.9
"California","CA","CA-601","San Diego City and County CoC",2023,2024,32.2581430138383,0,13,15.0032737942187,774.157274128133,1,384.641019886966,9.09140632617293,69.334728398291,1957610.42087405,11.12668809,7.358635121,5.47201671,-8.964105613,33.8005863886605,0.01973109,0.883747710860727,10.1,11.6,109337.061023656,84447.8647616024,3.7,89,56.6124567278073,43.4161060546102,15.2057747051647,5.74,79587.4740176938,116.349,345.7,16.377947020243,1,19.1082452977923,20.9315627843217,0,1130,219.73,62.15,2066.79124978034,4.4
"California","CA","CA-601","San Diego City and County CoC",2024,2025,30.1774881118063,0,14,15.0056510352305,775.999822333794,1,387.426229079355,9.08548458011431,62.6339440027653,2155107.50061961,10.79381747,6.981888082,5.379702215,-6.77023266,34.3186490088948,0.23800696153593,0.963836511639515,10.1,11.2,111618.903716702,86533.0287636557,4.3,89.1,56.7050891056308,43.5695634520609,15.272191949376,7.31,80915.6623365049,118.756,370.98,16.4214875725696,1,17.4598529843877,22.1654962887166,0,1171,239.94,62.2333333333333,2089.63429360949,4.8
"California","CA","CA-602","Santa Ana, Anaheim/Orange County CoC",2011,2012,22.7740257850054,0,1,14.9304134315684,3816.54325066421,1,344.943758688552,4.13756254593198,54.7104779411765,1116265.92966573,12.61154777,5.827411656,2.702639418,1.787138866,13.5150335932752,1.13094746533446,0.269590342793458,13,17.9,103128.927243384,73379.4825150264,9.1,83.4,60.3755035878515,47.7271881127502,13.8307530686719,-4.51,67192.6795018976,83.901,163.53,11.4514534873146,0,8.57254078105882,3.95176420856001,1,638,171,63.3916666666667,1796.44676582249,6.1
"California","CA","CA-602","Santa Ana, Anaheim/Orange County CoC",2012,2013,13.6910417236993,0,2,14.9398130102837,3852.58629045614,1,343.017763090354,5.76038612203457,56.4616902334758,1518893.79016964,12.35250735,5.813943051,2.412140082,0.689042992,14.0675904495937,0.944389659036538,0.380766038521552,13,18,100781.868930328,76173.288572587,7.9,83.6,59.0775795000072,47.4627659903597,14.1605377619612,0.12,68999.3358984674,87.008,163.73,11.2188649909919,0,7.72237650370297,5.24030008433862,1,638,160.72,63.05,1759.95944546185,5.2
"California","CA","CA-602","Santa Ana, Anaheim/Orange County CoC",2013,2014,12.2595702529668,0,3,14.9485084922268,3886.23246872772,1,341.892784102804,9.8176268887298,60.2667434273652,2978982.10879452,12.16913811,6.071468658,3.12112952,-0.355489827,14.0891157667595,0.873340030174763,0.542510550920983,13.5,18.8,102036.073403417,73998.8541602987,6.7,83.8,58.19988089,46.7059307928704,14.4891329479769,9.6,69898.5376461205,88.948,179.44,11.0567758032609,0,7.31734810544453,4.70861044461263,1,638,160.72,62.7083333333333,1734.53170413655,5.1
"California","CA","CA-602","Santa Ana, Anaheim/Orange County CoC",2014,2015,14.1365645480872,0,4,14.9554368800816,3913.25129360491,1,342.73478932122,8.67043122587075,56.2156926057475,2441217.06038372,12.16146323,5.907418245,3.59272193,-2.772692938,13.9467404351844,0.695244689930585,0.943234485097411,12.9,17.9,103452.441828205,75428.4333162433,5.6,84,57.7381650405166,46.110050923044,14.8595185486685,12.47,70538.7293220749,90.422,201.82,12.2411219475664,1,6.43843332095542,6.59515623835573,1,670,160.72,62.3416666666667,1706.95644935509,4.5
"California","CA","CA-602","Santa Ana, Anaheim/Orange County CoC",2015,2016,13.6461899041576,0,5,14.9626847307797,3941.71699676801,1,343.082228318854,9.96888368124006,59.3538204437842,2801191.40352721,12.29067068,6.046702764,4.138425324,-3.050120805,14.0311436264797,0.727418227,0.82952817960138,12.7,16.8,105964.081838675,80473.5811897055,4.5,84.3,57.0933162733366,44.9164841918861,15.3029304460398,3.8,72760.4045525143,93.986,209.49,12.226311332377,1,6.46814509983234,7.30325661738556,1,704,160.72,62.1666666666667,1704.89119134813,4.1
"California","CA","CA-602","Santa Ana, Anaheim/Orange County CoC",2016,2017,15.0962940047362,0,6,14.967659506127,3961.37501610933,1,344.570244544526,10.5661311619718,57.8929098325089,3007869.92937949,11.99252613,6.211014867,3.669151727,-4.454991285,13.6468218184851,0.498717167098506,0.934600198803848,11.1,14.5,109520.920598667,82076.9702592887,4,84.5,56.5118220632114,44.1764625925684,15.443146684988,6.47,73703.993555976,95.716,223.05,13.4147767813952,1,6.4139304249687,7.41867420582587,1,704,160.72,62.225,2016.2409502437,3.6
"California","CA","CA-602","Santa Ana, Anaheim/Orange County CoC",2017,2018,15.6015180229807,0,7,14.9705945432545,3973.01888176146,1,347.04244005508,8.63279572771926,42.2502628811777,2742651.29533806,11.90577787,6.253080991,2.987092373,-5.692449058,14.1893192459792,0.293934949475294,1.01351599178403,11.5,15.7,113000.13055185,83419.212741314,3.5,84.7,56.6970913192558,43.4242089860148,15.5866718240592,5.2,76724.610755588,100,234.64,13.7915561924704,1,7.29297174894913,8.21916340950682,1,704,160.72,62.275,1974.16275783648,4.3
"California","CA","CA-602","Santa Ana, Anaheim/Orange County CoC",2018,2019,21.6015910862892,0,8,14.9711249149177,3975.12661794959,1,349.763363857312,6.76515678689711,37.3652694610778,2102541.15507757,11.57243591,6.629332774,1.885591492,-6.30493671,14.1474754350871,0.05305125,0.837499194363178,10.5,13.3,114594.818791681,84697.5635829983,3,85.1,56.8021784248653,42.9382203441973,15.6820545473841,5.16,78761.1030816659,102.752,246.75,14.1042933179875,1,7.93772491138936,8.01644094581409,1,714,160.72,62.2833333333333,1927.15935063047,4.4
"California","CA","CA-602","Santa Ana, Anaheim/Orange County CoC",2019,2020,21.9009235862401,0,9,14.9710364342085,3974.77491137663,1,352.08389226663,8.03945944495622,57.3589943263989,2051475.84680312,11.46345092,6.775546254,1.9453167,-6.725165764,13.8502096550925,-0.008847682,0.654550299368317,9.5,12.6,120598.79847275,87672.4966790129,2.8,85.5,56.8345466504286,42.1561405102641,15.6445516891034,2.34,81183.7437418585,105.81,252.52,15.1124735714226,1,9.74275842871412,7.06302752282022,0,785,160.72,62.4416666666667,1892.83731482068,4.2
"California","CA","CA-602","Santa Ana, Anaheim/Orange County CoC",2021,2022,18.11642416385,0,11,14.9663297069248,3956.11068213826,1,360.282272097394,6.90831271904058,50.7309012329986,1955215.23167693,9.487396066,8.304465123,1.208770138,-10.43304757,13.3372142319301,-0.796788116,0.631124456647081,9.9,11,119066.302912248,97264.6105448508,6,86.6,57.0352482138956,41.3457564969395,15.986526875089,9.92,84846.7985988261,109.664,283.57,15.4461823955615,1,10.0228424629364,8.23214522997488,0,878,160.72,61.075,2017.50905443565,4.3
"California","CA","CA-602","Santa Ana, Anaheim/Orange County CoC",2022,2023,19.2103681373341,0,12,14.9648961225004,3950.44332497683,1,363.091413486629,5.18146470181709,45.0993600538902,1391331.22971974,9.846079615,7.458565985,5.230937567,-8.787037963,16.2487025750796,-0.143255779,0.63533294168372,10,11,116678.100912046,93055.7558520098,3.2,86.8,56.877753541897,41.3353672100931,16.3331118493909,16.39,85501.4875783959,110.48,330.03,15.4034853675129,1,10.7627654572575,8.8491033035385,0,925,199.72,61.7416666666667,2042.06206015028,3.9
"California","CA","CA-602","Santa Ana, Anaheim/Orange County CoC",2023,2024,23.1853622530776,0,13,14.9627041000926,3941.79334588171,1,366.300441901973,5.61804083720164,53.0782286684154,1570326.943543,9.616859192,7.331903597,6.789527964,-11.31344824,16.8895651502965,-0.218962237,0.66290985752282,9.2,11,115985.450872131,94548.3031852477,3.5,86.9,56.9839514320839,41.5082672864702,16.1359276863011,7.25,86020.5312114546,111.013,353.95,16.377947020243,1,11.6151283713005,9.26225518290969,0,1130,219.73,62.15,2066.79124978034,4.4
"California","CA","CA-602","Santa Ana, Anaheim/Orange County CoC",2024,2025,24.4800217938871,0,14,14.9654583401295,3952.66495902311,1,367.513957290422,6.00713929377341,55.0631095811819,1548181.50677414,9.51458675,7.042240123,7.415137344,-7.128805549,17.3171413670624,0.275803731637825,0.608007073478367,9.7,11.4,117883.701225638,96511.1351499383,3.9,87.1,56.93811569,41.9673038415285,16.2758850478967,8.27,87532.9994149068,113.533,383.22,16.4214875725696,1,12.2576532752887,9.46793678458101,0,1171,239.94,62.2333333333333,2089.63429360949,4.8
"California","CA","CA-603","Santa Maria/Santa Barbara County CoC",2011,2012,35.9786734435035,0,1,12.9609121130434,154.726314338449,1,360.295966887059,1.50695744639211,29.8701298701299,747633.980255424,13.52973576,6.741329718,1.654732818,-5.576190678,40.9234392518092,0.288050613934399,0.2544146500981,15.4,21.1,85161.5967217872,68479.6918541416,9.4,80.2,51.7409307858078,48.224244630506,15.1111338937872,-7.97,55268.8252605274,85.651,135.96,11.4514534873146,0,24.5385506742225,13.7970586645293,1,638,171,63.3916666666667,1796.44676582249,6.1
"California","CA","CA-603","Santa Maria/Santa Barbara County CoC",2012,2013,43.3040881176067,0,2,12.9708425697631,156.270475340207,1,357.278001577849,3.00282695639713,41.648590021692,1127082.04403073,13.19063745,6.688869347,2.016015866,1.569311655,42.6088959946381,0.997995078187253,0.15200046970103,16.3,21.2,85099.2980310449,70101.0778962126,8.4,79.7,51.0687488125699,47.4543679986015,15.2197000962994,-2.15,56187.4747268172,88,133.04,11.2188649909919,0,18.3384182881505,13.4978205674205,1,638,160.72,63.05,1759.95944546185,5.2
"California","CA","CA-603","Santa Maria/Santa Barbara County CoC",2013,2014,41.7269300413397,0,3,12.9821859487267,158.053206671017,1,354.2950890587,2.63026296135137,4.69135802469136,1107876.75326462,13.19680666,6.905009835,2.422769872,2.709707278,43.1683314120308,1.1407985589913,0.296374460989313,16.2,20.9,84035.6423957088,67854.0510076365,7.3,79.1,50.4466654765369,46.5757102942777,16.1247429260336,9.27,56520.1613921798,89.584,145.37,11.0567758032609,0,20.041371280784,14.4040165577162,1,638,160.72,62.7083333333333,1734.53170413655,5.1
"California","CA","CA-603","Santa Maria/Santa Barbara County CoC",2014,2015,39.0973907183835,0,4,12.992359470167,159.669375180629,1,351.642770103292,4.89030812179782,46.4900662251656,1518301.5549577,13.18611886,6.815117336,2.770000664,1.22475236,43.4215171565557,1.02254711793115,0.266273534359018,17.4,22.6,84485.5034327817,69982.4941742371,6.2,79.3,49.78442589,45.9159115621602,16.5274991106368,13.92,57339.3552080659,91.865,165.61,12.2411219475664,1,16.5358903984785,11.6161213543031,1,670,160.72,62.3416666666667,1706.95644935509,4.5
"California","CA","CA-603","Santa Maria/Santa Barbara County CoC",2015,2016,40.8020884907953,0,5,12.9995853877094,160.827314094807,1,350.818241227961,6.97425584303412,51.0166358595194,2625095.39254308,13.18545651,6.826480754,3.603873483,-2.650707952,43.1902928120951,0.7252104,0.489030812179791,15.6,20,85650.7447994486,73803.4491183753,5.3,79.6,49.3737810860538,45.2587634060318,15.9510614833195,6.28,59895.7274282739,96.707,176.01,12.226311332377,1,16.2585447810976,14.6530417498626,1,704,160.72,62.1666666666667,1704.89119134813,4.1
"California","CA","CA-603","Santa Maria/Santa Barbara County CoC",2016,2017,41.7697811353296,0,6,13.0043475646575,161.595030504301,1,351.420083719674,5.39225104066603,45.1306413301663,1713909.19211015,12.60138805,7.042881039,3.356760726,-4.135041943,42.3909618760409,0.477354492808035,0.649727346559925,13.9,16.4,89020.4587213389,73628.3438423659,5,80.1,49.7818435707597,44.6401032887422,16.1536676902081,6.56,60108.8029456019,97.567,187.55,13.4147767813952,1,17.3515776207409,17.4190934869694,1,704,160.72,62.225,2016.2409502437,3.6
"California","CA","CA-603","Santa Maria/Santa Barbara County CoC",2017,2018,38.2699986540446,0,7,13.0065012456302,161.943430466544,1,352.586357899654,8.152554679439,32.109375,2521972.43532208,12.41403807,7.268124788,2.151436877,-5.114439806,43.47425768811,0.215600666156557,0.548190842138974,14.2,17.4,92798.7844337361,74906.5388667044,4.5,80.4,49.6780170101546,43.7287701083125,16.1127149089043,3.67,61445.0142462886,100,194.44,13.7915561924704,1,18.5044621803826,18.8637721256327,1,704,160.72,62.275,1974.16275783648,4.3
"California","CA","CA-603","Santa Maria/Santa Barbara County CoC",2018,2019,40.3808295203349,0,8,13.0075830790167,162.118721470512,1,355.116873794248,5.86213866990095,17.3491379310345,1659308.61948684,12.18972974,7.364114028,1.1020359609,-4.841327022,44.0262012651981,0.108242121006596,0.826719997961867,12.6,14.7,96993.9429393165,76509.3802076649,3.9,81,49.9069301091124,43.3325785130985,15.909429583486,3.93,63689.7045582002,103.754,202.08,14.1042933179875,1,18.282560904482,13.2576607295078,1,714,160.72,62.2833333333333,1927.15935063047,4.4
"California","CA","CA-603","Santa Maria/Santa Barbara County CoC",2019,2020,42.3130541459878,0,9,13.0091946792987,162.380203279335,1,356.654774142831,7.37852128153925,38.6382978723404,2199614.64767293,12.08142296,7.369892153,1.239522616,-4.312552464,45.0437738942304,0.161290322580654,0.595057610673133,12,13.1,93861.0546065104,78601.2344177665,3.7,80.9,50.1709723759508,42.4526975737299,16.1001461560947,2.84,64680.8957828059,105.515,207.83,15.1124735714226,1,17.2228829179909,14.8936503777164,0,785,160.72,62.4416666666667,1892.83731482068,4.2
"California","CA","CA-603","Santa Maria/Santa Barbara County CoC",2021,2022,44.0501929721756,0,11,12.9889005538575,159.118044968979,1,365.0889426758,7.21185448581105,49.9131944444444,1270122.81526532,12.00197775,8.3241708,0.991133979,-27.04508869,24.7229326513214,-2.4080745,0.72388374981871,15.2,16.8,98837.7448134449,91367.733373376,5.8,81.9,51.488038030764,42.1310002298738,16.9425673843484,12.09,72372.829242514,115.146,237.03,15.4461823955615,1,15.4046931746239,17.9873791222982,0,878,160.72,61.075,2017.50905443565,4.3
"California","CA","CA-603","Santa Maria/Santa Barbara County CoC",2022,2023,42.6076707355073,0,12,13.0067325241411,161.980888917599,1,361.063401294564,6.81515750724421,62.8649635036496,1596033.89477733,12.91382103,7.962126103,4.156614907,8.066324624,46.5064065864244,1.79919502478694,0.676737387080006,14.1,16.1,98289.6401300997,86300.2272694006,3.6,82.1,52.0235211912619,42.170966756464,17.5610488798371,19.37,71407.6121863252,115.734,282.94,15.4034853675129,1,16.7489520679118,21.4638045267074,0,925,199.72,61.7416666666667,2042.06206015028,3.9
"California","CA","CA-603","Santa Maria/Santa Barbara County CoC",2023,2024,47.8242127285982,0,13,13.0010518740209,161.063338703884,1,365.114094626511,2.91278347072684,16.9851380042463,691299.390117537,12.55236249,7.909677027,5.32040046,-15.87113959,44.8091799547505,-0.566455845,0.549067890410271,14.9,17,95261.5363619357,88260.2281712177,4,82.1,52.3528226045508,42.4054089554715,18.0452339254441,6.93,72374.4828317036,116.836,302.56,16.377947020243,1,19.3055423841329,17.6572329174174,0,1130,219.73,62.15,2066.79124978034,4.4
"California","CA","CA-603","Santa Maria/Santa Barbara County CoC",2024,2025,55.5348195401129,0,14,13.0015101334782,161.137164583148,1,367.090893087268,4.61109983953373,33.2,1906854.86489937,12.32562681,7.528565092,6.027366955,-10.38648515,45.9441953051474,0.045836551,0.587504097068048,15.7,19.1,97063.307669566,90674.3226608631,4.5,81.9,51.7628467890453,43.29053478,18.7861835455832,5.8,75376.9246344207,121.951,320.1,16.4214875725696,1,20.5380054662691,17.3783123176124,0,1171,239.94,62.2333333333333,2089.63429360949,4.8
"California","CA","CA-604","Bakersfield/Kern County CoC",2011,2012,15.8386890438914,0,1,13.6506017160761,103.855285304395,1,337.63222755522,3.38453800532305,16.71826625387,753440.154048032,17.06251044,6.395629042,0.719967128,-3.115515647,41.7172777338821,0.829254835932636,0.539037177762869,24.6,34.6,64275.5769926112,46006.2143852866,14.8,71.2,59.287082564596,43.7829700306011,13.8176721836626,-7.79,47067.2597868957,91.276,126.11,11.4514534873146,0,8.44369494203804,7.85405144049907,1,638,171,63.3916666666667,1796.44676582249,6.1
"California","CA","CA-604","Bakersfield/Kern County CoC",2012,2013,13.3642691415313,0,2,13.6572261794984,104.545555464867,1,336.465535621821,6.98097900831798,22.7930174563591,1593100.03921108,16.69981241,6.153119226,0.920323277,-4.923670762,36.5976808972758,0.664646154934734,0.316798345802694,23.7,33.3,63946.1280905297,47300.1371601456,13.2,71.6,57.9238082693266,43.3451957295374,13.8429314754388,3.21,51154.8147014748,99.965,130.15,11.2188649909919,0,8.02477958214914,9.52430043837555,1,638,160.72,63.05,1759.95944546185,5.2
"California","CA","CA-604","Bakersfield/Kern County CoC",2013,2014,11.4131085073679,0,3,13.667011709738,105.573612194285,1,335.444315545244,8.01651720715331,18.334771354616,1894399.48499961,16.80688923,6.591256967,1.320816085,-1.672878272,34.8921113689095,0.98335766149722,0.676859012078301,22.7,30.5,64527.3435878304,47407.3083534563,11.9,72.4,56.5686027891453,41.8098779403444,13.9866111012591,13.43,49505.3826569234,97.772,147.63,11.0567758032609,0,7.52900232018562,12.1345707656613,1,638,160.72,62.7083333333333,1734.53170413655,5.1
"California","CA","CA-604","Bakersfield/Kern County CoC",2014,2015,10.8900255812865,0,4,13.6753020659006,106.452494144525,1,335.203687170377,7.88396127008316,15.5420113191119,1909998.3082952,16.27910738,6.515801975,1.234998637,-2.571662269,35.3737332830175,0.832482598607887,0.760151200229631,24.5,32.9,64539.2752815526,49187.5482346435,10.5,73,55.481986486077,40.5842115585512,14.1017352241698,13.75,49150.2598565693,97.956,167.93,12.2411219475664,1,7.71995545206034,13.9787568915847,1,670,160.72,62.3416666666667,1706.95644935509,4.5
"California","CA","CA-604","Bakersfield/Kern County CoC",2015,2016,12.1132171433242,0,5,13.6831578989317,107.292061559364,1,335.064626708416,7.49505156254791,3.72727272727273,2193406.64816869,16.13791373,6.779711519,1.477188666,-2.900515526,36.0135657299799,0.788678012278288,0.746865464680058,21.9,31.3,69486.2027390093,49630.6731352291,10.2,73.4,55.419039811299,39.4619922118938,14.2538887424202,4.64,49271.1745275467,99.04,175.72,12.226311332377,1,7.8536033542192,17.9674006970073,1,704,160.72,62.1666666666667,1704.89119134813,4.1
"California","CA","CA-604","Bakersfield/Kern County CoC",2016,2017,9.12824165273013,0,6,13.6886505761932,107.883004342238,1,335.62920613585,7.63087663754351,0.48758865248227,2216579.9313327,15.65268569,6.621939829,1.50493458,-5.038457226,35.883277175838,0.550779595699247,0.720206318328476,22.4,31.1,66821.686103486,48523.9305736629,10.4,73.6,55.7129621469963,38.919724797709,14.2483912483912,3.01,49155.8698513096,99.407,181.01,13.4147767813952,1,7.74246868954744,12.1132171433242,1,704,160.72,62.225,2016.2409502437,3.6
"California","CA","CA-604","Bakersfield/Kern County CoC",2017,2018,9.90200926872822,0,7,13.6960026605888,108.679093065281,1,335.625160589436,8.86444451159933,2.04545454545455,2495462.32806674,15.411048,6.900756244,0.704666635,-1.848194673,36.3799872880783,0.737918570118157,0.736704313677738,21.2,29,65547.9828789566,48047.1548114827,9.2,73.8,56.0950827720006,38.5990709357339,14.5447906937251,3.96,49061.2020707518,100,188.18,13.7915561924704,1,7.67448464877682,13.4557043621726,1,704,160.72,62.275,1974.16275783648,4.3
"California","CA","CA-604","Bakersfield/Kern County CoC",2018,2019,14.7744617319224,0,8,13.7031914428697,109.463179219884,1,336.063005869598,8.16356426809252,8.40130505709625,2085264.03781053,14.78849754,7.307786026,0.04491571,-0.323393112,36.2212142436767,0.721469173589862,0.852867009828118,20.5,27.4,66144.0068274275,48167.4438894107,8.1,73.8,57.11263993,38.6035675788449,14.84796055,5.1,48766.4746498981,100.188,197.77,14.1042933179875,1,6.56777337937115,23.7536335339096,1,714,160.72,62.2833333333333,1927.15935063047,4.4
"California","CA","CA-604","Bakersfield/Kern County CoC",2019,2020,17.440063578966,0,9,13.7103755724282,110.25240933239,1,336.477812757581,7.46455902647096,1.54798761609907,2238211.18039506,14.65361547,7.222011639,0.090303017,-0.324421949,35.9619285449266,0.721000539295868,0.845321764954599,19,26,67055.3046091996,49494.6103192066,7.8,74.1,57.709721614925,39.1218481605658,15.0916790001644,4.79,50112.79023572,103.648,207.25,15.1124735714226,1,7.22060159830794,25.6386899829149,0,785,160.72,62.4416666666667,1892.83731482068,4.2
"California","CA","CA-604","Bakersfield/Kern County CoC",2021,2022,17.4795054706599,0,11,13.7242348288082,111.791065121249,1,333.533823054127,7.53191125943542,3.96860008722198,1800050.86143878,13.49076963,9.23394136,0.354094214,2.064083355,25.0655973881558,0.751136915537121,0.931611123635734,18.5,25.3,68825.8124188689,55817.7505060529,9.9,75.9,59.2703108869826,38.4821876284229,15.2218664226898,15.22,50795.4166493204,105.827,251.51,15.4461823955615,1,9.64103575400021,28.2986310824802,0,878,160.72,61.075,2017.50905443565,4.3
"California","CA","CA-604","Bakersfield/Kern County CoC",2022,2023,21.2293169456375,0,12,13.7289445363347,112.318810707033,1,335.002409838246,8.7493734172683,6.8452380952381,2392190.89693471,13.69191497,9.133043945,2.897522678,-2.255936178,26.0327956086423,0.472082080272584,0.914471912179171,17.8,23.6,72595.5262881334,49829.1749149493,7.1,76.6,59.943672600971,38.8261370887394,15.5481304133512,17.13,48452.7255740532,101.445,294.59,15.4034853675129,1,12.0491912321143,33.3451826133987,0,925,199.72,61.7416666666667,2042.06206015028,3.9
"California","CA","CA-604","Bakersfield/Kern County CoC",2023,2024,28.8650383713586,0,13,13.7295168447973,112.383110180817,1,337.506906611712,7.91421264724117,5.54875560995512,2125854.48188877,13.45525879,8.316468384,4.644969431,-9.341174149,22.5904779756735,0.057247289,0.805280871812575,19,24.8,72312.334340474,50139.7640002948,8.1,77.1,60.35601027,39.5035361926747,15.2704554615075,4.78,51895.2474564881,108.576,308.66,16.377947020243,1,12.5980956823187,33.7838206013738,0,1130,219.73,62.15,2066.79124978034,4.4
"California","CA","CA-604","Bakersfield/Kern County CoC",2024,2025,28.1640613202052,0,14,13.7371694850221,113.24643778216,1,337.57927340999,10.3927058838606,2.25030826140567,2419210.9810812,12.87232385,7.852367245,5.495462878,-2.85086636,22.0959759822116,0.768200488,0.789806778259972,18.6,24.5,73173.122280397,51975.0345101562,8.7,77,60.79766154,40.1621943860822,15.2474460839955,4.7,53930.9365884433,113.56,323.16,16.4214875725696,1,12.4912399096737,14.4379266488437,0,1171,239.94,62.2333333333333,2089.63429360949,4.8
"California","CA","CA-608","Riverside City & County CoC",2011,2012,26.9590890516734,0,1,14.619336039664,305.91019884292,1,360.837843039833,4.04893957230595,29.5649509803922,1155282.66583488,13.97992536,6.519005349,0.488767589,6.698460608,15.7367495199345,1.47594268832874,0.553699772233429,16.9,23,75137.2806253291,46425.6238692595,13.2,79.3,68.8034234388035,50.7299956898383,12.5701894386233,-4.62,31651.953989107,83.788,122.81,11.4514534873146,0,6.35611238680972,2.27387682570376,1,638,171,63.3916666666667,1796.44676582249,6.1
"California","CA","CA-608","Riverside City & County CoC",2012,2013,13.0228205470197,0,2,14.6314084149961,309.625645241379,1,357.925246903862,5.0065361738301,21.42152023692,1452106.76714241,13.39317692,6.489926977,0.411543323,4.846868066,15.8274087609964,1.21455460213871,0.397575101998782,17.8,24.8,73506.0034209787,46067.4643692603,11.7,79.2,66.8949928204178,50.0550971266357,12.6271864067966,0.55,31345.4791664533,83.73,123.49,11.2188649909919,0,5.92604647789408,2.80381602013794,1,638,160.72,63.05,1759.95944546185,5.2
"California","CA","CA-608","Riverside City & County CoC",2013,2014,12.7150000733973,0,3,14.6426447773263,313.124332162843,1,355.715850626761,7.2826962203495,25.118163403106,2094799.05992631,13.16546609,6.591967958,0.769575979,4.027740795,15.0239094262394,1.129973235,0.505719460994247,17.4,24.2,74507.4658472487,46431.5478888186,10,79.6,65.6153371284343,48.5381773491303,12.8065690772704,15.6,32593.7761117304,87.787,142.76,11.0567758032609,0,6.18343460493144,3.18792349858205,1,638,160.72,62.7083333333333,1734.53170413655,5.1
"California","CA","CA-608","Riverside City & County CoC",2014,2015,10.1116200077073,0,4,14.6554224951639,317.15101942751,1,353.770591176265,8.25126008372082,22.7924863185919,2442041.47019593,13.18598619,6.503701892,0.977206411,5.222340529,14.5166875201303,1.28597073145134,0.732080621069908,17.1,23.5,77359.8103346372,47362.2609397953,8.3,79.8,64.6474492292772,47.1813061642463,13.1445711746408,18.52,33279.0329732609,90.521,169.2,12.2411219475664,1,5.97971989869448,4.3088523168932,1,670,160.72,62.3416666666667,1706.95644935509,4.5
"California","CA","CA-608","Riverside City & County CoC",2015,2016,9.09632907451469,0,5,14.6681443000379,321.211528290924,1,352.189600548381,7.45365371859613,19.3082169535564,2217887.14926497,13.09830291,6.761936672,1.37967189,5.076815034,14.1916501549994,1.28030768141434,0.827688890516121,16.2,22.6,78649.1438431074,49762.4456018113,6.7,80.1,64.0300516523816,45.5428432255736,13.3184566012389,5.58,34600.1519825934,95.049,178.65,12.226311332377,1,5.52899289628854,4.33964130179008,1,704,160.72,62.1666666666667,1704.89119134813,4.1
"California","CA","CA-608","Riverside City & County CoC",2016,2017,9.9628814342574,0,6,14.6826454988357,325.903419307478,1,349.638940859576,8.40694618520997,13.822184105203,2621108.13309479,12.94442092,6.848646934,1.23151224,7.191862201,14.2255662727445,1.46068574858387,0.725877904358896,15.3,20.9,80422.9282821426,51099.5677156908,6.2,80.5,63.5817189100362,44.1731057464239,13.5365728148203,6.63,35053.6424935178,97.418,190.49,13.4147767813952,1,4.29817304537115,6.46196494993238,1,704,160.72,62.225,2016.2409502437,3.6
"California","CA","CA-608","Riverside City & County CoC",2017,2018,9.46933688883219,0,7,14.6971953522102,330.679932785676,1,347.565015461928,9.53229674619977,12.8358955130609,2972060.41721157,12.6155229,6.844565588,0.664852989,8.129225065,13.8519663233075,1.46562238848174,0.863766855049874,12.9,16.2,83768.5988315233,51357.1282976756,5.4,81.1,64.351571035191,43.2326004680322,13.9969747172801,7.66,35555.5753861431,100,205.09,13.7915561924704,1,3.45346762933112,6.29408968415264,1,704,160.72,62.275,1974.16275783648,4.3
"California","CA","CA-608","Riverside City & County CoC",2018,2019,11.3780516533592,0,8,14.7098787370873,334.900786151655,1,346.579774461329,10.8911463427007,14.709705372617,3551006.38451163,12.16437042,7.390212998,0.09957305,7.816072942,13.6340461094559,1.27641654285531,0.989328736163508,12.7,17.1,85642.5512353035,52082.026389394,4.5,81.7,65.3901761489628,42.5640005267769,14.4019450080459,7.1,36603.5769757938,103.969,219.65,14.1042933179875,1,3.19733223103056,6.95889956165475,1,714,160.72,62.2833333333333,1927.15935063047,4.4
"California","CA","CA-608","Riverside City & County CoC",2019,2020,11.8955010752972,0,9,14.7199501415759,338.290751010748,1,346.946788280809,10.4906037230443,20.9853202846975,3196715.2814238,11.99348702,7.38273531,0.123262552,5.35764955,13.30434648859,1.01222959135068,1.11919741500435,11.3,14.1,91814.5738103803,54306.673778907,4.3,82,66.35250419,41.896656172723,14.7415532534362,3.97,37783.6611969341,108.025,228.38,15.1124735714226,1,3.33124742465835,6.89321307921407,0,785,160.72,62.4416666666667,1892.83731482068,4.2
"California","CA","CA-608","Riverside City & County CoC",2021,2022,13.3745324862796,0,11,14.7135428137269,336.130139647835,1,350.362783922059,10.7713540582681,13.3743523316062,3388232.81303323,11.05055262,9.857327401,0.262337389,10.59843053,12.0789468002462,1.25063622782278,1.11073099219268,11.6,16,93496.9302082104,61290.451745588,7.4,83,68.7409726581219,40.9163054462383,14.438733063941,17.28,38684.2517488214,112.975,278.79,15.4461823955615,1,5.87428460623758,5.26322864858457,0,878,160.72,61.075,2017.50905443565,4.3
"California","CA","CA-608","Riverside City & County CoC",2022,2023,14.8777310122209,0,12,14.7235029536903,339.494772540255,1,350.671287790818,11.8283985079931,16.7152858809802,3322233.34782832,11.33781885,8.847803432,2.51636264,5.282415903,14.5030590814729,1.00099113276331,1.08992522606006,10.9,13.3,95006.4972489098,56606.708476655,4.3,83.1,69.35347878,40.4573798322038,13.923844014066,19.06,39141.1981958584,115.446,331.92,15.4034853675129,1,6.59853291542625,6.07419961530069,0,925,199.72,61.7416666666667,2042.06206015028,3.9
"California","CA","CA-608","Riverside City & County CoC",2023,2024,16.8003631314074,0,13,14.733297370152,342.836264338795,1,350.963877268505,14.7407089606167,30.5180267119586,3746769.27489807,10.81499578,8.099005415,3.842602599,3.418367071,15.412929926486,0.98425427099722,1.06851246732065,11.3,14.1,95362.9739692869,56371.837001933,4.8,83.3,69.7755046637751,40.4341850163444,13.5656580565806,3.13,39616.7236990368,117.976,342.32,16.377947020243,1,5.94709838314012,6.86572338523698,0,1130,219.73,62.15,2066.79124978034,4.4
"California","CA","CA-608","Riverside City & County CoC",2024,2025,15.678317083943,0,14,14.7433792063463,346.310167011784,1,351.458931039827,10.7978701263052,14.9927068139196,2929959.73611802,10.55266058,7.647748176,4.993190742,2.273858928,14.3204413248603,1.01328331753032,1.15576808618871,9.8,11.3,95050.6490989529,57889.8490652011,5.3,83.5,70.1629068935567,41.0421034414884,13.3845860903508,5.78,40502.9311052901,121.886,362.11,16.4214875725696,1,7.57182758217113,8.15701321254258,0,1171,239.94,62.2333333333333,2089.63429360949,4.8
"California","CA","CA-609","San Bernardino City & County CoC",2011,2012,12.2111663689431,0,1,14.5386184017564,102.501171598272,1,340.507475882255,2.09768186203467,21.875,538797.740948516,15.32885955,5.948789214,0.378382003,0.010239719,19.5203187846433,0.978955806605875,0.227384718661394,19.4,26.2,73027.3503202914,44049.4472706417,12.9,77.8,64.507580812799,48.7341241384976,12.1475579930334,-5.53,35637.0543416943,84.246,137.39,11.4514534873146,0,5.47353077186974,1.56733194974639,1,638,171,63.3916666666667,1796.44676582249,6.1
"California","CA","CA-609","San Bernardino City & County CoC",2012,2013,11.1439845050122,0,2,14.5447548282414,103.132096640367,1,339.075443016486,2.69813974856239,24.4596731681603,738702.127222137,14.59338482,5.845190731,0.765297669,-3.30742109,19.3912550301132,0.615529590790498,0.192382507727373,20.4,28.2,70963.5281423951,43837.7149523007,11.5,78,63.0542340818641,48.5821717146639,12.7512642962732,-1.01,35687.7974327203,84.852,136,11.2188649909919,0,5.78728263930954,1.93391694863594,1,638,160.72,63.05,1759.95944546185,5.2
"California","CA","CA-609","San Bernardino City & County CoC",2013,2014,11.0281104868994,0,3,14.5491944123444,103.590978346189,1,338.45495688848,4.85733700470838,31.5420560747664,1182650.89008969,14.70556391,6.114646617,0.762706767,-4.917894737,18.8703523918995,0.444945580252254,0.261137827008984,19.2,26.7,72023.8375824412,44070.9262548224,9.9,78.2,62.0139646682459,47.5766434555822,13.2752023546726,12.73,36612.2231954763,87.402,153.31,11.0567758032609,0,5.243098267761,2.17982290619367,1,638,160.72,62.7083333333333,1734.53170413655,5.1
"California","CA","CA-609","San Bernardino City & County CoC",2014,2015,10.158782383187,0,4,14.557058303,104.408818351484,1,337.409685015251,4.80739364435735,32.5403817914831,1205686.69610215,14.67221149,6.165112237,0.890022021,-1.37592335,19.295144153839,0.789489604549387,0.478215042139962,20.4,28.2,70659.8362553358,45399.6010542021,8.1,78.3,60.7741732807652,46.6086661578903,13.5591647331787,18.64,37758.9969938445,90.817,181.89,12.2411219475664,1,5.28777651855652,3.25841363846186,1,670,160.72,62.3416666666667,1706.95644935509,4.5
"California","CA","CA-609","San Bernardino City & County CoC",2015,2016,8.85101033790503,0,5,14.564760150546,105.216064187762,1,336.40460411712,5.29485662573739,18.3386411889597,1530603.81763546,14.84271787,6.295271286,1.363358541,-2.13259077,18.4933329740651,0.773158674740282,0.472974117726777,18.9,27.3,72713.9489307569,47785.8586030771,6.5,78.6,59.6810571661086,45.5512902072489,13.84773627856,6.03,39095.4059168627,94.721,192.85,12.226311332377,1,4.07958548007928,5.13848136366881,1,704,160.72,62.1666666666667,1704.89119134813,4.1
"California","CA","CA-609","San Bernardino City & County CoC",2016,2017,8.67525668950159,0,6,14.5725527714176,106.039176408623,1,335.450008442935,5.48823629758685,24.6369426751592,1541298.50135298,14.52945834,6.530157125,1.120222368,-1.300569223,17.6344771946941,0.782306606139427,0.496322547826544,17.6,25.7,75382.9966453724,48852.5926048071,5.9,78.8,59.1156124556686,44.56939011,13.9030318009557,6.78,39916.5774103668,97.432,205.92,13.4147767813952,1,3.34903093866677,5.15019043509259,1,704,160.72,62.225,2016.2409502437,3.6
"California","CA","CA-609","San Bernardino City & County CoC",2017,2018,9.77499511942524,0,7,14.5814183033322,106.983450111749,1,334.351180527629,9.28151997230144,33.6629213483146,2321950.49827329,14.17822716,6.63007935,0.575310449,0.782646358,17.7703288554566,0.890495131240732,0.560009843868414,16,23,79163.5325447803,48999.4289295342,5,79.2,59.35229688,43.2344100071602,13.6175744483876,7.41,40615.1800210037,100,221.18,13.7915561924704,1,3.51938334081067,6.55525827020217,1,704,160.72,62.275,1974.16275783648,4.3
"California","CA","CA-609","San Bernardino City & County CoC",2018,2019,11.9582493343149,0,8,14.5887407530777,107.769706561527,1,335.016497034964,7.68289759718308,25.3720638336023,2104291.66803809,13.67719558,7.079698488,0.016675553,0.733724313,17.3813074217504,0.734932785,0.935382544624286,14.9,21.4,81176.6190874353,49563.7689278915,4.1,79.5,59.3172473979908,42.5643137855024,13.3811493252068,7,41566.5068727433,103.065,236.67,14.1042933179875,1,3.47986134090965,6.22590576775479,1,714,160.72,62.2833333333333,1927.15935063047,4.4
"California","CA","CA-609","San Bernardino City & County CoC",2019,2020,14.3138512275559,0,9,14.5948748835284,108.43281201373,1,335.49150606513,7.66611977030353,22.8999464954521,2162049.86489563,13.49992799,7.004171768,0.074536939,-0.420535571,17.1130942142164,0.615298559642019,0.757957729598369,13.3,18.5,84879.2078138949,51732.5157805747,3.9,80,60.020609557754,41.5608485647471,12.9869779367114,4.41,43411.7487235905,108.19,247.1,15.1124735714226,1,3.22464491063422,7.00890102908832,0,785,160.72,62.4416666666667,1892.83731482068,4.2
"California","CA","CA-609","San Bernardino City & County CoC",2021,2022,15.1757504893531,0,11,14.5994714607615,108.932379307605,1,336.871481086274,8.59591863289382,28.6818038473668,2084852.72909218,11.98446309,9.9571745,0.276677103,-0.071341534,16.8455830683946,0.317378160498349,0.669820422,13.2,17.1,88183.4434641372,59199.2762828043,7.5,81.1,61.1636001754749,40.3179531334944,13.0315404449241,17.37,45651.7755218572,114.787,301.67,15.4461823955615,1,3.99519845634664,7.2826760432833,0,878,160.72,61.075,2017.50905443565,4.3
"California","CA","CA-609","San Bernardino City & County CoC",2022,2023,19.0361146178301,0,12,14.6022701142381,109.237670431639,1,338.469320897687,8.69420166835044,29.9860745783692,2133754.13137151,12.17491535,8.510859485,3.139251449,-3.478482107,17.7897313942248,0.280257464286349,0.75590410305344,13.5,18.2,86676.5124119498,54147.6520626271,4.2,81.4,62.122172506625,40.6238848117174,13.2124499332443,18.55,46065.5319214819,116.1,357.62,15.4034853675129,1,4.96751988715398,7.69942816606542,0,925,199.72,61.7416666666667,2042.06206015028,3.9
"California","CA","CA-609","San Bernardino City & County CoC",2023,2024,19.1773437823942,0,13,14.6056515003087,109.60767054107,1,339.763561927045,9.76975955573304,46.4114832535885,2148023.35032891,11.71961737,7.570046453,4.782302073,-5.540033996,17.2886038337237,0.338711095,0.72238686305186,13.2,17.4,89366.5320763915,53569.6230988566,4.6,82.1,62.7024861531008,40.9862534787975,13.19161613,2.65,46160.078244097,116.591,367.1,16.377947020243,1,5.83562417128238,7.2151185321454,0,1130,219.73,62.15,2066.79124978034,4.4
"California","CA","CA-609","San Bernardino City & County CoC",2024,2025,17.2519919373803,0,14,14.6124612927464,110.35662357882,1,340.183543630598,8.24868472827433,36.7651782846129,1874444.38671675,11.22856684,7.191004122,5.398340746,-2.608044826,17.2596094041547,0.683303489666942,0.807758110636692,12.6,16.6,89974.3567530823,55413.283470663,5.1,82.5,63.4859398738079,41.4143517744382,13.4550617412598,5.26,47487.7384577658,120.679,386.41,16.4214875725696,1,5.89517406988756,7.43206578076803,0,1171,239.94,62.2333333333333,2089.63429360949,4.8
"California","CA","CA-611","Oxnard, San Buenaventura/Ventura County CoC",2011,2012,23.1069349598568,0,1,13.6293014544431,447.382708910447,1,340.153403389234,2.01160925198593,45.2464788732394,590256.932253971,13.30114379,6.140662496,0.586033316,-1.68560098,12.8032921374438,0.606231752145514,0.20690046774412,11.5,16.4,105953.141959693,68521.2033730331,10.3,82.5,65.76329528,47.2907047819685,12.547164711606,-5.96,60959.6555882576,100.865,145.79,11.4514534873146,0,2.81894087331752,0.542104014099523,1,638,171,63.3916666666667,1796.44676582249,6.1
"California","CA","CA-611","Oxnard, San Buenaventura/Ventura County CoC",2012,2013,19.9728922275144,0,2,13.6334093768858,449.224304571141,1,339.455991246719,2.0004099780167,47.3498233215548,558601.297307577,12.65797676,6.020623762,0.675637092,-3.150969425,12.9211676800445,0.411637648039576,0.20576496045841,11.6,17.7,99627.7281943793,69547.1464372824,9.1,82.7,64.9681410752433,46.9202038910744,12.7000217060994,-1.11,59727.5885731836,99.242,144.18,11.2188649909919,0,1.67963182470402,0.599868508822866,1,638,160.72,63.05,1759.95944546185,5.2
"California","CA","CA-611","Oxnard, San Buenaventura/Ventura County CoC",2013,2014,16.9536398681225,0,3,13.638936850589,451.714258317823,1,338.288774136894,3.53046569699364,50.949050949051,1040124.25652832,12.60190518,6.4140144,1.265813698,-1.828131692,13.1100441933051,0.554278502152328,0.208523301595376,12,18,105748.385879362,68813.2263085694,8,82.8,63.98458893,45.8066776335831,12.8431276526281,9.51,60112.494123655,100.428,157.89,11.0567758032609,0,2.45783500529747,0.703943035497819,1,638,160.72,62.7083333333333,1734.53170413655,5.1
"California","CA","CA-611","Oxnard, San Buenaventura/Ventura County CoC",2014,2015,16.7533299755735,0,4,13.6438891498497,453.956833542918,1,337.835704033138,4.6176877824556,52.283105022831,1336095.22941174,12.2944503,6.351934293,1.554361287,-2.420804638,12.6095664593368,0.496458808594302,0.361863916594962,11.5,15.8,101964.465449246,70653.0356320316,6.7,83,63.5488892720706,44.4736712065289,13.0040409482759,13.23,59436.7296221484,99.832,178.78,12.2411219475664,1,5.24755519727602,3.94160254637022,1,670,160.72,62.3416666666667,1706.95644935509,4.5
"California","CA","CA-611","Oxnard, San Buenaventura/Ventura County CoC",2015,2016,15.0001829290601,0,5,13.648041750952,455.845856894026,1,337.98690473657,5.01276804141743,46.3363572923936,1665533.55357541,12.21847771,6.664301087,1.725017312,-3.049584177,12.8942707631337,0.416124003765894,0.461065933834237,9.9,14.3,107707.010443057,73689.3368792731,5.7,83.1,63.07073811,43.6593002608594,12.9033320933199,3.73,59531.6417102631,100.419,185.45,12.226311332377,1,4.977524290555,3.96073785590481,1,704,160.72,62.1666666666667,1704.89119134813,4.1
"California","CA","CA-611","Oxnard, San Buenaventura/Ventura County CoC",2016,2017,13.5682014124121,0,6,13.6498384270539,456.665601406732,1,338.926241822776,5.60275785221812,53.0764449968925,1592784.97644093,11.61638981,6.652787006,1.663196752,-4.814765596,13.0186481424439,0.179829321756153,0.458250253611792,9.8,12.5,106607.231081748,74800.7953330599,5.2,83.4,62.3311369858892,42.7380645942795,12.9108915984977,6.63,59182.9100827468,100.001,197.75,13.4147767813952,1,4.86237243648526,5.87733367322733,1,704,160.72,62.225,2016.2409502437,3.6
"California","CA","CA-611","Oxnard, San Buenaventura/Ventura County CoC",2017,2018,15.4219458534066,0,7,13.6518674674224,457.593136124922,1,340.137849157405,8.88182498130142,53.6062378167641,2099254.50063085,11.26878795,6.816921103,0.81232422,-3.211569195,13.1960181097799,0.203110266096873,0.56132042621353,9.5,13.2,108278.164407856,75475.2763744511,4.5,84,62.2248503427662,41.8553771627866,13.1481648390166,5.34,59080.826186601,100,208.31,13.7915561924704,1,4.38139837275807,6.14809126499922,1,704,160.72,62.275,1974.16275783648,4.3
"California","CA","CA-611","Oxnard, San Buenaventura/Ventura County CoC",2018,2019,19.7279924728666,0,8,13.6508045326327,457.107002298189,1,343.109998089943,4.13737173803977,43.3554817275747,1259618.46260736,10.88036314,7.260253148,0.031817373,-4.711328045,13.4045949852737,-0.106237133,0.766641735,9.1,12.4,107923.488052273,76661.9630171958,3.8,84.4,62.5723658934472,41.7919329870697,13.1403944485026,4.38,59839.3346215834,101.173,217.43,14.1042933179875,1,4.53933421526112,6.44939172921516,1,714,160.72,62.2833333333333,1927.15935063047,4.4
"California","CA","CA-611","Oxnard, San Buenaventura/Ventura County CoC",2019,2020,21.1781799564585,0,9,13.6482829127858,455.955802903619,1,344.574388361312,3.93122753094212,41.1867364746946,1125523.34901528,10.81487568,7.367715217,0.165274817,-6.130515162,13.204398077555,-0.25184462,0.17387957636612,8.2,11.4,115164.604851026,79256.1082725281,3.6,85,62.3920900380111,41.2062231897049,12.9732858002685,2.94,61173.5939816179,103.075,223.83,15.1124735714226,1,4.56261539516268,7.43493544963038,0,785,160.72,62.4416666666667,1892.83731482068,4.2
"California","CA","CA-611","Oxnard, San Buenaventura/Ventura County CoC",2021,2022,26.9326384520921,0,11,13.641105979033,452.695149187727,1,350.443356556772,5.01771658224537,48.0027081922817,1387576.35436811,9.848261231,8.69488267,0.307646805,-6.467709855,12.8673406702256,-0.454732381,0.361066219340067,8.9,12.1,113849.057766178,88513.7541338269,6.2,85.6,63.3173119105397,41.4308613789985,13.2926947693666,11.35,63145.1079690813,105.734,254.9,15.4461823955615,1,10.619603884013,8.17899985237322,0,878,160.72,61.075,2017.50905443565,4.3
"California","CA","CA-611","Oxnard, San Buenaventura/Ventura County CoC",2022,2023,29.3364388375511,0,12,13.6347989045801,449.848948811922,1,354.534399616617,4.62285542425174,61.9152046783626,1089410.94063415,10.43573181,7.992208433,2.361117166,-11.15827905,14.1228621918711,-0.628723409,0.531327605594578,9.5,12.5,112204.488661738,81917.9356823431,3.7,85.4,64.0374220123089,41.0155188016968,13.5144489661693,15.35,63259.1409670528,105.297,294.03,15.4034853675129,1,11.6572318567107,8.25470991703358,0,925,199.72,61.7416666666667,2042.06206015028,3.9
"California","CA","CA-611","Oxnard, San Buenaventura/Ventura County CoC",2023,2024,28.2926840974238,0,13,13.6316742545206,448.445520336519,1,357.39498191861,3.91084747358581,57.7815993121238,906648.758375769,10.35550708,8.214808975,3.381439044,-8.631189155,14.0180345186889,-0.311977716,0.492361136925057,9.8,12.8,112559.818340542,82354.6574682411,4.2,85.3,64.1596252900134,40.6567777876028,13.5177260413804,4.06,63851.1423396085,106.033,305.98,16.377947020243,1,12.9796615913786,8.82136260006658,0,1130,219.73,62.15,2066.79124978034,4.4
"California","CA","CA-611","Oxnard, San Buenaventura/Ventura County CoC",2024,2025,23.9513462702699,0,14,13.6333073941616,449.178493733811,1,359.097513771386,5.50649385364354,67.9004854368932,1049513.93227682,10.11827065,7.884709835,4.138091699,-4.694080223,13.9579641266044,0.16344759040996,0.640598833807471,9.5,12.2,115845.384080693,84732.8231885127,4.6,85.1,64.6266220963035,40.782055500713,13.9317939187853,5.73,65982.546649797,109.883,323.52,16.4214875725696,1,15.6941606443725,7.61910704065484,0,1171,239.94,62.2333333333333,2089.63429360949,4.8
"California","CA","CA-613","Imperial County CoC",2011,2012,13.5353249327481,0,1,12.0770283138311,39.2336641544222,1,319.576075455383,4.57482599640422,49.8054474708171,959286.976441373,17.8600978,5.574861199,-0.530667443,-5.654746621,57.7235957357241,0.612422445568805,0.124761616197633,26,33.2,52816.966346867,44696.454392675,28.9,63.4,57.4203168685927,45.2759628610729,14.739189613653,1.07,40077.5585731773,87.56,109.05,11.4514534873146,0,10.4103853549202,0,1,638,171,63.3916666666667,1796.44676582249,6.1
"California","CA","CA-613","Imperial County CoC",2012,2013,14.2826375270633,0,2,12.081506657577,39.4097610052399,1,319.405351833499,5.08874270820405,25.0871080139373,1095588.98345489,17.11880713,5.420577192,-0.238391877,-7.089320328,56.9842842984567,0.448841204646566,0.395179521868383,22.8,33,53549.044960128,44071.9087589877,27.4,63.8,58.1047626653234,44.5354303416304,15.132755669662,-0.8,37692.389713806,82.667,108.18,11.2188649909919,0,10.6470338383123,0,1,638,160.72,63.05,1759.95944546185,5.2
"California","CA","CA-613","Imperial County CoC",2013,2014,16.7440187892614,0,3,12.0807304865538,39.3791839855161,1,321.160974393271,5.34721609459102,1.98019801980198,1390361.33726181,17.08718942,5.489882809,1.22941648,-14.00514995,49.8418707988075,-0.077587427,0.471639568077453,22.7,30.9,55430.3812956975,45090.9138226732,25.2,64.5,56.9966222783826,43.3005724160276,15.2521748355612,9.27,39693.272442233,86.926,118.2,11.0567758032609,0,10.7119781452975,0,1,638,160.72,62.7083333333333,1734.53170413655,5.1
"California","CA","CA-613","Imperial County CoC",2014,2015,30.9606174240096,0,4,12.0893983699721,39.7220037103019,1,320.035510804949,4.31897187401243,21.9512195121951,1048665.83243682,17.87185536,5.761655926,1.929957225,-5.366635441,49.5240877881039,0.870560764,0.51707403158916,23.6,31.3,52687.1489869867,45912.3680513391,24.3,65.2,55.788456111488,42.9962249155573,14.5760368663594,14.83,41681.4982615703,92.01,135.73,12.2411219475664,1,11.5747243979458,0,1,670,160.72,62.3416666666667,1706.95644935509,4.5
"California","CA","CA-613","Imperial County CoC",2015,2016,21.0901381404048,0,5,12.0947946561083,39.936935608068,1,319.637637827839,5.1228254218026,59.3856655290102,1055792.71126477,18.44717591,5.788557932,3.199677231,-10.52923558,49.9337755746436,0.54109027161271,0.416096070789007,24.3,31.4,54237.2755494613,49065.5458558659,24.6,66.3,55.5614567979328,42.4545758555345,15.4963820549928,8.21,45259.4154696938,100.379,146.87,12.226311332377,1,10.1152919742703,0,1,704,160.72,62.1666666666667,1704.89119134813,4.1
"California","CA","CA-613","Imperial County CoC",2016,2017,63.5291138404285,0,6,12.1017116302054,40.2141374949065,1,319.038289700798,3.74017117806694,0,1030453.17072996,17.34815491,6.270954232,4.349569498,-8.526492832,49.3398231758418,0.694099040444396,0.505288923856972,23.6,32.9,58122.2033607512,47284.405199062,24.5,67,55.732705167534,41.0314562402195,15.6092967559329,8.23,45819.7881828317,102.251,158.95,13.4147767813952,1,10.1010661619834,1.7760116328762,1,704,160.72,62.225,2016.2409502437,3.6
"California","CA","CA-613","Imperial County CoC",2017,2018,82.2485304892493,0,7,12.1098370376493,40.5422266846429,1,317.722640917374,3.30942232387289,0,811885.349172751,16.47744232,5.649092939,1.569806649,-4.239583448,52.1995717014682,0.815855343852512,0.40011133532809,20.7,28.1,57022.1741889256,46732.3597878005,19.9,68.4,56.2833573085166,39.3397745571659,15.9274499743458,5.9,44490.5004621098,100,168.34,13.7915561924704,1,10.0193229800329,2.64245880792077,1,704,160.72,62.275,1974.16275783648,4.3
"California","CA","CA-613","Imperial County CoC",2018,2019,77.9736776756891,0,8,12.1091431553502,40.514104754094,1,318.808084925877,6.9119247982582,31,1338587.70294657,15.20491668,6.173383411,0.187239104,-9.956714725,49.9771378833536,-0.069364544,0.27203105,21.4,30.2,59793.2282088828,45147.842910878,19,69,58.0430243742229,39.4503650842411,16.525494276795,5.56,44344.3811381825,99.525,177.7,14.1042933179875,1,10.577172038805,2.64429300970125,1,714,160.72,62.2833333333333,1927.15935063047,4.4
"California","CA","CA-613","Imperial County CoC",2019,2020,85.0544749682508,0,9,12.1074449689135,40.4453622571969,1,321.606930993571,6.82910089224434,33.1658291457286,1365387.3745216,15.04115918,5.949197492,0.181949506,-11.0272428,48.2575945699859,-0.169675468,0.706744310621898,22,30.7,60578.3503110474,47430.4983039098,21.1,69.7,57.9878330825395,39.3231881036759,16.0168691635706,3.43,46515.4539941133,103.992,183.8,15.1124735714226,1,13.6854013188754,2.64878735204039,0,785,160.72,62.4416666666667,1892.83731482068,4.2
"California","CA","CA-613","Imperial County CoC",2021,2022,58.9117215933475,0,11,12.0940790685692,39.9083672976692,1,321.370848223523,9.65822079910901,19.4594594594595,1654014.43813675,12.46298916,10.64907449,0.301388901,-6.468698809,42.3916022124166,-0.402713722,1.25101314444798,17.3,21.6,60560.9166693669,57722.3836122133,18,70.4,58.3030238826701,38.6385686243541,14.7547462577583,13.4,47286.3799203152,105.41,217.98,15.4461823955615,1,13.9813991465754,13.7017711636439,0,878,160.72,61.075,2017.50905443565,4.3
"California","CA","CA-613","Imperial County CoC",2022,2023,72.1152515731973,0,12,12.0974958520805,40.0449595317635,1,324.454773967373,9.4650771292129,30.4900181488203,1570241.12186714,14.31482567,8.290762918,5.437847193,-7.966948608,42.7987805217895,0.34226465110816,1.30516497285258,21.2,27.5,61089.1227186013,51075.7569807631,15.3,71.3,58.7945649827603,38.3546609890472,15.1798468290164,13.97,50447.6349941869,112.809,248.44,15.4034853675129,1,14.5467921815172,1.78351475022433,0,925,199.72,61.7416666666667,2042.06206015028,3.9
"California","CA","CA-613","Imperial County CoC",2023,2024,82.5076188235552,0,13,12.104504928111,40.3266252171018,1,324.784290719105,4.48170679753932,26.2357414448669,764167.115164952,13.46277742,7.320107525,8.114322529,-7.203474552,42.361483924885,0.70337363,0.805648126,17.3,22.1,62096.7219668154,50980.850827915,17.6,71.8,58.2995880649541,38.1301500105641,15.3554202192448,5.67,55416.6902012903,124.484,262.53,16.377947020243,1,12.5080942866789,1.32829319858537,0,1130,219.73,62.15,2066.79124978034,4.4
"California","CA","CA-613","Imperial County CoC",2024,2025,86.8745555671927,0,14,12.1159947534035,40.7926457804825,1,322.797380328389,4.28828095867657,36.3636363636364,678976.708622181,12.47475609,6.707863994,9.965497697,-4.187600081,44.5858478642673,1.15561508276927,0.536782373089317,18.8,25.1,62070.1439953934,53489.9167387257,18.4,71.5,58.0771920091997,38.2351715226543,15.6276756584706,9.03,55107.6467610222,124.571,286.23,16.4214875725696,1,23.9097012108048,1.75082480262186,0,1171,239.94,62.2333333333333,2089.63429360949,4.8
"California","CA","CA-614","San Luis Obispo County CoC",2011,2012,77.6553837175372,0,1,12.5100917883431,81.640374806683,1,434.726147171454,2.59682949183611,1.63398692810458,1120916.25739879,9.77702178,8.342269719,0.125725696,3.102466442,61.6583904551793,0.465526571337493,0.370524952939078,15.1,17.5,77121.2449420064,60435.0457793031,9.6,88.9,60.5955057072276,48.02278752555,14.155193236715,-6.65,52627.9377799423,85.007,142.47,11.4514534873146,0,7.52606453231412,2.58247312383328,1,638,171,63.3916666666667,1796.44676582249,6.1
"California","CA","CA-614","San Luis Obispo County CoC",2012,2013,85.4927166154025,0,2,12.5214708040469,82.5746709449646,1,430.810475634666,3.53057716893431,15.347721822542,1414671.43872267,9.636512368,8.326944452,0.198085903,9.698872745,63.3024511234316,1.14440451859013,0.23337519942972,14,16.7,81935.5781035852,61238.1745533291,8.3,89.5,59.4641034432477,47.3199602054697,14.0840938230636,1.41,53335.7578764213,87.137,144.49,11.2188649909919,0,7.40443536620951,2.58972862562008,1,638,160.72,63.05,1759.95944546185,5.2
"California","CA","CA-614","San Luis Obispo County CoC",2013,2014,85.0384757769735,0,3,12.5270577155599,83.0373011410963,1,429.864778596715,5.45936276495207,19.9381761978362,2205793.17428468,9.562503637,8.216696735,0.589245184,3.775533958,59.1376008357031,0.560256784359492,0.339511137827975,15,16.1,79806.4256509615,61880.6278799248,6.9,89.6,57.8271388759688,46.7015876553967,14.3811408614668,8.91,55011.2636306255,90.374,157.36,11.0567758032609,0,7.79844466368754,4.7878823051477,1,638,160.72,62.7083333333333,1734.53170413655,5.1
"California","CA","CA-614","San Luis Obispo County CoC",2014,2015,54.0922674835849,0,4,12.5361962004234,83.7996169134982,1,428.700305865355,8.24138971796506,13.6317395727365,3100179.02017211,9.506736496,8.102209152,0.718511418,6.993751839,59.7030482304018,0.918040160176425,0.644660456325097,14.5,15.6,84021.700923435,64004.7462898422,5.7,89.6,57.0999050737132,45.6804122667585,14.7891324482865,11.96,55576.5716545056,92.145,176.18,12.2411219475664,1,7.69156120721569,5.28345559561078,1,670,160.72,62.3416666666667,1706.95644935509,4.5
"California","CA","CA-614","San Luis Obispo County CoC",2015,2016,48.5445506257918,0,5,12.5428234147861,84.356821251287,1,429.317651931433,6.82789707423363,15.2253349573691,2706311.51044003,9.317504442,8.275061615,0.777354273,4.886226859,56.1988310357509,0.664924684,0.809886314,14.4,14.6,83901.0237998818,67813.9150445475,4.7,89.7,57.135892327241,44.5350994434359,15.1569444444444,4.83,58458.7412787169,97.569,184.68,12.226311332377,1,14.24608232736,7.64075593497502,1,704,160.72,62.1666666666667,1704.89119134813,4.1
"California","CA","CA-614","San Luis Obispo County CoC",2016,2017,39.8256873913644,0,6,12.5489670728101,84.8766778388673,1,429.487975642559,7.04778114697887,28.6049237983587,2534726.21262628,9.35075105,8.393251228,0.726133694,4.484943404,56.017856445815,0.61625910017602,0.656176710300893,11,11.1,93255.5037512253,68581.7048172051,4.5,90.1,58.6507848751864,42.3451933788806,14.8327612648799,7.99,59281.5993243291,99.554,199.44,13.4147767813952,1,9.19081769888894,7.8778437419048,1,704,160.72,62.225,2016.2409502437,3.6
"California","CA","CA-614","San Luis Obispo County CoC",2017,2018,38.6442400671951,0,7,12.5513701107245,85.0808856988786,1,431.462647045288,8.97604200853298,25.3199268738574,2879286.75741158,9.158508836,8.928128389,0.315443996,1.899752607,55.3205348324312,0.24059360617168,0.701473176293677,11.9,12.3,92776.4552475197,70445.9555495968,3.8,90.5,59.3414424283316,40.9693357383735,14.8767686624381,5.37,59425.8449966002,100,210.14,13.7915561924704,1,8.95635458668017,8.88555336465107,1,704,160.72,62.275,1974.16275783648,4.3
"California","CA","CA-614","San Luis Obispo County CoC",2018,2019,52.3822811547414,0,8,12.5544558074629,85.3438259080081,1,433.941288988333,8.5394318431347,26.5714285714286,2818738.66437267,8.903655659,8.829429074,-0.056553589,3.085705197,57.320524855834,0.309047334156998,0.885297013455855,12.7,10.8,90557.2563523804,71139.491078962,3.1,90.9,60.4799637763188,40.7470454723331,14.9051469138237,4.87,60752.8096634055,102.509,220.38,14.1042933179875,1,7.27005794871433,10.4815884017872,1,714,160.72,62.2833333333333,1927.15935063047,4.4
"California","CA","CA-614","San Luis Obispo County CoC",2019,2020,50.4150472796069,0,9,12.5535978580505,85.2706363652607,1,437.860061954498,8.82521397513774,36.563071297989,2419526.95532371,8.784302649,8.703097279,-0.024714678,-0.865013725,56.2924082780252,-0.085758451,0.816532340048304,11.6,11.2,96466.6969247832,74331.9606338396,3,91.3,61.4419626400247,40.4108859607509,14.431680099194,3.29,61137.5683843252,102.963,227.62,15.1124735714226,1,7.98273468710153,12.221354874943,0,785,160.72,62.4416666666667,1892.83731482068,4.2
"California","CA","CA-614","San Luis Obispo County CoC",2021,2022,51.2118607801321,0,11,12.5419732902524,84.2851376662094,1,446.067202927398,8.97241782627156,32.1428571428571,2377721.43977868,8.432723236,9.304460448,0.273974552,-8.098260795,44.1253720889511,-0.856666088,0.722982950190021,13.1,13.8,94682.7217490388,81571.2892309603,5.5,91.9,62.5057101134534,40.2709264683213,14.530331912985,10.76,64100.5517626347,106.759,256.34,15.4461823955615,1,8.39768581219916,12.5071916351902,0,878,160.72,61.075,2017.50905443565,4.3
"California","CA","CA-614","San Luis Obispo County CoC",2022,2023,54.2829302861192,0,12,12.552311320567,85.1610026469066,1,444.789865144458,8.83407679524184,37.7137713771377,2279157.25440202,8.837759916,9.634082611,1.365124621,9.235921264,56.3860978188982,1.03916895071809,0.749837775481277,11.9,10.7,97457.851920254,75916.0776337872,3.2,92.1,62.398448556004,40.4962529006733,16.1686255823803,15.87,63888.824393438,107.574,297.02,15.4034853675129,1,10.7870286864228,12.6614959663586,0,925,199.72,61.7416666666667,2042.06206015028,3.9
"California","CA","CA-614","San Luis Obispo County CoC",2023,2024,41.6440725422023,0,13,12.5504634473957,85.00378066619,1,448.468420586412,7.60059730265705,38.3575883575884,1941794.54460456,8.43227629,9.278335918,2.081519084,-2.853238745,56.40535034104,-0.184617343,0.640888019528796,12.8,11.8,94895.9383187742,77424.3670942763,3.6,91.8,62.3860051405406,41.1948589991055,16.0538233669729,7.69,64509.9979787736,108.417,319.87,16.377947020243,1,11.1258747453273,12.8620781291523,0,1130,219.73,62.15,2066.79124978034,4.4
"California","CA","CA-614","San Luis Obispo County CoC",2024,2025,43.7374055750141,0,14,12.5502083001531,84.9820948757463,1,451.570601765709,8.66480394311368,24.7282608695652,2273174.82118955,8.749455152,9.29873241,2.427451106,-2.037641439,54.4562701796543,-0.02551156,0.666039867582113,12.6,11.4,102270.971916017,79607.2663799244,4,92.2,62.65687864,40.6590309032313,16.492982024132,3.35,67526.818122146,113.421,330.59,16.4214875725696,1,12.8653602832506,12.8653602832506,0,1171,239.94,62.2333333333333,2089.63429360949,4.8
"Florida","FL","FL-500","Sarasota, Bradenton/Manatee, Sarasota Counties CoC",2011,2012,12.7866763110508,1,1,13.4727047062814,532.975460074547,2,567.543235532387,5.9206410676517,20.167714884696,1691012.00466589,8.71345823246811,11.8808703360777,2.28528302654905,9.98795262705554,14.8230072910429,0.914020093865331,0.363623806454191,13.6382280300095,22.714973195731,65313.5702448377,63675.1108447696,10.2615551407136,89.0694753971329,72.9330141870051,42.0674930862656,13.9685117614545,-5.20213756472121,39259.0793420683,81.134,115.78,10.3778797228789,0,14.5398189567116,3.21228558345955,1,303,0,61.0833333333333,1434.29454928616,14.9
"Florida","FL","FL-500","Sarasota, Bradenton/Manatee, Sarasota Counties CoC",2012,2013,14.3345959803005,1,2,13.4873980809775,540.864495590793,2,561.797409622078,7.66584620859405,10.4448742746615,2450996.56425655,8.96035909374079,11.915983929942,1.98876369325332,15.2874883050028,14.6179060672154,1.48183461923057,0.4721521355777,13.9977757291946,22.8904739955656,66842.3773026874,62748.3028090174,8.56095260044344,89.467939873466,71.7591368817839,41.2471852475046,14.1904551346704,-0.155140354944806,38360.7930640387,80.2695,115.465,10.7560868101134,0,10.7041557392184,2.69339327290321,1,303,0,60.5083333333333,1405.16284012173,13.1
"Florida","FL","FL-500","Sarasota, Bradenton/Manatee, Sarasota Counties CoC",2013,2014,18.4281102956527,1,3,13.5032584320781,549.511196901431,2,556.409163209419,13.3184995260058,27.069887516135,3722840.50659941,8.50586283431672,11.7717019022021,2.03486817016129,16.841478544178,14.2949674499451,1.60413642901404,0.641880567563063,14.4014356459997,24.0904472011326,66911.3067179709,62582.1616588844,7.15985643540003,89.7978465310004,70.8042141029829,39.5146934931922,14.0465497305084,9.93805082290693,39348.5098961724,83.335,126.86,10.7665354384253,0,9.70215743185259,3.00630230282756,1,303,0,60.0916666666667,1384.86116935842,10.3
"Florida","FL","FL-500","Sarasota, Bradenton/Manatee, Sarasota Counties CoC",2014,2015,15.6130059728219,1,4,13.5241269767068,561.099203382176,2,551.340420862173,13.7337764001388,21.1028632025451,4280814.07311944,8.50998279124946,11.7354684840593,2.25597392774243,21.2779424011444,14.0224938037654,2.11116745204788,1.22217021091014,12.3495330742424,20.6964886219467,70596.2828147424,66124.4260627658,6.05304445229568,90.0870003533058,70.0741974032078,37.1829653918753,14.2702255900136,11.8806910742103,40657.8119448913,87.521,141.94,10.7857885604668,0,10.5054949760983,3.78733130985456,1,303,0,59.8666666666667,1362.84491016239,10.1
"Florida","FL","FL-500","Sarasota, Bradenton/Manatee, Sarasota Counties CoC",2015,2016,18.6213833861235,1,5,13.5506461707929,576.178179415083,2,543.482482285494,17.1239200132368,26.4108668253746,5217862.62453816,8.6427259866847,12.2570434560644,3.0545602279702,26.7430232538481,13.8197258210187,2.69095644463204,1.26172333588616,12.1097134270548,20.7184526703062,72606.3192995353,69830.4881772139,5.1,90.2737822702458,69.4031323811766,35.3813936147281,14.2949122069092,11.8380257888282,42326.5734330251,93.521,158.735,10.9357562472928,0,10.3999822757194,3.58395379175795,1,303,0,59.3333333333333,1361.19599500464,8
"Florida","FL","FL-500","Sarasota, Bradenton/Manatee, Sarasota Counties CoC",2016,2017,17.9710029732261,1,6,13.5776872848371,591.97126860009,2,537.223105229843,19.1350955692242,24.3336623889437,5747260.29429442,8.20255507155626,12.1814098274248,3.58583041097619,27.3521505885816,13.5157247942198,2.74653811627645,1.5753886577721,11.7046956837206,19.1380046198282,71779.9427341916,70226.6836227672,4.65238443769891,90.6477619456555,69.3758359131115,34.195880288725,14.3375722801114,10.5362361338558,42659.8350383484,96.5985,175.44,10.7988953090232,0,10.8582453532164,4.30016959665931,1,303,0,59.35,1576.23627181394,8.1
"Florida","FL","FL-500","Sarasota, Bradenton/Manatee, Sarasota Counties CoC",2017,2018,14.5239035183913,1,7,13.5988298275603,604.620307556034,2,535.275079298448,18.9769742642623,23.8782247218486,5659072.43870045,7.93889039882507,12.2908007236219,3.48246955480485,21.9494214109764,13.3509524507381,2.13958336779722,1.78900002597095,9.9660461061171,15.853313395911,74703.7758121292,72940.5854231541,4.05212211836768,90.7763962612365,70.2381940338079,33.0572163604541,14.3859813476078,7.96696199387471,43402.7937188623,100,189.425,10.6392004913343,0,12.2704567640272,5.66328773724332,1,303,0,59.35,1543.34081201455,8.5
"Florida","FL","FL-500","Sarasota, Bradenton/Manatee, Sarasota Counties CoC",2018,2019,13.560415534143,1,8,13.6179336274279,616.281902984103,2,534.380955165977,23.4600695434076,36.7091068131014,5947287.21285823,7.78082739373993,12.4112431496767,2.30099254875202,21.3920224274699,13.1738628222186,1.93001405147253,1.76813751516943,10.3480540162492,16.9883240974954,77778.36215215,74642.0699779009,3.55194598375077,91.0700554150279,70.5376191652254,32.5370068036491,14.4680329243827,6.66480540162492,44880.4940831044,105.1355,202.05,10.5782199884906,0,11.0147724669679,5.20277416304788,1,303,0,59.2833333333333,1506.59496805775,8.2
"Florida","FL","FL-500","Sarasota, Bradenton/Manatee, Sarasota Counties CoC",2019,2020,12.4599586577617,1,9,13.6375745704877,628.505928223868,2,535.527691324321,22.3298544956429,32.4807673094215,5812450.66694086,7.6226721346821,12.6189315621519,1.73015615701197,22.8009042092354,12.9236136416586,1.98414671837189,2.20238326460637,9.48625320342415,15.5652210586682,82165.1027332075,77858.4418054428,3.25182133704502,91.4619254595308,71.7615616983569,31.634185876209,14.1414584031003,3.94307891922891,46220.5922078933,110.597,210.025,10.6542938678529,0,10.7885949139481,4.94626610672704,1,303,0,59.5,1479.76303720179,8.4
"Florida","FL","FL-500","Sarasota, Bradenton/Manatee, Sarasota Counties CoC",2021,2022,12.7081688511391,1,11,13.6678037384687,647.795243314417,2,546.138036799149,33.7985838724466,22.0045214770158,9884549.2452607,7.28742319829148,14.0275793957722,0.864499055502288,37.5429152136724,17.1291192709257,2.95977689277042,1.9573267287718,9.2236204955934,14.4992701838335,82998.9922503166,83029.6373357936,4.15202919264666,92.0689925499865,73.9136992684334,30.8916510024891,14.7852090066141,17.9647240991187,47167.4134962639,118.5545,260.06,11.8816787658165,0,9.82979843117344,4.33531204393734,1,303,0,58.025,1545.80640743273,6.5
"Florida","FL","FL-500","Sarasota, Bradenton/Manatee, Sarasota Counties CoC",2022,2023,12.5336911066377,1,12,13.7051241000581,672.428017069883,2,543.175947836205,32.441967323661,27.6425855513308,9438617.69031101,7.65104439016297,14.0803681890697,5.89625357265553,35.5348091110598,16.4882348934155,3.80391269715033,3.26473856022312,9.27042324455855,12.7037863196227,82910.2187483492,79101.0056064357,3.05184854721509,92.4628506053131,74.3244223977278,31.3673340604767,15.0274600245296,29.0236524818339,48861.5606073984,127.154,335.51,11.0024895482235,0,9.99456161842662,4.22116680644163,1,303,0,58.7583333333333,1588.75949076347,7.2
"Florida","FL","FL-500","Sarasota, Bradenton/Manatee, Sarasota Counties CoC",2023,2024,12.3750594954783,1,13,13.7294383761564,688.978021141656,2,546.592089388105,31.7598945590643,32.8854846810648,9085948.47597084,7.41201273538835,12.7350867350027,7.91895424274116,21.2323348515704,16.2087873163406,2.46724836822889,3.14161209996503,9.93680937999645,13.2543968733345,83158.6741724399,82447.1781005115,3.1,92.7498312311245,74.8461875969499,32.3575057150219,15.3464972144114,7.21293657843311,50787.0143671389,135.6225,359.685,11.6230591756563,0,9.4929086555491,4.11976977244266,1,303,0,59.0083333333333,1652.58768642968,8.5
"Florida","FL","FL-500","Sarasota, Bradenton/Manatee, Sarasota Counties CoC",2024,2025,10.2303624501402,1,14,13.7482440525923,702.057330167162,2,552.785457968116,28.9034564958284,26.2417994376757,9228113.35603762,7.48096843278775,12.2340482921992,7.53631078889938,15.9964673383619,15.954949221612,1.91091655717584,3.07799647348182,9.18906908962559,12.6308709068448,84458.252055925,83683.016064911,3.5,92.8855254587168,75.1185571720776,33.9767548344224,15.8460881354923,0.960810903315168,51765.2552633493,141.083,363.12,12.3161156794272,0,8.67430704479943,4.14997673659948,1,303,0,58.4666666666667,1712.96642241367,10
"Florida","FL","FL-501","Tampa/Hillsborough County CoC",2011,2012,57.9772889072621,1,1,14.0430476435564,1169.34292034744,1,430.045965640863,7.74368244419585,25.0179382922746,2879551.935657,13.28966923,7.316188302,5.308153753,6.37926622,17.5857803605408,1.78395100762223,0.582154586726125,17.6,23.7,66693.2651101205,61668.9398925612,9.7,86,64.8004141176784,43.5034435063251,14.8978499192657,-5.6,58473.0012865282,83.601,127.33,10.3778797228789,0,9.82872999905217,5.87015721985531,1,303,0,61.0833333333333,1434.29454928616,14.9
"Florida","FL","FL-501","Tampa/Hillsborough County CoC",2012,2013,14.6381000068245,1,2,14.0620893463376,1191.82256454224,1,424.55254958625,13.0597083607903,41.7195207892882,4161021.1764713,12.97442116,7.300577246,5.332245689,7.900149183,17.4557043041045,1.92241675248885,0.62045769404584,19.1,26.8,65257.3329363519,58384.3757712455,8.2,86.4,63.19723078,43.3149300447105,15.3134433134433,-0.6,58690.9965935011,85.311,126.56,10.7560868101134,0,9.88560054827963,6.96290125574478,1,303,0,60.5083333333333,1405.16284012173,13.1
"Florida","FL","FL-501","Tampa/Hillsborough County CoC",2013,2014,14.5913301678754,1,3,14.0810482433395,1214.63377790067,1,421.327305309053,12.5066883119247,28.0558789289872,5016637.17384252,12.70314308,7.670961425,5.155257627,8.636991683,17.0473671740032,1.91397730141079,1.13975636603261,16.8,24,68427.6212524306,55959.7244372786,6.9,86.8,62.0214194636892,41.9796386026904,15.785568835768,7.24,59580.4121631181,88.049,135.72,10.7665354384253,0,9.0788425395915,9.01749900891858,1,303,0,60.0916666666667,1384.86116935842,10.3
"Florida","FL","FL-501","Tampa/Hillsborough County CoC",2014,2015,14.1561338726007,1,4,14.1024165793663,1240.86779091173,1,416.885711755178,13.4853875293474,39.8531375166889,4829001.76543027,12.72933957,7.305336119,5.618205535,10.12733512,17.3737407096611,2.15982903558001,1.08286954970827,16.8,23.3,69037.2075349528,56824.6482052641,6,87.1,61.05766061,40.1815272388036,16.056405269207,10.22,59318.6943129526,89.35,149.59,10.7857885604668,0,7.87361386116319,9.92270498041729,1,303,0,59.8666666666667,1362.84491016239,10.1
"Florida","FL","FL-501","Tampa/Hillsborough County CoC",2015,2016,13.0093012566112,1,5,14.1259863681134,1270.46220151373,1,411.964755551939,16.8805053830412,39.3316466371495,5881136.27999757,12.82390294,7.699978972,6.923379609,11.42424392,16.727843744433,2.384976935,1.17641551557752,15.8,21.4,70246.9509996906,58663.2002517818,5.1,87.5,60.1043756148978,38.7562780777687,16.094563687544,8.07,60835.8492625196,93.619,161.65,10.9357562472928,0,9.54494370902437,10.5346268124946,1,303,0,59.3333333333333,1361.19599500464,8
"Florida","FL","FL-501","Tampa/Hillsborough County CoC",2016,2017,10.8569490080856,1,6,14.1496185734444,1300.84362319232,1,408.39683452269,18.6919820127804,40.5083474019884,6279432.95011968,12.64431683,7.637735324,7.783347086,10.80931886,16.01067664834,2.39136761742222,1.50458225820802,15,20,73122.6067577073,58387.8159410228,4.5,87.8,59.50678565203,37.4318246063287,16.0945796929341,9.16,61883.7838230382,97.357,176.46,10.7988953090232,0,8.87811423125912,10.4532635303535,1,303,0,59.35,1576.23627181394,8.1
"Florida","FL","FL-501","Tampa/Hillsborough County CoC",2017,2018,12.3629486217895,1,7,14.1709005767401,1328.82489393082,1,406.555943075664,19.941453121121,37.1228494856056,6297282.6099206,12.25106068,7.320176991,7.76219271,8.55413754,16.0996848751276,2.15100956330418,1.69055320342564,15.5,21.4,71901.293098288,59528.2969713288,4,88.2,59.6076659552411,36.1505091649694,16.1929347826087,9.7,62319.2333597718,100,193.57,10.6392004913343,0,7.76597772818517,11.0391831425015,1,303,0,59.35,1543.34081201455,8.5
"Florida","FL","FL-501","Tampa/Hillsborough County CoC",2018,2019,11.2094828148438,1,8,14.1883973764303,1352.27968676135,1,406.747897093433,16.7585278504483,13.1049813074669,6871619.13638899,12.04104,7.898132982,6.726057829,6.598220349,16.1627473708933,1.76507777192136,1.81312581027777,14.7,20.1,74830.9693028243,60516.3937935505,3.5,88.4,59.6043360713026,35.5656224028763,16.151346259518,8.75,63572.0771396949,103.682,210.51,10.5782199884906,0,8.8985680330652,11.0818854219829,1,303,0,59.2833333333333,1506.59496805775,8.2
"Florida","FL","FL-501","Tampa/Hillsborough County CoC",2019,2020,9.90284031465388,1,9,14.2021115182666,1370.9528051928,1,407.247983651819,24.0584796882507,38.2817917071141,7217935.45700562,11.81098996,8.000309178,3.602054389,6.281364499,15.9643416161221,1.380862156,1.50550743779263,13.5,18.4,76989.2372368147,62507.709436999,3.2,88.7,60.235670076166,35.0811962297695,16.16960436,6.72,65517.6979516375,108.181,224.65,10.6542938678529,0,7.52054392486793,10.7339289984565,1,303,0,59.5,1479.76303720179,8.4
"Florida","FL","FL-501","Tampa/Hillsborough County CoC",2021,2022,9.91975683810865,1,11,14.2108633754378,1383.00385409223,1,416.030094814019,18.260959651389,33.0555801790621,5270236.1955104,11.22273227,9.220802852,2.243868752,7.952146161,22.6653925127971,1.27270594429585,1.90055489208965,14.3,19.5,78202.8333008513,68642.8345658753,4.5,89.2,62.1797496932102,35.1599057002508,16.4280748105402,16.42,70341.2715409834,119.328,276.16,11.8816787658165,0,6.94319576916265,10.2834722982651,1,303,0,58.025,1545.80640743273,6.5
"Florida","FL","FL-501","Tampa/Hillsborough County CoC",2022,2023,13.1066988080614,1,12,14.2376623326904,1420.56803248404,1,411.909871174288,27.7639388725386,61.9216877830648,5837827.28634429,11.52170028,9.382933585,13.94882507,10.4918499,22.2011107767373,2.71612969701134,1.6988633236533,12.9,16.4,81518.5453117426,66170.0723919709,2.9,89.3,62.9820710806573,35.5504768343563,16.439467849224,23.5,72850.4651738143,126.83,341.07,11.0024895482235,0,5.96627807183005,9.66405920645879,1,303,0,58.7583333333333,1588.75949076347,7.2
"Florida","FL","FL-501","Tampa/Hillsborough County CoC",2023,2024,12.0481314258292,1,13,14.257922642398,1449.64273636327,1,414.248138077787,19.7220977140296,54.8521547656496,4312878.25406285,11.18864781,7.95017028,14.83728922,2.325992676,22.0462383774421,2.04669563261888,2.62597869356844,13.2,14.7,80862.6793267841,68088.9372927378,3,89.6,63.6877011639719,36.5559937549072,16.7522735540196,9.15,75027.4594766755,133.489,372.26,11.6230591756563,0,6.64972218938409,9.1554146085723,1,303,0,59.0083333333333,1652.58768642968,8.5
"Florida","FL","FL-501","Tampa/Hillsborough County CoC",2024,2025,11.4095857037129,1,14,14.2673495801259,1463.37305268411,1,417.935868044639,13.7864343800445,50.3148127692478,3434995.33949689,10.73072661,7.791782595,13.46312604,-6.922121181,22.1429762512427,0.947151734453144,1.84580595230155,11.7,14.4,86922.0127505309,69495.7354071147,3.4,89.7,64.6088396191538,37.358653355167,17.075641025641,2.36,76516.3320952103,138.246,381.06,12.3161156794272,0,5.92541487450977,7.35744317393479,1,303,0,58.4666666666667,1712.96642241367,10
"Florida","FL","FL-502","St. Petersburg, Clearwater, Largo/Pinellas County CoC",2011,2012,43.0861440776354,1,1,13.7304492782983,3152.2221871187,2,548.136816719382,0.705149978448233,3.94366197183099,254089.07440301,9.26061671,12.41179878,2.225774402,3.187151984,21.6951293204349,0.222934663,-0.049236927,15,23.6,61209.4503213827,62569.3104230013,9.9,88.3,70.455669051533,43.3480388512777,14.0213296637138,-7.88,47326.4264028304,89.417,127.07,10.3778797228789,0,23.0495778236277,7.54527984495702,1,303,0,61.0833333333333,1434.29454928616,14.9
"Florida","FL","FL-502","St. Petersburg, Clearwater, Largo/Pinellas County CoC",2012,2013,42.1471455622169,1,2,13.7339132258214,3163.16026477122,2,545.576264970563,3.10445362809401,68.4176809737348,645444.19956724,9.007133863,11.98958533,2.094454803,4.42150604,21.685209658414,0.34699577007038,-0.121762517,14.1,21.4,62852.288753908,60908.6203942187,8.3,88.7,69.031422886592,42.4893739967897,14.2532591691291,0.64,47612.8069940325,90.104,127.88,10.7560868101134,0,24.0657435316533,7.66024117824491,1,303,0,60.5083333333333,1405.16284012173,13.1
"Florida","FL","FL-502","St. Petersburg, Clearwater, Largo/Pinellas County CoC",2013,2014,36.2131567706109,1,3,13.7412341100809,3186.40239274828,2,542.184844261289,6.06907019063436,75.4500818330606,933298.293650159,9.084049348,12.45800127,2.299389856,8.26677679,21.5184174301551,0.734775541913235,0.108586270399691,15.1,23.6,60498.5309045172,60122.6005272063,7,88.9,67.4629085057981,41.6368403582759,14.7939372067846,8.43,48200.6655080052,91.722,138.66,10.7665354384253,0,24.5149254535153,9.4785300523258,1,303,0,60.0916666666667,1384.86116935842,10.3
"Florida","FL","FL-502","St. Petersburg, Clearwater, Largo/Pinellas County CoC",2014,2015,35.7633096107955,1,4,13.749799082518,3213.81108058418,2,539.687099530115,3.42921820552751,58.0496249278707,848303.146046858,9.297441997,12.18995567,2.382006999,8.930649384,21.1608287056813,0.860176602248575,0.395532528626941,15.2,22.2,61425.9499328882,62557.5736507077,6,89.4,65.9897945457713,40.818705306834,15.4399704469893,11.73,49009.8502711434,93.9,154.93,10.7857885604668,0,25.2776591200342,10.7753096967108,1,303,0,59.8666666666667,1362.84491016239,10.1
"Florida","FL","FL-502","St. Petersburg, Clearwater, Largo/Pinellas County CoC",2015,2016,28.9308805114005,1,5,13.7611187840325,3250.39718280442,2,534.353684032691,6.119767223578,45.8185340652244,1725028.62004243,9.197965447,12.60658575,2.511335521,12.0979474,20.8423964690727,1.13840239214011,0.13891005079516,13.6,20.6,64651.3758465727,65187.9750661603,5,90,65.1877319780474,39.1001013992058,16.0976909413854,8.85,50215.2659941847,97.141,168.64,10.9357562472928,0,26.4713956877072,12.6707917133022,1,303,0,59.3333333333333,1361.19599500464,8
"Florida","FL","FL-502","St. Petersburg, Clearwater, Largo/Pinellas County CoC",2016,2017,29.2355688750141,1,6,13.7745583466328,3294.3760114958,2,529.334058428502,4.71959912929497,58.0066722268557,1263558.73132241,9.036495233,12.1766144,2.998530626,13.53691318,20.6714631295358,1.35302937511879,0.400936638574101,13.3,19.6,67039.0054873446,65421.1834075083,4.5,90.4,64.70474726,37.538962715973,16.0952510422331,10.98,50512.1566586676,98.867,187.15,10.7988953090232,0,22.5342076147494,14.7415181575915,1,303,0,59.35,1576.23627181394,8.1
"Florida","FL","FL-502","St. Petersburg, Clearwater, Largo/Pinellas County CoC",2017,2018,26.8432097572807,1,7,13.783340609646,3323.4355356514,2,526.096695275735,3.72957810619876,48.9473684210526,1046610.37702446,8.599663419,12.36998986,3.01937284,9.496866273,20.512402139329,0.882094941627765,0.265108424819038,12.2,17.2,67628.5376417065,67602.2680108637,3.9,90.7,65.3152539755894,36.6320856460294,16.1827184295855,9.93,50740.265569126,100,205.74,10.6392004913343,0,21.1392474345298,15.7382574940026,1,303,0,59.35,1543.34081201455,8.5
"Florida","FL","FL-502","St. Petersburg, Clearwater, Largo/Pinellas County CoC",2018,2019,24.7693323870047,1,8,13.7881999965343,3339.62471427925,2,524.413755397931,4.9168601859745,60.6217616580311,1183849.4323153,8.466059785,12.93294166,2.121150778,7.207173796,20.4787381636038,0.487121788708733,0.165671785349031,11.7,16.2,66964.6202568377,69048.2090424495,3.4,91.1,65.7886900330544,35.8585935555318,16.0043132050431,9.14,52183.1355921593,103.13,224.55,10.5782199884906,0,20.2557298742727,16.1347011175079,1,303,0,59.2833333333333,1506.59496805775,8.2
"Florida","FL","FL-502","St. Petersburg, Clearwater, Largo/Pinellas County CoC",2019,2020,23.1922109178427,1,9,13.7901896730522,3346.27610884799,2,524.880102072214,6.72976965585162,72.822299651568,1469287.81152023,8.320097903,13.17519946,1.371625222,5.493687547,20.4359812758206,0.199165928444134,0.288270280333536,11.4,14.9,71416.5126073527,71430.3657081265,3.1,91.3,67.3889388926216,34.7152970922882,15.79749284,6.73,53284.3901960743,105.331,239.66,10.6542938678529,0,19.9077739806112,15.9487833796241,1,303,0,59.5,1479.76303720179,8.4
"Florida","FL","FL-502","St. Petersburg, Clearwater, Largo/Pinellas County CoC",2021,2022,20.5806970687281,1,11,13.774680230076,3294.77756627626,2,539.381098364464,5.29160816607152,55.4379562043796,1658646.68549947,7.511214733,14.19213291,0.830296552,5.691229693,21.9845811054479,0.019378936,0.160550591812703,12.3,15.7,73489.3713344519,78196.8924614684,4.1,92.1,69.4965876662276,34.3307246069006,16.0413223140496,17.42,57555.0842291834,113.89,299.41,11.8816787658165,0,15.7813979506058,16.6876564467792,1,303,0,58.025,1545.80640743273,6.5
"Florida","FL","FL-502","St. Petersburg, Clearwater, Largo/Pinellas County CoC",2022,2023,22.2005233276348,1,12,13.7793620009032,3310.23914137027,2,539.050447072875,5.73366261982797,56.5917477356592,1526575.25087641,7.81922663,14.42981948,4.22242395,6.93587434,22.0156434033941,0.469275232788635,0.407685578050265,12.4,15.9,73086.2373219842,75129.3996310893,2.7,92.5,70.4372407507996,34.7185428022353,16.8683634917479,24.81,60750.200322797,120.837,373.71,11.0024895482235,0,18.3722897762147,16.7444966075546,1,303,0,58.7583333333333,1588.75949076347,7.2
"Florida","FL","FL-502","St. Petersburg, Clearwater, Largo/Pinellas County CoC",2023,2024,21.9700811227024,1,13,13.7806540677212,3314.51896026977,2,540.771198962871,5.69271952298342,61.4194416414396,1950569.40054928,7.543107356,13.19940173,5.251163198,1.860909452,22.249190519631,0.129290323650899,0.448922125282736,11.3,15.3,74687.6649792809,78268.6238471262,2.7,92.6,70.7989080555949,35.9232055532331,16.8277342763324,8.88,63120.1084254022,125.891,406.9,11.6230591756563,0,20.5644772988259,16.9920983118697,1,303,0,59.0083333333333,1652.58768642968,8.5
"Florida","FL","FL-502","St. Petersburg, Clearwater, Largo/Pinellas County CoC",2024,2025,19.640234755098,1,14,13.7751030608614,3296.1709956854,2,546.148103336433,5.00839817051432,54.1301865245527,1567882.03346879,7.283998048,12.99490172,4.525112401,-4.26033414,22.3303488036718,-0.553563422,0.435235502043096,10.8,14.6,75543.9745486868,80350.3386925832,3.2,92.8,71.1193655,37.4166782641245,16.9248273310311,3.84,64499.1851905536,128.451,422.54,12.3161156794272,0,19.9813202248653,17.1699828300172,1,303,0,58.4666666666667,1712.96642241367,10
"Florida","FL","FL-503","Lakeland/Polk County CoC",2011,2012,14.3146592834871,1,1,13.3211306260969,303.394292748967,1,462.66403037636,4.09637102632521,6.05536332179931,1070438.72203963,11.82803677,9.826470467,4.280120358,5.01875438,21.0985198738253,1.13513137081289,0.286073718176527,19.2,30.2,57626.5768115391,46160.8090073654,11.4,82.1,70.00177906,37.4704667646457,11.5937366304441,-10.52,35512.5299271225,83.895,114.06,10.3778797228789,0,7.11536065369507,3.45931128555221,1,303,0,61.0833333333333,1434.29454928616,14.9
"Florida","FL","FL-503","Lakeland/Polk County CoC",2012,2013,8.35162929044879,1,2,13.3301154858268,306.13253532306,1,459.768658207857,5.37873808160698,9.06701708278581,1446313.08529447,11.82959701,9.497299251,3.859960943,2.939445945,19.7773022472878,0.902535953884587,0.271083376742109,18.1,27.5,57969.2777665788,45038.1335063368,10,82.1,68.9389344276183,37.3198806971759,11.9188165888879,-1.55,35753.4135811443,85.026,112.29,10.7560868101134,0,6.75924887846838,2.17725805219895,1,303,0,60.5083333333333,1405.16284012173,13.1
"Florida","FL","FL-503","Lakeland/Polk County CoC",2013,2014,8.44895475710831,1,3,13.3417141451998,309.703939806619,1,456.294478448781,7.15935009714752,1.27826941986234,1966312.96780567,11.69385649,9.941151099,3.389102211,6.493894608,20.2478827816707,1.16662035931256,0.402168458401353,19.3,29.4,58665.8703151267,44217.4285342156,8.6,82.4,68.3261389116395,35.91315056,11.7596280375472,4.93,36499.3008667957,87.611,117.82,10.7665354384253,0,5.92644463110693,2.15215062484642,1,303,0,60.0916666666667,1384.86116935842,10.3
"Florida","FL","FL-503","Lakeland/Polk County CoC",2014,2015,7.15471926207706,1,4,13.360433373009,315.555969576684,1,450.45066346363,8.95491050338565,0,2391796.00078777,11.90583208,9.753140535,3.950578785,12.38314727,20.5911746253929,1.88955612696404,0.584645059555666,18.1,27.3,58169.8114948356,44767.1430869112,7.5,83.1,66.7551343021645,34.9631031042337,11.8436857628028,9.94,35771.6362339765,87.297,129.54,10.7857885604668,0,6.82536830191772,2.19105356574264,1,303,0,59.8666666666667,1362.84491016239,10.1
"Florida","FL","FL-503","Lakeland/Polk County CoC",2015,2016,9.53706916102328,1,5,13.3824542905349,322.581887171428,1,444.070603509822,10.5524497378381,0.92135570911484,2756605.78385993,11.72636507,10.27031283,4.181083637,16.22859085,19.7972932340102,2.22652026015215,0.778611796406148,17.3,26.7,59805.6811218406,45954.6288612944,6.4,83.5,65.8133068617639,33.4147313163507,11.7757922535211,7.81,36999.2385826403,92.117,139.66,10.9357562472928,0,7.89486263401606,2.28210873014527,1,303,0,59.3333333333333,1361.19599500464,8
"Florida","FL","FL-503","Lakeland/Polk County CoC",2016,2017,7.4704392384821,1,6,13.4087806503343,331.187081818442,1,436.644573708028,15.7088412536804,24.8303043573462,3472834.86223335,11.61794535,10.29713637,4.619788092,20.30667724,20.1494991912265,2.66760006969684,0.950727455814437,16.4,25.4,62095.6602434005,45290.9693693466,5.4,84,65.1165809752157,32.3593365237188,11.9688719327148,8.75,37272.7317015987,95.105,151.88,10.7988953090232,0,9.97262035105426,2.32794601568285,1,303,0,59.35,1576.23627181394,8.1
"Florida","FL","FL-503","Lakeland/Polk County CoC",2017,2018,7.81209090896225,1,7,13.4377126583365,340.908962129188,1,430.422780170653,15.60688547041,0.217202432667246,3872451.90473564,11.6711849,10.10811943,4.779487134,22.48830846,19.6711839478937,2.9354648307433,1.46872678242205,16.1,25.5,63477.9359685439,46423.6916253976,4.7,84.3,65.6708082113345,31.332532464863,12.3171663976896,9.9,38144.9263550959,100,166.92,10.6392004913343,0,7.64552765813402,3.69144751432807,1,303,0,59.35,1543.34081201455,8.5
"Florida","FL","FL-503","Lakeland/Polk County CoC",2018,2019,7.76790654228818,1,8,13.4682171834475,351.468481040255,1,423.592231498294,17.8110247269544,0,4680343.06340866,11.2603406,10.42123904,5.275994727,24.29802474,19.4042714588372,3.09746005065892,1.46136583976841,15.7,24,65846.5344592663,46474.9286912522,4.1,84.8,66.22538565,30.9245707222257,12.6470346640381,10.75,38076.3368448935,102.749,184.87,10.5782199884906,0,8.08098534242291,3.82113142286197,1,303,0,59.2833333333333,1506.59496805775,8.2
"Florida","FL","FL-503","Lakeland/Polk County CoC",2019,2020,8.38186230736782,1,9,13.4936206800494,360.511396571049,1,420.031264789032,28.6634978927763,25.6131102452441,6894233.98793774,11.23815299,10.11196235,0.940355211,23.24759287,19.0362001001687,2.57289515806038,1.71060676424699,14,21.1,65256.9202542003,47659.7041530764,3.7,85,66.8302461115854,30.2573058768152,12.6655730021092,7.04,38678.9189660531,106.834,197.89,10.6542938678529,0,8.25081369855832,3.83566255551708,1,303,0,59.5,1479.76303720179,8.4
"Florida","FL","FL-503","Lakeland/Polk County CoC",2021,2022,6.39861607797713,1,11,13.5355373622889,375.944042184821,1,433.488620712011,39.8953704155882,18.4913166551909,9822622.72662788,10.99228709,12.20767037,1.111745946,36.50591439,21.7053914842889,3.513671201,2.88398733859216,15.6,22.7,66946.1308381167,52225.9190151466,5.4,86.4,67.38096598,31.2582776042774,13.2329998550094,16.65,39963.5085852812,117.319,247.53,11.8816787658165,0,8.45458406489522,2.68588507851914,1,303,0,58.025,1545.80640743273,6.5
"Florida","FL","FL-503","Lakeland/Polk County CoC",2022,2023,9.40840985749169,1,12,13.5807965766447,393.349913646265,1,430.440973398955,35.8734514132277,24.3878470231758,9130232.50350178,11.20523161,12.43502679,6.649428844,37.48741594,21.2633852472698,4.62991017500591,3.89430824827857,15.7,24.2,68150.5205106511,47865.2305305915,3.6,86.9,68.420797105872,31.446958215214,12.99812583668,23.5,39883.6679189911,122.479,305.71,11.0024895482235,0,7.90342895007056,2.56703372298292,1,303,0,58.7583333333333,1588.75949076347,7.2
"Florida","FL","FL-503","Lakeland/Polk County CoC",2023,2024,14.1760841122154,1,13,13.6228901495909,410.260862062981,1,427.175755400743,35.514798542284,25.3256613122353,8981127.19539338,11.45959061,10.25260122,8.949052668,31.21955447,20.4172193299175,4.29921243911198,3.50802459524489,13,18.1,70487.514049896,47576.3511311909,3.7,87.5,68.962356818499,32.7651032850488,13.1625362085613,8.62,39580.6118140388,126.721,332.06,11.6230591756563,0,7.58977393143015,2.55821453599323,1,303,0,59.0083333333333,1652.58768642968,8.5
"Florida","FL","FL-503","Lakeland/Polk County CoC",2024,2025,9.19077721510305,1,14,13.6546784402933,423.511866999193,1,428.165894244298,28.4840421884215,16.5254237288136,7707054.16816608,11.03071897,10.07022911,7.489434612,23.16510642,19.8887993667154,3.22989740468529,3.4691711226911,13.4,18,68465.287061936,47492.994745818,4.2,87.9,69.8382544437117,33.8272970561998,13.166439375155,2.43,39689.6965333846,131.497,340.14,12.3161156794272,0,9.5485968378054,0.833887300718552,1,303,0,58.4666666666667,1712.96642241367,10
"Florida","FL","FL-504","Deltona, Daytona Beach/Volusia, Flagler Counties CoC",2011,2012,40.0693145357153,1,1,13.2911385954519,343.034162224809,2,512.81410176272,3.87418134858408,43.452380952381,1104593.09580441,9.12263588581394,12.1275666262733,1.76965761312546,3.69174494995606,22.8406929244534,0.243322203075913,0.20349630662365,16.9554386865926,26.8859519602112,57108.3611113911,49599.2786751922,11.4329304676598,87.9280960795775,75.870018977829,41.9767682236387,13.0211890816569,-9.13102806769765,29977.4708761194,79.1575,116.7,10.3778797228789,0,10.3222362254741,3.51395275760821,1,303,0,61.0833333333333,1434.29454928616,14.9
"Florida","FL","FL-504","Deltona, Daytona Beach/Volusia, Flagler Counties CoC",2012,2013,36.252407386428,1,2,13.2962662630886,344.797647788292,2,511.503960710558,3.29577529581473,0,1348756.56514587,9.36371531538484,12.3022206006747,1.64123426276601,6.44061989864333,22.591092981315,0.514542437052844,0.257249905027794,18.9720467789078,31.0080701683617,57262.516267179,50109.7216283984,9.86617756555384,87.8805210019346,74.3139524875521,41.2717300555953,13.2997447401997,-1.58011377063343,30491.2125723014,84.991,114.355,10.7560868101134,0,10.050943830687,3.83213243042915,1,303,0,60.5083333333333,1405.16284012173,13.1
"Florida","FL","FL-504","Deltona, Daytona Beach/Volusia, Flagler Counties CoC",2013,2014,26.8318972599589,1,3,13.3050798562063,347.849990365638,2,508.016846706962,7.05407798511134,14.8768014876801,2647295.62388502,9.07717583607734,12.7541187306626,1.97278673747492,10.3895294670249,23.4507760280956,0.885748334868994,0.198922909321406,16.2508443345617,25.1503618576693,58139.1071235131,49423.0671393437,8.61662646025896,88.0322879667331,72.251674592003,40.2823034279881,13.645330538412,7.02366112662353,30441.4966862818,85.402,123.655,10.7665354384253,0,10.7790935565344,4.33162955904011,1,303,0,60.0916666666667,1384.86116935842,10.3
"Florida","FL","FL-504","Deltona, Daytona Beach/Volusia, Flagler Counties CoC",2014,2015,21.3308519783761,1,4,13.318924731988,352.699430784706,2,503.848150850142,6.26459346995213,8.84955752212389,2470300.60497879,9.19306728870088,12.8396692656639,2.07391980024937,15.0860169788415,23.1398413418249,1.39508511235288,0.565520113136691,16.6787728966619,26.1787728966619,58033.9995530751,50649.1463893997,7.18370713961788,88.3846042747008,71.0459153064558,39.9555980018037,13.7294563570728,10.0907321509553,30979.3124756297,88.69,135.61,10.7857885604668,0,9.7600410118895,5.2415035063851,1,303,0,59.8666666666667,1362.84491016239,10.1
"Florida","FL","FL-504","Deltona, Daytona Beach/Volusia, Flagler Counties CoC",2015,2016,15.8053908177756,1,5,13.3393552458578,359.979386633694,2,496.054194852906,6.64325678605273,6.93698094772838,2729995.88300634,9.20279311227568,13.0847807768678,2.2570159811991,21.7882453847108,23.1274731714228,2.06444194679977,0.489013170499266,15.5266067363635,24.3938583245058,59340.0181991224,52324.2721431769,5.9672515881423,89.0698837347826,70.0775659002731,38.9078906883584,13.5828796065794,9.22887366662052,31157.9982042896,92.012,147.255,10.9357562472928,0,9.0635997462836,6.85807014550056,1,303,0,59.3333333333333,1361.19599500464,8
"Florida","FL","FL-504","Deltona, Daytona Beach/Volusia, Flagler Counties CoC",2016,2017,11.6227559051472,1,6,13.3627336923049,368.494303946954,2,487.123717679548,8.70401818287478,14.9851632047478,3201179.84832997,9.20667251146564,12.9222277989001,2.49914794275331,24.483025203871,23.6011442788417,2.36584222939664,0.526416269888317,13.6932555802466,19.6324340773662,62091.9226717659,53460.5110113666,5.25067444197534,89.6040466518521,69.7037517921482,37.3763577997427,13.5388366734346,10.7772378310286,31763.8588080213,96.874,162.16,10.7988953090232,0,7.65893067488232,6.03907470052323,1,303,0,59.35,1576.23627181394,8.1
"Florida","FL","FL-504","Deltona, Daytona Beach/Volusia, Flagler Counties CoC",2017,2018,10.3770058919515,1,7,13.3814422508803,375.453204586554,2,481.541736189681,9.78924593316772,0.851342501637197,3878049.38405587,9.0089200785864,13.3199685250336,2.56859987817349,20.3705834019489,23.1251167292052,1.889020339105,0.726200648397006,14.6566835477035,24.4415767433748,62910.6441344977,54859.9027136719,4.63395727826853,89.9905087000881,69.2641150640573,36.0455382438777,13.359782889455,11.4853996885163,32027.0257653514,100,178.32,10.6392004913343,0,6.93043479603067,6.6834705271298,1,303,0,59.35,1543.34081201455,8.5
"Florida","FL","FL-504","Deltona, Daytona Beach/Volusia, Flagler Counties CoC",2018,2019,13.0916490241111,1,8,13.3972443644607,381.433292502945,2,477.913538118404,12.2680858098399,8.00725576574242,4353908.87290774,8.83224223929107,13.7631661965847,2.41765414847206,18.2685158991617,23.019328882717,1.59295074786087,0.834192239766927,12.706147958176,17.653264426773,66373.3339016005,55909.0336911184,3.93405876150511,90.3405876150511,70.0055005125013,34.8291749139067,13.5057490205501,9.3138302242831,32482.2506481699,102.2765,193.465,10.5782199884906,0,6.30520855806717,6.09250272719262,1,303,0,59.2833333333333,1506.59496805775,8.2
"Florida","FL","FL-504","Deltona, Daytona Beach/Volusia, Flagler Counties CoC",2019,2020,13.4559451759543,1,9,13.4125912066657,387.332247333931,2,475.707136070859,14.9490794034207,16.1792552072375,4908348.66264447,8.65226890152986,12.9093605491291,0.664339238154965,18.8778400877905,22.6822170520599,1.54908799516567,1.0871167063453,12.5145782618779,19.3973599754625,69456.0978906899,58740.0542630268,3.63443657283071,90.7927108690611,70.3908387556495,33.4966046948054,13.4803482526092,6.17728913093893,32951.6836773267,106.436,204.41,10.6542938678529,0,7.6155992608829,6.55330545435503,1,303,0,59.5,1479.76303720179,8.4
"Florida","FL","FL-504","Deltona, Daytona Beach/Volusia, Flagler Counties CoC",2021,2022,12.2257509649863,1,11,13.4409785500359,398.485148966933,2,487.095882840564,24.524381068396,11.6386656927197,7615229.39939504,8.1811372491455,15.0395334675192,0.667579133651343,31.1618312923,27.2509125812597,2.35757656611338,1.82542610178917,13.1841494451797,19.1175957301377,70781.7627100596,63127.5081472014,4.86480853972455,91.3111487616527,71.8306348681401,32.9931421337351,13.3248816885288,16.8928210759006,33896.4168983108,116.1455,252.305,11.8816787658165,0,9.13308416107968,6.29717427029857,1,303,0,58.025,1545.80640743273,6.5
"Florida","FL","FL-504","Deltona, Daytona Beach/Volusia, Flagler Counties CoC",2022,2023,14.5486398472462,1,12,13.4695268301857,410.025171321726,2,484.300863717505,25.5242898083781,24.1824834209925,7662154.79171513,8.33229023307636,15.846721135301,3.09985354022452,31.1147699159764,26.4924249812374,2.90483429152848,2.32861344117976,11.3153743411875,17.2384581137292,72802.2121821567,59745.0428561992,3.4,91.7256436893218,73.0599726033792,32.9352893385519,13.1717304530351,23.4333397642197,35179.8856464369,127.764,312.69,11.0024895482235,0,8.4802896866957,6.04927330984293,1,303,0,58.7583333333333,1588.75949076347,7.2
"Florida","FL","FL-504","Deltona, Daytona Beach/Volusia, Flagler Counties CoC",2023,2024,15.7853838736844,1,13,13.4922427577875,419.44588158133,2,484.502866206397,20.1954527437242,19.0059305280994,6264363.12094265,8.24881671901276,13.791192101723,3.97125984295067,23.7150022161973,26.0839289341083,2.30253830299209,2.35777488341801,11.3535224149913,18.4438517834864,71519.0286022863,61254.8490876327,3.43643183900058,92.1185910340035,74.4265699733637,33.4800954596437,13.121037516476,6.577795058989,35982.2280866898,132.821,329.73,11.6230591756563,0,7.54373918005358,5.96867275784459,1,303,0,59.0083333333333,1652.58768642968,8.5
"Florida","FL","FL-504","Deltona, Daytona Beach/Volusia, Flagler Counties CoC",2024,2025,14.4992924398842,1,14,13.5108749157947,427.334335570856,2,484.561108014608,16.766906140589,11.3670505758638,5895930.78763526,8.01274295087445,13.4119358238969,3.69111236936327,20.1092547164385,26.3984778767303,1.88552329223073,1.89997725385545,10.6336627379504,15.1151808199449,75535.7256652294,62234.5606764946,3.83696383601102,92.3402649340716,75.3677766262608,34.1570177411065,13.4791832582893,1.8483494509697,36362.1706629742,138.0395,335.31,12.3161156794272,0,6.80778582868519,1.54599120412373,1,303,0,58.4666666666667,1712.96642241367,10
"Florida","FL","FL-505","Fort Walton Beach/Okaloosa, Walton Counties CoC",2011,2012,98.7236386018336,1,1,12.3829837589027,118.906216884501,2,579.868791473959,9.39913449937508,0,4065070.25548177,13.6289670863005,8.74250109691459,0.834494645405314,5.95874337554482,28.5458140626047,1.17560386113689,0.522316556959721,13.8397597023929,22.805625377036,69433.4372569691,60060.535267227,8.08634626985723,89.6518022320531,68.5817845410456,37.5867584960811,12.1060056708659,-4.4377498491856,49587.5827675803,76.2355,140.04,10.3778797228789,0,14.955761109994,3.14196661974663,1,303,0,61.0833333333333,1434.29454928616,14.9
"Florida","FL","FL-505","Fort Walton Beach/Okaloosa, Walton Counties CoC",2012,2013,65.8247346961462,1,2,12.4169533141031,123.014813627175,2,565.016683404062,14.5701344494453,25.8239055582882,5061828.90473022,13.7151317375325,8.28503048325369,3.66377657844149,24.0415991119949,28.3577375360394,3.45637969418701,0.763085451480888,14.3579173280638,23.1747675661667,69513.6490948412,61145.2724957638,7.11579173280638,89.9262909391299,67.8810582682071,37.7071592189714,12.2301018970642,-1.29138034921766,50563.0758384857,81.904,137.26,10.7560868101134,0,16.3189607697042,3.03702743853056,1,303,0,60.5083333333333,1405.16284012173,13.1
"Florida","FL","FL-505","Fort Walton Beach/Okaloosa, Walton Counties CoC",2013,2014,61.6494853421214,1,3,12.4367160028602,125.470108649562,2,561.229310666545,15.7891386006239,18.9964157706093,6090870.49505807,13.1880321958872,8.66569549110454,2.02550693465868,12.9848014377994,27.0961287274546,2.00263981671494,1.1751082822258,14.786522603928,22.9385348636856,72106.191035771,59413.6673432602,6.0940015324697,89.3959754804848,67.5139626743816,36.6266661129773,12.8430820825923,2.4341725656163,51052.4906330583,86.3075,142.65,10.7665354384253,0,12.4662042790048,2.77909012589278,1,303,0,60.0916666666667,1384.86116935842,10.3
"Florida","FL","FL-505","Fort Walton Beach/Okaloosa, Walton Counties CoC",2014,2015,26.1872445497558,1,4,12.4521589867046,127.422787993801,2,560.517746216786,11.6193916906703,5.52220888355342,5747243.75486533,13.9775928787024,8.5553243178585,1.82302556286264,8.14072725866846,25.1680016888128,1.56620754293009,1.2925100141235,13.2132587441019,21.7786787385507,73146.0418499116,60679.4304964408,5.42391937482653,89.5169987607554,66.3108365471666,35.9954260246208,13.2491852033049,3.20294068436011,51066.9809106556,88.4755,147.9,10.7857885604668,0,8.95227149229284,2.34557331675795,1,303,0,59.8666666666667,1362.84491016239,10.1
"Florida","FL","FL-505","Fort Walton Beach/Okaloosa, Walton Counties CoC",2015,2016,23.6918626549953,1,5,12.4715666227181,129.919926144992,2,555.365126105194,13.9940765083157,6.31475086334484,6608303.51654893,14.1235704534977,9.29176599912984,2.70234780647496,11.755444982754,25.2977217480657,1.96354539824887,0.867616179104314,12.146315765258,20.4893533322598,72778.6089264715,62726.9412984023,4.62418045043594,89.7491729738434,65.244987425009,34.6227634300067,12.9019306606615,7.08729922473487,51376.3515950548,92.1485,159.7,10.9357562472928,0,11.0806935210533,3.71912550706634,1,303,0,59.3333333333333,1361.19599500464,8
"Florida","FL","FL-505","Fort Walton Beach/Okaloosa, Walton Counties CoC",2016,2017,14.7698518226586,1,6,12.4893437539682,132.250189913449,2,552.415892004279,17.2437304823335,14.8279952550415,7853303.65430503,13.6453418501387,9.1661072509767,2.0059967737108,11.2986025175676,24.3736157774999,1.80541369737743,1.06795744403871,11.2913940909707,17.6074296023986,76719.3305591018,63971.2277310342,4.07535857954289,89.7229490907447,65.2384256369645,32.6502702453303,12.9666180426633,5.76482507947509,52552.8100556133,96.1955,167.735,10.7988953090232,0,8.17350428638151,1.58196857155771,1,303,0,59.35,1576.23627181394,8.1
"Florida","FL","FL-505","Fort Walton Beach/Okaloosa, Walton Counties CoC",2017,2018,17.8271736546786,1,7,12.5117174183561,135.242471755501,2,548.720253113271,16.5864529424005,12.5455281262647,7545630.33871865,12.95362354898,9.17532866190669,1.30895631011284,17.225982413381,25.0424495117846,2.27195989065558,1.34283357995456,12.1526933800861,19.0557099657826,77265.2330495947,65640.9247010944,3.47494613239828,90.1719295467018,65.7305983471345,31.7554059963368,12.9408047620848,7.04123411135953,53039.1698527812,100,178.535,10.6392004913343,0,4.93556145694828,7.95583040821513,1,303,0,59.35,1543.34081201455,8.5
"Florida","FL","FL-505","Fort Walton Beach/Okaloosa, Walton Counties CoC",2018,2019,14.0093887482488,1,8,12.5341778329603,138.314454795277,2,544.686781961061,15.7695333937226,5.78616352201258,7662258.81929197,12.6836986414254,9.48198162031792,0.218106775474909,19.0090591104404,25.084093839361,2.28106672386627,1.3982342598171,12.368840981611,18.2273688532265,79905.8782947466,67454.8216016774,3.07452622935469,90.9593655687048,66.4232653347886,31.337998817432,12.8838827127163,6.59349902400726,54062.6924880089,104.155,192.495,10.5782199884906,0,4.82594195904432,8.3193477055167,1,303,0,59.2833333333333,1506.59496805775,8.2
"Florida","FL","FL-505","Fort Walton Beach/Okaloosa, Walton Counties CoC",2019,2020,12.1883040895059,1,9,12.5595775702631,141.87261514117,2,538.676797432665,23.09998696389,29.8814898419865,8859143.47909713,12.3398617347185,9.4527388300601,0.287236267354455,22.1725973145406,24.0898286219888,2.58789213510334,1.25162312729925,10.6520145079685,16.712087047811,79694.0340852118,70504.8336876983,2.77399274601575,91.5417606185198,67.209840215186,30.6026209925547,12.5508585377714,7.6791941968126,56165.0361712988,111.5575,207.24,10.6542938678529,0,2.94934499963133,7.33825124908272,1,303,0,59.5,1479.76303720179,8.4
"Florida","FL","FL-505","Fort Walton Beach/Okaloosa, Walton Counties CoC",2021,2022,13.412990298048,1,11,12.5894114286466,146.169007830982,2,547.956269552949,24.2056359576837,9.71223021582734,11226731.2940182,11.8775834162894,10.9323504929263,0.47916917365396,18.1038957520057,20.9212293053975,1.9296729560474,1.43776397904932,10.434003898662,15.7417838423632,80666.0229539593,78374.0024656464,3.47281467041992,92.4378493971387,68.8273768617081,31.8969412725636,13.131355455679,16.2480950401112,61394.2274267097,127.87,258.085,11.8816787658165,0,2.79449552539924,7.36111016446629,1,303,0,58.025,1545.80640743273,6.5
"Florida","FL","FL-505","Fort Walton Beach/Okaloosa, Walton Counties CoC",2022,2023,12.8960221485099,1,12,12.6130565996076,149.66639601361,2,547.426403288346,25.0612547651039,29.6458030082484,11545132.3835811,12.2173888206008,11.4206940398724,5.94136426819219,16.0648083151582,20.1294703033732,2.40665187424473,2.03095818792464,8.85884408646885,14.0683463413822,85004.0536575998,74113.7522974317,2.57229535204939,92.6952488725433,70.4704497037937,31.5990009486089,12.7467450422835,19.1599259456491,62801.5522209084,135.4315,309.5,11.0024895482235,0,5.92434807209066,4.95914529630061,1,303,0,58.7583333333333,1588.75949076347,7.2
"Florida","FL","FL-505","Fort Walton Beach/Okaloosa, Walton Counties CoC",2023,2024,12.6047304812041,1,13,12.6323104984536,152.575987863023,2,549.785175124716,33.2309958015879,48.4274481772695,11186297.3586497,11.5087813866489,9.75881293480154,7.5790758270374,9.88778285860081,19.2297646720819,1.96092874053152,2.12559460664607,10.3262438947946,13.684841460548,86714.4400308351,75321.8386432422,2.67171951315068,92.8343902630136,70.8381788678127,31.8826012983437,12.986671942258,4.97748903021913,63436.8875873474,140.4015,324.445,11.6230591756563,0,4.53809386998198,4.86457544336198,1,303,0,59.0083333333333,1652.58768642968,8.5
"Florida","FL","FL-505","Fort Walton Beach/Okaloosa, Walton Counties CoC",2024,2025,12.1866847774343,1,14,12.644978977157,154.521195219976,2,560.152933098217,23.8892725598527,36.0635991327391,9514163.8514577,11.2063594399384,9.84601371941574,8.22567306086571,3.18789520567824,18.4074197052879,1.30404846581354,3.03106786634419,10.6,14.1775771193516,83993.8346158686,76423.3742587057,3.07095560620372,92.9514672744446,71.3620308354656,32.564698807359,13.5339840383889,2.39334837734243,64126.3844152327,145.7845,332.97,12.3161156794272,0,4.83557435340312,5.09347165225128,1,303,0,58.4666666666667,1712.96642241367,10
"Florida","FL","FL-507","Orlando/Orange, Osceola, Seminole Counties CoC",2011,2012,19.0487488754682,1,1,14.4444125077062,656.991526524637,3,427.452441925004,7.46905357062671,31.5297261189045,2149687.95105577,12.5239762222303,6.1112359935813,7.4739278631056,4.48269303348121,21.2940317741632,1.85712932483286,0.464629817227192,16.5374130454603,23.4780150238677,66297.9865969174,50148.411071084,10.1773812361074,87.453590228781,64.8939473733707,48.1176789494256,12.821412075355,-9.2786521973033,52975.2930084471,78.676,110.62,10.3778797228789,0,15.1262377042669,4.32406724644357,1,303,0,61.0833333333333,1434.29454928616,14.9
"Florida","FL","FL-507","Orlando/Orange, Osceola, Seminole Counties CoC",2012,2013,22.3119638605304,1,2,14.4688310818242,673.231806652074,3,419.727552420482,13.7154927796558,41.0339840925524,3772594.2005413,12.5554290913058,6.02697380572166,7.29584904049613,10.3967316131705,21.2897475481435,2.4793092711115,0.622608468154511,17.078346499916,24.9208390502994,66236.5143522574,49724.9218080525,8.67299713670404,87.6650966147756,63.592116338139,47.9556860909979,13.2222994424475,-1.21916569497755,52815.0688162689,79.6156666666667,109.313333333333,10.7560868101134,0,14.6937085015903,4.85454321245885,1,303,0,60.5083333333333,1405.16284012173,13.1
"Florida","FL","FL-507","Orlando/Orange, Osceola, Seminole Counties CoC",2013,2014,11.2192273864626,1,3,14.4895651291057,687.336350876466,3,416.16603199713,16.939936883948,40.3383214053351,4781947.55887502,12.4290181358408,6.24482008026735,7.65731410639142,6.89248033789954,21.1627295410809,2.10027544478208,1.22805806280869,17.4049281511954,24.9840625407711,66051.5643844661,49254.829816296,7.26080886729835,87.7024547237353,62.6013519975489,46.781526676304,13.4981068414475,10.1535917573143,53452.3540333056,82.227,120.526666666667,10.7665354384253,0,14.6419077595486,5.48880426628396,1,303,0,60.0916666666667,1384.86116935842,10.3
"Florida","FL","FL-507","Orlando/Orange, Osceola, Seminole Counties CoC",2014,2015,10.2357568135391,1,4,14.5131735269862,703.756331269323,3,412.709781882093,16.4348041077965,40.6178909517869,4942732.67026625,12.3962356595408,6.1947326808357,9.35889590704629,8.02166373111872,20.7953904604711,2.39486411025445,1.54024034079958,16.9641911529374,23.6818683547605,65952.4847816089,50484.8080502529,6.19539907150192,87.8966063081525,61.2122853421261,45.2173256786495,14.0058711944431,12.7306756324255,54114.4639167255,85.706,136.716666666667,10.7857885604668,0,12.2744519676205,5.95305942955156,1,303,0,59.8666666666667,1362.84491016239,10.1
"Florida","FL","FL-507","Orlando/Orange, Osceola, Seminole Counties CoC",2015,2016,7.87486973456502,1,5,14.5398443413927,722.778637728069,3,407.802825980018,21.0305641981265,45.4452983725136,4747059.2971201,12.3444884922789,6.31242701836832,10.7800127995032,9.8216486209993,20.2980097947275,2.70860383996701,1.4863222188337,15.1641712647605,21.9565040431724,69560.990662869,53010.8488085909,5.1881008842395,88.3967367709386,59.5873138048026,43.4516356335586,14.4191444234599,8.63054303306993,55420.5459956632,90.559,148.916666666667,10.9357562472928,0,10.4441552713905,6.67359712700917,1,303,0,59.3333333333333,1361.19599500464,8
"Florida","FL","FL-507","Orlando/Orange, Osceola, Seminole Counties CoC",2016,2017,9.54728645772195,1,6,14.5672431060036,742.855676154023,3,404.407097756841,22.4903044959621,41.8965159684778,6113463.24290296,12.2360844886555,6.35069746132242,11.9864948633175,9.53626466609407,19.64143407508,2.78459793761684,1.91570534163474,15.0072745877482,20.633926730703,71573.5596828993,53053.4824283262,4.42079276832322,88.6065382638506,58.594022980661,41.4830338379584,14.7208266627032,8.89641139356901,55984.6027655513,94.5033333333333,162.25,10.7988953090232,0,9.84594491363579,6.50266189458992,1,303,0,59.35,1576.23627181394,8.1
"Florida","FL","FL-507","Orlando/Orange, Osceola, Seminole Counties CoC",2017,2018,9.25559415684828,1,7,14.5913182475332,760.957062539108,3,402.977427618541,17.940247153892,26.3610315186246,6109990.36313723,12.057348749317,6.4700583330553,12.5156706503714,6.01174985839724,19.3265802623432,2.4458552866165,2.07395991573647,14.2149080832004,20.1142709836605,72697.3665616221,54640.3015828968,3.84380938570991,89.0988237595778,58.9216367219428,39.8142039169893,14.9239633145956,9.77844956947446,57641.75627485,100,179.166666666667,10.6392004913343,0,10.2608011158449,6.09939949685708,1,303,0,59.35,1543.34081201455,8.5
"Florida","FL","FL-507","Orlando/Orange, Osceola, Seminole Counties CoC",2018,2019,8.96909410810837,1,8,14.6121700973919,776.991020139582,3,401.09137566171,28.7208261958393,46.1685973700689,6476390.39368077,11.9063338195356,6.79669680940099,13.0629840136087,2.73699040978024,18.9367743285073,2.11622687987731,1.62575321048333,14.0315989501009,20.3842888430643,75280.4958236762,55598.9390174062,3.32872912982988,89.4416687480107,59.1376925278743,38.8897418068224,15.1034188498369,8.80775300502498,58504.4692478489,103.878666666667,194.7,10.5782199884906,0,9.27813578898868,6.60018989070915,1,303,0,59.2833333333333,1506.59496805775,8.2
"Florida","FL","FL-507","Orlando/Orange, Osceola, Seminole Counties CoC",2019,2020,8.74811318410834,1,9,14.6224461395743,785.016581116238,3,407.622123586977,22.9591250288727,41.4389929909884,5989114.76111571,11.721984456796,6.73966929802128,4.171428180887,1.15150445870734,18.9872598703542,1.03467865321216,2.66853736932888,12.0393535291154,16.8169094197353,79022.752397494,57224.7790678411,3.01247980280487,89.4193272376216,59.7604028431968,38.0056321879791,14.7799781434912,6.32405110777237,60177.602556333,109.392333333333,207.926666666667,10.6542938678529,0,9.06280106147667,6.8272208882616,1,303,0,59.5,1479.76303720179,8.4
"Florida","FL","FL-507","Orlando/Orange, Osceola, Seminole Counties CoC",2021,2022,9.05458894228847,1,11,14.6498056764853,806.790788715598,3,405.679690203453,27.9475617991838,47.650595488837,6520126.56270689,10.4779132880887,7.77409907633564,3.30514698970942,-2.21310312316668,20.1090748523026,0.408808517372281,2.10699973258843,13.4944719256648,18.518448811626,77310.9362501055,63548.109527547,5.08028980687212,89.9524807994481,61.5913259916681,37.7980593104716,14.4090374271089,12.9346836277874,63234.9755677518,117.082666666667,246.07,11.8816787658165,0,8.52730713805945,6.85136999178096,1,303,0,58.025,1545.80640743273,6.5
"Florida","FL","FL-507","Orlando/Orange, Osceola, Seminole Counties CoC",2022,2023,9.26473762082523,1,12,14.6807572275479,832.152696350875,3,403.653659236796,24.2784560900016,50.7194708131094,5388869.21628214,11.2679602744834,8.0447483994924,18.0517935253674,9.73491109058166,19.8674771877819,3.15994053679296,2.65851478731962,12.3505520100051,15.7880300102164,79523.706049871,60649.88991021,2.97532693969627,90.004249468869,62.2273907147681,38.5992957068706,14.4704562976645,20.9318870714698,65749.5800295518,125.909,299.196666666667,11.0024895482235,0,9.74494346880418,6.62992914184302,1,303,0,58.7583333333333,1588.75949076347,7.2
"Florida","FL","FL-507","Orlando/Orange, Osceola, Seminole Counties CoC",2023,2024,11.2092413249517,1,13,14.7063599870495,853.733191968214,3,402.416627619094,19.4734947780772,41.9917273155663,4850699.07051623,10.90496112411,6.92509907031592,20.8349197337552,0.914321433285837,19.3041353226123,2.60412554344541,2.29198452088002,11.4841902053095,14.0960616248659,82997.7019247934,61632.4387333015,2.91676072276442,90.5227594967664,62.7983787789921,39.0584884927353,14.4566474054006,8.45133555008662,66999.11681288,131.406,324.29,11.6230591756563,0,8.649276751417,5.8304659695273,1,303,0,59.0083333333333,1652.58768642968,8.5
"Florida","FL","FL-507","Orlando/Orange, Osceola, Seminole Counties CoC",2024,2025,10.8970084793596,1,14,14.7223685410166,867.510212317036,3,403.220153376017,19.1721093626388,40.2089318359885,4637651.27501635,10.440880786972,6.6381352094324,18.4714600373513,-6.23545684435382,18.69956648986,1.62731283971293,1.8378240580338,11.8406152484446,15.5472968607664,83504.136434136,62436.9610829877,3.29807892339598,91.0653264570398,62.5302125040591,40.2133592986819,14.6209701996885,5.22796143633345,67575.0061390637,137.015,340.513333333333,12.3161156794272,0,7.99910196856244,6.75138742626774,1,303,0,58.4666666666667,1712.96642241367,10
"Florida","FL","FL-509","Fort Pierce/St. Lucie, Indian River, Martin Counties CoC",2011,2012,30.1195873406885,1,1,13.2488039394052,322.530696216738,3,514.81344401558,3.11879493324204,11.3062568605928,1408419.10608407,9.91339261193203,10.8305089276413,1.84654512243225,6.09044565407202,15.3862422672236,0.700569386569787,0.165906784627863,16.7502744144239,27.0865929959992,62842.9425196006,64956.7847108,12.0947910608224,85.5404917252683,74.449584002351,44.054085661945,14.0463762407711,-3.93313616736284,35927.5154932762,87.6793333333333,119.163333333333,10.3778797228789,0,4.1065228502441,3.89502811117573,1,303,0,61.0833333333333,1434.29454928616,14.9
"Florida","FL","FL-509","Fort Pierce/St. Lucie, Indian River, Martin Counties CoC",2012,2013,38.7328814497164,1,2,13.2575688679446,325.370085045591,3,511.362107672284,3.43018011862137,3.28685258964143,1544691.54676217,9.52322182048054,10.918010963151,1.55658670995156,8.58238435975428,14.9462337412755,0.880418200794034,0.199583626899291,16.4016010202923,26.4671495584266,60941.7039354637,68360.4164381316,10.5972410178464,85.9327512076662,73.5287206030362,43.3522375483879,14.8721273759059,-1.30623290267914,36042.44120253,88.6103333333333,117.73,10.7560868101134,0,4.0706866881557,5.34605204538903,1,303,0,60.5083333333333,1405.16284012173,13.1
"Florida","FL","FL-509","Fort Pierce/St. Lucie, Indian River, Martin Counties CoC",2013,2014,44.0939468251848,1,3,13.2678843568192,328.743813313707,3,507.288352469221,5.68555602897316,1.85851318944844,2451037.34165813,9.26276871763597,11.2740867011182,1.70950454521898,10.5592272465287,14.6130170148015,1.03750469876794,0.226652260773214,16.360495054641,25.4053404689445,62707.2790252423,65803.2121528439,9.56856774795961,86.5823914096002,72.0377793595312,41.6051815367538,15.2835618940354,7.86517946811454,36107.4364349649,89.415,125.76,10.7665354384253,0,4.72056992668419,5.42951998893346,1,303,0,60.0916666666667,1384.86116935842,10.3
"Florida","FL","FL-509","Fort Pierce/St. Lucie, Indian River, Martin Counties CoC",2014,2015,40.1815834409229,1,4,13.2838187415169,334.024110176812,3,501.517165325923,7.12938078562315,15.2784388386483,2874652.31661326,9.35104764667076,11.4774796628036,2.04855191373698,15.6978462058054,14.5607027802501,1.60652061633116,0.444978279699948,15.3058579769881,24.6692703821759,64239.6539885237,69611.4392050351,7.75425869923708,86.8792802697032,72.3020652529048,40.0801033400305,15.543755499364,12.8721212064485,36508.5017006832,91.9046666666667,141.323333333333,10.7857885604668,0,5.343689426132,4.98630892311044,1,303,0,59.8666666666667,1362.84491016239,10.1
"Florida","FL","FL-509","Fort Pierce/St. Lucie, Indian River, Martin Counties CoC",2015,2016,38.728558653768,1,5,13.3051448284307,341.224049897782,3,493.846986797718,8.34558972352282,12.9345189975748,3302193.98112372,9.21795382412462,11.9726140008226,2.41762974412064,21.4366113817084,14.1118653950273,2.15689577419002,0.591110867332469,14.2173630419391,22.7464370496856,66357.6945187083,72269.5822012444,6.26365915622007,87.2525145974762,71.9009344726144,38.0526026288783,15.757166610518,12.0608600558078,37316.046359476,96.1243333333333,157.096666666667,10.9357562472928,0,4.54791553871142,5.13098163341802,1,303,0,59.3333333333333,1361.19599500464,8
"Florida","FL","FL-509","Fort Pierce/St. Lucie, Indian River, Martin Counties CoC",2016,2017,27.6189792777924,1,6,13.3294604701797,349.622842679823,3,485.412568083896,9.89774009974778,5.41455160744501,4004248.06239147,9.16295886220443,11.5098566213792,2.78955715805544,23.7944191130999,13.9338265181693,2.46307401910842,0.710751311762447,14.3776119014714,22.9580063409479,66062.3946576222,74566.1307922274,5.64269083814324,87.3235366230388,71.3706164591815,36.7532649404888,15.8926610518748,13.0465471099911,37981.1671314322,100.243,176.763333333333,10.7988953090232,0,4.40614584180148,4.9752052678644,1,303,0,59.35,1576.23627181394,8.1
"Florida","FL","FL-509","Fort Pierce/St. Lucie, Indian River, Martin Counties CoC",2017,2018,24.1558758933131,1,7,13.3488708643374,356.475461765272,3,480.206663955797,11.3169954174138,1.40845070422535,4040770.59201058,9.02229304395998,11.5341499251431,2.79166133932636,19.1044633216433,13.5782683920556,1.96437201844257,0.869853858477611,11.7750327297661,18.2674451646853,69042.3740832118,76864.6038102443,4.92086460800025,87.7852278326596,71.8820169593618,35.0413801630567,15.4402251431381,10.6533813157286,37333.6678901425,100,194.816666666667,10.6392004913343,0,3.50818443482351,5.7885043174588,1,303,0,59.35,1543.34081201455,8.5
"Florida","FL","FL-509","Fort Pierce/St. Lucie, Indian River, Martin Counties CoC",2018,2019,23.0892455562059,1,8,13.3666498339115,362.869913203863,3,476.498933193808,17.5622585682584,16.2111568700861,5843964.37201569,8.9049553697659,11.9842406784864,1.97296494839037,18.8741796755504,13.4235862859793,1.79844634970375,1.01990455892935,11.402737039323,17.8234625301948,72624.4101546694,78771.6233739654,4.24835890430701,87.848169510961,73.5574944005803,34.2320377290906,15.4639354340971,9.04869989065628,38166.9228712739,103.966,212.833333333333,10.5782199884906,0,3.60301650808172,5.7961569912619,1,303,0,59.2833333333333,1506.59496805775,8.2
"Florida","FL","FL-509","Fort Pierce/St. Lucie, Indian River, Martin Counties CoC",2019,2020,21.1970247308869,1,9,13.383528461604,369.046649743264,3,476.115954530051,18.556861121176,9.72803347280335,5938866.27973657,8.73737302688865,11.9634190771361,1.36801521570579,18.7117917668923,13.2173993407474,1.71088865443102,1.66686087214193,10.3495471488864,16.2630775392009,77576.5406896814,81249.8541741466,3.82640707310311,88.2291785527248,73.6887829423619,32.8144829493412,15.3074778383234,4.61364847047226,38420.6038575435,106.330333333333,222.253333333333,10.6542938678529,0,3.25005391084686,5.76075906472382,1,303,0,59.5,1479.76303720179,8.4
"Florida","FL","FL-509","Fort Pierce/St. Lucie, Indian River, Martin Counties CoC",2021,2022,12.2479470935013,1,11,13.4128754416492,380.037557251946,3,478.783346171968,31.2253001471447,17.0385192596298,9040771.8747613,8.44129795889761,13.9629443084361,0.743205534067721,34.0949723335977,13.5381531811145,2.78042554478201,1.99195384135073,11.4735592434429,18.2611919737344,75149.2625412977,88607.7486353586,4.76089685964506,89.8457356537607,76.3147309717011,31.5627866773156,14.9160640494829,18.0028401403026,41107.0468532976,119.129333333333,273.93,11.8816787658165,0,2.46800936347795,5.59415455721668,1,303,0,58.025,1545.80640743273,6.5
"Florida","FL","FL-509","Fort Pierce/St. Lucie, Indian River, Martin Counties CoC",2022,2023,12.9891102108449,1,12,13.4455028405863,392.641715110233,3,477.179150114083,27.2663007697185,25.7260487370646,8013448.30563315,8.86312861987272,14.0927651195277,5.40958778518022,30.7996886639829,13.2367588978585,3.338360637862,3.1127181758484,12.1631652401524,17.5992434069561,76209.5967873239,85067.1300612658,3.38323942275396,90.1728049246592,77.8448766395891,31.7267800818928,15.0124508981124,25.0471883867456,41079.6656033185,122.118,342.026666666667,11.0024895482235,0,2.41773896526563,5.24084733788119,1,303,0,58.7583333333333,1588.75949076347,7.2
"Florida","FL","FL-509","Fort Pierce/St. Lucie, Indian River, Martin Counties CoC",2023,2024,9.62444086254761,1,13,13.4760241833897,404.810443170142,3,474.841146692692,23.0459173564473,11.3691774669575,7294265.20207882,9.1896521803341,12.7971933568036,7.04601930763467,26.4961171016187,12.8697508197182,3.12814914226708,2.70415001594762,11.2370271086241,14.5012150786017,74709.7435577298,87880.6550325973,3.43180155448054,90.3573468513695,78.017579201969,33.020232313894,15.0471999852971,7.6792913843583,42159.0600269512,128.925333333333,369.493333333333,11.6230591756563,0,3.44035892071026,4.35310720579665,1,303,0,59.0083333333333,1652.58768642968,8.5
"Florida","FL","FL-509","Fort Pierce/St. Lucie, Indian River, Martin Counties CoC",2024,2025,7.67342755421297,1,14,13.498543845685,414.030072282286,3,474.413540668411,17.5724443698432,10.7707509881423,5505711.49128392,8.6523993021805,12.4186077830426,5.91821599485471,20.2045220945592,12.6284746153656,2.2981842983897,2.25669457992385,10.3004819085225,14.215866185948,82464.165826523,88364.8871853711,3.83282826757319,90.721424472166,78.6070120598586,34.7320940931512,15.2549297033254,3.68568133078146,41756.8660558015,130.891333333333,384.903333333333,12.3161156794272,0,2.67726956946759,4.03649873550499,1,303,0,58.4666666666667,1712.96642241367,10
"Florida","FL","FL-511","Pensacola/Escambia, Santa Rosa Counties CoC",2011,2012,17.1572291074991,1,1,13.0283603429132,268.823989448244,2,446.16040374479,5.9340605224928,0,1223528.20472115,12.383376181725,9.36458655579045,0.80177697587074,5.43361467429734,54.0450280024344,0.934134533792067,0.717419786721516,16.0363271440153,24.1938785733589,64710.0481437003,52641.6916492276,9.45782321444658,87.8527889282175,70.8278483214752,38.1602514982719,12.7786404518929,-5.30498641074485,39191.9434194342,87.7075,124.5,10.3778797228789,0,15.7754004820505,5.42691353630429,1,303,0,61.0833333333333,1434.29454928616,14.9
"Florida","FL","FL-511","Pensacola/Escambia, Santa Rosa Counties CoC",2012,2013,20.2318202643625,1,2,13.0424843230055,272.647802629905,2,441.828977953394,7.32518116830266,1.87416331994645,1558036.04075902,12.6181196707269,9.40665906268186,3.41800224675804,7.35744544588,55.8346493707933,1.42254111983279,0.446931210615096,15.9152068940866,24.3101793060421,69819.6135082266,51975.5730339442,8.39157930994144,87.8539172423654,69.4011977304806,37.1074059271806,12.7022870807895,-3.01456206822598,38352.0933112772,87.438,121.095,10.7560868101134,0,17.8071241494499,7.51711931856339,1,303,0,60.5083333333333,1405.16284012173,13.1
"Florida","FL","FL-511","Pensacola/Escambia, Santa Rosa Counties CoC",2013,2014,17.9122364160228,1,3,13.0542708148034,275.880383652955,2,439.156814804982,10.3888379711784,12.0131393711872,1942574.13482083,12.2619957299616,9.64262505031452,1.81487128596532,7.26494071240455,57.9250930235545,1.18584462644222,0.59037493786666,16.2951233819896,25.5136758541254,64832.3407049797,50464.1710427809,7.29095027468175,88.4150828755304,67.8229268539916,36.3992963348271,12.8550054052798,2.67709907811409,38509.9259113461,87.6255,124.205,10.7665354384253,0,16.977601555174,6.44420941753767,1,303,0,60.0916666666667,1384.86116935842,10.3
"Florida","FL","FL-511","Pensacola/Escambia, Santa Rosa Counties CoC",2014,2015,21.3232619123223,1,4,13.0618253768362,277.972435906499,2,439.625351657785,8.82068632189464,9.64383561643836,1725854.37243514,12.0983832454866,9.25400911389885,1.54005556719866,3.29192935939009,55.0732213127991,0.760584343662206,0.893786849933816,13.8828747970796,21.2076977995359,68606.7693897526,51354.4610960006,6.35435970660479,89.0875884987719,67.0746742108488,34.7035384643966,12.5016105674778,4.56570301809497,38576.3330014584,89.0715,129.74,10.7857885604668,0,16.6585923489465,6.01324188106105,1,303,0,59.8666666666667,1362.84491016239,10.1
"Florida","FL","FL-511","Pensacola/Escambia, Santa Rosa Counties CoC",2015,2016,16.5777878417091,1,5,13.0722020736525,280.871895113909,2,438.214061156125,12.6399439504384,22.7410782080486,2467719.32582809,11.9888262259885,9.88318310930797,2.15893658825388,6.16826603539675,55.4131434567657,1.0499183172078,0.74396292763868,14.316381690594,23.7296799197539,68566.3207389615,53164.1706252202,5.35531199465026,89.8796434346854,65.8605482251282,32.6481258152708,11.9418757117666,5.06287885064674,39636.958996526,92.7975,136.135,10.9357562472928,0,16.318393731718,6.56100366532993,1,303,0,59.3333333333333,1361.19599500464,8
"Florida","FL","FL-511","Pensacola/Escambia, Santa Rosa Counties CoC",2016,2017,15.555163370258,1,6,13.084387329334,284.315335158562,2,437.628670016848,13.6380898129688,16.9161155586495,2744094.74569427,12.2457894034584,9.84416573101932,1.5002231203944,8.31860667072144,51.2145618623628,1.23108795186765,1.10958308160224,13.5764728367337,21.9529465044342,68735.0951525908,54536.4314425514,4.79411779370003,90.0058822063,65.7710134018173,31.1030577632992,11.548704776643,6.13235387968016,40644.3079947494,97.62,144.075,10.7988953090232,0,16.9517229058078,6.71005698354893,1,303,0,59.35,1576.23627181394,8.1
"Florida","FL","FL-511","Pensacola/Escambia, Santa Rosa Counties CoC",2017,2018,12.7831973770173,1,7,13.0966331767055,287.818429996441,2,437.465370266244,12.238713551244,0.191644308164048,3002365.51268795,12.2422710957048,9.8717070418776,0.903617819257066,9.0039994854645,49.0952148377379,1.2400508707,1.21963467407552,14.1855361606245,22.2067894799486,71470.0861172354,55731.9808186258,4.12856568260079,90.6357171586996,66.4038871796186,30.4023616282328,11.4257745132725,8.2492486527751,41387.8000282596,100,155.685,10.6392004913343,0,15.8835045495775,7.46976182951705,1,303,0,59.35,1543.34081201455,8.5
"Florida","FL","FL-511","Pensacola/Escambia, Santa Rosa Counties CoC",2018,2019,10.3058120402921,1,8,13.1111001851256,292.01257540932,2,435.757353878143,11.9199027098283,1.4018691588785,2982559.43252525,11.8274517749597,10.6687745454642,-0.101712449765736,13.4295026372243,48.4426546170199,1.47049332795198,1.10075558980887,12.814207350743,19.9756403228971,73723.1963310195,55630.8817646923,3.59120427023517,91.0901219460395,67.2472604734995,29.5362632448863,11.3594779341298,8.36496645422017,41253.3745872589,103.103,169.015,10.5782199884906,0,14.4215502054009,4.93528506327885,1,303,0,59.2833333333333,1506.59496805775,8.2
"Florida","FL","FL-511","Pensacola/Escambia, Santa Rosa Counties CoC",2019,2020,14.582531066069,1,9,13.1276095919243,296.873555094996,2,433.045049131666,14.802835602152,12.3215394165115,3490456.90561039,11.5820825773298,10.4834405218485,0.270768342693251,15.1063440258169,47.7608733280412,1.6718458628143,1.07120987325411,13.4098219561545,20.0529460098801,72672.505206379,57060.9057835464,3.22666041951419,90.7933583219432,67.8180336522907,29.0015718772307,11.821216397394,7.02767072731577,41554.1369300945,105.9115,180.93,10.6542938678529,0,14.066040757696,6.86390956351504,1,303,0,59.5,1479.76303720179,8.4
"Florida","FL","FL-511","Pensacola/Escambia, Santa Rosa Counties CoC",2021,2022,13.8871909288181,1,11,13.1570546171943,305.744990681734,2,436.600862746765,17.9243028946134,6.09725993581832,3982538.92613708,10.9442470983713,12.6598712117202,0.311556149363302,13.3866197616999,49.1085658428781,1.19899659692337,1.86432761265077,14.9047545730794,22.0704738152686,76468.4969265277,63318.6524448213,4.28804479483202,91.2366580443505,69.6365376956168,28.2381616322918,12.5340007023309,16.4083290221753,43541.030008565,114.408,223.55,11.8816787658165,0,5.46702495320188,3.92157620318015,1,303,0,58.025,1545.80640743273,6.5
"Florida","FL","FL-511","Pensacola/Escambia, Santa Rosa Counties CoC",2022,2023,22.1612891109191,1,12,13.1683018603455,309.203196764315,2,438.867706837006,15.3167151978899,4.60358056265985,4124650.01666465,11.0431498601212,12.796024947052,2.81667441261686,10.1838262023034,46.7236162474403,1.13995555494079,1.70093118543198,13.7467194137963,19.9966708945872,76530.0989267544,60079.0270812654,3.04838396650264,91.4822721507381,70.23662074865,28.9471681799711,12.8798164599454,19.7586974693603,44604.6154729329,119.5305,267.295,11.0024895482235,0,11.3848222745194,4.64179834347016,1,303,0,58.7583333333333,1588.75949076347,7.2
"Florida","FL","FL-511","Pensacola/Escambia, Santa Rosa Counties CoC",2023,2024,20.802344385312,1,13,13.185264934447,314.4929821914,2,437.555872741614,12.1168678990991,0.177116542685087,3569710.70217236,10.7558883031132,11.1182800010064,3.54101289214771,13.6483702536596,46.4973894752657,1.71491082185608,1.42729330251574,11.7454212523006,16.26156330992,81610.8196435813,60670.0908840116,3.0235736017729,91.3024771813845,71.6872867642002,29.092343105911,12.8581464622578,5.90374619689742,45187.752890785,124.041,283.19,11.6230591756563,0,12.0948052435864,4.50738083611914,1,303,0,59.0083333333333,1652.58768642968,8.5
"Florida","FL","FL-511","Pensacola/Escambia, Santa Rosa Counties CoC",2024,2025,16.2584021624042,1,14,13.1990354879151,318.853688512099,2,436.280548233468,14.6270215647729,3.7155297532656,4301731.92509244,10.4750726390039,10.8096000175019,3.53536199364029,10.5178177753945,48.402961601799,1.38863369109935,1.14154844432671,12.8858673725509,18.7799636190522,77100.0455242551,62223.7587524183,3.52313654155004,91.7454980429495,72.4357261127755,30.0397032965555,12.9616281277466,3.62788010588264,46421.4737404625,128.963,293.245,12.3161156794272,0,11.1328664074555,4.35311748045265,1,303,0,58.4666666666667,1712.96642241367,10
"Florida","FL","FL-512","St. Johns County CoC",2011,2012,68.5419615373195,1,1,12.1864157076208,297.644464554863,1,465.238187510836,16.3422333289491,3.08517773306506,5667018.22891141,9.541634934,7.822281886,0.335609454,22.8988912,14.3850774581094,2.53962112220194,1.27880644731584,9.4,12.4,90608.1942866912,79856.7108937887,7.9,92.5,78.3907318722796,38.8611417204517,15.5062645311289,-6.9,32897.4697952663,71.845,129.31,10.3778797228789,0,11.8303366546664,2.03971321632179,1,303,0,61.0833333333333,1434.29454928616,14.9
"Florida","FL","FL-512","St. Johns County CoC",2012,2013,68.6118631200493,1,2,12.216354604557,306.690393841815,1,458.330446487781,23.6467882478702,1.00456621004566,8559286.3358041,9.101594286,7.423927348,0.723305506,26.71207418,14.1488424574149,3.03917269231946,1.50927265553071,9.5,11.7,87103.2677900608,82932.6547296596,6.8,92.7,78.3065643937789,39.133630073353,15.8675340035482,-0.39,33250.8341141534,74.766,128.81,10.7560868101134,0,10.788554234755,2.02904001662823,1,303,0,60.5083333333333,1405.16284012173,13.1
"Florida","FL","FL-512","St. Johns County CoC",2013,2014,64.31443838484,1,3,12.2521925811437,317.880936900992,1,452.045703044801,29.5851113270523,0,11039018.7271284,9.560029647,8.199171335,1.064385609,32.68976076,13.5170622472414,3.64880781526829,2.22754904818978,9.6,11.7,91649.6146332293,80822.2669278861,5.7,93.2,78.448710430748,38.10203887,16.1088614251906,4.65,33774.7123355861,78.66,134.8,10.7665354384253,0,11.6979168158748,2.5783163594173,1,303,0,60.0916666666667,1384.86116935842,10.3
"Florida","FL","FL-512","St. Johns County CoC",2014,2015,51.2895273941739,1,4,12.2915023556773,330.62567989135,1,446.822380139187,28.6230916226601,3.37401292175162,10511301.5027851,9.553566204,7.943362003,0.800421274,35.90661752,13.2439082612608,4.00928193889389,2.80746968608729,8.2,11,90529.8974255578,81006.3045503511,4.9,93.8,76.3554134353411,36.4161004215257,15.4580114314427,9.42,33849.0096844161,81.938,147.5,10.7857885604668,0,11.7060540957418,3.48886318147597,1,303,0,59.8666666666667,1362.84491016239,10.1
"Florida","FL","FL-512","St. Johns County CoC",2015,2016,45.3097586318497,1,5,12.3298951843936,343.566215646476,1,441.633313011901,30.2693835088878,2.04890945142102,11229056.6533363,9.734397724,8.230563848,1.062589206,35.36260857,12.4446682747104,3.91395361648212,2.70717323853946,9.8,10.1,97669.2088391752,83227.2181975641,4,93.9,75.7858231963945,34.5003190976699,15.96326789,9.26,34818.9158629864,87.535,161.16,10.9357562472928,0,11.706911937516,4.24099451321335,1,303,0,59.3333333333333,1361.19599500464,8
"Florida","FL","FL-512","St. Johns County CoC",2016,2017,18.2606804462992,1,6,12.3666128686791,356.415684999385,1,437.89071149948,36.2932635735055,3.37620578778135,13006123.3530259,9.276003383,8.426028318,1.292309027,34.45434637,12.1024750029809,3.74002703634002,2.86088687493122,7.7,8.5,105365.022751791,84171.0169148645,4,94.7,75.9455013091735,31.9080320218538,15.1689405623443,8.07,35691.61683046,93.074,174.17,10.7988953090232,0,9.70923399253922,0.2555061576984,1,303,0,59.35,1576.23627181394,8.1
"Florida","FL","FL-512","St. Johns County CoC",2017,2018,13.4744340343716,1,7,12.4036686188752,369.870745927041,1,436.590300090688,42.0700415436961,0.134048257372654,13651977.5876574,8.88989198,8.342371599,1.220427108,35.17087024,12.487022606312,3.77510347999386,3.46692081027726,8.3,9.1,101166.97533871,88771.6500255347,3.6,94.4,76.6698948101271,29.9110941218541,14.8227977508945,6.85,36976.3444583215,100,186.1,10.6392004913343,0,7.7966950220154,0,1,303,0,59.35,1543.34081201455,8.5
"Florida","FL","FL-512","St. Johns County CoC",2018,2019,13.4506105670415,1,8,12.4443609341708,385.232130207786,1,436.13039469848,53.3894630338946,19.746192893401,15825063.5743838,8.84811671,8.265210339,0.731647997,39.29592951,11.6857226157738,4.15317633251673,4.0434610974303,6.6,7.3,105044.93000692,90625.2134020034,3.1,94.6,78.3102446725901,28.3857957664129,14.0203386330787,5.38,37991.3253680477,106.869,196.12,10.5782199884906,0,7.24940310621164,0,1,303,0,59.2833333333333,1506.59496805775,8.2
"Florida","FL","FL-512","St. Johns County CoC",2019,2020,13.2434080665707,1,9,12.4862503807459,401.712113462437,1,439.732952484585,41.7837350173992,6.41579272054287,2410396.89007262,8.547964651,8.119794941,0.320162936,40.99628534,11.2063232982711,4.27793581126337,5.13930042639301,6.4,6.8,114400.165562871,92280.5417454992,2.8,94.8,80.6943653015551,27.3099570805521,14.3607157177225,5.73,38127.911703805,111.869,207.35,10.6542938678529,0,7.02756619513964,0,1,303,0,59.5,1479.76303720179,8.4
"Florida","FL","FL-512","St. Johns County CoC",2021,2022,11.3442441775423,1,11,12.5891319409934,445.241853722467,1,426.518312471025,67.0556265984655,22.8128724672229,17818389.4267895,7.797065933,8.824287299,0.466281371,61.27217685,13.4991409637569,5.85777229276954,4.04903077729084,6.3,6.6,112474.347532973,97642.4479296037,3.3,94.7,82.0286475050234,26.6856935180434,13.5991446518466,16.66,40103.8180379963,131.117,251.85,11.8816787658165,0,6.03370694592162,0,1,303,0,58.025,1545.80640743273,6.5
"Florida","FL","FL-512","St. Johns County CoC",2022,2023,13.553344092923,1,12,12.6367050502964,466.935388504079,1,432.963318110159,61.6596220692348,30.7439425301352,14971693.3388113,7.980073112,9.011692238,3.084873968,43.47442666,12.9402395618326,4.87230358068123,6.45700127877238,5.9,6.1,114158.530805502,93724.7072165418,2.5,95,83.1613998433011,26.7266669981602,13.2809313591436,25.67,41614.5460097389,142.803,316.51,11.0024895482235,0,6.0784345593135,0,1,303,0,58.7583333333333,1588.75949076347,7.2
"Florida","FL","FL-512","St. Johns County CoC",2023,2024,13.259973480053,1,13,12.6790562053692,487.135434289321,1,439.739028022707,45.7076862033783,17.4856611378081,11988045.0994042,8.294636167,8.234184273,3.821196025,37.74425349,12.0609183870586,4.32609013635847,5.95875344409493,6.1,5.8,112300.941113448,95208.7042747737,2.8,95.1,83.3585858585859,27.2480660037604,13.4830108182234,8.07,43235.7967092781,154.957,342.04,11.6230591756563,0,5.67059454002754,0,1,303,0,59.0083333333333,1652.58768642968,8.5
"Florida","FL","FL-512","St. Johns County CoC",2024,2025,9.23979580051281,1,14,12.7169032692837,505.92546861356,1,442.121115757769,37.8289250478375,10.47533632287,9700519.15192781,7.770278532,7.635781185,2.347590052,34.99376421,11.6879766240468,3.85725057173303,4.41985035710237,5.8,5.4,120264.81692366,95530.9776104506,3.2,95.8,83.7143299277956,28.816002249877,13.7587428399156,-0.47,43065.0886160608,160.786,340.44,12.3161156794272,0,6.95998608002784,0.02999994000012,1,303,0,58.4666666666667,1712.96642241367,10
"Florida","FL","FL-513","Palm Bay, Melbourne/Brevard County CoC",2011,2012,37.6988697652139,1,1,13.2073660716743,512.743683711829,1,497.486034032688,3.25688395227668,3.06122448979592,1246533.93978663,9.271136169,11.37345129,1.600626284,1.280868565,14.4757411928525,0.072431131,0.292941263610103,14.2,22.6,66552.9848049009,55105.825612644,11.1,90.3,75.9999550434674,38.6920955452718,12.3165456629729,-8.85,38781.6136504327,87.483,116.34,10.3778797228789,0,12.4366456694938,2.70042380120472,1,303,0,61.0833333333333,1434.29454928616,14.9
"Florida","FL","FL-513","Palm Bay, Melbourne/Brevard County CoC",2012,2013,28.4777057909515,1,2,13.2121437505166,515.199274201629,1,496.078366845471,4.15717665789532,0.709219858156028,1716679.57112095,9.379424095,11.20839347,1.869287334,4.88030605,12.5016911471645,0.47891189454019,0.194600662454625,14.8,23.2,64974.0565953294,53599.5298525875,9.7,90.3,74.5737334286712,37.8397583940309,12.387385970431,-0.04,37983.1416615938,86.097,116.29,10.7560868101134,0,15.9607726988515,4.27814525948596,1,303,0,60.5083333333333,1405.16284012173,13.1
"Florida","FL","FL-513","Palm Bay, Melbourne/Brevard County CoC",2013,2014,26.5863615745174,1,3,13.2181389034637,518.297255452473,1,494.496188130957,5.04595753751392,1.74799708667152,2116004.22941691,9.135807645,11.92467151,1.731647499,7.083349663,12.7213746353963,0.601317083694419,0.280462006795945,15,21.9,64512.1405211009,52410.4994044319,8.7,90.2,73.5485837597512,37.0526158011345,12.6552203417546,6.88,38158.5503017176,87.02,124.29,10.7665354384253,0,18.6095537523512,4.61604165341523,1,303,0,60.0916666666667,1384.86116935842,10.3
"Florida","FL","FL-513","Palm Bay, Melbourne/Brevard County CoC",2014,2015,18.9484326888745,1,4,13.2277120929925,523.282848265096,1,491.56508528516,4.70910475744082,3.34370139968896,2116507.46741229,9.464615307,11.78329232,2.043763672,9.784744661,12.3589680819659,0.961917656359334,0.363470648550712,14.5,22,65249.2603545115,53076.1446399871,7.3,90.5,72.23509087,35.69802696,13.1418511066398,9.67,38654.2456030479,89.002,136.31,10.7857885604668,0,14.86820220755,3.1320425957793,1,303,0,59.8666666666667,1362.84491016239,10.1
"Florida","FL","FL-513","Palm Bay, Melbourne/Brevard County CoC",2015,2016,14.3358861727171,1,5,13.2459022607862,532.88856817878,1,484.302142657659,7.0002043855295,15.5891553701773,2763880.15954002,9.273214697,12.49627662,2.044066944,19.17784274,11.5811689344688,1.83566496504353,0.33102882587297,13.4,21.3,68402.1364675386,55398.7751260371,6.1,90.7,71.2237210755923,34.0994730182566,13.1217075386013,12.37,39693.4099041392,93.082,153.17,10.9357562472928,0,15.2895468991385,1.34335903391275,1,303,0,59.3333333333333,1361.19599500464,8
"Florida","FL","FL-513","Palm Bay, Melbourne/Brevard County CoC",2016,2017,14.3763961692434,1,6,13.2653808842393,543.370275493889,1,477.587826804467,10.5804550140105,25.008576329331,4091663.24097628,9.212161524,12.36456565,2.271971434,20.29371095,11.5397816507591,1.96696043807645,0.553300826301495,14.7,21.7,68702.4378082376,55675.3480758247,5.2,91.2,71.0588260758987,32.8304003236425,13.3028853947155,13.38,39899.6208839572,95.418,173.66,10.7988953090232,0,14.2318773250311,4.16035390743906,1,303,0,59.35,1576.23627181394,8.1
"Florida","FL","FL-513","Palm Bay, Melbourne/Brevard County CoC",2017,2018,12.3319270904213,1,7,13.2840909938965,553.632514997673,1,472.969823178834,9.90298456458163,21.1405739193607,3487678.80220801,9.065438937,12.87433145,2.287396224,20.16068443,11.4602845675767,1.88862732589785,0.90342204219116,12.4,18.8,69083.8751903976,57099.6695999119,4.4,91.7,71.64553675,31.8059629097404,13.39953307393,11.54,41051.2113928594,100,193.71,10.6392004913343,0,12.5049126442531,3.87907494270708,1,303,0,59.35,1543.34081201455,8.5
"Florida","FL","FL-513","Palm Bay, Melbourne/Brevard County CoC",2018,2019,13.539510451173,1,8,13.2966594829085,560.634762677446,1,470.930086037873,10.5530166001306,19.8106828938472,3937346.36534074,8.852280527,13.22262911,1.749830089,15.16688476,11.4061925091103,1.26478259316161,0.828066489926149,11,16.5,73870.5951487178,58600.7743192711,3.6,92,72.95717731,30.8793345818905,13.3864705882353,8.34,42453.0758377603,104.607,209.86,10.5782199884906,0,10.3662111918119,3.56181000431785,1,303,0,59.2833333333333,1506.59496805775,8.2
"Florida","FL","FL-513","Palm Bay, Melbourne/Brevard County CoC",2019,2020,15.4410979606252,1,9,13.3079180354227,566.982374610994,1,469.86752876523,14.8568236379772,41.4088529271775,4655196.77874845,8.784232487,12.47634998,0.716705161,14.21548768,11.2984307458194,1.13221875561784,0.90403462,9.4,12.7,72517.2044324713,60652.6533061069,3.3,92.2,74.4830169269777,29.8205669816565,12.8936997136233,5.23,44182.2204685869,109.967,220.84,10.6542938678529,0,9.70193141531908,3.07338580793498,1,303,0,59.5,1479.76303720179,8.4
"Florida","FL","FL-513","Palm Bay, Melbourne/Brevard County CoC",2021,2022,14.4975017132692,1,11,13.3343877390159,582.190646206046,1,475.791473058852,17.5937921865064,13.3938925396212,6211249.34327725,7.937381251,14.28206965,0.61295037,21.71898345,13.6631029885712,1.53146123709478,1.49894042203647,11.3,17.3,77563.5989832504,66191.6442364874,4.2,92.5,77.0794101554502,29.7244791315488,13.2581086119051,15.92,48209.9822006472,123.456,270.54,11.8816787658165,0,11.0502064430955,2.23269178498855,1,303,0,58.025,1545.80640743273,6.5
"Florida","FL","FL-513","Palm Bay, Melbourne/Brevard County CoC",2022,2023,16.2844515994211,1,12,13.3563819804004,595.137363230325,1,473.018978116053,17.5929922474395,18.3529859262077,6429162.84864585,8.302924745,14.97214624,3.185801343,24.27513419,13.5273086400995,2.22379337570056,1.62812286410887,10,13.4,82407.5464672391,62840.7190546784,3,92.7,77.4161994038046,29.5119436542738,13.0972982025232,24.14,50125.2033369412,131.259,335.85,11.0024895482235,0,9.73358466556827,3.27618215572786,1,303,0,58.7583333333333,1588.75949076347,7.2
"Florida","FL","FL-513","Palm Bay, Melbourne/Brevard County CoC",2023,2024,17.0056106324685,1,13,13.3785795502599,608.495700141079,1,470.177937044805,21.521554477155,23.7264800367141,8002182.83443339,8.30771735,13.068847,3.934740282,22.56762933,13.3882340193339,2.24458045084699,1.63048024385266,10.3,15,82376.8469448491,64363.2185060684,3,93.1,77.5461360638395,29.9107287777958,13.3608822747808,7.06,52045.0669161364,139.468,359.55,11.6230591756563,0,6.99674156172844,7.12057769556434,1,303,0,59.0083333333333,1652.58768642968,8.5
"Florida","FL","FL-513","Palm Bay, Melbourne/Brevard County CoC",2024,2025,15.9944094870042,1,14,13.3943047119066,618.140038854181,1,472.167788691574,14.8549999677276,15.2509233108842,5767597.66544438,8.095101703,12.75158973,3.724268949,16.57414866,13.2189670462961,1.58494771793225,2.01486788129399,10.1,13.7,80212.808734163,65857.3495668173,3.5,93.3,77.4012991902088,31.4123276863485,13.7146923928515,0.88,53301.0462497361,145.427,362.73,12.3161156794272,0,5.80567889871909,4.99806477370043,1,303,0,58.4666666666667,1712.96642241367,10
"Florida","FL","FL-514","Ocala/Marion County CoC",2011,2012,27.2858242505384,1,1,12.7137543323015,199.851637977212,1,494.835774001914,2.19550317162023,0,644790.734708546,10.10824015,13.09791642,1.323052303,4.589996941,24.6173477064938,0.288231406,0.193773650439644,17.6,30,52139.8991594295,45478.0160931842,12.5,84.8,76.8330653481174,37.6628086419753,11.6929254647176,-12.08,26947.0048644475,91.856,114.81,10.3778797228789,0,20.2235423701269,2.40756456787225,1,303,0,61.0833333333333,1434.29454928616,14.9
"Florida","FL","FL-514","Ocala/Marion County CoC",2012,2013,15.8169766893576,1,2,12.7185189552749,200.806130641573,1,493.085694260991,2.43579464003693,0,574668.416121353,10.18675722,13.2881189,1.218928214,6.611034303,25.7612924674951,0.477600621151653,0.122242697367225,18.6,33,52289.7273648892,44774.4901790485,10.6,84.8,74.94207186,37.7898281164912,11.8142752428074,-3.84,26000.9706070326,89.169,110.4,10.7560868101134,0,12.4897790477217,2.06665408703309,1,303,0,60.5083333333333,1405.16284012173,13.1
"Florida","FL","FL-514","Ocala/Marion County CoC",2013,2014,27.1593615479061,1,3,12.7221365256443,201.533878671741,1,492.048238794567,3.82103022252952,0.793650793650794,967499.636051959,9.743540681,13.90524937,1.2945545,6.514628765,27.3394949907933,0.362413252943483,0.151250091114519,19.6,30.1,53601.8669972332,43272.0742030368,8.9,85,75.0207942641593,36.4772393765736,11.9603988073053,3.18,26323.6639315762,90.72,113.91,10.7665354384253,0,13.1609183396353,2.62621499747824,1,303,0,60.0916666666667,1384.86116935842,10.3
"Florida","FL","FL-514","Ocala/Marion County CoC",2014,2015,22.9994564296193,1,4,12.7308189257869,203.291299947899,1,489.229449268502,4.55969327898792,4.77453580901857,1268334.59650862,10.04326329,14.00114101,1.408433964,11.08324617,27.2540347036286,0.872022752571744,0.2941586758614,17.8,29.7,54214.5689811108,43857.2196888088,7.6,85.3,74.0999546607521,34.7592539096353,11.6003900445765,6.72,26121.3003039496,90.924,121.56,10.7857885604668,0,10.9169982692564,3.01770683865623,1,303,0,59.8666666666667,1362.84491016239,10.1
"Florida","FL","FL-514","Ocala/Marion County CoC",2015,2016,23.6855661943943,1,5,12.7431009606557,205.803534263611,1,485.116107802281,6.35549825901517,0,1601040.74010061,10.22659945,14.08142173,1.340807749,14.69889898,27.2369674617601,1.2357805357909,0.384610732816482,18.7,31.9,54411.1608661885,45032.2215952184,6.6,86,73.758584217537,32.6270185112249,11.4737428094266,6.72,26358.7813516024,92.998,129.73,10.9357562472928,0,10.7837349714479,3.71147517987504,1,303,0,59.3333333333333,1361.19599500464,8
"Florida","FL","FL-514","Ocala/Marion County CoC",2016,2017,20.5185388536222,1,6,12.758433609325,208.983372144189,1,480.491784878651,8.55315172859915,0,1917854.39844185,10.24576199,14.23908615,1.566009474,17.73940732,25.7692053104018,1.54508419496058,0.57711538693237,17.4,28.2,53161.4189069912,46054.270168208,5.7,86.4,72.598729382649,30.497120602896,12.15477869,7.21,27751.5815425354,99.609,139.08,10.7988953090232,0,11.0801251334651,3.62622277095223,1,303,0,59.35,1576.23627181394,8.1
"Florida","FL","FL-514","Ocala/Marion County CoC",2017,2018,15.9303964217879,1,7,12.7751860451667,212.513852257483,1,476.301795159889,13.3455340590388,13.5351736420303,2918855.27711253,9.971347359,14.61170535,1.666647641,19.68584834,25.0665791209009,1.68935933853092,0.802606674812534,16.2,26.3,57493.7140625539,46840.065274256,4.9,86.8,73.5258771195561,28.6737934774189,12.385939612438,8.46,27361.4709030888,100,150.85,10.6392004913343,0,10.075310112951,4.27351636813372,1,303,0,59.35,1543.34081201455,8.5
"Florida","FL","FL-514","Ocala/Marion County CoC",2018,2019,12.9930876773556,1,8,12.7912531395395,215.955920006783,1,474.66454261381,16.5283922222092,0,3259343.16497182,9.831541505,14.93540857,1.875348294,19.25039409,25.0931593986554,1.61969100495558,1.2703807577126,15.1,25.9,57080.0750578954,47207.0697353041,4.3,87.3,73.8534033268576,27.7075702075702,12.4605137963844,8.47,28031.3183694388,104.193,163.63,10.5782199884906,0,9.10706229007804,4.09400047902591,1,303,0,59.2833333333333,1506.59496805775,8.2
"Florida","FL","FL-514","Ocala/Marion County CoC",2019,2020,13.8568006952246,1,9,12.8092404124706,219.875534810589,1,473.741653650784,13.6670708470466,0,3536981.64618012,9.646155821,14.24705475,0.04139981,22.45525716,25.20659009407,1.81500687903482,1.61704824154805,14.9,25.4,61808.7575343207,48391.3997484927,3.8,87.6,73.14917095,27.3256464793462,12.7209648108376,7.74,27995.9965700343,106.001,176.28,10.6542938678529,0,8.34292998230205,3.63806454965958,1,303,0,59.5,1479.76303720179,8.4
"Florida","FL","FL-514","Ocala/Marion County CoC",2021,2022,11.4587924195681,1,11,12.8615283430682,231.678284681678,1,471.499443150754,34.296317096403,9.24707015572323,7906250.73370143,9.058068408,17.34512578,0.500894924,29.8229166,22.1649364101526,2.0589139235677,2.07783010914651,13.6,20.7,64820.4985069121,53389.13536632,5,88.4,75.1078754619283,27.0109930855483,13.247798547814,17.1,30117.7381150266,118.767,216.36,11.8816787658165,0,6.87948951591758,3.68636796701999,1,303,0,58.025,1545.80640743273,6.5
"Florida","FL","FL-514","Ocala/Marion County CoC",2022,2023,11.011399466408,1,12,12.8918829771161,238.818635602467,1,472.716741169804,34.5703874184887,17.9842810910772,8312022.46855868,9.2499086,17.9578104,3.517930966,33.46125035,22.7463325568218,3.08201130313108,3.34814423283394,15.6,23.2,59982.27227005,49455.0902703097,3.5,89.2,75.244274106674,27.6627526106731,13.0508290493085,26.29,30477.7681697974,123.819,273.24,11.0024895482235,0,9.56998048227665,5.41459422023547,1,303,0,58.7583333333333,1588.75949076347,7.2
"Florida","FL","FL-514","Ocala/Marion County CoC",2023,2024,8.83187887708969,1,13,12.9295089441104,247.975630444871,1,470.657288382246,26.7814812524478,1.84721954974023,7668992.6222837,8.856216216,15.40942085,5.591969112,37.42393822,23.424690759156,3.83428823270162,3.38192047052805,15,24.6,61902.2998860589,50532.8347287806,3.7,89.6,75.6902129634268,28.39209211,13.11434728,6.59,31525.2705304871,133.136,291.23,11.6230591756563,0,8.34343924326946,4.55978656318215,1,303,0,59.0083333333333,1652.58768642968,8.5
"Florida","FL","FL-514","Ocala/Marion County CoC",2024,2025,8.83296435187277,1,14,12.9668691287259,257.4153042742,1,465.24375284758,33.7933528188749,7.93580026749889,6630802.18990811,8.613641638,14.89952933,5.731320548,37.20598123,22.8180235750418,3.80669415474169,2.61270175004638,14.3,20.3,65733.1620670497,50597.6822400069,4.2,89.6,75.9658208711285,29.5845570162724,13.2614606818337,2.75,31640.6080600599,138.992,299.25,12.3161156794272,0,6.19166111753642,4.74304606362224,1,303,0,58.4666666666667,1712.96642241367,10
"Florida","FL","FL-515","Panama City/Bay, Jackson Counties CoC",2011,2012,10.887978927365,1,1,12.5899122659412,73.8646323570403,6,529.72774123666,3.08002932136473,8.1419624217119,591537.897023749,11.1014437899132,10.2223061672692,0.715718305246443,-2.60780733085981,71.5884202315545,-0.10246861534044,0.150003155229628,18.0883313293435,26.6691717107034,57578.3476453412,47793.8626447239,10.1866602402744,82.8414192335335,70.3706750754464,34.0031187121779,11.7105222096845,-6.25376328849619,36318.1680645414,98.4486666666667,139.895,10.3778797228789,0,9.23084259539957,1.19217524294828,1,303,0,61.0833333333333,1434.29454928616,14.9
"Florida","FL","FL-515","Panama City/Bay, Jackson Counties CoC",2012,2013,10.0994510730247,1,2,12.5972359689275,74.407582604592,6,526.714434011071,3.78763561661424,6.4406779661017,790847.795774454,11.8938996949942,10.0354091688322,1.56139567241623,3.8765883327846,75.3333175536537,0.740558376770329,0.149178221147018,19.043409898593,28.195168036681,57620.1851799656,45991.877295309,9.01448574587728,83.4340972952502,68.841883920466,34.3839479827972,12.03823580324,-5.0535184740599,35057.3301428957,93.2543333333333,129.27,10.7560868101134,0,9.19729896969963,1.18347597036576,1,303,0,60.5083333333333,1405.16284012173,13.1
"Florida","FL","FL-515","Panama City/Bay, Jackson Counties CoC",2013,2014,8.89378563321763,1,3,12.604972918854,74.9855050877368,6,523.886376142479,4.91235261341002,11.2125162972621,1103312.48848643,11.6960469353937,10.6717735886785,1.08760156101257,5.54347740794615,73.8904025017112,0.788207889326475,0.22070175559568,20.9480015837013,31.4228750889154,57104.7065654768,44981.2247773715,7.73245782388705,83.1569716410098,67.5247445830485,34.7422998988873,12.4905154296639,0.503541518474278,35166.1958285749,93.7758333333333,133.055,10.7665354384253,0,8.79088432269927,1.67764967990444,1,303,0,60.0916666666667,1384.86116935842,10.3
"Florida","FL","FL-515","Panama City/Bay, Jackson Counties CoC",2014,2015,10.4188235603454,1,4,12.6159778816644,75.8152779869146,6,519.961239023807,4.99100088076486,0,1452263.57075699,11.4505755585214,10.9047200399247,1.5336652483355,8.79866988389572,73.5031559664691,1.12179008730344,0.326656120433366,18.8019519868319,26.5973560899202,56387.1094704833,45906.079888472,6.75522908135159,83.7131521832916,66.8067156602822,34.5581065344584,13.046331013502,5.52620371415107,35365.8166563329,94.697,138.7625,10.7857885604668,0,6.17255271559134,1.65928836440627,1,303,0,59.8666666666667,1362.84491016239,10.1
"Florida","FL","FL-515","Panama City/Bay, Jackson Counties CoC",2015,2016,10.1248624161841,1,5,12.6256313046701,76.5507013296365,6,516.89525631292,6.84178064335629,15.6133828996283,2250832.74976565,11.9106421986209,11.2455158573265,2.2700579900859,6.71507047457083,71.8175752735352,0.982106913629599,0.35146328852095,19.2763785221047,28.5222897090289,58935.1690524772,47543.358376838,5.68724302152457,84.2957299256878,66.6941057927714,33.1935284672513,13.1645922402415,3.79115796842801,36047.1867966992,97.9175,144.9,10.9357562472928,0,7.03352757701548,1.64334756472324,1,303,0,59.3333333333333,1361.19599500464,8
"Florida","FL","FL-515","Panama City/Bay, Jackson Counties CoC",2016,2017,10.9257278128059,1,6,12.6319219111594,77.0337710586908,6,516.567214389063,7.44810667610852,12.0543293718166,2275180.1199041,11.7533479700216,11.3705048061259,2.281621416148,3.67161849546151,69.440225751771,0.636907946514426,0.53372480380183,18.1136101013466,26.4173517279221,59430.0143642857,47920.8658587499,4.9760184468461,84.8279328623639,66.5525868072463,31.9618729930343,13.3294538896455,6.07187796601312,36518.5363832363,98.7883333333333,153.1575,10.7988953090232,0,7.25070792384797,1.63304232519098,1,303,0,59.35,1576.23627181394,8.1
"Florida","FL","FL-515","Panama City/Bay, Jackson Counties CoC",2017,2018,12.3190537932016,1,7,12.636334425855,77.3744358572011,6,517.573838084616,11.9243576050763,39.3572181243414,2923571.2960275,11.4006840897372,11.6948456645032,2.12592932469206,2.61951929180986,68.4418806559339,0.442813908148725,0.604161997131837,16.9213516686123,23.8025073894989,61810.1072676644,47880.8256221589,4.33275279565312,85.3160731763627,67.2780048692059,31.0807106242713,13.4331016230619,4.04427781264328,36288.0730637118,100,161.5025,10.6392004913343,0,4.91007410635025,1.62585235309611,1,303,0,59.35,1543.34081201455,8.5
"Florida","FL","FL-515","Panama City/Bay, Jackson Counties CoC",2018,2019,16.6012934040476,1,8,12.6419958277891,77.8137273920599,6,520.239138377571,11.1250605973971,25.195530726257,3095733.93414863,11.3791163895741,11.8883982359654,1.58031944630198,4.60401159440354,67.0951929823427,0.569849371418122,1.02192442863959,17.1165194954685,24.795744591418,60315.2701827621,48535.055947526,4.13503396631499,86.4105442693766,67.8531868961457,30.3850370363613,13.3921806750405,8.8981753896992,36615.0174748101,100.290833333333,174.305,10.5782199884906,0,4.78535422938014,1.94000847137032,1,303,0,59.2833333333333,1506.59496805775,8.2
"Florida","FL","FL-515","Panama City/Bay, Jackson Counties CoC",2019,2020,13.0710965801258,1,9,12.5911785714942,73.9582271170446,6,548.608110820437,13.1956717204601,24.0131578947368,3509336.43822191,11.3517143926546,11.7130042792487,1.02364489441383,-50.9401756848069,56.8900470483377,-4.80586224853244,0.183351277090838,14.9614006320738,21.9369388983953,65274.6619988572,51579.7052633677,3.80016975502887,86.5706160508653,68.7665232890127,29.2339009418067,13.2787194421888,7.53825700026875,39168.8556737852,103.977333333333,189.215,10.6542938678529,0,4.7286470966447,2.0411426316452,1,303,0,59.5,1479.76303720179,8.4
"Florida","FL","FL-515","Panama City/Bay, Jackson Counties CoC",2021,2022,12.2666735896571,1,11,12.6075096517179,75.1759653923692,6,536.762909438976,19.4910868494398,34.0690978886756,5970242.67251681,10.7416641242019,14.9028491177262,0.714351528574224,18.7814332614651,51.0487193475081,1.4763589090026,1.86927242428202,16.181677950956,25.3602758431422,64337.4300083965,57929.4662778967,4.26866225112369,87.1573319990763,71.0631703239259,28.7083463670943,12.5720707344411,11.8630199167986,42203.4587825621,111.591166666667,226.6175,11.8816787658165,0,3.71494646795608,2.00807917186815,1,303,0,58.025,1545.80640743273,6.5
"Florida","FL","FL-515","Panama City/Bay, Jackson Counties CoC",2022,2023,16.3420902070736,1,12,12.6383516918614,77.5306787226921,6,530.241569095771,17.5647969644114,6.06271777003484,6313663.83491011,10.7495628655016,14.8130983319131,5.14081665516283,27.9291355889828,55.1189023598743,3.14596918553997,1.75893545731629,14.6384998312521,21.5251496014954,65538.619564271,53018.2559222735,3.03457546924894,87.6185784937304,71.9076373616673,28.9176933447874,12.6237707278552,20.3214681066487,42353.4467061195,115.2295,270.3,11.0024895482235,0,2.20670318544095,1.94709104597731,1,303,0,58.7583333333333,1588.75949076347,7.2
"Florida","FL","FL-515","Panama City/Bay, Jackson Counties CoC",2023,2024,15.3172262007447,1,13,12.6646424065251,79.5960534132169,6,525.203801985706,17.7907242678479,17.1515561569689,5595424.20786264,10.482288212655,12.1640566119409,6.5945012231709,21.0347563270095,54.0205651139047,2.68228671087225,1.59675149350447,14.5891519498295,19.5776470551048,67701.9509758176,53616.1249981427,3.04243569845841,88.0048874545219,72.6404600529115,30.1248122005189,12.6570677219424,8.8123782956812,43229.9327659736,122.833833333333,297.9075,11.6230591756563,0,6.89086202155133,2.75002291685764,1,303,0,59.0083333333333,1652.58768642968,8.5
"Florida","FL","FL-515","Panama City/Bay, Jackson Counties CoC",2024,2025,12.569891626332,1,14,12.6939714467805,81.9651078761211,6,518.70451259604,18.8008190221444,18.8542650299024,5825621.61413709,10.3900705280341,11.7934048124927,6.63644092460935,23.8593931961336,57.3398367595011,2.9948068930942,1.62150053476775,14.025324071374,20.1517845028962,70593.8703242533,53836.4776304916,3.47740847266689,88.7634317339775,72.5938649595724,30.6616461416781,12.5390541467703,1.06684455931511,43111.8958524864,127.920833333333,295.72,12.3161156794272,0,6.20056050611308,2.14870908627681,1,303,0,58.4666666666667,1712.96642241367,10
"Florida","FL","FL-517","Hendry, Hardee, Highlands Counties CoC",2011,2012,52.567602574577,1,1,12.4398989326909,46.3416902722031,6,474.818350192335,2.18371548354295,0,534623.837050904,11.801026954659,10.7020560895632,3.39235191443979,-6.51505003161696,52.3262256415127,-0.204493030822229,0.14533734642018,24.8968961232211,37.0920647923889,48685.3381789172,38271.2133417966,11.7002125184024,71.7706558389134,72.71941144191,34.8613310575276,11.1937795846661,-8.11518534732559,26826.432777507,91.6068333333333,125.222,10.3778797228789,0,4.94689018695287,3.32431020563233,1,303,0,61.0833333333333,1434.29454928616,14.9
"Florida","FL","FL-517","Hendry, Hardee, Highlands Counties CoC",2012,2013,153.723816602332,1,2,12.4328735007477,46.0172595599636,6,478.568439511388,1.64890073284477,0,410726.601671151,11.426518557124,10.5766934708457,2.57112664294988,-10.6497940583274,49.7060757627085,-0.690051654848773,0.095382470136485,25.3642050096646,38.3430651814359,48910.1932493526,38488.4542917303,10.6187055377319,72.7900468286073,71.8310122917813,34.8157239626959,11.7255425947753,-4.84402533515778,27440.0471935259,92.3256666666667,118,10.7560868101134,0,4.98176673375446,2.71008110316243,1,303,0,60.5083333333333,1405.16284012173,13.1
"Florida","FL","FL-517","Hendry, Hardee, Highlands Counties CoC",2013,2014,53.3758436635022,1,3,12.4302356769978,45.8960336126542,6,480.012307495584,2.3309053069719,0,556961.736450239,11.1367338009689,11.0592316685777,2.18735459816122,-4.94499327914728,49.485722505934,-0.263130953657296,0.0536157610945159,24.815684464584,37.2605816490446,48419.6080448505,38242.0896546557,9.77627650307288,73.0712352250114,71.0670671088514,32.8007442467267,12.3297506420848,-0.646667873257458,26676.6908360985,89.4343333333333,117.148,10.7665354384253,0,5.55435677351811,3.51642730985319,1,303,0,60.0916666666667,1384.86116935842,10.3
"Florida","FL","FL-517","Hendry, Hardee, Highlands Counties CoC",2014,2015,47.7341934371363,1,4,12.437878569923,46.2481573930385,6,476.940525192922,2.29479845683118,0,592515.184385684,11.3351688645439,10.8076394699911,2.76520846430901,4.37561598262471,49.1723968371045,0.771624656466121,0.14022161180307,24.0251040947917,34.9677619421511,49877.9537453257,39037.4507408586,8.76135882366937,73.5586821004544,70.7651987845401,31.3947781293232,12.7368134420057,6.11694454314031,27395.1789956582,92.2536666666667,123.3,10.7857885604668,0,9.5568932562437,3.48965396908484,1,303,0,59.8666666666667,1362.84491016239,10.1
"Florida","FL","FL-517","Hendry, Hardee, Highlands Counties CoC",2015,2016,41.2356050776392,1,5,12.4496617546713,46.7963334240639,6,472.078632090076,3.88520384867629,1.70940170940171,946768.52801719,11.3155733773819,11.2299030382263,4.85990965917675,6.8360818702231,48.0908282156896,1.18981920823362,0.163430615914431,24.7331497905261,37.311816760267,48820.7066119842,40909.4105074373,7.57810928700478,74.3063610319678,70.2800710426255,30.0630977356986,13.5409104688724,9.89252106880825,28087.9317585944,95.8483333333333,137.146,10.9357562472928,0,10.7774246266112,2.11629429031639,1,303,0,59.3333333333333,1361.19599500464,8
"Florida","FL","FL-517","Hendry, Hardee, Highlands Counties CoC",2016,2017,23.0577010449796,1,6,12.4673902085506,47.6333609936858,6,465.338605535813,3.16892959680956,0,843804.621252116,11.1415341090406,11.1780987546822,6.01297278146332,11.7724878918554,48.1236067101226,1.79213823452541,0.351503455314347,22.1400924817212,33.5632537241026,50042.1665077761,40161.7066366568,6.34491754804083,74.6106746699419,70.2353466110018,29.0336543315028,13.3156649134571,10.3956174260416,28730.3471390371,98.9525,150.24,10.7988953090232,0,12.3206289681088,2.19461203494438,1,303,0,59.35,1576.23627181394,8.1
"Florida","FL","FL-517","Hendry, Hardee, Highlands Counties CoC",2017,2018,17.0207969340021,1,7,12.4841626104591,48.4390275391172,6,458.889898530971,3.5725483077837,0,990924.733718288,10.887008041716,12.0235564072882,5.28265515430583,12.6353659753841,46.7401181281236,1.69797337506914,0.290214592923208,21.9511400121157,33.7678066787824,51112.2379094578,41056.2587353723,5.39058571861275,75.8196531879449,69.3617356080889,27.3772925388247,13.2256870415855,8.50785627045582,28665.4908336962,100,162.708,10.6392004913343,0,3.59684991670453,5.64137513251552,1,303,0,59.35,1543.34081201455,8.5
"Florida","FL","FL-517","Hendry, Hardee, Highlands Counties CoC",2018,2019,14.7867439441225,1,8,12.491800309369,48.8104080887413,6,456.781077983806,4.69688245455293,0,1275316.67350055,10.4951113737888,11.787118173275,4.08243493557452,4.86406613895478,45.4188506265382,0.767801513883867,0.315597785443409,22.7476029983656,35.9289909635725,51918.9391779772,40539.9488089649,4.60915854139661,77.1695876308028,70.1127295781329,27.927831898238,13.3417359370382,10.6367384010869,27976.7206234532,98.2533333333333,179.83,10.5782199884906,0,2.47985120892746,2.5549982152586,1,303,0,59.2833333333333,1506.59496805775,8.2
"Florida","FL","FL-517","Hendry, Hardee, Highlands Counties CoC",2019,2020,15.9771008103522,1,9,12.5030649925577,49.363352462626,6,453.901025412394,6.3107749729889,2.98313878080415,1459135.90609408,10.3261395108166,11.6376797627218,3.09527497581644,9.47531928421681,44.9806806360529,1.137749076148,0.500010424213133,18.4421674840244,27.554453484916,56081.6620042815,41996.798381027,4.38545066131669,78.1917718085897,69.3054110428751,27.4388386784248,13.5860326607752,6.45595553536532,31406.8643068786,111.389333333333,192.196,10.6542938678529,0,2.2663100014861,2.71214147718829,1,303,0,59.5,1479.76303720179,8.4
"Florida","FL","FL-517","Hendry, Hardee, Highlands Counties CoC",2021,2022,24.8165484380846,1,11,12.450840692941,46.8515361625512,6,485.344314658817,13.1786947123915,2.75397796817625,2854761.16801042,10.1250153928272,15.6957153909724,1.00812931691535,18.0120179137756,49.928757085147,1.28403443752961,0.886599470468833,19.3158441111076,27.1524512260044,55947.1080325846,46411.6182878763,5.24559468261673,79.211675226255,72.3626579865087,26.5712207583774,13.9564899557647,15.9740685290877,31425.8393057746,112.658666666667,233.704,11.8816787658165,0,2.38781198133592,3.05326777941315,1,303,0,58.025,1545.80640743273,6.5
"Florida","FL","FL-517","Hendry, Hardee, Highlands Counties CoC",2022,2023,37.7252001366425,1,12,12.4758058464184,48.0359191696981,6,479.848962668275,14.7513983593644,6.20280474649407,3050514.35308557,10.7540100476062,15.7261670239458,6.47143392886986,22.4201015026068,48.8886004230267,2.53858177838114,1.46622692458818,19.2349035208955,26.7894670932568,56290.184522068,42793.197934728,3.86215629080413,79.3436202380861,74.2438911401761,26.0759132337069,14.4225602650549,25.491467263826,32586.4703590229,120.019666666667,296.862,11.0024895482235,0,1.5653515168638,2.4434755385191,1,303,0,58.7583333333333,1588.75949076347,7.2
"Florida","FL","FL-517","Hendry, Hardee, Highlands Counties CoC",2023,2024,23.3043452969577,1,13,12.5036444034319,49.3919625197822,6,473.469827266111,12.0144612706155,7.7023498694517,2591967.98388794,10.734365078359,13.7427692912867,7.77782918408942,22.5800374847184,48.2184497022086,2.84652360405923,1.55940736255715,19.060246327734,25.9394310029853,56246.9917408823,43478.385759565,3.88888480446761,79.374508384203,76.1050725840226,25.7954017912729,14.8031261407398,7.44931904589217,33692.4907594024,126.088666666667,311.278,11.6230591756563,0,4.45573229960344,1.5966374073579,1,303,0,59.0083333333333,1652.58768642968,8.5
"Florida","FL","FL-517","Hendry, Hardee, Highlands Counties CoC",2024,2025,18.7217466922519,1,14,12.524733627898,50.4446659048895,6,469.246262579257,14.0544979816997,8.10363836824697,2887438.7036516,10.4972526643072,12.8902093473793,8.72273558638554,14.6374782016675,47.1903903205165,2.145934659692,1.27982843296867,17.4548273806061,24.0239711186086,59314.1294364402,43712.3147523927,4.31750079983712,79.2415326333547,76.1635815200437,26.4511277794215,15.9269046564168,4.97934387291404,33637.2706685484,128.790333333333,330.138,12.3161156794272,0,0.181781164562853,2.18137397475423,1,303,0,58.4666666666667,1712.96642241367,10
"Florida","FL","FL-519","Pasco County CoC",2011,2012,92.6460223534347,1,1,13.0529382696596,609.742988705517,1,494.434725938122,6.07450701538355,25.6959314775161,1347538.73914935,10.24088176,11.90620537,1.729704673,2.081654508,12.2174487205872,0.209887709001544,0.577379291096847,15.7,21.2,58486.8672547736,48866.2148937434,11,86.6,77.3282205500619,38.8411417586839,11.7861543727537,-10.09,22972.4574725176,84.972,115.75,10.3778797228789,0,4.73777183233862,3.68731563421829,1,303,0,61.0833333333333,1434.29454928616,14.9
"Florida","FL","FL-519","Pasco County CoC",2012,2013,69.6739973690424,1,2,13.059717464154,613.890606749273,1,493.489652646619,5.76887396930459,7.77860882572924,1526543.04380438,10.02883236,11.61199486,1.44856164,6.909510833,12.3350587794403,0.680223983,0.487781612584337,13.4,18.7,59873.6800987997,48151.3685413371,9.4,86.9,76.5399689418029,37.86427529,12.2206010833479,-3.67,23387.3983054645,87.018,111.5,10.7560868101134,0,4.76964123354846,3.66240309004614,1,303,0,60.5083333333333,1405.16284012173,13.1
"Florida","FL","FL-519","Pasco County CoC",2013,2014,69.425050527618,1,3,13.069707049245,620.05386520383,1,490.850676291024,8.47807040148431,18.2370820668693,2107154.05587866,10.16537269,12.09547993,1.406796054,10.37723957,12.2820184167032,1.00396689357951,0.463839904039065,13.5,19.2,62821.8359201774,47747.3042094066,8,87.2,75.7571560280311,36.5514740051457,12.4071016422548,4.78,23290.6244581926,87.447,116.83,10.7665354384253,0,3.37302256552096,3.499510911728,1,303,0,60.0916666666667,1384.86116935842,10.3
"Florida","FL","FL-519","Pasco County CoC",2014,2015,20.5902262096,1,4,13.0885997472515,631.879739909743,1,485.205803073651,11.8739021436977,29.5152603231598,2890559.1181992,10.09239353,11.62515101,1.580786655,18.41814835,12.170070686948,1.90723344689177,0.735281485680916,14.7,20.2,61503.4770385561,48602.694630482,6.9,87.5,74.10289148,35.2815570883967,12.517527593819,8.84,23834.6145699655,91.119,127.16,10.7857885604668,0,3.5581372737635,3.47538989530388,1,303,0,59.8666666666667,1362.84491016239,10.1
"Florida","FL","FL-519","Pasco County CoC",2015,2016,20.6888301888272,1,5,13.1121029184664,646.906848964586,1,479.069297527758,11.1308411609143,21.2959454338765,2717983.39208714,10.10943541,12.09043498,1.950333949,23.25885674,11.9378858141626,2.37815965692938,1.08336033562426,14.6,19.5,62598.7140217703,50574.816065896,5.9,88,72.351900691642,33.2249656835776,12.874269005848,7.94,23982.8106635595,93.792,137.25,10.9357562472928,0,3.63713514988028,3.03094595823356,1,303,0,59.3333333333333,1361.19599500464,8
"Florida","FL","FL-519","Pasco County CoC",2016,2017,49.3772148813366,1,6,13.142044428683,666.569146668393,1,469.707042242473,16.3033721469099,26.5300896286812,3799444.36978694,10.1628929,11.9801121,2.316805197,29.30639152,11.7053675257924,3.03943260691661,1.02577513085804,13.3,18.1,62145.2949174916,51586.5241128554,5,88.3,71.279544381811,32.0925635719317,12.7003716844062,10.96,24331.4956548134,97.998,152.29,10.7988953090232,0,4.45153028707468,3.45140674240151,1,303,0,59.35,1576.23627181394,8.1
"Florida","FL","FL-519","Pasco County CoC",2017,2018,49.4908085848374,1,7,13.1714239811921,686.443204259715,1,463.151801135314,16.1006496176301,3.24310520939734,4288198.55299167,9.844668711,11.67641472,2.345716941,28.74759197,11.1493865457087,2.98154477906094,1.54433222974186,13,18.1,67311.9885900507,51927.1792869644,4.3,88.7,70.4339072027128,31.2971867223417,13.0431218232497,11.15,24127.6830076501,100,169.28,10.6392004913343,0,4.18935105047978,3.63711841200744,1,303,0,59.35,1543.34081201455,8.5
"Florida","FL","FL-519","Pasco County CoC",2018,2019,16.1387280732633,1,8,13.1976396668096,704.676776302688,1,458.090485818694,15.5090867860961,2.14099216710183,3991819.81855357,9.672712033,12.27177182,1.789085264,26.9584329,10.7644363649854,2.65623899105192,1.53441328838089,12.6,17.4,68967.4299079919,52748.7748007898,3.8,89,70.4213592039999,30.6814540718767,13.0859399436972,11.69,24361.5109089856,103.506,189.07,10.5782199884906,0,5.60203305570498,3.89545344933128,1,303,0,59.2833333333333,1506.59496805775,8.2
"Florida","FL","FL-519","Pasco County CoC",2019,2020,15.8609604888991,1,9,13.2248260985081,724.09724944359,1,452.494552727969,18.1562128477846,9.62425840474621,4238395.3403824,9.489157275,11.83125548,0.949647633,28.47662065,10.459484391106,2.75594056651023,1.5006964916259,11.3,16.3,70203.736603246,54804.1260339664,3.4,89.5,70.8697333565365,30.3729803191222,13.21179138322,8.16,25148.1835929327,109.729,204.51,10.6542938678529,0,4.87411250534798,4.96437384803961,1,303,0,59.5,1479.76303720179,8.4
"Florida","FL","FL-519","Pasco County CoC",2021,2022,9.64947345657573,1,11,13.2799925716079,765.165596023712,1,449.357238645973,33.8544240756088,1.12296462661426,8465285.51662516,8.852531621,13.19629885,0.692988055,39.14774627,13.8853535828073,3.39032446085099,2.00964879622736,11.6,16.8,70761.3378898204,61207.2799942273,4.3,90.4,72.7427838876277,30.1210672024374,13.5755056021422,21.6,26703.5025372038,124.075,263.37,11.8816787658165,0,4.97125724975016,6.79917658213252,1,303,0,58.025,1545.80640743273,6.5
"Florida","FL","FL-519","Pasco County CoC",2022,2023,10.7094878187451,1,12,13.3218648441303,797.885112964543,1,445.15199968545,28.5515550992017,4.38257282804847,7230733.01780399,9.152330608,13.58298188,3.912153014,39.94443706,13.4715823825844,4.27613540269747,3.30028360921235,10.9,14,72542.7143383019,58590.4573421997,3,90.7,74.0869980538783,30.6339530211501,13.7524221676786,28.75,27322.8433761776,132.439,339.1,11.0024895482235,0,5.81589656550829,7.06098991474387,1,303,0,58.7583333333333,1588.75949076347,7.2
"Florida","FL","FL-519","Pasco County CoC",2023,2024,11.1400661393804,1,13,13.3613046844665,829.982421840821,1,439.878037832841,27.4506714977748,6.05191078648754,6700015.79078322,9.23758599,12.01111016,4.782602761,36.56490922,12.6686941197037,4.0227983145368,2.79038271155128,10.5,12.3,76146.8872266973,59768.9402064544,3.2,91.2,75.5477411326094,31.5588370361453,14.242975615794,9.51,28020.4543989535,141.485,371.34,11.6230591756563,0,5.40199164974935,6.52018817200067,1,303,0,59.0083333333333,1652.58768642968,8.5
"Florida","FL","FL-519","Pasco County CoC",2024,2025,9.4586340427803,1,14,13.3942071840844,857.745188822016,1,437.025861412091,23.5901691936451,18.4774575018477,6490003.67801784,8.988948535,11.48906278,4.363582289,30.74799731,12.2967433212941,3.34498252621069,2.674891962,10.7,12.6,74473.4988275499,60693.8180682174,3.7,91.5,75.6940728604632,32.2545045338617,14.5689465312615,1.22,28469.3300400234,148.965,375.87,12.3161156794272,0,6.4463036620491,6.49202212773739,1,303,0,58.4666666666667,1712.96642241367,10
"Florida","FL","FL-520","Citrus, Hernando, Lake, Sumter Counties CoC",2011,2012,24.9270868767531,1,1,13.4745570956325,248.867484018288,4,512.440742464748,10.206041845046,7.58268351707448,3414092.14553803,8.52034135333611,13.2188700784915,1.07769719521046,10.737689902467,23.5314467487284,0.723870999473076,0.791299073357487,15.3072312826347,26.7239384270086,59914.745422413,47196.6447969564,11.8557311230208,86.2387272515051,80.4048630213561,34.6249425472543,10.7378080401864,-7.30653909274622,24845.1665422398,86.7815,119.5725,10.3778797228789,0,6.11736050660183,1.05471732872445,1,303,0,61.0833333333333,1434.29454928616,14.9
"Florida","FL","FL-520","Citrus, Hernando, Lake, Sumter Counties CoC",2012,2013,9.74786172610021,1,2,13.4832396832491,251.03770874114,4,512.646174779588,12.1968796656124,1.2263099219621,4494772.2345387,8.30247531691188,13.0542531388096,0.882830735129331,12.393804145504,22.9432365061927,0.889082336206527,0.866782464121836,16.6304995733955,29.2582019595925,57155.8387688652,47982.6827510798,10.1766279283751,86.3196394216024,79.2724380403183,34.397449118783,11.0628864626857,-4.33708799205902,25651.2756339151,91.01425,114.82,10.7560868101134,0,6.03659318659625,1.36624972814419,1,303,0,60.5083333333333,1405.16284012173,13.1
"Florida","FL","FL-520","Citrus, Hernando, Lake, Sumter Counties CoC",2013,2014,6.8895594187423,1,3,13.4971493225679,254.55395576428,4,511.201791736728,16.2418609154503,2.9806259314456,6109523.1012432,8.293887098817,13.798757090814,1.06734306667202,18.2090669381009,22.9012881201201,1.42727753512492,1.06368605199928,14.9296196134127,26.624621256388,59914.9805563118,47672.9679280812,8.85788085060749,86.5532840944869,78.0230541333158,33.6777035891391,11.2875890359143,4.50398130720338,25905.1199997802,93.74825,119.6875,10.7665354384253,0,4.66082528229615,0.742432345852484,1,303,0,60.0916666666667,1384.86116935842,10.3
"Florida","FL","FL-520","Citrus, Hernando, Lake, Sumter Counties CoC",2014,2015,9.61314647094949,1,4,13.5167041724785,259.580715592424,4,508.905193730096,15.018969098385,10.813194566943,4878978.49419724,8.33281764002478,13.4024641023123,1.15633232103934,22.9841786434215,21.9832223723274,1.99832708468587,1.46006381559048,14.8948858166757,26.6284734300298,59952.1977972004,48622.9182818172,7.79258219608414,87.0827588438484,77.2586862715804,32.831134480729,11.4858094939172,7.56781756015219,25548.8282618184,93.315,128.74,10.7857885604668,0,4.26047118654123,0.781985217782883,1,303,0,59.8666666666667,1362.84491016239,10.1
"Florida","FL","FL-520","Citrus, Hernando, Lake, Sumter Counties CoC",2015,2016,7.60689606678727,1,5,13.5416235610679,266.130587498273,4,503.383012215666,13.4672306096698,3.93792434529583,4759875.97610356,8.28622432333282,14.2420867748663,1.53210870609467,29.0262041723124,21.6670589952618,2.53585911102381,1.39001706072424,13.6023146510402,25.1727749379617,64013.8063890152,50463.6754671952,6.63522304209401,87.5055473509929,77.2327598995291,30.8832377239088,11.7109039366288,8.51838446536571,26023.7708310069,96.53325,137.875,10.9357562472928,0,4.30027208755196,0.841643466676837,1,303,0,59.3333333333333,1361.19599500464,8
"Florida","FL","FL-520","Citrus, Hernando, Lake, Sumter Counties CoC",2016,2017,7.91231904464043,1,6,13.5698478429076,273.748947725178,4,495.600145745572,16.3574968205938,12.726699258792,5503875.36815637,8.21544772946471,14.1196267136637,1.70878204709235,32.3096771311161,20.2931531543049,2.86770334385716,1.27955920702987,13.3133247249692,23.3429973727443,64891.8086504225,51587.6466057955,5.77015079552791,87.8337167038488,76.8911214262198,29.7485126817689,11.7812464984085,7.34969624833,25815.7103246133,98.6815,146.815,10.7988953090232,0,5.01160211458926,0.93328304684953,1,303,0,59.35,1576.23627181394,8.1
"Florida","FL","FL-520","Citrus, Hernando, Lake, Sumter Counties CoC",2017,2018,8.63175197856509,1,7,13.5955456992495,280.874886377329,4,490.601161802563,16.7754552612196,5.04163512490537,5794670.47332045,8.05558372186237,14.448270441286,1.78704912348791,30.1890484682525,19.9303217510274,2.60557795317929,1.61575111723617,12.706722979119,22.4931481809142,64857.0066951024,52412.8513726337,4.98630533327685,88.6637020183267,76.5644764339874,28.8306662239214,11.5713558721722,9.08338168777864,25637.1492188277,100,159.4525,10.6392004913343,0,4.95921729097148,1.24603449521897,1,303,0,59.35,1543.34081201455,8.5
"Florida","FL","FL-520","Citrus, Hernando, Lake, Sumter Counties CoC",2018,2019,8.02974683168963,1,8,13.6215665210545,288.279408948104,4,485.729686549642,18.7604505907317,6.80788702371436,5677449.71068487,7.96791803730066,14.8636384767208,1.87229890776335,30.9689453641976,19.6187217965699,2.64084382256245,1.62619519491331,12.421150948825,21.4596851049468,63373.7157760465,52957.4825183325,4.3059409762985,89.0046623600983,77.101105199531,28.4166152953934,11.7027008266418,10.7663698444706,25983.7613174108,104.6285,176.095,10.5782199884906,0,4.95324164170824,1.01978504388111,1,303,0,59.2833333333333,1506.59496805775,8.2
"Florida","FL","FL-520","Citrus, Hernando, Lake, Sumter Counties CoC",2019,2020,8.1113481568317,1,9,13.6448598313134,295.073216772648,4,483.244871696032,20.6488951503445,11.0305479614882,6138462.4489684,7.83450439428904,14.3977435074126,0.228432857013985,29.5076983355885,19.3354405982577,2.36105160290521,1.82728667284573,11.6941563131957,20.2249060922887,69983.3037091617,54701.4401699165,3.97279315395883,89.3450950344852,77.6755298543519,28.0393414333462,11.4875822077326,5.95382468583764,26682.4568707554,111.174,186.45,10.6542938678529,0,4.34104481595037,0.972583811223854,1,303,0,59.5,1479.76303720179,8.4
"Florida","FL","FL-520","Citrus, Hernando, Lake, Sumter Counties CoC",2021,2022,8.05144277531611,1,11,13.6991789684501,311.544665951215,4,488.755632294179,29.8887560908339,5.39064903106736,8999348.86251728,7.3325059556348,16.8123347923377,0.531546146051311,38.0768002828043,19.0096598549281,2.71177917316368,2.1179265835052,11.3526155975371,19.442661082771,72067.5134703305,61283.9103347065,5.04007362564158,90.2682296481943,78.6849550639074,27.4438152404898,11.6922076430837,15.822005012475,28491.0968028918,125.44075,228.65,11.8816787658165,0,3.86439131904931,1.53901631020278,1,303,0,58.025,1545.80640743273,6.5
"Florida","FL","FL-520","Citrus, Hernando, Lake, Sumter Counties CoC",2022,2023,6.7730455745609,1,12,13.7378743689671,323.836306411025,4,483.906841024533,29.6029783879274,9.73217653715579,8619359.0082319,7.50385989398859,17.4554279272275,2.77119812183007,43.123123921537,19.1040743542635,3.96683309253962,2.82368929034673,11.454452069599,18.8062752620772,71521.5563223985,57508.8039728491,3.57334097049606,90.5049474764941,80.102207558478,27.5617746044145,11.8257400256563,24.5046996001297,29237.8401968643,135.2565,285.1725,11.0024895482235,0,3.68529125688966,1.45898627472171,1,303,0,58.7583333333333,1588.75949076347,7.2
"Florida","FL","FL-520","Citrus, Hernando, Lake, Sumter Counties CoC",2023,2024,7.9788205963204,1,13,13.7728232832233,335.354141539077,4,480.912326108056,30.1357377689528,6.52408727586952,8154853.88865516,7.61552760371672,14.9622915136179,3.50208012850977,37.6365468792362,18.9426117448159,3.56189292577493,2.8423461843745,11.7226645516119,16.9337716158253,71649.5396868462,58831.7266354295,3.69249924338089,91.0865811252231,81.1752023946284,28.3557675753052,12.1201242044555,6.62444921259432,30314.8124980452,144.838,304.03,11.6230591756563,0,3.69438849521504,1.56541885390468,1,303,0,59.0083333333333,1652.58768642968,8.5
"Florida","FL","FL-520","Citrus, Hernando, Lake, Sumter Counties CoC",2024,2025,7.61511784568614,1,14,13.8005075739303,344.767898125961,4,481.525883456433,29.3008400881197,9.92877185409022,7449400.18002084,7.41433067284306,14.3294800188372,3.65279543429019,30.4823283921806,18.0031021979316,2.81817882333509,2.91285282439008,10.0536338147695,14.8838870458874,75187.8196927432,59797.5013990173,4.21193787889247,91.3827098145584,81.9022456081833,29.4709596518304,12.650156565344,3.12640787609074,31055.4951728134,152.33425,312.12,12.3161156794272,0,3.68487516089606,1.6343385699842,1,303,0,58.4666666666667,1712.96642241367,10
"Florida","FL","FL-600","Miami-Dade County CoC",2011,2012,15.4314638854843,1,1,14.7494573010766,1285.38918622706,1,389.261911134115,2.64313889402103,60.4660045836516,450363.855106199,12.39987386,7.294066736,14.40244616,-4.627533627,16.1884449432921,1.49818187039983,0.124335487470928,20.9,28.9,57938.6289190685,56497.1772113527,9.7,77.6,60.46199597,56.3365022412548,18.575668280362,-5.73,51462.0174355994,82.042,141.89,10.3778797228789,0,13.3855708576551,11.2044223473795,1,303,0,61.0833333333333,1434.29454928616,14.9
"Florida","FL","FL-600","Miami-Dade County CoC",2012,2013,14.5687690348133,1,2,14.7619637933109,1301.56584821724,1,384.655629185338,5.11459146834886,62.9710001972776,1134569.76587022,12.15875152,7.096152476,13.74044758,-6.26468805,15.9107862672391,1.25850304044242,0.060273259,20.8,29.7,57932.8164553581,56008.781109403,7.8,78.2,59.5706127,55.5100295229424,19.5153033438623,0.72,50976.1732375218,82.261,142.9,10.7560868101134,0,13.5296989700196,14.8570532579562,1,303,0,60.5083333333333,1405.16284012173,13.1
"Florida","FL","FL-600","Miami-Dade County CoC",2013,2014,15.7766727695615,1,3,14.7747431478595,1318.30576093719,1,380.889009124448,10.3782382950554,77.181077937185,1985011.39748782,11.86060206,7.247245889,14.77716252,-6.571227049,16.3019237519217,1.2861364442585,0.29432360057553,21,27.8,57826.9374510543,54456.0029280351,7.4,78.8,58.5019196352232,54.4611067395072,19.7362455985915,11.02,52327.2151767622,85.498,158.66,10.7665354384253,0,13.1854640317708,15.3121517788306,1,303,0,60.0916666666667,1384.86116935842,10.3
"Florida","FL","FL-600","Miami-Dade County CoC",2014,2015,15.6099673702055,1,4,14.7841166617268,1330.72101939932,1,380.354474049537,7.71590768456898,71.737162074764,2460468.56712458,12.02068436,7.064888545,15.04359014,-10.7308197,15.7929960835435,0.941758644,0.800098188838461,20.4,27.7,58150.7697495838,57043.6282756595,6.4,79.5,57.8975836321947,53.408330420017,20.2259202115936,12.94,53866.5445527578,88.81,179.19,10.7857885604668,0,13.8520401675,14.952914831401,1,303,0,59.8666666666667,1362.84491016239,10.1
"Florida","FL","FL-600","Miami-Dade County CoC",2015,2016,15.7305532660306,1,5,14.7937765285728,1343.63789936338,1,378.695853395638,12.5259364420662,76.6743282872315,3143869.70231345,12.11988875,7.269213246,16.67476372,-11.95668845,15.5054497659445,0.970667763998279,0.530362610733404,20,27.3,59347.8736863949,60162.9611085534,6,80.1,56.7975672335613,52.5207217803089,20.8663190592412,9.79,55221.751152282,91.897,196.73,10.9357562472928,0,13.361710990778,15.7453139080974,1,303,0,59.3333333333333,1361.19599500464,8
"Florida","FL","FL-600","Miami-Dade County CoC",2016,2017,13.7139529612519,1,6,14.8058744613866,1359.99187167297,1,377.840832058979,9.15920521259737,67.3929376408715,2753909.83759178,12.16430633,7.475637382,19.95010512,-12.57648468,15.5440895649787,1.21714133825392,0.988612785052667,18.2,24.8,61555.0447391102,59077.3354675865,5.4,80.6,55.6791497480554,51.5054146018797,21.0785151116951,8.96,56491.678062711,95.053,214.35,10.7988953090232,0,13.1378906498111,16.1094237343033,1,303,0,59.35,1576.23627181394,8.1
"Florida","FL","FL-600","Miami-Dade County CoC",2017,2018,12.950972685824,1,7,14.8136746900022,1370.64160430505,1,377.382850003409,10.307133837459,77.0797801781315,2897270.62951133,12.03032166,7.492727788,20.41991243,-17.23057296,15.6429728429824,0.783073256,0.660913777,16.7,22,65356.2145738042,63672.3312367806,4.7,81,55.455647076594,50.560958003495,21.0931331373373,7.84,59027.9409435942,100,231.17,10.6392004913343,0,11.0898372642857,17.0272675842472,1,303,0,59.35,1543.34081201455,8.5
"Florida","FL","FL-600","Miami-Dade County CoC",2018,2019,12.7790823499967,1,8,14.8142491029258,1371.4291450115,1,380.050271579982,11.3425232680191,74.8611467145176,2809586.80084544,11.53284481,7.693967133,15.37540698,-18.69956038,15.5816850556236,0.057457814,0.764685028873457,16,22.6,66729.9761043657,67867.2950291889,3.7,81.5,54.8711598777802,49.9330777758357,21.0864209893851,7.4,61601.9772201914,104.349,248.28,10.5782199884906,0,9.88266772356819,17.035906903281,1,303,0,59.2833333333333,1506.59496805775,8.2
"Florida","FL","FL-600","Miami-Dade County CoC",2019,2020,13.2071040864487,1,9,14.8150171730457,1372.48290377588,1,383.02870140673,9.6169183964884,72.9516386890488,2932120.22740983,11.33658603,7.985943502,13.99758533,-16.63317865,15.5410130514476,0.076836544,0.861132352698868,15.7,20.8,69254.1695138416,69686.1343834248,2.9,81.4,54.1814837985121,49.4547978728411,20.8428354237932,4.95,62143.2713668843,105.306,260.56,10.6542938678529,0,9.78674538267316,17.4019301125531,1,303,0,59.5,1479.76303720179,8.4
"Florida","FL","FL-600","Miami-Dade County CoC",2021,2022,11.9825660248166,1,11,14.7976422124828,1348.84203301178,1,406.215626815213,12.34772779866,78.9516911819607,3695716.94996442,10.04536255,9.832527592,5.630621396,-15.02965152,15.6036703679693,-0.941488448,0.737710246956014,15.2,18.1,69989.0287700423,77710.9317999465,5.5,82.5,54.9423481132642,48.4439420209139,20.0075067476383,12.98,65380.7646282199,109.416,306.62,11.8816787658165,0,11.3214995013372,16.1377245621111,1,303,0,58.025,1545.80640743273,6.5
"Florida","FL","FL-600","Miami-Dade County CoC",2022,2023,13.0910528005796,1,12,14.8212664205772,1381.08674810704,1,400.897302532725,10.3143857625894,75.6921716054843,3221623.18508007,10.85728592,9.466123303,36.63024811,-14.47490088,15.4039617084593,2.3905479148854,1.05001323003762,14.5,17.3,73663.8680232659,77964.7411876664,2.7,82.7,54.882662699269,48.3204159600359,20.3806039131105,22.37,69117.9635256678,117.555,375.22,11.0024895482235,0,10.3219784255289,16.3059460740637,1,303,0,58.7583333333333,1588.75949076347,7.2
"Florida","FL","FL-600","Miami-Dade County CoC",2023,2024,13.5128215340324,1,13,14.8428101435585,1411.16332676094,1,395.810505131356,11.5591828170545,85.9087708317033,3501715.10146736,10.80925984,7.853845955,36.73679322,-18.41018778,15.016586653856,2.17774724832589,0.881261849454673,14.1,17.1,76109.9047656839,79909.5884743803,2,83.1,55.032736293453,48.554797549586,20.1755322988091,14.87,70810.0769577363,123.133,431.02,11.6230591756563,0,10.2559109307248,17.5299112836857,1,303,0,59.0083333333333,1652.58768642968,8.5
"Florida","FL","FL-600","Miami-Dade County CoC",2024,2025,12.9013654034273,1,14,14.8494580953059,1420.57592841797,1,397.034077913507,9.50097490678601,76.0558069381599,3821905.39933016,10.52579939,7.670468482,27.92216075,-24.3489833,14.741777092496,0.667010081578345,0.978202968071828,14.2,17.7,77775.2441726097,80636.6883821299,2.4,83.9,55.1165646357995,49.2030131579366,20.2943704936217,9.97,71538.4523514679,127.279,473.99,12.3161156794272,0,10.4546566605409,17.6911281925819,1,303,0,58.4666666666667,1712.96642241367,10
"Florida","FL","FL-601","Ft Lauderdale/Broward County CoC",2011,2012,17.544410840164,1,1,14.3960381617403,1458.9790539481,1,453.38783869993,3.01655774227192,40.2618657937807,493808.14562745,11.93632491,8.171122354,7.745672546,7.771097833,9.5227702604394,1.94984832864846,-0.01579617,14.9,20.5,69392.9452697549,59872.4931267387,9.6,87.3,68.7386512002189,52.2730367399485,15.1081905075808,-5.32,50353.753602366,85.858,135.52,10.3778797228789,0,15.4674366808806,8.74100437609822,1,303,0,61.0833333333333,1434.29454928616,14.9
"Florida","FL","FL-601","Ft Lauderdale/Broward County CoC",2012,2013,15.3000108896875,1,2,14.4111849219058,1481.2460830913,1,447.162551198758,4.38327256411584,70.3880764904387,741699.442676521,11.75208602,7.903959561,6.838213467,4.476800029,9.27654522274457,1.5262062250277,0.132190398607746,15.2,21.4,69506.4780516901,59009.8274944933,8.3,87.6,67.8336239314574,51.0940688972726,15.2906153718045,0.37,49779.8562612805,86.111,136.02,10.7560868101134,0,12.1978577408994,9.01197352298715,1,303,0,60.5083333333333,1405.16284012173,13.1
"Florida","FL","FL-601","Ft Lauderdale/Broward County CoC",2013,2014,14.8635120125228,1,3,14.4234271386458,1499.49128164897,1,442.871066100403,5.49560658833481,66.7114093959731,944229.881764351,11.5868812,7.891854315,7.178596345,1.538818462,8.80485680060982,1.23174661968315,0.260210584444565,15.2,19.5,69578.9080329452,56842.8844045641,7.1,87.8,66.4752892430207,50.0566057688121,15.725059788179,9.95,49934.986870638,87.379,149.56,10.7665354384253,0,12.0167701186976,6.76794076010018,1,303,0,60.0916666666667,1384.86116935842,10.3
"Florida","FL","FL-601","Ft Lauderdale/Broward County CoC",2014,2015,13.8723846708823,1,4,14.4365890701916,1519.35794905416,1,438.664368894528,3.01595565491685,50.9748172217709,673627.781546658,11.94904819,7.587220993,7.683501405,1.332239631,8.66876991272657,1.32489382554721,0.362439557548355,14.5,20.1,70026.018163384,58813.1504594132,6.2,87.9,64.83015306,48.2996083045626,15.9490887310687,14.83,50867.8304172187,90.126,171.73,10.7857885604668,0,10.8870120525564,10.0003600344558,1,303,0,59.8666666666667,1362.84491016239,10.1
"Florida","FL","FL-601","Ft Lauderdale/Broward County CoC",2015,2016,12.0360789570962,1,5,14.4494601292908,1539.04009885635,1,433.552603658278,6.6710389788367,71.6434336023478,1342336.31715695,11.82977026,7.890072886,9.021955044,0.056060201,8.59610406145228,1.29542546668795,0.115027715676974,14,20.3,72847.0798763761,62432.9795792647,5.2,88.2,63.752910563196,46.9534475139313,15.8116087904714,7.64,52566.3391592378,94.276,184.85,10.9357562472928,0,10.3764376352756,9.27831770148114,1,303,0,59.3333333333333,1361.19599500464,8
"Florida","FL","FL-601","Ft Lauderdale/Broward County CoC",2016,2017,12.6646665108999,1,6,14.4639657652869,1561.52756938366,1,429.295878923947,4.99961026180663,60.8038976857491,1383400.33909757,11.81423222,7.79592919,10.4991991,0.043711553,8.51989168574645,1.46113610321266,0.464966033007697,13.5,18.3,72513.575891832,62260.6619978116,4.6,88.3,62.5800367165984,45.7984732871241,15.97180436,8.37,53102.9227006092,96.602,200.33,10.7988953090232,0,8.93555992079821,9.35907095273774,1,303,0,59.35,1576.23627181394,8.1
"Florida","FL","FL-601","Ft Lauderdale/Broward County CoC",2017,2018,11.9109586471864,1,7,14.4753682408846,1579.43475781903,1,425.706481621243,6.11266538439121,63.7266587206992,1580673.0482234,11.7205198,8.019549276,10.68857339,-2.951314744,8.42432939298512,1.1467737609296,0.301072754377252,13.1,18,74477.0304024246,63446.4124115326,4,88.6,62.107247054453,44.9365899841952,16.3640586209658,7.87,54379.318457672,100,216.1,10.6392004913343,0,8.62748098232323,9.12889839112212,1,303,0,59.35,1543.34081201455,8.5
"Florida","FL","FL-601","Ft Lauderdale/Broward County CoC",2018,2019,14.353910173097,1,8,14.4813420386465,1588.89822479366,1,424.887223569927,4.02962475631171,50.2400960384154,1115572.04551405,11.40229288,8.081176656,7.974492755,-5.314095185,8.36387721743974,0.599167957256497,0.405568184025951,12.6,17.3,73342.325253535,64783.5836264835,3.4,88.8,61.9982017801425,44.46411818,16.4459614942088,7.61,55688.1026647019,102.974,232.54,10.5782199884906,0,8.42194185622887,11.3405891865144,1,303,0,59.2833333333333,1506.59496805775,8.2
"Florida","FL","FL-601","Ft Lauderdale/Broward County CoC",2019,2020,11.3767516003863,1,9,14.4847640442136,1594.34475988017,1,424.278130949857,6.19175615343486,67.2514619883041,1657508.52446927,11.19756033,8.223889651,6.696786389,-6.234090003,8.34298624830882,0.342786907400261,0.198941558347321,12.3,16.4,77362.0115849098,67511.1975619375,3.1,89,62.2158450966156,43.885241553596,16.6554963752034,4.7,57616.0431954366,106.867,243.46,10.6542938678529,0,8.22930205071954,9.39174857561894,1,303,0,59.5,1479.76303720179,8.4
"Florida","FL","FL-601","Ft Lauderdale/Broward County CoC",2021,2022,10.4457338026285,1,11,14.4762270012223,1580.79169700563,1,446.474446047832,4.70701737744287,58.8842467436717,1081492.96624745,10.00460097,9.492694507,3.461168183,-8.078121154,8.09739600387981,-0.373513523,0.368404736665506,12.8,16.5,77867.7699596553,75308.4563534984,5,90,63.2014732358335,44.19108171,17.1428874584424,13.82,62007.1892976796,114.633,289.27,11.8816787658165,0,6.25459022879095,4.94272737320639,1,303,0,58.025,1545.80640743273,6.5
"Florida","FL","FL-601","Ft Lauderdale/Broward County CoC",2022,2023,12.4347450877257,1,12,14.4916916245178,1605.42806280317,1,441.063227202847,2.68192960568947,51.4187446259673,714427.019313088,10.83758207,9.610685988,18.62381106,-3.74013685,8.07484719173007,1.55848274280568,0.327605633151107,13.3,18.9,77935.0344658862,73542.8406382354,2.9,90,63.3914754589531,44.759893612016,17.2077607642979,22.65,64946.4337208587,121.964,354.77,11.0024895482235,0,6.66207949437359,5.23812357191206,1,303,0,58.7583333333333,1588.75949076347,7.2
"Florida","FL","FL-601","Ft Lauderdale/Broward County CoC",2023,2024,12.2610790444801,1,13,14.5086787383037,1632.93261594277,1,434.192099061969,3.50874364637576,69.4125369215622,721181.906508363,10.48811591,8.281577675,22.40624608,-7.534803653,7.94283717183798,1.71322239699585,0.128677276008138,12.7,15.9,78579.2765196392,75647.0956821441,2.8,90.3,63.8837110248643,45.4648943879515,17.3291274325173,10.56,66587.2449677599,127.369,392.24,11.6230591756563,0,5.7948812049353,5.84488017995631,1,303,0,59.0083333333333,1652.58768642968,8.5
"Florida","FL","FL-601","Ft Lauderdale/Broward County CoC",2024,2025,10.8726047611976,1,14,14.5154794178712,1644.07551968443,1,432.13276727439,1.9019031672721,54.5015105740181,482078.990514491,9.974263341,8.018476579,18.04356546,-13.27144576,7.89992893639485,0.682386011086766,0.204859039937721,11.7,14.9,83479.658418131,76468.7095676171,3.2,90.4,64.3902745363934,46.6683139999208,17.6948152747594,5.86,67068.1815504704,130.511,415.24,12.3161156794272,0,5.65628555352887,6.46077919678759,1,303,0,58.4666666666667,1712.96642241367,10
"Florida","FL","FL-602","Charlotte County CoC",2011,2012,46.45332546822,1,1,11.9821162639589,224.616969882403,1,631.836065778856,3.08877250992466,0,747549.429135578,6.229983987,14.2238791,1.163430745,6.849229384,16.0131107344138,-0.003752932,0.323782092665237,13.2,24.2,59183.9744858139,48419.6082077382,11.5,88.4,79.0119220112357,39.2358570424253,11.0845048175644,-6.78,27184.6350172245,83.463,112.51,10.3778797228789,0,12.0098330508104,3.1901119041215,1,303,0,61.0833333333333,1434.29454928616,14.9
"Florida","FL","FL-602","Charlotte County CoC",2012,2013,34.7966551487511,1,2,11.9999398376327,228.656363313349,1,621.989136312245,3.25018523092122,0,960513.613584354,6.180780068,13.60763515,1.308068801,23.11748132,19.7672418030772,1.79834739693123,0.211858114462782,13.8,24.4,62340.428038694,48852.5476032741,9.9,88.4,78.20922999,38.703934995765,11.3169547325103,0.85,27945.1366933234,87.003,113.46,10.7560868101134,0,13.76394828688,4.97714201445215,1,303,0,60.5083333333333,1405.16284012173,13.1
"Florida","FL","FL-602","Charlotte County CoC",2013,2014,30.4092453627389,1,3,12.0117108956414,231.36381066689,1,616.107268432207,5.45069242521315,0,1630804.49173824,6.230624742,14.36708764,1.411053251,18.16654704,19.4934141409234,1.18406822985793,0.227216596690538,14.4,25.3,60274.6311945012,48712.0078982411,8.4,88.8,76.6339136204227,37.5413979431759,11.4797673242286,8.24,27670.7608093979,86.832,122.81,10.7665354384253,0,14.5137880986938,5.52617036393779,1,303,0,60.0916666666667,1384.86116935842,10.3
"Florida","FL","FL-602","Charlotte County CoC",2014,2015,32.6020118109779,1,4,12.0319692271406,236.098682271165,1,606.41748144798,5.98608480613917,0,1880212.31677675,6.227608262,14.60121667,1.436677968,26.44329029,19.1679411572176,2.04650484906268,0.441575082548917,11.9,21.8,58814.5105840741,50343.6541963581,7.1,89.1,76.1849082086939,35.9794054337076,11.58857094,8.2,27803.8858677571,88.713,132.88,10.7857885604668,0,13.806154450402,3.68957575829708,1,303,0,59.8666666666667,1362.84491016239,10.1
"Florida","FL","FL-602","Charlotte County CoC",2015,2016,21.8381165187341,1,5,12.057474024461,242.19781510029,1,594.087549744173,11.0243140318328,15.2347209920283,3266104.06310182,5.863293608,14.76398481,1.586261798,32.35974068,18.5170145374807,2.5832981236722,0.497531966674192,12.4,23.3,61804.0037851658,52688.6094473602,6.1,89.3,75.4780915767164,34.1320039765442,11.8096811498431,11.59,28699.7698728681,93.633,148.29,10.9357562472928,0,11.6021394345117,1.33424603496885,1,303,0,59.3333333333333,1361.19599500464,8
"Florida","FL","FL-602","Charlotte County CoC",2016,2017,12.2299225438239,1,6,12.087694432791,249.62889400682,1,582.115257976822,6.42978003384095,0,675293.637318192,5.884823155,14.59778948,2.079685076,36.66873302,18.140270499969,3.06818577345662,0.991114149,12.6,23.4,60279.2994671995,53740.9372639475,5.6,89.4,75.7203604211338,33.9249879879031,12.3056326530612,11.35,29041.5261746666,97.414,165.12,10.7988953090232,0,8.04858418087364,6.58520523889661,1,303,0,59.35,1576.23627181394,8.1
"Florida","FL","FL-602","Charlotte County CoC",2017,2018,8.8721064219985,1,7,12.1091376464216,255.039573694672,1,572.883727592248,12.4722331740247,0,3988189.32871127,5.946663771,14.74416261,2.054605741,28.04620357,17.446921034365,2.16748934828981,0.547256466038193,10.8,18.3,67753.3183882098,54118.066499254,5,90,75.57707505,32.4557528232598,12.6391321499014,8.98,29261.6086656953,100,179.95,10.6392004913343,0,4.95807670695563,3.58083317724573,1,303,0,59.35,1543.34081201455,8.5
"Florida","FL","FL-602","Charlotte County CoC",2018,2019,8.25790058758139,1,8,12.1272999643648,259.714030023283,1,568.994151983511,19.6619064823442,1.88588007736944,6451101.46636082,5.677305245,15.17041469,1.135461049,26.43222307,17.1653619981715,1.83283568933794,1.14144493273456,11.1,20,67603.1600815975,54887.49855119,4.3,90.3,77.4168417164885,31.1256303204468,12.3864734299517,6.42,29865.5348482402,103.52,191.51,10.5782199884906,0,4.86883889012113,5.03113351979183,1,303,0,59.2833333333333,1506.59496805775,8.2
"Florida","FL","FL-602","Charlotte County CoC",2019,2020,8.98826207432069,1,9,12.1490312836629,265.419761057395,1,567.063681117993,21.7411597774542,4.89480463718334,7500507.59964116,5.602540675,15.20230951,0.856166674,30.36181069,15.2612355089725,2.19692830364244,1.85019680921865,11.4,19.9,68958.2169064012,57647.7898109891,3.9,90.6,77.2298816251331,29.8846585144444,12.6259251427363,5.28,31206.1206905954,110.447,201.61,10.6542938678529,0,4.76417341591234,5.664072838918,1,303,0,59.5,1479.76303720179,8.4
"Florida","FL","FL-602","Charlotte County CoC",2021,2022,7.28647669312117,1,11,12.1810060880311,274.043690406663,1,581.231286657643,42.6046150589232,21.055900621118,13060500.793588,5.476791509,17.00990156,0.595189926,51.49959146,18.5287724047414,3.73624503385224,2.51939737027727,10.9,19.2,70751.8325468078,62009.29331092,4.8,91.8,82.3354168850442,28.6994792958096,12.6886679124399,19.91,32303.6075124883,121.566,250.55,11.8816787658165,0,3.12743529797793,4.050285058037,1,303,0,58.025,1545.80640743273,6.5
"Florida","FL","FL-602","Charlotte County CoC",2022,2023,20.6465713152881,1,12,12.2215374466752,285.379282128706,1,581.007896965281,48.0968037148765,10.5003523608175,14580845.1144467,5.555499744,17.17382787,3.470931576,45.32805578,18.5115894365781,4.136417702,4.09639404417472,9.1,14.4,71560.1920216455,57925.906973487,3.8,91.9,82.7540574416465,30.0029125506662,12.7182775712515,30.29,32061.2122316149,125.685,326.45,11.0024895482235,0,5.66178932235767,4.08633490222336,1,303,0,58.7583333333333,1588.75949076347,7.2
"Florida","FL","FL-602","Charlotte County CoC",2023,2024,16.2208686440678,1,13,12.2395799528351,290.57499583571,1,596.018644772598,35.9307183709893,5.1930458342741,10973195.5641029,4.917912814,15.83685019,4.303173713,24.2090113,18.4852089316971,1.8206345142677,4.4512422465512,9.1,13.5,75424.1442743202,60708.2947161961,3.7,92.2,83.7507274033143,31.1240278153643,12.5978456014363,5.85,34729.9804428133,138.81,345.57,11.6230591756563,0,9.62217258019283,1.88575241521367,1,303,0,59.0083333333333,1652.58768642968,8.5
"Florida","FL","FL-602","Charlotte County CoC",2024,2025,14.8702649945675,1,14,12.2617769471056,297.097035594476,1,603.132566585956,35.9506335466064,15.3326063249727,10511597.6064389,4.901140412,14.95206446,4.150429149,27.88151194,18.6705508474576,2.24452890036457,3.46489271082626,9.3,13.1,74734.1899427644,61575.4466822697,4.1,92.5,84.5246695631824,33.0084087014741,12.8118020520379,-4.52,35672.4526451759,146.045,329.94,12.3161156794272,0,6.5261803874092,3.215799031477,1,303,0,58.4666666666667,1712.96642241367,10
"Florida","FL","FL-603","Ft Myers, Cape Coral/Lee County CoC",2011,2012,12.1236205694842,1,1,13.3551467163086,770.753213931228,1,589.763458853694,4.26415743258493,16.5721487082546,1204378.92897212,10.01037154,9.693951748,3.958443534,12.6488012,13.447364959837,1.70908487240691,0.247540087218145,15.3,25.9,65151.6131843908,60075.7564261386,11,87,71.26726209,43.578861129411,13.7841117216117,-2.7,39412.0348621486,79.112,109.91,10.3778797228789,0,8.24019535601606,4.99165680220203,1,303,0,61.0833333333333,1434.29454928616,14.9
"Florida","FL","FL-603","Ft Myers, Cape Coral/Lee County CoC",2012,2013,12.8517172500962,1,2,13.3757614112485,786.806984761748,1,579.620830273969,5.47149093441174,5.92266275085658,1718771.97441285,10.03411096,9.486767301,3.425210743,16.18349343,13.1621227667934,2.08286784152836,0.327268037359074,15.3,25.7,65063.8075152573,59152.8680231285,9.1,87.1,69.2500255689705,41.7739033002852,13.8615481434865,6.49,39613.6267191554,80.866,117.04,10.7560868101134,0,8.07206491182045,4.68800692955726,1,303,0,60.5083333333333,1405.16284012173,13.1
"Florida","FL","FL-603","Ft Myers, Cape Coral/Lee County CoC",2013,2014,12.861176081461,1,3,13.3997450827474,805.905646849152,1,568.405083702871,8.46813650337419,13.7594458438287,2860605.79561032,9.758970454,9.47830228,3.352681033,19.93971002,12.8426240539287,2.42736305819493,0.445378826428122,16.3,27.2,64412.6295388715,58020.4310276114,7.6,86.9,67.2543810686017,40.40365283,13.9001365790954,9.97,39829.8284967304,82.982,128.71,10.7665354384253,0,7.97170197352667,4.88001527656956,1,303,0,60.0916666666667,1384.86116935842,10.3
"Florida","FL","FL-603","Ft Myers, Cape Coral/Lee County CoC",2014,2015,8.77589173922738,1,4,13.4257706581188,827.155152700444,1,557.890058355187,10.8384658343501,18.3150183150183,3363065.70414641,9.516358953,9.492425954,3.533109061,21.86578673,12.5126987502067,2.63672378204216,0.738029025231102,16,26.1,66846.0467063385,60948.5461769331,6.3,86.9,65.1699234545147,38.3275480430627,14.1361601692846,11.25,40897.322131675,87.157,143.19,10.7857885604668,0,7.17627046566022,4.76941432182767,1,303,0,59.8666666666667,1362.84491016239,10.1
"Florida","FL","FL-603","Ft Myers, Cape Coral/Lee County CoC",2015,2016,6.07487175655124,1,5,13.458328342528,854.528639603488,1,545.265878075135,18.0318329086848,41.3141444977468,4917626.93611549,9.634854555,9.630496864,4.831226632,27.33434238,12.110444740468,3.30935336782667,0.971624129,15.9,25.2,68892.5473998706,63439.6125456304,5.2,87,64.930016979487,36.67587485,14.4239387272875,10.88,42136.6331356035,92.484,158.77,10.9357562472928,0,4.8453213348503,5.73148629874622,1,303,0,59.3333333333333,1361.19599500464,8
"Florida","FL","FL-603","Ft Myers, Cape Coral/Lee County CoC",2016,2017,5.82432432432432,1,6,13.490680289877,882.626402685968,1,536.739136150469,13.9658755162759,17.7773675466125,4357898.91513333,9.511401659,9.739202823,5.416605439,27.03521708,11.7179986411107,3.28810080555253,1.67290532960063,12.8,22,71083.5606869353,65346.0606575325,4.7,87,64.8173083948817,35.1794978710438,14.6961547724171,10.6,43976.8851837817,99.422,175.59,10.7988953090232,0,4.20674490658674,5.96416794322001,1,303,0,59.35,1576.23627181394,8.1
"Florida","FL","FL-603","Ft Myers, Cape Coral/Lee County CoC",2017,2018,9.64915768685302,1,7,13.5144068165308,903.818503848502,1,530.9,17.7006918389476,24.4463618061547,4508162.25068377,8.963189391,9.867028932,5.369709342,19.17890075,11.4581081081081,2.40102733138772,1.28701588660236,11.8,20.4,71188.072620906,66762.9533054362,4.2,87.3,65.8707233817947,34.1834837244808,14.9250370139484,6.95,43306.1348512765,100,187.79,10.6392004913343,0,3.86486486486486,5.22972972972973,1,303,0,59.35,1543.34081201455,8.5
"Florida","FL","FL-603","Ft Myers, Cape Coral/Lee County CoC",2018,2019,4.82755130246556,1,8,13.533772120401,921.49181972781,1,529.29871300383,24.3426653979065,33.1961732332065,6001161.99016528,9.215307099,10.23239008,4.008109899,16.32953489,11.2383527509377,1.9554054054054,1.64789012029547,12.1,18.4,72243.4725832154,68071.166178058,3.6,88,67.2194349312651,33.5194850647473,15.1426750637277,5.47,44380.7408154449,104.096,198.05,10.5782199884906,0,3.79074051983512,6.17652126658449,1,303,0,59.2833333333333,1506.59496805775,8.2
"Florida","FL","FL-603","Ft Myers, Cape Coral/Lee County CoC",2019,2020,5.79956242040296,1,9,13.5548961615842,941.164528702793,1,530.201394539417,22.2855338615286,32.3558484349259,5320211.53842159,8.865300545,10.42590819,2.862862587,19.72791658,10.9982519592461,2.13487613821624,2.3090599489157,11.2,18.6,78539.5251506832,69760.4373784843,3.3,88.4,69.2280404569279,32.3328087090129,14.9364282726893,3.77,44564.8992683171,106.595,205.51,10.6542938678529,0,3.20539024652955,5.65809776310479,1,303,0,59.5,1479.76303720179,8.4
"Florida","FL","FL-603","Ft Myers, Cape Coral/Lee County CoC",2021,2022,6.76280313359314,1,11,13.5812681414838,966.315110636913,1,541.75150947522,31.2493438197738,12.9535612961027,7405977.35895034,8.720765906,11.38144743,1.540394567,36.29113072,17.624553034813,3.34310812134671,2.4257645782453,12.2,18.1,78925.239369813,73426.3984369931,4.4,89.8,70.8802994701371,33.1768183243133,15.456387019391,19.12,45559.8909246751,115.199,255.63,11.8816787658165,0,3.36211353073743,4.96733314879627,1,303,0,58.025,1545.80640743273,6.5
"Florida","FL","FL-603","Ft Myers, Cape Coral/Lee County CoC",2022,2023,10.1876200325011,1,12,13.6268408945101,1011.37168443012,1,533.128678028981,30.8542977651531,30.1519712209089,6739968.73878123,9.250087079,11.89702747,10.70263113,35.08338542,16.7753747015611,4.66272060710164,2.99684800182913,11.1,16,78785.5269079639,69067.0278900181,3.4,90.1,71.7766614852356,33.6377433190366,15.5473172532611,29.41,47055.7377683842,124.33,330.82,11.0024895482235,0,3.06741427845117,3.8282296309804,1,303,0,58.7583333333333,1588.75949076347,7.2
"Florida","FL","FL-603","Ft Myers, Cape Coral/Lee County CoC",2023,2024,10.9206921003125,1,13,13.6484235636687,1033.43706968759,1,533.631555621214,30.0230998031091,33.8079079374447,6661965.71472148,9.074271406,10.63921289,13.39757159,9.270187745,16.45383365342,2.18172859663381,2.27811227240398,12.1,17.3,75878.500223914,71192.294092638,3.3,90.4,72.6915344410261,34.4784421470229,15.1524576027594,5.81,48031.7817740747,129.62,350.04,11.6230591756563,0,4.3256020091594,3.66376126458857,1,303,0,59.0083333333333,1652.58768642968,8.5
"Florida","FL","FL-603","Ft Myers, Cape Coral/Lee County CoC",2024,2025,10.1415361000997,1,14,13.6666253246441,1052.41970102112,1,539.145632825674,33.173039667301,30.406852248394,8606654.9276608,9.106495405,9.996533536,13.42435144,5.567422731,16.1802645337468,1.83684443787857,2.88913644830007,11.4,15.6,85678.0850669088,72181.6749682031,3.5,90.3,73.3887206718076,35.8513234465928,15.5594397695827,-2.43,48706.8048536574,134.047,341.52,12.3161156794272,0,3.89941822072796,3.94583986621282,1,303,0,58.4666666666667,1712.96642241367,10
"Florida","FL","FL-604","Monroe County CoC",2011,2012,123.658798283262,1,1,11.211387846228,70.5126484718358,1,715.805697135209,2.54976768783289,26.6666666666667,1780585.46673488,9.769884569,9.199181993,3.95415356,5.584732347,27.2959563048386,1.02021305654192,0.3335228349441,13.8,22,73220.5935978899,88515.4411618845,7.1,89.3,63.2615660105483,52.8139315058533,15.6887170474517,-5.24,59466.1464921508,90.697,148,10.3778797228789,0,56.5116876444901,23.5240039477064,1,303,0,61.0833333333333,1434.29454928616,14.9
"Florida","FL","FL-604","Monroe County CoC",2012,2013,86.0010816086951,1,2,11.2193728612867,71.0779546292276,1,710.689377682403,4.17067693294835,26.2443438914027,2036741.86455037,9.627879106,8.523702761,4.739878945,2.221818255,27.2934549356223,0.801708870171836,0.081214823,14,20.8,73135.7808762759,95266.3944291313,5.9,89.3,60.3090556941212,52.7740044326875,15.9158878504673,1.99,59725.8961439052,92.916,150.94,10.7560868101134,0,58.6105150214592,26.1534334763948,1,303,0,60.5083333333333,1405.16284012173,13.1
"Florida","FL","FL-604","Monroe County CoC",2013,2014,88.9052071176617,1,3,11.2360382511461,72.2724379601077,1,700.618627412185,3.36998267941863,0,1648774.84537899,9.363383054,8.751571093,5.439806348,10.16139866,26.7236489784074,1.68052575107296,0.239672384834599,16.8,23.6,69630.0456210353,85525.5429351982,5.1,89.9,59.4492977994029,51.57810916,17.2858493539237,6.21,55932.482863671,89.484,160.32,10.7665354384253,0,56.9823117407305,26.3806998799678,1,303,0,60.0916666666667,1384.86116935842,10.3
"Florida","FL","FL-604","Monroe County CoC",2014,2015,80.2369272518526,1,4,11.2419300591364,72.6995157990816,1,697.64361862551,3.53363532131647,0,1660511.04138561,10.15295185,8.758893697,4.432052816,0.105211936,26.6322235480783,0.590927677311281,0.163792454251066,14,20.5,78086.1169035261,90525.8170515753,4.3,90.4,58.1184984170059,50.4958407497548,17.3875372782923,6.67,56631.1028485159,92.173,171.01,10.7857885604668,0,57.5654659655656,25.0455671968634,1,303,0,59.8666666666667,1362.84491016239,10.1
"Florida","FL","FL-604","Monroe County CoC",2015,2016,74.799666978874,1,5,11.2469918379004,73.0684424144452,1,695.386702849389,4.9155722326454,22.5190839694656,2086495.90489439,9.73127808,9.665879706,5.153391887,-0.130796748,26.2237762237762,0.507467775140635,0.182320545833892,11.3,18.8,79242.7991822462,91196.0562282001,3.5,90.9,58.6451867045192,47.2525107604017,18.9433946830266,9.99,57022.187024213,94.312,188.09,10.9357562472928,0,54.7959503183384,26.2237762237762,1,303,0,59.3333333333333,1361.19599500464,8
"Florida","FL","FL-604","Monroe County CoC",2016,2017,82.5019939071428,1,6,11.2499099885102,73.2819813339322,1,695.610885628057,4.11422587100032,0,1642566.5265747,9.653465347,10.109432,5.810317874,-2.384054195,26.5376209803309,0.292245068364472,0.324577861163222,11.5,18,85709.6918116905,97082.7395669574,3.4,91,57.7091686714782,46.8444132608314,18.0076347771892,12.25,58613.2478891325,98.259,211.12,10.7988953090232,0,51.9044645644708,24.8464980747216,1,303,0,59.35,1576.23627181394,8.1
"Florida","FL","FL-604","Monroe County CoC",2017,2018,130.155035648836,1,7,11.2448368476129,72.9111481210731,1,700.887778983565,4.60769316867515,21.8623481781377,1823585.79348287,9.507352222,9.859476378,5.607903231,-10.30289198,26.110377469503,-0.506036008,0.248723654928651,11.8,18,82761.1584887019,103742.712642847,3.6,91.2,56.4679188539667,45.3477992171943,17.81818846,4.24,59307.0613881897,100,220.09,10.6392004913343,0,52.4299517539845,26.4110978910346,1,303,0,59.35,1543.34081201455,8.5
"Florida","FL","FL-604","Monroe County CoC",2018,2019,67.4947459179824,1,8,11.2220115089377,71.2657544825263,1,714.662172104285,10.3507655448658,39.7830018083183,3807482.40404677,9.574186723,9.640306797,3.504363925,-26.32901349,26.686464143826,-2.256710642,-0.335783308,12,19.2,86028.495988823,113776.769779238,2.9,91.3,57.5690950537518,44.9330401758945,17.2947106488866,5.29,60437.3898786218,100.309,231.72,10.5782199884906,0,114.771860829086,24.880613186725,1,303,0,59.2833333333333,1506.59496805775,8.2
"Florida","FL","FL-604","Monroe County CoC",2019,2020,50.8141120807232,1,9,11.2149101883787,70.761459444988,1,726.033302796788,12.4693832108662,46.4285714285714,3771296.55651732,9.1955566,9.880189281,3.66479847,-10.06812766,26.8766503206337,-0.707626042,0.872234492569168,9.9,14.8,85042.9262775853,119151.779128286,2.3,91.4,58.455354967927,43.5467790177854,17.3295398622047,5.98,63859.8624551153,106.543,245.57,10.6542938678529,0,51.5977798135474,23.5760090531875,1,303,0,59.5,1479.76303720179,8.4
"Florida","FL","FL-604","Monroe County CoC",2021,2022,63.6064622230821,1,11,11.3176645546423,78.4193082853392,1,661.528549373336,9.4637803667904,54.368932038835,4128859.44095122,7.885556471,9.823634866,1.683705606,-7.170890063,11.9862389224541,-0.712121761,0.574786996137289,11,17.4,81953.8792872196,127368.031865924,3.3,92.1,59.6015797709829,43.7030191,17.9365726582852,14.52,68036.2623732276,113.62,292.01,11.8816787658165,0,44.6140941636985,22.6109578050352,1,303,0,58.025,1545.80640743273,6.5
"Florida","FL","FL-604","Monroe County CoC",2022,2023,59.6166636435093,1,12,11.3229386046585,78.8339932405928,1,663.490374383283,6.59765254793322,0,3927317.78947944,9.287268803,10.60882533,16.11329013,-9.081154483,11.9110960626874,0.528804658343573,0.826932265059366,13.2,14.4,87424.681701229,135247.002522582,2.1,92.2,61.0621780995745,42.9875293692391,18.1578727187157,24.42,71704.7632984561,119.409,363.31,11.0024895482235,0,46.3142110863887,22.2501692947664,1,303,0,58.7583333333333,1588.75949076347,7.2
"Florida","FL","FL-604","Monroe County CoC",2023,2024,54.8680119490337,1,13,11.3229265122483,78.8330399418451,1,667.065723441562,11.8195167050378,39.7239263803681,5857234.11758214,8.452696942,8.609900176,17.90907607,-18.18720487,11.887054840075,-0.001209248,0.537654005977983,10,14.3,90489.7422494572,146688.290005499,2,93.3,61.9319456562383,43.5093195665876,19.42810701343,8.25,76172.2997072787,125.772,393.26,11.6230591756563,0,47.2821815103694,21.7667331761292,1,303,0,59.0083333333333,1652.58768642968,8.5
"Florida","FL","FL-604","Monroe County CoC",2024,2025,47.0114170584285,1,14,11.3146696291638,78.1847967934026,1,679.668353349997,5.99178372172291,21.5568862275449,4098653.74070342,8.341934309,8.71835347,9.131200291,-17.41242183,11.9490337133451,-0.822298809,1.0514294001414,10.9,15,97248.0494047574,151652.437732681,2.2,93.1,63.8292837839521,43.7217160441682,19.2516092776132,2.24,79131.1736787462,130.018,402.08,12.3161156794272,0,44.0163384746693,20.3621288788636,1,303,0,58.4666666666667,1712.96642241367,10
"Florida","FL","FL-605","West Palm Beach/Palm Beach County CoC",2011,2012,15.616973790644,1,1,14.1057600816905,603.23600462924,1,497.757263831952,3.71215331944657,21.6194331983806,1542057.88979121,10.26846175,9.809128699,5.398478939,4.067089689,16.110595768874,0.992808353461228,0.097633185,15.8,24.1,70101.5039542825,83064.5493019227,10.2,87.1,71.1716857339039,47.327319082173,17.6593311247831,-7.99,49996.8069951,80.702,128.97,10.3778797228789,0,6.58308148059487,7.15910111014692,1,303,0,61.0833333333333,1434.29454928616,14.9
"Florida","FL","FL-605","West Palm Beach/Palm Beach County CoC",2012,2013,11.3261390434316,1,2,14.1192655167501,611.438238104314,1,492.229153258899,6.95116045095578,50.4098360655738,2109191.07312986,10.4246542,9.706148094,5.124650035,7.603384632,15.298877585362,1.35970555671923,0.234000919772393,14.5,22.7,71824.5760304538,87791.8256288829,8.8,87.2,70.4459010714715,46.4759630115569,17.4743712193569,-1.15,50028.5733305719,81.772,127.48,10.7560868101134,0,6.22169608011006,7.80848689532199,1,303,0,60.5083333333333,1405.16284012173,13.1
"Florida","FL","FL-605","West Palm Beach/Palm Beach County CoC",2013,2014,11.4109545163357,1,3,14.135027723436,621.15221685566,1,487.175090921507,7.65757301909696,47.1275559883155,2510639.19018738,10.26726973,9.945822615,5.838768279,9.519667218,15.2252659354199,1.58870972503498,0.545627111,15,22.7,71548.396222901,83800.6859098895,7.5,87.5,69.4948229217252,45.4493369156704,17.4945883107512,11.06,51138.6066530727,84.837,141.58,10.7665354384253,0,6.79277742502154,7.89705781924964,1,303,0,60.0916666666667,1384.86116935842,10.3
"Florida","FL","FL-605","West Palm Beach/Palm Beach County CoC",2014,2015,9.97713894131392,1,4,14.1510230484622,631.167642127767,1,482.357348769104,7.50905652099156,48.7761547572049,2551096.58153951,10.33109223,9.721388424,6.013437987,9.288974379,14.8621247826485,1.61239467562491,0.60753558870108,14.9,21.9,71032.5104124062,88495.1509329401,6.1,87.7,68.483554183412,43.7567447963168,17.6506668796422,14.12,51793.2527615782,87.229,161.57,10.7857885604668,0,6.17735883591105,6.98527729477441,1,303,0,59.8666666666667,1362.84491016239,10.1
"Florida","FL","FL-605","West Palm Beach/Palm Beach County CoC",2015,2016,9.18057192481856,1,5,14.169160832198,642.720083641957,1,476.462096701717,7.92951412016434,46.0695038097008,2721680.28211235,10.31842296,10.24757414,7.043790242,10.97873402,14.7698166621731,1.83032854397365,0.585783485411739,13.5,20.8,76941.5356936854,93980.9382539082,5.2,87.8,67.27558863,42.51645244,18.2334324042092,10.94,54017.763607218,92.562,179.25,10.9357562472928,0,5.40633144603217,9.47161184506156,1,303,0,59.3333333333333,1361.19599500464,8
"Florida","FL","FL-605","West Palm Beach/Palm Beach County CoC",2016,2017,10.9294151572693,1,6,14.1876884084382,654.739135489181,1,470.613209822936,7.79135569589109,55.6203007518797,2500004.31037527,10.37790777,10.09340047,8.314708192,9.938973534,14.7819614167856,1.87002898355353,0.619507105764194,12.6,19,77278.5046045836,94281.7341750021,4.8,87.9,66.6291348715811,41.0782713833945,18.2635265142769,10.09,54834.5315063707,95.637,197.34,10.7988953090232,0,4.65231685379319,7.24382964938762,1,303,0,59.35,1576.23627181394,8.1
"Florida","FL","FL-605","West Palm Beach/Palm Beach County CoC",2017,2018,8.82744073004081,1,7,14.2010076250962,663.518088505472,1,467.196792043223,6.01944856901622,35.1632406287787,2517931.44113013,10.37095967,10.04438535,8.357427033,4.684321763,14.7176443063664,1.34083217886951,0.605148152921475,11.8,16.8,78886.3879393887,100849.112805512,4.2,88.1,66.48901614,40.2010649514374,18.5759131146322,8.01,56640.9655203583,100,213.15,10.6392004913343,0,4.36632515928245,6.56308999798687,1,303,0,59.35,1543.34081201455,8.5
"Florida","FL","FL-605","West Palm Beach/Palm Beach County CoC",2018,2019,9.33343132211362,1,8,14.2094946776938,669.173369640465,1,465.222985603651,6.54907895423472,32.4922532093847,2439555.08629928,10.16449841,10.4008506,6.117390509,2.658792775,14.7476929965823,0.852317552899184,0.426238099397325,12.2,18.5,79157.1407259962,105055.187674788,3.7,88.2,66.63309471,39.7837266286588,18.9383186987189,7.54,58156.0349251773,103.437,229.23,10.5782199884906,0,3.7427269711021,6.9392181139893,1,303,0,59.2833333333333,1506.59496805775,8.2
"Florida","FL","FL-605","West Palm Beach/Palm Beach County CoC",2019,2020,10.1057219132876,1,9,14.2188206790884,675.443276765393,1,463.090521589823,8.00704042473382,39.8738738738739,2957437.48581643,10.03273543,10.37707164,5.200617792,4.505233172,14.6014417712808,0.936963037,0.474293632984857,11.4,16,83900.6751501453,109226.662110254,3.4,88.5,66.7760490073518,38.9357337349666,19.1755492411116,4,59065.826270159,106.022,238.41,10.6542938678529,0,3.62113083506484,6.74118268003768,1,303,0,59.5,1479.76303720179,8.4
"Florida","FL","FL-605","West Palm Beach/Palm Beach County CoC",2021,2022,9.15773613457437,1,11,14.2235769464737,678.663519837474,1,474.502395761437,11.0018539616343,45.5865494841421,4202268.46816572,9.315872105,11.65868219,2.516252745,5.855691037,19.5903201396896,0.649376289567072,0.916526899025061,11.6,15.9,83200.2673897537,121070.742120041,4.5,89.1,68.3042921599102,38.9015727160276,19.1427198154319,14.78,64922.4713818194,118.025,287.89,11.8816787658165,0,4.59470206249593,7.99252080914632,1,303,0,58.025,1545.80640743273,6.5
"Florida","FL","FL-605","West Palm Beach/Palm Beach County CoC",2022,2023,11.8883736192183,1,12,14.2428226075624,691.851353853516,1,469.914488660453,8.45316750874466,42.2660098522167,3239280.88329867,10.02161318,11.6034186,15.00410268,6.11517282,19.6950030330109,1.94320655679279,0.957529844858596,11.1,15.7,84403.3980712868,123336.80758663,3,89,68.7998840743774,39.2129512584236,19.4799809908518,25.06,66952.1240684225,123.97,360.03,11.0024895482235,0,4.65713931630064,8.06193864838598,1,303,0,58.7583333333333,1588.75949076347,7.2
"Florida","FL","FL-605","West Palm Beach/Palm Beach County CoC",2023,2024,13.5057186490724,1,13,14.2604200721533,704.133945772783,1,465.000115358881,7.56930489744502,38.8201019664967,2509661.33751865,9.999747857,10.55704938,18.63080972,-0.310976836,19.3982368035848,1.77532237970688,0.710954417,10.8,14.6,89591.596767702,129123.734307595,3,89.1,69.28912064,39.572005786402,19.4037676784616,10.87,69601.4224250569,131.058,399.17,11.6230591756563,0,5.58208809829602,8.42760717480972,1,303,0,59.0083333333333,1652.58768642968,8.5
"Florida","FL","FL-605","West Palm Beach/Palm Beach County CoC",2024,2025,9.64634714411008,1,14,14.2692253667575,710.361433776526,1,463.798194324803,5.60070238204488,25.3118121790169,2585157.67782239,9.530080753,10.22046288,14.40103927,-4.773973232,19.3825485278386,0.884418091348849,0.623654491277104,11.7,14.1,87092.3856840964,130193.658847225,3.3,89.2,69.7116233265513,41.1054003774968,19.8663553480098,6.07,69874.9973926317,133.65,423.39,12.3161156794272,0,4.2372127652546,6.68933289627151,1,303,0,58.4666666666667,1712.96642241367,10
"Florida","FL","FL-606","Naples/Collier County CoC",2011,2012,13.6952078812159,1,1,12.6996402018599,160.758454323248,1,606.103244828754,6.64729550753612,24.2424242424242,3067053.37469706,10.09827594,8.778702265,5.70584888,8.526476062,13.8723983530151,1.5648782786339,0.54837109,16.2,30.7,73058.8418173815,93419.526117827,10.3,85.3,72.4662808834836,44.128009395185,18.3732070365359,-5.95,45584.9557712324,78.255,121.07,10.3778797228789,0,10.3775917272281,1.83133971656966,1,303,0,61.0833333333333,1434.29454928616,14.9
"Florida","FL","FL-606","Naples/Collier County CoC",2012,2013,11.6818639062855,1,2,12.7135948189073,163.017509302216,1,601.141367654628,8.0713402330274,13.2754342431762,3797257.44574906,9.677781112,9.007944085,5.01316942,8.274457387,13.6831681380236,1.40524800918111,0.57509177800048,14.2,24.4,76393.4587980352,101219.404664976,8.7,85.1,71.1406581093051,42.9685031974932,18.3524584558572,2.39,45800.7950919648,79.368,123.96,10.7560868101134,0,10.8056695150692,1.80596147884166,1,303,0,60.5083333333333,1405.16284012173,13.1
"Florida","FL","FL-606","Naples/Collier County CoC",2013,2014,10.3971360354367,1,3,12.733719987506,166.33150959065,1,593.361987332848,13.3139771902437,28.9021657953697,4856945.1654063,9.356097852,8.718452966,5.565984327,13.76597837,13.4075938015322,2.03291063801609,0.712501063994919,13.4,24.1,76822.4782810565,96363.9474163446,7.4,85.8,69.49730357,41.09340174,18.1423721768048,9.07,46784.3292832634,82.359,135.21,10.7665354384253,0,11.8293621879305,0.47199450126406,1,303,0,60.0916666666667,1384.86116935842,10.3
"Florida","FL","FL-606","Naples/Collier County CoC",2014,2015,10.925707994304,1,4,12.7576908233831,170.366798067416,1,586.384071933205,17.7309318808049,26.6204986149584,7424576.963438,9.449167733,8.679710521,5.18800696,17.61590678,13.0900230695456,2.42605173649726,1.22152509172624,14.3,26.1,79435.3605670801,104786.72412049,6.2,85.7,67.9910035900882,39.5606378789867,18.2300238826339,13.59,48291.8525737366,86.715,153.59,10.7857885604668,0,12.2979974712783,0.777625132844294,1,303,0,59.8666666666667,1362.84491016239,10.1
"Florida","FL","FL-606","Naples/Collier County CoC",2015,2016,14.9133248505247,1,5,12.7828039804035,174.69943391978,1,581.261708623445,19.6179808942127,17.807881773399,8373925.29669278,9.242774994,8.924254748,6.959098588,17.68356151,12.7653837619825,2.54312219370929,1.64735583180664,13.6,22.9,84748.7147189266,112964.324315979,5.3,86,66.8125135432776,37.6618209883911,18.1453346521596,14.86,50285.1625251094,92.23,176.41,10.9357562472928,0,11.4593544001955,0.589819711774768,1,303,0,59.3333333333333,1361.19599500464,8
"Florida","FL","FL-606","Naples/Collier County CoC",2016,2017,16.6631784006569,1,6,12.8088738044389,179.31371563616,1,576.642175977233,18.1700841356991,18.3598850874902,6958612.4577652,9.125610199,8.812367808,8.452000455,17.26436826,12.4314192286117,2.64126884263329,1.82553526646148,11.4,18.3,83704.1826828719,114642.682373804,5,85.7,67.10157188,36.16031338,17.8363359553413,9.73,52238.3769434964,98.02,193.58,10.7988953090232,0,11.0276512197458,1.34083104160681,1,303,0,59.35,1576.23627181394,8.1
"Florida","FL","FL-606","Naples/Collier County CoC",2017,2018,17.2659511741111,1,7,12.8284727382936,182.862747926098,1,575.027235307692,19.5706952869809,27.1816881258941,6976067.0182943,8.822377842,9.266748225,8.142274391,11.93026095,12.1981979081137,1.97923080080449,1.69362836981744,11.7,21.8,87621.04019462,120824.540098378,4.4,86.5,67.7282733266008,34.9975313813791,17.4289344708659,4.31,52437.6860463509,100,201.91,10.6392004913343,0,11.8064388023978,0.804984463799849,1,303,0,59.35,1543.34081201455,8.5
"Florida","FL","FL-606","Naples/Collier County CoC",2018,2019,12.9383583353685,1,8,12.8431837233998,185.572730690833,1,576.886364657946,20.1027596606456,23.8714090287278,7871189.97819118,8.533998154,9.620724511,5.662696653,10.16408769,12.0200634054378,1.48197639785552,1.8100793280448,10.6,18.5,90586.7471474998,131012.216213819,3.7,86.4,68.264125558045,34.3890179575973,17.2709910529938,5.98,53621.6951044054,103.329,213.99,10.5782199884906,0,11.3696156276689,0,1,303,0,59.2833333333333,1506.59496805775,8.2
"Florida","FL","FL-606","Naples/Collier County CoC",2019,2020,15.980833600564,1,9,12.8607466334737,188.860725350707,1,577.508041007841,17.9545086465962,14.4575294412428,6357456.58757551,8.281975041,10.13493591,4.995393807,14.3755168,11.8082005289658,1.77180917025603,1.88148263581738,9.4,14,96234.9723300214,134397.746216256,3.4,87.1,69.7885221,33.347185601284,17.8628118546632,3.56,55234.9496728805,108.09,221.6,10.6542938678529,0,11.0677523109779,0.779419176829427,1,303,0,59.5,1479.76303720179,8.4
"Florida","FL","FL-606","Naples/Collier County CoC",2021,2022,11.5072505641542,1,11,12.867244005211,190.091821993242,1,602.716494885277,28.976569492803,32.5598581140999,10128496.1444646,8.089044876,11.11753306,2.327594549,28.93016955,12.8855401627729,2.67248301870791,1.82500850362386,10.4,17.3,90061.9368770128,146174.353016458,4.1,89.5,70.6762088513609,34.69461293616,18.6378030137585,17.94,59383.5963399395,121.231,271.56,11.8816787658165,0,11.3316348787205,1.65199232856062,1,303,0,58.025,1545.80640743273,6.5
"Florida","FL","FL-606","Naples/Collier County CoC",2022,2023,17.0865385783903,1,12,12.9029304332644,196.998033728466,1,597.577499589027,22.9952609005539,32.6083016131956,9378940.52385759,8.683009316,11.43875563,14.76491861,22.48962792,12.2793820955152,3.63309250382668,2.74947644315393,10.3,16.6,90023.4697325194,143262.316158463,3.1,89.5,72.1206539993985,35.700032059041,19.41065767,27.7,60567.244263564,127.86,346.77,11.0024895482235,0,7.99529746989932,2.34130206283656,1,303,0,58.7583333333333,1588.75949076347,7.2
"Florida","FL","FL-606","Naples/Collier County CoC",2023,2024,15.8378967273146,1,13,12.9274087584494,201.87973181399,1,595.795204588817,14.7594551484716,16.2797125483693,9329050.55293872,8.519893077,10.91126936,16.77899821,9.890259939,11.9873126982391,2.47804406629373,2.17239985161659,10.5,15.7,96579.1686157579,151848.92827949,3,90,73.5229525,36.1004538809696,19.7885069923183,10.65,64115.5524124224,138.579,383.72,11.6230591756563,0,11.228991213679,2.28468652399528,1,303,0,59.0083333333333,1652.58768642968,8.5
"Florida","FL","FL-606","Naples/Collier County CoC",2024,2025,18.1238028341217,1,14,12.9401770114717,204.473915930802,1,596.318408915296,14.1811435860909,27.8376844494892,7511027.74549424,8.394543547,10.20820931,15.51155155,-0.693105293,12.0559989633377,1.28501464386841,1.37395922996275,10.4,13.6,99577.8479541157,154095.1340091,3.3,90,74.27967739,37.4419109663409,20.048579682234,3.21,66838.1843823051,146.637,396.02,12.3161156794272,0,6.31116187770264,1.41581198016903,1,303,0,58.4666666666667,1712.96642241367,10
