"state","state_abbr","coc_number","coc_name","year","homeless_rate_per_10k","total_homeless","sheltered_homeless","unsheltered_homeless","estimated_population","count_type","sheltered_only_count","pit_count_caution_flag","interpretation_note"
"California","CA","CA-500","San Jose/Santa Clara City & County CoC",2010,39.6743633961165,7086,2103,4983,1786040,"No 2010 PIT Count",FALSE,0,"Full sheltered + unsheltered enumeration."
"California","CA","CA-500","San Jose/Santa Clara City & County CoC",2011,38.999941502847,7067,1898,5169,1812054,"Sheltered and Unsheltered Count",FALSE,0,"Full sheltered + unsheltered enumeration."
"California","CA","CA-500","San Jose/Santa Clara City & County CoC",2012,38.3763010425752,7053,1884,5169,1837853,"Sheltered-Only Count",TRUE,0,"Sheltered-only count: unsheltered people were not enumerated this year."
"California","CA","CA-500","San Jose/Santa Clara City & County CoC",2013,40.8856503743788,7631,1957,5674,1866425,"Sheltered and Unsheltered Count",FALSE,0,"Full sheltered + unsheltered enumeration."
"California","CA","CA-500","San Jose/Santa Clara City & County CoC",2014,39.9999365667717,7567,1893,5674,1891753,"Sheltered-Only Count",TRUE,0,"Sheltered-only count: unsheltered people were not enumerated this year."
"California","CA","CA-500","San Jose/Santa Clara City & County CoC",2015,34.2120300477225,6556,1929,4627,1916285,"Sheltered and Unsheltered Count",FALSE,0,"Full sheltered + unsheltered enumeration."
"California","CA","CA-500","San Jose/Santa Clara City & County CoC",2016,33.8317167677539,6524,1897,4627,1928368,"Sheltered-Only Count",TRUE,0,"Sheltered-only count: unsheltered people were not enumerated this year."
"California","CA","CA-500","San Jose/Santa Clara City & County CoC",2017,38.2611215465897,7394,1946,5448,1932510,"Sheltered and Unsheltered Count",FALSE,0,"Full sheltered + unsheltered enumeration."
"California","CA","CA-500","San Jose/Santa Clara City & County CoC",2018,37.5400357184073,7254,1806,5448,1932337,"Sheltered-Only Count",TRUE,0,"Sheltered-only count: unsheltered people were not enumerated this year."
"California","CA","CA-500","San Jose/Santa Clara City & County CoC",2019,50.3461884003544,9706,1784,7922,1927852,"Sheltered and Unsheltered Count",FALSE,0,"Full sheltered + unsheltered enumeration."
"California","CA","CA-500","San Jose/Santa Clara City & County CoC",2020,49.7320784591495,9605,1683,7922,1931349,"Sheltered-Only Count",TRUE,0,"Sheltered-only count: unsheltered people were not enumerated this year."
"California","CA","CA-500","San Jose/Santa Clara City & County CoC",2021,12.2229257679036,2301,2301,0,1882528,"Sheltered-Only Count",TRUE,1,"2021: COVID-disrupted PIT. HUD waived the unsheltered-count requirement. NOT comparable to other years."
"California","CA","CA-500","San Jose/Santa Clara City & County CoC",2022,53.3361416184126,10028,2320,7708,1880151,"Sheltered and Unsheltered Count",FALSE,0,"Full sheltered + unsheltered enumeration."
"California","CA","CA-500","San Jose/Santa Clara City & County CoC",2023,52.3863758393167,9903,2502,7401,1890377,"Sheltered and Unsheltered Count",FALSE,0,"Full sheltered + unsheltered enumeration."
"California","CA","CA-500","San Jose/Santa Clara City & County CoC",2024,54.4784607240383,10394,2993,7401,1907910,"Sheltered-Only Count",TRUE,0,"Sheltered-only count: unsheltered people were not enumerated this year."
"California","CA","CA-500","San Jose/Santa Clara City & County CoC",2025,55.9499078296962,10711,3239,7472,1914391,"Sheltered and Unsheltered Count",FALSE,0,"Full sheltered + unsheltered enumeration."
"California","CA","CA-501","San Francisco CoC",2010,72.290054065462,5823,2881,2942,805505,"No 2010 PIT Count",FALSE,0,"Full sheltered + unsheltered enumeration."
"California","CA","CA-501","San Francisco CoC",2011,69.5028504873414,5669,2298,3371,815650,"Sheltered and Unsheltered Count",FALSE,0,"Full sheltered + unsheltered enumeration."
"California","CA","CA-501","San Francisco CoC",2012,71.1204088428185,5895,2524,3371,828876,"Sheltered and Unsheltered Count",FALSE,0,"Full sheltered + unsheltered enumeration."
"California","CA","CA-501","San Francisco CoC",2013,83.4711019424183,7008,2693,4315,839572,"Sheltered and Unsheltered Count",FALSE,0,"Full sheltered + unsheltered enumeration."
"California","CA","CA-501","San Francisco CoC",2014,75.321774904496,6408,2093,4315,850750,"Sheltered-Only Count",TRUE,0,"Sheltered-only count: unsheltered people were not enumerated this year."
"California","CA","CA-501","San Francisco CoC",2015,78.5043047009884,6775,2417,4358,863010,"Sheltered and Unsheltered Count",FALSE,0,"Full sheltered + unsheltered enumeration."
"California","CA","CA-501","San Francisco CoC",2016,80.2742819375981,6996,2638,4358,871512,"Sheltered-Only Count",TRUE,0,"Sheltered-only count: unsheltered people were not enumerated this year."
"California","CA","CA-501","San Francisco CoC",2017,78.1057810578106,6858,2505,4353,878040,"Sheltered and Unsheltered Count",FALSE,0,"Full sheltered + unsheltered enumeration."
"California","CA","CA-501","San Francisco CoC",2018,77.8588752532088,6857,2504,4353,880696,"Sheltered-Only Count",TRUE,0,"Sheltered-only count: unsheltered people were not enumerated this year."
"California","CA","CA-501","San Francisco CoC",2019,91.1463798382166,8035,2855,5180,881549,"Sheltered and Unsheltered Count",FALSE,0,"Full sheltered + unsheltered enumeration."
"California","CA","CA-501","San Francisco CoC",2020,92.8309674234607,8124,2944,5180,875139,"Sheltered-Only Count",TRUE,0,"Sheltered-only count: unsheltered people were not enumerated this year."
"California","CA","CA-501","San Francisco CoC",2021,49.0094576000804,4000,4000,0,816169,"Sheltered-Only Count",TRUE,1,"2021: COVID-disrupted PIT. HUD waived the unsheltered-count requirement. NOT comparable to other years."
"California","CA","CA-501","San Francisco CoC",2022,95.3439588031468,7754,3357,4397,813266,"Sheltered and Unsheltered Count",FALSE,0,"Full sheltered + unsheltered enumeration."
"California","CA","CA-501","San Francisco CoC",2023,92.8113439895413,7582,3185,4397,816926,"Sheltered-Only Count*",TRUE,0,"Sheltered-only count: unsheltered people were not enumerated this year."
"California","CA","CA-501","San Francisco CoC",2024,101.383162087594,8323,3969,4354,820945,"Sheltered and Unsheltered Count",FALSE,0,"Full sheltered + unsheltered enumeration."
"California","CA","CA-501","San Francisco CoC",2025,104.965747827992,8671,4317,4354,826079,"Sheltered-Only Count",TRUE,0,"Sheltered-only count: unsheltered people were not enumerated this year."
"California","CA","CA-502","Oakland, Berkeley/Alameda County CoC",2010,28.691607192664,4341,2378,1963,1512986,"No 2010 PIT Count",FALSE,0,"Full sheltered + unsheltered enumeration."
"California","CA","CA-502","Oakland, Berkeley/Alameda County CoC",2011,27.2908685328709,4178,1966,2212,1530915,"Sheltered and Unsheltered Count",FALSE,0,"Full sheltered + unsheltered enumeration."
"California","CA","CA-502","Oakland, Berkeley/Alameda County CoC",2012,27.3979832201029,4257,2045,2212,1553764,"Sheltered-Only Count",TRUE,0,"Sheltered-only count: unsheltered people were not enumerated this year."
"California","CA","CA-502","Oakland, Berkeley/Alameda County CoC",2013,26.9942953659582,4264,1927,2337,1579593,"Sheltered and Unsheltered Count",FALSE,0,"Full sheltered + unsheltered enumeration."
"California","CA","CA-502","Oakland, Berkeley/Alameda County CoC",2014,26.5706011722909,4272,1935,2337,1607792,"Sheltered-Only Count",TRUE,0,"Sheltered-only count: unsheltered people were not enumerated this year."
"California","CA","CA-502","Oakland, Berkeley/Alameda County CoC",2015,24.7164642241416,4040,1643,2397,1634538,"Sheltered and Unsheltered Count",FALSE,0,"Full sheltered + unsheltered enumeration."
"California","CA","CA-502","Oakland, Berkeley/Alameda County CoC",2016,25.1067567158303,4145,1748,2397,1650950,"Sheltered-Only Count",TRUE,0,"Sheltered-only count: unsheltered people were not enumerated this year."
"California","CA","CA-502","Oakland, Berkeley/Alameda County CoC",2017,33.905635238249,5629,1766,3863,1660196,"Sheltered and Unsheltered Count",FALSE,0,"Full sheltered + unsheltered enumeration."
"California","CA","CA-502","Oakland, Berkeley/Alameda County CoC",2018,32.9742325811336,5496,1633,3863,1666756,"Sheltered-Only Count",TRUE,0,"Sheltered-only count: unsheltered people were not enumerated this year."
"California","CA","CA-502","Oakland, Berkeley/Alameda County CoC",2019,47.9977311468897,8022,1710,6312,1671329,"Sheltered and Unsheltered Count",FALSE,0,"Full sheltered + unsheltered enumeration."
"California","CA","CA-502","Oakland, Berkeley/Alameda County CoC",2020,48.42043000579,8137,1825,6312,1680489,"Sheltered-Only Count",TRUE,0,"Sheltered-only count: unsheltered people were not enumerated this year."
"California","CA","CA-502","Oakland, Berkeley/Alameda County CoC",2021,15.4840279150385,2546,2546,0,1644275,"Sheltered-Only Count",TRUE,1,"2021: COVID-disrupted PIT. HUD waived the unsheltered-count requirement. NOT comparable to other years."
"California","CA","CA-502","Oakland, Berkeley/Alameda County CoC",2022,59.6826477615486,9747,2612,7135,1633138,"Sheltered and Unsheltered Count",FALSE,0,"Full sheltered + unsheltered enumeration."
"California","CA","CA-502","Oakland, Berkeley/Alameda County CoC",2023,59.7591630410488,9759,2624,7135,1633055,"Sheltered-Only Count*",TRUE,0,"Sheltered-only count: unsheltered people were not enumerated this year."
"California","CA","CA-502","Oakland, Berkeley/Alameda County CoC",2024,57.7408127951197,9450,3107,6343,1636624,"Sheltered and Unsheltered Count",FALSE,0,"Full sheltered + unsheltered enumeration."
"California","CA","CA-502","Oakland, Berkeley/Alameda County CoC",2025,56.5918992075179,9262,2919,6343,1636630,"Sheltered-Only Count",TRUE,0,"Sheltered-only count: unsheltered people were not enumerated this year."
"California","CA","CA-503","Sacramento City & County CoC",2010,19.2347875273589,2734,1540,1194,1421383,"Sheltered-Only Count",TRUE,0,"Sheltered-only count: unsheltered people were not enumerated this year."
"California","CA","CA-503","Sacramento City & County CoC",2011,16.572157937687,2376,1421,955,1433730,"Sheltered and Unsheltered Count",FALSE,0,"Full sheltered + unsheltered enumeration."
"California","CA","CA-503","Sacramento City & County CoC",2012,19.4622009728332,2812,1857,955,1444852,"Sheltered-Only Count",TRUE,0,"Sheltered-only count: unsheltered people were not enumerated this year."
"California","CA","CA-503","Sacramento City & County CoC",2013,17.4152789223661,2538,1752,786,1457341,"Sheltered and Unsheltered Count",FALSE,0,"Full sheltered + unsheltered enumeration."
"California","CA","CA-503","Sacramento City & County CoC",2014,16.6043241755299,2449,1663,786,1474917,"Sheltered-Only Count",TRUE,0,"Sheltered-only count: unsheltered people were not enumerated this year."
"California","CA","CA-503","Sacramento City & County CoC",2015,17.8017425489096,2659,1711,948,1493674,"Sheltered and Unsheltered Count",FALSE,0,"Full sheltered + unsheltered enumeration."
"California","CA","CA-503","Sacramento City & County CoC",2016,16.5454765659797,2500,1552,948,1510987,"Sheltered-Only Count",TRUE,0,"Sheltered-only count: unsheltered people were not enumerated this year."
"California","CA","CA-503","Sacramento City & County CoC",2017,23.9965795871279,3665,1613,2052,1527301,"Sheltered and Unsheltered Count",FALSE,0,"Full sheltered + unsheltered enumeration."
"California","CA","CA-503","Sacramento City & County CoC",2018,23.5321489056673,3621,1569,2052,1538746,"Sheltered-Only Count",TRUE,0,"Sheltered-only count: unsheltered people were not enumerated this year."
"California","CA","CA-503","Sacramento City & County CoC",2019,35.8298465650124,5561,1661,3900,1552058,"Sheltered and Unsheltered Count",FALSE,0,"Full sheltered + unsheltered enumeration."
"California","CA","CA-503","Sacramento City & County CoC",2020,34.730953276753,5511,1611,3900,1586769,"Sheltered-Only Count",TRUE,0,"Sheltered-only count: unsheltered people were not enumerated this year."
"California","CA","CA-503","Sacramento City & County CoC",2021,11.8632398161796,1885,1885,0,1588942,"Sheltered-Only Count",TRUE,1,"2021: COVID-disrupted PIT. HUD waived the unsheltered-count requirement. NOT comparable to other years."
"California","CA","CA-503","Sacramento City & County CoC",2022,58.3996923284155,9278,2614,6664,1588707,"Sheltered and Unsheltered Count",FALSE,0,"Full sheltered + unsheltered enumeration."
"California","CA","CA-503","Sacramento City & County CoC",2023,58.128428691055,9281,2617,6664,1596637,"Sheltered-Only Count*",TRUE,0,"Sheltered-only count: unsheltered people were not enumerated this year."
"California","CA","CA-503","Sacramento City & County CoC",2024,41.0895852343349,6615,2671,3944,1609897,"Sheltered and Unsheltered Count",FALSE,0,"Full sheltered + unsheltered enumeration."
"California","CA","CA-503","Sacramento City & County CoC",2025,43.220098117964,6995,3051,3944,1618460,"Sheltered-Only Count",TRUE,0,"Sheltered-only count: unsheltered people were not enumerated this year."
"California","CA","CA-504","Santa Rosa, Petaluma/Sonoma County CoC",2010,69.0039298202185,3345,1123,2222,484755,"Sheltered-Only Count",TRUE,0,"Sheltered-only count: unsheltered people were not enumerated this year."
"California","CA","CA-504","Santa Rosa, Petaluma/Sonoma County CoC",2011,93.1638152644223,4541,1175,3366,487421,"Sheltered and Unsheltered Count",FALSE,0,"Full sheltered + unsheltered enumeration."
"California","CA","CA-504","Santa Rosa, Petaluma/Sonoma County CoC",2012,91.4911029341235,4483,1117,3366,489993,"Sheltered-Only Count",TRUE,0,"Sheltered-only count: unsheltered people were not enumerated this year."
"California","CA","CA-504","Santa Rosa, Petaluma/Sonoma County CoC",2013,86.6268749759651,4280,971,3309,494073,"Sheltered and Unsheltered Count",FALSE,0,"Full sheltered + unsheltered enumeration."
"California","CA","CA-504","Santa Rosa, Petaluma/Sonoma County CoC",2014,85.566431322208,4266,957,3309,498560,"Sheltered-Only Count",TRUE,0,"Sheltered-only count: unsheltered people were not enumerated this year."
"California","CA","CA-504","Santa Rosa, Petaluma/Sonoma County CoC",2015,61.8332757660278,3097,1037,2060,500863,"Sheltered and Unsheltered Count",FALSE,0,"Full sheltered + unsheltered enumeration."
"California","CA","CA-504","Santa Rosa, Petaluma/Sonoma County CoC",2016,57.8254372227871,2906,1000,1906,502547,"Sheltered and Unsheltered Count",FALSE,0,"Full sheltered + unsheltered enumeration."
"California","CA","CA-504","Santa Rosa, Petaluma/Sonoma County CoC",2017,56.4213911704006,2835,988,1847,502469,"Sheltered and Unsheltered Count",FALSE,0,"Full sheltered + unsheltered enumeration."
"California","CA","CA-504","Santa Rosa, Petaluma/Sonoma County CoC",2018,60.0830654396031,2996,1067,1929,498643,"Sheltered and Unsheltered Count",FALSE,0,"Full sheltered + unsheltered enumeration."
"California","CA","CA-504","Santa Rosa, Petaluma/Sonoma County CoC",2019,59.6962389953392,2951,994,1957,494336,"Sheltered and Unsheltered Count",FALSE,0,"Full sheltered + unsheltered enumeration."
"California","CA","CA-504","Santa Rosa, Petaluma/Sonoma County CoC",2020,56.1908154116361,2745,1043,1702,488514,"Sheltered and Unsheltered Count",FALSE,0,"Full sheltered + unsheltered enumeration."
"California","CA","CA-504","Santa Rosa, Petaluma/Sonoma County CoC",2021,16.2325943068352,787,787,0,484827,"Sheltered-Only Count",TRUE,1,"2021: COVID-disrupted PIT. HUD waived the unsheltered-count requirement. NOT comparable to other years."
"California","CA","CA-504","Santa Rosa, Petaluma/Sonoma County CoC",2022,59.8672284349676,2893,805,2088,483236,"Sheltered and Unsheltered Count",FALSE,0,"Full sheltered + unsheltered enumeration."
"California","CA","CA-504","Santa Rosa, Petaluma/Sonoma County CoC",2023,46.8758080698379,2266,975,1291,483405,"Sheltered and Unsheltered Count",FALSE,0,"Full sheltered + unsheltered enumeration."
"California","CA","CA-504","Santa Rosa, Petaluma/Sonoma County CoC",2024,51.9611095200911,2522,945,1577,485363,"Sheltered and Unsheltered Count",FALSE,0,"Full sheltered + unsheltered enumeration."
"California","CA","CA-504","Santa Rosa, Petaluma/Sonoma County CoC",2025,40.1279489519862,1952,829,1123,486444,"Sheltered and Unsheltered Count",FALSE,0,"Full sheltered + unsheltered enumeration."
"California","CA","CA-505","Richmond/Contra Costa County CoC",2010,26.2127805119045,2759,887,1872,1052540,"No 2010 PIT Count",FALSE,0,"Full sheltered + unsheltered enumeration."
"California","CA","CA-505","Richmond/Contra Costa County CoC",2011,22.6666916954498,2415,925,1490,1065440,"Sheltered and Unsheltered Count",FALSE,0,"Full sheltered + unsheltered enumeration."
"California","CA","CA-505","Richmond/Contra Costa County CoC",2012,22.1428650974249,2386,896,1490,1077548,"Sheltered-Only Count",TRUE,0,"Sheltered-only count: unsheltered people were not enumerated this year."
"California","CA","CA-505","Richmond/Contra Costa County CoC",2013,18.2915508582853,2000,671,1329,1093401,"Sheltered and Unsheltered Count",FALSE,0,"Full sheltered + unsheltered enumeration."
"California","CA","CA-505","Richmond/Contra Costa County CoC",2014,18.1174450524675,2009,680,1329,1108876,"Sheltered-Only Count",TRUE,0,"Sheltered-only count: unsheltered people were not enumerated this year."
"California","CA","CA-505","Richmond/Contra Costa County CoC",2015,18.0628865933538,2031,704,1327,1124405,"Sheltered and Unsheltered Count",FALSE,0,"Full sheltered + unsheltered enumeration."
"California","CA","CA-505","Richmond/Contra Costa County CoC",2016,15.2118937664649,1730,620,1110,1137268,"Sheltered and Unsheltered Count",FALSE,0,"Full sheltered + unsheltered enumeration."
"California","CA","CA-505","Richmond/Contra Costa County CoC",2017,14.028379752692,1607,696,911,1145535,"Sheltered and Unsheltered Count",FALSE,0,"Full sheltered + unsheltered enumeration."
"California","CA","CA-505","Richmond/Contra Costa County CoC",2018,19.4173238338524,2234,697,1537,1150519,"Sheltered and Unsheltered Count",FALSE,0,"Full sheltered + unsheltered enumeration."
"California","CA","CA-505","Richmond/Contra Costa County CoC",2019,19.8955203437114,2295,668,1627,1153526,"Sheltered and Unsheltered Count",FALSE,0,"Full sheltered + unsheltered enumeration."
"California","CA","CA-505","Richmond/Contra Costa County CoC",2020,19.5241324965766,2277,707,1570,1166249,"Sheltered and Unsheltered Count",FALSE,0,"Full sheltered + unsheltered enumeration."
"California","CA","CA-505","Richmond/Contra Costa County CoC",2021,7.04243496483077,820,820,0,1164370,"Sheltered-Only Count",TRUE,1,"2021: COVID-disrupted PIT. HUD waived the unsheltered-count requirement. NOT comparable to other years."
"California","CA","CA-505","Richmond/Contra Costa County CoC",2022,26.6600469072018,3093,764,2329,1160163,"Sheltered and Unsheltered Count",FALSE,0,"Full sheltered + unsheltered enumeration."
"California","CA","CA-505","Richmond/Contra Costa County CoC",2023,20.4139065865831,2372,719,1653,1161953,"Sheltered and Unsheltered Count",FALSE,0,"Full sheltered + unsheltered enumeration."
"California","CA","CA-505","Richmond/Contra Costa County CoC",2024,24.308827276505,2843,884,1959,1169534,"Sheltered and Unsheltered Count",FALSE,0,"Full sheltered + unsheltered enumeration."
"California","CA","CA-505","Richmond/Contra Costa County CoC",2025,18.1014811079679,2118,840,1278,1170070,"Sheltered and Unsheltered Count",FALSE,0,"Full sheltered + unsheltered enumeration."
"California","CA","CA-506","Salinas/Monterey, San Benito Counties CoC",2010,51.0077581804196,2407,779,1628,471889,"No 2010 PIT Count",FALSE,0,"Full sheltered + unsheltered enumeration."
"California","CA","CA-506","Salinas/Monterey, San Benito Counties CoC",2011,56.6501480795831,2699,788,1911,476433,"Sheltered and Unsheltered Count",FALSE,0,"Full sheltered + unsheltered enumeration."
"California","CA","CA-506","Salinas/Monterey, San Benito Counties CoC",2012,55.527049961881,2673,762,1911,481387,"Sheltered-Only Count",TRUE,0,"Sheltered-only count: unsheltered people were not enumerated this year."
"California","CA","CA-506","Salinas/Monterey, San Benito Counties CoC",2013,61.0599006924255,2955,749,2206,483951,"Sheltered and Unsheltered Count",FALSE,0,"Full sheltered + unsheltered enumeration."
"California","CA","CA-506","Salinas/Monterey, San Benito Counties CoC",2014,60.9089039687436,2962,756,2206,486300,"Sheltered-Only Count",TRUE,0,"Sheltered-only count: unsheltered people were not enumerated this year."
"California","CA","CA-506","Salinas/Monterey, San Benito Counties CoC",2015,60.5399698834621,2959,852,2107,488768,"Sheltered and Unsheltered Count",FALSE,0,"Full sheltered + unsheltered enumeration."
"California","CA","CA-506","Salinas/Monterey, San Benito Counties CoC",2016,61.2760504320955,3022,915,2107,493178,"Sheltered-Only Count",TRUE,0,"Sheltered-only count: unsheltered people were not enumerated this year."
"California","CA","CA-506","Salinas/Monterey, San Benito Counties CoC",2017,68.0010834893208,3364,850,2514,494698,"Sheltered and Unsheltered Count",FALSE,0,"Full sheltered + unsheltered enumeration."
"California","CA","CA-506","Salinas/Monterey, San Benito Counties CoC",2018,66.5903673067335,3299,785,2514,495417,"Sheltered-Only Count",TRUE,0,"Sheltered-only count: unsheltered people were not enumerated this year."
"California","CA","CA-506","Salinas/Monterey, San Benito Counties CoC",2019,54.4207829427877,2704,706,1998,496869,"Sheltered and Unsheltered Count",FALSE,0,"Full sheltered + unsheltered enumeration."
"California","CA","CA-506","Salinas/Monterey, San Benito Counties CoC",2020,53.1268192420864,2683,685,1998,505018,"Sheltered-Only Count",TRUE,0,"Sheltered-only count: unsheltered people were not enumerated this year."
"California","CA","CA-506","Salinas/Monterey, San Benito Counties CoC",2021,13.4056738822673,678,678,0,505756,"Sheltered-Only Count",TRUE,1,"2021: COVID-disrupted PIT. HUD waived the unsheltered-count requirement. NOT comparable to other years."
"California","CA","CA-506","Salinas/Monterey, San Benito Counties CoC",2022,47.7402801663363,2404,779,1625,503558,"Sheltered and Unsheltered Count",FALSE,0,"Full sheltered + unsheltered enumeration."
"California","CA","CA-506","Salinas/Monterey, San Benito Counties CoC",2023,44.0309410916966,2212,587,1625,502374,"Sheltered-Only Count*",TRUE,0,"Sheltered-only count: unsheltered people were not enumerated this year."
"California","CA","CA-506","Salinas/Monterey, San Benito Counties CoC",2024,60.8319470202893,3057,678,2379,502532,"Sheltered and Unsheltered Count",FALSE,0,"Full sheltered + unsheltered enumeration."
"California","CA","CA-506","Salinas/Monterey, San Benito Counties CoC",2025,60.479028842165,3047,668,2379,503811,"Sheltered-Only Count",TRUE,0,"Sheltered-only count: unsheltered people were not enumerated this year."
"California","CA","CA-507","Marin County CoC",2010,40.5687533609591,1026,597,429,252904,"No 2010 PIT Count",FALSE,0,"Full sheltered + unsheltered enumeration."
"California","CA","CA-507","Marin County CoC",2011,33.7541507424347,862,509,353,255376,"Sheltered and Unsheltered Count",FALSE,0,"Full sheltered + unsheltered enumeration."
"California","CA","CA-507","Marin County CoC",2012,28.3135659081235,725,496,229,256061,"Sheltered and Unsheltered Count",FALSE,0,"Full sheltered + unsheltered enumeration."
"California","CA","CA-507","Marin County CoC",2013,26.1600795637923,676,505,171,258409,"Sheltered and Unsheltered Count",FALSE,0,"Full sheltered + unsheltered enumeration."
"California","CA","CA-507","Marin County CoC",2014,26.0793750168037,679,501,178,260359,"Sheltered and Unsheltered Count",FALSE,0,"Full sheltered + unsheltered enumeration."
"California","CA","CA-507","Marin County CoC",2015,50.5143417804964,1318,483,835,260916,"Sheltered and Unsheltered Count",FALSE,0,"Full sheltered + unsheltered enumeration."
"California","CA","CA-507","Marin County CoC",2016,48.2802557548683,1258,423,835,260562,"Sheltered-Only Count",TRUE,0,"Sheltered-only count: unsheltered people were not enumerated this year."
"California","CA","CA-507","Marin County CoC",2017,43.0030529472683,1117,409,708,259749,"Sheltered and Unsheltered Count",FALSE,0,"Full sheltered + unsheltered enumeration."
"California","CA","CA-507","Marin County CoC",2018,42.1702058830326,1095,387,708,259662,"Sheltered-Only Count",TRUE,0,"Sheltered-only count: unsheltered people were not enumerated this year."
"California","CA","CA-507","Marin County CoC",2019,39.949618662731,1034,326,708,258826,"Sheltered and Unsheltered Count",FALSE,0,"Full sheltered + unsheltered enumeration."
"California","CA","CA-507","Marin County CoC",2020,39.489241860127,1032,324,708,261337,"Sheltered-Only Count",TRUE,0,"Sheltered-only count: unsheltered people were not enumerated this year."
"California","CA","CA-507","Marin County CoC",2021,8.6755684425234,225,225,0,259349,"Sheltered-Only Count",TRUE,1,"2021: COVID-disrupted PIT. HUD waived the unsheltered-count requirement. NOT comparable to other years."
"California","CA","CA-507","Marin County CoC",2022,43.6122285420833,1121,291,830,257038,"Sheltered and Unsheltered Count",FALSE,0,"Full sheltered + unsheltered enumeration."
"California","CA","CA-507","Marin County CoC",2023,43.7671026412938,1118,288,830,255443,"Sheltered-Only Count*",TRUE,0,"Sheltered-only count: unsheltered people were not enumerated this year."
"California","CA","CA-507","Marin County CoC",2024,42.6274129462191,1090,302,788,255704,"Sheltered and Unsheltered Count",FALSE,0,"Full sheltered + unsheltered enumeration."
"California","CA","CA-507","Marin County CoC",2025,42.6103888937066,1081,293,788,253694,"Sheltered-Only Count",TRUE,0,"Sheltered-only count: unsheltered people were not enumerated this year."
"California","CA","CA-508","Watsonville/Santa Cruz City & County CoC",2010,86.0735634455266,2265,729,1536,263147,"No 2010 PIT Count",FALSE,0,"Full sheltered + unsheltered enumeration."
"California","CA","CA-508","Watsonville/Santa Cruz City & County CoC",2011,104.622099389107,2771,646,2125,264858,"Sheltered and Unsheltered Count",FALSE,0,"Full sheltered + unsheltered enumeration."
"California","CA","CA-508","Watsonville/Santa Cruz City & County CoC",2012,102.68829315912,2735,610,2125,266340,"Sheltered-Only Count",TRUE,0,"Sheltered-only count: unsheltered people were not enumerated this year."
"California","CA","CA-508","Watsonville/Santa Cruz City & County CoC",2013,131.539789298256,3536,641,2895,268816,"Sheltered and Unsheltered Count",FALSE,0,"Full sheltered + unsheltered enumeration."
"California","CA","CA-508","Watsonville/Santa Cruz City & County CoC",2014,130.288229017836,3529,634,2895,270861,"Sheltered-Only Count",TRUE,0,"Sheltered-only count: unsheltered people were not enumerated this year."
"California","CA","CA-508","Watsonville/Santa Cruz City & County CoC",2015,71.8090843610491,1964,610,1354,273503,"Sheltered and Unsheltered Count",FALSE,0,"Full sheltered + unsheltered enumeration."
"California","CA","CA-508","Watsonville/Santa Cruz City & County CoC",2016,71.3931689966326,1959,605,1354,274396,"Sheltered-Only Count",TRUE,0,"Sheltered-only count: unsheltered people were not enumerated this year."
"California","CA","CA-508","Watsonville/Santa Cruz City & County CoC",2017,81.8246645516198,2249,450,1799,274856,"Sheltered and Unsheltered Count",FALSE,0,"Full sheltered + unsheltered enumeration."
"California","CA","CA-508","Watsonville/Santa Cruz City & County CoC",2018,84.7206955861248,2320,521,1799,273841,"Sheltered-Only Count",TRUE,0,"Sheltered-only count: unsheltered people were not enumerated this year."
"California","CA","CA-508","Watsonville/Santa Cruz City & County CoC",2019,79.3154059287076,2167,467,1700,273213,"Sheltered and Unsheltered Count",FALSE,0,"Full sheltered + unsheltered enumeration."
"California","CA","CA-508","Watsonville/Santa Cruz City & County CoC",2020,83.0150354359393,2256,556,1700,271758,"Sheltered-Only Count",TRUE,0,"Sheltered-only count: unsheltered people were not enumerated this year."
"California","CA","CA-508","Watsonville/Santa Cruz City & County CoC",2021,30.6385455882409,800,800,0,261109,"Sheltered-Only Count",TRUE,1,"2021: COVID-disrupted PIT. HUD waived the unsheltered-count requirement. NOT comparable to other years."
"California","CA","CA-508","Watsonville/Santa Cruz City & County CoC",2022,86.4981601739746,2299,525,1774,265786,"Sheltered and Unsheltered Count",FALSE,0,"Full sheltered + unsheltered enumeration."
"California","CA","CA-508","Watsonville/Santa Cruz City & County CoC",2023,68.5092776144796,1804,378,1426,263322,"Sheltered and Unsheltered Count",FALSE,0,"Full sheltered + unsheltered enumeration."
"California","CA","CA-508","Watsonville/Santa Cruz City & County CoC",2024,70.7681596835707,1850,365,1485,261417,"Sheltered and Unsheltered Count",FALSE,0,"Full sheltered + unsheltered enumeration."
"California","CA","CA-508","Watsonville/Santa Cruz City & County CoC",2025,56.9051040749154,1473,351,1122,258852,"Sheltered and Unsheltered Count",FALSE,0,"Full sheltered + unsheltered enumeration."
"California","CA","CA-509","Mendocino County CoC",2010,136.903609380517,1202,235,967,87799,"No 2010 PIT Count",FALSE,0,"Full sheltered + unsheltered enumeration."
"California","CA","CA-509","Mendocino County CoC",2011,166.716284608514,1456,142,1314,87334,"Sheltered and Unsheltered Count",FALSE,0,"Full sheltered + unsheltered enumeration."
"California","CA","CA-509","Mendocino County CoC",2012,165.085693336999,1441,127,1314,87288,"Sheltered-Only Count",TRUE,0,"Sheltered-only count: unsheltered people were not enumerated this year."
"California","CA","CA-509","Mendocino County CoC",2013,159.90075125784,1392,174,1218,87054,"Sheltered and Unsheltered Count",FALSE,0,"Full sheltered + unsheltered enumeration."
"California","CA","CA-509","Mendocino County CoC",2014,160.963026655202,1404,186,1218,87225,"Sheltered-Only Count",TRUE,0,"Sheltered-only count: unsheltered people were not enumerated this year."
"California","CA","CA-509","Mendocino County CoC",2015,108.716865464314,947,152,795,87107,"Sheltered and Unsheltered Count",FALSE,0,"Full sheltered + unsheltered enumeration."
"California","CA","CA-509","Mendocino County CoC",2016,142.292490118577,1242,192,1050,87285,"Sheltered and Unsheltered Count",FALSE,0,"Full sheltered + unsheltered enumeration."
"California","CA","CA-509","Mendocino County CoC",2017,141.362930483237,1238,160,1078,87576,"Sheltered and Unsheltered Count",FALSE,0,"Full sheltered + unsheltered enumeration."
"California","CA","CA-509","Mendocino County CoC",2018,100.685346849578,880,157,723,87401,"Sheltered and Unsheltered Count",FALSE,0,"Full sheltered + unsheltered enumeration."
"California","CA","CA-509","Mendocino County CoC",2019,90.4909566680884,785,247,538,86749,"Sheltered and Unsheltered Count",FALSE,0,"Full sheltered + unsheltered enumeration."
"California","CA","CA-509","Mendocino County CoC",2020,82.213075272584,751,176,575,91348,"Sheltered and Unsheltered Count",FALSE,0,"Full sheltered + unsheltered enumeration."
"California","CA","CA-509","Mendocino County CoC",2021,34.8432055749129,318,318,0,91266,"Sheltered-Only Count",TRUE,1,"2021: COVID-disrupted PIT. HUD waived the unsheltered-count requirement. NOT comparable to other years."
"California","CA","CA-509","Mendocino County CoC",2022,92.1884198016283,830,270,560,90033,"Sheltered and Unsheltered Count",FALSE,0,"Full sheltered + unsheltered enumeration."
"California","CA","CA-509","Mendocino County CoC",2023,70.8521283621182,633,223,410,89341,"Sheltered and Unsheltered Count",FALSE,0,"Full sheltered + unsheltered enumeration."
"California","CA","CA-509","Mendocino County CoC",2024,87.0259391268173,774,222,552,88939,"Sheltered and Unsheltered Count",FALSE,0,"Full sheltered + unsheltered enumeration."
"California","CA","CA-509","Mendocino County CoC",2025,72.172669707905,636,196,440,88122,"Sheltered and Unsheltered Count",FALSE,0,"Full sheltered + unsheltered enumeration."
"California","CA","CA-510","Turlock, Modesto/Stanislaus County CoC",2010,34.9416183792913,1800,801,999,515145,"No 2010 PIT Count",FALSE,0,"Full sheltered + unsheltered enumeration."
"California","CA","CA-510","Turlock, Modesto/Stanislaus County CoC",2011,27.7069325295618,1434,643,791,517560,"Sheltered and Unsheltered Count",FALSE,0,"Full sheltered + unsheltered enumeration."
"California","CA","CA-510","Turlock, Modesto/Stanislaus County CoC",2012,28.2461992529169,1470,679,791,520424,"Sheltered-Only Count",TRUE,0,"Sheltered-only count: unsheltered people were not enumerated this year."
"California","CA","CA-510","Turlock, Modesto/Stanislaus County CoC",2013,22.9438858651526,1201,556,645,523451,"Sheltered and Unsheltered Count",FALSE,0,"Full sheltered + unsheltered enumeration."
"California","CA","CA-510","Turlock, Modesto/Stanislaus County CoC",2014,21.8933174246944,1156,713,443,528015,"Sheltered and Unsheltered Count",FALSE,0,"Full sheltered + unsheltered enumeration."
"California","CA","CA-510","Turlock, Modesto/Stanislaus County CoC",2015,26.406056889299,1408,725,683,533211,"Sheltered and Unsheltered Count",FALSE,0,"Full sheltered + unsheltered enumeration."
"California","CA","CA-510","Turlock, Modesto/Stanislaus County CoC",2016,26.5922430019193,1434,704,730,539255,"Sheltered and Unsheltered Count",FALSE,0,"Full sheltered + unsheltered enumeration."
"California","CA","CA-510","Turlock, Modesto/Stanislaus County CoC",2017,30.4928981471113,1661,840,821,544717,"Sheltered and Unsheltered Count",FALSE,0,"Full sheltered + unsheltered enumeration."
"California","CA","CA-510","Turlock, Modesto/Stanislaus County CoC",2018,24.7388374205931,1356,750,606,548126,"Sheltered and Unsheltered Count",FALSE,0,"Full sheltered + unsheltered enumeration."
"California","CA","CA-510","Turlock, Modesto/Stanislaus County CoC",2019,34.9217302872916,1923,835,1088,550660,"Sheltered and Unsheltered Count",FALSE,0,"Full sheltered + unsheltered enumeration."
"California","CA","CA-510","Turlock, Modesto/Stanislaus County CoC",2020,38.052959895395,2107,1020,1087,553702,"Sheltered and Unsheltered Count",FALSE,0,"Full sheltered + unsheltered enumeration."
"California","CA","CA-510","Turlock, Modesto/Stanislaus County CoC",2021,52.9249774431468,2927,726,2201,553047,"Sheltered and full unsheltered count",FALSE,1,"2021: COVID-disrupted PIT. HUD waived the unsheltered-count requirement. NOT comparable to other years."
"California","CA","CA-510","Turlock, Modesto/Stanislaus County CoC",2022,33.6137191761109,1857,911,946,552453,"Sheltered and Unsheltered Count",FALSE,0,"Full sheltered + unsheltered enumeration."
"California","CA","CA-510","Turlock, Modesto/Stanislaus County CoC",2023,37.7124368077712,2091,1142,949,554459,"Sheltered and Unsheltered Count",FALSE,0,"Full sheltered + unsheltered enumeration."
"California","CA","CA-510","Turlock, Modesto/Stanislaus County CoC",2024,36.8156276239208,2052,1072,980,557372,"Sheltered and Unsheltered Count",FALSE,0,"Full sheltered + unsheltered enumeration."
"California","CA","CA-510","Turlock, Modesto/Stanislaus County CoC",2025,37.4023477772857,2086,1136,950,557719,"Sheltered and Unsheltered Count",FALSE,0,"Full sheltered + unsheltered enumeration."
"California","CA","CA-511","Stockton/San Joaquin County CoC",2010,43.7328179506845,3005,2840,165,687127,"No 2010 PIT Count",FALSE,0,"Full sheltered + unsheltered enumeration."
"California","CA","CA-511","Stockton/San Joaquin County CoC",2011,36.5807642787397,2540,2293,247,694354,"Sheltered and Unsheltered Count",FALSE,0,"Full sheltered + unsheltered enumeration."
"California","CA","CA-511","Stockton/San Joaquin County CoC",2012,22.4273256021715,1569,1322,247,699593,"Sheltered-Only Count",TRUE,0,"Sheltered-only count: unsheltered people were not enumerated this year."
"California","CA","CA-511","Stockton/San Joaquin County CoC",2013,21.9501286240503,1541,1278,263,702046,"Sheltered and Unsheltered Count",FALSE,0,"Full sheltered + unsheltered enumeration."
"California","CA","CA-511","Stockton/San Joaquin County CoC",2014,22.3165663967037,1588,1325,263,711579,"Sheltered-Only Count",TRUE,0,"Sheltered-only count: unsheltered people were not enumerated this year."
"California","CA","CA-511","Stockton/San Joaquin County CoC",2015,23.6476336444354,1708,1173,535,722271,"Sheltered and Unsheltered Count",FALSE,0,"Full sheltered + unsheltered enumeration."
"California","CA","CA-511","Stockton/San Joaquin County CoC",2016,24.2900946904309,1780,1245,535,732809,"Sheltered-Only Count",TRUE,0,"Sheltered-only count: unsheltered people were not enumerated this year."
"California","CA","CA-511","Stockton/San Joaquin County CoC",2017,20.7454365421044,1542,975,567,743296,"Sheltered and Unsheltered Count",FALSE,0,"Full sheltered + unsheltered enumeration."
"California","CA","CA-511","Stockton/San Joaquin County CoC",2018,22.3922943928897,1685,1118,567,752491,"Sheltered-Only Count",TRUE,0,"Sheltered-only count: unsheltered people were not enumerated this year."
"California","CA","CA-511","Stockton/San Joaquin County CoC",2019,34.5208542172911,2631,1073,1558,762148,"Sheltered and Unsheltered Count",FALSE,0,"Full sheltered + unsheltered enumeration."
"California","CA","CA-511","Stockton/San Joaquin County CoC",2020,34.2933419418973,2677,1119,1558,780618,"Sheltered-Only Count",TRUE,0,"Sheltered-only count: unsheltered people were not enumerated this year."
"California","CA","CA-511","Stockton/San Joaquin County CoC",2021,11.2303943962235,885,885,0,788040,"Sheltered-Only Count",TRUE,1,"2021: COVID-disrupted PIT. HUD waived the unsheltered-count requirement. NOT comparable to other years."
"California","CA","CA-511","Stockton/San Joaquin County CoC",2022,29.1535660003294,2319,964,1355,795443,"Sheltered and Unsheltered Count",FALSE,0,"Full sheltered + unsheltered enumeration."
"California","CA","CA-511","Stockton/San Joaquin County CoC",2023,30.4445726408248,2454,1099,1355,806055,"Sheltered-Only Count*",TRUE,0,"Sheltered-only count: unsheltered people were not enumerated this year."
"California","CA","CA-511","Stockton/San Joaquin County CoC",2024,57.908655581785,4732,1263,3469,817149,"Sheltered and Unsheltered Count",FALSE,0,"Full sheltered + unsheltered enumeration."
"California","CA","CA-511","Stockton/San Joaquin County CoC",2025,57.7799627343518,4760,1291,3469,823815,"Sheltered-Only Count",TRUE,0,"Sheltered-only count: unsheltered people were not enumerated this year."
"California","CA","CA-512","Daly/San Mateo County CoC",2010,19.786049445671,1424,621,803,719699,"Sheltered-Only Count",TRUE,0,"Sheltered-only count: unsheltered people were not enumerated this year."
"California","CA","CA-512","Daly/San Mateo County CoC",2011,26.4435486528344,1926,764,1162,728344,"Sheltered and Unsheltered Count",FALSE,0,"Full sheltered + unsheltered enumeration."
"California","CA","CA-512","Daly/San Mateo County CoC",2012,24.9586052400896,1845,683,1162,739224,"Sheltered-Only Count",TRUE,0,"Sheltered-only count: unsheltered people were not enumerated this year."
"California","CA","CA-512","Daly/San Mateo County CoC",2013,26.6475748035493,1995,696,1299,748661,"Sheltered and Unsheltered Count",FALSE,0,"Full sheltered + unsheltered enumeration."
"California","CA","CA-512","Daly/San Mateo County CoC",2014,26.7299169048235,2024,725,1299,757204,"Sheltered-Only Count",TRUE,0,"Sheltered-only count: unsheltered people were not enumerated this year."
"California","CA","CA-512","Daly/San Mateo County CoC",2015,19.3842272777774,1483,708,775,765055,"Sheltered and Unsheltered Count",FALSE,0,"Full sheltered + unsheltered enumeration."
"California","CA","CA-512","Daly/San Mateo County CoC",2016,17.7235234520892,1361,586,775,767906,"Sheltered-Only Count",TRUE,0,"Sheltered-only count: unsheltered people were not enumerated this year."
"California","CA","CA-512","Daly/San Mateo County CoC",2017,16.2959860892365,1253,616,637,768901,"Sheltered and Unsheltered Count",FALSE,0,"Full sheltered + unsheltered enumeration."
"California","CA","CA-512","Daly/San Mateo County CoC",2018,16.1055106084318,1238,601,637,768681,"Sheltered-Only Count",TRUE,0,"Sheltered-only count: unsheltered people were not enumerated this year."
"California","CA","CA-512","Daly/San Mateo County CoC",2019,19.7241489068882,1512,611,901,766573,"Sheltered and Unsheltered Count",FALSE,0,"Full sheltered + unsheltered enumeration."
"California","CA","CA-512","Daly/San Mateo County CoC",2020,20.6126358604792,1572,671,901,762639,"Sheltered-Only Count",TRUE,0,"Sheltered-only count: unsheltered people were not enumerated this year."
"California","CA","CA-512","Daly/San Mateo County CoC",2021,8.39798610613378,621,621,0,739463,"Sheltered-Only Count",TRUE,1,"2021: COVID-disrupted PIT. HUD waived the unsheltered-count requirement. NOT comparable to other years."
"California","CA","CA-512","Daly/San Mateo County CoC",2022,24.6911894243047,1808,716,1092,732245,"Sheltered and Unsheltered Count",FALSE,0,"Full sheltered + unsheltered enumeration."
"California","CA","CA-512","Daly/San Mateo County CoC",2023,25.3287353753462,1859,767,1092,733949,"Sheltered-Only Count*",TRUE,0,"Sheltered-only count: unsheltered people were not enumerated this year."
"California","CA","CA-512","Daly/San Mateo County CoC",2024,28.7594160083281,2130,985,1145,740627,"Sheltered and Unsheltered Count",FALSE,0,"Full sheltered + unsheltered enumeration."
"California","CA","CA-512","Daly/San Mateo County CoC",2025,28.8742926000043,2147,1002,1145,743568,"Sheltered-Only Count",TRUE,0,"Sheltered-only count: unsheltered people were not enumerated this year."
"California","CA","CA-513","Visalia/Kings, Tulare Counties CoC",2010,16.2260493601125,966,406,560,595339,"Sheltered and Unsheltered Count",FALSE,0,"Full sheltered + unsheltered enumeration."
"California","CA","CA-513","Visalia/Kings, Tulare Counties CoC",2011,13.4301731222814,804,457,347,598652,"Sheltered and Unsheltered Count",FALSE,0,"Full sheltered + unsheltered enumeration."
"California","CA","CA-513","Visalia/Kings, Tulare Counties CoC",2012,12.8335303027781,771,416,355,600770,"Sheltered and Unsheltered Count",FALSE,0,"Full sheltered + unsheltered enumeration."
"California","CA","CA-513","Visalia/Kings, Tulare Counties CoC",2013,11.6954795727251,705,409,296,602797,"Sheltered and Unsheltered Count",FALSE,0,"Full sheltered + unsheltered enumeration."
"California","CA","CA-513","Visalia/Kings, Tulare Counties CoC",2014,12.6192252159574,763,386,377,604633,"Sheltered and Unsheltered Count",FALSE,0,"Full sheltered + unsheltered enumeration."
"California","CA","CA-513","Visalia/Kings, Tulare Counties CoC",2015,14.1952355388096,862,417,445,607246,"Sheltered and Unsheltered Count",FALSE,0,"Full sheltered + unsheltered enumeration."
"California","CA","CA-513","Visalia/Kings, Tulare Counties CoC",2016,13.0131100511488,792,326,466,608617,"Sheltered and Unsheltered Count",FALSE,0,"Full sheltered + unsheltered enumeration."
"California","CA","CA-513","Visalia/Kings, Tulare Counties CoC",2017,13.9385234315893,853,354,499,611973,"Sheltered and Unsheltered Count",FALSE,0,"Full sheltered + unsheltered enumeration."
"California","CA","CA-513","Visalia/Kings, Tulare Counties CoC",2018,15.698791014512,967,315,652,615971,"Sheltered and Unsheltered Count",FALSE,0,"Full sheltered + unsheltered enumeration."
"California","CA","CA-513","Visalia/Kings, Tulare Counties CoC",2019,17.1852665412228,1064,289,775,619135,"Sheltered and Unsheltered Count",FALSE,0,"Full sheltered + unsheltered enumeration."
"California","CA","CA-513","Visalia/Kings, Tulare Counties CoC",2020,20.6947830637852,1297,360,937,626728,"Sheltered and Unsheltered Count",FALSE,0,"Full sheltered + unsheltered enumeration."
"California","CA","CA-513","Visalia/Kings, Tulare Counties CoC",2021,7.84346103038309,494,494,0,629824,"Sheltered-Only Count",TRUE,1,"2021: COVID-disrupted PIT. HUD waived the unsheltered-count requirement. NOT comparable to other years."
"California","CA","CA-513","Visalia/Kings, Tulare Counties CoC",2022,19.578313253012,1235,412,823,630800,"Sheltered and Unsheltered Count",FALSE,0,"Full sheltered + unsheltered enumeration."
"California","CA","CA-513","Visalia/Kings, Tulare Counties CoC",2023,23.1856444583944,1470,381,1089,634013,"Sheltered and Unsheltered Count",FALSE,0,"Full sheltered + unsheltered enumeration."
"California","CA","CA-513","Visalia/Kings, Tulare Counties CoC",2024,26.2081289088829,1672,331,1341,637970,"Sheltered and Unsheltered Count",FALSE,0,"Full sheltered + unsheltered enumeration."
"California","CA","CA-513","Visalia/Kings, Tulare Counties CoC",2025,23.0189546704865,1472,337,1135,639473,"Sheltered and Unsheltered Count",FALSE,0,"Full sheltered + unsheltered enumeration."
"California","CA","CA-514","Fresno City & County/Madera County CoC",2010,39.592807183583,4288,1831,2457,1083025,"Sheltered-Only Count",TRUE,0,"Sheltered-only count: unsheltered people were not enumerated this year."
"California","CA","CA-514","Fresno City & County/Madera County CoC",2011,47.0634169232165,5135,1313,3822,1091081,"Sheltered and Unsheltered Count",FALSE,0,"Full sheltered + unsheltered enumeration."
"California","CA","CA-514","Fresno City & County/Madera County CoC",2012,40.964022426252,4492,670,3822,1096572,"Sheltered-Only Count",TRUE,0,"Sheltered-only count: unsheltered people were not enumerated this year."
"California","CA","CA-514","Fresno City & County/Madera County CoC",2013,28.3892050297221,3131,594,2537,1102884,"Sheltered and Unsheltered Count",FALSE,0,"Full sheltered + unsheltered enumeration."
"California","CA","CA-514","Fresno City & County/Madera County CoC",2014,23.2670241099151,2592,709,1883,1114023,"Sheltered and Unsheltered Count",FALSE,0,"Full sheltered + unsheltered enumeration."
"California","CA","CA-514","Fresno City & County/Madera County CoC",2015,15.3330531474609,1722,539,1183,1123064,"Sheltered and Unsheltered Count",FALSE,0,"Full sheltered + unsheltered enumeration."
"California","CA","CA-514","Fresno City & County/Madera County CoC",2016,16.6521340023665,1883,452,1431,1130786,"Sheltered and Unsheltered Count",FALSE,0,"Full sheltered + unsheltered enumeration."
"California","CA","CA-514","Fresno City & County/Madera County CoC",2017,17.6739627286284,2016,487,1529,1140661,"Sheltered and Unsheltered Count",FALSE,0,"Full sheltered + unsheltered enumeration."
"California","CA","CA-514","Fresno City & County/Madera County CoC",2018,18.6624328013147,2144,463,1681,1148832,"Sheltered and Unsheltered Count",FALSE,0,"Full sheltered + unsheltered enumeration."
"California","CA","CA-514","Fresno City & County/Madera County CoC",2019,21.6874721124013,2508,439,2069,1156428,"Sheltered and Unsheltered Count",FALSE,0,"Full sheltered + unsheltered enumeration."
"California","CA","CA-514","Fresno City & County/Madera County CoC",2020,31.227513145831,3641,960,2681,1165959,"Sheltered and Unsheltered Count",FALSE,0,"Full sheltered + unsheltered enumeration."
"California","CA","CA-514","Fresno City & County/Madera County CoC",2021,8.52415261902243,999,999,0,1171964,"Sheltered-Only Count",TRUE,1,"2021: COVID-disrupted PIT. HUD waived the unsheltered-count requirement. NOT comparable to other years."
"California","CA","CA-514","Fresno City & County/Madera County CoC",2022,35.7819710128691,4216,1878,2338,1178247,"Sheltered and Unsheltered Count",FALSE,0,"Full sheltered + unsheltered enumeration."
"California","CA","CA-514","Fresno City & County/Madera County CoC",2023,37.7900913085313,4493,1735,2758,1188936,"Sheltered and Unsheltered Count",FALSE,0,"Full sheltered + unsheltered enumeration."
"California","CA","CA-514","Fresno City & County/Madera County CoC",2024,35.88008301176,4305,1547,2758,1199830,"Sheltered-Only Count",TRUE,0,"Sheltered-only count: unsheltered people were not enumerated this year."
"California","CA","CA-514","Fresno City & County/Madera County CoC",2025,40.7600905114997,4905,1863,3042,1203383,"Sheltered and Unsheltered Count",FALSE,0,"Full sheltered + unsheltered enumeration."
"California","CA","CA-515","Roseville, Rocklin/Placer County CoC",2010,30.1124789655478,1054,572,482,350021,"No 2010 PIT Count",FALSE,0,"Full sheltered + unsheltered enumeration."
"California","CA","CA-515","Roseville, Rocklin/Placer County CoC",2011,23.0405693630588,821,466,355,356328,"Sheltered and Unsheltered Count",FALSE,0,"Full sheltered + unsheltered enumeration."
"California","CA","CA-515","Roseville, Rocklin/Placer County CoC",2012,20.5960645417376,742,387,355,360263,"Sheltered-Only Count",TRUE,0,"Sheltered-only count: unsheltered people were not enumerated this year."
"California","CA","CA-515","Roseville, Rocklin/Placer County CoC",2013,24.8496160351179,908,385,523,365398,"Sheltered and Unsheltered Count",FALSE,0,"Full sheltered + unsheltered enumeration."
"California","CA","CA-515","Roseville, Rocklin/Placer County CoC",2014,20.6382696354718,762,239,523,369217,"Sheltered-Only Count",TRUE,0,"Sheltered-only count: unsheltered people were not enumerated this year."
"California","CA","CA-515","Roseville, Rocklin/Placer County CoC",2015,21.3495833344509,796,297,499,372841,"Sheltered and Unsheltered Count",FALSE,0,"Full sheltered + unsheltered enumeration."
"California","CA","CA-515","Roseville, Rocklin/Placer County CoC",2016,26.9433661526931,1021,522,499,378943,"Sheltered-Only Count",TRUE,0,"Sheltered-only count: unsheltered people were not enumerated this year."
"California","CA","CA-515","Roseville, Rocklin/Placer County CoC",2017,25.420978149384,979,521,458,385115,"Sheltered and Unsheltered Count",FALSE,0,"Full sheltered + unsheltered enumeration."
"California","CA","CA-515","Roseville, Rocklin/Placer County CoC",2018,24.2143093824077,950,492,458,392330,"Sheltered-Only Count",TRUE,0,"Sheltered-only count: unsheltered people were not enumerated this year."
"California","CA","CA-515","Roseville, Rocklin/Placer County CoC",2019,15.4897082562404,617,321,296,398329,"Sheltered and Unsheltered Count",FALSE,0,"Full sheltered + unsheltered enumeration."
"California","CA","CA-515","Roseville, Rocklin/Placer County CoC",2020,18.3264321835796,744,339,405,405971,"Sheltered and Unsheltered Count",FALSE,0,"Full sheltered + unsheltered enumeration."
"California","CA","CA-515","Roseville, Rocklin/Placer County CoC",2021,17.1412799790818,708,357,351,413038,"Sheltered and partial unsheltered count",FALSE,1,"2021: COVID-disrupted PIT. HUD waived the unsheltered-count requirement. NOT comparable to other years."
"California","CA","CA-515","Roseville, Rocklin/Placer County CoC",2022,17.922474544112,750,342,408,418469,"Sheltered and Unsheltered Count",FALSE,0,"Full sheltered + unsheltered enumeration."
"California","CA","CA-515","Roseville, Rocklin/Placer County CoC",2023,16.6747021954633,709,302,407,425195,"Sheltered and Unsheltered Count",FALSE,0,"Full sheltered + unsheltered enumeration."
"California","CA","CA-515","Rocklin/Roseville/Placer County CoC",2024,16.1647235993451,702,336,366,434279,"Sheltered and Unsheltered Count",FALSE,0,"Full sheltered + unsheltered enumeration."
"California","CA","CA-515","Rocklin/Roseville/Placer County CoC",2025,16.0830255089,711,293,418,442081,"Sheltered and Unsheltered Count",FALSE,0,"Full sheltered + unsheltered enumeration."
"California","CA","CA-516","Redding/Shasta, Siskiyou, Lassen, Plumas, Del Norte, Modoc, Sierra Counties CoC",2010,10.5515376667912,336,215,121,318437,"Sheltered and Unsheltered Count",FALSE,0,"Full sheltered + unsheltered enumeration."
"California","CA","CA-516","Redding/Shasta, Siskiyou, Lassen, Plumas, Del Norte, Modoc, Sierra Counties CoC",2011,16.6131808409359,527,356,171,317218,"Sheltered and Unsheltered Count",FALSE,0,"Full sheltered + unsheltered enumeration."
"California","CA","CA-516","Redding/Shasta, Siskiyou, Lassen, Plumas, Del Norte, Modoc, Sierra Counties CoC",2012,16.6049789585763,524,342,182,315568,"Sheltered and Unsheltered Count",FALSE,0,"Full sheltered + unsheltered enumeration."
"California","CA","CA-516","Redding/Shasta, Siskiyou, Lassen, Plumas, Del Norte, Modoc, Sierra Counties CoC",2013,27.1935374606157,851,504,347,312942,"Sheltered and Unsheltered Count",FALSE,0,"Full sheltered + unsheltered enumeration."
"California","CA","CA-516","Redding/Shasta, Siskiyou, Lassen, Plumas, Del Norte, Modoc, Sierra Counties CoC",2014,20.2128444605577,630,548,82,311683,"Sheltered and Unsheltered Count",FALSE,0,"Full sheltered + unsheltered enumeration."
"California","CA","CA-516","Redding/Shasta, Siskiyou, Lassen, Plumas, Del Norte, Modoc, Sierra Counties CoC",2015,19.0349198987381,591,244,347,310482,"Sheltered and Unsheltered Count",FALSE,0,"Full sheltered + unsheltered enumeration."
"California","CA","CA-516","Redding/Shasta, Siskiyou, Lassen, Plumas, Del Norte, Modoc, Sierra Counties CoC",2016,40.9494345308038,1272,312,960,310627,"Sheltered and Unsheltered Count",FALSE,0,"Full sheltered + unsheltered enumeration."
"California","CA","CA-516","Redding/Shasta, Siskiyou, Lassen, Plumas, Del Norte, Modoc, Sierra Counties CoC",2017,29.953658419255,934,530,404,311815,"Sheltered and Unsheltered Count",FALSE,0,"Full sheltered + unsheltered enumeration."
"California","CA","CA-516","Redding/Shasta, Siskiyou, Lassen, Plumas, Del Norte, Modoc, Sierra Counties CoC",2018,36.8086367349554,1149,459,690,312155,"Sheltered and Unsheltered Count",FALSE,0,"Full sheltered + unsheltered enumeration."
"California","CA","CA-516","Redding/Shasta, Siskiyou, Lassen, Plumas, Del Norte, Modoc, Sierra Counties CoC",2019,43.1463232871805,1349,543,806,312657,"Sheltered and Unsheltered Count",FALSE,0,"Full sheltered + unsheltered enumeration."
"California","CA","CA-516","Redding/Shasta, Siskiyou, Lassen, Plumas, Del Norte, Modoc, Sierra Counties CoC",2020,48.113231295942,1529,506,1023,317792,"Sheltered and Unsheltered Count",FALSE,0,"Full sheltered + unsheltered enumeration."
"California","CA","CA-516","Redding/Shasta, Siskiyou, Lassen, Plumas, Del Norte, Modoc, Sierra Counties CoC",2021,24.9237653767359,792,792,0,317769,"Sheltered-Only Count",TRUE,1,"2021: COVID-disrupted PIT. HUD waived the unsheltered-count requirement. NOT comparable to other years."
"California","CA","CA-516","Redding/Shasta, Siskiyou, Lassen, Plumas, Del Norte, Modoc, Sierra Counties CoC",2022,58.7420816505342,1837,741,1096,312723,"Sheltered and Unsheltered Count",FALSE,0,"Full sheltered + unsheltered enumeration."
"California","CA","CA-516","Redding/Shasta, Siskiyou, Lassen, Plumas, Del Norte, Modoc, Sierra Counties CoC",2023,81.4394857133627,2521,1087,1434,309555,"Sheltered and Unsheltered Count",FALSE,0,"Full sheltered + unsheltered enumeration."
"California","CA","CA-516","Redding/Shasta, Siskiyou, Lassen, Plumas, Del Norte, Modoc, Sierra Counties CoC",2024,77.5826736331863,2404,970,1434,309863,"Sheltered-Only Count",TRUE,0,"Sheltered-only count: unsheltered people were not enumerated this year."
"California","CA","CA-516","Redding/Shasta, Siskiyou, Lassen, Plumas, Del Norte, Modoc, Sierra Counties CoC",2025,75.5445271574304,2329,928,1401,308295,"Sheltered and Unsheltered Count",FALSE,0,"Full sheltered + unsheltered enumeration."
"California","CA","CA-517","Napa City & County CoC",2010,22.9600976900972,314,186,128,136759,"No 2010 PIT Count",FALSE,0,"Full sheltered + unsheltered enumeration."
"California","CA","CA-517","Napa City & County CoC",2011,16.7040692565237,230,138,92,137691,"Sheltered and Unsheltered Count",FALSE,0,"Full sheltered + unsheltered enumeration."
"California","CA","CA-517","Napa City & County CoC",2012,17.9012256564986,248,156,92,138538,"Sheltered-Only Count",TRUE,0,"Sheltered-only count: unsheltered people were not enumerated this year."
"California","CA","CA-517","Napa City & County CoC",2013,17.5526579739218,245,177,68,139580,"Sheltered and Unsheltered Count",FALSE,0,"Full sheltered + unsheltered enumeration."
"California","CA","CA-517","Napa City & County CoC",2014,20.298422420854,285,194,91,140405,"Sheltered and Unsheltered Count",FALSE,0,"Full sheltered + unsheltered enumeration."
"California","CA","CA-517","Napa City & County CoC",2015,20.8004997799265,293,179,114,140862,"Sheltered and Unsheltered Count",FALSE,0,"Full sheltered + unsheltered enumeration."
"California","CA","CA-517","Napa City & County CoC",2016,22.5078102811701,317,199,118,140840,"Sheltered and Unsheltered Count",FALSE,0,"Full sheltered + unsheltered enumeration."
"California","CA","CA-517","Napa City & County CoC",2017,22.519624243984,315,199,116,139878,"Sheltered and Unsheltered Count",FALSE,0,"Full sheltered + unsheltered enumeration."
"California","CA","CA-517","Napa City & County CoC",2018,23.2006859333232,322,168,154,138789,"Sheltered and Unsheltered Count",FALSE,0,"Full sheltered + unsheltered enumeration."
"California","CA","CA-517","Napa City & County CoC",2019,23.3766988035776,322,172,150,137744,"Sheltered and Unsheltered Count",FALSE,0,"Full sheltered + unsheltered enumeration."
"California","CA","CA-517","Napa City & County CoC",2020,33.750118198151,464,161,303,137481,"Sheltered and Unsheltered Count",FALSE,0,"Full sheltered + unsheltered enumeration."
"California","CA","CA-517","Napa City & County CoC",2021,14.6771755243421,200,200,0,136266,"Sheltered-Only Count",TRUE,1,"2021: COVID-disrupted PIT. HUD waived the unsheltered-count requirement. NOT comparable to other years."
"California","CA","CA-517","Napa City & County CoC",2022,36.8032476077889,495,129,366,134499,"Sheltered and Unsheltered Count",FALSE,0,"Full sheltered + unsheltered enumeration."
"California","CA","CA-517","Napa City & County CoC",2023,37.8663154428713,506,157,349,133628,"Sheltered and Unsheltered Count",FALSE,0,"Full sheltered + unsheltered enumeration."
"California","CA","CA-517","Napa City & County CoC",2024,31.1009277692221,414,211,203,133115,"Sheltered and Unsheltered Count",FALSE,0,"Full sheltered + unsheltered enumeration."
"California","CA","CA-517","Napa City & County CoC",2025,28.1310878607586,374,199,175,132949,"Sheltered and Unsheltered Count",FALSE,0,"Full sheltered + unsheltered enumeration."
"California","CA","CA-518","Vallejo/Solano County CoC",2010,20.0257508448741,829,403,426,413967,"No 2010 PIT Count",FALSE,0,"Full sheltered + unsheltered enumeration."
"California","CA","CA-518","Vallejo/Solano County CoC",2011,13.6666490529421,569,334,235,416342,"Sheltered and Unsheltered Count",FALSE,0,"Full sheltered + unsheltered enumeration."
"California","CA","CA-518","Vallejo/Solano County CoC",2012,14.8210277501108,622,387,235,419674,"Sheltered-Only Count",TRUE,0,"Sheltered-only count: unsheltered people were not enumerated this year."
"California","CA","CA-518","Vallejo/Solano County CoC",2013,31.3695684500978,1329,440,889,423659,"Sheltered and Unsheltered Count",FALSE,0,"Full sheltered + unsheltered enumeration."
"California","CA","CA-518","Vallejo/Solano County CoC",2014,30.1860580038508,1295,406,889,429006,"Sheltered-Only Count",TRUE,0,"Sheltered-only count: unsheltered people were not enumerated this year."
"California","CA","CA-518","Vallejo/Solano County CoC",2015,24.9648715185887,1082,287,795,433409,"Sheltered and Unsheltered Count",FALSE,0,"Full sheltered + unsheltered enumeration."
"California","CA","CA-518","Vallejo/Solano County CoC",2016,25.4752106603958,1118,323,795,438858,"Sheltered-Only Count",TRUE,0,"Sheltered-only count: unsheltered people were not enumerated this year."
"California","CA","CA-518","Vallejo/Solano County CoC",2017,27.7783414616548,1232,315,917,443511,"Sheltered and Unsheltered Count",FALSE,0,"Full sheltered + unsheltered enumeration."
"California","CA","CA-518","Vallejo/Solano County CoC",2018,25.3295193224522,1129,212,917,445725,"Sheltered-Only Count",TRUE,0,"Sheltered-only count: unsheltered people were not enumerated this year."
"California","CA","CA-518","Vallejo/Solano County CoC",2019,25.7124538974138,1151,219,932,447643,"Sheltered and Unsheltered Count",FALSE,0,"Full sheltered + unsheltered enumeration."
"California","CA","CA-518","Vallejo/Solano County CoC",2020,25.6571611521434,1162,230,932,452895,"Sheltered-Only Count",TRUE,0,"Sheltered-only count: unsheltered people were not enumerated this year."
"California","CA","CA-518","Vallejo/Solano County CoC",2021,8.80172398503042,397,397,0,451048,"Sheltered-Only Count",TRUE,1,"2021: COVID-disrupted PIT. HUD waived the unsheltered-count requirement. NOT comparable to other years."
"California","CA","CA-518","Vallejo/Solano County CoC",2022,26.2086197238203,1179,259,920,449852,"Sheltered and Unsheltered Count",FALSE,0,"Full sheltered + unsheltered enumeration."
"California","CA","CA-518","Vallejo/Solano County CoC",2023,26.5853156009278,1200,280,920,451377,"Sheltered-Only Count*",TRUE,0,"Sheltered-only count: unsheltered people were not enumerated this year."
"California","CA","CA-518","Vallejo/Solano County CoC",2024,37.9057564011286,1725,289,1436,455076,"Sheltered and Unsheltered Count",FALSE,0,"Full sheltered + unsheltered enumeration."
"California","CA","CA-518","Vallejo/Solano County CoC",2025,36.5412318611433,1664,228,1436,455376,"Sheltered-Only Count",TRUE,0,"Sheltered-only count: unsheltered people were not enumerated this year."
"California","CA","CA-519","Chico, Paradise/Butte County CoC",2010,33.7350931352268,742,347,395,219949,"Sheltered and Unsheltered Count",FALSE,0,"Full sheltered + unsheltered enumeration."
"California","CA","CA-519","Chico, Paradise/Butte County CoC",2011,40.7773610637572,897,357,540,219975,"Sheltered and Unsheltered Count",FALSE,0,"Full sheltered + unsheltered enumeration."
"California","CA","CA-519","Chico, Paradise/Butte County CoC",2012,40.6123086535458,897,357,540,220869,"Sheltered-Only Count",TRUE,0,"Sheltered-only count: unsheltered people were not enumerated this year."
"California","CA","CA-519","Chico, Paradise/Butte County CoC",2013,32.1240203752916,712,289,423,221641,"Sheltered and Unsheltered Count",FALSE,0,"Full sheltered + unsheltered enumeration."
"California","CA","CA-519","Chico, Paradise/Butte County CoC",2014,31.1387104278888,696,273,423,223516,"Sheltered-Only Count",TRUE,0,"Sheltered-only count: unsheltered people were not enumerated this year."
"California","CA","CA-519","Chico, Paradise/Butte County CoC",2015,25.4194657015283,571,286,285,224631,"Sheltered and Unsheltered Count",FALSE,0,"Full sheltered + unsheltered enumeration."
"California","CA","CA-519","Chico, Paradise/Butte County CoC",2016,25.3722964580451,574,289,285,226231,"Sheltered-Only Count",TRUE,0,"Sheltered-only count: unsheltered people were not enumerated this year."
"California","CA","CA-519","Chico, Paradise/Butte County CoC",2017,52.2527722391297,1195,450,745,228696,"Sheltered and Unsheltered Count",FALSE,0,"Full sheltered + unsheltered enumeration."
"California","CA","CA-519","Chico, Paradise/Butte County CoC",2018,48.8410560087523,1125,380,745,230339,"Sheltered-Only Count",TRUE,0,"Sheltered-only count: unsheltered people were not enumerated this year."
"California","CA","CA-519","Chico, Paradise/Butte County CoC",2019,57.7591634502204,1266,428,838,219186,"Sheltered and Unsheltered Count",FALSE,0,"Full sheltered + unsheltered enumeration."
"California","CA","CA-519","Chico, Paradise/Butte County CoC",2020,60.6077905272973,1274,436,838,210204,"Sheltered-Only Count",TRUE,0,"Sheltered-only count: unsheltered people were not enumerated this year."
"California","CA","CA-519","Chico, Paradise/Butte County CoC",2021,24.181863118055,499,499,0,206353,"Sheltered-Only Count",TRUE,1,"2021: COVID-disrupted PIT. HUD waived the unsheltered-count requirement. NOT comparable to other years."
"California","CA","CA-519","Chico, Paradise/Butte County CoC",2022,48.5258933395076,1006,418,588,207312,"Sheltered and Unsheltered Count",FALSE,0,"Full sheltered + unsheltered enumeration."
"California","CA","CA-519","Chico, Paradise/Butte County CoC",2023,59.6760032033037,1237,657,580,207286,"Sheltered and Unsheltered Count",FALSE,0,"Full sheltered + unsheltered enumeration."
"California","CA","CA-519","Chico, Paradise/Butte County CoC",2024,66.2077032974409,1381,801,580,208586,"Sheltered-Only Count",TRUE,0,"Sheltered-only count: unsheltered people were not enumerated this year."
"California","CA","CA-519","Chico, Paradise/Butte County CoC",2025,66.5356984097395,1392,786,606,209211,"Sheltered and Unsheltered Count",FALSE,0,"Full sheltered + unsheltered enumeration."
"California","CA","CA-520","Merced City & County CoC",2010,14.4904390369311,372,148,224,256721,"No 2010 PIT Count",FALSE,0,"Full sheltered + unsheltered enumeration."
"California","CA","CA-520","Merced City & County CoC",2011,18.7429858424895,486,187,299,259297,"Sheltered and Unsheltered Count",FALSE,0,"Full sheltered + unsheltered enumeration."
"California","CA","CA-520","Merced City & County CoC",2012,19.2435225613052,502,164,338,260867,"Sheltered and Unsheltered Count",FALSE,0,"Full sheltered + unsheltered enumeration."
"California","CA","CA-520","Merced City & County CoC",2013,14.1970644134552,372,117,255,262026,"Sheltered and Unsheltered Count",FALSE,0,"Full sheltered + unsheltered enumeration."
"California","CA","CA-520","Merced City & County CoC",2014,29.0448114545475,768,159,609,264419,"Sheltered and Unsheltered Count",FALSE,0,"Full sheltered + unsheltered enumeration."
"California","CA","CA-520","Merced City & County CoC",2015,33.7146568651376,898,155,743,266353,"Sheltered and Unsheltered Count",FALSE,0,"Full sheltered + unsheltered enumeration."
"California","CA","CA-520","Merced City & County CoC",2016,19.2804938197797,516,160,356,267628,"Sheltered and Unsheltered Count",FALSE,0,"Full sheltered + unsheltered enumeration."
"California","CA","CA-520","Merced City & County CoC",2017,16.7468350694957,454,156,298,271096,"Sheltered and Unsheltered Count",FALSE,0,"Full sheltered + unsheltered enumeration."
"California","CA","CA-520","Merced City & County CoC",2018,18.7487917242687,514,202,312,274151,"Sheltered and Unsheltered Count",FALSE,0,"Full sheltered + unsheltered enumeration."
"California","CA","CA-520","Merced City & County CoC",2019,21.8957072889657,608,320,288,277680,"Sheltered and Unsheltered Count",FALSE,0,"Full sheltered + unsheltered enumeration."
"California","CA","CA-520","Merced City & County CoC",2020,22.4818395517772,636,323,313,282895,"Sheltered and Unsheltered Count",FALSE,0,"Full sheltered + unsheltered enumeration."
"California","CA","CA-520","Merced City & County CoC",2021,29.0077608787788,835,380,455,287854,"Sheltered and partial unsheltered count",FALSE,1,"2021: COVID-disrupted PIT. HUD waived the unsheltered-count requirement. NOT comparable to other years."
"California","CA","CA-520","Merced City & County CoC",2022,29.302799017071,855,487,368,291781,"Sheltered and Unsheltered Count",FALSE,0,"Full sheltered + unsheltered enumeration."
"California","CA","CA-520","Merced City & County CoC",2023,26.6377637869115,784,394,390,294319,"Sheltered and Unsheltered Count",FALSE,0,"Full sheltered + unsheltered enumeration."
"California","CA","CA-520","Merced City & County CoC",2024,28.2001435276122,837,409,428,296807,"Sheltered and Unsheltered Count",FALSE,0,"Full sheltered + unsheltered enumeration."
"California","CA","CA-520","Merced City & County CoC",2025,24.1202987283859,717,371,346,297260,"Sheltered and Unsheltered Count",FALSE,0,"Full sheltered + unsheltered enumeration."
"California","CA","CA-521","Davis, Woodland/Yolo County CoC",2010,24.4189921073441,491,202,289,201073,"No 2010 PIT Count",FALSE,0,"Full sheltered + unsheltered enumeration."
"California","CA","CA-521","Davis, Woodland/Yolo County CoC",2011,23.1735939867495,468,205,263,201954,"Sheltered and Unsheltered Count",FALSE,0,"Full sheltered + unsheltered enumeration."
"California","CA","CA-521","Davis, Woodland/Yolo County CoC",2012,25.0762552792116,513,250,263,204576,"Sheltered-Only Count",TRUE,0,"Sheltered-only count: unsheltered people were not enumerated this year."
"California","CA","CA-521","Davis, Woodland/Yolo County CoC",2013,22.9771392007446,474,276,198,206292,"Sheltered and Unsheltered Count",FALSE,0,"Full sheltered + unsheltered enumeration."
"California","CA","CA-521","Davis, Woodland/Yolo County CoC",2014,21.2094165970883,442,244,198,208398,"Sheltered-Only Count",TRUE,0,"Sheltered-only count: unsheltered people were not enumerated this year."
"California","CA","CA-521","Davis, Woodland/Yolo County CoC",2015,23.4864669845357,498,305,193,212037,"Sheltered and Unsheltered Count",FALSE,0,"Full sheltered + unsheltered enumeration."
"California","CA","CA-521","Davis, Woodland/Yolo County CoC",2016,24.6722349241978,532,339,193,215627,"Sheltered-Only Count",TRUE,0,"Sheltered-only count: unsheltered people were not enumerated this year."
"California","CA","CA-521","Davis, Woodland/Yolo County CoC",2017,21.0090764702921,459,250,209,218477,"Sheltered and Unsheltered Count",FALSE,0,"Full sheltered + unsheltered enumeration."
"California","CA","CA-521","Davis, Woodland/Yolo County CoC",2018,20.3527199047783,448,239,209,220118,"Sheltered-Only Count",TRUE,0,"Sheltered-only count: unsheltered people were not enumerated this year."
"California","CA","CA-521","Davis, Woodland/Yolo County CoC",2019,29.7052154195011,655,258,397,220500,"Sheltered and Unsheltered Count",FALSE,0,"Full sheltered + unsheltered enumeration."
"California","CA","CA-521","Davis, Woodland/Yolo County CoC",2020,29.4360764144012,641,244,397,217760,"Sheltered-Only Count",TRUE,0,"Sheltered-only count: unsheltered people were not enumerated this year."
"California","CA","CA-521","Davis, Woodland/Yolo County CoC",2021,17.4687622937,373,373,0,213524,"Sheltered-Only Count",TRUE,1,"2021: COVID-disrupted PIT. HUD waived the unsheltered-count requirement. NOT comparable to other years."
"California","CA","CA-521","Davis, Woodland/Yolo County CoC",2022,33.4748310553098,746,368,378,222854,"Sheltered and Unsheltered Count",FALSE,0,"Full sheltered + unsheltered enumeration."
"California","CA","CA-521","Davis, Woodland/Yolo County CoC",2023,33.203881745524,737,359,378,221962,"Sheltered-Only Count*",TRUE,0,"Sheltered-only count: unsheltered people were not enumerated this year."
"California","CA","CA-521","Davis, Woodland/Yolo County CoC",2024,42.192958882021,942,309,633,223260,"Sheltered and Unsheltered Count",FALSE,0,"Full sheltered + unsheltered enumeration."
"California","CA","CA-521","Davis, Woodland/Yolo County CoC",2025,43.0016487678802,965,332,633,224410,"Sheltered-Only Count",TRUE,0,"Sheltered-only count: unsheltered people were not enumerated this year."
"California","CA","CA-522","Humboldt County CoC",2010,100.363679458406,1355,355,1000,135009,"No 2010 PIT Count",FALSE,0,"Full sheltered + unsheltered enumeration."
"California","CA","CA-522","Humboldt County CoC",2011,63.6631840464941,861,407,454,135243,"Sheltered and Unsheltered Count",FALSE,0,"Full sheltered + unsheltered enumeration."
"California","CA","CA-522","Humboldt County CoC",2012,62.8659750914009,846,392,454,134572,"Sheltered-Only Count",TRUE,0,"Sheltered-only count: unsheltered people were not enumerated this year."
"California","CA","CA-522","Humboldt County CoC",2013,64.2842793687641,864,180,684,134403,"Sheltered and Unsheltered Count",FALSE,0,"Full sheltered + unsheltered enumeration."
"California","CA","CA-522","Humboldt County CoC",2014,69.2967716031942,932,248,684,134494,"Sheltered-Only Count",TRUE,0,"Sheltered-only count: unsheltered people were not enumerated this year."
"California","CA","CA-522","Humboldt County CoC",2015,87.3414161152315,1180,244,936,135102,"Sheltered and Unsheltered Count",FALSE,0,"Full sheltered + unsheltered enumeration."
"California","CA","CA-522","Humboldt County CoC",2016,83.2049306625578,1134,198,936,136290,"Sheltered-Only Count",TRUE,0,"Sheltered-only count: unsheltered people were not enumerated this year."
"California","CA","CA-522","Humboldt County CoC",2017,55.6015442431524,759,325,434,136507,"Sheltered and Unsheltered Count",FALSE,0,"Full sheltered + unsheltered enumeration."
"California","CA","CA-522","Humboldt County CoC",2018,51.5986025072664,703,269,434,136244,"Sheltered-Only Count",TRUE,0,"Sheltered-only count: unsheltered people were not enumerated this year."
"California","CA","CA-522","Humboldt County CoC",2019,125.555112940586,1702,300,1402,135558,"Sheltered and Unsheltered Count",FALSE,0,"Full sheltered + unsheltered enumeration."
"California","CA","CA-522","Humboldt County CoC",2020,124.800070433902,1701,299,1402,136298,"Sheltered-Only Count",TRUE,0,"Sheltered-only count: unsheltered people were not enumerated this year."
"California","CA","CA-522","Humboldt County CoC",2021,20.1377063744725,272,272,0,135070,"Sheltered-Only Count",TRUE,1,"2021: COVID-disrupted PIT. HUD waived the unsheltered-count requirement. NOT comparable to other years."
"California","CA","CA-522","Humboldt County CoC",2022,122.093066328836,1648,339,1309,134979,"Sheltered and Unsheltered Count",FALSE,0,"Full sheltered + unsheltered enumeration."
"California","CA","CA-522","Humboldt County CoC",2023,123.622682074711,1656,347,1309,133956,"Sheltered-Only Count*",TRUE,0,"Sheltered-only count: unsheltered people were not enumerated this year."
"California","CA","CA-522","Humboldt County CoC",2024,118.874882863275,1573,379,1194,132324,"Sheltered and Unsheltered Count",FALSE,0,"Full sheltered + unsheltered enumeration."
"California","CA","CA-522","Humboldt County CoC",2025,113.105501834451,1489,295,1194,131647,"Sheltered-Only Count",TRUE,0,"Sheltered-only count: unsheltered people were not enumerated this year."
"California","CA","CA-523","Colusa, Glenn, Trinity Counties CoC",2010,31.1123043636191,197,74,123,63319,"No 2010 PIT Count",FALSE,0,"Full sheltered + unsheltered enumeration."
"California","CA","CA-523","Colusa, Glenn, Trinity Counties CoC",2011,50.9921294756679,322,183,139,63147,"Sheltered and Unsheltered Count",FALSE,0,"Full sheltered + unsheltered enumeration."
"California","CA","CA-523","Colusa, Glenn, Trinity Counties CoC",2012,48.3840061318344,303,164,139,62624,"Sheltered-Only Count",TRUE,0,"Sheltered-only count: unsheltered people were not enumerated this year."
"California","CA","CA-523","Colusa, Glenn, Trinity Counties CoC",2013,111.384950228851,696,272,424,62486,"Sheltered and Unsheltered Count",FALSE,0,"Full sheltered + unsheltered enumeration."
"California","CA","CA-523","Colusa, Glenn, Trinity Counties CoC",2014,91.2529170354872,567,143,424,62135,"Sheltered-Only Count",TRUE,0,"Sheltered-only count: unsheltered people were not enumerated this year."
"California","CA","CA-523","Colusa, Glenn, Trinity Counties CoC",2015,21.9079222913109,136,56,80,62078,"Sheltered and Unsheltered Count",FALSE,0,"Full sheltered + unsheltered enumeration."
"California","CA","CA-523","Colusa, Glenn, Trinity Counties CoC",2016,18.4994530596487,115,35,80,62164,"Sheltered-Only Count",TRUE,0,"Sheltered-only count: unsheltered people were not enumerated this year."
"California","CA","CA-523","Colusa, Glenn, Trinity Counties CoC",2017,28.2817245424306,176,43,133,62231,"Sheltered and Unsheltered Count",FALSE,0,"Full sheltered + unsheltered enumeration."
"California","CA","CA-523","Colusa, Glenn, Trinity Counties CoC",2018,43.2592975206612,268,95,173,61952,"Sheltered and Unsheltered Count",FALSE,0,"Full sheltered + unsheltered enumeration."
"California","CA","CA-523","Colusa, Glenn, Trinity Counties CoC",2019,30.8557653676175,192,42,150,62225,"Sheltered and Unsheltered Count",FALSE,0,"Full sheltered + unsheltered enumeration."
"California","CA","CA-523","Colusa, Glenn, Trinity Counties CoC",2020,39.0449690333004,261,111,150,66846,"Sheltered-Only Count",TRUE,0,"Sheltered-only count: unsheltered people were not enumerated this year."
"California","CA","CA-523","Colusa, Glenn, Trinity Counties CoC",2021,20.9744112183137,140,140,0,66748,"Sheltered-Only Count",TRUE,1,"2021: COVID-disrupted PIT. HUD waived the unsheltered-count requirement. NOT comparable to other years."
"California","CA","CA-523","Colusa, Glenn, Trinity Counties CoC",2022,51.4348819266902,340,144,196,66103,"Sheltered and Unsheltered Count",FALSE,0,"Full sheltered + unsheltered enumeration."
"California","CA","CA-523","Colusa, Glenn, Trinity Counties CoC",2023,54.619936276741,360,180,180,65910,"Sheltered and Unsheltered Count",FALSE,0,"Full sheltered + unsheltered enumeration."
"California","CA","CA-523","Colusa, Glenn, Trinity Counties CoC",2024,37.5569790862145,248,119,129,66033,"Sheltered and Unsheltered Count",FALSE,0,"Full sheltered + unsheltered enumeration."
"California","CA","CA-523","Colusa, Glenn, Trinity Counties CoC",2025,34.5525670882993,227,153,74,65697,"Sheltered and Unsheltered Count",FALSE,0,"Full sheltered + unsheltered enumeration."
"California","CA","CA-524","Yuba City & County/Sutter County CoC",2010,30.6405184950239,512,387,125,167099,"Sheltered and Unsheltered Count",FALSE,0,"Full sheltered + unsheltered enumeration."
"California","CA","CA-524","Yuba City & County/Sutter County CoC",2011,38.8690251600577,649,355,294,166971,"Sheltered and Unsheltered Count",FALSE,0,"Full sheltered + unsheltered enumeration."
"California","CA","CA-524","Yuba City & County/Sutter County CoC",2012,29.4676065954732,492,272,220,166963,"Sheltered and Unsheltered Count",FALSE,0,"Full sheltered + unsheltered enumeration."
"California","CA","CA-524","Yuba City & County/Sutter County CoC",2013,88.6054046313478,1485,1106,379,167597,"Sheltered and Unsheltered Count",FALSE,0,"Full sheltered + unsheltered enumeration."
"California","CA","CA-524","Yuba City & County/Sutter County CoC",2014,43.1344356578001,726,347,379,168311,"Sheltered-Only Count",TRUE,0,"Sheltered-only count: unsheltered people were not enumerated this year."
"California","CA","CA-524","Yuba City & County/Sutter County CoC",2015,42.2850460942437,716,205,511,169327,"Sheltered and Unsheltered Count",FALSE,0,"Full sheltered + unsheltered enumeration."
"California","CA","CA-524","Yuba City & County/Sutter County CoC",2016,41.1262258778867,702,191,511,170694,"Sheltered-Only Count",TRUE,0,"Sheltered-only count: unsheltered people were not enumerated this year."
"California","CA","CA-524","Yuba City & County/Sutter County CoC",2017,43.9860633630818,760,287,473,172782,"Sheltered and Unsheltered Count",FALSE,0,"Full sheltered + unsheltered enumeration."
"California","CA","CA-524","Yuba City & County/Sutter County CoC",2018,43.9895345159714,765,292,473,173905,"Sheltered-Only Count",TRUE,0,"Sheltered-only count: unsheltered people were not enumerated this year."
"California","CA","CA-524","Yuba City & County/Sutter County CoC",2019,41.0501084611049,721,202,519,175639,"Sheltered and Unsheltered Count",FALSE,0,"Full sheltered + unsheltered enumeration."
"California","CA","CA-524","Yuba City & County/Sutter County CoC",2020,39.7334935164417,721,202,519,181459,"Sheltered-Only Count",TRUE,0,"Sheltered-only count: unsheltered people were not enumerated this year."
"California","CA","CA-524","Yuba City & County/Sutter County CoC",2021,58.9125855713533,1074,235,839,182304,"Sheltered and full unsheltered count",FALSE,1,"2021: COVID-disrupted PIT. HUD waived the unsheltered-count requirement. NOT comparable to other years."
"California","CA","CA-524","Yuba City & County/Sutter County CoC",2022,59.7775009289008,1094,255,839,183012,"Sheltered-Only Count",TRUE,0,"Sheltered-only count: unsheltered people were not enumerated this year."
"California","CA","CA-524","Yuba City & County/Sutter County CoC",2023,52.2228609234173,963,281,682,184402,"Sheltered and Unsheltered Count",FALSE,0,"Full sheltered + unsheltered enumeration."
"California","CA","CA-524","Yuba City & County/Sutter County CoC",2024,49.7923530106131,928,246,682,186374,"Sheltered-Only Count",TRUE,0,"Sheltered-only count: unsheltered people were not enumerated this year."
"California","CA","CA-524","Yuba City & County/Sutter County CoC",2025,44.2718612317179,830,302,528,187478,"Sheltered and Unsheltered Count",FALSE,0,"Full sheltered + unsheltered enumeration."
"California","CA","CA-525","El Dorado County CoC",2010,8.06024202808939,146,63,83,181136,"No 2010 PIT Count",FALSE,0,"Full sheltered + unsheltered enumeration."
"California","CA","CA-525","El Dorado County CoC",2011,9.39558739001636,170,133,37,180936,"Sheltered and Unsheltered Count",FALSE,0,"Full sheltered + unsheltered enumeration."
"California","CA","CA-525","El Dorado County CoC",2012,12.0171673819742,217,180,37,180575,"Sheltered-Only Count",TRUE,0,"Sheltered-only count: unsheltered people were not enumerated this year."
"California","CA","CA-525","El Dorado County CoC",2013,9.91839366104441,180,131,49,181481,"Sheltered and Unsheltered Count",FALSE,0,"Full sheltered + unsheltered enumeration."
"California","CA","CA-525","El Dorado County CoC",2014,10.6494527819647,195,146,49,183108,"Sheltered-Only Count",TRUE,0,"Sheltered-only count: unsheltered people were not enumerated this year."
"California","CA","CA-525","El Dorado County CoC",2015,14.5744951752461,269,121,148,184569,"Sheltered and Unsheltered Count",FALSE,0,"Full sheltered + unsheltered enumeration."
"California","CA","CA-525","El Dorado County CoC",2016,14.4642319439067,269,121,148,185976,"Sheltered-Only Count",TRUE,0,"Sheltered-only count: unsheltered people were not enumerated this year."
"California","CA","CA-525","El Dorado County CoC",2017,31.9060414778539,602,106,496,188679,"Sheltered and Unsheltered Count",FALSE,0,"Full sheltered + unsheltered enumeration."
"California","CA","CA-525","El Dorado County CoC",2018,33.8146016168098,645,149,496,190746,"Sheltered-Only Count",TRUE,0,"Sheltered-only count: unsheltered people were not enumerated this year."
"California","CA","CA-525","El Dorado County CoC",2019,31.7875162697116,613,133,480,192843,"Sheltered and Unsheltered Count",FALSE,0,"Full sheltered + unsheltered enumeration."
"California","CA","CA-525","El Dorado County CoC",2020,34.6690232538682,663,183,480,191237,"Sheltered-Only Count",TRUE,0,"Sheltered-only count: unsheltered people were not enumerated this year."
"California","CA","CA-525","El Dorado County CoC",2021,5.11281767898735,99,99,0,193631,"Sheltered-Only Count",TRUE,1,"2021: COVID-disrupted PIT. HUD waived the unsheltered-count requirement. NOT comparable to other years."
"California","CA","CA-525","El Dorado County CoC",2022,26.4884870978778,511,73,438,192914,"Sheltered and Unsheltered Count",FALSE,0,"Full sheltered + unsheltered enumeration."
"California","CA","CA-525","El Dorado County CoC",2023,25.5609349783955,491,53,438,192090,"Sheltered-Only Count*",TRUE,0,"Sheltered-only count: unsheltered people were not enumerated this year."
"California","CA","CA-525","El Dorado County CoC",2024,14.7631399743205,284,149,135,192371,"Sheltered and Unsheltered Count",FALSE,0,"Full sheltered + unsheltered enumeration."
"California","CA","CA-525","El Dorado County CoC",2025,15.0268038664122,289,154,135,192323,"Sheltered-Only Count",TRUE,0,"Sheltered-only count: unsheltered people were not enumerated this year."
"California","CA","CA-526","Amador, Calaveras, Mariposa, Tuolumne Counties CoC",2010,18.4286543256324,289,67,222,156821,"Sheltered-Only Count",TRUE,0,"Sheltered-only count: unsheltered people were not enumerated this year."
"California","CA","CA-526","Amador, Calaveras, Mariposa, Tuolumne Counties CoC",2011,26.0752843554716,406,137,269,155703,"Sheltered and Unsheltered Count",FALSE,0,"Full sheltered + unsheltered enumeration."
"California","CA","CA-526","Amador, Calaveras, Mariposa, Tuolumne Counties CoC",2012,24.6070341057388,379,110,269,154021,"Sheltered-Only Count",TRUE,0,"Sheltered-only count: unsheltered people were not enumerated this year."
"California","CA","CA-526","Amador, Calaveras, Mariposa, Tuolumne Counties CoC",2013,24.562159902274,376,136,240,153081,"Sheltered and Unsheltered Count",FALSE,0,"Full sheltered + unsheltered enumeration."
"California","CA","CA-526","Amador, Calaveras, Mariposa, Tuolumne Counties CoC",2014,24.973522835737,382,142,240,152962,"Sheltered-Only Count",TRUE,0,"Sheltered-only count: unsheltered people were not enumerated this year."
"California","CA","CA-526","Amador, Calaveras, Mariposa, Tuolumne Counties CoC",2015,28.061840465174,430,128,302,153233,"Sheltered and Unsheltered Count",FALSE,0,"Full sheltered + unsheltered enumeration."
"California","CA","CA-526","Amador, Calaveras, Mariposa, Tuolumne Counties CoC",2016,41.045091149977,632,151,481,153977,"Sheltered and Unsheltered Count",FALSE,0,"Full sheltered + unsheltered enumeration."
"California","CA","CA-526","Amador, Calaveras, Mariposa, Tuolumne Counties CoC",2017,23.586118251928,367,103,264,155600,"Sheltered and Unsheltered Count",FALSE,0,"Full sheltered + unsheltered enumeration."
"California","CA","CA-526","Amador, Calaveras, Mariposa, Tuolumne Counties CoC",2018,25.3672838522579,398,134,264,156895,"Sheltered-Only Count",TRUE,0,"Sheltered-only count: unsheltered people were not enumerated this year."
"California","CA","CA-526","Amador, Calaveras, Mariposa, Tuolumne Counties CoC",2019,53.7060341430551,845,158,687,157338,"Sheltered and Unsheltered Count",FALSE,0,"Full sheltered + unsheltered enumeration."
"California","CA","CA-526","Amador, Calaveras, Mariposa, Tuolumne Counties CoC",2020,52.646529684689,834,147,687,158415,"Sheltered-Only Count",TRUE,0,"Sheltered-only count: unsheltered people were not enumerated this year."
"California","CA","CA-526","Amador, Calaveras, Mariposa, Tuolumne Counties CoC",2021,9.45161835491766,151,151,0,159761,"Sheltered-Only Count",TRUE,1,"2021: COVID-disrupted PIT. HUD waived the unsheltered-count requirement. NOT comparable to other years."
"California","CA","CA-526","Amador, Calaveras, Mariposa, Tuolumne Counties CoC",2022,39.2926073316862,625,131,494,159063,"Sheltered and Unsheltered Count",FALSE,0,"Full sheltered + unsheltered enumeration."
"California","CA","CA-526","Amador, Calaveras, Mariposa, Tuolumne Counties CoC",2023,45.8445174723428,731,237,494,159452,"Sheltered-Only Count*",TRUE,0,"Sheltered-only count: unsheltered people were not enumerated this year."
"California","CA","CA-526","Amador, Calaveras, Mariposa, Tuolumne Counties CoC",2024,45.0492785223335,719,194,525,159603,"Sheltered and Unsheltered Count",FALSE,0,"Full sheltered + unsheltered enumeration."
"California","CA","CA-526","Amador, Calaveras, Mariposa, Tuolumne Counties CoC",2025,50.9589490347442,808,283,525,158559,"Sheltered-Only Count",TRUE,0,"Sheltered-only count: unsheltered people were not enumerated this year."
"California","CA","CA-527","Tehama County CoC",2015,21.849963583394,138,78,60,63158,"Sheltered and Unsheltered Count",FALSE,0,"Full sheltered + unsheltered enumeration."
"California","CA","CA-527","Tehama County CoC",2016,20.9603958835674,133,73,60,63453,"Sheltered-Only Count",TRUE,0,"Sheltered-only count: unsheltered people were not enumerated this year."
"California","CA","CA-527","Tehama County CoC",2017,19.4214293545507,124,68,56,63847,"Sheltered and Unsheltered Count",FALSE,0,"Full sheltered + unsheltered enumeration."
"California","CA","CA-527","Tehama County CoC",2018,19.5257583804555,125,69,56,64018,"Sheltered-Only Count",TRUE,0,"Sheltered-only count: unsheltered people were not enumerated this year."
"California","CA","CA-527","Tehama County CoC",2019,44.2505070370598,288,73,215,65084,"Sheltered and Unsheltered Count",FALSE,0,"Full sheltered + unsheltered enumeration."
"California","CA","CA-527","Tehama County CoC",2020,45.6204379562044,300,85,215,65760,"Sheltered-Only Count",TRUE,0,"Sheltered-only count: unsheltered people were not enumerated this year."
"California","CA","CA-527","Tehama County CoC",2021,40.7764321385482,267,49,218,65479,"Sheltered and full unsheltered count",FALSE,1,"2021: COVID-disrupted PIT. HUD waived the unsheltered-count requirement. NOT comparable to other years."
"California","CA","CA-527","Tehama County CoC",2022,44.5553650171485,291,73,218,65312,"Sheltered-Only Count",TRUE,0,"Sheltered-only count: unsheltered people were not enumerated this year."
"California","CA","CA-527","Tehama County CoC",2023,46.7347189767556,304,57,247,65048,"Sheltered and Unsheltered Count",FALSE,0,"Full sheltered + unsheltered enumeration."
"California","CA","CA-527","Tehama County CoC",2024,50.0254759368197,324,77,247,64767,"Sheltered-Only Count",TRUE,0,"Sheltered-only count: unsheltered people were not enumerated this year."
"California","CA","CA-527","Tehama County CoC",2025,51.6508157426738,334,108,226,64665,"Sheltered and Unsheltered Count",FALSE,0,"Full sheltered + unsheltered enumeration."
"California","CA","CA-529","Lake County CoC",2015,49.0196078431373,315,27,288,64260,"Sheltered and Unsheltered Count",FALSE,0,"Full sheltered + unsheltered enumeration."
"California","CA","CA-529","Lake County CoC",2016,51.9537423908111,332,44,288,63903,"Sheltered-Only Count",TRUE,0,"Sheltered-only count: unsheltered people were not enumerated this year."
"California","CA","CA-529","Lake County CoC",2017,62.5477687136373,401,28,373,64111,"Sheltered and Unsheltered Count",FALSE,0,"Full sheltered + unsheltered enumeration."
"California","CA","CA-529","Lake County CoC",2018,95.6201315359858,615,24,591,64317,"Sheltered and Unsheltered Count",FALSE,0,"Full sheltered + unsheltered enumeration."
"California","CA","CA-529","Lake County CoC",2019,63.3678128785761,408,26,382,64386,"Sheltered and Unsheltered Count",FALSE,0,"Full sheltered + unsheltered enumeration."
"California","CA","CA-529","Lake County CoC",2020,52.3399014778325,357,21,336,68208,"Sheltered and Unsheltered Count",FALSE,0,"Full sheltered + unsheltered enumeration."
"California","CA","CA-529","Lake County CoC",2021,44.5427814492416,306,75,231,68698,"Sheltered and full unsheltered count",FALSE,1,"2021: COVID-disrupted PIT. HUD waived the unsheltered-count requirement. NOT comparable to other years."
"California","CA","CA-529","Lake County CoC",2022,49.6550511930395,339,80,259,68271,"Sheltered and Unsheltered Count",FALSE,0,"Full sheltered + unsheltered enumeration."
"California","CA","CA-529","Lake County CoC",2023,67.6212036574251,460,201,259,68026,"Sheltered-Only Count*",TRUE,0,"Sheltered-only count: unsheltered people were not enumerated this year."
"California","CA","CA-529","Lake County CoC",2024,88.98055391868,604,169,435,67880,"Sheltered and Unsheltered Count",FALSE,0,"Full sheltered + unsheltered enumeration."
"California","CA","CA-529","Lake County CoC",2025,56.5130142241634,383,111,272,67772,"Sheltered and Unsheltered Count",FALSE,0,"Full sheltered + unsheltered enumeration."
"California","CA","CA-530","Alpine, Inyo, Mono Counties CoC",2015,15.9340989717997,53,8,45,33262,"Sheltered and Unsheltered Count",FALSE,0,"Full sheltered + unsheltered enumeration."
"California","CA","CA-530","Alpine, Inyo, Mono Counties CoC",2016,39.1071536008664,130,11,119,33242,"Sheltered and Unsheltered Count",FALSE,0,"Full sheltered + unsheltered enumeration."
"California","CA","CA-530","Alpine, Inyo, Mono Counties CoC",2017,36.30036300363,121,5,116,33333,"Sheltered and Unsheltered Count",FALSE,0,"Full sheltered + unsheltered enumeration."
"California","CA","CA-530","Alpine, Inyo, Mono Counties CoC",2018,46.9525689335487,157,1,156,33438,"Sheltered and Unsheltered Count",FALSE,0,"Full sheltered + unsheltered enumeration."
"California","CA","CA-530","Alpine, Inyo, Mono Counties CoC",2019,63.6677377127216,214,17,197,33612,"Sheltered and Unsheltered Count",FALSE,0,"Full sheltered + unsheltered enumeration."
"California","CA","CA-530","Alpine, Inyo, Mono Counties CoC",2020,55.1046689227636,184,22,162,33391,"Sheltered and Unsheltered Count",FALSE,0,"Full sheltered + unsheltered enumeration."
"California","CA","CA-530","Alpine, Inyo, Mono Counties CoC",2021,17.4142797093617,58,58,0,33306,"Sheltered-Only Count",TRUE,1,"2021: COVID-disrupted PIT. HUD waived the unsheltered-count requirement. NOT comparable to other years."
"California","CA","CA-530","Alpine, Inyo, Mono Counties CoC",2022,42.7180911115858,140,45,95,32773,"Sheltered and Unsheltered Count",FALSE,0,"Full sheltered + unsheltered enumeration."
"California","CA","CA-530","Alpine, Inyo, Mono Counties CoC",2023,26.9880700463091,88,14,74,32607,"Sheltered and Unsheltered Count",FALSE,0,"Full sheltered + unsheltered enumeration."
"California","CA","CA-530","Alpine, Inyo, Mono Counties CoC",2024,33.0423940149626,106,37,69,32080,"Sheltered and Unsheltered Count",FALSE,0,"Full sheltered + unsheltered enumeration."
"California","CA","CA-530","Alpine, Inyo, Mono Counties CoC",2025,39.109316848546,124,26,98,31706,"Sheltered and Unsheltered Count",FALSE,0,"Full sheltered + unsheltered enumeration."
"California","CA","CA-531","Nevada County CoC",2019,41.6019247155531,415,164,251,99755,"Sheltered and Unsheltered Count",FALSE,0,"Full sheltered + unsheltered enumeration."
"California","CA","CA-531","Nevada County CoC",2020,37.8373093468909,387,136,251,102280,"Sheltered-Only Count",TRUE,0,"Sheltered-only count: unsheltered people were not enumerated this year."
"California","CA","CA-531","Nevada County CoC",2021,38.7454587616913,401,238,163,103496,"Sheltered and partial unsheltered count",FALSE,1,"2021: COVID-disrupted PIT. HUD waived the unsheltered-count requirement. NOT comparable to other years."
"California","CA","CA-531","Nevada County CoC",2022,51.4764058333415,527,284,243,102377,"Sheltered and Unsheltered Count",FALSE,0,"Full sheltered + unsheltered enumeration."
"California","CA","CA-531","Nevada County CoC",2023,48.206937095826,492,265,227,102060,"Sheltered and Unsheltered Count",FALSE,0,"Full sheltered + unsheltered enumeration."
"California","CA","CA-531","Nevada County CoC",2024,50.5159281812308,516,258,258,102146,"Sheltered and Unsheltered Count",FALSE,0,"Full sheltered + unsheltered enumeration."
"California","CA","CA-531","Nevada County CoC",2025,45.7261728370833,466,202,264,101911,"Sheltered and Unsheltered Count",FALSE,0,"Full sheltered + unsheltered enumeration."
"California","CA","CA-600","Los Angeles City & County CoC",2010,36.7877813970942,33243,14050,19193,9036424.25216372,"No 2010 PIT Count",FALSE,0,"Full sheltered + unsheltered enumeration."
"California","CA","CA-600","Los Angeles City & County CoC",2011,38.1073091328076,34622,16882,17740,9085396.15834302,"Sheltered and Unsheltered Count",FALSE,0,"Full sheltered + unsheltered enumeration."
"California","CA","CA-600","Los Angeles City & County CoC",2012,34.5234986615714,31553,13813,17740,9139571.95048777,"Sheltered-Only Count",TRUE,0,"Sheltered-only count: unsheltered people were not enumerated this year."
"California","CA","CA-600","Los Angeles City & County CoC",2013,38.6462009216062,35524,12934,22590,9192106.63735368,"Sheltered and Unsheltered Count",FALSE,0,"Full sheltered + unsheltered enumeration."
"California","CA","CA-600","Los Angeles City & County CoC",2014,37.2384537956698,34393,11803,22590,9235882.9366861,"Sheltered-Only Count",TRUE,0,"Sheltered-only count: unsheltered people were not enumerated this year."
"California","CA","CA-600","Los Angeles City & County CoC",2015,44.3800361057356,41174,12226,28948,9277594.9757911,"Sheltered and Unsheltered Count",FALSE,0,"Full sheltered + unsheltered enumeration."
"California","CA","CA-600","Los Angeles City & County CoC",2016,47.1738014191186,43854,11073,32781,9296261.62843575,"Sheltered and Unsheltered Count",FALSE,0,"Full sheltered + unsheltered enumeration."
"California","CA","CA-600","Los Angeles City & County CoC",2017,56.4230733446126,52442,13972,38470,9294424.58401769,"Sheltered and Unsheltered Count",FALSE,0,"Full sheltered + unsheltered enumeration."
"California","CA","CA-600","Los Angeles City & County CoC",2018,53.9062941493289,49955,12385,37570,9267006.90305604,"Sheltered and Unsheltered Count",FALSE,0,"Full sheltered + unsheltered enumeration."
"California","CA","CA-600","Los Angeles City & County CoC",2019,60.9171944236223,56257,13786,42471,9234995.23119614,"Sheltered and Unsheltered Count",FALSE,0,"Full sheltered + unsheltered enumeration."
"California","CA","CA-600","Los Angeles City & County CoC",2020,69.2772021936024,63706,17616,46090,9195810.1630558,"Sheltered and Unsheltered Count",FALSE,0,"Full sheltered + unsheltered enumeration."
"California","CA","CA-600","Los Angeles City & County CoC",2021,19.0865515654251,17225,17225,0,9024678.94263451,"Sheltered-Only Count",TRUE,1,"2021: COVID-disrupted PIT. HUD waived the unsheltered-count requirement. NOT comparable to other years."
"California","CA","CA-600","Los Angeles City & County CoC",2022,72.6062334713274,65111,19233,45878,8967687.3302776,"Sheltered and Unsheltered Count",FALSE,0,"Full sheltered + unsheltered enumeration."
"California","CA","CA-600","Los Angeles City & County CoC",2023,79.6603656143681,71320,19013,52307,8953009.37297433,"Sheltered and Unsheltered Count",FALSE,0,"Full sheltered + unsheltered enumeration."
"California","CA","CA-600","Los Angeles City & County CoC",2024,79.3944803924888,71201,21692,49509,8968003.77658697,"Sheltered and Unsheltered Count",FALSE,0,"Full sheltered + unsheltered enumeration."
"California","CA","CA-600","Los Angeles City & County CoC",2025,75.9969026711013,67777,23362,44415,8918389.77876831,"Sheltered and Unsheltered Count",FALSE,0,"Full sheltered + unsheltered enumeration."
"California","CA","CA-601","San Diego City and County CoC",2010,27.0139455506101,8383,3918,4465,3103212,"Sheltered and Unsheltered Count",FALSE,0,"Full sheltered + unsheltered enumeration."
"California","CA","CA-601","San Diego City and County CoC",2011,30.0781982151987,9436,3980,5456,3137156,"Sheltered and Unsheltered Count",FALSE,0,"Full sheltered + unsheltered enumeration."
"California","CA","CA-601","San Diego City and County CoC",2012,31.5436146468473,10013,4371,5642,3174335,"Sheltered and Unsheltered Count",FALSE,0,"Full sheltered + unsheltered enumeration."
"California","CA","CA-601","San Diego City and County CoC",2013,27.662435415893,8879,4305,4574,3209768,"Sheltered and Unsheltered Count",FALSE,0,"Full sheltered + unsheltered enumeration."
"California","CA","CA-601","San Diego City and County CoC",2014,26.1813543572133,8506,4521,3985,3248877,"Sheltered and Unsheltered Count",FALSE,0,"Full sheltered + unsheltered enumeration."
"California","CA","CA-601","San Diego City and County CoC",2015,26.6455339317555,8742,4586,4156,3280850,"Sheltered and Unsheltered Count",FALSE,0,"Full sheltered + unsheltered enumeration."
"California","CA","CA-601","San Diego City and County CoC",2016,26.2213146712021,8669,3729,4940,3306089,"Sheltered and Unsheltered Count",FALSE,0,"Full sheltered + unsheltered enumeration."
"California","CA","CA-601","San Diego City and County CoC",2017,27.5800853718057,9160,3539,5621,3321237,"Sheltered and Unsheltered Count",FALSE,0,"Full sheltered + unsheltered enumeration."
"California","CA","CA-601","San Diego City and County CoC",2018,25.7239279022131,8576,3586,4990,3333861,"Sheltered and Unsheltered Count",FALSE,0,"Full sheltered + unsheltered enumeration."
"California","CA","CA-601","San Diego City and County CoC",2019,24.26961983986,8102,3626,4476,3338330,"Sheltered and Unsheltered Count",FALSE,0,"Full sheltered + unsheltered enumeration."
"California","CA","CA-601","San Diego City and County CoC",2020,23.137671874006,7638,3667,3971,3301110,"Sheltered and Unsheltered Count",FALSE,0,"Full sheltered + unsheltered enumeration."
"California","CA","CA-601","San Diego City and County CoC",2021,12.65965511836,4143,4143,0,3272601,"Sheltered-Only Count",TRUE,1,"2021: COVID-disrupted PIT. HUD waived the unsheltered-count requirement. NOT comparable to other years."
"California","CA","CA-601","San Diego City and County CoC",2022,25.6992109698761,8427,4321,4106,3279089,"Sheltered and Unsheltered Count",FALSE,0,"Full sheltered + unsheltered enumeration."
"California","CA","CA-601","San Diego City and County CoC",2023,31.2952018089261,10264,5093,5171,3279736,"Sheltered and Unsheltered Count",FALSE,0,"Full sheltered + unsheltered enumeration."
"California","CA","CA-601","San Diego City and County CoC",2024,32.2581430138383,10605,4495,6110,3287542,"Sheltered and Unsheltered Count",FALSE,0,"Full sheltered + unsheltered enumeration."
"California","CA","CA-601","San Diego City and County CoC",2025,30.1774881118063,9905,4191,5714,3282248,"Sheltered and Unsheltered Count",FALSE,0,"Full sheltered + unsheltered enumeration."
"California","CA","CA-602","Santa Ana, Anaheim/Orange County CoC",2010,27.6369068288333,8333,2609,5724,3015171,"No 2010 PIT Count",FALSE,0,"Full sheltered + unsheltered enumeration."
"California","CA","CA-602","Santa Ana, Anaheim/Orange County CoC",2011,22.7562587910356,6939,2667,4272,3049271,"Sheltered and Unsheltered Count",FALSE,0,"Full sheltered + unsheltered enumeration."
"California","CA","CA-602","Santa Ana, Anaheim/Orange County CoC",2012,22.7740257850054,7010,2738,4272,3078068,"Sheltered-Only Count",TRUE,0,"Sheltered-only count: unsheltered people were not enumerated this year."
"California","CA","CA-602","Santa Ana, Anaheim/Orange County CoC",2013,13.6910417236993,4251,2573,1678,3104950,"Sheltered and Unsheltered Count",FALSE,0,"Full sheltered + unsheltered enumeration."
"California","CA","CA-602","Santa Ana, Anaheim/Orange County CoC",2014,12.2595702529668,3833,2155,1678,3126537,"Sheltered-Only Count",TRUE,0,"Sheltered-only count: unsheltered people were not enumerated this year."
"California","CA","CA-602","Santa Ana, Anaheim/Orange County CoC",2015,14.1365645480872,4452,2251,2201,3149280,"Sheltered and Unsheltered Count",FALSE,0,"Full sheltered + unsheltered enumeration."
"California","CA","CA-602","Santa Ana, Anaheim/Orange County CoC",2016,13.6461899041576,4319,2118,2201,3164986,"Sheltered-Only Count",TRUE,0,"Sheltered-only count: unsheltered people were not enumerated this year."
"California","CA","CA-602","Santa Ana, Anaheim/Orange County CoC",2017,15.0962940047362,4792,2208,2584,3174289,"Sheltered and Unsheltered Count",FALSE,0,"Full sheltered + unsheltered enumeration."
"California","CA","CA-602","Santa Ana, Anaheim/Orange County CoC",2018,15.6015180229807,4955,2371,2584,3175973,"Sheltered-Only Count",TRUE,0,"Sheltered-only count: unsheltered people were not enumerated this year."
"California","CA","CA-602","Santa Ana, Anaheim/Orange County CoC",2019,21.6015910862892,6860,2899,3961,3175692,"Sheltered and Unsheltered Count",FALSE,0,"Full sheltered + unsheltered enumeration."
"California","CA","CA-602","Santa Ana, Anaheim/Orange County CoC",2020,21.9009235862401,6978,3017,3961,3186167,"Sheltered-Only Count",TRUE,0,"Sheltered-only count: unsheltered people were not enumerated this year."
"California","CA","CA-602","Santa Ana, Anaheim/Orange County CoC",2021,7.72277728915015,2441,2441,0,3160780,"Sheltered-Only Count",TRUE,1,"2021: COVID-disrupted PIT. HUD waived the unsheltered-count requirement. NOT comparable to other years."
"California","CA","CA-602","Santa Ana, Anaheim/Orange County CoC",2022,18.11642416385,5718,2661,3057,3156252,"Sheltered and Unsheltered Count",FALSE,0,"Full sheltered + unsheltered enumeration."
"California","CA","CA-602","Santa Ana, Anaheim/Orange County CoC",2023,19.2103681373341,6050,2993,3057,3149341,"Sheltered-Only Count*",TRUE,0,"Sheltered-only count: unsheltered people were not enumerated this year."
"California","CA","CA-602","Santa Ana, Anaheim/Orange County CoC",2024,23.1853622530776,7322,3149,4173,3158027,"Sheltered and Unsheltered Count",FALSE,0,"Full sheltered + unsheltered enumeration."
"California","CA","CA-602","Santa Ana, Anaheim/Orange County CoC",2025,24.4800217938871,7710,3537,4173,3149507,"Sheltered-Only Count",TRUE,0,"Sheltered-only count: unsheltered people were not enumerated this year."
"California","CA","CA-603","Santa Maria/Santa Barbara County CoC",2010,97.1404729970229,4121,1148,2973,424231,"No 2010 PIT Count",FALSE,0,"Full sheltered + unsheltered enumeration."
"California","CA","CA-603","Santa Maria/Santa Barbara County CoC",2011,39.9104013839367,1698,830,868,425453,"Sheltered and Unsheltered Count",FALSE,0,"Full sheltered + unsheltered enumeration."
"California","CA","CA-603","Santa Maria/Santa Barbara County CoC",2012,35.9786734435035,1546,678,868,429699,"Sheltered-Only Count",TRUE,0,"Sheltered-only count: unsheltered people were not enumerated this year."
"California","CA","CA-603","Santa Maria/Santa Barbara County CoC",2013,43.3040881176067,1882,904,978,434601,"Sheltered and Unsheltered Count",FALSE,0,"Full sheltered + unsheltered enumeration."
"California","CA","CA-603","Santa Maria/Santa Barbara County CoC",2014,41.7269300413397,1832,854,978,439045,"Sheltered-Only Count",TRUE,0,"Sheltered-only count: unsheltered people were not enumerated this year."
"California","CA","CA-603","Santa Maria/Santa Barbara County CoC",2015,39.0973907183835,1729,839,890,442229,"Sheltered and Unsheltered Count",FALSE,0,"Full sheltered + unsheltered enumeration."
"California","CA","CA-603","Santa Maria/Santa Barbara County CoC",2016,40.8020884907953,1813,923,890,444340,"Sheltered-Only Count",TRUE,0,"Sheltered-only count: unsheltered people were not enumerated this year."
"California","CA","CA-603","Santa Maria/Santa Barbara County CoC",2017,41.7697811353296,1860,967,893,445298,"Sheltered and Unsheltered Count",FALSE,0,"Full sheltered + unsheltered enumeration."
"California","CA","CA-603","Santa Maria/Santa Barbara County CoC",2018,38.2699986540446,1706,813,893,445780,"Sheltered-Only Count",TRUE,0,"Sheltered-only count: unsheltered people were not enumerated this year."
"California","CA","CA-603","Santa Maria/Santa Barbara County CoC",2019,40.3808295203349,1803,670,1133,446499,"Sheltered and Unsheltered Count",FALSE,0,"Full sheltered + unsheltered enumeration."
"California","CA","CA-603","Santa Maria/Santa Barbara County CoC",2020,42.3130541459878,1897,674,1223,448325,"Sheltered and Unsheltered Count",FALSE,0,"Full sheltered + unsheltered enumeration."
"California","CA","CA-603","Santa Maria/Santa Barbara County CoC",2021,11.4278139277625,500,500,0,437529,"Sheltered-Only Count",TRUE,1,"2021: COVID-disrupted PIT. HUD waived the unsheltered-count requirement. NOT comparable to other years."
"California","CA","CA-603","Santa Maria/Santa Barbara County CoC",2022,44.0501929721756,1962,595,1367,445401,"Sheltered and Unsheltered Count",FALSE,0,"Full sheltered + unsheltered enumeration."
"California","CA","CA-603","Santa Maria/Santa Barbara County CoC",2023,42.6076707355073,1887,685,1202,442878,"Sheltered and Unsheltered Count",FALSE,0,"Full sheltered + unsheltered enumeration."
"California","CA","CA-603","Santa Maria/Santa Barbara County CoC",2024,47.8242127285982,2119,787,1332,443081,"Sheltered and Unsheltered Count",FALSE,0,"Full sheltered + unsheltered enumeration."
"California","CA","CA-603","Santa Maria/Santa Barbara County CoC",2025,55.5348195401129,2455,976,1479,442065,"Sheltered and Unsheltered Count",FALSE,0,"Full sheltered + unsheltered enumeration."
"California","CA","CA-604","Bakersfield/Kern County CoC",2010,17.8241038007315,1499,667,832,840996,"No 2010 PIT Count",FALSE,0,"Full sheltered + unsheltered enumeration."
"California","CA","CA-604","Bakersfield/Kern County CoC",2011,16.9699399742915,1439,606,833,847970,"Sheltered and Unsheltered Count",FALSE,0,"Full sheltered + unsheltered enumeration."
"California","CA","CA-604","Bakersfield/Kern County CoC",2012,15.8386890438914,1352,519,833,853606,"Sheltered-Only Count",TRUE,0,"Sheltered-only count: unsheltered people were not enumerated this year."
"California","CA","CA-604","Bakersfield/Kern County CoC",2013,13.3642691415313,1152,547,605,862000,"Sheltered and Unsheltered Count",FALSE,0,"Full sheltered + unsheltered enumeration."
"California","CA","CA-604","Bakersfield/Kern County CoC",2014,11.4131085073679,992,577,415,869176,"Sheltered and Unsheltered Count",FALSE,0,"Full sheltered + unsheltered enumeration."
"California","CA","CA-604","Bakersfield/Kern County CoC",2015,10.8900255812865,954,545,409,876031,"Sheltered and Unsheltered Count",FALSE,0,"Full sheltered + unsheltered enumeration."
"California","CA","CA-604","Bakersfield/Kern County CoC",2016,12.1132171433242,1067,561,506,880856,"Sheltered and Unsheltered Count",FALSE,0,"Full sheltered + unsheltered enumeration."
"California","CA","CA-604","Bakersfield/Kern County CoC",2017,9.12824165273013,810,541,269,887356,"Sheltered and Unsheltered Count",FALSE,0,"Full sheltered + unsheltered enumeration."
"California","CA","CA-604","Bakersfield/Kern County CoC",2018,9.90200926872822,885,515,370,893758,"Sheltered and Unsheltered Count",FALSE,0,"Full sheltered + unsheltered enumeration."
"California","CA","CA-604","Bakersfield/Kern County CoC",2019,14.7744617319224,1330,525,805,900202,"Sheltered and Unsheltered Count",FALSE,0,"Full sheltered + unsheltered enumeration."
"California","CA","CA-604","Bakersfield/Kern County CoC",2020,17.440063578966,1580,576,1004,905960,"Sheltered and Unsheltered Count",FALSE,0,"Full sheltered + unsheltered enumeration."
"California","CA","CA-604","Bakersfield/Kern County CoC",2021,23.5548032626141,2150,569,1581,912765,"Sheltered and partial unsheltered count",FALSE,1,"2021: COVID-disrupted PIT. HUD waived the unsheltered-count requirement. NOT comparable to other years."
"California","CA","CA-604","Bakersfield/Kern County CoC",2022,17.4795054706599,1603,875,728,917074,"Sheltered and Unsheltered Count",FALSE,0,"Full sheltered + unsheltered enumeration."
"California","CA","CA-604","Bakersfield/Kern County CoC",2023,21.2293169456375,1948,931,1017,917599,"Sheltered and Unsheltered Count",FALSE,0,"Full sheltered + unsheltered enumeration."
"California","CA","CA-604","Bakersfield/Kern County CoC",2024,28.8650383713586,2669,1006,1663,924648,"Sheltered and Unsheltered Count",FALSE,0,"Full sheltered + unsheltered enumeration."
"California","CA","CA-604","Bakersfield/Kern County CoC",2025,28.1640613202052,2611,1213,1398,927068,"Sheltered and Unsheltered Count",FALSE,0,"Full sheltered + unsheltered enumeration."
"California","CA","CA-606","Long Beach CoC",2010,85.3333477374136,3909,2154,1755,458085.860176107,"No 2010 PIT Count",FALSE,0,"Full sheltered + unsheltered enumeration."
"California","CA","CA-606","Long Beach CoC",2011,68.6977213030493,3164,961,2203,460568.406052729,"Sheltered and Unsheltered Count",FALSE,0,"Full sheltered + unsheltered enumeration."
"California","CA","CA-606","Long Beach CoC",2012,68.4200097941146,3170,967,2203,463314.753905908,"Sheltered-Only Count",TRUE,0,"Sheltered-only count: unsheltered people were not enumerated this year."
"California","CA","CA-606","Long Beach CoC",2013,61.0973169844218,2847,968,1879,465977.908772313,"Sheltered and Unsheltered Count",FALSE,0,"Full sheltered + unsheltered enumeration."
"California","CA","CA-606","Long Beach CoC",2014,58.4796480283908,2738,859,1879,468197.072367937,"Sheltered-Only Count",TRUE,0,"Sheltered-only count: unsheltered people were not enumerated this year."
"California","CA","CA-606","Long Beach CoC",2015,49.8605613923828,2345,832,1513,470311.591870333,"Sheltered and Unsheltered Count",FALSE,0,"Full sheltered + unsheltered enumeration."
"California","CA","CA-606","Long Beach CoC",2016,47.7445612031109,2250,737,1513,471257.865462045,"Sheltered-Only Count",TRUE,0,"Sheltered-only count: unsheltered people were not enumerated this year."
"California","CA","CA-606","Long Beach CoC",2017,39.5403102800944,1863,655,1208,471164.739680326,"Sheltered and Unsheltered Count",FALSE,0,"Full sheltered + unsheltered enumeration."
"California","CA","CA-606","Long Beach CoC",2018,39.8701635145064,1873,665,1208,469774.847880553,"Sheltered-Only Count",TRUE,0,"Sheltered-only count: unsheltered people were not enumerated this year."
"California","CA","CA-606","Long Beach CoC",2019,40.4569394131799,1894,619,1275,468152.071677222,"Sheltered and Unsheltered Count",FALSE,0,"Full sheltered + unsheltered enumeration."
"California","CA","CA-606","Long Beach CoC",2020,43.632558270088,2034,452,1582,466165.652586636,"Sheltered and Unsheltered Count",FALSE,0,"Full sheltered + unsheltered enumeration."
"California","CA","CA-606","Long Beach CoC",2021,13.1806029451994,603,603,0,457490.452073457,"Sheltered-Only Count",TRUE,1,"2021: COVID-disrupted PIT. HUD waived the unsheltered-count requirement. NOT comparable to other years."
"California","CA","CA-606","Long Beach CoC",2022,72.5030825259475,3296,1009,2287,454601.361096671,"Sheltered and Unsheltered Count",FALSE,0,"Full sheltered + unsheltered enumeration."
"California","CA","CA-606","Long Beach CoC",2023,75.9489842939261,3447,965,2482,453857.287499718,"Sheltered and Unsheltered Count",FALSE,0,"Full sheltered + unsheltered enumeration."
"California","CA","CA-606","Long Beach CoC",2024,74.2602456319121,3376,921,2455,454617.402793672,"Sheltered and Unsheltered Count",FALSE,0,"Full sheltered + unsheltered enumeration."
"California","CA","CA-606","Long Beach CoC",2025,80.7781765738186,3652,1046,2606,452102.307194647,"Sheltered and Unsheltered Count",FALSE,0,"Full sheltered + unsheltered enumeration."
"California","CA","CA-607","Pasadena CoC",2010,82.5681848138589,1137,491,646,137704.37155222,"Sheltered and Unsheltered Count",FALSE,0,"Full sheltered + unsheltered enumeration."
"California","CA","CA-607","Pasadena CoC",2011,87.8291320330458,1216,453,763,138450.645230387,"Sheltered and Unsheltered Count",FALSE,0,"Full sheltered + unsheltered enumeration."
"California","CA","CA-607","Pasadena CoC",2012,64.9069884528767,904,467,437,139276.219949153,"Sheltered and Unsheltered Count",FALSE,0,"Full sheltered + unsheltered enumeration."
"California","CA","CA-607","Pasadena CoC",2013,55.1126293722362,772,379,393,140076.786172882,"Sheltered and Unsheltered Count",FALSE,0,"Full sheltered + unsheltered enumeration."
"California","CA","CA-607","Pasadena CoC",2014,47.319995474136,666,265,401,140743.88497438,"Sheltered and Unsheltered Count",FALSE,0,"Full sheltered + unsheltered enumeration."
"California","CA","CA-607","Pasadena CoC",2015,44.7023705516956,632,190,442,141379.526902075,"Sheltered and Unsheltered Count",FALSE,0,"Full sheltered + unsheltered enumeration."
"California","CA","CA-607","Pasadena CoC",2016,37.4124730300935,530,178,352,141663.984514919,"Sheltered and Unsheltered Count",FALSE,0,"Full sheltered + unsheltered enumeration."
"California","CA","CA-607","Pasadena CoC",2017,40.5970261817663,575,228,347,141635.990140148,"Sheltered and Unsheltered Count",FALSE,0,"Full sheltered + unsheltered enumeration."
"California","CA","CA-607","Pasadena CoC",2018,47.94000412551,677,215,462,141218.177250793,"Sheltered and Unsheltered Count",FALSE,0,"Full sheltered + unsheltered enumeration."
"California","CA","CA-607","Pasadena CoC",2019,38.5133676929631,542,221,321,140730.357397188,"Sheltered and Unsheltered Count",FALSE,0,"Full sheltered + unsheltered enumeration."
"California","CA","CA-607","Pasadena CoC",2020,37.6070703875653,527,233,294,140133.223505294,"Sheltered and Unsheltered Count",FALSE,0,"Full sheltered + unsheltered enumeration."
"California","CA","CA-607","Pasadena CoC",2021,12.4340679016863,171,171,0,137525.386986835,"Sheltered-Only Count",TRUE,1,"2021: COVID-disrupted PIT. HUD waived the unsheltered-count requirement. NOT comparable to other years."
"California","CA","CA-607","Pasadena CoC",2022,37.466091400093,512,232,280,136656.902512849,"Sheltered and Unsheltered Count",FALSE,0,"Full sheltered + unsheltered enumeration."
"California","CA","CA-607","Pasadena CoC",2023,40.7525357747308,556,253,303,136433.227878977,"Sheltered and Unsheltered Count",FALSE,0,"Full sheltered + unsheltered enumeration."
"California","CA","CA-607","Pasadena CoC",2024,40.6843979834377,556,235,321,136661.724778708,"Sheltered and Unsheltered Count",FALSE,0,"Full sheltered + unsheltered enumeration."
"California","CA","CA-607","Pasadena CoC",2025,42.7502410640444,581,239,342,135905.666386676,"Sheltered and Unsheltered Count",FALSE,0,"Full sheltered + unsheltered enumeration."
"California","CA","CA-608","Riverside City & County CoC",2010,14.1989193196147,3126,1083,2043,2201576,"Sheltered-Only Count",TRUE,0,"Sheltered-only count: unsheltered people were not enumerated this year."
"California","CA","CA-608","Riverside City & County CoC",2011,27.7654684051977,6203,1113,5090,2234070,"Sheltered and Unsheltered Count",FALSE,0,"Full sheltered + unsheltered enumeration."
"California","CA","CA-608","Riverside City & County CoC",2012,26.9590890516734,6096,1006,5090,2261204,"Sheltered-Only Count",TRUE,0,"Sheltered-only count: unsheltered people were not enumerated this year."
"California","CA","CA-608","Riverside City & County CoC",2013,13.0228205470197,2978,1090,1888,2286755,"Sheltered and Unsheltered Count",FALSE,0,"Full sheltered + unsheltered enumeration."
"California","CA","CA-608","Riverside City & County CoC",2014,12.7150000733973,2945,1057,1888,2316162,"Sheltered-Only Count",TRUE,0,"Sheltered-only count: unsheltered people were not enumerated this year."
"California","CA","CA-608","Riverside City & County CoC",2015,10.1116200077073,2372,884,1488,2345816,"Sheltered and Unsheltered Count",FALSE,0,"Full sheltered + unsheltered enumeration."
"California","CA","CA-608","Riverside City & County CoC",2016,9.09632907451469,2165,814,1351,2380081,"Sheltered and Unsheltered Count",FALSE,0,"Full sheltered + unsheltered enumeration."
"California","CA","CA-608","Riverside City & County CoC",2017,9.9628814342574,2406,768,1638,2414964,"Sheltered and Unsheltered Count",FALSE,0,"Full sheltered + unsheltered enumeration."
"California","CA","CA-608","Riverside City & County CoC",2018,9.46933688883219,2316,631,1685,2445789,"Sheltered and Unsheltered Count",FALSE,0,"Full sheltered + unsheltered enumeration."
"California","CA","CA-608","Riverside City & County CoC",2019,11.3780516533592,2811,766,2045,2470546,"Sheltered and Unsheltered Count",FALSE,0,"Full sheltered + unsheltered enumeration."
"California","CA","CA-608","Riverside City & County CoC",2020,11.8955010752972,2884,729,2155,2424446,"Sheltered and Unsheltered Count",FALSE,0,"Full sheltered + unsheltered enumeration."
"California","CA","CA-608","Riverside City & County CoC",2021,4.06555897158468,998,998,0,2454767,"Sheltered-Only Count",TRUE,1,"2021: COVID-disrupted PIT. HUD waived the unsheltered-count requirement. NOT comparable to other years."
"California","CA","CA-608","Riverside City & County CoC",2022,13.3745324862796,3316,1336,1980,2479339,"Sheltered and Unsheltered Count",FALSE,0,"Full sheltered + unsheltered enumeration."
"California","CA","CA-608","Riverside City & County CoC",2023,14.8777310122209,3725,1284,2441,2503742,"Sheltered and Unsheltered Count",FALSE,0,"Full sheltered + unsheltered enumeration."
"California","CA","CA-608","Riverside City & County CoC",2024,16.8003631314074,4249,1808,2441,2529112,"Sheltered-Only Count",TRUE,0,"Sheltered-only count: unsheltered people were not enumerated this year."
"California","CA","CA-608","Riverside City & County CoC",2025,15.678317083943,3990,2012,1978,2544916,"Sheltered and Unsheltered Count",FALSE,0,"Full sheltered + unsheltered enumeration."
"California","CA","CA-609","San Bernardino City & County CoC",2010,9.92724592914318,2026,768,1258,2040848,"No 2010 PIT Count",FALSE,0,"Full sheltered + unsheltered enumeration."
"California","CA","CA-609","San Bernardino City & County CoC",2011,13.7080890341596,2825,1133,1692,2060827,"Sheltered and Unsheltered Count",FALSE,0,"Full sheltered + unsheltered enumeration."
"California","CA","CA-609","San Bernardino City & County CoC",2012,12.2111663689431,2532,840,1692,2073512,"Sheltered-Only Count",TRUE,0,"Sheltered-only count: unsheltered people were not enumerated this year."
"California","CA","CA-609","San Bernardino City & County CoC",2013,11.1439845050122,2321,1074,1247,2082738,"Sheltered and Unsheltered Count",FALSE,0,"Full sheltered + unsheltered enumeration."
"California","CA","CA-609","San Bernardino City & County CoC",2014,11.0281104868994,2315,1068,1247,2099181,"Sheltered-Only Count",TRUE,0,"Sheltered-only count: unsheltered people were not enumerated this year."
"California","CA","CA-609","San Bernardino City & County CoC",2015,10.158782383187,2149,838,1311,2115411,"Sheltered and Unsheltered Count",FALSE,0,"Full sheltered + unsheltered enumeration."
"California","CA","CA-609","San Bernardino City & County CoC",2016,8.85101033790503,1887,696,1191,2131960,"Sheltered and Unsheltered Count",FALSE,0,"Full sheltered + unsheltered enumeration."
"California","CA","CA-609","San Bernardino City & County CoC",2017,8.67525668950159,1866,687,1179,2150945,"Sheltered and Unsheltered Count",FALSE,0,"Full sheltered + unsheltered enumeration."
"California","CA","CA-609","San Bernardino City & County CoC",2018,9.77499511942524,2118,675,1443,2166753,"Sheltered and Unsheltered Count",FALSE,0,"Full sheltered + unsheltered enumeration."
"California","CA","CA-609","San Bernardino City & County CoC",2019,11.9582493343149,2607,687,1920,2180085,"Sheltered and Unsheltered Count",FALSE,0,"Full sheltered + unsheltered enumeration."
"California","CA","CA-609","San Bernardino City & County CoC",2020,14.3138512275559,3125,735,2390,2183200,"Sheltered and Unsheltered Count",FALSE,0,"Full sheltered + unsheltered enumeration."
"California","CA","CA-609","San Bernardino City & County CoC",2021,4.13217668913566,905,905,0,2190129,"Sheltered-Only Count",TRUE,1,"2021: COVID-disrupted PIT. HUD waived the unsheltered-count requirement. NOT comparable to other years."
"California","CA","CA-609","San Bernardino City & County CoC",2022,15.1757504893531,3333,944,2389,2196267,"Sheltered and Unsheltered Count",FALSE,0,"Full sheltered + unsheltered enumeration."
"California","CA","CA-609","San Bernardino City & County CoC",2023,19.0361146178301,4195,1219,2976,2203706,"Sheltered and Unsheltered Count",FALSE,0,"Full sheltered + unsheltered enumeration."
"California","CA","CA-609","San Bernardino City & County CoC",2024,19.1773437823942,4255,1200,3055,2218764,"Sheltered and Unsheltered Count",FALSE,0,"Full sheltered + unsheltered enumeration."
"California","CA","CA-609","San Bernardino City & County CoC",2025,17.2519919373803,3837,1201,2636,2224091,"Sheltered and Unsheltered Count",FALSE,0,"Full sheltered + unsheltered enumeration."
"California","CA","CA-611","Oxnard, San Buenaventura/Ventura County CoC",2010,21.9974136374269,1815,524,1291,825097,"Sheltered and Unsheltered Count",FALSE,0,"Full sheltered + unsheltered enumeration."
"California","CA","CA-611","Oxnard, San Buenaventura/Ventura County CoC",2011,21.8046281226697,1810,830,980,830099,"Sheltered and Unsheltered Count",FALSE,0,"Full sheltered + unsheltered enumeration."
"California","CA","CA-611","Oxnard, San Buenaventura/Ventura County CoC",2012,23.1069349598568,1926,683,1243,833516,"Sheltered and Unsheltered Count",FALSE,0,"Full sheltered + unsheltered enumeration."
"California","CA","CA-611","Oxnard, San Buenaventura/Ventura County CoC",2013,19.9728922275144,1674,600,1074,838136,"Sheltered and Unsheltered Count",FALSE,0,"Full sheltered + unsheltered enumeration."
"California","CA","CA-611","Oxnard, San Buenaventura/Ventura County CoC",2014,16.9536398681225,1428,518,910,842297,"Sheltered and Unsheltered Count",FALSE,0,"Full sheltered + unsheltered enumeration."
"California","CA","CA-611","Oxnard, San Buenaventura/Ventura County CoC",2015,16.7533299755735,1417,460,957,845802,"Sheltered and Unsheltered Count",FALSE,0,"Full sheltered + unsheltered enumeration."
"California","CA","CA-611","Oxnard, San Buenaventura/Ventura County CoC",2016,15.0001829290601,1271,494,777,847323,"Sheltered and Unsheltered Count",FALSE,0,"Full sheltered + unsheltered enumeration."
"California","CA","CA-611","Oxnard, San Buenaventura/Ventura County CoC",2017,13.5682014124121,1152,488,664,849044,"Sheltered and Unsheltered Count",FALSE,0,"Full sheltered + unsheltered enumeration."
"California","CA","CA-611","Oxnard, San Buenaventura/Ventura County CoC",2018,15.4219458534066,1308,478,830,848142,"Sheltered and Unsheltered Count",FALSE,0,"Full sheltered + unsheltered enumeration."
"California","CA","CA-611","Oxnard, San Buenaventura/Ventura County CoC",2019,19.7279924728666,1669,411,1258,846006,"Sheltered and Unsheltered Count",FALSE,0,"Full sheltered + unsheltered enumeration."
"California","CA","CA-611","Oxnard, San Buenaventura/Ventura County CoC",2020,21.1781799564585,1787,522,1265,843793,"Sheltered and Unsheltered Count",FALSE,0,"Full sheltered + unsheltered enumeration."
"California","CA","CA-611","Oxnard, San Buenaventura/Ventura County CoC",2021,11.298210858664,949,949,0,839956,"Sheltered-Only Count",TRUE,1,"2021: COVID-disrupted PIT. HUD waived the unsheltered-count requirement. NOT comparable to other years."
"California","CA","CA-611","Oxnard, San Buenaventura/Ventura County CoC",2022,26.9326384520921,2248,892,1356,834675,"Sheltered and Unsheltered Count",FALSE,0,"Full sheltered + unsheltered enumeration."
"California","CA","CA-611","Oxnard, San Buenaventura/Ventura County CoC",2023,29.3364388375511,2441,808,1633,832071,"Sheltered and Unsheltered Count",FALSE,0,"Full sheltered + unsheltered enumeration."
"California","CA","CA-611","Oxnard, San Buenaventura/Ventura County CoC",2024,28.2926840974238,2358,927,1431,833431,"Sheltered and Unsheltered Count",FALSE,0,"Full sheltered + unsheltered enumeration."
"California","CA","CA-611","Oxnard, San Buenaventura/Ventura County CoC",2025,23.9513462702699,1990,716,1274,830851,"Sheltered and Unsheltered Count",FALSE,0,"Full sheltered + unsheltered enumeration."
"California","CA","CA-612","Glendale CoC",2010,22.4046800611762,428,300,128,191031.516107948,"Sheltered and Unsheltered Count",FALSE,0,"Full sheltered + unsheltered enumeration."
"California","CA","CA-612","Glendale CoC",2011,21.4508712931599,412,291,121,192066.79037386,"Sheltered and Unsheltered Count",FALSE,0,"Full sheltered + unsheltered enumeration."
"California","CA","CA-612","Glendale CoC",2012,15.4752232221,299,179,120,193212.075657171,"Sheltered and Unsheltered Count",FALSE,0,"Full sheltered + unsheltered enumeration."
"California","CA","CA-612","Glendale CoC",2013,16.3645345014043,318,211,107,194322.667701126,"Sheltered and Unsheltered Count",FALSE,0,"Full sheltered + unsheltered enumeration."
"California","CA","CA-612","Glendale CoC",2014,14.9553307340402,292,185,107,195248.105971586,"Sheltered-Only Count",TRUE,0,"Sheltered-only count: unsheltered people were not enumerated this year."
"California","CA","CA-612","Glendale CoC",2015,10.605215942826,208,86,122,196129.905436488,"Sheltered and Unsheltered Count",FALSE,0,"Full sheltered + unsheltered enumeration."
"California","CA","CA-612","Glendale CoC",2016,12.2122164736274,240,185,55,196524.521587286,"Sheltered and Unsheltered Count",FALSE,0,"Full sheltered + unsheltered enumeration."
"California","CA","CA-612","Glendale CoC",2017,8.55024115403616,168,111,57,196485.68616184,"Sheltered and Unsheltered Count",FALSE,0,"Full sheltered + unsheltered enumeration."
"California","CA","CA-612","Glendale CoC",2018,13.2716662426214,260,104,156,195906.071812612,"Sheltered and Unsheltered Count",FALSE,0,"Full sheltered + unsheltered enumeration."
"California","CA","CA-612","Glendale CoC",2019,12.4468996482166,243,96,147,195229.339729445,"Sheltered and Unsheltered Count",FALSE,0,"Full sheltered + unsheltered enumeration."
"California","CA","CA-612","Glendale CoC",2020,8.6933726695118,169,94,75,194400.960852275,"Sheltered and Unsheltered Count",FALSE,0,"Full sheltered + unsheltered enumeration."
"California","CA","CA-612","Glendale CoC",2021,4.61256502441557,88,88,0,190783.218305199,"Sheltered-Only Count",TRUE,1,"2021: COVID-disrupted PIT. HUD waived the unsheltered-count requirement. NOT comparable to other years."
"California","CA","CA-612","Glendale CoC",2022,11.868440325742,225,122,103,189578.40611288,"Sheltered and Unsheltered Count",FALSE,0,"Full sheltered + unsheltered enumeration."
"California","CA","CA-612","Glendale CoC",2023,10.3028449062627,195,106,89,189268.111646975,"Sheltered and Unsheltered Count",FALSE,0,"Full sheltered + unsheltered enumeration."
"California","CA","CA-612","Glendale CoC",2024,9.23068341548815,175,95,80,189585.095840648,"Sheltered and Unsheltered Count",FALSE,0,"Full sheltered + unsheltered enumeration."
"California","CA","CA-612","Glendale CoC",2025,10.4489191046873,197,110,87,188536.247650369,"Sheltered and Unsheltered Count",FALSE,0,"Full sheltered + unsheltered enumeration."
"California","CA","CA-613","Imperial County CoC",2010,28.9040500011447,505,157,348,174716,"No 2010 PIT Count",FALSE,0,"Full sheltered + unsheltered enumeration."
"California","CA","CA-613","Imperial County CoC",2011,28.8987746464451,508,194,314,175786,"Sheltered and Unsheltered Count",FALSE,0,"Full sheltered + unsheltered enumeration."
"California","CA","CA-613","Imperial County CoC",2012,13.5353249327481,239,136,103,176575,"Sheltered and Unsheltered Count",FALSE,0,"Full sheltered + unsheltered enumeration."
"California","CA","CA-613","Imperial County CoC",2013,14.2826375270633,252,148,104,176438,"Sheltered and Unsheltered Count",FALSE,0,"Full sheltered + unsheltered enumeration."
"California","CA","CA-613","Imperial County CoC",2014,16.7440187892614,298,164,134,177974,"Sheltered and Unsheltered Count",FALSE,0,"Full sheltered + unsheltered enumeration."
"California","CA","CA-613","Imperial County CoC",2015,30.9606174240096,554,190,364,178937,"Sheltered and Unsheltered Count",FALSE,0,"Full sheltered + unsheltered enumeration."
"California","CA","CA-613","Imperial County CoC",2016,21.0901381404048,380,128,252,180179,"Sheltered and Unsheltered Count",FALSE,0,"Full sheltered + unsheltered enumeration."
"California","CA","CA-613","Imperial County CoC",2017,63.5291138404285,1154,128,1026,181649,"Sheltered and Unsheltered Count",FALSE,0,"Full sheltered + unsheltered enumeration."
"California","CA","CA-613","Imperial County CoC",2018,82.2485304892493,1493,160,1333,181523,"Sheltered and Unsheltered Count",FALSE,0,"Full sheltered + unsheltered enumeration."
"California","CA","CA-613","Imperial County CoC",2019,77.9736776756891,1413,188,1225,181215,"Sheltered and Unsheltered Count",FALSE,0,"Full sheltered + unsheltered enumeration."
"California","CA","CA-613","Imperial County CoC",2020,85.0544749682508,1527,193,1334,179532,"Sheltered and Unsheltered Count",FALSE,0,"Full sheltered + unsheltered enumeration."
"California","CA","CA-613","Imperial County CoC",2021,7.82958352208222,140,140,0,178809,"Sheltered-Only Count",TRUE,1,"2021: COVID-disrupted PIT. HUD waived the unsheltered-count requirement. NOT comparable to other years."
"California","CA","CA-613","Imperial County CoC",2022,58.9117215933475,1057,132,925,179421,"Sheltered and Unsheltered Count",FALSE,0,"Full sheltered + unsheltered enumeration."
"California","CA","CA-613","Imperial County CoC",2023,72.1152515731973,1303,157,1146,180683,"Sheltered and Unsheltered Count",FALSE,0,"Full sheltered + unsheltered enumeration."
"California","CA","CA-613","Imperial County CoC",2024,82.5076188235552,1508,133,1375,182771,"Sheltered and Unsheltered Count",FALSE,0,"Full sheltered + unsheltered enumeration."
"California","CA","CA-613","Imperial County CoC",2025,86.8745555671927,1576,210,1366,181411,"Sheltered and Unsheltered Count",FALSE,0,"Full sheltered + unsheltered enumeration."
"California","CA","CA-614","San Luis Obispo County CoC",2010,141.918888666504,3829,242,3587,269802,"No 2010 PIT Count",FALSE,0,"Full sheltered + unsheltered enumeration."
"California","CA","CA-614","San Luis Obispo County CoC",2011,78.5440754377292,2129,228,1901,271058,"Sheltered and Unsheltered Count",FALSE,0,"Full sheltered + unsheltered enumeration."
"California","CA","CA-614","San Luis Obispo County CoC",2012,77.6553837175372,2129,228,1901,274160,"Sheltered-Only Count",TRUE,0,"Sheltered-only count: unsheltered people were not enumerated this year."
"California","CA","CA-614","San Luis Obispo County CoC",2013,85.4927166154025,2357,235,2122,275696,"Sheltered and Unsheltered Count",FALSE,0,"Full sheltered + unsheltered enumeration."
"California","CA","CA-614","San Luis Obispo County CoC",2014,85.0384757769735,2366,244,2122,278227,"Sheltered-Only Count",TRUE,0,"Sheltered-only count: unsheltered people were not enumerated this year."
"California","CA","CA-614","San Luis Obispo County CoC",2015,54.0922674835849,1515,392,1123,280077,"Sheltered and Unsheltered Count",FALSE,0,"Full sheltered + unsheltered enumeration."
"California","CA","CA-614","San Luis Obispo County CoC",2016,48.5445506257918,1368,245,1123,281803,"Sheltered-Only Count",TRUE,0,"Sheltered-only count: unsheltered people were not enumerated this year."
"California","CA","CA-614","San Luis Obispo County CoC",2017,39.8256873913644,1125,303,822,282481,"Sheltered and Unsheltered Count",FALSE,0,"Full sheltered + unsheltered enumeration."
"California","CA","CA-614","San Luis Obispo County CoC",2018,38.6442400671951,1095,273,822,283354,"Sheltered-Only Count",TRUE,0,"Sheltered-only count: unsheltered people were not enumerated this year."
"California","CA","CA-614","San Luis Obispo County CoC",2019,52.3822811547414,1483,311,1172,283111,"Sheltered and Unsheltered Count",FALSE,0,"Full sheltered + unsheltered enumeration."
"California","CA","CA-614","San Luis Obispo County CoC",2020,50.4150472796069,1423,251,1172,282257,"Sheltered-Only Count",TRUE,0,"Sheltered-only count: unsheltered people were not enumerated this year."
"California","CA","CA-614","San Luis Obispo County CoC",2021,10.61324547329,297,297,0,279839,"Sheltered-Only Count",TRUE,1,"2021: COVID-disrupted PIT. HUD waived the unsheltered-count requirement. NOT comparable to other years."
"California","CA","CA-614","San Luis Obispo County CoC",2022,51.2118607801321,1448,292,1156,282747,"Sheltered and Unsheltered Count",FALSE,0,"Full sheltered + unsheltered enumeration."
"California","CA","CA-614","San Luis Obispo County CoC",2023,54.2829302861192,1532,376,1156,282225,"Sheltered-Only Count*",TRUE,0,"Sheltered-only count: unsheltered people were not enumerated this year."
"California","CA","CA-614","San Luis Obispo County CoC",2024,41.6440725422023,1175,375,800,282153,"Sheltered and Unsheltered Count",FALSE,0,"Full sheltered + unsheltered enumeration."
"California","CA","CA-614","San Luis Obispo County CoC",2025,43.7374055750141,1235,435,800,282367,"Sheltered-Only Count",TRUE,0,"Sheltered-only count: unsheltered people were not enumerated this year."
"Florida","FL","FL-500","Sarasota, Bradenton/Manatee, Sarasota Counties CoC",2010,28.4209658294401,1999,348,1651,703354,"No 2010 PIT Count",FALSE,0,"Full sheltered + unsheltered enumeration."
"Florida","FL","FL-500","Sarasota, Bradenton/Manatee, Sarasota Counties CoC",2011,16.2304955795851,1152,895,257,709775,"Sheltered and Unsheltered Count",FALSE,0,"Full sheltered + unsheltered enumeration."
"Florida","FL","FL-500","Sarasota, Bradenton/Manatee, Sarasota Counties CoC",2012,12.7866763110508,921,664,257,720281,"Sheltered-Only Count",TRUE,0,"Sheltered-only count: unsheltered people were not enumerated this year."
"Florida","FL","FL-500","Sarasota, Bradenton/Manatee, Sarasota Counties CoC",2013,14.3345959803005,1049,563,486,731796,"Sheltered and Unsheltered Count",FALSE,0,"Full sheltered + unsheltered enumeration."
"Florida","FL","FL-500","Sarasota, Bradenton/Manatee, Sarasota Counties CoC",2014,18.4281102956527,1377,780,597,747228,"Sheltered and Unsheltered Count",FALSE,0,"Full sheltered + unsheltered enumeration."
"Florida","FL","FL-500","Sarasota, Bradenton/Manatee, Sarasota Counties CoC",2015,15.6130059728219,1198,721,477,767309,"Sheltered and Unsheltered Count",FALSE,0,"Full sheltered + unsheltered enumeration."
"Florida","FL","FL-500","Sarasota, Bradenton/Manatee, Sarasota Counties CoC",2016,18.6213833861235,1468,804,664,788341,"Sheltered and Unsheltered Count",FALSE,0,"Full sheltered + unsheltered enumeration."
"Florida","FL","FL-500","Sarasota, Bradenton/Manatee, Sarasota Counties CoC",2017,17.9710029732261,1447,785,662,805186,"Sheltered and Unsheltered Count",FALSE,0,"Full sheltered + unsheltered enumeration."
"Florida","FL","FL-500","Sarasota, Bradenton/Manatee, Sarasota Counties CoC",2018,14.5239035183913,1192,740,452,820716,"Sheltered and Unsheltered Count",FALSE,0,"Full sheltered + unsheltered enumeration."
"Florida","FL","FL-500","Sarasota, Bradenton/Manatee, Sarasota Counties CoC",2019,13.560415534143,1135,735,400,836995,"Sheltered and Unsheltered Count",FALSE,0,"Full sheltered + unsheltered enumeration."
"Florida","FL","FL-500","Sarasota, Bradenton/Manatee, Sarasota Counties CoC",2020,12.4599586577617,1044,681,363,837884,"Sheltered and Unsheltered Count",FALSE,0,"Full sheltered + unsheltered enumeration."
"Florida","FL","FL-500","Sarasota, Bradenton/Manatee, Sarasota Counties CoC",2021,6.09725704575145,526,526,0,862683,"Sheltered-Only Count",TRUE,1,"2021: COVID-disrupted PIT. HUD waived the unsheltered-count requirement. NOT comparable to other years."
"Florida","FL","FL-500","Sarasota, Bradenton/Manatee, Sarasota Counties CoC",2022,12.7081688511391,1138,624,514,895487,"Sheltered and Unsheltered Count",FALSE,0,"Full sheltered + unsheltered enumeration."
"Florida","FL","FL-500","Sarasota, Bradenton/Manatee, Sarasota Counties CoC",2023,12.5336911066377,1150,630,520,917527,"Sheltered and Unsheltered Count",FALSE,0,"Full sheltered + unsheltered enumeration."
"Florida","FL","FL-500","Sarasota, Bradenton/Manatee, Sarasota Counties CoC",2024,12.3750594954783,1157,503,654,934945,"Sheltered and Unsheltered Count",FALSE,0,"Full sheltered + unsheltered enumeration."
"Florida","FL","FL-500","Sarasota, Bradenton/Manatee, Sarasota Counties CoC",2025,10.2303624501402,970,445,525,948158,"Sheltered and Unsheltered Count",FALSE,0,"Full sheltered + unsheltered enumeration."
"Florida","FL","FL-501","Tampa/Hillsborough County CoC",2010,60.5838031354733,7473,726,6747,1233498,"No 2010 PIT Count",FALSE,0,"Full sheltered + unsheltered enumeration."
"Florida","FL","FL-501","Tampa/Hillsborough County CoC",2011,58.4307644027931,7336,889,6447,1255503,"Sheltered and Unsheltered Count",FALSE,0,"Full sheltered + unsheltered enumeration."
"Florida","FL","FL-501","Tampa/Hillsborough County CoC",2012,57.9772889072621,7419,972,6447,1279639,"Sheltered-Only Count",TRUE,0,"Sheltered-only count: unsheltered people were not enumerated this year."
"Florida","FL","FL-501","Tampa/Hillsborough County CoC",2013,14.6381000068245,1909,965,944,1304131,"Sheltered and Unsheltered Count",FALSE,0,"Full sheltered + unsheltered enumeration."
"Florida","FL","FL-501","Tampa/Hillsborough County CoC",2014,14.5913301678754,1944,853,1091,1332298,"Sheltered and Unsheltered Count",FALSE,0,"Full sheltered + unsheltered enumeration."
"Florida","FL","FL-501","Tampa/Hillsborough County CoC",2015,14.1561338726007,1931,1175,756,1364073,"Sheltered and Unsheltered Count",FALSE,0,"Full sheltered + unsheltered enumeration."
"Florida","FL","FL-501","Tampa/Hillsborough County CoC",2016,13.0093012566112,1817,1048,769,1396693,"Sheltered and Unsheltered Count",FALSE,0,"Full sheltered + unsheltered enumeration."
"Florida","FL","FL-501","Tampa/Hillsborough County CoC",2017,10.8569490080856,1549,982,567,1426736,"Sheltered and Unsheltered Count",FALSE,0,"Full sheltered + unsheltered enumeration."
"Florida","FL","FL-501","Tampa/Hillsborough County CoC",2018,12.3629486217895,1795,1155,640,1451919,"Sheltered and Unsheltered Count",FALSE,0,"Full sheltered + unsheltered enumeration."
"Florida","FL","FL-501","Tampa/Hillsborough County CoC",2019,11.2094828148438,1650,978,672,1471968,"Sheltered and Unsheltered Count",FALSE,0,"Full sheltered + unsheltered enumeration."
"Florida","FL","FL-501","Tampa/Hillsborough County CoC",2020,9.90284031465388,1452,840,612,1466246,"Sheltered and Unsheltered Count",FALSE,0,"Full sheltered + unsheltered enumeration."
"Florida","FL","FL-501","Tampa/Hillsborough County CoC",2021,5.85895278290156,870,870,0,1484907,"Sheltered-Only Count",TRUE,1,"2021: COVID-disrupted PIT. HUD waived the unsheltered-count requirement. NOT comparable to other years."
"Florida","FL","FL-501","Tampa/Hillsborough County CoC",2022,9.91975683810865,1513,925,588,1525239,"Sheltered and Unsheltered Count",FALSE,0,"Full sheltered + unsheltered enumeration."
"Florida","FL","FL-501","Tampa/Hillsborough County CoC",2023,13.1066988080614,2040,905,1135,1556456,"Sheltered and Unsheltered Count",FALSE,0,"Full sheltered + unsheltered enumeration."
"Florida","FL","FL-501","Tampa/Hillsborough County CoC",2024,12.0481314258292,1893,871,1022,1571198,"Sheltered and Unsheltered Count",FALSE,0,"Full sheltered + unsheltered enumeration."
"Florida","FL","FL-501","Tampa/Hillsborough County CoC",2025,11.4095857037129,1796,950,846,1574115,"Sheltered and Unsheltered Count",FALSE,0,"Full sheltered + unsheltered enumeration."
"Florida","FL","FL-502","St. Petersburg, Clearwater, Largo/Pinellas County CoC",2010,43.0810596107428,3948,1791,2157,916412,"Sheltered and Unsheltered Count",FALSE,0,"Full sheltered + unsheltered enumeration."
"Florida","FL","FL-502","St. Petersburg, Clearwater, Largo/Pinellas County CoC",2011,42.3537353490372,3890,1870,2020,918455,"Sheltered and Unsheltered Count",FALSE,0,"Full sheltered + unsheltered enumeration."
"Florida","FL","FL-502","St. Petersburg, Clearwater, Largo/Pinellas County CoC",2012,43.0861440776354,3971,1951,2020,921642,"Sheltered-Only Count",TRUE,0,"Sheltered-only count: unsheltered people were not enumerated this year."
"Florida","FL","FL-502","St. Petersburg, Clearwater, Largo/Pinellas County CoC",2013,42.1471455622169,3913,1826,2087,928414,"Sheltered and Unsheltered Count",FALSE,0,"Full sheltered + unsheltered enumeration."
"Florida","FL","FL-502","St. Petersburg, Clearwater, Largo/Pinellas County CoC",2014,36.2131567706109,3391,2213,1178,936400,"Sheltered and Unsheltered Count",FALSE,0,"Full sheltered + unsheltered enumeration."
"Florida","FL","FL-502","St. Petersburg, Clearwater, Largo/Pinellas County CoC",2015,35.7633096107955,3387,2215,1172,947060,"Sheltered and Unsheltered Count",FALSE,0,"Full sheltered + unsheltered enumeration."
"Florida","FL","FL-502","St. Petersburg, Clearwater, Largo/Pinellas County CoC",2016,28.9308805114005,2777,1638,1139,959874,"Sheltered and Unsheltered Count",FALSE,0,"Full sheltered + unsheltered enumeration."
"Florida","FL","FL-502","St. Petersburg, Clearwater, Largo/Pinellas County CoC",2017,29.2355688750141,2831,1679,1152,968341,"Sheltered and Unsheltered Count",FALSE,0,"Full sheltered + unsheltered enumeration."
"Florida","FL","FL-502","St. Petersburg, Clearwater, Largo/Pinellas County CoC",2018,26.8432097572807,2612,1647,965,973058,"Sheltered and Unsheltered Count",FALSE,0,"Full sheltered + unsheltered enumeration."
"Florida","FL","FL-502","St. Petersburg, Clearwater, Largo/Pinellas County CoC",2019,24.7693323870047,2415,1581,834,974996,"Sheltered and Unsheltered Count",FALSE,0,"Full sheltered + unsheltered enumeration."
"Florida","FL","FL-502","St. Petersburg, Clearwater, Largo/Pinellas County CoC",2020,23.1922109178427,2226,1418,808,959805,"Sheltered and Unsheltered Count",FALSE,0,"Full sheltered + unsheltered enumeration."
"Florida","FL","FL-502","St. Petersburg, Clearwater, Largo/Pinellas County CoC",2021,24.0314752950809,2307,1305,1002,959991,"Sheltered and partial unsheltered count",FALSE,1,"2021: COVID-disrupted PIT. HUD waived the unsheltered-count requirement. NOT comparable to other years."
"Florida","FL","FL-502","St. Petersburg, Clearwater, Largo/Pinellas County CoC",2022,20.5806970687281,1985,1341,644,964496,"Sheltered and Unsheltered Count",FALSE,0,"Full sheltered + unsheltered enumeration."
"Florida","FL","FL-502","St. Petersburg, Clearwater, Largo/Pinellas County CoC",2023,22.2005233276348,2144,1498,646,965743,"Sheltered and Unsheltered Count",FALSE,0,"Full sheltered + unsheltered enumeration."
"Florida","FL","FL-502","St. Petersburg, Clearwater, Largo/Pinellas County CoC",2024,21.9700811227024,2110,1389,721,960397,"Sheltered and Unsheltered Count",FALSE,0,"Full sheltered + unsheltered enumeration."
"Florida","FL","FL-502","St. Petersburg, Clearwater, Largo/Pinellas County CoC",2025,19.640234755098,1863,1325,538,948563,"Sheltered and Unsheltered Count",FALSE,0,"Full sheltered + unsheltered enumeration."
"Florida","FL","FL-503","Lakeland, Winterhaven/Polk County CoC",2010,13.5963734161054,820,443,377,603102,"Sheltered and Unsheltered Count",FALSE,0,"Full sheltered + unsheltered enumeration."
"Florida","FL","FL-503","Lakeland, Winterhaven/Polk County CoC",2011,18.034324237476,1100,498,602,609948,"Sheltered and Unsheltered Count",FALSE,0,"Full sheltered + unsheltered enumeration."
"Florida","FL","FL-503","Lakeland, Winterhaven/Polk County CoC",2012,14.3146592834871,881,297,584,615453,"Sheltered and Unsheltered Count",FALSE,0,"Full sheltered + unsheltered enumeration."
"Florida","FL","FL-503","Lakeland, Winterhaven/Polk County CoC",2013,8.35162929044879,520,325,195,622633,"Sheltered and Unsheltered Count",FALSE,0,"Full sheltered + unsheltered enumeration."
"Florida","FL","FL-503","Lakeland, Winterhaven/Polk County CoC",2014,8.44895475710831,536,248,288,634398,"Sheltered and Unsheltered Count",FALSE,0,"Full sheltered + unsheltered enumeration."
"Florida","FL","FL-503","Lakeland, Winterhaven/Polk County CoC",2015,7.15471926207706,464,227,237,648523,"Sheltered and Unsheltered Count",FALSE,0,"Full sheltered + unsheltered enumeration."
"Florida","FL","FL-503","Lakeland, Winterhaven/Polk County CoC",2016,9.53706916102328,635,375,260,665823,"Sheltered and Unsheltered Count",FALSE,0,"Full sheltered + unsheltered enumeration."
"Florida","FL","FL-503","Lakeland, Winterhaven/Polk County CoC",2017,7.4704392384821,512,363,149,685368,"Sheltered and Unsheltered Count",FALSE,0,"Full sheltered + unsheltered enumeration."
"Florida","FL","FL-503","Lakeland, Winterhaven/Polk County CoC",2018,7.81209090896225,552,418,134,706597,"Sheltered and Unsheltered Count",FALSE,0,"Full sheltered + unsheltered enumeration."
"Florida","FL","FL-503","Lakeland, Winterhaven/Polk County CoC",2019,7.76790654228818,563,449,114,724777,"Sheltered and Unsheltered Count",FALSE,0,"Full sheltered + unsheltered enumeration."
"Florida","FL","FL-503","Lakeland, Winterhaven/Polk County CoC",2020,8.38186230736782,612,422,190,730148,"Sheltered and Unsheltered Count",FALSE,0,"Full sheltered + unsheltered enumeration."
"Florida","FL","FL-503","Lakeland, Winterhaven/Polk County CoC",2021,5.09391997650181,385,385,0,755803,"Sheltered-Only Count",TRUE,1,"2021: COVID-disrupted PIT. HUD waived the unsheltered-count requirement. NOT comparable to other years."
"Florida","FL","FL-503","Lakeland, Winterhaven/Polk County CoC",2022,6.39861607797713,506,378,128,790796,"Sheltered and Unsheltered Count",FALSE,0,"Full sheltered + unsheltered enumeration."
"Florida","FL","FL-503","Lakeland, Winterhaven/Polk County CoC",2023,9.40840985749169,776,604,172,824794,"Sheltered and Unsheltered Count",FALSE,0,"Full sheltered + unsheltered enumeration."
"Florida","FL","FL-503","Lakeland, Winterhaven/Polk County CoC",2024,14.1760841122154,1207,549,658,851434,"Sheltered and Unsheltered Count",FALSE,0,"Full sheltered + unsheltered enumeration."
"Florida","FL","FL-503","Lakeland, Winterhaven/Polk County CoC",2025,9.19077721510305,804,574,230,874790,"Sheltered and Unsheltered Count",FALSE,0,"Full sheltered + unsheltered enumeration."
"Florida","FL","FL-504","Deltona, Daytona Beach/Volusia, Flagler Counties CoC",2010,36.4941253772189,2155,703,1452,590506,"Sheltered and Unsheltered Count",FALSE,0,"Full sheltered + unsheltered enumeration."
"Florida","FL","FL-504","Deltona, Daytona Beach/Volusia, Flagler Counties CoC",2011,37.3357480495873,2210,535,1675,591926,"Sheltered and Unsheltered Count",FALSE,0,"Full sheltered + unsheltered enumeration."
"Florida","FL","FL-504","Deltona, Daytona Beach/Volusia, Flagler Counties CoC",2012,40.0693145357153,2384,503,1881,594969,"Sheltered and Unsheltered Count",FALSE,0,"Full sheltered + unsheltered enumeration."
"Florida","FL","FL-504","Deltona, Daytona Beach/Volusia, Flagler Counties CoC",2013,36.252407386428,2176,693,1483,600236,"Sheltered and Unsheltered Count",FALSE,0,"Full sheltered + unsheltered enumeration."
"Florida","FL","FL-504","Deltona, Daytona Beach/Volusia, Flagler Counties CoC",2014,26.8318972599589,1633,608,1025,608604,"Sheltered and Unsheltered Count",FALSE,0,"Full sheltered + unsheltered enumeration."
"Florida","FL","FL-504","Deltona, Daytona Beach/Volusia, Flagler Counties CoC",2015,21.3308519783761,1325,550,775,621166,"Sheltered and Unsheltered Count",FALSE,0,"Full sheltered + unsheltered enumeration."
"Florida","FL","FL-504","Deltona, Daytona Beach/Volusia, Flagler Counties CoC",2016,15.8053908177756,1005,424,581,635859,"Sheltered and Unsheltered Count",FALSE,0,"Full sheltered + unsheltered enumeration."
"Florida","FL","FL-504","Deltona, Daytona Beach/Volusia, Flagler Counties CoC",2017,11.6227559051472,753,305,448,647867,"Sheltered and Unsheltered Count",FALSE,0,"Full sheltered + unsheltered enumeration."
"Florida","FL","FL-504","Deltona, Daytona Beach/Volusia, Flagler Counties CoC",2018,10.3770058919515,683,277,406,658186,"Sheltered and Unsheltered Count",FALSE,0,"Full sheltered + unsheltered enumeration."
"Florida","FL","FL-504","Deltona, Daytona Beach/Volusia, Flagler Counties CoC",2019,13.0916490241111,875,368,507,668365,"Sheltered and Unsheltered Count",FALSE,0,"Full sheltered + unsheltered enumeration."
"Florida","FL","FL-504","Deltona, Daytona Beach/Volusia, Flagler Counties CoC",2020,13.4559451759543,904,451,453,671822,"Sheltered and Unsheltered Count",FALSE,0,"Full sheltered + unsheltered enumeration."
"Florida","FL","FL-504","Deltona, Daytona Beach/Volusia, Flagler Counties CoC",2021,10.0929305856518,694,359,335,687610,"Sheltered and full unsheltered count",FALSE,1,"2021: COVID-disrupted PIT. HUD waived the unsheltered-count requirement. NOT comparable to other years."
"Florida","FL","FL-504","Deltona, Daytona Beach/Volusia, Flagler Counties CoC",2022,12.2257509649863,865,463,402,707523,"Sheltered and Unsheltered Count",FALSE,0,"Full sheltered + unsheltered enumeration."
"Florida","FL","FL-504","Deltona, Daytona Beach/Volusia, Flagler Counties CoC",2023,14.5486398472462,1053,470,583,723779,"Sheltered and Unsheltered Count",FALSE,0,"Full sheltered + unsheltered enumeration."
"Florida","FL","FL-504","Deltona, Daytona Beach/Volusia, Flagler Counties CoC",2024,15.7853838736844,1164,378,786,737391,"Sheltered and Unsheltered Count",FALSE,0,"Full sheltered + unsheltered enumeration."
"Florida","FL","FL-504","Deltona, Daytona Beach/Volusia, Flagler Counties CoC",2025,14.4992924398842,1083,407,676,746933,"Sheltered and Unsheltered Count",FALSE,0,"Full sheltered + unsheltered enumeration."
"Florida","FL","FL-505","Fort Walton Beach/Okaloosa, Walton Counties CoC",2010,95.8750826509333,2262,471,1791,235932,"Sheltered and Unsheltered Count",FALSE,0,"Full sheltered + unsheltered enumeration."
"Florida","FL","FL-505","Fort Walton Beach/Okaloosa, Walton Counties CoC",2011,115.791943159729,2764,475,2289,238704,"Sheltered and Unsheltered Count",FALSE,0,"Full sheltered + unsheltered enumeration."
"Florida","FL","FL-505","Fort Walton Beach/Okaloosa, Walton Counties CoC",2012,98.7236386018336,2438,510,1928,246952,"Sheltered and Unsheltered Count",FALSE,0,"Full sheltered + unsheltered enumeration."
"Florida","FL","FL-505","Fort Walton Beach/Okaloosa, Walton Counties CoC",2013,65.8247346961462,1658,383,1275,251881,"Sheltered and Unsheltered Count",FALSE,0,"Full sheltered + unsheltered enumeration."
"Florida","FL","FL-505","Fort Walton Beach/Okaloosa, Walton Counties CoC",2014,61.6494853421214,1577,302,1275,255801,"Sheltered-Only Count",TRUE,0,"Sheltered-only count: unsheltered people were not enumerated this year."
"Florida","FL","FL-505","Fort Walton Beach/Okaloosa, Walton Counties CoC",2015,26.1872445497558,683,272,411,260814,"Sheltered and Unsheltered Count",FALSE,0,"Full sheltered + unsheltered enumeration."
"Florida","FL","FL-505","Fort Walton Beach/Okaloosa, Walton Counties CoC",2016,23.6918626549953,629,272,357,265492,"Sheltered and Unsheltered Count",FALSE,0,"Full sheltered + unsheltered enumeration."
"Florida","FL","FL-505","Fort Walton Beach/Okaloosa, Walton Counties CoC",2017,14.7698518226586,401,130,271,271499,"Sheltered and Unsheltered Count",FALSE,0,"Full sheltered + unsheltered enumeration."
"Florida","FL","FL-505","Fort Walton Beach/Okaloosa, Walton Counties CoC",2018,17.8271736546786,495,83,412,277666,"Sheltered and Unsheltered Count",FALSE,0,"Full sheltered + unsheltered enumeration."
"Florida","FL","FL-505","Fort Walton Beach/Okaloosa, Walton Counties CoC",2019,14.0093887482488,399,165,234,284809,"Sheltered and Unsheltered Count",FALSE,0,"Full sheltered + unsheltered enumeration."
"Florida","FL","FL-505","Fort Walton Beach/Okaloosa, Walton Counties CoC",2020,12.1883040895059,351,96,255,287981,"Sheltered and Unsheltered Count",FALSE,0,"Full sheltered + unsheltered enumeration."
"Florida","FL","FL-505","Fort Walton Beach/Okaloosa, Walton Counties CoC",2021,2.48778260187981,73,73,0,293434,"Sheltered-Only Count",TRUE,1,"2021: COVID-disrupted PIT. HUD waived the unsheltered-count requirement. NOT comparable to other years."
"Florida","FL","FL-505","Fort Walton Beach/Okaloosa, Walton Counties CoC",2022,13.412990298048,403,169,234,300455,"Sheltered and Unsheltered Count",FALSE,0,"Full sheltered + unsheltered enumeration."
"Florida","FL","FL-505","Fort Walton Beach/Okaloosa, Walton Counties CoC",2023,12.8960221485099,395,138,257,306296,"Sheltered and Unsheltered Count",FALSE,0,"Full sheltered + unsheltered enumeration."
"Florida","FL","FL-505","Fort Walton Beach/Okaloosa, Walton Counties CoC",2024,12.6047304812041,391,141,250,310201,"Sheltered and Unsheltered Count",FALSE,0,"Full sheltered + unsheltered enumeration."
"Florida","FL","FL-505","Fort Walton Beach/Okaloosa, Walton Counties CoC",2025,12.1866847774343,384,143,241,315098,"Sheltered and Unsheltered Count",FALSE,0,"Full sheltered + unsheltered enumeration."
"Florida","FL","FL-506","Tallahassee/Leon County CoC",2010,14.7708884986254,640,536,104,433284.700551061,"No 2010 PIT Count",FALSE,0,"Full sheltered + unsheltered enumeration."
"Florida","FL","FL-506","Tallahassee/Leon County CoC",2011,18.0919326108015,787,728,59,435000.51483175,"Sheltered and Unsheltered Count",FALSE,0,"Full sheltered + unsheltered enumeration."
"Florida","FL","FL-506","Tallahassee/Leon County CoC",2012,18.1504661622082,797,738,59,439107.179329347,"Sheltered-Only Count",TRUE,0,"Sheltered-only count: unsheltered people were not enumerated this year."
"Florida","FL","FL-506","Tallahassee/Leon County CoC",2013,22.2947671920756,974,749,225,436873.815101419,"Sheltered and Unsheltered Count",FALSE,0,"Full sheltered + unsheltered enumeration."
"Florida","FL","FL-506","Tallahassee/Leon County CoC",2014,18.3456139798017,805,617,188,438796.979423145,"Sheltered and Unsheltered Count",FALSE,0,"Full sheltered + unsheltered enumeration."
"Florida","FL","FL-506","Tallahassee/Leon County CoC",2015,19.5793581574853,863,646,217,440770.322018994,"Sheltered and Unsheltered Count",FALSE,0,"Full sheltered + unsheltered enumeration."
"Florida","FL","FL-506","Tallahassee/Leon County CoC",2016,19.6853728348509,869,721,148,441444.521925196,"Sheltered and Unsheltered Count",FALSE,0,"Full sheltered + unsheltered enumeration."
"Florida","FL","FL-506","Tallahassee/Leon County CoC",2017,24.055135864484,1072,950,122,445642.878942432,"Sheltered and Unsheltered Count",FALSE,0,"Full sheltered + unsheltered enumeration."
"Florida","FL","FL-506","Tallahassee/Leon County CoC",2018,20.3460220946386,909,810,99,446770.378883808,"Sheltered and Unsheltered Count",FALSE,0,"Full sheltered + unsheltered enumeration."
"Florida","FL","FL-506","Tallahassee/Leon County CoC",2019,21.4642095164621,966,875,91,450051.514480009,"Sheltered and Unsheltered Count",FALSE,0,"Full sheltered + unsheltered enumeration."
"Florida","FL","FL-506","Tallahassee/Leon County CoC",2020,17.9748483105292,805,696,109,447848.007445187,"Sheltered and Unsheltered Count",FALSE,0,"Full sheltered + unsheltered enumeration."
"Florida","FL","FL-506","Tallahassee/Leon County CoC",2021,13.8263334562721,621,530,91,449142.935807246,"Sheltered and full unsheltered count",FALSE,1,"2021: COVID-disrupted PIT. HUD waived the unsheltered-count requirement. NOT comparable to other years."
"Florida","FL","FL-506","Tallahassee/Leon County CoC",2022,13.692247663593,621,457,164,453541.314222066,"Sheltered and Unsheltered Count",FALSE,0,"Full sheltered + unsheltered enumeration."
"Florida","FL","FL-506","Tallahassee/Leon County CoC",2023,17.5052373804426,801,532,269,457577.342478602,"Sheltered and Unsheltered Count",FALSE,0,"Full sheltered + unsheltered enumeration."
"Florida","FL","FL-506","Tallahassee/Leon County CoC",2024,18.2713080699693,840,624,216,459737.199319967,"Sheltered and Unsheltered Count",FALSE,0,"Full sheltered + unsheltered enumeration."
"Florida","FL","FL-506","Tallahassee/Leon County CoC",2025,14.4275725269538,665,450,215,460922.999179271,"Sheltered and Unsheltered Count",FALSE,0,"Full sheltered + unsheltered enumeration."
"Florida","FL","FL-507","Orlando/Orange, Osceola, Seminole Counties CoC",2010,21.9446393389564,4041,2065,1976,1841452,"Sheltered and Unsheltered Count",FALSE,0,"Full sheltered + unsheltered enumeration."
"Florida","FL","FL-507","Orlando/Orange, Osceola, Seminole Counties CoC",2011,24.0729514398184,4515,2127,2388,1875549,"Sheltered and Unsheltered Count",FALSE,0,"Full sheltered + unsheltered enumeration."
"Florida","FL","FL-507","Orlando/Orange, Osceola, Seminole Counties CoC",2012,19.0487488754682,3661,2218,1443,1921911,"Sheltered and Unsheltered Count",FALSE,0,"Full sheltered + unsheltered enumeration."
"Florida","FL","FL-507","Orlando/Orange, Osceola, Seminole Counties CoC",2013,22.3119638605304,4378,2321,2057,1962176,"Sheltered and Unsheltered Count",FALSE,0,"Full sheltered + unsheltered enumeration."
"Florida","FL","FL-507","Orlando/Orange, Osceola, Seminole Counties CoC",2014,11.2192273864626,2254,1988,266,2009051,"Sheltered and Unsheltered Count",FALSE,0,"Full sheltered + unsheltered enumeration."
"Florida","FL","FL-507","Orlando/Orange, Osceola, Seminole Counties CoC",2015,10.2357568135391,2112,1820,292,2063355,"Sheltered and Unsheltered Count",FALSE,0,"Full sheltered + unsheltered enumeration."
"Florida","FL","FL-507","Orlando/Orange, Osceola, Seminole Counties CoC",2016,7.87486973456502,1670,1537,133,2120670,"Sheltered and Unsheltered Count",FALSE,0,"Full sheltered + unsheltered enumeration."
"Florida","FL","FL-507","Orlando/Orange, Osceola, Seminole Counties CoC",2017,9.54728645772195,2074,1734,340,2172345,"Sheltered and Unsheltered Count",FALSE,0,"Full sheltered + unsheltered enumeration."
"Florida","FL","FL-507","Orlando/Orange, Osceola, Seminole Counties CoC",2018,9.25559415684828,2053,1693,360,2218118,"Sheltered and Unsheltered Count",FALSE,0,"Full sheltered + unsheltered enumeration."
"Florida","FL","FL-507","Orlando/Orange, Osceola, Seminole Counties CoC",2019,8.96909410810837,2010,1674,336,2241029,"Sheltered and Unsheltered Count",FALSE,0,"Full sheltered + unsheltered enumeration."
"Florida","FL","FL-507","Orlando/Orange, Osceola, Seminole Counties CoC",2020,8.74811318410834,2007,1548,459,2294209,"Sheltered and Unsheltered Count",FALSE,0,"Full sheltered + unsheltered enumeration."
"Florida","FL","FL-507","Orlando/Orange, Osceola, Seminole Counties CoC",2021,6.70374858511394,1544,1544,0,2303189,"Sheltered-Only Count",TRUE,1,"2021: COVID-disrupted PIT. HUD waived the unsheltered-count requirement. NOT comparable to other years."
"Florida","FL","FL-507","Orlando/Orange, Osceola, Seminole Counties CoC",2022,9.05458894228847,2151,1725,426,2375591,"Sheltered and Unsheltered Count",FALSE,0,"Full sheltered + unsheltered enumeration."
"Florida","FL","FL-507","Orlando/Orange, Osceola, Seminole Counties CoC",2023,9.26473762082523,2258,1671,587,2437198,"Sheltered and Unsheltered Count",FALSE,0,"Full sheltered + unsheltered enumeration."
"Florida","FL","FL-507","Orlando/Orange, Osceola, Seminole Counties CoC",2024,11.2092413249517,2776,1682,1094,2476528,"Sheltered and Unsheltered Count",FALSE,0,"Full sheltered + unsheltered enumeration."
"Florida","FL","FL-507","Orlando/Orange, Osceola, Seminole Counties CoC",2025,10.8970084793596,2726,1636,1090,2501604,"Sheltered and Unsheltered Count",FALSE,0,"Full sheltered + unsheltered enumeration."
"Florida","FL","FL-508","Gainesville/Alachua, Putnam Counties CoC",2010,23.6066763541392,1019,297,722,431657.546667439,"Sheltered and Unsheltered Count",FALSE,0,"Full sheltered + unsheltered enumeration."
"Florida","FL","FL-508","Gainesville/Alachua, Putnam Counties CoC",2011,27.2572509753052,1179,439,740,432545.454076849,"Sheltered and Unsheltered Count",FALSE,0,"Full sheltered + unsheltered enumeration."
"Florida","FL","FL-508","Gainesville/Alachua, Putnam Counties CoC",2012,42.0370516202332,1814,389,1425,431524.079373561,"Sheltered and Unsheltered Count",FALSE,0,"Full sheltered + unsheltered enumeration."
"Florida","FL","FL-508","Gainesville/Alachua, Putnam Counties CoC",2013,39.8373610282391,1718,413,1305,431253.465504952,"Sheltered and Unsheltered Count",FALSE,0,"Full sheltered + unsheltered enumeration."
"Florida","FL","FL-508","Gainesville/Alachua, Putnam Counties CoC",2014,28.9720782136452,1256,368,888,433520.85091654,"Sheltered and Unsheltered Count",FALSE,0,"Full sheltered + unsheltered enumeration."
"Florida","FL","FL-508","Gainesville/Alachua, Putnam Counties CoC",2015,19.8520745458465,870,317,553,438241.35255528,"Sheltered and Unsheltered Count",FALSE,0,"Full sheltered + unsheltered enumeration."
"Florida","FL","FL-508","Gainesville/Alachua, Putnam Counties CoC",2016,18.9975976782335,844,419,425,444266.698503155,"Sheltered and Unsheltered Count",FALSE,0,"Full sheltered + unsheltered enumeration."
"Florida","FL","FL-508","Gainesville/Alachua, Putnam Counties CoC",2017,18.2397039352823,819,373,446,449020.446223228,"Sheltered and Unsheltered Count",FALSE,0,"Full sheltered + unsheltered enumeration."
"Florida","FL","FL-508","Gainesville/Alachua, Putnam Counties CoC",2018,16.660466018682,756,323,433,453768.819643022,"Sheltered and Unsheltered Count",FALSE,0,"Full sheltered + unsheltered enumeration."
"Florida","FL","FL-508","Gainesville/Alachua, Putnam Counties CoC",2019,17.6241379177769,804,306,498,456192.526267642,"Sheltered and Unsheltered Count",FALSE,0,"Full sheltered + unsheltered enumeration."
"Florida","FL","FL-508","Gainesville/Alachua, Putnam Counties CoC",2020,18.8695314054083,880,279,601,466360.282665937,"Sheltered and Unsheltered Count",FALSE,0,"Full sheltered + unsheltered enumeration."
"Florida","FL","FL-508","Gainesville/Alachua, Putnam Counties CoC",2021,14.3709613447133,677,313,364,471088.874126749,"Sheltered and full unsheltered count",FALSE,1,"2021: COVID-disrupted PIT. HUD waived the unsheltered-count requirement. NOT comparable to other years."
"Florida","FL","FL-508","Gainesville/Alachua, Putnam Counties CoC",2022,19.4522461756038,925,338,587,475523.4905263,"Sheltered and Unsheltered Count",FALSE,0,"Full sheltered + unsheltered enumeration."
"Florida","FL","FL-508","Gainesville/Alachua, Putnam Counties CoC",2023,20.8237295206089,1006,308,698,483102.702138145,"Sheltered and Unsheltered Count",FALSE,0,"Full sheltered + unsheltered enumeration."
"Florida","FL","FL-508","Gainesville/Alachua, Putnam Counties CoC",2024,15.4152656138896,752,308,444,487828.117163564,"Sheltered and Unsheltered Count",FALSE,0,"Full sheltered + unsheltered enumeration."
"Florida","FL","FL-508","Gainesville/Alachua, Putnam Counties CoC",2025,17.3630622306498,852,401,451,490696.853286642,"Sheltered and Unsheltered Count",FALSE,0,"Full sheltered + unsheltered enumeration."
"Florida","FL","FL-509","Fort Pierce/St. Lucie, Indian River, Martin Counties CoC",2010,38.3357322746045,2160,186,1974,563443,"Sheltered and Unsheltered Count",FALSE,0,"Full sheltered + unsheltered enumeration."
"Florida","FL","FL-509","Fort Pierce/St. Lucie, Indian River, Martin Counties CoC",2011,29.6621371543383,1683,194,1489,567390,"Sheltered and Unsheltered Count",FALSE,0,"Full sheltered + unsheltered enumeration."
"Florida","FL","FL-509","Fort Pierce/St. Lucie, Indian River, Martin Counties CoC",2012,30.1195873406885,1724,179,1545,572385,"Sheltered and Unsheltered Count",FALSE,0,"Full sheltered + unsheltered enumeration."
"Florida","FL","FL-509","Fort Pierce/St. Lucie, Indian River, Martin Counties CoC",2013,38.7328814497164,2240,224,2016,578320,"Sheltered and Unsheltered Count",FALSE,0,"Full sheltered + unsheltered enumeration."
"Florida","FL","FL-509","Fort Pierce/St. Lucie, Indian River, Martin Counties CoC",2014,44.0939468251848,2591,249,2342,587609,"Sheltered and Unsheltered Count",FALSE,0,"Full sheltered + unsheltered enumeration."
"Florida","FL","FL-509","Fort Pierce/St. Lucie, Indian River, Martin Counties CoC",2015,40.1815834409229,2412,236,2176,600275,"Sheltered and Unsheltered Count",FALSE,0,"Full sheltered + unsheltered enumeration."
"Florida","FL","FL-509","Fort Pierce/St. Lucie, Indian River, Martin Counties CoC",2016,38.728558653768,2382,248,2134,615050,"Sheltered and Unsheltered Count",FALSE,0,"Full sheltered + unsheltered enumeration."
"Florida","FL","FL-509","Fort Pierce/St. Lucie, Indian River, Martin Counties CoC",2017,27.6189792777924,1732,183,1549,627105,"Sheltered and Unsheltered Count",FALSE,0,"Full sheltered + unsheltered enumeration."
"Florida","FL","FL-509","Fort Pierce/St. Lucie, Indian River, Martin Counties CoC",2018,24.1558758933131,1542,513,1029,638354,"Sheltered and Unsheltered Count",FALSE,0,"Full sheltered + unsheltered enumeration."
"Florida","FL","FL-509","Fort Pierce/St. Lucie, Indian River, Martin Counties CoC",2019,23.0892455562059,1499,154,1345,649220,"Sheltered and Unsheltered Count",FALSE,0,"Full sheltered + unsheltered enumeration."
"Florida","FL","FL-509","Fort Pierce/St. Lucie, Indian River, Martin Counties CoC",2020,21.1970247308869,1379,188,1191,650563,"Sheltered and Unsheltered Count",FALSE,0,"Full sheltered + unsheltered enumeration."
"Florida","FL","FL-509","Fort Pierce/St. Lucie, Indian River, Martin Counties CoC",2021,12.1755128598245,814,121,693,668555,"Sheltered and partial unsheltered count",FALSE,1,"2021: COVID-disrupted PIT. HUD waived the unsheltered-count requirement. NOT comparable to other years."
"Florida","FL","FL-509","Fort Pierce/St. Lucie, Indian River, Martin Counties CoC",2022,12.2479470935013,846,147,699,690728,"Sheltered and Unsheltered Count",FALSE,0,"Full sheltered + unsheltered enumeration."
"Florida","FL","FL-509","Fort Pierce/St. Lucie, Indian River, Martin Counties CoC",2023,12.9891102108449,925,185,740,712135,"Sheltered and Unsheltered Count",FALSE,0,"Full sheltered + unsheltered enumeration."
"Florida","FL","FL-509","Fort Pierce/St. Lucie, Indian River, Martin Counties CoC",2024,9.62444086254761,701,147,554,728354,"Sheltered and Unsheltered Count",FALSE,0,"Full sheltered + unsheltered enumeration."
"Florida","FL","FL-509","Fort Pierce/St. Lucie, Indian River, Martin Counties CoC",2025,7.67342755421297,569,152,417,741520,"Sheltered and Unsheltered Count",FALSE,0,"Full sheltered + unsheltered enumeration."
"Florida","FL","FL-510","Jacksonville-Duval, Clay Counties CoC",2010,28.3338786481424,3241,2069,1172,1143860.33774182,"Sheltered and Unsheltered Count",FALSE,0,"Full sheltered + unsheltered enumeration."
"Florida","FL","FL-510","Jacksonville-Duval, Clay Counties CoC",2011,26.2569254447726,3025,1593,1432,1152077.00397467,"Sheltered and Unsheltered Count",FALSE,0,"Full sheltered + unsheltered enumeration."
"Florida","FL","FL-510","Jacksonville-Duval, Clay Counties CoC",2012,24.6266415884261,2861,1542,1319,1161749.96486106,"Sheltered and Unsheltered Count",FALSE,0,"Full sheltered + unsheltered enumeration."
"Florida","FL","FL-510","Jacksonville-Duval, Clay Counties CoC",2013,23.6535831210212,2768,1671,1097,1170224.3951108,"Sheltered and Unsheltered Count",FALSE,0,"Full sheltered + unsheltered enumeration."
"Florida","FL","FL-510","Jacksonville-Duval, Clay Counties CoC",2014,17.2942946808753,2049,1756,293,1184783.79015125,"Sheltered and Unsheltered Count",FALSE,0,"Full sheltered + unsheltered enumeration."
"Florida","FL","FL-510","Jacksonville-Duval, Clay Counties CoC",2015,15.38613538861,1853,1427,426,1204331.01178333,"Sheltered and Unsheltered Count",FALSE,0,"Full sheltered + unsheltered enumeration."
"Florida","FL","FL-510","Jacksonville-Duval, Clay Counties CoC",2016,15.9660260048151,1959,1518,441,1226980.33900809,"Sheltered and Unsheltered Count",FALSE,0,"Full sheltered + unsheltered enumeration."
"Florida","FL","FL-510","Jacksonville-Duval, Clay Counties CoC",2017,14.9887317337379,1869,1437,432,1246936.72099894,"Sheltered and Unsheltered Count",FALSE,0,"Full sheltered + unsheltered enumeration."
"Florida","FL","FL-510","Jacksonville-Duval, Clay Counties CoC",2018,14.1886011975508,1794,1365,429,1264395.25293704,"Sheltered and Unsheltered Count",FALSE,0,"Full sheltered + unsheltered enumeration."
"Florida","FL","FL-510","Jacksonville-Duval, Clay Counties CoC",2019,12.9223659202211,1654,1146,508,1279951.37284559,"Sheltered and Unsheltered Count",FALSE,0,"Full sheltered + unsheltered enumeration."
"Florida","FL","FL-510","Jacksonville-Duval, Clay Counties CoC",2020,10.3361825206501,1366,915,451,1321571.08997538,"Sheltered and Unsheltered Count",FALSE,0,"Full sheltered + unsheltered enumeration."
"Florida","FL","FL-510","Jacksonville-Duval, Clay Counties CoC",2021,9.15816379199838,1222,992,230,1334328.61406964,"Sheltered and full unsheltered count",FALSE,1,"2021: COVID-disrupted PIT. HUD waived the unsheltered-count requirement. NOT comparable to other years."
"Florida","FL","FL-510","Jacksonville-Duval, Clay Counties CoC",2022,9.39554976294391,1279,1049,230,1361282.76925783,"Sheltered-Only Count",TRUE,0,"Sheltered-only count: unsheltered people were not enumerated this year."
"Florida","FL","FL-510","Jacksonville-Duval, Clay Counties CoC",2023,8.96670800205119,1247,851,396,1390699.90872318,"Sheltered and Unsheltered Count",FALSE,0,"Full sheltered + unsheltered enumeration."
"Florida","FL","FL-510","Jacksonville-Duval, Clay Counties CoC",2024,9.48993257017078,1339,779,560,1410968.92954625,"Sheltered and Unsheltered Count",FALSE,0,"Full sheltered + unsheltered enumeration."
"Florida","FL","FL-510","Jacksonville-Duval, Clay Counties CoC",2025,7.07858845715874,1008,719,289,1424012.71962715,"Sheltered and Unsheltered Count",FALSE,0,"Full sheltered + unsheltered enumeration."
"Florida","FL","FL-511","Pensacola/Escambia, Santa Rosa Counties CoC",2010,25.7237008422294,1160,542,618,450946,"Sheltered-Only Count",TRUE,0,"Sheltered-only count: unsheltered people were not enumerated this year."
"Florida","FL","FL-511","Pensacola/Escambia, Santa Rosa Counties CoC",2011,16.1049701300042,733,455,278,455139,"Sheltered and Unsheltered Count",FALSE,0,"Full sheltered + unsheltered enumeration."
"Florida","FL","FL-511","Pensacola/Escambia, Santa Rosa Counties CoC",2012,17.1572291074991,792,526,266,461613,"Sheltered and Unsheltered Count",FALSE,0,"Full sheltered + unsheltered enumeration."
"Florida","FL","FL-511","Pensacola/Escambia, Santa Rosa Counties CoC",2013,20.2318202643625,945,563,382,467086,"Sheltered and Unsheltered Count",FALSE,0,"Full sheltered + unsheltered enumeration."
"Florida","FL","FL-511","Pensacola/Escambia, Santa Rosa Counties CoC",2014,17.9122364160228,843,611,232,470628,"Sheltered and Unsheltered Count",FALSE,0,"Full sheltered + unsheltered enumeration."
"Florida","FL","FL-511","Pensacola/Escambia, Santa Rosa Counties CoC",2015,21.3232619123223,1014,538,476,475537,"Sheltered and Unsheltered Count",FALSE,0,"Full sheltered + unsheltered enumeration."
"Florida","FL","FL-511","Pensacola/Escambia, Santa Rosa Counties CoC",2016,16.5777878417091,798,616,182,481367,"Sheltered and Unsheltered Count",FALSE,0,"Full sheltered + unsheltered enumeration."
"Florida","FL","FL-511","Pensacola/Escambia, Santa Rosa Counties CoC",2017,15.555163370258,758,501,257,487298,"Sheltered and Unsheltered Count",FALSE,0,"Full sheltered + unsheltered enumeration."
"Florida","FL","FL-511","Pensacola/Escambia, Santa Rosa Counties CoC",2018,12.7831973770173,632,487,145,494399,"Sheltered and Unsheltered Count",FALSE,0,"Full sheltered + unsheltered enumeration."
"Florida","FL","FL-511","Pensacola/Escambia, Santa Rosa Counties CoC",2019,10.3058120402921,518,341,177,502629,"Sheltered and Unsheltered Count",FALSE,0,"Full sheltered + unsheltered enumeration."
"Florida","FL","FL-511","Pensacola/Escambia, Santa Rosa Counties CoC",2020,14.582531066069,746,372,374,511571,"Sheltered and Unsheltered Count",FALSE,0,"Full sheltered + unsheltered enumeration."
"Florida","FL","FL-511","Pensacola/Escambia, Santa Rosa Counties CoC",2021,14.1215379533236,731,148,583,517649,"Sheltered and partial unsheltered count",FALSE,1,"2021: COVID-disrupted PIT. HUD waived the unsheltered-count requirement. NOT comparable to other years."
"Florida","FL","FL-511","Pensacola/Escambia, Santa Rosa Counties CoC",2022,13.8871909288181,727,360,367,523504,"Sheltered and Unsheltered Count",FALSE,0,"Full sheltered + unsheltered enumeration."
"Florida","FL","FL-511","Pensacola/Escambia, Santa Rosa Counties CoC",2023,22.1612891109191,1180,438,742,532460,"Sheltered and Unsheltered Count",FALSE,0,"Full sheltered + unsheltered enumeration."
"Florida","FL","FL-511","Pensacola/Escambia, Santa Rosa Counties CoC",2024,20.802344385312,1123,579,544,539843,"Sheltered and Unsheltered Count",FALSE,0,"Full sheltered + unsheltered enumeration."
"Florida","FL","FL-511","Pensacola/Escambia, Santa Rosa Counties CoC",2025,16.2584021624042,886,601,285,544949,"Sheltered and Unsheltered Count",FALSE,0,"Full sheltered + unsheltered enumeration."
"Florida","FL","FL-512","St. Johns County CoC",2010,65.4643945850697,1252,201,1051,191249,"Sheltered and Unsheltered Count",FALSE,0,"Full sheltered + unsheltered enumeration."
"Florida","FL","FL-512","St. Johns County CoC",2011,70.9310270975901,1391,190,1201,196106,"Sheltered and Unsheltered Count",FALSE,0,"Full sheltered + unsheltered enumeration."
"Florida","FL","FL-512","St. Johns County CoC",2012,68.5419615373195,1385,184,1201,202066,"Sheltered and Unsheltered Count",FALSE,0,"Full sheltered + unsheltered enumeration."
"Florida","FL","FL-512","St. Johns County CoC",2013,68.6118631200493,1437,233,1204,209439,"Sheltered and Unsheltered Count",FALSE,0,"Full sheltered + unsheltered enumeration."
"Florida","FL","FL-512","St. Johns County CoC",2014,64.31443838484,1401,197,1204,217836,"Sheltered-Only Count",TRUE,0,"Sheltered-only count: unsheltered people were not enumerated this year."
"Florida","FL","FL-512","St. Johns County CoC",2015,51.2895273941739,1161,198,963,226362,"Sheltered and Unsheltered Count",FALSE,0,"Full sheltered + unsheltered enumeration."
"Florida","FL","FL-512","St. Johns County CoC",2016,45.3097586318497,1064,255,809,234828,"Sheltered and Unsheltered Count",FALSE,0,"Full sheltered + unsheltered enumeration."
"Florida","FL","FL-512","St. Johns County CoC",2017,18.2606804462992,445,179,266,243693,"Sheltered and Unsheltered Count",FALSE,0,"Full sheltered + unsheltered enumeration."
"Florida","FL","FL-512","St. Johns County CoC",2018,13.4744340343716,342,178,164,253814,"Sheltered and Unsheltered Count",FALSE,0,"Full sheltered + unsheltered enumeration."
"Florida","FL","FL-512","St. Johns County CoC",2019,13.4506105670415,356,156,200,264672,"Sheltered and Unsheltered Count",FALSE,0,"Full sheltered + unsheltered enumeration."
"Florida","FL","FL-512","St. Johns County CoC",2020,13.2434080665707,367,162,205,277119,"Sheltered and Unsheltered Count",FALSE,0,"Full sheltered + unsheltered enumeration."
"Florida","FL","FL-512","St. Johns County CoC",2021,14.3172707191361,420,129,291,293352,"Sheltered and full unsheltered count",FALSE,1,"2021: COVID-disrupted PIT. HUD waived the unsheltered-count requirement. NOT comparable to other years."
"Florida","FL","FL-512","St. Johns County CoC",2022,11.3442441775423,349,107,242,307645,"Sheltered and Unsheltered Count",FALSE,0,"Full sheltered + unsheltered enumeration."
"Florida","FL","FL-512","St. Johns County CoC",2023,13.553344092923,435,152,283,320954,"Sheltered and Unsheltered Count",FALSE,0,"Full sheltered + unsheltered enumeration."
"Florida","FL","FL-512","St. Johns County CoC",2024,13.259973480053,442,175,267,333334,"Sheltered and Unsheltered Count",FALSE,0,"Full sheltered + unsheltered enumeration."
"Florida","FL","FL-512","St. Johns County CoC",2025,9.23979580051281,320,179,141,346328,"Sheltered and Unsheltered Count",FALSE,0,"Full sheltered + unsheltered enumeration."
"Florida","FL","FL-513","Palm Bay, Melbourne/Brevard County CoC",2010,22.4462970963205,1221,1002,219,543965,"No 2010 PIT Count",FALSE,0,"Full sheltered + unsheltered enumeration."
"Florida","FL","FL-513","Palm Bay, Melbourne/Brevard County CoC",2011,35.0320284959007,1907,690,1217,544359,"Sheltered and Unsheltered Count",FALSE,0,"Full sheltered + unsheltered enumeration."
"Florida","FL","FL-513","Palm Bay, Melbourne/Brevard County CoC",2012,37.6988697652139,2062,743,1319,546966,"Sheltered and Unsheltered Count",FALSE,0,"Full sheltered + unsheltered enumeration."
"Florida","FL","FL-513","Palm Bay, Melbourne/Brevard County CoC",2013,28.4777057909515,1567,707,860,550255,"Sheltered and Unsheltered Count",FALSE,0,"Full sheltered + unsheltered enumeration."
"Florida","FL","FL-513","Palm Bay, Melbourne/Brevard County CoC",2014,26.5863615745174,1477,617,860,555548,"Sheltered-Only Count",TRUE,0,"Sheltered-only count: unsheltered people were not enumerated this year."
"Florida","FL","FL-513","Palm Bay, Melbourne/Brevard County CoC",2015,18.9484326888745,1072,684,388,565746,"Sheltered and Unsheltered Count",FALSE,0,"Full sheltered + unsheltered enumeration."
"Florida","FL","FL-513","Palm Bay, Melbourne/Brevard County CoC",2016,14.3358861727171,827,644,183,576874,"Sheltered and Unsheltered Count",FALSE,0,"Full sheltered + unsheltered enumeration."
"Florida","FL","FL-513","Palm Bay, Melbourne/Brevard County CoC",2017,14.3763961692434,845,592,253,587769,"Sheltered and Unsheltered Count",FALSE,0,"Full sheltered + unsheltered enumeration."
"Florida","FL","FL-513","Palm Bay, Melbourne/Brevard County CoC",2018,12.3319270904213,734,481,253,595203,"Sheltered-Only Count",TRUE,0,"Sheltered-only count: unsheltered people were not enumerated this year."
"Florida","FL","FL-513","Palm Bay, Melbourne/Brevard County CoC",2019,13.539510451173,815,418,397,601942,"Sheltered and Unsheltered Count",FALSE,0,"Full sheltered + unsheltered enumeration."
"Florida","FL","FL-513","Palm Bay, Melbourne/Brevard County CoC",2020,15.4410979606252,940,366,574,608765,"Sheltered and Unsheltered Count",FALSE,0,"Full sheltered + unsheltered enumeration."
"Florida","FL","FL-513","Palm Bay, Melbourne/Brevard County CoC",2021,6.98929602257284,432,432,0,618088,"Sheltered-Only Count",TRUE,1,"2021: COVID-disrupted PIT. HUD waived the unsheltered-count requirement. NOT comparable to other years."
"Florida","FL","FL-513","Palm Bay, Melbourne/Brevard County CoC",2022,14.4975017132692,916,473,443,631833,"Sheltered and Unsheltered Count",FALSE,0,"Full sheltered + unsheltered enumeration."
"Florida","FL","FL-513","Palm Bay, Melbourne/Brevard County CoC",2023,16.2844515994211,1052,387,665,646015,"Sheltered and Unsheltered Count",FALSE,0,"Full sheltered + unsheltered enumeration."
"Florida","FL","FL-513","Palm Bay, Melbourne/Brevard County CoC",2024,17.0056106324685,1116,337,779,656254,"Sheltered and Unsheltered Count",FALSE,0,"Full sheltered + unsheltered enumeration."
"Florida","FL","FL-513","Palm Bay, Melbourne/Brevard County CoC",2025,15.9944094870042,1062,362,700,663982,"Sheltered and Unsheltered Count",FALSE,0,"Full sheltered + unsheltered enumeration."
"Florida","FL","FL-514","Ocala/Marion County CoC",2010,17.3844282605612,576,382,194,331331,"Sheltered-Only Count",TRUE,0,"Sheltered-only count: unsheltered people were not enumerated this year."
"Florida","FL","FL-514","Ocala/Marion County CoC",2011,31.0575829255521,1032,432,600,332286,"Sheltered and Unsheltered Count",FALSE,0,"Full sheltered + unsheltered enumeration."
"Florida","FL","FL-514","Ocala/Marion County CoC",2012,27.2858242505384,911,311,600,333873,"Sheltered-Only Count",TRUE,0,"Sheltered-only count: unsheltered people were not enumerated this year."
"Florida","FL","FL-514","Ocala/Marion County CoC",2013,15.8169766893576,530,325,205,335083,"Sheltered and Unsheltered Count",FALSE,0,"Full sheltered + unsheltered enumeration."
"Florida","FL","FL-514","Ocala/Marion County CoC",2014,27.1593615479061,918,274,644,338005,"Sheltered and Unsheltered Count",FALSE,0,"Full sheltered + unsheltered enumeration."
"Florida","FL","FL-514","Ocala/Marion County CoC",2015,22.9994564296193,787,259,528,342182,"Sheltered and Unsheltered Count",FALSE,0,"Full sheltered + unsheltered enumeration."
"Florida","FL","FL-514","Ocala/Marion County CoC",2016,23.6855661943943,823,295,528,347469,"Sheltered-Only Count",TRUE,0,"Sheltered-only count: unsheltered people were not enumerated this year."
"Florida","FL","FL-514","Ocala/Marion County CoC",2017,20.5185388536222,725,290,435,353339,"Sheltered and Unsheltered Count",FALSE,0,"Full sheltered + unsheltered enumeration."
"Florida","FL","FL-514","Ocala/Marion County CoC",2018,15.9303964217879,572,301,271,359062,"Sheltered and Unsheltered Count",FALSE,0,"Full sheltered + unsheltered enumeration."
"Florida","FL","FL-514","Ocala/Marion County CoC",2019,12.9930876773556,475,296,179,365579,"Sheltered and Unsheltered Count",FALSE,0,"Full sheltered + unsheltered enumeration."
"Florida","FL","FL-514","Ocala/Marion County CoC",2020,13.8568006952246,523,373,150,377432,"Sheltered and Unsheltered Count",FALSE,0,"Full sheltered + unsheltered enumeration."
"Florida","FL","FL-514","Ocala/Marion County CoC",2021,13.2916929515087,512,302,210,385203,"Sheltered and partial unsheltered count",FALSE,1,"2021: COVID-disrupted PIT. HUD waived the unsheltered-count requirement. NOT comparable to other years."
"Florida","FL","FL-514","Ocala/Marion County CoC",2022,11.4587924195681,455,267,188,397075,"Sheltered and Unsheltered Count",FALSE,0,"Full sheltered + unsheltered enumeration."
"Florida","FL","FL-514","Ocala/Marion County CoC",2023,11.011399466408,454,234,220,412300,"Sheltered and Unsheltered Count",FALSE,0,"Full sheltered + unsheltered enumeration."
"Florida","FL","FL-514","Ocala/Marion County CoC",2024,8.83187887708969,378,179,199,427995,"Sheltered and Unsheltered Count",FALSE,0,"Full sheltered + unsheltered enumeration."
"Florida","FL","FL-514","Ocala/Marion County CoC",2025,8.83296435187277,391,231,160,442660,"Sheltered and Unsheltered Count",FALSE,0,"Full sheltered + unsheltered enumeration."
"Florida","FL","FL-515","Panama City/Bay, Jackson Counties CoC",2010,11.0926234054354,326,224,102,293889,"Sheltered and Unsheltered Count",FALSE,0,"Full sheltered + unsheltered enumeration."
"Florida","FL","FL-515","Panama City/Bay, Jackson Counties CoC",2011,13.9995435671927,411,296,115,293581,"Sheltered and Unsheltered Count",FALSE,0,"Full sheltered + unsheltered enumeration."
"Florida","FL","FL-515","Panama City/Bay, Jackson Counties CoC",2012,10.887978927365,322,235,87,295739,"Sheltered and Unsheltered Count",FALSE,0,"Full sheltered + unsheltered enumeration."
"Florida","FL","FL-515","Panama City/Bay, Jackson Counties CoC",2013,10.0994510730247,301,201,100,298036,"Sheltered and Unsheltered Count",FALSE,0,"Full sheltered + unsheltered enumeration."
"Florida","FL","FL-515","Panama City/Bay, Jackson Counties CoC",2014,8.89378563321763,268,196,72,301334,"Sheltered and Unsheltered Count",FALSE,0,"Full sheltered + unsheltered enumeration."
"Florida","FL","FL-515","Panama City/Bay, Jackson Counties CoC",2015,10.4188235603454,317,183,134,304257,"Sheltered and Unsheltered Count",FALSE,0,"Full sheltered + unsheltered enumeration."
"Florida","FL","FL-515","Panama City/Bay, Jackson Counties CoC",2016,10.1248624161841,310,174,136,306177,"Sheltered and Unsheltered Count",FALSE,0,"Full sheltered + unsheltered enumeration."
"Florida","FL","FL-515","Panama City/Bay, Jackson Counties CoC",2017,10.9257278128059,336,143,193,307531,"Sheltered and Unsheltered Count",FALSE,0,"Full sheltered + unsheltered enumeration."
"Florida","FL","FL-515","Panama City/Bay, Jackson Counties CoC",2018,12.3190537932016,381,109,272,309277,"Sheltered and Unsheltered Count",FALSE,0,"Full sheltered + unsheltered enumeration."
"Florida","FL","FL-515","Panama City/Bay, Jackson Counties CoC",2019,16.6012934040476,488,133,355,293953,"Sheltered and Unsheltered Count",FALSE,0,"Full sheltered + unsheltered enumeration."
"Florida","FL","FL-515","Panama City/Bay, Jackson Counties CoC",2020,13.0710965801258,385,136,249,294543,"Sheltered and Unsheltered Count",FALSE,0,"Full sheltered + unsheltered enumeration."
"Florida","FL","FL-515","Panama City/Bay, Jackson Counties CoC",2021,3.38026660597805,101,101,0,298793,"Sheltered-Only Count",TRUE,1,"2021: COVID-disrupted PIT. HUD waived the unsheltered-count requirement. NOT comparable to other years."
"Florida","FL","FL-515","Panama City/Bay, Jackson Counties CoC",2022,12.2666735896571,378,44,334,308152,"Sheltered and Unsheltered Count",FALSE,0,"Full sheltered + unsheltered enumeration."
"Florida","FL","FL-515","Panama City/Bay, Jackson Counties CoC",2023,16.3420902070736,517,123,394,316361,"Sheltered and Unsheltered Count",FALSE,0,"Full sheltered + unsheltered enumeration."
"Florida","FL","FL-515","Panama City/Bay, Jackson Counties CoC",2024,15.3172262007447,499,126,373,325777,"Sheltered and Unsheltered Count",FALSE,0,"Full sheltered + unsheltered enumeration."
"Florida","FL","FL-515","Panama City/Bay, Jackson Counties CoC",2025,12.569891626332,415,222,193,330154,"Sheltered and Unsheltered Count",FALSE,0,"Full sheltered + unsheltered enumeration."
"Florida","FL","FL-517","Hendry, Hardee, Highlands Counties CoC",2010,166.665350194706,4220,101,4119,253202,"No 2010 PIT Count",FALSE,0,"Full sheltered + unsheltered enumeration."
"Florida","FL","FL-517","Hendry, Hardee, Highlands Counties CoC",2011,52.1995852527267,1319,114,1205,252684,"Sheltered and Unsheltered Count",FALSE,0,"Full sheltered + unsheltered enumeration."
"Florida","FL","FL-517","Hendry, Hardee, Highlands Counties CoC",2012,52.567602574577,1319,114,1205,250915,"Sheltered-Only Count",TRUE,0,"Sheltered-only count: unsheltered people were not enumerated this year."
"Florida","FL","FL-517","Hendry, Hardee, Highlands Counties CoC",2013,153.723816602332,3847,136,3711,250254,"Sheltered and Unsheltered Count",FALSE,0,"Full sheltered + unsheltered enumeration."
"Florida","FL","FL-517","Hendry, Hardee, Highlands Counties CoC",2014,53.3758436635022,1346,234,1112,252174,"Sheltered and Unsheltered Count",FALSE,0,"Full sheltered + unsheltered enumeration."
"Florida","FL","FL-517","Hendry, Hardee, Highlands Counties CoC",2015,47.7341934371363,1218,278,940,255163,"Sheltered and Unsheltered Count",FALSE,0,"Full sheltered + unsheltered enumeration."
"Florida","FL","FL-517","Hendry, Hardee, Highlands Counties CoC",2016,41.2356050776392,1071,313,758,259727,"Sheltered and Unsheltered Count",FALSE,0,"Full sheltered + unsheltered enumeration."
"Florida","FL","FL-517","Hendry, Hardee, Highlands Counties CoC",2017,23.0577010449796,609,91,518,264120,"Sheltered and Unsheltered Count",FALSE,0,"Full sheltered + unsheltered enumeration."
"Florida","FL","FL-517","Hendry, Hardee, Highlands Counties CoC",2018,17.0207969340021,453,69,384,266145,"Sheltered and Unsheltered Count",FALSE,0,"Full sheltered + unsheltered enumeration."
"Florida","FL","FL-517","Hendry, Hardee, Highlands Counties CoC",2019,14.7867439441225,398,48,350,269160,"Sheltered and Unsheltered Count",FALSE,0,"Full sheltered + unsheltered enumeration."
"Florida","FL","FL-517","Hendry, Hardee, Highlands Counties CoC",2020,15.9771008103522,403,48,355,252236,"Sheltered and Unsheltered Count",FALSE,0,"Full sheltered + unsheltered enumeration."
"Florida","FL","FL-517","Hendry, Hardee, Highlands Counties CoC",2021,1.05690038518147,27,27,0,255464,"Sheltered-Only Count",TRUE,1,"2021: COVID-disrupted PIT. HUD waived the unsheltered-count requirement. NOT comparable to other years."
"Florida","FL","FL-517","Hendry, Hardee, Highlands Counties CoC",2022,24.8165484380846,650,41,609,261922,"Sheltered and Unsheltered Count",FALSE,0,"Full sheltered + unsheltered enumeration."
"Florida","FL","FL-517","Hendry, Hardee, Highlands Counties CoC",2023,37.7252001366425,1016,120,896,269316,"Sheltered and Unsheltered Count",FALSE,0,"Full sheltered + unsheltered enumeration."
"Florida","FL","FL-517","Hendry, Hardee, Highlands Counties CoC",2024,23.3043452969577,641,0,641,275056,"Sheltered and Unsheltered Count",FALSE,0,"Full sheltered + unsheltered enumeration."
"Florida","FL","FL-517","Hendry, Hardee, Highlands Counties CoC",2025,18.7217466922519,521,5,516,278286,"Sheltered and Unsheltered Count",FALSE,0,"Full sheltered + unsheltered enumeration."
"Florida","FL","FL-518","Columbia, Hamilton, Lafayette, Suwannee Counties CoC",2010,72.659243164737,1114,165,949,153318.415039678,"No 2010 PIT Count",FALSE,0,"Full sheltered + unsheltered enumeration."
"Florida","FL","FL-518","Columbia, Hamilton, Lafayette, Suwannee Counties CoC",2011,76.6255998580874,1179,83,1096,153865.027116726,"Sheltered and Unsheltered Count",FALSE,0,"Full sheltered + unsheltered enumeration."
"Florida","FL","FL-518","Columbia, Hamilton, Lafayette, Suwannee Counties CoC",2012,76.3108112884735,1180,84,1096,154630.77643603,"Sheltered-Only Count",TRUE,0,"Sheltered-only count: unsheltered people were not enumerated this year."
"Florida","FL","FL-518","Columbia, Hamilton, Lafayette, Suwannee Counties CoC",2013,83.1061006386984,1278,81,1197,153779.324282831,"Sheltered and Unsheltered Count",FALSE,0,"Full sheltered + unsheltered enumeration."
"Florida","FL","FL-518","Columbia, Hamilton, Lafayette, Suwannee Counties CoC",2014,69.3942815355044,1070,83,987,154191.379509067,"Sheltered and Unsheltered Count",FALSE,0,"Full sheltered + unsheltered enumeration."
"Florida","FL","FL-518","Columbia, Hamilton, Lafayette, Suwannee Counties CoC",2015,72.067849894753,1115,66,1049,154715.313642398,"Sheltered and Unsheltered Count",FALSE,0,"Full sheltered + unsheltered enumeration."
"Florida","FL","FL-518","Columbia, Hamilton, Lafayette, Suwannee Counties CoC",2016,73.3520889948661,1145,96,1049,156096.440563559,"Sheltered-Only Count",TRUE,0,"Sheltered-only count: unsheltered people were not enumerated this year."
"Florida","FL","FL-518","Columbia, Hamilton, Lafayette, Suwannee Counties CoC",2017,31.9153764256106,502,99,403,157290.953835396,"Sheltered and Unsheltered Count",FALSE,0,"Full sheltered + unsheltered enumeration."
"Florida","FL","FL-518","Columbia, Hamilton, Lafayette, Suwannee Counties CoC",2018,31.2101270574233,493,90,403,157961.548536131,"Sheltered-Only Count",TRUE,0,"Sheltered-only count: unsheltered people were not enumerated this year."
"Florida","FL","FL-518","Columbia, Hamilton, Lafayette, Suwannee Counties CoC",2019,33.7768721309251,538,113,425,159280.586406763,"Sheltered and Unsheltered Count",FALSE,0,"Full sheltered + unsheltered enumeration."
"Florida","FL","FL-518","Columbia, Hamilton, Lafayette, Suwannee Counties CoC",2020,37.1872491434824,578,84,494,155429.619913498,"Sheltered and Unsheltered Count",FALSE,0,"Full sheltered + unsheltered enumeration."
"Florida","FL","FL-518","Columbia, Hamilton, Lafayette, Suwannee Counties CoC",2021,4.42993264150106,69,69,0,155758.57599636,"Sheltered-Only Count",TRUE,1,"2021: COVID-disrupted PIT. HUD waived the unsheltered-count requirement. NOT comparable to other years."
"Florida","FL","FL-518","Columbia, Hamilton, Lafayette, Suwannee Counties CoC",2022,30.7522790128968,488,81,407,158687.425993808,"Sheltered and Unsheltered Count",FALSE,0,"Full sheltered + unsheltered enumeration."
"Florida","FL","FL-518","Columbia, Hamilton, Lafayette, Suwannee Counties CoC",2023,30.4179612613957,494,96,398,162404.046660073,"Sheltered and Unsheltered Count",FALSE,0,"Full sheltered + unsheltered enumeration."
"Florida","FL","FL-518","Columbia, Hamilton, Lafayette, Suwannee Counties CoC",2024,31.8510306923947,527,72,455,165457.753970215,"Sheltered and Unsheltered Count",FALSE,0,"Full sheltered + unsheltered enumeration."
"Florida","FL","FL-518","Columbia, Hamilton, Lafayette, Suwannee Counties CoC",2025,29.9529825978792,499,117,382,166594.427906933,"Sheltered and Unsheltered Count",FALSE,0,"Full sheltered + unsheltered enumeration."
"Florida","FL","FL-519","Pasco County CoC",2010,97.2529845086973,4527,1674,2853,465487,"No 2010 PIT Count",FALSE,0,"Full sheltered + unsheltered enumeration."
"Florida","FL","FL-519","Pasco County CoC",2011,96.5133429375043,4502,343,4159,466464,"Sheltered and Unsheltered Count",FALSE,0,"Full sheltered + unsheltered enumeration."
"Florida","FL","FL-519","Pasco County CoC",2012,92.6460223534347,4351,192,4159,469637,"Sheltered-Only Count",TRUE,0,"Sheltered-only count: unsheltered people were not enumerated this year."
"Florida","FL","FL-519","Pasco County CoC",2013,69.6739973690424,3305,105,3200,474352,"Sheltered and Unsheltered Count",FALSE,0,"Full sheltered + unsheltered enumeration."
"Florida","FL","FL-519","Pasco County CoC",2014,69.425050527618,3356,156,3200,483399,"Sheltered-Only Count",TRUE,0,"Sheltered-only count: unsheltered people were not enumerated this year."
"Florida","FL","FL-519","Pasco County CoC",2015,20.5902262096,1019,159,860,494895,"Sheltered and Unsheltered Count",FALSE,0,"Full sheltered + unsheltered enumeration."
"Florida","FL","FL-519","Pasco County CoC",2016,20.6888301888272,1055,195,860,509937,"Sheltered-Only Count",TRUE,0,"Sheltered-only count: unsheltered people were not enumerated this year."
"Florida","FL","FL-519","Pasco County CoC",2017,49.3772148813366,2593,178,2415,525141,"Sheltered and Unsheltered Count",FALSE,0,"Full sheltered + unsheltered enumeration."
"Florida","FL","FL-519","Pasco County CoC",2018,49.4908085848374,2668,253,2415,539090,"Sheltered-Only Count",TRUE,0,"Sheltered-only count: unsheltered people were not enumerated this year."
"Florida","FL","FL-519","Pasco County CoC",2019,16.1387280732633,894,206,688,553947,"Sheltered and Unsheltered Count",FALSE,0,"Full sheltered + unsheltered enumeration."
"Florida","FL","FL-519","Pasco County CoC",2020,15.8609604888991,898,210,688,566170,"Sheltered-Only Count",TRUE,0,"Sheltered-only count: unsheltered people were not enumerated this year."
"Florida","FL","FL-519","Pasco County CoC",2021,14.6404380173054,857,334,523,585365,"Sheltered and full unsheltered count",FALSE,1,"2021: COVID-disrupted PIT. HUD waived the unsheltered-count requirement. NOT comparable to other years."
"Florida","FL","FL-519","Pasco County CoC",2022,9.64947345657573,589,252,337,610396,"Sheltered and Unsheltered Count",FALSE,0,"Full sheltered + unsheltered enumeration."
"Florida","FL","FL-519","Pasco County CoC",2023,10.7094878187451,680,259,421,634951,"Sheltered and Unsheltered Count",FALSE,0,"Full sheltered + unsheltered enumeration."
"Florida","FL","FL-519","Pasco County CoC",2024,11.1400661393804,731,304,427,656190,"Sheltered and Unsheltered Count",FALSE,0,"Full sheltered + unsheltered enumeration."
"Florida","FL","FL-519","Pasco County CoC",2025,9.4586340427803,638,227,411,674516,"Sheltered and Unsheltered Count",FALSE,0,"Full sheltered + unsheltered enumeration."
"Florida","FL","FL-520","Citrus, Hernando, Lake, Sumter Counties CoC",2010,19.6139798818629,1385,295,1090,706129,"Sheltered and Unsheltered Count",FALSE,0,"Full sheltered + unsheltered enumeration."
"Florida","FL","FL-520","Citrus, Hernando, Lake, Sumter Counties CoC",2011,24.1178695834992,1715,330,1385,711091,"Sheltered and Unsheltered Count",FALSE,0,"Full sheltered + unsheltered enumeration."
"Florida","FL","FL-520","Citrus, Hernando, Lake, Sumter Counties CoC",2012,24.9270868767531,1788,403,1385,717292,"Sheltered-Only Count",TRUE,0,"Sheltered-only count: unsheltered people were not enumerated this year."
"Florida","FL","FL-520","Citrus, Hernando, Lake, Sumter Counties CoC",2013,9.74786172610021,709,303,406,727339,"Sheltered and Unsheltered Count",FALSE,0,"Full sheltered + unsheltered enumeration."
"Florida","FL","FL-520","Citrus, Hernando, Lake, Sumter Counties CoC",2014,6.8895594187423,511,310,201,741702,"Sheltered and Unsheltered Count",FALSE,0,"Full sheltered + unsheltered enumeration."
"Florida","FL","FL-520","Citrus, Hernando, Lake, Sumter Counties CoC",2015,9.61314647094949,731,267,464,760417,"Sheltered and Unsheltered Count",FALSE,0,"Full sheltered + unsheltered enumeration."
"Florida","FL","FL-520","Citrus, Hernando, Lake, Sumter Counties CoC",2016,7.60689606678727,595,303,292,782185,"Sheltered and Unsheltered Count",FALSE,0,"Full sheltered + unsheltered enumeration."
"Florida","FL","FL-520","Citrus, Hernando, Lake, Sumter Counties CoC",2017,7.91231904464043,635,282,353,802546,"Sheltered and Unsheltered Count",FALSE,0,"Full sheltered + unsheltered enumeration."
"Florida","FL","FL-520","Citrus, Hernando, Lake, Sumter Counties CoC",2018,8.63175197856509,711,449,262,823703,"Sheltered and Unsheltered Count",FALSE,0,"Full sheltered + unsheltered enumeration."
"Florida","FL","FL-520","Citrus, Hernando, Lake, Sumter Counties CoC",2019,8.02974683168963,677,346,331,843115,"Sheltered and Unsheltered Count",FALSE,0,"Full sheltered + unsheltered enumeration."
"Florida","FL","FL-520","Citrus, Hernando, Lake, Sumter Counties CoC",2020,8.1113481568317,703,279,424,866687,"Sheltered and Unsheltered Count",FALSE,0,"Full sheltered + unsheltered enumeration."
"Florida","FL","FL-520","Citrus, Hernando, Lake, Sumter Counties CoC",2021,7.16709785335309,638,313,325,890179,"Sheltered and full unsheltered count",FALSE,1,"2021: COVID-disrupted PIT. HUD waived the unsheltered-count requirement. NOT comparable to other years."
"Florida","FL","FL-520","Citrus, Hernando, Lake, Sumter Counties CoC",2022,8.05144277531611,745,420,325,925300,"Sheltered-Only Count",TRUE,0,"Sheltered-only count: unsheltered people were not enumerated this year."
"Florida","FL","FL-520","Citrus, Hernando, Lake, Sumter Counties CoC",2023,6.7730455745609,649,323,326,958210,"Sheltered and Unsheltered Count",FALSE,0,"Full sheltered + unsheltered enumeration."
"Florida","FL","FL-520","Citrus, Hernando, Lake, Sumter Counties CoC",2024,7.9788205963204,786,341,445,985108,"Sheltered and Unsheltered Count",FALSE,0,"Full sheltered + unsheltered enumeration."
"Florida","FL","FL-520","Citrus, Hernando, Lake, Sumter Counties CoC",2025,7.61511784568614,767,238,529,1007207,"Sheltered and Unsheltered Count",FALSE,0,"Full sheltered + unsheltered enumeration."
"Florida","FL","FL-600","Miami-Dade County CoC",2010,15.4728493178225,3879,3120,759,2506972,"Sheltered and Unsheltered Count",FALSE,0,"Full sheltered + unsheltered enumeration."
"Florida","FL","FL-600","Miami-Dade County CoC",2011,15.0007997544538,3817,3028,789,2544531,"Sheltered and Unsheltered Count",FALSE,0,"Full sheltered + unsheltered enumeration."
"Florida","FL","FL-600","Miami-Dade County CoC",2012,15.4314638854843,3976,3108,868,2576554,"Sheltered and Unsheltered Count",FALSE,0,"Full sheltered + unsheltered enumeration."
"Florida","FL","FL-600","Miami-Dade County CoC",2013,14.5687690348133,3802,2963,839,2609692,"Sheltered and Unsheltered Count",FALSE,0,"Full sheltered + unsheltered enumeration."
"Florida","FL","FL-600","Miami-Dade County CoC",2014,15.7766727695615,4156,3316,840,2634269,"Sheltered and Unsheltered Count",FALSE,0,"Full sheltered + unsheltered enumeration."
"Florida","FL","FL-600","Miami-Dade County CoC",2015,15.6099673702055,4152,3145,1007,2659839,"Sheltered and Unsheltered Count",FALSE,0,"Full sheltered + unsheltered enumeration."
"Florida","FL","FL-600","Miami-Dade County CoC",2016,15.7305532660306,4235,3253,982,2692213,"Sheltered and Unsheltered Count",FALSE,0,"Full sheltered + unsheltered enumeration."
"Florida","FL","FL-600","Miami-Dade County CoC",2017,13.7139529612519,3721,2710,1011,2713295,"Sheltered and Unsheltered Count",FALSE,0,"Full sheltered + unsheltered enumeration."
"Florida","FL","FL-600","Miami-Dade County CoC",2018,12.950972685824,3516,2486,1030,2714854,"Sheltered and Unsheltered Count",FALSE,0,"Full sheltered + unsheltered enumeration."
"Florida","FL","FL-600","Miami-Dade County CoC",2019,12.7790823499967,3472,2464,1008,2716940,"Sheltered and Unsheltered Count",FALSE,0,"Full sheltered + unsheltered enumeration."
"Florida","FL","FL-600","Miami-Dade County CoC",2020,13.2071040864487,3560,2540,1020,2695519,"Sheltered and Unsheltered Count",FALSE,0,"Full sheltered + unsheltered enumeration."
"Florida","FL","FL-600","Miami-Dade County CoC",2021,12.0742687371191,3224,2332,892,2670141,"Sheltered and full unsheltered count",FALSE,1,"2021: COVID-disrupted PIT. HUD waived the unsheltered-count requirement. NOT comparable to other years."
"Florida","FL","FL-600","Miami-Dade County CoC",2022,11.9825660248166,3276,2306,970,2733972,"Sheltered and Unsheltered Count",FALSE,0,"Full sheltered + unsheltered enumeration."
"Florida","FL","FL-600","Miami-Dade County CoC",2023,13.0910528005796,3657,2599,1058,2793511,"Sheltered and Unsheltered Count",FALSE,0,"Full sheltered + unsheltered enumeration."
"Florida","FL","FL-600","Miami-Dade County CoC",2024,13.5128215340324,3800,2767,1033,2812144,"Sheltered and Unsheltered Count",FALSE,0,"Full sheltered + unsheltered enumeration."
"Florida","FL","FL-600","Miami-Dade County CoC",2025,12.9013654034273,3615,2757,858,2802029,"Sheltered and Unsheltered Count",FALSE,0,"Full sheltered + unsheltered enumeration."
"Florida","FL","FL-601","Ft Lauderdale/Broward County CoC",2010,18.3991013251347,3225,2425,800,1752803,"No 2010 PIT Count",FALSE,0,"Full sheltered + unsheltered enumeration."
"Florida","FL","FL-601","Ft Lauderdale/Broward County CoC",2011,21.2705234529765,3801,2533,1268,1786980,"Sheltered and Unsheltered Count",FALSE,0,"Full sheltered + unsheltered enumeration."
"Florida","FL","FL-601","Ft Lauderdale/Broward County CoC",2012,17.544410840164,3183,1915,1268,1814253,"Sheltered-Only Count",TRUE,0,"Sheltered-only count: unsheltered people were not enumerated this year."
"Florida","FL","FL-601","Ft Lauderdale/Broward County CoC",2013,15.3000108896875,2810,1981,829,1836600,"Sheltered and Unsheltered Count",FALSE,0,"Full sheltered + unsheltered enumeration."
"Florida","FL","FL-601","Ft Lauderdale/Broward County CoC",2014,14.8635120125228,2766,1887,879,1860933,"Sheltered and Unsheltered Count",FALSE,0,"Full sheltered + unsheltered enumeration."
"Florida","FL","FL-601","Ft Lauderdale/Broward County CoC",2015,13.8723846708823,2615,1796,819,1885040,"Sheltered and Unsheltered Count",FALSE,0,"Full sheltered + unsheltered enumeration."
"Florida","FL","FL-601","Ft Lauderdale/Broward County CoC",2016,12.0360789570962,2302,1520,782,1912583,"Sheltered and Unsheltered Count",FALSE,0,"Full sheltered + unsheltered enumeration."
"Florida","FL","FL-601","Ft Lauderdale/Broward County CoC",2017,12.6646665108999,2450,1493,957,1934516,"Sheltered and Unsheltered Count",FALSE,0,"Full sheltered + unsheltered enumeration."
"Florida","FL","FL-601","Ft Lauderdale/Broward County CoC",2018,11.9109586471864,2318,1449,869,1946107,"Sheltered and Unsheltered Count",FALSE,0,"Full sheltered + unsheltered enumeration."
"Florida","FL","FL-601","Ft Lauderdale/Broward County CoC",2019,14.353910173097,2803,1453,1350,1952778,"Sheltered and Unsheltered Count",FALSE,0,"Full sheltered + unsheltered enumeration."
"Florida","FL","FL-601","Ft Lauderdale/Broward County CoC",2020,11.3767516003863,2211,1227,984,1943437,"Sheltered and Unsheltered Count",FALSE,0,"Full sheltered + unsheltered enumeration."
"Florida","FL","FL-601","Ft Lauderdale/Broward County CoC",2021,13.227089658079,2561,794,1767,1936178,"Sheltered and partial unsheltered count",FALSE,1,"2021: COVID-disrupted PIT. HUD waived the unsheltered-count requirement. NOT comparable to other years."
"Florida","FL","FL-601","Ft Lauderdale/Broward County CoC",2022,10.4457338026285,2054,826,1228,1966353,"Sheltered and Unsheltered Count",FALSE,0,"Full sheltered + unsheltered enumeration."
"Florida","FL","FL-601","Ft Lauderdale/Broward County CoC",2023,12.4347450877257,2487,863,1624,2000041,"Sheltered and Unsheltered Count",FALSE,0,"Full sheltered + unsheltered enumeration."
"Florida","FL","FL-601","Ft Lauderdale/Broward County CoC",2024,12.2610790444801,2469,845,1624,2013689,"Sheltered-Only Count",TRUE,0,"Sheltered-only count: unsheltered people were not enumerated this year."
"Florida","FL","FL-601","Ft Lauderdale/Broward County CoC",2025,10.8726047611976,2189,866,1323,2013317,"Sheltered and Unsheltered Count",FALSE,0,"Full sheltered + unsheltered enumeration."
"Florida","FL","FL-602","Punta Gorda/Charlotte County CoC",2010,23.5183737294762,376,202,174,159875,"Sheltered and Unsheltered Count",FALSE,0,"Full sheltered + unsheltered enumeration."
"Florida","FL","FL-602","Punta Gorda/Charlotte County CoC",2011,51.7924050316196,828,192,636,159869,"Sheltered and Unsheltered Count",FALSE,0,"Full sheltered + unsheltered enumeration."
"Florida","FL","FL-602","Punta Gorda/Charlotte County CoC",2012,46.45332546822,756,211,545,162744,"Sheltered and Unsheltered Count",FALSE,0,"Full sheltered + unsheltered enumeration."
"Florida","FL","FL-602","Punta Gorda/Charlotte County CoC",2013,34.7966551487511,573,186,387,164671,"Sheltered and Unsheltered Count",FALSE,0,"Full sheltered + unsheltered enumeration."
"Florida","FL","FL-602","Punta Gorda/Charlotte County CoC",2014,30.4092453627389,511,203,308,168041,"Sheltered and Unsheltered Count",FALSE,0,"Full sheltered + unsheltered enumeration."
"Florida","FL","FL-602","Punta Gorda/Charlotte County CoC",2015,32.6020118109779,562,162,400,172382,"Sheltered and Unsheltered Count",FALSE,0,"Full sheltered + unsheltered enumeration."
"Florida","FL","FL-602","Punta Gorda/Charlotte County CoC",2016,21.8381165187341,388,134,254,177671,"Sheltered and Unsheltered Count",FALSE,0,"Full sheltered + unsheltered enumeration."
"Florida","FL","FL-602","Punta Gorda/Charlotte County CoC",2017,12.2299225438239,222,89,133,181522,"Sheltered and Unsheltered Count",FALSE,0,"Full sheltered + unsheltered enumeration."
"Florida","FL","FL-602","Punta Gorda/Charlotte County CoC",2018,8.8721064219985,164,78,86,184849,"Sheltered and Unsheltered Count",FALSE,0,"Full sheltered + unsheltered enumeration."
"Florida","FL","FL-602","Punta Gorda/Charlotte County CoC",2019,8.25790058758139,156,89,67,188910,"Sheltered and Unsheltered Count",FALSE,0,"Full sheltered + unsheltered enumeration."
"Florida","FL","FL-602","Punta Gorda/Charlotte County CoC",2020,8.98826207432069,169,93,76,188023,"Sheltered and Unsheltered Count",FALSE,0,"Full sheltered + unsheltered enumeration."
"Florida","FL","FL-602","Punta Gorda/Charlotte County CoC",2021,7.89549239161642,154,93,61,195048,"Sheltered and full unsheltered count",FALSE,1,"2021: COVID-disrupted PIT. HUD waived the unsheltered-count requirement. NOT comparable to other years."
"Florida","FL","FL-602","Punta Gorda/Charlotte County CoC",2022,7.28647669312117,148,108,40,203116,"Sheltered and Unsheltered Count",FALSE,0,"Full sheltered + unsheltered enumeration."
"Florida","FL","FL-602","Punta Gorda/Charlotte County CoC",2023,20.6465713152881,427,193,234,206814,"Sheltered and Unsheltered Count",FALSE,0,"Full sheltered + unsheltered enumeration."
"Florida","FL","FL-602","Punta Gorda/Charlotte County CoC",2024,16.2208686440678,343,134,209,211456,"Sheltered and Unsheltered Count",FALSE,0,"Full sheltered + unsheltered enumeration."
"Florida","FL","FL-602","Punta Gorda/Charlotte County CoC",2025,14.8702649945675,323,121,202,217212,"Sheltered and Unsheltered Count",FALSE,0,"Full sheltered + unsheltered enumeration."
"Florida","FL","FL-603","Ft Myers, Cape Coral/Lee County CoC",2010,15.214788000303,944,461,483,620449,"Sheltered and Unsheltered Count",FALSE,0,"Full sheltered + unsheltered enumeration."
"Florida","FL","FL-603","Ft Myers, Cape Coral/Lee County CoC",2011,15.3552871153453,969,513,456,631053,"Sheltered and Unsheltered Count",FALSE,0,"Full sheltered + unsheltered enumeration."
"Florida","FL","FL-603","Ft Myers, Cape Coral/Lee County CoC",2012,12.1236205694842,781,410,371,644197,"Sheltered and Unsheltered Count",FALSE,0,"Full sheltered + unsheltered enumeration."
"Florida","FL","FL-603","Ft Myers, Cape Coral/Lee County CoC",2013,12.8517172500962,848,452,396,659834,"Sheltered and Unsheltered Count",FALSE,0,"Full sheltered + unsheltered enumeration."
"Florida","FL","FL-603","Ft Myers, Cape Coral/Lee County CoC",2014,12.861176081461,871,427,444,677232,"Sheltered and Unsheltered Count",FALSE,0,"Full sheltered + unsheltered enumeration."
"Florida","FL","FL-603","Ft Myers, Cape Coral/Lee County CoC",2015,8.77589173922738,614,300,314,699644,"Sheltered and Unsheltered Count",FALSE,0,"Full sheltered + unsheltered enumeration."
"Florida","FL","FL-603","Ft Myers, Cape Coral/Lee County CoC",2016,6.07487175655124,439,256,183,722649,"Sheltered and Unsheltered Count",FALSE,0,"Full sheltered + unsheltered enumeration."
"Florida","FL","FL-603","Ft Myers, Cape Coral/Lee County CoC",2017,5.82432432432432,431,244,187,740000,"Sheltered and Unsheltered Count",FALSE,0,"Full sheltered + unsheltered enumeration."
"Florida","FL","FL-603","Ft Myers, Cape Coral/Lee County CoC",2018,9.64915768685302,728,524,204,754470,"Sheltered and Unsheltered Count",FALSE,0,"Full sheltered + unsheltered enumeration."
"Florida","FL","FL-603","Ft Myers, Cape Coral/Lee County CoC",2019,4.82755130246556,372,210,162,770577,"Sheltered and Unsheltered Count",FALSE,0,"Full sheltered + unsheltered enumeration."
"Florida","FL","FL-603","Ft Myers, Cape Coral/Lee County CoC",2020,5.79956242040296,444,233,211,765575,"Sheltered and Unsheltered Count",FALSE,0,"Full sheltered + unsheltered enumeration."
"Florida","FL","FL-603","Ft Myers, Cape Coral/Lee County CoC",2021,4.97997267334792,394,177,217,791169,"Sheltered and full unsheltered count",FALSE,1,"2021: COVID-disrupted PIT. HUD waived the unsheltered-count requirement. NOT comparable to other years."
"Florida","FL","FL-603","Ft Myers, Cape Coral/Lee County CoC",2022,6.76280313359314,560,159,401,828059,"Sheltered and Unsheltered Count",FALSE,0,"Full sheltered + unsheltered enumeration."
"Florida","FL","FL-603","Ft Myers, Cape Coral/Lee County CoC",2023,10.1876200325011,862,264,598,846125,"Sheltered and Unsheltered Count",FALSE,0,"Full sheltered + unsheltered enumeration."
"Florida","FL","FL-603","Ft Myers, Cape Coral/Lee County CoC",2024,10.9206921003125,941,197,744,861667,"Sheltered and Unsheltered Count",FALSE,0,"Full sheltered + unsheltered enumeration."
"Florida","FL","FL-603","Ft Myers, Cape Coral/Lee County CoC",2025,10.1415361000997,888,242,646,875607,"Sheltered and Unsheltered Count",FALSE,0,"Full sheltered + unsheltered enumeration."
"Florida","FL","FL-604","Monroe County CoC",2010,142.037694618957,1040,324,716,73220,"No 2010 PIT Count",FALSE,0,"Full sheltered + unsheltered enumeration."
"Florida","FL","FL-604","Monroe County CoC",2011,122.216664188084,904,346,558,73967,"Sheltered and Unsheltered Count",FALSE,0,"Full sheltered + unsheltered enumeration."
"Florida","FL","FL-604","Monroe County CoC",2012,123.658798283262,922,364,558,74560,"Sheltered-Only Count",TRUE,0,"Sheltered-only count: unsheltered people were not enumerated this year."
"Florida","FL","FL-604","Monroe County CoC",2013,86.0010816086951,652,347,305,75813,"Sheltered and Unsheltered Count",FALSE,0,"Full sheltered + unsheltered enumeration."
"Florida","FL","FL-604","Monroe County CoC",2014,88.9052071176617,678,383,295,76261,"Sheltered and Unsheltered Count",FALSE,0,"Full sheltered + unsheltered enumeration."
"Florida","FL","FL-604","Monroe County CoC",2015,80.2369272518526,615,301,314,76648,"Sheltered and Unsheltered Count",FALSE,0,"Full sheltered + unsheltered enumeration."
"Florida","FL","FL-604","Monroe County CoC",2016,74.799666978874,575,305,270,76872,"Sheltered and Unsheltered Count",FALSE,0,"Full sheltered + unsheltered enumeration."
"Florida","FL","FL-604","Monroe County CoC",2017,82.5019939071428,631,339,292,76483,"Sheltered and Unsheltered Count",FALSE,0,"Full sheltered + unsheltered enumeration."
"Florida","FL","FL-604","Monroe County CoC",2018,130.155035648836,973,761,212,74757,"Sheltered and Unsheltered Count",FALSE,0,"Full sheltered + unsheltered enumeration."
"Florida","FL","FL-604","Monroe County CoC",2019,67.4947459179824,501,292,209,74228,"Sheltered and Unsheltered Count",FALSE,0,"Full sheltered + unsheltered enumeration."
"Florida","FL","FL-604","Monroe County CoC",2020,50.8141120807232,421,243,178,82851,"Sheltered and Unsheltered Count",FALSE,0,"Full sheltered + unsheltered enumeration."
"Florida","FL","FL-604","Monroe County CoC",2021,29.4185580044006,242,242,0,82261,"Sheltered-Only Count",TRUE,1,"2021: COVID-disrupted PIT. HUD waived the unsheltered-count requirement. NOT comparable to other years."
"Florida","FL","FL-604","Monroe County CoC",2022,63.6064622230821,526,322,204,82696,"Sheltered and Unsheltered Count",FALSE,0,"Full sheltered + unsheltered enumeration."
"Florida","FL","FL-604","Monroe County CoC",2023,59.6166636435093,493,283,210,82695,"Sheltered and Unsheltered Count",FALSE,0,"Full sheltered + unsheltered enumeration."
"Florida","FL","FL-604","Monroe County CoC",2024,54.8680119490337,450,267,183,82015,"Sheltered and Unsheltered Count",FALSE,0,"Full sheltered + unsheltered enumeration."
"Florida","FL","FL-604","Monroe County CoC",2025,47.0114170584285,378,212,166,80406,"Sheltered and Unsheltered Count",FALSE,0,"Full sheltered + unsheltered enumeration."
"Florida","FL","FL-605","West Palm Beach/Palm Beach County CoC",2010,16.2206798179839,2147,740,1407,1323619,"No 2010 PIT Count",FALSE,0,"Full sheltered + unsheltered enumeration."
"Florida","FL","FL-605","West Palm Beach/Palm Beach County CoC",2011,16.0687034321793,2148,751,1397,1336760,"Sheltered and Unsheltered Count",FALSE,0,"Full sheltered + unsheltered enumeration."
"Florida","FL","FL-605","West Palm Beach/Palm Beach County CoC",2012,15.616973790644,2116,719,1397,1354936,"Sheltered-Only Count",TRUE,0,"Sheltered-only count: unsheltered people were not enumerated this year."
"Florida","FL","FL-605","West Palm Beach/Palm Beach County CoC",2013,11.3261390434316,1559,612,947,1376462,"Sheltered and Unsheltered Count",FALSE,0,"Full sheltered + unsheltered enumeration."
"Florida","FL","FL-605","West Palm Beach/Palm Beach County CoC",2014,11.4109545163357,1596,649,947,1398656,"Sheltered-Only Count",TRUE,0,"Sheltered-only count: unsheltered people were not enumerated this year."
"Florida","FL","FL-605","West Palm Beach/Palm Beach County CoC",2015,9.97713894131392,1421,596,825,1424256,"Sheltered and Unsheltered Count",FALSE,0,"Full sheltered + unsheltered enumeration."
"Florida","FL","FL-605","West Palm Beach/Palm Beach County CoC",2016,9.18057192481856,1332,507,825,1450890,"Sheltered-Only Count",TRUE,0,"Sheltered-only count: unsheltered people were not enumerated this year."
"Florida","FL","FL-605","West Palm Beach/Palm Beach County CoC",2017,10.9294151572693,1607,526,1081,1470344,"Sheltered and Unsheltered Count",FALSE,0,"Full sheltered + unsheltered enumeration."
"Florida","FL","FL-605","West Palm Beach/Palm Beach County CoC",2018,8.82744073004081,1309,458,851,1482876,"Sheltered and Unsheltered Count",FALSE,0,"Full sheltered + unsheltered enumeration."
"Florida","FL","FL-605","West Palm Beach/Palm Beach County CoC",2019,9.33343132211362,1397,457,940,1496770,"Sheltered and Unsheltered Count",FALSE,0,"Full sheltered + unsheltered enumeration."
"Florida","FL","FL-605","West Palm Beach/Palm Beach County CoC",2020,10.1057219132876,1510,480,1030,1494203,"Sheltered and Unsheltered Count",FALSE,0,"Full sheltered + unsheltered enumeration."
"Florida","FL","FL-605","West Palm Beach/Palm Beach County CoC",2021,3.04540310365143,458,458,0,1503906,"Sheltered-Only Count",TRUE,1,"2021: COVID-disrupted PIT. HUD waived the unsheltered-count requirement. NOT comparable to other years."
"Florida","FL","FL-605","West Palm Beach/Palm Beach County CoC",2022,9.15773613457437,1404,526,878,1533130,"Sheltered and Unsheltered Count",FALSE,0,"Full sheltered + unsheltered enumeration."
"Florida","FL","FL-605","West Palm Beach/Palm Beach County CoC",2023,11.8883736192183,1855,686,1169,1560348,"Sheltered and Unsheltered Count",FALSE,0,"Full sheltered + unsheltered enumeration."
"Florida","FL","FL-605","West Palm Beach/Palm Beach County CoC",2024,13.5057186490724,2126,546,1580,1574148,"Sheltered and Unsheltered Count",FALSE,0,"Full sheltered + unsheltered enumeration."
"Florida","FL","FL-605","West Palm Beach/Palm Beach County CoC",2025,9.64634714411008,1520,606,914,1575726,"Sheltered and Unsheltered Count",FALSE,0,"Full sheltered + unsheltered enumeration."
"Florida","FL","FL-606","Naples/Collier County CoC",2010,12.430986325915,401,324,77,322581,"Sheltered and Unsheltered Count",FALSE,0,"Full sheltered + unsheltered enumeration."
"Florida","FL","FL-606","Naples/Collier County CoC",2011,11.9037081577028,390,285,105,327629,"Sheltered and Unsheltered Count",FALSE,0,"Full sheltered + unsheltered enumeration."
"Florida","FL","FL-606","Naples/Collier County CoC",2012,13.6952078812159,455,350,105,332233,"Sheltered-Only Count",TRUE,0,"Sheltered-only count: unsheltered people were not enumerated this year."
"Florida","FL","FL-606","Naples/Collier County CoC",2013,11.6818639062855,396,342,54,338987,"Sheltered and Unsheltered Count",FALSE,0,"Full sheltered + unsheltered enumeration."
"Florida","FL","FL-606","Naples/Collier County CoC",2014,10.3971360354367,361,326,35,347211,"Sheltered and Unsheltered Count",FALSE,0,"Full sheltered + unsheltered enumeration."
"Florida","FL","FL-606","Naples/Collier County CoC",2015,10.925707994304,389,345,44,356041,"Sheltered and Unsheltered Count",FALSE,0,"Full sheltered + unsheltered enumeration."
"Florida","FL","FL-606","Naples/Collier County CoC",2016,14.9133248505247,545,328,217,365445,"Sheltered and Unsheltered Count",FALSE,0,"Full sheltered + unsheltered enumeration."
"Florida","FL","FL-606","Naples/Collier County CoC",2017,16.6631784006569,621,434,187,372678,"Sheltered and Unsheltered Count",FALSE,0,"Full sheltered + unsheltered enumeration."
"Florida","FL","FL-606","Naples/Collier County CoC",2018,17.2659511741111,653,440,213,378201,"Sheltered and Unsheltered Count",FALSE,0,"Full sheltered + unsheltered enumeration."
"Florida","FL","FL-606","Naples/Collier County CoC",2019,12.9383583353685,498,399,99,384902,"Sheltered and Unsheltered Count",FALSE,0,"Full sheltered + unsheltered enumeration."
"Florida","FL","FL-606","Naples/Collier County CoC",2020,15.980833600564,603,435,168,377327,"Sheltered and Unsheltered Count",FALSE,0,"Full sheltered + unsheltered enumeration."
"Florida","FL","FL-606","Naples/Collier County CoC",2021,14.6614319159755,568,424,144,387411,"Sheltered and full unsheltered count",FALSE,1,"2021: COVID-disrupted PIT. HUD waived the unsheltered-count requirement. NOT comparable to other years."
"Florida","FL","FL-606","Naples/Collier County CoC",2022,11.5072505641542,462,305,157,401486,"Sheltered and Unsheltered Count",FALSE,0,"Full sheltered + unsheltered enumeration."
"Florida","FL","FL-606","Naples/Collier County CoC",2023,17.0865385783903,703,462,241,411435,"Sheltered and Unsheltered Count",FALSE,0,"Full sheltered + unsheltered enumeration."
"Florida","FL","FL-606","Naples/Collier County CoC",2024,15.8378967273146,660,254,406,416722,"Sheltered and Unsheltered Count",FALSE,0,"Full sheltered + unsheltered enumeration."
"Florida","FL","FL-606","Naples/Collier County CoC",2025,18.1238028341217,756,538,218,417131,"Sheltered and Unsheltered Count",FALSE,0,"Full sheltered + unsheltered enumeration."
