RegionID,SizeRank,RegionName,RegionType,StateName,2008-04-30,2008-05-31,2008-06-30,2008-07-31,2008-08-31,2008-09-30,2008-10-31,2008-11-30,2008-12-31,2009-01-31,2009-02-28,2009-03-31,2009-04-30,2009-05-31,2009-06-30,2009-07-31,2009-08-31,2009-09-30,2009-10-31,2009-11-30,2009-12-31,2010-01-31,2010-02-28,2010-03-31,2010-04-30,2010-05-31,2010-06-30,2010-07-31,2010-08-31,2010-09-30,2010-10-31,2010-11-30,2010-12-31,2011-01-31,2011-02-28,2011-03-31,2011-04-30,2011-05-31,2011-06-30,2011-07-31,2011-08-31,2011-09-30,2011-10-31,2011-11-30,2011-12-31,2012-01-31,2012-02-29,2012-03-31,2012-04-30,2012-05-31,2012-06-30,2012-07-31,2012-08-31,2012-09-30,2012-10-31,2012-11-30,2012-12-31,2013-01-31,2013-02-28,2013-03-31,2013-04-30,2013-05-31,2013-06-30,2013-07-31,2013-08-31,2013-09-30,2013-10-31,2013-11-30,2013-12-31,2014-01-31,2014-02-28,2014-03-31,2014-04-30,2014-05-31,2014-06-30,2014-07-31,2014-08-31,2014-09-30,2014-10-31,2014-11-30,2014-12-31,2015-01-31,2015-02-28,2015-03-31,2015-04-30,2015-05-31,2015-06-30,2015-07-31,2015-08-31,2015-09-30,2015-10-31,2015-11-30,2015-12-31,2016-01-31,2016-02-29,2016-03-31,2016-04-30,2016-05-31,2016-06-30,2016-07-31,2016-08-31,2016-09-30,2016-10-31,2016-11-30,2016-12-31,2017-01-31,2017-02-28,2017-03-31,2017-04-30,2017-05-31,2017-06-30,2017-07-31,2017-08-31,2017-09-30,2017-10-31,2017-11-30,2017-12-31,2018-01-31,2018-02-28,2018-03-31,2018-04-30,2018-05-31,2018-06-30,2018-07-31,2018-08-31,2018-09-30,2018-10-31,2018-11-30,2018-12-31,2019-01-31,2019-02-28,2019-03-31,2019-04-30,2019-05-31,2019-06-30,2019-07-31,2019-08-31,2019-09-30,2019-10-31,2019-11-30,2019-12-31,2020-01-31,2020-02-29,2020-03-31,2020-04-30,2020-05-31,2020-06-30,2020-07-31,2020-08-31,2020-09-30,2020-10-31,2020-11-30,2020-12-31,2021-01-31,2021-02-28,2021-03-31,2021-04-30,2021-05-31,2021-06-30,2021-07-31,2021-08-31,2021-09-30,2021-10-31,2021-11-30,2021-12-31,2022-01-31,2022-02-28,2022-03-31,2022-04-30,2022-05-31,2022-06-30,2022-07-31,2022-08-31,2022-09-30,2022-10-31,2022-11-30,2022-12-31,2023-01-31,2023-02-28,2023-03-31,2023-04-30,2023-05-31,2023-06-30,2023-07-31,2023-08-31,2023-09-30,2023-10-31,2023-11-30,2023-12-31,2024-01-31,2024-02-29,2024-03-31,2024-04-30,2024-05-31,2024-06-30,2024-07-31,2024-08-31,2024-09-30,2024-10-31,2024-11-30,2024-12-31,2025-01-31,2025-02-28,2025-03-31,2025-04-30,2025-05-31,2025-06-30,2025-07-31,2025-08-31,2025-09-30,2025-10-31,2025-11-30,2025-12-31,2026-01-31,2026-02-28,2026-03-31,2026-04-30,2026-05-31
9,0,California,state,,365667.0,353833.0,342167.0,330500.0,316667.0,300000.0,284667.0,268000.0,255333.0,238167.0,229167.0,222500.0,223000.0,225333.0,231333.0,240000.0,246667.0,250000.0,251667.0,254667.0,257000.0,253250.0,248583.0,247917.0,251667.0,261667.0,265000.0,268333.0,263333.0,261667.0,257000.0,254000.0,250667.0,245333.0,241667.0,239333.0,244333.0,246667.0,249000.0,249000.0,248500.0,246833.0,242500.0,240667.0,238667.0,236333.0,234667.0,238333.0,248333.0,258333.0,265000.0,270000.0,273333.0,276667.0,278333.0,283333.0,289667.0,289667.0,288000.0,294000.0,310667.0,330667.0,343333.0,353333.0,356667.0,356667.0,355000.0,355000.0,356333.0,351333.0,349667.0,352333.0,364000.0,375667.0,381667.0,386667.0,388000.0,388000.0,385333.0,383000.0,379667.0,373167.0,370833.0,375833.0,389000.0,399000.0,407333.0,410000.0,411333.0,406333.0,403000.0,402333.0,403333.0,401667.0,396000.0,397333.0,406567.0,419567.0,428233.0,430667.0,431000.0,428333.0,428000.0,426500.0,424417.0,419750.0,417250.0,423667.0,433667.0,446992.0,457658.0,463658.0,464333.0,461333.0,460333.0,462667.0,460667.0,456583.0,454250.0,462583.0,476667.0,489833.0,496500.0,499083.0,496765.0,491765.0,487515.0,483333.0,476667.0,465667.0,462333.0,469000.0,485000.0,496667.0,505000.0,505500.0,503833.0,500167.0,499667.0,501333.0,501667.0,497000.0,495333.0,500333.0,505000.0,501667.0,503333.0,519000.0,542333.0,559667.0,567333.0,572333.0,570333.0,567000.0,569667.0,586000.0,612667.0,635000.0,650000.0,655000.0,655000.0,651667.0,650000.0,652833.0,652833.0,647833.0,648333.0,665000.0,691667.0,713333.0,716667.0,709667.0,693000.0,681333.0,670333.0,664770.0,651437.0,639437.0,635000.0,646667.0,664667.0,681333.0,691333.0,698333.0,700000.0,699667.0,701333.0,703667.0,695667.0,679000.0,676667.0,691667.0,721667.0,738333.0,748333.0,748333.0,738750.0,730417.0,728750.0,731667.0,730000.0,715000.0,714667.0,721000.0,739333.0,744000.0,747667.0,742667.0,738333.0,731667.0,731667.0,731667.0,721667.0,705333.0,702000.0,715333.0,736667.0,751000.0
54,1,Texas,state,,140896.0,143679.0,147242.0,149342.0,149892.0,146100.0,141667.0,135667.0,133167.0,130167.0,131667.0,132512.0,136846.0,140846.0,146333.0,150333.0,150962.0,148629.0,144296.0,140897.0,138897.0,137397.0,137232.0,138232.0,141399.0,143667.0,146300.0,148833.0,150166.0,147533.0,143667.0,140683.0,141683.0,139983.0,139967.0,138133.0,140333.0,142667.0,146167.0,148967.0,149300.0,147133.0,143833.0,141133.0,140633.0,138933.0,138433.0,140444.0,145478.0,151844.0,156167.0,159292.0,158792.0,155958.0,152833.0,150833.0,150667.0,148408.0,148375.0,150208.0,157467.0,164167.0,170000.0,173333.0,173500.0,170656.0,166906.0,164406.0,164080.0,161663.0,162330.0,163833.0,169967.0,174967.0,179967.0,183233.0,183233.0,179933.0,175700.0,174033.0,175333.0,174667.0,174667.0,175167.0,180167.0,186279.0,192445.0,195745.0,195967.0,191336.0,187703.0,183536.0,184435.0,183101.0,183601.0,184333.0,189667.0,197250.0,203917.0,207583.0,207333.0,204000.0,201333.0,199667.0,200787.0,198900.0,198900.0,200113.0,206333.0,212667.0,218000.0,220333.0,220333.0,216667.0,213000.0,210000.0,209969.0,209070.0,210737.0,213268.0,218833.0,223833.0,227489.0,230156.0,228489.0,224833.0,220833.0,217833.0,217967.0,215300.0,215633.0,217333.0,224000.0,230481.0,235481.0,237814.0,237333.0,234000.0,231667.0,229000.0,230261.0,227928.0,228928.0,230333.0,235967.0,238633.0,242633.0,249333.0,256167.0,258500.0,258500.0,259000.0,260667.0,258167.0,260833.0,266500.0,278658.0,289325.0,299625.0,305467.0,307133.0,303833.0,302000.0,302667.0,306000.0,305667.0,308667.0,312333.0,325667.0,338167.0,347833.0,347833.0,340300.0,331967.0,325300.0,318250.0,311583.0,304583.0,304667.0,308000.0,316000.0,324083.0,331417.0,335083.0,332830.0,328330.0,322663.0,318500.0,315667.0,313333.0,316667.0,320667.0,329000.0,335667.0,340000.0,341667.0,336667.0,333333.0,328333.0,326667.0,325069.0,322069.0,322069.0,325333.0,330265.0,335265.0,339931.0,343000.0,341333.0,333333.0,329000.0,325667.0,324067.0,320067.0,319233.0,322500.0,329167.0,337667.0
14,2,Florida,state,,189883.0,190150.0,190333.0,187000.0,182000.0,173333.0,166667.0,158333.0,152500.0,144167.0,138667.0,133500.0,131833.0,131000.0,132500.0,134167.0,134667.0,132500.0,130500.0,129667.0,129000.0,126000.0,122667.0,121667.0,123667.0,125333.0,126167.0,124167.0,121167.0,117000.0,115667.0,115333.0,115667.0,112000.0,109333.0,107333.0,110700.0,115033.0,118847.0,120480.0,119808.0,117661.0,114995.0,114000.0,115000.0,115633.0,115633.0,116300.0,120333.0,124667.0,128000.0,128667.0,128333.0,127100.0,126100.0,127100.0,129083.0,130050.0,130050.0,131633.0,136333.0,141450.0,145783.0,148450.0,150000.0,149267.0,147600.0,145933.0,146333.0,145000.0,144333.0,144550.0,148050.0,152050.0,155500.0,158000.0,158333.0,157000.0,155667.0,155333.0,156633.0,155967.0,156242.0,157942.0,162608.0,169000.0,172333.0,174667.0,173000.0,171333.0,169853.0,169520.0,170520.0,171333.0,171667.0,173167.0,177167.0,183500.0,189333.0,191667.0,192000.0,190000.0,188000.0,186333.0,186667.0,186667.0,188000.0,189667.0,194667.0,200667.0,206333.0,209333.0,208967.0,206467.0,203467.0,202500.0,204000.0,205667.0,208000.0,210667.0,215667.0,219000.0,222333.0,223000.0,223000.0,220450.0,219117.0,219117.0,219333.0,218333.0,218333.0,220000.0,224800.0,229800.0,234633.0,236500.0,236467.0,234300.0,232633.0,232000.0,233667.0,235333.0,236667.0,239000.0,243000.0,245229.0,247896.0,253229.0,260333.0,264000.0,265667.0,267000.0,269333.0,270000.0,271667.0,274667.0,281333.0,289333.0,297333.0,302575.0,305075.0,306075.0,307500.0,311054.0,317054.0,322054.0,328167.0,336492.0,346492.0,356458.0,363050.0,364350.0,361217.0,354633.0,351667.0,348333.0,345000.0,341667.0,343333.0,350667.0,359000.0,365667.0,370000.0,371667.0,370833.0,366500.0,363167.0,362767.0,364433.0,366100.0,369000.0,375000.0,383333.0,388333.0,390000.0,386333.0,381333.0,376333.0,375333.0,375333.0,375333.0,375000.0,376667.0,378300.0,379967.0,379967.0,380000.0,376667.0,373333.0,370000.0,370000.0,370000.0,371667.0,371667.0,373333.0,376667.0,381667.0,385833.0
43,3,New York,state,,258333.0,247667.0,241000.0,239333.0,242235.0,242569.0,235902.0,230000.0,226333.0,228000.0,227189.0,222189.0,212689.0,205833.0,204167.0,208000.0,214333.0,219333.0,218333.0,225833.0,231400.0,247233.0,246733.0,259143.0,245976.0,235968.0,216825.0,235814.0,248822.0,239989.0,225833.0,220833.0,235833.0,243333.0,250000.0,251667.0,246667.0,236667.0,234000.0,236500.0,238167.0,237500.0,228131.0,221298.0,212964.0,218167.0,221667.0,229667.0,224667.0,223000.0,224167.0,232500.0,236903.0,239403.0,231070.0,228333.0,228333.0,237333.0,241667.0,240833.0,235167.0,234167.0,238333.0,248333.0,256333.0,258000.0,254460.0,247627.0,245627.0,249167.0,254667.0,251667.0,242667.0,236000.0,234333.0,237333.0,242667.0,243167.0,239500.0,232991.0,234158.0,243491.0,251000.0,253000.0,246633.0,240967.0,241300.0,243000.0,252333.0,253333.0,251667.0,244333.0,244333.0,248500.0,251500.0,253167.0,249667.0,243667.0,245333.0,252654.0,262988.0,262988.0,256667.0,253667.0,253667.0,262000.0,265000.0,265000.0,261333.0,258000.0,262167.0,269167.0,276833.0,276342.0,269009.0,263009.0,261000.0,267333.0,272333.0,280667.0,281333.0,281333.0,279667.0,286667.0,290750.0,288433.0,279100.0,276683.0,280000.0,288667.0,294667.0,293667.0,289333.0,284292.0,294292.0,300959.0,306667.0,299333.0,292667.0,287667.0,290833.0,302500.0,313833.0,318000.0,304667.0,297000.0,297000.0,304667.0,307667.0,307667.0,319333.0,331000.0,342667.0,355333.0,368667.0,382000.0,386667.0,386667.0,390000.0,393333.0,400000.0,400000.0,400000.0,400000.0,400000.0,408333.0,418333.0,430833.0,433417.0,435917.0,440083.0,443917.0,441417.0,423083.0,403917.0,393917.0,390583.0,403333.0,411667.0,423333.0,423333.0,425000.0,433333.0,438333.0,444667.0,438833.0,425500.0,412500.0,408333.0,422000.0,427000.0,432000.0,435000.0,445492.0,462159.0,468825.0,473333.0,463000.0,454667.0,441333.0,444667.0,458000.0,476333.0,481667.0,479333.0,481000.0,489333.0,500000.0,503333.0,495000.0,481666.0,470000.0,473333.0,483333.0,495000.0,503333.0,503500.0,505167.0
47,4,Pennsylvania,state,,141833.0,146000.0,150333.0,155333.0,157500.0,155000.0,149000.0,141500.0,137000.0,134667.0,134333.0,135967.0,137633.0,141967.0,147667.0,152667.0,155000.0,151000.0,147000.0,144333.0,141300.0,138633.0,135300.0,136667.0,140000.0,144500.0,149500.0,149800.0,149950.0,144917.0,142883.0,139567.0,138600.0,136450.0,133450.0,131117.0,131667.0,136000.0,143833.0,148800.0,149467.0,144133.0,139133.0,135800.0,134967.0,134333.0,132242.0,132325.0,136325.0,142583.0,150500.0,153833.0,154667.0,149333.0,144000.0,141000.0,139300.0,137800.0,134100.0,134467.0,137967.0,145333.0,153667.0,159333.0,159833.0,153500.0,146667.0,141333.0,139667.0,137167.0,135449.0,134282.0,136282.0,142167.0,150000.0,156633.0,159300.0,154633.0,149633.0,144633.0,144300.0,141667.0,139000.0,138167.0,141583.0,148250.0,157083.0,162167.0,163833.0,158333.0,152917.0,147583.0,145083.0,143667.0,140833.0,139500.0,142667.0,150833.0,160500.0,166167.0,167400.0,163233.0,158400.0,154200.0,151700.0,148500.0,144767.0,144767.0,149425.0,157792.0,167125.0,172667.0,174300.0,169133.0,164133.0,160833.0,160000.0,158883.0,156111.0,157778.0,160561.0,168333.0,175667.0,180667.0,181800.0,176133.0,171133.0,168000.0,166333.0,164633.0,161633.0,161758.0,165792.0,172458.0,183967.0,189967.0,192967.0,186300.0,181267.0,177933.0,177133.0,175500.0,172500.0,175000.0,186633.0,194633.0,199600.0,200300.0,205300.0,207000.0,204667.0,203333.0,201667.0,200300.0,196300.0,197633.0,202333.0,211833.0,223800.0,232633.0,238767.0,235467.0,231633.0,226667.0,225000.0,221667.0,217167.0,216017.0,221017.0,231850.0,244300.0,250967.0,251300.0,243333.0,236667.0,230667.0,225667.0,219000.0,215000.0,216667.0,225000.0,235000.0,248333.0,256000.0,260000.0,251667.0,245667.0,240000.0,238667.0,235333.0,232000.0,234867.0,241533.0,253200.0,265000.0,273333.0,276000.0,269983.0,264983.0,261692.0,261042.0,257708.0,254533.0,254533.0,261167.0,269967.0,282242.0,288942.0,292275.0,285000.0,278333.0,273333.0,271333.0,269167.0,264167.0,266167.0,273000.0,284667.0
21,5,Illinois,state,,172333.0,175000.0,178333.0,181000.0,182000.0,176000.0,169000.0,161333.0,155167.0,149500.0,144500.0,143583.0,143250.0,147083.0,151800.0,157800.0,160633.0,158333.0,153750.0,149083.0,146750.0,145667.0,142667.0,142333.0,144000.0,150000.0,156633.0,158300.0,156633.0,148333.0,143333.0,140000.0,139000.0,137333.0,133667.0,131167.0,131167.0,133867.0,139700.0,144200.0,146500.0,141667.0,134667.0,128500.0,125167.0,122667.0,119167.0,121333.0,126333.0,135667.0,142667.0,145900.0,144733.0,138067.0,131500.0,127500.0,125000.0,123333.0,119833.0,121667.0,126667.0,136333.0,147000.0,153667.0,156333.0,152000.0,148667.0,143667.0,142333.0,139000.0,136000.0,136333.0,141233.0,151233.0,161039.0,167347.0,169314.0,163842.0,158967.0,153667.0,150667.0,147667.0,144667.0,147000.0,152000.0,161833.0,170500.0,177167.0,177667.0,172300.0,165633.0,159967.0,156333.0,153683.0,151683.0,154183.0,161833.0,172500.0,181333.0,184448.0,184114.0,177281.0,171417.0,166417.0,164750.0,162500.0,159833.0,164000.0,172000.0,183000.0,191333.0,194000.0,192333.0,184500.0,178833.0,175500.0,173667.0,172667.0,172500.0,177167.0,185167.0,193333.0,201333.0,201833.0,198500.0,190167.0,183333.0,179833.0,176833.0,176167.0,175000.0,179667.0,187333.0,197333.0,204333.0,205667.0,203333.0,196000.0,190333.0,186000.0,184833.0,182500.0,182333.0,189167.0,202167.0,209000.0,210333.0,211333.0,217000.0,220667.0,220667.0,219000.0,217333.0,214333.0,212000.0,214333.0,220667.0,229167.0,236833.0,240167.0,240000.0,234667.0,229667.0,226333.0,223667.0,222000.0,220333.0,224218.0,232218.0,241551.0,249667.0,250167.0,245167.0,234500.0,226500.0,221333.0,216333.0,210833.0,207208.0,212875.0,225542.0,239667.0,250667.0,253333.0,253167.0,246167.0,240833.0,234667.0,231667.0,228333.0,228333.0,234667.0,246000.0,257667.0,267000.0,271500.0,270833.0,263833.0,258000.0,254333.0,252333.0,250333.0,248000.0,249667.0,257333.0,269000.0,280667.0,285000.0,285559.0,278807.0,273807.0,268248.0,265167.0,260167.0,256833.0,263333.0,275000.0,290000.0
44,6,Ohio,state,,102333.0,106633.0,110500.0,112500.0,111800.0,107933.0,102600.0,94000.0,87833.0,82183.0,80667.0,81833.0,86817.0,93333.0,99667.0,104667.0,106667.0,106333.0,104833.0,103333.0,98467.0,92633.0,89550.0,91417.0,97717.0,103633.0,108267.0,105100.0,101350.0,96383.0,96250.0,93333.0,91667.0,87806.0,84472.0,82472.0,84500.0,90083.0,96750.0,100583.0,101667.0,98667.0,95000.0,91667.0,88667.0,85400.0,83083.0,84417.0,91017.0,98000.0,105333.0,109833.0,112000.0,109667.0,105317.0,102467.0,99633.0,96150.0,91667.0,92467.0,95633.0,104300.0,111558.0,118392.0,118225.0,114500.0,107833.0,103167.0,99000.0,97333.0,95667.0,98167.0,103167.0,110667.0,117500.0,122467.0,123300.0,120300.0,116000.0,112667.0,109667.0,104300.0,101967.0,102967.0,109333.0,116967.0,123300.0,127633.0,127333.0,124333.0,120142.0,115142.0,112475.0,109167.0,109167.0,111000.0,117167.0,123333.0,129000.0,131500.0,131333.0,128167.0,125625.0,122992.0,120492.0,117200.0,115500.0,117300.0,121967.0,127633.0,133300.0,136267.0,137267.0,134300.0,132633.0,131633.0,130300.0,127333.0,126000.0,127000.0,131500.0,135500.0,141333.0,144167.0,144350.0,141817.0,138483.0,136633.0,133667.0,130333.0,128667.0,129967.0,134967.0,141633.0,148500.0,152000.0,151667.0,147167.0,143667.0,140333.0,138000.0,134917.0,134583.0,139083.0,146167.0,153167.0,157000.0,161300.0,162950.0,163950.0,162983.0,161667.0,159000.0,155000.0,151000.0,151000.0,156000.0,164000.0,172333.0,177333.0,180000.0,178333.0,176667.0,174850.0,172517.0,168350.0,165167.0,165833.0,171667.0,180667.0,190667.0,195667.0,195000.0,190000.0,185000.0,179000.0,174000.0,169000.0,168333.0,170067.0,178400.0,188067.0,199333.0,205667.0,207667.0,203000.0,197500.0,192167.0,188167.0,183967.0,184267.0,188433.0,195133.0,205000.0,214833.0,221500.0,221333.0,218000.0,214667.0,211667.0,208333.0,203333.0,201667.0,203333.0,211667.0,220667.0,229833.0,234833.0,234167.0,230000.0,226667.0,223333.0,220833.0,214500.0,212833.0,216333.0,226000.0,237667.0
16,7,Georgia,state,,139000.0,141667.0,143833.0,144500.0,142333.0,136833.0,131467.0,124133.0,120767.0,118133.0,117967.0,117000.0,117333.0,120333.0,124667.0,128650.0,128983.0,127500.0,125517.0,125183.0,122667.0,119992.0,116658.0,116492.0,118500.0,121833.0,123667.0,122667.0,119300.0,116600.0,113933.0,112300.0,110667.0,107967.0,104300.0,102633.0,103000.0,105000.0,106500.0,106500.0,104833.0,99667.0,95000.0,92746.0,91746.0,89746.0,87000.0,88667.0,93667.0,101000.0,104667.0,107967.0,107633.0,105967.0,102667.0,102333.0,105262.0,105262.0,106095.0,108683.0,116655.0,125322.0,131805.0,137167.0,137000.0,133333.0,128833.0,124500.0,125167.0,123000.0,124028.0,124328.0,130962.0,139267.0,145967.0,149667.0,148667.0,146333.0,142333.0,139667.0,139000.0,136500.0,137467.0,140433.0,148267.0,156617.0,161984.0,165284.0,162967.0,159267.0,154633.0,151967.0,150967.0,149800.0,149467.0,151167.0,156950.0,164617.0,169617.0,173000.0,170667.0,167333.0,163167.0,162833.0,162167.0,160667.0,159167.0,162167.0,167833.0,174000.0,178667.0,182000.0,181183.0,178517.0,175183.0,174167.0,175167.0,173500.0,174833.0,177167.0,184667.0,191800.0,196800.0,199300.0,194667.0,192000.0,188000.0,189167.0,186833.0,184167.0,183333.0,186667.0,193333.0,201983.0,208650.0,213083.0,211100.0,206989.0,202556.0,200856.0,201633.0,199967.0,201167.0,205833.0,214833.0,218984.0,220984.0,225534.0,231883.0,235217.0,235667.0,236000.0,236000.0,233667.0,233300.0,236967.0,246550.0,255583.0,265250.0,271000.0,275333.0,275333.0,275833.0,278833.0,280500.0,279667.0,280000.0,285450.0,296117.0,306117.0,313000.0,313333.0,308333.0,302633.0,296967.0,293633.0,287833.0,282500.0,283667.0,289167.0,299167.0,307667.0,316333.0,321333.0,320333.0,317000.0,311733.0,308067.0,302067.0,299368.0,301035.0,308702.0,318333.0,326667.0,332500.0,335500.0,332400.0,328233.0,323567.0,321667.0,320000.0,316333.0,314869.0,316869.0,325102.0,332233.0,340200.0,342300.0,339967.0,330083.0,323417.0,323417.0,323333.0,320000.0,318250.0,321583.0,333250.0,342929.0
36,8,North Carolina,state,,145000.0,148000.0,151667.0,154117.0,153450.0,148117.0,144967.0,139633.0,137300.0,134667.0,136667.0,139333.0,141333.0,144667.0,148667.0,153000.0,153000.0,149667.0,146500.0,144000.0,140667.0,140000.0,137833.0,140167.0,141333.0,146000.0,150333.0,152583.0,151750.0,148417.0,144500.0,142000.0,140000.0,138000.0,135667.0,135000.0,137000.0,141067.0,145400.0,147567.0,148167.0,144167.0,140333.0,136000.0,134500.0,132833.0,132167.0,134333.0,139000.0,145000.0,149917.0,151917.0,151583.0,147333.0,144000.0,141000.0,140333.0,138333.0,136667.0,137833.0,142500.0,149167.0,154667.0,158000.0,158000.0,153333.0,148667.0,144667.0,144000.0,142333.0,141333.0,142500.0,145833.0,152833.0,158500.0,162167.0,161667.0,158500.0,154833.0,151667.0,150000.0,150000.0,150000.0,152667.0,157167.0,165000.0,170667.0,172833.0,170833.0,167083.0,163750.0,161250.0,160000.0,160000.0,158333.0,159833.0,163583.0,170583.0,177417.0,180333.0,181667.0,177667.0,175667.0,172667.0,171333.0,168333.0,166333.0,169967.0,175967.0,182633.0,187667.0,191000.0,191000.0,186333.0,182000.0,181333.0,181000.0,180583.0,179583.0,183583.0,189000.0,195333.0,199667.0,201333.0,200333.0,197000.0,193667.0,191667.0,190000.0,188000.0,186333.0,189333.0,196833.0,206167.0,213167.0,217000.0,216000.0,213000.0,209667.0,209667.0,210667.0,207667.0,207667.0,209333.0,218000.0,220333.0,225000.0,230667.0,240000.0,242667.0,243229.0,243229.0,242895.0,241333.0,239667.0,243000.0,250000.0,260000.0,269667.0,275667.0,278656.0,278656.0,279323.0,281333.0,283667.0,283667.0,281667.0,284667.0,296008.0,310342.0,320342.0,322333.0,318334.0,311667.0,305000.0,300000.0,295000.0,288333.0,286667.0,290000.0,300000.0,310000.0,319667.0,324667.0,323000.0,316667.0,311667.0,309667.0,306333.0,303000.0,303333.0,311667.0,322000.0,332000.0,340333.0,343333.0,343333.0,336833.0,333500.0,329833.0,329667.0,325833.0,324500.0,327833.0,337333.0,345667.0,352333.0,353333.0,353333.0,348000.0,345333.0,345000.0,343333.0,337667.0,332500.0,334500.0,344500.0,354000.0
30,9,Michigan,state,,99300.0,100300.0,102500.0,104367.0,104700.0,100867.0,94333.0,87000.0,81333.0,76000.0,72333.0,69333.0,68573.0,69807.0,73140.0,77367.0,79967.0,80933.0,81433.0,82933.0,82267.0,79967.0,74967.0,74000.0,76667.0,81667.0,84333.0,83333.0,81667.0,79333.0,78177.0,76843.0,76843.0,74733.0,71733.0,68817.0,69417.0,72750.0,77000.0,80667.0,82833.0,82500.0,80833.0,78833.0,76900.0,74900.0,71733.0,72000.0,74667.0,80333.0,85500.0,89833.0,93000.0,92333.0,91333.0,89800.0,89300.0,86803.0,84170.0,85382.0,90479.0,98479.0,105767.0,112500.0,116133.0,115483.0,112483.0,108517.0,106728.0,103037.0,99704.0,99143.0,103167.0,111833.0,120300.0,126800.0,129800.0,128167.0,125000.0,120500.0,117167.0,113833.0,111333.0,112700.0,118000.0,126539.0,132839.0,137039.0,137167.0,135333.0,130958.0,127625.0,125125.0,124000.0,122000.0,122300.0,125967.0,132967.0,139333.0,143000.0,143667.0,142000.0,140633.0,138346.0,136512.0,132879.0,129600.0,129100.0,134400.0,142600.0,149900.0,151667.0,151700.0,149733.0,148300.0,146600.0,145267.0,142633.0,140333.0,140333.0,144667.0,152000.0,157667.0,161667.0,161633.0,158967.0,155300.0,152000.0,150633.0,147300.0,145633.0,145667.0,151333.0,159667.0,166333.0,170000.0,170000.0,169333.0,166667.0,164000.0,161333.0,158667.0,156333.0,159300.0,166300.0,170467.0,175467.0,180467.0,186933.0,188967.0,187300.0,186667.0,183333.0,178333.0,173333.0,173333.0,180833.0,191500.0,200500.0,206333.0,207500.0,208467.0,205467.0,203633.0,199300.0,193967.0,190633.0,191633.0,201633.0,213300.0,225000.0,230000.0,230000.0,225000.0,219167.0,212500.0,205800.0,196633.0,194967.0,197750.0,209417.0,221083.0,231667.0,238000.0,238008.0,234675.0,230008.0,225000.0,219333.0,211000.0,209333.0,213333.0,225000.0,236667.0,246667.0,253333.0,253333.0,250333.0,245563.0,243063.0,237729.0,231667.0,227467.0,229133.0,236633.0,246667.0,258333.0,266667.0,268333.0,265667.0,259167.0,254167.0,249500.0,242667.0,239300.0,239967.0,250383.0,265383.0
40,10,New Jersey,state,,305233.0,307567.0,312567.0,321667.0,328333.0,321667.0,308800.0,293800.0,288800.0,281667.0,275333.0,268667.0,266483.0,270567.0,278900.0,288750.0,295167.0,293500.0,284217.0,275050.0,271300.0,272517.0,268517.0,265600.0,262667.0,267667.0,279000.0,289000.0,294667.0,286667.0,280000.0,274667.0,274667.0,272667.0,264667.0,256333.0,253333.0,260000.0,271667.0,280444.0,283778.0,279128.0,267017.0,257017.0,252333.0,250667.0,246333.0,243967.0,247300.0,256633.0,268333.0,276667.0,282000.0,274917.0,266617.0,259283.0,257033.0,254333.0,247167.0,243167.0,246000.0,256833.0,271833.0,286667.0,298333.0,294667.0,284667.0,270667.0,267667.0,267000.0,261000.0,257667.0,253333.0,262333.0,274000.0,290667.0,300000.0,294667.0,283000.0,273000.0,268917.0,268250.0,260917.0,255333.0,252667.0,260000.0,274333.0,287333.0,294000.0,289667.0,280000.0,273333.0,266667.0,262667.0,252667.0,247667.0,246667.0,256667.0,272000.0,283667.0,293633.0,289967.0,282967.0,269667.0,264667.0,258333.0,253333.0,246667.0,250000.0,259167.0,273333.0,281667.0,289167.0,285000.0,279142.0,272475.0,272475.0,273750.0,268750.0,267750.0,270667.0,280333.0,291333.0,300333.0,306923.0,301923.0,292923.0,285000.0,281000.0,279333.0,272667.0,270667.0,273333.0,284967.0,298967.0,310967.0,316667.0,313667.0,309000.0,306333.0,306333.0,305500.0,300833.0,299167.0,306667.0,316182.0,326182.0,332849.0,345833.0,355833.0,361833.0,362667.0,364333.0,364000.0,359000.0,357333.0,360000.0,368333.0,380667.0,390633.0,398967.0,394967.0,390000.0,385000.0,386667.0,385000.0,380000.0,375000.0,378333.0,393333.0,412630.0,425963.0,430963.0,426667.0,416667.0,406667.0,397333.0,394833.0,386333.0,384000.0,386500.0,403333.0,424167.0,442500.0,455167.0,456667.0,453333.0,442333.0,435375.0,433708.0,432042.0,435000.0,440000.0,458333.0,478333.0,495000.0,505000.0,501667.0,496667.0,491167.0,491167.0,489500.0,478333.0,473333.0,475000.0,491667.0,511667.0,526667.0,536667.0,530000.0,521667.0,513333.0,510000.0,503000.0,491833.0,490167.0,495167.0,515533.0
56,11,Virginia,state,,235933.0,239117.0,244117.0,245150.0,242667.0,232333.0,222983.0,214650.0,211650.0,207167.0,205167.0,203867.0,208033.0,215033.0,222333.0,226083.0,227750.0,224750.0,220317.0,213650.0,212317.0,211650.0,211650.0,212650.0,217300.0,222300.0,227967.0,234458.0,237792.0,233625.0,224167.0,218167.0,217000.0,212000.0,206300.0,201300.0,206300.0,212000.0,222333.0,229000.0,232000.0,223667.0,212000.0,205000.0,202333.0,198458.0,195792.0,198458.0,211667.0,225500.0,237833.0,241833.0,239667.0,233000.0,226000.0,224333.0,222000.0,217333.0,212835.0,214502.0,225835.0,239667.0,256300.0,261633.0,259633.0,245333.0,235333.0,227667.0,226317.0,221317.0,218233.0,218917.0,228917.0,240000.0,252221.0,255554.0,253938.0,241718.0,234051.0,229000.0,230667.0,229667.0,229667.0,231000.0,239167.0,250000.0,260300.0,264133.0,259967.0,248333.0,238333.0,230000.0,231333.0,231000.0,232633.0,231967.0,238967.0,249000.0,260667.0,265500.0,262167.0,252641.0,245141.0,242141.0,241000.0,238667.0,238333.0,240000.0,250000.0,260000.0,271667.0,275667.0,272083.0,260417.0,249750.0,246667.0,248000.0,249000.0,248967.0,251467.0,260467.0,268833.0,280000.0,281000.0,277667.0,266000.0,257562.0,254529.0,254362.0,255133.0,253500.0,257000.0,266583.0,279583.0,290583.0,292667.0,290000.0,280633.0,273300.0,267633.0,267667.0,263667.0,263667.0,268667.0,283317.0,294650.0,299650.0,304667.0,309000.0,312333.0,311000.0,310333.0,306667.0,299667.0,296333.0,300000.0,313667.0,328667.0,342000.0,345000.0,340000.0,331633.0,326633.0,326633.0,324997.0,319413.0,314413.0,321083.0,338333.0,358333.0,368333.0,366608.0,355027.0,343360.0,335585.0,330467.0,325433.0,319933.0,321633.0,327000.0,342000.0,358333.0,372167.0,375500.0,370833.0,361667.0,355000.0,348333.0,343667.0,337500.0,337500.0,346500.0,362667.0,379333.0,392212.0,397212.0,393545.0,387192.0,383858.0,382525.0,380333.0,373667.0,372000.0,375000.0,386667.0,400000.0,411417.0,414083.0,410417.0,402333.0,399667.0,397667.0,392667.0,382667.0,378333.0,383333.0,398333.0,413917.0
59,12,Washington,state,,264000.0,263760.0,263853.0,263187.0,260760.0,254974.0,250307.0,244641.0,242000.0,239667.0,239667.0,238000.0,236667.0,234167.0,236593.0,236687.0,238520.0,235427.0,233633.0,229633.0,227060.0,226122.0,227216.0,228882.0,230187.0,231760.0,231667.0,234667.0,233333.0,231667.0,225039.0,222355.0,221322.0,217950.0,216608.0,212475.0,212142.0,209500.0,209667.0,210093.0,209912.0,206579.0,201485.0,197333.0,195667.0,192333.0,189967.0,189893.0,197710.0,206077.0,216022.0,219872.0,221539.0,220167.0,219967.0,220060.0,218320.0,213447.0,210687.0,213927.0,223167.0,232483.0,238483.0,243650.0,245116.0,243782.0,239272.0,234489.0,230703.0,225880.0,225973.0,228427.0,235093.0,241130.0,247797.0,252370.0,252906.0,250906.0,248000.0,245740.0,244343.0,241784.0,242377.0,244774.0,253333.0,263167.0,270833.0,274724.0,273558.0,271058.0,267833.0,266500.0,266906.0,264573.0,263313.0,266073.0,273406.0,284000.0,291650.0,298283.0,299523.0,296206.0,292906.0,291573.0,291463.0,289730.0,288157.0,292434.0,301667.0,311667.0,320833.0,326333.0,328467.0,326800.0,325467.0,326333.0,326243.0,321243.0,322576.0,329333.0,343133.0,350800.0,355706.0,356573.0,353368.0,348368.0,343668.0,341540.0,339800.0,337633.0,340967.0,347467.0,359667.0,370974.0,379624.0,382957.0,381633.0,376650.0,373317.0,371667.0,373333.0,370000.0,372417.0,380084.0,391750.0,397667.0,403200.0,413200.0,424200.0,431633.0,433383.0,433183.0,428383.0,425967.0,428500.0,444167.0,466500.0,489833.0,506667.0,515000.0,515667.0,510667.0,509000.0,506667.0,505333.0,498667.0,503667.0,522300.0,550633.0,572300.0,579667.0,571333.0,554667.0,538917.0,531917.0,523583.0,512667.0,498000.0,499667.0,505000.0,519992.0,531658.0,543325.0,549667.0,549333.0,546000.0,541333.0,536033.0,527700.0,521033.0,520000.0,531996.0,552330.0,572163.0,583500.0,586500.0,582333.0,576083.0,574417.0,573750.0,568333.0,554000.0,549000.0,554000.0,570000.0,579667.0,591333.0,589667.0,586667.0,575000.0,571667.0,566667.0,558333.0,542352.0,540510.0,550510.0,569492.0,579667.0
8,13,Arizona,state,,207342.0,205008.0,201000.0,194667.0,186317.0,177983.0,170983.0,163167.0,154833.0,144500.0,136167.0,129500.0,126500.0,126000.0,128500.0,131833.0,134167.0,135000.0,133667.0,133667.0,131967.0,130300.0,128300.0,128333.0,130735.0,132569.0,132569.0,131167.0,127667.0,125967.0,123967.0,122633.0,119333.0,115667.0,113967.0,113133.0,114133.0,113833.0,114667.0,114333.0,114000.0,113967.0,113633.0,115133.0,116133.0,118433.0,119600.0,123300.0,128000.0,135000.0,139000.0,141000.0,141317.0,142317.0,143983.0,146333.0,148300.0,148967.0,149633.0,152667.0,158333.0,163350.0,167892.0,171225.0,172175.0,171633.0,170300.0,170333.0,170833.0,170833.0,170833.0,172000.0,174000.0,177100.0,178433.0,181100.0,182333.0,182833.0,181500.0,179833.0,179333.0,179122.0,181122.0,183789.0,187333.0,191935.0,195601.0,198101.0,197167.0,196108.0,195942.0,195975.0,198367.0,198650.0,198617.0,197950.0,201000.0,206000.0,210667.0,211667.0,213333.0,212667.0,214330.0,212663.0,212663.0,212167.0,213992.0,215658.0,218298.0,221473.0,224640.0,226467.0,226467.0,226600.0,227133.0,228800.0,229500.0,230000.0,231667.0,234967.0,238300.0,241633.0,245000.0,247333.0,247333.0,245333.0,244667.0,244667.0,245000.0,245833.0,246206.0,247873.0,250039.0,254667.0,259667.0,262667.0,263000.0,262300.0,262967.0,263967.0,266000.0,267667.0,271333.0,276333.0,279667.0,280000.0,281967.0,287967.0,297633.0,303333.0,308333.0,311667.0,313333.0,315667.0,319500.0,328167.0,337833.0,349000.0,359667.0,368333.0,375000.0,380533.0,385533.0,390533.0,393333.0,396667.0,403333.0,413333.0,424000.0,432333.0,437333.0,435000.0,425667.0,415125.0,408458.0,403208.0,397050.0,391717.0,389600.0,392300.0,395967.0,404333.0,410833.0,414833.0,409830.0,406997.0,406330.0,409933.0,407933.0,407267.0,410333.0,417667.0,425000.0,430000.0,431667.0,428933.0,422267.0,419733.0,419133.0,424133.0,423333.0,425000.0,425000.0,428333.0,426667.0,426667.0,425000.0,425885.0,420885.0,421885.0,423583.0,426917.0,425917.0,423333.0,424667.0,426333.0,428000.0,428983.0
26,14,Massachusetts,state,,281333.0,286667.0,296000.0,301000.0,301833.0,289183.0,277517.0,263350.0,256667.0,248333.0,240000.0,235167.0,240167.0,252500.0,270000.0,280000.0,286833.0,279167.0,269833.0,259000.0,259000.0,261667.0,260000.0,258792.0,260458.0,268792.0,283333.0,293000.0,301333.0,290333.0,280667.0,274000.0,270000.0,266000.0,255667.0,252333.0,254667.0,268000.0,287200.0,298867.0,300700.0,290833.0,277500.0,267667.0,261000.0,257667.0,249667.0,248667.0,257000.0,273000.0,293000.0,303667.0,305667.0,292333.0,279300.0,274300.0,275967.0,271833.0,265167.0,262667.0,274167.0,289167.0,308417.0,321750.0,328417.0,320833.0,309167.0,297500.0,293333.0,293333.0,286667.0,286000.0,288000.0,306333.0,322000.0,333333.0,335500.0,325467.0,314967.0,306800.0,307833.0,310000.0,305000.0,300667.0,299000.0,310875.0,327542.0,340875.0,346667.0,336667.0,327250.0,320583.0,320917.0,318667.0,305333.0,300000.0,303333.0,320000.0,337121.0,349454.0,354454.0,345667.0,336333.0,332967.0,331300.0,331300.0,319667.0,319217.0,321217.0,339550.0,356667.0,368333.0,370000.0,361667.0,355000.0,352667.0,352687.0,351987.0,345987.0,345933.0,351633.0,366633.0,385000.0,396667.0,398333.0,385000.0,373333.0,368333.0,364000.0,362333.0,354000.0,359167.0,362500.0,377833.0,393957.0,407291.0,410957.0,400667.0,390667.0,382700.0,384200.0,384200.0,376500.0,380000.0,393333.0,410600.0,420600.0,430600.0,446667.0,455833.0,452500.0,446867.0,441033.0,437700.0,433000.0,436333.0,458000.0,485000.0,513333.0,521483.0,524483.0,509483.0,498833.0,491833.0,490167.0,487333.0,475500.0,480500.0,502500.0,536667.0,569967.0,577300.0,572300.0,549000.0,533333.0,524000.0,513333.0,503333.0,489333.0,498667.0,517000.0,544333.0,568667.0,584667.0,590667.0,574167.0,561760.0,551760.0,543594.0,538333.0,530000.0,541667.0,555000.0,582583.0,608417.0,623417.0,622667.0,605167.0,593500.0,586667.0,585000.0,580000.0,569000.0,569500.0,581167.0,609333.0,632167.0,642167.0,640667.0,624000.0,614833.0,605833.0,603317.0,595784.0,580784.0,583300.0,596667.0,626633.0
53,15,Tennessee,state,,116937.0,120045.0,122408.0,124742.0,123333.0,120000.0,115667.0,111667.0,108333.0,106000.0,106000.0,107667.0,110850.0,114850.0,119850.0,122500.0,122467.0,120083.0,118083.0,116450.0,113500.0,110163.0,107496.0,109496.0,112333.0,117833.0,120467.0,120467.0,117633.0,114167.0,113217.0,111550.0,112383.0,111667.0,110000.0,109000.0,109000.0,112667.0,115214.0,118547.0,119214.0,116681.0,113347.0,110681.0,110000.0,107000.0,105667.0,106950.0,112283.0,117783.0,121500.0,122500.0,121000.0,119333.0,117833.0,116833.0,115150.0,112200.0,110534.0,111384.0,116833.0,123500.0,129333.0,133047.0,131780.0,127780.0,123067.0,121833.0,121333.0,118667.0,117833.0,119000.0,124000.0,129000.0,133967.0,138000.0,138000.0,135367.0,132000.0,129967.0,129633.0,128300.0,128667.0,130000.0,134167.0,140167.0,145133.0,148633.0,146867.0,143901.0,140567.0,138667.0,136667.0,135833.0,135167.0,138167.0,141833.0,148500.0,153500.0,158000.0,159300.0,157967.0,156300.0,153350.0,152683.0,150117.0,150100.0,150600.0,154833.0,159333.0,165742.0,170742.0,172908.0,171667.0,168667.0,168667.0,168333.0,167833.0,167167.0,169500.0,172000.0,177333.0,181633.0,185967.0,184633.0,181167.0,178167.0,178167.0,178000.0,177667.0,176333.0,177000.0,181667.0,189633.0,199731.0,205064.0,205098.0,199967.0,197267.0,195933.0,196467.0,194167.0,194567.0,197400.0,202733.0,207000.0,211967.0,219300.0,224300.0,226000.0,225950.0,225950.0,225833.0,222550.0,221217.0,223000.0,230333.0,240000.0,252665.0,260998.0,265998.0,265000.0,266667.0,270000.0,272667.0,271500.0,271500.0,274167.0,285333.0,295445.0,306778.0,306778.0,303333.0,295000.0,290000.0,284667.0,278000.0,272750.0,272817.0,279150.0,287733.0,298317.0,306983.0,311983.0,308333.0,303300.0,297675.0,292342.0,287375.0,285633.0,287633.0,294300.0,302500.0,314167.0,322500.0,325000.0,321667.0,316667.0,313333.0,311667.0,310000.0,306667.0,306667.0,310000.0,318333.0,325000.0,328333.0,330667.0,330267.0,328600.0,326267.0,325000.0,325000.0,321667.0,319125.0,319092.0,326759.0,337300.0
22,16,Indiana,state,,106609.0,110776.0,114922.0,116697.0,115831.0,111408.0,108300.0,103667.0,100333.0,93000.0,90167.0,91333.0,96667.0,104133.0,109633.0,114300.0,114173.0,112473.0,110306.0,108133.0,104833.0,99333.0,95667.0,97433.0,103730.0,110563.0,113797.0,114500.0,112633.0,109698.0,107792.0,107208.0,106811.0,103050.0,99065.0,98232.0,102565.0,107167.0,111000.0,113500.0,113500.0,112133.0,108300.0,106600.0,104133.0,100549.0,97249.0,98083.0,104000.0,111667.0,116333.0,118333.0,118233.0,117233.0,115701.0,114468.0,112134.0,107917.0,102750.0,102417.0,107167.0,115167.0,120833.0,124833.0,124667.0,122000.0,118000.0,115633.0,114467.0,109300.0,105708.0,105042.0,110208.0,116633.0,122542.0,127208.0,128408.0,127000.0,125167.0,122167.0,120500.0,116000.0,114667.0,115000.0,120333.0,126333.0,132633.0,136100.0,136267.0,132300.0,128500.0,125967.0,124133.0,121633.0,119333.0,121167.0,125333.0,131967.0,136633.0,139967.0,139333.0,137715.0,135476.0,133976.0,132260.0,128615.0,126415.0,126082.0,130300.0,135658.0,141325.0,144658.0,144667.0,142000.0,140167.0,139833.0,139331.0,137831.0,137797.0,139633.0,143633.0,148667.0,153333.0,156667.0,156667.0,154833.0,152414.0,150048.0,147881.0,146300.0,145667.0,148000.0,151667.0,157333.0,162167.0,166333.0,167000.0,166050.0,163883.0,162217.0,160633.0,157300.0,155633.0,157333.0,163300.0,169133.0,172467.0,176575.0,180075.0,182742.0,182599.0,181599.0,179432.0,175500.0,172167.0,172042.0,177042.0,185375.0,194333.0,201000.0,204333.0,205000.0,203333.0,201667.0,200000.0,196667.0,196333.0,196567.0,204900.0,213567.0,223333.0,226667.0,225000.0,220000.0,216667.0,212500.0,207467.0,200133.0,200300.0,204467.0,212800.0,220497.0,228697.0,234664.0,235300.0,231300.0,225967.0,220633.0,215633.0,214000.0,214333.0,221000.0,227055.0,236055.0,242722.0,246928.0,246262.0,242928.0,240667.0,239633.0,236967.0,232283.0,229983.0,232650.0,239333.0,245000.0,250000.0,253333.0,254667.0,253000.0,251333.0,246667.0,244650.0,237983.0,237983.0,240000.0,248333.0,257700.0
27,17,Maryland,state,,261300.0,262967.0,264633.0,269333.0,267667.0,263350.0,252350.0,245683.0,241667.0,236667.0,234060.0,232393.0,233364.0,235971.0,239971.0,245333.0,245333.0,239667.0,233000.0,228000.0,227127.0,221769.0,219402.0,215275.0,219300.0,221667.0,225000.0,228333.0,225333.0,222542.0,215875.0,217208.0,216667.0,215667.0,212300.0,207300.0,206633.0,208333.0,216333.0,221333.0,224000.0,219333.0,212667.0,210000.0,208333.0,206667.0,200000.0,200667.0,209000.0,223667.0,234667.0,241000.0,238000.0,233000.0,226667.0,225000.0,223333.0,217667.0,211333.0,211333.0,219333.0,232333.0,243000.0,253333.0,255000.0,249333.0,241633.0,236633.0,236633.0,229417.0,226083.0,224417.0,231667.0,243333.0,253333.0,260000.0,256667.0,250000.0,243000.0,238000.0,237667.0,230667.0,227000.0,225667.0,232333.0,243000.0,251333.0,259667.0,258000.0,253000.0,245300.0,239967.0,238300.0,234233.0,231567.0,231533.0,238967.0,250633.0,260667.0,269000.0,268667.0,263667.0,257333.0,252000.0,248667.0,244175.0,242342.0,242675.0,248167.0,258333.0,268000.0,273333.0,272333.0,267000.0,263667.0,262167.0,264133.0,262539.0,261673.0,262143.0,268703.0,277070.0,284967.0,287833.0,289167.0,284167.0,278000.0,271667.0,269633.0,264633.0,261967.0,263167.0,272833.0,285467.0,294633.0,301300.0,300667.0,297667.0,290333.0,286833.0,285667.0,283667.0,282167.0,286333.0,299666.0,307000.0,312000.0,315000.0,322750.0,326083.0,326083.0,325000.0,321333.0,313000.0,305000.0,303667.0,312000.0,325000.0,338000.0,346333.0,349667.0,348333.0,345833.0,340833.0,338167.0,332333.0,329000.0,330667.0,340667.0,357333.0,366667.0,371667.0,367367.0,362700.0,354283.0,346917.0,339083.0,332500.0,332500.0,338333.0,351667.0,365333.0,377000.0,385333.0,386667.0,383333.0,375000.0,368667.0,363667.0,358300.0,357967.0,362967.0,376000.0,388667.0,397000.0,402667.0,401667.0,400000.0,394488.0,389488.0,386154.0,376667.0,373333.0,371667.0,385000.0,398333.0,413333.0,421667.0,421767.0,414313.0,409280.0,404180.0,403300.0,393933.0,392267.0,392267.0,403333.0,416667.0
32,18,Missouri,state,,123317.0,127667.0,131000.0,133833.0,132833.0,128885.0,124654.0,119742.0,116690.0,112421.0,112333.0,114000.0,118000.0,121867.0,125700.0,129367.0,128833.0,127000.0,124500.0,123667.0,121633.0,117967.0,114967.0,116167.0,119667.0,124833.0,127833.0,128483.0,126267.0,122271.0,119588.0,117138.0,116633.0,114300.0,112300.0,109633.0,110667.0,114189.0,118489.0,122489.0,122467.0,118167.0,114833.0,113833.0,114500.0,110500.0,107000.0,106333.0,111967.0,118633.0,123924.0,125624.0,124624.0,122667.0,119333.0,117275.0,116275.0,113242.0,109840.0,109513.0,114880.0,124086.0,130946.0,136779.0,135367.0,132333.0,128083.0,126417.0,125239.0,121872.0,118539.0,118516.0,121800.0,129200.0,135567.0,141067.0,141333.0,137667.0,133667.0,131000.0,131300.0,129267.0,127600.0,128300.0,133300.0,141633.0,146633.0,149500.0,147833.0,143833.0,140967.0,137633.0,137967.0,134667.0,133000.0,132333.0,137000.0,144633.0,151467.0,155133.0,154167.0,151167.0,147833.0,146237.0,144037.0,141037.0,138385.0,138752.0,143227.0,148808.0,154475.0,157667.0,157783.0,155117.0,152117.0,151467.0,150800.0,149133.0,148000.0,149500.0,153800.0,159967.0,164133.0,166500.0,165116.0,162749.0,160249.0,159100.0,157467.0,157467.0,155800.0,157467.0,159967.0,166167.0,172800.0,175467.0,174300.0,170167.0,168500.0,166833.0,165701.0,162367.0,160701.0,162667.0,169333.0,176000.0,181833.0,187167.0,190467.0,192511.0,192844.0,193544.0,190833.0,185800.0,183467.0,183967.0,190000.0,197370.0,206703.0,212703.0,215333.0,215333.0,212833.0,211732.0,210060.0,206560.0,204328.0,205967.0,214967.0,224933.0,236300.0,239718.0,238085.0,231752.0,228000.0,224667.0,219305.0,212972.0,210638.0,213333.0,221121.0,230454.0,239787.0,245833.0,248800.0,245467.0,241633.0,235833.0,230833.0,225833.0,221667.0,225000.0,233639.0,244639.0,254639.0,258917.0,259583.0,254583.0,251667.0,249967.0,246633.0,243133.0,241167.0,244500.0,249983.0,258650.0,266983.0,271667.0,271633.0,268300.0,268267.0,266633.0,264917.0,258842.0,256175.0,256892.0,263667.0,273000.0
60,19,Wisconsin,state,,145333.0,148633.0,152100.0,154133.0,154167.0,148333.0,144028.0,137479.0,134146.0,129285.0,128833.0,130500.0,132500.0,136300.0,139633.0,143133.0,143833.0,140500.0,137333.0,134500.0,132800.0,131267.0,129933.0,130967.0,132333.0,135633.0,139633.0,141900.0,141933.0,137900.0,135133.0,132133.0,130500.0,128000.0,123500.0,121744.0,121578.0,126244.0,131000.0,134271.0,136104.0,133121.0,130017.0,126850.0,123817.0,120483.0,115317.0,115667.0,119833.0,127167.0,133500.0,136983.0,138317.0,135483.0,132800.0,129133.0,127633.0,124333.0,121967.0,123300.0,128633.0,135167.0,142500.0,147167.0,149967.0,145933.0,140600.0,134633.0,131927.0,128927.0,128427.0,129500.0,133833.0,139333.0,145333.0,149417.0,151083.0,148417.0,145000.0,141667.0,139833.0,137717.0,136658.0,138458.0,143808.0,150200.0,156567.0,159667.0,159333.0,154667.0,151667.0,148333.0,146667.0,143667.0,142283.0,144283.0,149450.0,155800.0,161967.0,164467.0,166133.0,162633.0,160800.0,157333.0,156000.0,153167.0,151667.0,151933.0,156900.0,162400.0,169239.0,172606.0,175406.0,171633.0,168467.0,164483.0,164117.0,162283.0,161267.0,162967.0,167933.0,173633.0,180600.0,183967.0,184933.0,179967.0,176283.0,174483.0,172317.0,168333.0,165500.0,167667.0,175433.0,183667.0,191667.0,194233.0,194333.0,189500.0,186167.0,183167.0,182333.0,180767.0,178750.0,181417.0,187650.0,194333.0,199333.0,203333.0,208000.0,206300.0,203267.0,198267.0,196617.0,192483.0,189483.0,191167.0,198667.0,210150.0,221817.0,229317.0,232500.0,229167.0,226667.0,223333.0,221000.0,216667.0,214083.0,218083.0,226983.0,239567.0,249217.0,253983.0,253983.0,251000.0,246000.0,241333.0,234667.0,230333.0,228898.0,233898.0,242231.0,252500.0,263467.0,271800.0,274300.0,271667.0,266667.0,261667.0,255000.0,250000.0,248333.0,255000.0,266633.0,279633.0,289633.0,296333.0,298333.0,293333.0,289150.0,285817.0,282817.0,276667.0,273333.0,274650.0,283317.0,294983.0,306167.0,311833.0,312500.0,309667.0,306995.0,302962.0,296295.0,289967.0,285000.0,290000.0,298333.0,311667.0
10,20,Colorado,state,,197816.0,200300.0,204300.0,206667.0,205000.0,200000.0,194825.0,187658.0,181958.0,173800.0,171900.0,173567.0,180400.0,187800.0,193500.0,198333.0,200000.0,197667.0,196667.0,193333.0,193833.0,190300.0,191283.0,192950.0,197483.0,200817.0,202747.0,206747.0,208430.0,207667.0,205333.0,201000.0,198667.0,192000.0,191083.0,188583.0,190250.0,192500.0,196333.0,199417.0,199417.0,197750.0,195000.0,193667.0,190667.0,188333.0,185167.0,189333.0,199667.0,212367.0,222533.0,225867.0,224667.0,221667.0,219967.0,219133.0,215800.0,212500.0,211800.0,216467.0,224800.0,233000.0,239000.0,242000.0,240333.0,238000.0,233333.0,231000.0,228983.0,225950.0,226450.0,229133.0,237000.0,243833.0,249833.0,252333.0,252217.0,249617.0,248117.0,248233.0,249167.0,249017.0,250683.0,255017.0,262667.0,270333.0,277000.0,280300.0,279300.0,275233.0,273600.0,273433.0,274833.0,274833.0,275667.0,280000.0,286333.0,295333.0,302667.0,306333.0,306000.0,303667.0,303667.0,304333.0,304833.0,303833.0,303483.0,307400.0,315066.0,323750.0,330333.0,332000.0,332000.0,328333.0,329167.0,329167.0,332067.0,330400.0,333720.0,339153.0,349987.0,358000.0,363333.0,363333.0,361667.0,356333.0,353000.0,350000.0,350000.0,348333.0,349000.0,351333.0,359633.0,368967.0,375967.0,377667.0,376000.0,373333.0,371667.0,369967.0,369933.0,368267.0,369967.0,378333.0,386633.0,389967.0,390967.0,399317.0,409983.0,417317.0,420667.0,421667.0,420000.0,415000.0,416667.0,427333.0,446467.0,463867.0,477367.0,484900.0,487500.0,486667.0,485000.0,486667.0,486667.0,483333.0,488333.0,500333.0,525333.0,541000.0,550667.0,544000.0,535000.0,523333.0,516667.0,508333.0,498333.0,489836.0,489836.0,498836.0,510667.0,519000.0,526667.0,530567.0,533233.0,528233.0,526000.0,516665.0,509665.0,500998.0,504333.0,516333.0,531667.0,541667.0,546667.0,545000.0,542250.0,537917.0,536250.0,537333.0,533333.0,530267.0,528600.0,535267.0,544983.0,549983.0,554133.0,550817.0,547483.0,540833.0,540833.0,539167.0,535000.0,525833.0,524500.0,531167.0,541667.0,552500.0
31,21,Minnesota,state,,179167.0,181167.0,182133.0,181633.0,180300.0,175000.0,169933.0,163933.0,159400.0,154467.0,151800.0,152083.0,153083.0,155750.0,159000.0,162333.0,163168.0,161834.0,159501.0,156500.0,153167.0,149833.0,148667.0,150333.0,154000.0,155500.0,157167.0,158133.0,159133.0,155967.0,152667.0,148500.0,145000.0,140283.0,136950.0,134950.0,135333.0,137000.0,140667.0,143667.0,144333.0,142667.0,139063.0,136063.0,132729.0,131000.0,129667.0,132167.0,137800.0,144767.0,152233.0,155600.0,157633.0,155000.0,152667.0,150667.0,148333.0,146000.0,143584.0,147084.0,152751.0,160333.0,167500.0,172833.0,176000.0,172000.0,168333.0,164000.0,162000.0,158667.0,158000.0,160000.0,165000.0,171667.0,178300.0,182467.0,183133.0,179800.0,175633.0,171300.0,169333.0,169483.0,171150.0,175817.0,182333.0,189300.0,194598.0,196265.0,194631.0,190833.0,186867.0,185033.0,183200.0,183500.0,183333.0,187317.0,190983.0,196317.0,201667.0,206633.0,208300.0,204967.0,201197.0,197530.0,194197.0,190500.0,188500.0,191833.0,199333.0,208161.0,215161.0,217827.0,219000.0,215333.0,211000.0,206667.0,204833.0,203833.0,205500.0,209833.0,217500.0,223500.0,228667.0,229667.0,230167.0,226500.0,224000.0,220833.0,219167.0,219000.0,219000.0,224276.0,229276.0,237276.0,243000.0,247000.0,247333.0,243667.0,239150.0,236333.0,235433.0,234617.0,234933.0,239500.0,249133.0,254025.0,256692.0,258392.0,263500.0,265833.0,267500.0,268300.0,266300.0,261267.0,257867.0,260867.0,269900.0,280000.0,292333.0,298300.0,301633.0,298300.0,295000.0,291267.0,286767.0,281767.0,278833.0,282833.0,296167.0,309500.0,320000.0,321633.0,318633.0,311633.0,304967.0,297133.0,288450.0,282650.0,283150.0,287091.0,294591.0,303925.0,317333.0,323667.0,326333.0,321333.0,316000.0,307667.0,299500.0,295167.0,295667.0,302167.0,313133.0,322633.0,332600.0,334967.0,336633.0,331667.0,328333.0,323333.0,320000.0,316549.0,316549.0,318549.0,325833.0,332833.0,342833.0,346500.0,347833.0,344167.0,340000.0,336667.0,331167.0,324467.0,318467.0,320633.0,329000.0,338333.0
51,22,South Carolina,state,,137446.0,140414.0,144500.0,146000.0,144300.0,138633.0,133800.0,128833.0,126333.0,125000.0,125333.0,126967.0,128600.0,131267.0,134175.0,137375.0,138708.0,135833.0,133333.0,130667.0,130000.0,129333.0,129333.0,131000.0,132633.0,134367.0,135700.0,135733.0,135667.0,134333.0,133500.0,132167.0,129267.0,126933.0,123267.0,123833.0,124167.0,127167.0,130667.0,132500.0,133167.0,129333.0,126975.0,123308.0,121642.0,121633.0,121633.0,123967.0,125333.0,130500.0,134500.0,136500.0,136333.0,133667.0,130600.0,127933.0,128233.0,128633.0,127967.0,128167.0,130833.0,137306.0,142806.0,146140.0,146333.0,142667.0,138822.0,135489.0,134455.0,134633.0,132800.0,134000.0,136667.0,142483.0,148517.0,151183.0,152167.0,147633.0,145967.0,143967.0,143800.0,141951.0,141984.0,144317.0,147625.0,152542.0,158375.0,163583.0,163000.0,159333.0,155833.0,153500.0,151500.0,151333.0,151333.0,153000.0,155000.0,161333.0,168000.0,171333.0,170833.0,168167.0,166167.0,164457.0,162123.0,160457.0,159667.0,161333.0,164167.0,168817.0,172817.0,175317.0,174500.0,172567.0,170900.0,170900.0,171833.0,171833.0,171667.0,173167.0,176467.0,181133.0,184967.0,186667.0,186020.0,184353.0,182686.0,180883.0,179217.0,177550.0,177333.0,178967.0,183400.0,190733.0,197433.0,201333.0,200667.0,196300.0,192933.0,191433.0,193017.0,192883.0,192050.0,194500.0,201333.0,207333.0,211000.0,216000.0,221667.0,225667.0,227333.0,229000.0,229000.0,228136.0,226636.0,227636.0,232167.0,239967.0,248633.0,251967.0,254000.0,252333.0,253667.0,255300.0,257467.0,257467.0,258500.0,264333.0,272897.0,283397.0,291730.0,294833.0,290166.0,285167.0,281500.0,279667.0,273333.0,268473.0,266140.0,270807.0,278150.0,288817.0,296817.0,301000.0,299333.0,294667.0,291667.0,288333.0,283917.0,282917.0,284583.0,292606.0,301606.0,309939.0,318000.0,319667.0,318000.0,313000.0,308333.0,309167.0,305833.0,304167.0,300000.0,303333.0,308333.0,316667.0,321667.0,325000.0,323000.0,320500.0,318167.0,318467.0,318133.0,317133.0,313833.0,318000.0,323000.0,333833.0
4,23,Alabama,state,,123100.0,126133.0,128167.0,129333.0,128000.0,126300.0,123133.0,119033.0,117400.0,114233.0,117667.0,118593.0,123593.0,126627.0,130700.0,133850.0,131817.0,128867.0,126383.0,126883.0,127791.0,126908.0,124990.0,124632.0,125849.0,128567.0,130617.0,130358.0,128058.0,123880.0,121893.0,122560.0,123755.0,123333.0,121333.0,119600.0,121267.0,124767.0,127467.0,128133.0,126633.0,125667.0,123956.0,122956.0,121289.0,119667.0,120317.0,121650.0,125650.0,130967.0,136300.0,140300.0,138667.0,136000.0,132333.0,130667.0,131667.0,130333.0,130333.0,132650.0,139317.0,147617.0,152633.0,156967.0,156000.0,153500.0,149500.0,147167.0,145667.0,143333.0,140000.0,138333.0,139300.0,145467.0,150433.0,152800.0,151800.0,149833.0,148133.0,146569.0,145236.0,143603.0,141667.0,141500.0,144833.0,150833.0,154000.0,153833.0,146833.0,139500.0,132500.0,129167.0,128117.0,127783.0,127783.0,128167.0,133000.0,139433.0,146100.0,148733.0,146967.0,143633.0,140333.0,139333.0,138333.0,136633.0,133967.0,134633.0,137750.0,144417.0,148917.0,152467.0,152467.0,151300.0,148000.0,147333.0,147667.0,149300.0,149967.0,152633.0,156000.0,161000.0,163000.0,164000.0,161167.0,159833.0,157167.0,156667.0,154333.0,152500.0,150833.0,152833.0,158000.0,166000.0,170000.0,171633.0,169633.0,168633.0,167000.0,166150.0,166150.0,164817.0,164667.0,166667.0,172333.0,177333.0,182000.0,186000.0,189333.0,190000.0,189967.0,189967.0,188600.0,186967.0,185300.0,187667.0,192633.0,200850.0,208183.0,213550.0,213667.0,212708.0,212042.0,213175.0,212467.0,210800.0,210333.0,215333.0,224000.0,232408.0,237408.0,239042.0,236300.0,231300.0,224250.0,219583.0,214583.0,209333.0,210333.0,215333.0,224300.0,233300.0,240050.0,246717.0,245050.0,242467.0,234167.0,226500.0,217650.0,210700.0,211450.0,217800.0,228083.0,238333.0,245000.0,248667.0,243967.0,239633.0,234300.0,234000.0,230000.0,227667.0,227850.0,235517.0,244517.0,251667.0,255667.0,258000.0,257333.0,255333.0,253000.0,251333.0,248333.0,243000.0,244533.0,249533.0,259867.0,265317.0
25,24,Louisiana,state,,133022.0,138633.0,141333.0,146000.0,145333.0,142333.0,138833.0,135966.0,134966.0,132132.0,135000.0,136633.0,139633.0,141267.0,145467.0,149133.0,149167.0,145667.0,143233.0,143233.0,142233.0,139333.0,137333.0,137633.0,139633.0,142425.0,144758.0,143758.0,141300.0,138333.0,139333.0,140333.0,140967.0,139092.0,135758.0,133125.0,133333.0,136333.0,141789.0,144122.0,143455.0,139667.0,138233.0,135910.0,134244.0,131677.0,131667.0,133333.0,136633.0,140633.0,142652.0,143685.0,141102.0,140417.0,139417.0,140333.0,138000.0,136333.0,134667.0,137750.0,141083.0,146083.0,150000.0,152333.0,151967.0,147800.0,144383.0,140667.0,141500.0,139250.0,139333.0,139000.0,142667.0,146667.0,150333.0,153000.0,154667.0,153000.0,151133.0,147800.0,148217.0,147825.0,149492.0,150742.0,154333.0,158667.0,161333.0,163667.0,161333.0,160000.0,156667.0,155667.0,157417.0,156333.0,157000.0,155567.0,158317.0,162317.0,165167.0,168500.0,166833.0,165667.0,162250.0,161583.0,158750.0,155500.0,153667.0,155500.0,159667.0,163167.0,166667.0,170000.0,170333.0,167800.0,165300.0,164300.0,165000.0,165000.0,167083.0,166417.0,169717.0,171867.0,176533.0,177900.0,177667.0,176000.0,171667.0,170667.0,168667.0,167917.0,163917.0,164583.0,168000.0,175650.0,181775.0,185275.0,183958.0,180333.0,177167.0,177167.0,178333.0,178333.0,177000.0,178000.0,181833.0,185167.0,188000.0,191150.0,194483.0,195317.0,196667.0,197967.0,198133.0,194800.0,193500.0,195000.0,200000.0,205000.0,210333.0,213667.0,213950.0,211950.0,210283.0,208333.0,208000.0,205333.0,208667.0,211500.0,219167.0,224167.0,227333.0,228333.0,223333.0,217667.0,213333.0,212233.0,211567.0,206567.0,204333.0,203333.0,208333.0,215000.0,221667.0,225000.0,220000.0,215450.0,208783.0,207117.0,203983.0,205650.0,207317.0,212667.0,217667.0,222667.0,227667.0,226667.0,225000.0,221167.0,218833.0,218833.0,218333.0,220000.0,220000.0,221667.0,224333.0,229300.0,234300.0,234867.0,233233.0,229233.0,229333.0,228500.0,227833.0,227500.0,230000.0,232667.0,236000.0,239333.0
24,25,Kentucky,state,,115267.0,117250.0,120317.0,121650.0,121000.0,117633.0,113933.0,109233.0,106267.0,105300.0,105667.0,106375.0,109625.0,113625.0,118250.0,120650.0,121283.0,119117.0,117633.0,116000.0,113917.0,110417.0,108417.0,110217.0,114550.0,119867.0,122475.0,121775.0,119458.0,117800.0,115167.0,114025.0,113858.0,113858.0,112833.0,111833.0,113167.0,115333.0,117667.0,120333.0,120000.0,117833.0,115100.0,113433.0,111267.0,108333.0,107667.0,110333.0,114667.0,119356.0,123523.0,126523.0,126333.0,123500.0,120500.0,117950.0,116283.0,113917.0,112858.0,114024.0,116724.0,120833.0,124333.0,126667.0,126600.0,123350.0,120333.0,117233.0,115483.0,113167.0,111333.0,111500.0,114833.0,120833.0,127333.0,131333.0,132000.0,128167.0,125833.0,124100.0,124750.0,123083.0,123150.0,125267.0,128600.0,133567.0,138300.0,140633.0,140000.0,136167.0,135500.0,132650.0,133150.0,132483.0,130992.0,129825.0,130898.0,137240.0,143074.0,146833.0,146833.0,143833.0,141300.0,138467.0,136133.0,133000.0,132167.0,133667.0,136800.0,141467.0,145633.0,149667.0,149000.0,147667.0,144333.0,142667.0,141500.0,140800.0,141467.0,141967.0,145300.0,147967.0,152633.0,154333.0,155967.0,153300.0,151633.0,149667.0,149667.0,147417.0,146502.0,147802.0,151718.0,157467.0,162833.0,166167.0,165917.0,163583.0,162250.0,161000.0,159667.0,157667.0,157667.0,161333.0,168167.0,173500.0,176833.0,180167.0,184167.0,185500.0,185667.0,185000.0,183333.0,179667.0,176333.0,177250.0,181900.0,190067.0,198183.0,204867.0,205033.0,203033.0,202700.0,205033.0,206000.0,201667.0,198683.0,198017.0,204683.0,212000.0,222333.0,225667.0,227333.0,223333.0,220667.0,217333.0,212333.0,206350.0,204683.0,207017.0,215667.0,222667.0,230417.0,235383.0,236717.0,233872.0,228905.0,224239.0,222000.0,219667.0,222333.0,227333.0,233000.0,239967.0,245300.0,250133.0,246833.0,246233.0,244733.0,245400.0,244000.0,242333.0,241000.0,239750.0,240750.0,247917.0,255833.0,261167.0,259667.0,254667.0,254333.0,253667.0,253667.0,249367.0,250367.0,252017.0,256983.0,260817.0
46,26,Oregon,state,,239667.0,241667.0,245000.0,247667.0,244667.0,237667.0,233000.0,226646.0,222813.0,218813.0,218500.0,216667.0,215667.0,213667.0,214667.0,215667.0,216000.0,212667.0,208333.0,205000.0,203333.0,200000.0,198300.0,199967.0,203233.0,204933.0,204933.0,205667.0,204000.0,200667.0,196900.0,193567.0,190567.0,183667.0,178000.0,175333.0,175333.0,177667.0,181333.0,186083.0,189417.0,188750.0,185667.0,184100.0,180650.0,177284.0,173517.0,173576.0,178242.0,183575.0,191300.0,196667.0,200000.0,199987.0,199987.0,199953.0,198300.0,196283.0,193983.0,198817.0,207000.0,219333.0,226167.0,233000.0,233000.0,233000.0,228667.0,225975.0,223975.0,220308.0,220000.0,221667.0,227000.0,233000.0,238333.0,243000.0,244967.0,242675.0,240675.0,236708.0,235667.0,232333.0,232333.0,234833.0,241833.0,250667.0,256500.0,259833.0,258333.0,255000.0,252083.0,250417.0,251567.0,251150.0,251117.0,254967.0,261633.0,271333.0,277167.0,280500.0,282500.0,283300.0,283300.0,281633.0,281633.0,281633.0,281633.0,282000.0,287000.0,295333.0,303300.0,308883.0,310550.0,308583.0,305433.0,306767.0,308767.0,311333.0,311833.0,314500.0,320833.0,325667.0,333000.0,336333.0,338054.0,333388.0,328721.0,325333.0,324333.0,322433.0,323100.0,327100.0,332667.0,340333.0,347000.0,351667.0,351667.0,346850.0,346183.0,344517.0,346000.0,345000.0,346667.0,351667.0,357500.0,360817.0,364150.0,371650.0,381933.0,391600.0,394933.0,397983.0,394983.0,393983.0,394000.0,404000.0,416667.0,433333.0,445000.0,455000.0,458333.0,459167.0,457500.0,454167.0,451667.0,446667.0,449983.0,460317.0,480317.0,493883.0,500217.0,499883.0,494667.0,488000.0,478800.0,472133.0,460467.0,448333.0,443333.0,448000.0,460000.0,471667.0,484500.0,490083.0,490417.0,484750.0,480167.0,476500.0,469667.0,463333.0,461667.0,466667.0,480667.0,494000.0,505667.0,508333.0,503333.0,496333.0,493433.0,491767.0,488767.0,488000.0,484667.0,488567.0,490533.0,502200.0,511300.0,514633.0,509633.0,501633.0,499167.0,498833.0,493833.0,482000.0,479000.0,485667.0,499333.0,509333.0
45,27,Oklahoma,state,,96750.0,99333.0,104500.0,106750.0,107167.0,103167.0,100500.0,94639.0,91139.0,90139.0,93667.0,99317.0,101150.0,104817.0,108167.0,112020.0,111353.0,108020.0,106000.0,103333.0,98333.0,94000.0,94417.0,99417.0,105250.0,108167.0,109833.0,108333.0,104333.0,102333.0,99000.0,98750.0,95750.0,96417.0,97333.0,97833.0,98833.0,102167.0,106667.0,111333.0,111333.0,109667.0,105000.0,101667.0,99667.0,98000.0,99000.0,101500.0,106694.0,111694.0,114528.0,117000.0,117000.0,116000.0,113667.0,110000.0,107333.0,105650.0,106650.0,110317.0,113667.0,117000.0,120333.0,123000.0,122833.0,119833.0,115833.0,113000.0,112667.0,112000.0,111250.0,112917.0,117083.0,123500.0,126833.0,129583.0,129183.0,126517.0,122933.0,120667.0,119167.0,117500.0,116833.0,119333.0,123667.0,128833.0,133000.0,135333.0,134500.0,132000.0,129333.0,127333.0,125667.0,125000.0,124000.0,124000.0,125667.0,130000.0,134000.0,137300.0,135633.0,134633.0,131300.0,131633.0,131133.0,130833.0,129500.0,130333.0,132333.0,137333.0,139333.0,141000.0,139167.0,137167.0,134133.0,133300.0,133300.0,132667.0,132167.0,132500.0,134500.0,139000.0,142000.0,145000.0,143833.0,142167.0,140833.0,140000.0,138333.0,137333.0,137333.0,141167.0,144833.0,149833.0,154944.0,158611.0,158278.0,155000.0,152500.0,151167.0,150667.0,148667.0,150333.0,152917.0,157733.0,161067.0,165983.0,171000.0,175333.0,176333.0,176667.0,175667.0,175333.0,171667.0,170333.0,170333.0,175333.0,179333.0,184333.0,187667.0,190000.0,190000.0,190647.0,190647.0,189647.0,187000.0,187000.0,189667.0,196000.0,204333.0,211000.0,215000.0,211667.0,208333.0,203333.0,201000.0,194833.0,190500.0,187833.0,194000.0,199000.0,208967.0,213967.0,219967.0,218333.0,214167.0,209167.0,205833.0,203000.0,199667.0,199667.0,205333.0,212667.0,219333.0,225000.0,227667.0,227667.0,224083.0,220750.0,217750.0,215333.0,213667.0,215750.0,219083.0,226417.0,230667.0,235633.0,237083.0,236583.0,233283.0,231167.0,229667.0,229333.0,227667.0,228000.0,230000.0,233333.0,239333.0
11,28,Connecticut,state,,244633.0,247967.0,254633.0,261000.0,263000.0,254667.0,241667.0,230000.0,223333.0,216667.0,211483.0,206783.0,209783.0,215467.0,225278.0,232278.0,236778.0,231667.0,225000.0,220333.0,222000.0,221000.0,220333.0,220333.0,222917.0,226583.0,233250.0,241633.0,249967.0,246633.0,243333.0,233500.0,232167.0,225500.0,220317.0,213317.0,214983.0,221633.0,238267.0,243267.0,246633.0,236333.0,225300.0,214433.0,206767.0,203133.0,199000.0,197333.0,204000.0,215000.0,230667.0,238667.0,241000.0,230667.0,223083.0,216417.0,215750.0,208333.0,200000.0,195000.0,203583.0,217583.0,234250.0,245667.0,251833.0,245150.0,232817.0,219317.0,214583.0,212583.0,207583.0,200667.0,199250.0,210883.0,227883.0,240300.0,242233.0,232900.0,222900.0,215667.0,213000.0,208667.0,202333.0,198667.0,201333.0,212967.0,226800.0,236767.0,236800.0,230800.0,220500.0,212167.0,208533.0,207017.0,205350.0,199817.0,204167.0,212500.0,229167.0,235533.0,239200.0,233867.0,226667.0,220000.0,216317.0,214650.0,209983.0,205000.0,207166.0,216166.0,231833.0,242000.0,246583.0,238583.0,232583.0,226667.0,227167.0,227500.0,227083.0,229083.0,231917.0,237333.0,247800.0,253633.0,258633.0,250167.0,242583.0,234583.0,232167.0,229317.0,223983.0,223233.0,227933.0,242933.0,254600.0,262333.0,262333.0,255392.0,247225.0,242225.0,242167.0,243000.0,239333.0,241333.0,249667.0,260500.0,268833.0,278000.0,288333.0,295300.0,293800.0,291300.0,288867.0,286167.0,279750.0,276883.0,283617.0,293367.0,308700.0,317176.0,323843.0,316843.0,308333.0,301667.0,300000.0,297000.0,293650.0,294317.0,302317.0,314000.0,330000.0,342333.0,350333.0,343667.0,335500.0,324667.0,318000.0,310500.0,305000.0,308258.0,318258.0,334925.0,353333.0,368333.0,373667.0,367667.0,359333.0,353000.0,349000.0,342333.0,338333.0,340667.0,352000.0,366417.0,387417.0,399083.0,406333.0,399667.0,391333.0,383167.0,381483.0,375150.0,371650.0,368000.0,381333.0,396333.0,415000.0,425667.0,432333.0,424000.0,416667.0,406667.0,403333.0,396667.0,390000.0,389470.0,394470.0,411137.0
55,30,Utah,state,,210550.0,212050.0,212083.0,210883.0,208800.0,206467.0,205333.0,205000.0,202333.0,204083.0,203417.0,206083.0,202667.0,203333.0,204000.0,203333.0,201083.0,196583.0,193250.0,189500.0,189000.0,191633.0,192600.0,190933.0,185900.0,183600.0,187267.0,191753.0,195086.0,189753.0,183500.0,179167.0,177050.0,175591.0,172258.0,171375.0,170300.0,171133.0,171962.0,171995.0,171162.0,168067.0,168033.0,166033.0,165770.0,162470.0,162770.0,164300.0,169267.0,172867.0,175533.0,177067.0,178500.0,179500.0,179333.0,180583.0,180917.0,181317.0,181733.0,183400.0,188333.0,194667.0,201983.0,206950.0,207283.0,204933.0,200967.0,197633.0,196333.0,195333.0,197000.0,199667.0,201583.0,204583.0,207583.0,212233.0,214233.0,212233.0,210667.0,209400.0,210275.0,209275.0,208150.0,209275.0,213109.0,219833.0,225500.0,228667.0,227667.0,226000.0,224967.0,224967.0,224933.0,223633.0,224600.0,226267.0,232467.0,238500.0,245033.0,246833.0,247667.0,246167.0,245667.0,243833.0,243833.0,246000.0,247333.0,250250.0,254778.0,261995.0,268327.0,271048.0,271165.0,268583.0,268833.0,269833.0,270063.0,269896.0,271030.0,275800.0,280311.0,286827.0,293494.0,298317.0,299087.0,297420.0,297420.0,296500.0,294167.0,292667.0,294467.0,297767.0,302117.0,307150.0,314517.0,317000.0,318667.0,318333.0,318633.0,318633.0,319300.0,318667.0,320417.0,323417.0,328417.0,330000.0,334053.0,341110.0,350444.0,359390.0,364333.0,370000.0,372000.0,371917.0,371917.0,379289.0,397373.0,415706.0,430000.0,439650.0,444650.0,447983.0,446667.0,451667.0,455000.0,461999.0,467665.0,480999.0,497333.0,511667.0,516753.0,511419.0,501419.0,489667.0,481667.0,475000.0,468333.0,460000.0,456333.0,461465.0,469799.0,480132.0,485455.0,492122.0,492122.0,491667.0,488333.0,488424.0,483424.0,483424.0,485000.0,493300.0,501633.0,508300.0,511667.0,513333.0,511667.0,510667.0,510667.0,507333.0,505196.0,501863.0,501863.0,502667.0,505833.0,512500.0,519491.0,523087.0,524753.0,521762.0,520000.0,518333.0,516667.0,510000.0,503333.0,505000.0,510000.0,518333.0
19,31,Iowa,state,,115563.0,117063.0,120396.0,122000.0,121150.0,116900.0,112400.0,110250.0,108833.0,107750.0,106417.0,106583.0,108833.0,112167.0,117667.0,121000.0,121250.0,116583.0,112750.0,110167.0,107833.0,104500.0,102833.0,104500.0,109333.0,113667.0,117500.0,117667.0,116775.0,115192.0,113358.0,111750.0,109167.0,105333.0,101250.0,100217.0,103217.0,108300.0,114833.0,120167.0,121833.0,117667.0,114333.0,110333.0,108083.0,104333.0,102333.0,103417.0,107833.0,114667.0,120833.0,124167.0,124000.0,120000.0,115667.0,114000.0,113000.0,111583.0,109917.0,110917.0,115667.0,121333.0,128333.0,131333.0,131333.0,126000.0,122333.0,119000.0,116167.0,112833.0,111500.0,112667.0,116000.0,120667.0,127333.0,132333.0,133000.0,129667.0,124333.0,122333.0,120333.0,120667.0,119333.0,122667.0,125500.0,130500.0,134167.0,138000.0,138333.0,134833.0,129833.0,126833.0,126000.0,126000.0,126333.0,126450.0,129100.0,132100.0,138650.0,141833.0,142833.0,139833.0,136500.0,134250.0,131550.0,130717.0,128633.0,129983.0,133150.0,138650.0,144000.0,146500.0,147333.0,145000.0,142667.0,140000.0,135667.0,134833.0,135167.0,138500.0,140406.0,144406.0,150406.0,154333.0,154333.0,150333.0,146000.0,143667.0,141333.0,140667.0,139667.0,142000.0,146167.0,151167.0,157500.0,161000.0,163000.0,161333.0,157000.0,153333.0,150667.0,150667.0,148583.0,149583.0,153583.0,161500.0,165667.0,168333.0,170167.0,170000.0,168333.0,166333.0,165667.0,164833.0,162500.0,161742.0,165075.0,170075.0,178000.0,182167.0,184583.0,182417.0,180750.0,178333.0,176667.0,173667.0,171733.0,173400.0,178650.0,188583.0,197750.0,203833.0,204167.0,198333.0,191667.0,185000.0,181000.0,177667.0,177667.0,183150.0,189150.0,198150.0,205000.0,210667.0,211667.0,206667.0,202500.0,197500.0,197167.0,196333.0,197667.0,198333.0,203333.0,208750.0,217750.0,221083.0,223667.0,217667.0,217667.0,213333.0,213000.0,206333.0,204667.0,206667.0,211667.0,218333.0,225333.0,230333.0,232000.0,228333.0,228333.0,226667.0,224167.0,219500.0,216800.0,219383.0,224033.0,230900.0
42,32,Nevada,state,,238983.0,236317.0,230517.0,222983.0,213983.0,205000.0,195000.0,186177.0,179511.0,169511.0,159000.0,148333.0,141667.0,137333.0,134667.0,134000.0,132667.0,131417.0,130833.0,132500.0,132083.0,130667.0,128667.0,128667.0,131333.0,133000.0,134667.0,132667.0,131000.0,129000.0,127667.0,126333.0,124967.0,122633.0,120967.0,117667.0,116667.0,115833.0,115833.0,115500.0,114500.0,114500.0,114500.0,114500.0,114000.0,113000.0,111500.0,111967.0,114633.0,118133.0,121333.0,123500.0,126633.0,129133.0,131967.0,135000.0,137683.0,139349.0,139683.0,142817.0,147150.0,152483.0,157333.0,163000.0,167667.0,169333.0,169750.0,169750.0,170750.0,170667.0,171333.0,173967.0,176967.0,179633.0,181333.0,183333.0,186667.0,188333.0,188667.0,189667.0,189750.0,189417.0,188750.0,189667.0,194667.0,197667.0,203000.0,206333.0,209667.0,210646.0,209843.0,209510.0,207563.0,207367.0,206700.0,206333.0,208000.0,211333.0,216167.0,218833.0,219417.0,219583.0,219583.0,221017.0,220983.0,222150.0,221967.0,224667.0,228167.0,233667.0,239333.0,244333.0,247977.0,249644.0,249977.0,250000.0,251083.0,251083.0,253250.0,256333.0,263000.0,268367.0,272533.0,274167.0,275967.0,277114.0,278147.0,278397.0,278583.0,279250.0,278000.0,279417.0,279417.0,282850.0,285067.0,288067.0,289633.0,291333.0,291667.0,291667.0,290667.0,290667.0,293455.0,295788.0,298788.0,299333.0,303000.0,309167.0,315167.0,320167.0,321633.0,324467.0,324467.0,325167.0,326333.0,330667.0,338000.0,346333.0,356000.0,367000.0,375000.0,380167.0,382167.0,387446.0,392279.0,397279.0,405667.0,414333.0,426000.0,433500.0,438833.0,435500.0,424667.0,416667.0,409500.0,402833.0,392633.0,384800.0,382300.0,385833.0,392500.0,400000.0,405000.0,410667.0,414000.0,414000.0,415000.0,411667.0,411667.0,406000.0,411667.0,416333.0,425333.0,429467.0,431467.0,434467.0,433000.0,433000.0,431693.0,433360.0,433027.0,431333.0,429667.0,433333.0,436633.0,441633.0,443300.0,445333.0,443633.0,440300.0,435967.0,436000.0,437667.0,435733.0,435733.0,437400.0,441667.0,445000.0
6,33,Arkansas,state,,111667.0,114000.0,117667.0,120000.0,118833.0,113833.0,109833.0,105235.0,101902.0,101910.0,103842.0,107175.0,110500.0,113333.0,116667.0,120000.0,121333.0,119667.0,116333.0,114667.0,112000.0,110050.0,110383.0,113717.0,116667.0,120000.0,122333.0,123330.0,121664.0,118330.0,116333.0,113000.0,111667.0,110750.0,110750.0,111417.0,113167.0,116167.0,117500.0,117633.0,116633.0,115300.0,113727.0,114393.0,116946.0,117220.0,117853.0,117717.0,121883.0,125250.0,129833.0,132333.0,134000.0,134000.0,132567.0,129233.0,126217.0,124650.0,125733.0,130092.0,135092.0,140675.0,146333.0,149663.0,150330.0,146330.0,141983.0,138317.0,138650.0,135667.0,135333.0,132333.0,134667.0,136333.0,141667.0,144967.0,146967.0,143533.0,141567.0,139233.0,140667.0,139300.0,141300.0,141255.0,145955.0,147788.0,151467.0,153133.0,156267.0,155033.0,152033.0,144700.0,138467.0,133467.0,130000.0,129833.0,131250.0,133750.0,136150.0,136400.0,136400.0,133667.0,133667.0,133000.0,133333.0,132033.0,131700.0,131533.0,133500.0,136133.0,140633.0,141300.0,140500.0,137167.0,136333.0,136167.0,136167.0,135667.0,135333.0,137000.0,138667.0,142167.0,145475.0,147142.0,145808.0,143167.0,141500.0,141667.0,140667.0,140333.0,139000.0,140000.0,141833.0,147833.0,152800.0,156967.0,156300.0,154000.0,151667.0,151365.0,151115.0,150974.0,149842.0,151759.0,155200.0,159633.0,164600.0,167967.0,170633.0,171467.0,171467.0,172467.0,172667.0,171000.0,171667.0,172333.0,177300.0,181633.0,186600.0,191633.0,193300.0,194667.0,194000.0,193000.0,193667.0,192667.0,193000.0,195250.0,198583.0,203550.0,207633.0,212300.0,213000.0,212250.0,208250.0,205400.0,199483.0,195150.0,194667.0,198000.0,201667.0,208333.0,215000.0,221667.0,220000.0,217667.0,212667.0,210167.0,205833.0,205500.0,203417.0,207917.0,214583.0,224333.0,229833.0,231833.0,233333.0,231667.0,230883.0,229200.0,225867.0,224983.0,222017.0,225350.0,228683.0,234967.0,241633.0,243300.0,245000.0,241667.0,243333.0,242667.0,241667.0,238333.0,234667.0,237267.0,240600.0,248233.0
34,34,Mississippi,state,,125817.0,126667.0,130300.0,132100.0,132933.0,130300.0,125917.0,123250.0,119583.0,116667.0,117608.0,120108.0,124775.0,127167.0,130000.0,131000.0,129583.0,127583.0,125917.0,125000.0,123167.0,120500.0,119167.0,120983.0,122483.0,124817.0,124833.0,125667.0,123264.0,121431.0,122078.0,122480.0,121301.0,117654.0,115321.0,114667.0,115667.0,117000.0,120667.0,122417.0,123883.0,122216.0,120216.0,119742.0,119408.0,117198.0,116540.0,116207.0,120922.0,123922.0,126256.0,129094.0,128427.0,128427.0,124714.0,122493.0,121559.0,119178.0,117754.0,117022.0,119689.0,124750.0,128742.0,131075.0,131825.0,129500.0,125705.0,122872.0,122872.0,123791.0,122891.0,121891.0,123766.0,126333.0,132333.0,136667.0,138333.0,135000.0,130000.0,128188.0,129854.0,129854.0,129528.0,129511.0,133178.0,138617.0,142300.0,145967.0,144833.0,141833.0,138500.0,136333.0,135655.0,132894.0,131228.0,131239.0,135000.0,140000.0,144730.0,147730.0,148730.0,147000.0,144000.0,141364.0,140031.0,136664.0,135800.0,135800.0,141833.0,145467.0,149967.0,150967.0,151763.0,149929.0,149596.0,147633.0,146883.0,145217.0,144339.0,144923.0,146589.0,150800.0,156633.0,161300.0,162667.0,160333.0,157667.0,157667.0,155000.0,152025.0,149109.0,151442.0,156084.0,161167.0,165833.0,167325.0,167491.0,163825.0,161333.0,159333.0,160967.0,160133.0,163433.0,164300.0,170800.0,173483.0,177983.0,181317.0,182000.0,182500.0,182679.0,185346.0,187846.0,186000.0,184967.0,184967.0,189967.0,194900.0,199900.0,203233.0,205000.0,203333.0,201667.0,199407.0,200074.0,200074.0,203667.0,207000.0,213633.0,221454.0,229121.0,232821.0,230509.0,225509.0,221843.0,218333.0,215833.0,207500.0,208050.0,209033.0,218700.0,226150.0,235000.0,238633.0,235633.0,229300.0,225967.0,219300.0,214707.0,209926.0,216051.0,222294.0,225067.0,228942.0,234625.0,241667.0,240000.0,236933.0,235267.0,236917.0,238317.0,236650.0,234900.0,237233.0,242233.0,249000.0,251667.0,252762.0,249429.0,246095.0,245500.0,245500.0,246655.0,241155.0,240155.0,240300.0,248633.0,257300.0
23,35,Kansas,state,,126333.0,131333.0,135931.0,139898.0,138231.0,133150.0,127517.0,122683.0,120167.0,117500.0,117667.0,119333.0,123833.0,129817.0,136150.0,139400.0,139083.0,133858.0,132608.0,130442.0,127500.0,125967.0,122800.0,126300.0,127967.0,134467.0,136767.0,137633.0,135883.0,132583.0,128250.0,127167.0,127000.0,123800.0,119408.0,118192.0,121058.0,125450.0,129500.0,132700.0,132700.0,130700.0,128000.0,126300.0,123300.0,119300.0,117333.0,119000.0,124633.0,130300.0,136020.0,139720.0,140720.0,137465.0,134182.0,131149.0,130317.0,125933.0,122633.0,124300.0,129633.0,138967.0,144858.0,149024.0,148024.0,142615.0,138783.0,133117.0,132333.0,128983.0,129317.0,127983.0,132000.0,137333.0,146333.0,151333.0,152167.0,146833.0,142833.0,141167.0,140833.0,139167.0,136667.0,138083.0,143083.0,151417.0,156633.0,160633.0,157300.0,152000.0,146334.0,145500.0,145925.0,143925.0,139758.0,140000.0,145000.0,154556.0,162389.0,166389.0,165167.0,160000.0,155333.0,152667.0,153000.0,151167.0,149001.0,147751.0,150901.0,157900.0,166693.0,171609.0,172276.0,168067.0,164500.0,162500.0,161167.0,162733.0,161567.0,161717.0,162483.0,169475.0,175658.0,179825.0,177167.0,173500.0,170333.0,169667.0,167333.0,165000.0,161333.0,162317.0,164733.0,172567.0,182583.0,188167.0,187333.0,181167.0,177167.0,177000.0,176179.0,175512.0,174012.0,175333.0,179333.0,184000.0,190333.0,197000.0,200667.0,201667.0,199633.0,199633.0,197531.0,193848.0,188814.0,188250.0,192300.0,202333.0,211667.0,220000.0,221667.0,218333.0,212603.0,209270.0,208470.0,202500.0,197500.0,198967.0,208000.0,223250.0,235917.0,243583.0,240000.0,231667.0,228000.0,223000.0,218833.0,209167.0,209167.0,208667.0,217650.0,227233.0,240233.0,247083.0,245833.0,240167.0,236000.0,231333.0,229919.0,224919.0,228919.0,229500.0,236167.0,241833.0,253333.0,261667.0,264000.0,259000.0,255667.0,253333.0,255650.0,251650.0,249983.0,246500.0,252167.0,259925.0,271175.0,281175.0,281917.0,275167.0,269417.0,267583.0,267583.0,260000.0,255000.0,258333.0,266667.0,276854.0
41,36,New Mexico,state,,180664.0,183879.0,186548.0,189482.0,187934.0,184568.0,181429.0,177706.0,176073.0,172977.0,175464.0,176502.0,177218.0,176787.0,177383.0,179397.0,178313.0,178347.0,175583.0,173457.0,170124.0,171791.0,171741.0,173407.0,173407.0,174300.0,175279.0,178446.0,180979.0,181667.0,180097.0,178263.0,178263.0,174967.0,173360.0,168360.0,167644.0,166750.0,167997.0,170413.0,168662.0,169082.0,169467.0,170385.0,167052.0,163100.0,161433.0,161100.0,161667.0,165000.0,168667.0,170000.0,168333.0,168167.0,168167.0,168700.0,168700.0,164367.0,163333.0,163504.0,164504.0,166004.0,165967.0,171300.0,173300.0,173333.0,169667.0,168333.0,170727.0,169448.0,167782.0,163388.0,164667.0,168225.0,170225.0,173908.0,173683.0,175350.0,175000.0,175667.0,174983.0,170150.0,164496.0,162846.0,165346.0,171667.0,177333.0,179833.0,179505.0,177172.0,177005.0,175333.0,174500.0,171625.0,168958.0,169125.0,172667.0,179633.0,182050.0,183364.0,181364.0,182114.0,182467.0,182500.0,180333.0,178000.0,176500.0,177148.0,180814.0,184005.0,187024.0,187524.0,187833.0,187833.0,190333.0,192333.0,190822.0,188322.0,186988.0,190617.0,193089.0,196256.0,198971.0,200665.0,201498.0,197666.0,197166.0,196500.0,197833.0,196667.0,195667.0,196333.0,201333.0,208000.0,214167.0,217250.0,217917.0,215417.0,215667.0,215000.0,215667.0,214000.0,213667.0,218000.0,219650.0,220317.0,221317.0,228000.0,236667.0,240667.0,243250.0,244929.0,246596.0,244012.0,243583.0,245250.0,250250.0,255000.0,261667.0,267758.0,271025.0,272280.0,272856.0,276256.0,278300.0,278964.0,280631.0,282331.0,288667.0,297000.0,302000.0,303333.0,299000.0,301500.0,304000.0,303333.0,299167.0,291667.0,290000.0,291667.0,300000.0,309333.0,316667.0,318833.0,321167.0,322167.0,321833.0,320167.0,315167.0,313333.0,311333.0,314667.0,321333.0,331000.0,336667.0,341954.0,340954.0,337621.0,337333.0,339000.0,341667.0,335000.0,331667.0,335000.0,339459.0,341126.0,342759.0,346633.0,349967.0,350279.0,348612.0,345279.0,340000.0,333333.0,333333.0,336333.0,342667.0,345967.0
38,37,Nebraska,state,,123333.0,124333.0,125667.0,126083.0,125417.0,123417.0,120667.0,118000.0,114833.0,113833.0,115000.0,117833.0,120800.0,123300.0,125967.0,126983.0,126650.0,125983.0,123650.0,119983.0,114983.0,116300.0,117633.0,122967.0,122667.0,124667.0,123000.0,122000.0,119333.0,117333.0,114000.0,114333.0,114333.0,115000.0,111000.0,111000.0,113873.0,119540.0,122873.0,124000.0,123000.0,120667.0,116667.0,116000.0,114000.0,113333.0,110667.0,113000.0,118000.0,123833.0,127833.0,131167.0,132000.0,128667.0,124167.0,121500.0,120167.0,119667.0,117667.0,119667.0,121333.0,126667.0,131667.0,134667.0,134000.0,130333.0,127333.0,124667.0,123000.0,120667.0,121667.0,124000.0,128000.0,131333.0,134667.0,137000.0,137667.0,135667.0,133667.0,131333.0,129333.0,127333.0,127667.0,130333.0,134333.0,139042.0,144042.0,146708.0,146333.0,143000.0,141333.0,138333.0,137667.0,137000.0,138333.0,140667.0,142667.0,145500.0,148500.0,150500.0,150000.0,147333.0,144667.0,143667.0,142667.0,141500.0,139500.0,140167.0,144667.0,150667.0,155667.0,158000.0,158000.0,155167.0,152167.0,150833.0,150000.0,150000.0,149667.0,152333.0,157000.0,163000.0,168667.0,170667.0,169667.0,168000.0,166333.0,168000.0,165000.0,165000.0,163333.0,166483.0,167817.0,172483.0,176000.0,178667.0,177667.0,176000.0,174667.0,173833.0,172133.0,169467.0,167827.0,169527.0,174527.0,181667.0,186667.0,192083.0,193750.0,193750.0,193333.0,194167.0,193583.0,191250.0,187750.0,193333.0,200667.0,211667.0,218333.0,223583.0,223583.0,221917.0,216667.0,214983.0,211650.0,210983.0,209333.0,214333.0,223708.0,233708.0,240375.0,243333.0,243333.0,241667.0,237667.0,235817.0,231983.0,229317.0,227800.0,229967.0,236633.0,245000.0,253000.0,258000.0,256667.0,254167.0,250833.0,248833.0,247333.0,244000.0,241167.0,243833.0,248167.0,260000.0,267167.0,272833.0,272167.0,267583.0,262583.0,257583.0,255000.0,252250.0,253917.0,253917.0,261600.0,266600.0,273267.0,274333.0,274333.0,275667.0,276333.0,274667.0,269667.0,266333.0,266300.0,269967.0,272400.0,279100.0
20,38,Idaho,state,,174400.0,175067.0,176983.0,176933.0,175933.0,173600.0,171483.0,167450.0,161783.0,158633.0,157567.0,157567.0,156233.0,154154.0,155154.0,154821.0,156300.0,153300.0,150633.0,146824.0,144574.0,143907.0,142417.0,141300.0,140300.0,141633.0,142650.0,141983.0,141817.0,140333.0,137967.0,133800.0,130300.0,127333.0,125000.0,122000.0,121333.0,121900.0,124900.0,126567.0,127967.0,127633.0,126133.0,124650.0,122650.0,121483.0,120500.0,121800.0,125467.0,130300.0,136967.0,140467.0,142800.0,140500.0,139333.0,139650.0,140250.0,141217.0,139067.0,141133.0,144833.0,150333.0,156667.0,160900.0,163133.0,161300.0,160033.0,159800.0,159890.0,156673.0,154673.0,153500.0,156583.0,160250.0,164317.0,166817.0,167817.0,165333.0,163950.0,162617.0,162617.0,161667.0,161167.0,164057.0,167390.0,172223.0,175667.0,179867.0,180833.0,179609.0,178743.0,177909.0,177467.0,175800.0,175825.0,177492.0,180825.0,184660.0,190327.0,194160.0,196833.0,197133.0,198267.0,196267.0,194250.0,191950.0,192283.0,193668.0,197335.0,203335.0,210333.0,215333.0,219667.0,220667.0,219667.0,217833.0,216167.0,217467.0,219967.0,228699.0,233176.0,239509.0,242444.0,248000.0,251633.0,249933.0,248267.0,243556.0,241889.0,241622.0,244367.0,247400.0,252750.0,258083.0,267417.0,272333.0,275257.0,274590.0,273303.0,273713.0,272046.0,273419.0,275752.0,280752.0,285883.0,288217.0,293217.0,304140.0,317807.0,329858.0,335051.0,340051.0,342000.0,345667.0,350667.0,368000.0,386333.0,405333.0,417333.0,425000.0,428179.0,425513.0,425846.0,425333.0,426333.0,427200.0,434248.0,447072.0,461539.0,473491.0,474283.0,465917.0,450250.0,437967.0,428000.0,418000.0,408000.0,401333.0,399633.0,404967.0,413300.0,429833.0,439833.0,449833.0,448333.0,448000.0,444667.0,441333.0,432250.0,421498.0,418165.0,426082.0,438500.0,450667.0,460500.0,467133.0,464967.0,461600.0,452967.0,449633.0,444526.0,445993.0,444659.0,448133.0,449583.0,459250.0,465917.0,473317.0,473317.0,470650.0,467333.0,464000.0,458233.0,455650.0,451983.0,452417.0,453556.0,466639.0
61,39,West Virginia,state,,100333.0,107167.0,113167.0,114333.0,112417.0,107958.0,102958.0,97875.0,94000.0,93333.0,95867.0,97867.0,101867.0,104167.0,109500.0,112500.0,112483.0,109983.0,106550.0,106650.0,104150.0,103417.0,97167.0,95500.0,96000.0,102333.0,106983.0,105950.0,101283.0,98300.0,98000.0,98500.0,100167.0,102958.0,99458.0,96092.0,95300.0,101133.0,105167.0,105167.0,106500.0,105333.0,103667.0,102833.0,104333.0,102667.0,99667.0,99500.0,104467.0,108658.0,110492.0,112192.0,112667.0,111667.0,110000.0,109667.0,108917.0,106667.0,105333.0,106083.0,110000.0,113667.0,118167.0,122167.0,124500.0,124500.0,118583.0,114250.0,110417.0,108000.0,104333.0,100333.0,104833.0,111583.0,118917.0,122083.0,123500.0,121500.0,116667.0,112167.0,112000.0,111833.0,115167.0,119545.0,126879.0,131045.0,134733.0,136650.0,136317.0,134083.0,129583.0,129750.0,126417.0,126667.0,122667.0,125000.0,126667.0,130333.0,135333.0,138667.0,139950.0,134950.0,132283.0,130667.0,130667.0,128333.0,126667.0,125117.0,128117.0,131450.0,136300.0,139800.0,139633.0,139167.0,134333.0,133500.0,132667.0,133022.0,131438.0,130105.0,131833.0,135583.0,138250.0,140500.0,139167.0,135833.0,133167.0,131633.0,131633.0,127800.0,128500.0,130167.0,135667.0,140667.0,145667.0,149667.0,150633.0,149633.0,147300.0,145000.0,144000.0,142333.0,140667.0,142667.0,147667.0,152500.0,153500.0,154167.0,157000.0,159333.0,159667.0,160333.0,160333.0,159333.0,155000.0,154333.0,156000.0,162667.0,168150.0,173733.0,174133.0,175883.0,175050.0,176317.0,173083.0,170667.0,165667.0,166000.0,169180.0,178680.0,181680.0,182833.0,181667.0,183167.0,181500.0,176467.0,166800.0,161800.0,157000.0,160167.0,165167.0,173000.0,182150.0,184483.0,186817.0,183567.0,179567.0,177383.0,176317.0,176317.0,176467.0,176633.0,184967.0,193000.0,201283.0,203283.0,201283.0,197300.0,196300.0,198300.0,199000.0,196870.0,193870.0,195537.0,201667.0,209167.0,217500.0,219167.0,220000.0,211667.0,207500.0,204833.0,207450.0,202950.0,200617.0,203000.0,215000.0,220000.0
18,40,Hawaii,state,,388067.0,383233.0,383233.0,400000.0,407500.0,397500.0,388333.0,376233.0,378400.0,369233.0,361333.0,369167.0,370833.0,381667.0,378333.0,381167.0,374500.0,367833.0,371000.0,376000.0,382667.0,375000.0,370000.0,371667.0,374167.0,378167.0,374833.0,384000.0,381333.0,380500.0,368833.0,375833.0,376667.0,371667.0,366833.0,360167.0,368000.0,366150.0,357817.0,349950.0,341633.0,350633.0,355833.0,370417.0,370083.0,363250.0,358667.0,361667.0,373333.0,373333.0,376517.0,378017.0,379684.0,389067.0,394233.0,404233.0,403333.0,409542.0,406208.0,410042.0,410794.0,414271.0,420438.0,413478.0,426667.0,423333.0,418667.0,403667.0,398500.0,416500.0,416500.0,426667.0,423333.0,435000.0,440000.0,439500.0,439833.0,441500.0,438510.0,439843.0,436510.0,446667.0,444667.0,447500.0,447500.0,453997.0,448163.0,448163.0,453667.0,466146.0,467813.0,464479.0,463333.0,462083.0,486750.0,492134.0,508384.0,486050.0,497333.0,496833.0,504667.0,495583.0,501083.0,497417.0,498333.0,495000.0,498500.0,497333.0,499000.0,500667.0,515333.0,520000.0,526667.0,524917.0,526917.0,531917.0,531333.0,529835.0,525002.0,531668.0,530167.0,536667.0,540333.0,548833.0,550500.0,542000.0,529833.0,531167.0,527700.0,541033.0,536367.0,545000.0,538333.0,548167.0,551500.0,566917.0,562083.0,564203.0,555453.0,551369.0,553083.0,558083.0,574667.0,578833.0,584968.0,580801.0,579468.0,575000.0,583333.0,597863.0,602863.0,602529.0,603591.0,616924.0,624591.0,620250.0,625250.0,634583.0,646667.0,651667.0,661333.0,668000.0,666336.0,663336.0,663336.0,681667.0,686667.0,690000.0,695000.0,700000.0,706667.0,700000.0,692500.0,687500.0,692500.0,686667.0,685000.0,670000.0,666667.0,671667.0,672219.0,683886.0,681553.0,684333.0,686167.0,693167.0,693665.0,684923.0,681256.0,692631.0,704206.0,719039.0,733167.0,730167.0,741000.0,730000.0,741801.0,724135.0,715801.0,719333.0,720000.0,736667.0,732946.0,737477.0,731763.0,731817.0,729286.0,720394.0,723728.0,722061.0,732056.0,707056.0,685389.0,681667.0,720000.0,755833.0,749167.0,739584.0
39,41,New Hampshire,state,,213067.0,215833.0,222167.0,225467.0,224667.0,220317.0,214867.0,208200.0,202883.0,194333.0,188917.0,182917.0,184500.0,184917.0,192917.0,197000.0,202000.0,198333.0,195000.0,192167.0,189833.0,188167.0,185200.0,184200.0,185867.0,188333.0,195833.0,197600.0,201017.0,195833.0,192817.0,188467.0,186783.0,185667.0,179767.0,174133.0,172833.0,178583.0,185250.0,191000.0,190417.0,189150.0,181733.0,178400.0,173000.0,173333.0,170000.0,169333.0,167667.0,174750.0,182750.0,189417.0,189000.0,185000.0,184083.0,182083.0,180417.0,174633.0,174633.0,174633.0,179333.0,184000.0,195633.0,204283.0,206617.0,201650.0,195000.0,191667.0,189000.0,186517.0,183183.0,183224.0,184541.0,193707.0,204000.0,212500.0,215000.0,207833.0,203833.0,199417.0,198083.0,196389.0,194139.0,198294.0,201633.0,208811.0,218000.0,226022.0,226344.0,221167.0,215333.0,209500.0,206167.0,204667.0,204333.0,203667.0,208667.0,216667.0,225817.0,229350.0,233350.0,231844.0,229311.0,224311.0,223300.0,221633.0,221633.0,221667.0,225667.0,234000.0,243978.0,248733.0,247400.0,242400.0,239978.0,241311.0,241311.0,241611.0,235611.0,235633.0,241244.0,250089.0,259755.0,262022.0,264178.0,260644.0,256800.0,255800.0,249900.0,248878.0,242189.0,245289.0,248800.0,259822.0,272089.0,277267.0,279267.0,273667.0,271650.0,269650.0,269628.0,264978.0,261644.0,265989.0,280322.0,290294.0,295561.0,297650.0,304511.0,306922.0,310167.0,312333.0,313667.0,311667.0,306844.0,303511.0,312511.0,328333.0,346667.0,356667.0,361667.0,363333.0,359350.0,357683.0,354350.0,353156.0,349156.0,357489.0,370667.0,388756.0,403756.0,410756.0,413333.0,406667.0,401844.0,393511.0,388511.0,381667.0,378333.0,380000.0,388333.0,406667.0,426667.0,440000.0,443333.0,441667.0,438333.0,431656.0,423989.0,417989.0,416833.0,422167.0,434833.0,454333.0,470667.0,482333.0,484000.0,479906.0,471572.0,464906.0,460500.0,458833.0,452500.0,454667.0,457000.0,471667.0,485833.0,497333.0,507333.0,503811.0,502367.0,492783.0,487472.0,490083.0,483000.0,480444.0,477111.0,495444.0
28,42,Maine,state,,185133.0,183467.0,182283.0,186317.0,186150.0,184133.0,178467.0,175550.0,168250.0,162900.0,160483.0,159817.0,160650.0,159817.0,165483.0,166667.0,166633.0,163761.0,163761.0,164461.0,165417.0,165417.0,161417.0,161000.0,162000.0,166667.0,170083.0,170750.0,170917.0,168833.0,166667.0,166833.0,168833.0,167667.0,163233.0,158067.0,158650.0,163417.0,168583.0,174000.0,173000.0,167967.0,166050.0,167800.0,166167.0,162667.0,156417.0,158083.0,159533.0,167217.0,172550.0,174833.0,172983.0,170983.0,171083.0,171417.0,171250.0,165483.0,158317.0,158450.0,165467.0,175600.0,180050.0,180800.0,181483.0,178733.0,177567.0,175250.0,173583.0,172333.0,166500.0,164067.0,163217.0,167383.0,173817.0,179000.0,182333.0,180000.0,176417.0,173050.0,174550.0,170967.0,170667.0,167500.0,171667.0,175583.0,182250.0,185917.0,187967.0,187967.0,187967.0,184167.0,182500.0,178583.0,174950.0,174950.0,176867.0,187000.0,192000.0,197333.0,197833.0,197800.0,198133.0,196800.0,192333.0,190167.0,187667.0,187833.0,185667.0,190667.0,196667.0,204750.0,208083.0,209083.0,207667.0,207095.0,207845.0,206512.0,203733.0,204317.0,205650.0,212333.0,216667.0,224667.0,224667.0,222667.0,218917.0,218250.0,218583.0,213333.0,210667.0,210000.0,212667.0,219333.0,226000.0,232667.0,233567.0,230900.0,230900.0,229667.0,231650.0,230650.0,225983.0,224000.0,225000.0,230000.0,235000.0,241667.0,253333.0,259167.0,265817.0,262650.0,263483.0,256500.0,251333.0,248667.0,256333.0,276333.0,293667.0,306333.0,306333.0,306633.0,301967.0,300300.0,294667.0,289333.0,282950.0,285283.0,301617.0,320000.0,336667.0,338667.0,336667.0,327000.0,323667.0,318917.0,320250.0,316567.0,319650.0,321317.0,335833.0,349167.0,364167.0,365000.0,365000.0,361667.0,366500.0,363167.0,354817.0,349817.0,344817.0,353167.0,357000.0,375333.0,387000.0,394167.0,395833.0,395833.0,393317.0,386983.0,383650.0,378667.0,379000.0,372667.0,381000.0,395333.0,409824.0,413324.0,408324.0,403500.0,406833.0,403500.0,395500.0,381167.0,367833.0,360833.0,368333.0,388300.0
50,43,Rhode Island,state,,233333.0,235917.0,239233.0,237567.0,231483.0,220500.0,212167.0,203500.0,194500.0,184500.0,177633.0,176217.0,177883.0,179583.0,187667.0,194333.0,201667.0,201667.0,198333.0,194000.0,190333.0,186667.0,184833.0,182833.0,187833.0,191667.0,198833.0,205833.0,208133.0,207467.0,202467.0,199167.0,197000.0,195333.0,192667.0,189000.0,181000.0,182667.0,185000.0,196333.0,196667.0,197333.0,186833.0,182500.0,175167.0,173983.0,168983.0,168317.0,167667.0,173250.0,179917.0,187750.0,193833.0,190583.0,189917.0,184917.0,184817.0,178317.0,177483.0,177083.0,178733.0,184900.0,198817.0,208833.0,213783.0,207783.0,203450.0,195417.0,191250.0,191417.0,187500.0,187317.0,187150.0,193817.0,205250.0,210917.0,211867.0,203950.0,205950.0,205000.0,203333.0,200000.0,194000.0,193333.0,190000.0,202500.0,214833.0,225133.0,226967.0,221967.0,218667.0,215333.0,214500.0,210833.0,207500.0,209650.0,216317.0,222983.0,229000.0,235000.0,236720.0,232720.0,227053.0,228667.0,228667.0,225083.0,220083.0,218417.0,224167.0,229167.0,239942.0,246108.0,251108.0,249333.0,245666.0,244833.0,243833.0,243500.0,239667.0,241667.0,245333.0,253583.0,259917.0,263250.0,262667.0,258333.0,255167.0,253833.0,250167.0,245667.0,240500.0,242833.0,250467.0,263933.0,273233.0,280517.0,278883.0,280250.0,276300.0,277933.0,273117.0,274817.0,268183.0,271667.0,275333.0,281983.0,285317.0,289983.0,301333.0,311333.0,314667.0,310333.0,304167.0,302833.0,300833.0,303667.0,310000.0,323833.0,339167.0,348833.0,356667.0,356333.0,355000.0,350667.0,349000.0,344000.0,343000.0,345167.0,356833.0,369000.0,380500.0,383833.0,382000.0,380000.0,375000.0,375183.0,366850.0,363517.0,353667.0,355333.0,364617.0,382583.0,397583.0,409967.0,413333.0,413333.0,406667.0,401667.0,398333.0,398000.0,399667.0,406667.0,415333.0,425333.0,440209.0,448543.0,455543.0,448633.0,443800.0,439300.0,439333.0,435833.0,435000.0,430000.0,436667.0,445833.0,459483.0,469483.0,474317.0,475667.0,466933.0,459600.0,451267.0,460000.0,451667.0,460000.0,463333.0,478333.0
35,44,Montana,state,,202667.0,202300.0,204133.0,208467.0,211833.0,205130.0,196130.0,189446.0,188146.0,183980.0,183842.0,185245.0,186662.0,184800.0,186567.0,188650.0,190333.0,185667.0,185917.0,182800.0,183133.0,183883.0,183489.0,183406.0,179747.0,180732.0,182649.0,187474.0,190000.0,188833.0,189417.0,188481.0,188314.0,183898.0,176750.0,171917.0,169917.0,174000.0,177333.0,177583.0,176917.0,176658.0,176375.0,176358.0,176917.0,174392.0,171075.0,169108.0,173333.0,178958.0,181692.0,184358.0,187733.0,190000.0,189000.0,188333.0,183667.0,180333.0,176817.0,181483.0,186483.0,191667.0,197483.0,204250.0,207250.0,204766.0,199000.0,196000.0,194333.0,194000.0,190667.0,189667.0,190667.0,197000.0,203000.0,210983.0,214650.0,214650.0,210000.0,208000.0,204667.0,203000.0,201667.0,206417.0,211417.0,218083.0,222167.0,223833.0,222167.0,221000.0,221000.0,220833.0,217333.0,216667.0,213500.0,215000.0,216333.0,222333.0,228417.0,232583.0,232733.0,232650.0,231150.0,230000.0,226667.0,229000.0,232333.0,236667.0,235667.0,237000.0,240000.0,246683.0,250766.0,250099.0,248417.0,245333.0,244500.0,243167.0,246067.0,247567.0,250067.0,255467.0,261467.0,265217.0,266828.0,265161.0,263911.0,258333.0,259500.0,256167.0,254467.0,255543.0,261837.0,271689.0,279447.0,287986.0,289833.0,289833.0,286667.0,284983.0,281633.0,279300.0,277483.0,277317.0,280650.0,284150.0,290990.0,303157.0,316490.0,329500.0,336167.0,341167.0,339833.0,337332.0,332982.0,340732.0,355033.0,374383.0,387300.0,391250.0,396435.0,402435.0,406851.0,406667.0,401833.0,401833.0,408500.0,417333.0,439000.0,453833.0,468167.0,459833.0,454333.0,440000.0,433333.0,415417.0,404975.0,403741.0,410241.0,416683.0,418125.0,426875.0,446542.0,460583.0,468083.0,464417.0,463800.0,450967.0,444133.0,430500.0,434167.0,435667.0,450667.0,460667.0,470750.0,467417.0,470750.0,470000.0,473000.0,467667.0,461750.0,456737.0,462070.0,467987.0,473333.0,475000.0,478333.0,484667.0,483000.0,484667.0,481667.0,477833.0,460967.0,455450.0,460032.0,470232.0,478090.0,480675.0
13,45,Delaware,state,,215967.0,220967.0,224967.0,226333.0,226300.0,219633.0,218633.0,212000.0,206633.0,199967.0,196967.0,199000.0,202000.0,206667.0,210417.0,213750.0,214750.0,211267.0,206267.0,200267.0,198667.0,198667.0,201333.0,200500.0,202167.0,204500.0,205000.0,209967.0,208933.0,208917.0,203950.0,201650.0,201667.0,199333.0,190667.0,184000.0,180150.0,184650.0,189650.0,192833.0,194500.0,194833.0,189000.0,184817.0,179483.0,176650.0,170667.0,167167.0,168833.0,175833.0,186000.0,189333.0,187367.0,180700.0,181533.0,182500.0,180238.0,179529.0,175363.0,175958.0,172500.0,179967.0,191633.0,201967.0,204667.0,200792.0,197125.0,192792.0,190667.0,185667.0,182750.0,180417.0,183750.0,190833.0,198333.0,201667.0,200833.0,201667.0,201667.0,198333.0,190000.0,183300.0,181217.0,186883.0,193583.0,200333.0,206083.0,209883.0,213967.0,210871.0,208404.0,207988.0,202000.0,199875.0,194875.0,200875.0,208333.0,214817.0,220004.0,221454.0,222804.0,219283.0,218833.0,216000.0,216500.0,211500.0,209950.0,211000.0,215000.0,221550.0,224167.0,227667.0,230167.0,229333.0,227500.0,224000.0,221333.0,221333.0,219167.0,221650.0,220650.0,227117.0,232267.0,233267.0,232633.0,229300.0,232600.0,231567.0,229267.0,225117.0,223300.0,223950.0,224800.0,228317.0,234967.0,241633.0,248300.0,247783.0,249117.0,244783.0,242000.0,235633.0,233300.0,235967.0,241167.0,243500.0,250833.0,259520.0,271187.0,276187.0,278817.0,282067.0,280400.0,273917.0,265000.0,262790.0,267790.0,276123.0,287333.0,297333.0,302333.0,298333.0,296667.0,296667.0,296667.0,295000.0,293083.0,293083.0,303083.0,313333.0,326667.0,327667.0,329333.0,326333.0,323667.0,318667.0,312233.0,305533.0,300533.0,305300.0,313667.0,325333.0,333333.0,341000.0,341000.0,342333.0,334667.0,336333.0,327333.0,329000.0,329000.0,336667.0,345500.0,351167.0,354500.0,349667.0,350667.0,355667.0,361483.0,359817.0,354817.0,351667.0,348333.0,350000.0,355000.0,365000.0,371667.0,380000.0,375333.0,375250.0,373367.0,373033.0,369783.0,361667.0,361667.0,365000.0,368333.0,378300.0
52,46,South Dakota,state,,116833.0,119167.0,124417.0,129917.0,129000.0,127500.0,123250.0,118833.0,115750.0,110667.0,112955.0,111122.0,114455.0,117845.0,124845.0,130179.0,131650.0,128983.0,128018.0,124868.0,124034.0,125000.0,129667.0,134333.0,134167.0,134067.0,133400.0,136233.0,139333.0,139167.0,137667.0,133667.0,132483.0,130617.0,127950.0,128717.0,132417.0,136417.0,136667.0,138400.0,139467.0,141467.0,138383.0,132900.0,129233.0,128417.0,128983.0,130650.0,132650.0,138333.0,142133.0,144300.0,146800.0,144667.0,143000.0,140000.0,138500.0,139167.0,138167.0,140633.0,142300.0,148867.0,151642.0,154058.0,153158.0,152500.0,150833.0,147000.0,143900.0,140817.0,140983.0,143500.0,146833.0,151167.0,156667.0,157667.0,160150.0,154983.0,155550.0,153700.0,155017.0,158783.0,160733.0,165667.0,163083.0,165833.0,166458.0,171042.0,169708.0,168300.0,167600.0,166200.0,163567.0,162600.0,164167.0,167833.0,169417.0,172250.0,176583.0,179583.0,181250.0,180583.0,178667.0,175333.0,172333.0,172300.0,170800.0,174300.0,177667.0,183833.0,185667.0,186217.0,185950.0,186617.0,184383.0,182400.0,179233.0,180733.0,182983.0,187233.0,189083.0,192500.0,197383.0,202300.0,200217.0,195417.0,188833.0,188800.0,187717.0,192217.0,190667.0,194583.0,195650.0,202233.0,205533.0,209133.0,209133.0,205333.0,202867.0,204367.0,206950.0,206917.0,201400.0,202617.0,205950.0,214200.0,219233.0,222567.0,225000.0,226817.0,228817.0,229150.0,227333.0,222926.0,220409.0,218742.0,226150.0,236633.0,252650.0,260150.0,264183.0,261500.0,258000.0,254000.0,250667.0,255000.0,256667.0,260000.0,263650.0,273650.0,286983.0,291667.0,291833.0,285167.0,285167.0,283333.0,281000.0,270983.0,270733.0,273067.0,283500.0,290050.0,300050.0,302967.0,303333.0,295000.0,291333.0,288000.0,286000.0,289667.0,290083.0,295650.0,294650.0,302567.0,309833.0,314833.0,313167.0,307667.0,307333.0,304000.0,300333.0,296650.0,296650.0,301650.0,303333.0,308333.0,314983.0,321483.0,326483.0,321500.0,318333.0,313333.0,312650.0,307650.0,302650.0,303333.0,313483.0,325150.0
37,47,North Dakota,state,,130583.0,130217.0,131883.0,131183.0,131883.0,131267.0,131283.0,130783.0,130150.0,128467.0,132199.0,132166.0,137018.0,136866.0,141066.0,141247.0,139969.0,139435.0,136068.0,133166.0,132867.0,135567.0,139233.0,136951.0,137618.0,138384.0,142000.0,144167.0,144133.0,143433.0,142083.0,142783.0,141817.0,144917.0,143583.0,144917.0,141000.0,143333.0,145109.0,148609.0,148583.0,148807.0,146974.0,148667.0,148333.0,150983.0,150317.0,148783.0,147034.0,149034.0,155400.0,159900.0,161900.0,163400.0,166338.0,168971.0,169332.0,165961.0,166661.0,168967.0,172300.0,170133.0,170133.0,171984.0,174503.0,174503.0,174602.0,175250.0,176450.0,179500.0,181187.0,185320.0,180687.0,185500.0,185117.0,191639.0,192410.0,192426.0,190671.0,190733.0,189602.0,191136.0,189719.0,196657.0,201357.0,206200.0,207093.0,207926.0,205833.0,204167.0,199900.0,197900.0,196233.0,198000.0,197333.0,199333.0,199667.0,205567.0,207567.0,208268.0,206931.0,207915.0,210047.0,210067.0,206750.0,207250.0,205172.0,201572.0,198222.0,203050.0,208300.0,211683.0,211683.0,211700.0,213333.0,210583.0,205832.0,201749.0,197832.0,202583.0,205817.0,214150.0,217483.0,218300.0,216600.0,211900.0,207933.0,204633.0,202167.0,206167.0,207733.0,214800.0,213133.0,215233.0,215300.0,221967.0,223267.0,223300.0,219933.0,216633.0,213492.0,208858.0,210192.0,210333.0,214167.0,216167.0,222467.0,226117.0,229283.0,229317.0,231467.0,232467.0,230133.0,227167.0,222292.0,221292.0,225325.0,232700.0,239700.0,242750.0,246050.0,247350.0,245500.0,240500.0,237700.0,235467.0,232833.0,233967.0,241967.0,250200.0,257567.0,256233.0,255667.0,254333.0,253333.0,248333.0,240833.0,231833.0,233500.0,234333.0,244000.0,249667.0,260333.0,262700.0,263367.0,261667.0,257967.0,254967.0,250000.0,248333.0,248000.0,254633.0,264757.0,273423.0,278457.0,283500.0,289000.0,289000.0,287167.0,285000.0,281071.0,279221.0,279221.0,278133.0,281650.0,284650.0,293667.0,293667.0,302333.0,298333.0,300000.0,288667.0,287133.0,282800.0,284133.0,290667.0,297333.0,303242.0
3,48,Alaska,state,,239344.0,242042.0,247585.0,251977.0,255289.0,248273.0,239991.0,234896.0,232685.0,230267.0,225300.0,229133.0,228833.0,231373.0,230982.0,235137.0,237785.0,237676.0,231631.0,223109.0,221109.0,222950.0,222273.0,218940.0,217323.0,225667.0,232633.0,237633.0,235367.0,233067.0,234108.0,234375.0,231708.0,226333.0,224000.0,219667.0,218667.0,216792.0,226125.0,227775.0,228983.0,223983.0,220550.0,219567.0,217498.0,211700.0,208317.0,204386.0,211267.0,216300.0,225633.0,230133.0,231050.0,227717.0,221021.0,216271.0,212571.0,207467.0,202283.0,198317.0,204483.0,211540.0,220874.0,224707.0,226667.0,223378.0,219211.0,212044.0,212000.0,207833.0,206667.0,203300.0,206633.0,211633.0,216833.0,224333.0,228750.0,227337.0,223171.0,220421.0,221667.0,222833.0,222833.0,224583.0,224583.0,229250.0,234167.0,241333.0,249167.0,254967.0,259967.0,257713.0,256913.0,254473.0,257771.0,258328.0,264084.0,266207.0,273011.0,273203.0,274537.0,270489.0,271314.0,274281.0,272633.0,267369.0,263069.0,263069.0,266303.0,268970.0,273303.0,274000.0,271667.0,271313.0,274980.0,275516.0,271536.0,266390.0,264854.0,264854.0,272267.0,275933.0,280114.0,281180.0,281694.0,281847.0,272847.0,271667.0,268733.0,267733.0,263400.0,262000.0,267333.0,277000.0,288667.0,291127.0,291127.0,288427.0,285783.0,279436.0,273886.0,273636.0,276317.0,280067.0,286900.0,288400.0,291700.0,298300.0,303467.0,303667.0,300333.0,300667.0,306667.0,300000.0,293333.0,287333.0,297333.0,311733.0,326067.0,332733.0,332667.0,326500.0,323167.0,323783.0,321617.0,316450.0,313583.0,315833.0,328596.0,344846.0,357596.0,358983.0,353983.0,345983.0,343667.0,338333.0,331333.0,333000.0,338000.0,342500.0,342500.0,352000.0,370250.0,381917.0,376500.0,370417.0,357083.0,355500.0,354690.0,352690.0,350523.0,349667.0,356667.0,373000.0,384667.0,393000.0,393500.0,392167.0,390500.0,387000.0,381667.0,380000.0,375000.0,380000.0,381000.0,392667.0,396250.0,411583.0,409917.0,411333.0,396650.0,394983.0,393317.0,400000.0,401667.0,401667.0,403344.0,413344.0
12,49,District of Columbia,state,,379967.0,394967.0,405667.0,410750.0,401293.0,381593.0,368343.0,355800.0,351500.0,344667.0,347250.0,353917.0,362550.0,369633.0,379633.0,377667.0,369167.0,350833.0,347733.0,346900.0,356900.0,349583.0,337917.0,324583.0,339667.0,361667.0,377671.0,384671.0,389254.0,383250.0,383250.0,384983.0,393183.0,383183.0,359867.0,355000.0,356667.0,379967.0,399967.0,413300.0,407500.0,390800.0,375967.0,374800.0,382167.0,376000.0,373667.0,366333.0,386654.0,407488.0,425738.0,431417.0,427250.0,423667.0,417000.0,422833.0,422833.0,427833.0,418500.0,425742.0,432408.0,455242.0,474661.0,487994.0,477661.0,458000.0,446300.0,456485.0,460485.0,452185.0,442250.0,444583.0,467917.0,490583.0,509458.0,516125.0,500875.0,478000.0,472500.0,478500.0,492333.0,481167.0,470658.0,470325.0,485992.0,511833.0,532167.0,534833.0,522003.0,501170.0,487837.0,497237.0,493404.0,486737.0,479000.0,477500.0,495833.0,511500.0,538133.0,556433.0,558683.0,541717.0,526733.0,521317.0,538133.0,537317.0,523983.0,520833.0,518417.0,541417.0,554500.0,570083.0,552083.0,520333.0,509333.0,504333.0,514683.0,498017.0,500183.0,508500.0,538167.0,559300.0,575967.0,569933.0,554967.0,524633.0,529667.0,536333.0,553333.0,531167.0,536133.0,532800.0,553300.0,558333.0,572500.0,585583.0,575583.0,576750.0,565333.0,583633.0,584967.0,564967.0,556667.0,558333.0,600037.0,623370.0,631704.0,630667.0,629000.0,633667.0,643917.0,652250.0,650917.0,631667.0,618958.0,617292.0,635625.0,658000.0,682667.0,682667.0,666767.0,633767.0,648767.0,666667.0,688333.0,671667.0,654667.0,649667.0,666000.0,669667.0,695333.0,675667.0,672250.0,626417.0,629750.0,619833.0,631917.0,591917.0,591083.0,582500.0,622500.0,640541.0,647208.0,620208.0,596333.0,587333.0,614333.0,621000.0,623330.0,603330.0,579997.0,591667.0,626667.0,681667.0,695000.0,688150.0,656983.0,628483.0,620333.0,646500.0,650000.0,608333.0,578333.0,593333.0,660000.0,678333.0,692000.0,675333.0,665333.0,665000.0,651667.0,656667.0,661667.0,655000.0,631333.0,624000.0,631667.0,673000.0
58,50,Vermont,state,,198067.0,198667.0,206333.0,206167.0,207333.0,194817.0,191150.0,185800.0,182317.0,176317.0,168333.0,166833.0,172500.0,181417.0,184917.0,183750.0,186167.0,187167.0,184333.0,182667.0,182656.0,185156.0,176822.0,175833.0,178333.0,187917.0,194250.0,197583.0,203000.0,200667.0,195667.0,189000.0,189167.0,189083.0,186417.0,183917.0,184000.0,189167.0,192333.0,197333.0,196333.0,198583.0,193417.0,192583.0,187167.0,180667.0,170500.0,170167.0,177800.0,188250.0,191917.0,194950.0,197417.0,198583.0,195000.0,191917.0,186083.0,183667.0,185000.0,188000.0,195000.0,195000.0,203333.0,206667.0,212333.0,206667.0,198333.0,187667.0,183333.0,179233.0,179233.0,180733.0,188333.0,196000.0,201167.0,203500.0,201167.0,196167.0,191333.0,193333.0,191667.0,188083.0,180750.0,183917.0,189833.0,200333.0,204167.0,205833.0,198667.0,194000.0,190667.0,188333.0,187333.0,189667.0,188667.0,187333.0,186667.0,192500.0,204167.0,209167.0,212667.0,205167.0,203500.0,201833.0,202500.0,202300.0,204633.0,206467.0,206000.0,211000.0,216667.0,224343.0,221760.0,217093.0,216750.0,216167.0,217000.0,209167.0,207500.0,210834.0,221000.0,225833.0,228083.0,229083.0,227417.0,226667.0,224967.0,229227.0,228227.0,221827.0,215067.0,216067.0,217500.0,225167.0,227167.0,235500.0,235167.0,235300.0,231300.0,228133.0,226083.0,223063.0,214480.0,210897.0,217917.0,228167.0,238833.0,241983.0,253650.0,263150.0,269667.0,271333.0,269290.0,262290.0,251190.0,248233.0,256233.0,272000.0,282000.0,289000.0,294333.0,293033.0,295033.0,293367.0,298000.0,292177.0,285510.0,281177.0,304000.0,324667.0,344000.0,339333.0,334333.0,329333.0,328000.0,334000.0,327333.0,318333.0,303333.0,302000.0,313667.0,330706.0,345811.0,353083.0,362711.0,362272.0,358333.0,350000.0,343000.0,338000.0,324667.0,321667.0,332333.0,351667.0,362000.0,373000.0,377000.0,381667.0,373333.0,374650.0,364650.0,359650.0,348333.0,358333.0,375000.0,391333.0,400750.0,392917.0,394917.0,388833.0,390000.0,380667.0,382000.0,371333.0,368000.0,365000.0,374000.0,385000.0
62,51,Wyoming,state,,182892.0,186226.0,184993.0,185667.0,185667.0,184650.0,181617.0,178267.0,174933.0,174967.0,174817.0,178896.0,180479.0,184979.0,184512.0,185077.0,183243.0,180481.0,178167.0,175667.0,175000.0,173500.0,173500.0,173002.0,175587.0,175587.0,178592.0,180340.0,183590.0,178833.0,177833.0,172917.0,173000.0,169100.0,168125.0,165560.0,165460.0,164602.0,169167.0,168250.0,173233.0,172233.0,175783.0,171967.0,170967.0,164000.0,163000.0,166333.0,173167.0,181500.0,183569.0,187569.0,184203.0,182467.0,183719.0,184669.0,184669.0,180250.0,179333.0,182333.0,185667.0,187833.0,190917.0,196376.0,196210.0,191793.0,185333.0,184502.0,186169.0,185516.0,184347.0,183681.0,186000.0,190076.0,192029.0,193776.0,199200.0,201248.0,202667.0,196500.0,194833.0,191512.0,194845.0,199812.0,204300.0,207891.0,208591.0,211757.0,208167.0,204167.0,200387.0,203054.0,202812.0,205758.0,200675.0,199250.0,195917.0,202895.0,209561.0,214561.0,215433.0,213666.0,212000.0,208191.0,203624.0,203624.0,201833.0,203167.0,201500.0,206667.0,213000.0,217237.0,218903.0,215903.0,213300.0,211133.0,211800.0,212500.0,211667.0,211800.0,211133.0,213790.0,217957.0,225290.0,228300.0,230833.0,226833.0,223500.0,221000.0,224317.0,223983.0,222983.0,219667.0,226000.0,231667.0,240583.0,241917.0,242583.0,237666.0,236666.0,233499.0,232800.0,233800.0,235633.0,240250.0,239833.0,240833.0,243083.0,248500.0,255500.0,258633.0,259967.0,257967.0,253262.0,250262.0,249262.0,255667.0,258667.0,268583.0,280233.0,288900.0,289167.0,289167.0,287333.0,284817.0,271500.0,269733.0,271400.0,285233.0,297800.0,308458.0,306292.0,303992.0,300000.0,305374.0,302171.0,297171.0,290130.0,295000.0,301650.0,303572.0,305239.0,316756.0,326500.0,327500.0,320983.0,319150.0,312483.0,312333.0,299374.0,300207.0,302041.0,315161.0,325327.0,330994.0,332667.0,339197.0,340197.0,342697.0,337500.0,333073.0,330407.0,330407.0,326500.0,328317.0,333317.0,343317.0,349667.0,351333.0,351333.0,358317.0,354317.0,352650.0,342574.0,343240.0,343657.0,347067.0,349124.0
