"internal_id","generated_internal_id","award_id","recipient_name","recipient_state","action_date","modification_number","federal_action_obligation"
260118306,"ASST_NON_CA2248L9T072300_086","CA2248L9T072300","COUNTY OF MARIN","CA","2025-01-16","2025-01-16250160040062",254830
260118313,"ASST_NON_CA2253L9T102300_086","CA2253L9T102300","COUNTY OF STANISLAUS","CA","2025-01-16","2025-01-16250160040066",220631
260118303,"ASST_NON_CA2246L9T062300_086","CA2246L9T062300","COALITION OF HOMELESS SERVICES PROVIDERS","CA","2025-01-22","2025-01-22250220039564",270977
260118273,"ASST_NON_CA2228L9T002300_086","CA2228L9T002300","COUNTY OF SANTA CLARA","CA","2025-01-27","2025-01-27250270034050",1500000
260118271,"ASST_NON_CA2227L9T002300_086","CA2227L9T002300","COUNTY OF SANTA CLARA","CA","2025-01-27","2025-01-27250270034046",1443876
260118274,"ASST_NON_CA2229D9T002300_086","CA2229D9T002300","COMMUNITY SOLUTIONS FOR CHILDREN, FAMILIES AND INDIVIDUALS","CA","2025-01-27","2025-01-27250270034042",203609
260118323,"ASST_NON_CA2260L9T142300_086","CA2260L9T142300","HOUSING AUTHORITY OF THE CITY OF FRESNO","CA","2025-01-31","2025-01-31250310130500",567902
260117526,"ASST_NON_CA2046D9D072302_086","CA2046D9D072302","CITY OF PASADENA","CA","2025-02-04","2025-02-04250350628545",228186
260118326,"ASST_NON_CA2263L9T172300_086","CA2263L9T172300","COUNTY OF NAPA","CA","2025-02-04","2025-02-04250350576314",50000
260081503,"ASST_NON_CA1415L9T172308_086","CA1415L9T172308","COUNTY OF NAPA","CA","2025-02-04","2025-02-04250350576310",71816
260117270,"ASST_NON_CA1989D9T062302_086","CA1989D9T062302","THE YWCA OF MONTEREY COUNTY","CA","2025-02-05","2025-02-05250360046954",335668
260118347,"ASST_NON_CA2281D9D002300_086","CA2281D9D002300","LOS ANGELES HOMELESS SERVICES AUTHORITY","CA","2025-02-25","2025-02-25250560040958",1407175
260118275,"ASST_NON_CA2229D9T002401_086","CA2229D9T002401","YWCA GOLDEN GATE SILICON VALLEY","CA","2025-03-11","2025-03-11250700092304",231372
260081011,"ASST_NON_CA1370L9D092410_086","CA1370L9D092410","INLAND VALLEY COUNCIL OF CHURCHES","CA","2025-03-11","2025-03-11250700097372",247843
260118124,"ASST_NON_CA2119D9T032402_086","CA2119D9T032402","SHELTER, INC.","CA","2025-03-11","2025-03-11250700092416",860368
260025314,"ASST_NON_CA0170L9T042417_086","CA0170L9T042417","SONOMA COUNTY COMMUNITY DEVELOPMENT COMMISSION","CA","2025-03-11","2025-03-11250700092960",721918
260068363,"ASST_NON_CA1034L9T062414_086","CA1034L9T062414","COMMUNITY HUMAN SERVICES","CA","2025-03-11","2025-03-11250700092616",133898
260116910,"ASST_NON_CA1809L9D112405_086","CA1809L9D112405","THE SALVATION ARMY","CA","2025-03-11","2025-03-11250700096880",180364
260118209,"ASST_NON_CA2169D9D012402_086","CA2169D9D012402","SAN DIEGO YOUTH SERVICES","CA","2025-03-11","2025-03-11250700097288",718125
260065260,"ASST_NON_CA0938L9D092415_086","CA0938L9D092415","LUTHERAN SOCIAL SERVICES OF SOUTHERN CALIFORNIA","CA","2025-03-11","2025-03-11250700097582",105613
260070664,"ASST_NON_CA1071L9T052412_086","CA1071L9T052412","COUNTY OF CONTRA COSTA","CA","2025-03-11","2025-03-11250700092588",501449
260117972,"ASST_NON_CA2087Y9T062402_086","CA2087Y9T062402","HOLLISTER YOUTH ALLIANCE","CA","2025-03-11","2025-03-11250700092988",292500
260066843,"ASST_NON_CA0965L9T102411_086","CA0965L9T102411","STANISLAUS COUNTY AFFORDABLE HOUSING CORP","CA","2025-03-11","2025-03-11250700092704",113179
260043669,"ASST_NON_CA0520L9D002417_086","CA0520L9D002417","UNITED STATES VETERANS INITIATIVE","CA","2025-03-11","2025-03-11250700097222",315987
260092989,"ASST_NON_CA1618L9D112408_086","CA1618L9D112408","COUNTY OF VENTURA","CA","2025-03-11","2025-03-11250700097132",538584
260068380,"ASST_NON_CA1037L9T102414_086","CA1037L9T102414","STANISLAUS COUNTY AFFORDABLE HOUSING CORP","CA","2025-03-11","2025-03-11250700092620",151607
260079780,"ASST_NON_CA1328L9T182410_086","CA1328L9T182410","CHANGE AND NEW BEGINNINGS","CA","2025-03-11","2025-03-11250700092442",257387
260095181,"ASST_NON_CA1692L9D012407_086","CA1692L9D012407","VIETNAM VETERANS OF SAN DIEGO","CA","2025-03-11","2025-03-11250700097076",235658
260021797,"ASST_NON_CA0091L9T022417_086","CA0091L9T022417","BONITA HOUSE, INC.","CA","2025-03-11","2025-03-11250700092872",47058
260118296,"ASST_NON_CA2241L9T032401_086","CA2241L9T032401","SHELTER, INC.","CA","2025-03-11","2025-03-11250700092328",4620699
260117297,"ASST_NON_CA2002L9T142403_086","CA2002L9T142403","POVERELLO HOUSE","CA","2025-03-11","2025-03-11250700092045",658500
260118329,"ASST_NON_CA2265D9T182401_086","CA2265D9T182401","SHELTER, INC.","CA","2025-03-11","2025-03-11250700092360",141843
260118132,"ASST_NON_CA2123D9T052402_086","CA2123D9T052402","SHELTER, INC.","CA","2025-03-11","2025-03-11250700092368",600839
260093296,"ASST_NON_CA1651L9T052407_086","CA1651L9T052407","COUNTY OF CONTRA COSTA","CA","2025-03-11","2025-03-11250700092079",2179230
260118170,"ASST_NON_CA2147D9T182402_086","CA2147D9T182402","SHELTER, INC.","CA","2025-03-11","2025-03-11250700092392",131807
260070651,"ASST_NON_CA1070L9T052413_086","CA1070L9T052413","COUNTY OF CONTRA COSTA","CA","2025-03-11","2025-03-11250700092584",187647
260081033,"ASST_NON_CA1372L9D112410_086","CA1372L9D112410","COUNTY OF VENTURA","CA","2025-03-11","2025-03-11250700097380",62214
260118317,"ASST_NON_CA2257L9T132401_086","CA2257L9T132401","KINGS COMMUNITY ACTION ORGANIZATION, INCORPORATED","CA","2025-03-11","2025-03-11250700092348",473059
260117780,"ASST_NON_CA2072Y9T062402_086","CA2072Y9T062402","COMMUNITY HUMAN SERVICES","CA","2025-03-11","2025-03-11250700093037",300362
260081709,"ASST_NON_CA1434L9D012409_086","CA1434L9D012409","VIETNAM VETERANS OF SAN DIEGO","CA","2025-03-11","2025-03-11250700097154",334096
260081337,"ASST_NON_CA1394L9T052409_086","CA1394L9T052409","COUNTY OF CONTRA COSTA","CA","2025-03-11","2025-03-11250700092169",1294483
260069595,"ASST_NON_CA1053L9D112414_086","CA1053L9D112414","COUNTY OF VENTURA","CA","2025-03-11","2025-03-11250700097542",519821
260092998,"ASST_NON_CA1619L9D112407_086","CA1619L9D112407","COUNTY OF VENTURA","CA","2025-03-11","2025-03-11250700097136",238460
260084646,"ASST_NON_CA1521L9D112409_086","CA1521L9D112409","COUNTY OF VENTURA","CA","2025-03-11","2025-03-11250700096980",429370
260084772,"ASST_NON_CA1547L9T052408_086","CA1547L9T052408","SHELTER, INC.","CA","2025-03-11","2025-03-11250700092115",1448616
260118292,"ASST_NON_CA2239D9T032401_086","CA2239D9T032401","SHELTER, INC.","CA","2025-03-11","2025-03-11250700092320",1474345
260077140,"ASST_NON_CA1240L9D112411_086","CA1240L9D112411","COUNTY OF VENTURA","CA","2025-03-11","2025-03-11250700097741",87182
260117252,"ASST_NON_CA1983L9T042403_086","CA1983L9T042403","THE SOCIETY OF ST VINCENT DE PAUL DISTRICT COUNCIL OF SONOMA COUNTY","CA","2025-03-11","2025-03-11250700092025",327166
260025475,"ASST_NON_CA0189L9T052416_086","CA0189L9T052416","COUNTY OF CONTRA COSTA","CA","2025-03-11","2025-03-11250700092223",319090
260118116,"ASST_NON_CA2115L9T012402_086","CA2115L9T012402","DEPARTMENT OF HOMELESSNESS & SUPPORTIVE HOUSING","CA","2025-03-11","2025-03-11250700092412",1126230
260118183,"ASST_NON_CA2156L9T252402_086","CA2156L9T252402","EL DORADO COUNTY GOVERNMENT","CA","2025-03-11","2025-03-11250700092400",24061
260074461,"ASST_NON_CA1185L9T142411_086","CA1185L9T142411","MARJAREE MASON CENTER, INC","CA","2025-03-11","2025-03-11250700092738",215545
260116692,"ASST_NON_CA1732D9T012406_086","CA1732D9T012406","DEPARTMENT OF HOMELESSNESS & SUPPORTIVE HOUSING","CA","2025-03-11","2025-03-11250700091799",939115
260116632,"ASST_NON_CA1719Y9T012406_086","CA1719Y9T012406","DEPARTMENT OF HOMELESSNESS & SUPPORTIVE HOUSING","CA","2025-03-11","2025-03-11250700093055",576603
260077176,"ASST_NON_CA1246L9T012416_086","CA1246L9T012416","DEPARTMENT OF HOMELESSNESS & SUPPORTIVE HOUSING","CA","2025-03-11","2025-03-11250700092268",16150375
260018377,"ASST_NON_CA0053L9T012416_086","CA0053L9T012416","DEPARTMENT OF HOMELESSNESS & SUPPORTIVE HOUSING","CA","2025-03-11","2025-03-11250700092826",620799
260083001,"ASST_NON_CA1463L9T012409_086","CA1463L9T012409","DEPARTMENT OF HOMELESSNESS & SUPPORTIVE HOUSING","CA","2025-03-11","2025-03-11250700091897",1061107
260116625,"ASST_NON_CA1718Y9T012406_086","CA1718Y9T012406","DEPARTMENT OF HOMELESSNESS & SUPPORTIVE HOUSING","CA","2025-03-11","2025-03-11250700093059",240750
260036349,"ASST_NON_CA0318L9T252416_086","CA0318L9T252416","EL DORADO COUNTY GOVERNMENT","CA","2025-03-11","2025-03-11250700092651",10504
260117512,"ASST_NON_CA2038D9D022403_086","CA2038D9D022403","HUMAN OPTIONS, INC","CA","2025-03-11","2025-03-11250700097024",2003427
260093268,"ASST_NON_CA1641L9T012407_086","CA1641L9T012407","DEPARTMENT OF HOMELESSNESS & SUPPORTIVE HOUSING","CA","2025-03-11","2025-03-11250700092075",295320
260018584,"ASST_NON_CA0060L9T012417_086","CA0060L9T012417","DEPARTMENT OF HOMELESSNESS & SUPPORTIVE HOUSING","CA","2025-03-11","2025-03-11250700092836",1057945
260081487,"ASST_NON_CA1410L9T142409_086","CA1410L9T142409","MARJAREE MASON CENTER, INC","CA","2025-03-11","2025-03-11250700092181",310532
260019675,"ASST_NON_CA0073L9T012417_086","CA0073L9T012417","DEPARTMENT OF HOMELESSNESS & SUPPORTIVE HOUSING","CA","2025-03-11","2025-03-11250700092848",1598972
260018401,"ASST_NON_CA0055L9T012417_086","CA0055L9T012417","DEPARTMENT OF HOMELESSNESS & SUPPORTIVE HOUSING","CA","2025-03-11","2025-03-11250700092830",272975
260117208,"ASST_NON_CA1968D9T012403_086","CA1968D9T012403","DEPARTMENT OF HOMELESSNESS & SUPPORTIVE HOUSING","CA","2025-03-11","2025-03-11250700092001",2438419
260018653,"ASST_NON_CA0066L9T012416_086","CA0066L9T012416","DEPARTMENT OF HOMELESSNESS & SUPPORTIVE HOUSING","CA","2025-03-11","2025-03-11250700092844",6188568
260083171,"ASST_NON_CA1471L9T042409_086","CA1471L9T042409","SONOMA, COUNTY OF","CA","2025-03-11","2025-03-11250700091913",585617
260084729,"ASST_NON_CA1537L9T012408_086","CA1537L9T012408","DEPARTMENT OF HOMELESSNESS & SUPPORTIVE HOUSING","CA","2025-03-11","2025-03-11250700092107",1067869
260116947,"ASST_NON_CA1826D9T012405_086","CA1826D9T012405","DEPARTMENT OF HOMELESSNESS & SUPPORTIVE HOUSING","CA","2025-03-11","2025-03-11250700091855",1348417
260067822,"ASST_NON_CA1025L9D012410_086","CA1025L9D012410","COMMUNITY HOUSINGWORKS","CA","2025-03-11","2025-03-11250700097703",90587
260084709,"ASST_NON_CA1533L9T012408_086","CA1533L9T012408","DEPARTMENT OF HOMELESSNESS & SUPPORTIVE HOUSING","CA","2025-03-11","2025-03-11250700092099",2407236
260055074,"ASST_NON_CA0709L9D012417_086","CA0709L9D012417","COMMUNITY HOUSINGWORKS","CA","2025-03-11","2025-03-11250700097623",106366
260116685,"ASST_NON_CA1731L9T012406_086","CA1731L9T012406","DEPARTMENT OF HOMELESSNESS & SUPPORTIVE HOUSING","CA","2025-03-11","2025-03-11250700091795",408850
260077155,"ASST_NON_CA1243L9T012410_086","CA1243L9T012410","DEPARTMENT OF HOMELESSNESS & SUPPORTIVE HOUSING","CA","2025-03-11","2025-03-11250700092264",2273315
260020872,"ASST_NON_CA0080L9T012417_086","CA0080L9T012417","DEPARTMENT OF HOMELESSNESS & SUPPORTIVE HOUSING","CA","2025-03-11","2025-03-11250700092852",2618624
260117213,"ASST_NON_CA1970Y9T012403_086","CA1970Y9T012403","DEPARTMENT OF HOMELESSNESS & SUPPORTIVE HOUSING","CA","2025-03-11","2025-03-11250700093097",463613
260063640,"ASST_NON_CA0888L9T012415_086","CA0888L9T012415","DEPARTMENT OF HOMELESSNESS & SUPPORTIVE HOUSING","CA","2025-03-11","2025-03-11250700092624",740123
260116787,"ASST_NON_CA1762D9T142406_086","CA1762D9T142406","MARJAREE MASON CENTER, INC","CA","2025-03-11","2025-03-11250700091815",410173
260016897,"ASST_NON_CA0045L9T012417_086","CA0045L9T012417","DEPARTMENT OF HOMELESSNESS & SUPPORTIVE HOUSING","CA","2025-03-11","2025-03-11250700092818",1545788
260042664,"ASST_NON_CA0485L9D002417_086","CA0485L9D002417","1736 FAMILY CRISIS CENTER","CA","2025-03-11","2025-03-11250700097440",554042
260060971,"ASST_NON_CA0821L9T012415_086","CA0821L9T012415","DEPARTMENT OF HOMELESSNESS & SUPPORTIVE HOUSING","CA","2025-03-11","2025-03-11250700092522",615060
260030929,"ASST_NON_CA0239L9T092417_086","CA0239L9T092417","COUNTY OF MENDOCINO SOCIAL SERVICES","CA","2025-03-11","2025-03-11250700092217",2212805
260118280,"ASST_NON_CA2232L9T012401_086","CA2232L9T012401","DEPARTMENT OF HOMELESSNESS & SUPPORTIVE HOUSING","CA","2025-03-11","2025-03-11250700092308",331776
260070081,"ASST_NON_CA1062L9T012413_086","CA1062L9T012413","DEPARTMENT OF HOMELESSNESS & SUPPORTIVE HOUSING","CA","2025-03-11","2025-03-11250700092576",762525
260015535,"ASST_NON_CA0033L9T012411_086","CA0033L9T012411","DEPARTMENT OF HOMELESSNESS & SUPPORTIVE HOUSING","CA","2025-03-11","2025-03-11250700092814",481107
260018432,"ASST_NON_CA0058L9T012417_086","CA0058L9T012417","DEPARTMENT OF HOMELESSNESS & SUPPORTIVE HOUSING","CA","2025-03-11","2025-03-11250700092513",3748805
260083161,"ASST_NON_CA1470L9T042409_086","CA1470L9T042409","SONOMA, COUNTY OF","CA","2025-03-11","2025-03-11250700091909",348561
260055010,"ASST_NON_CA0703L9D012417_086","CA0703L9D012417","COMMUNITY HOUSINGWORKS","CA","2025-03-11","2025-03-11250700097615",85852
260061003,"ASST_NON_CA0826L9T012410_086","CA0826L9T012410","DEPARTMENT OF HOMELESSNESS & SUPPORTIVE HOUSING","CA","2025-03-11","2025-03-11250700092530",996846
260070067,"ASST_NON_CA1061L9T012408_086","CA1061L9T012408","DEPARTMENT OF HOMELESSNESS & SUPPORTIVE HOUSING","CA","2025-03-11","2025-03-11250700092572",372967
260117011,"ASST_NON_CA1854L9T142405_086","CA1854L9T142405","MARJAREE MASON CENTER, INC","CA","2025-03-11","2025-03-11250700091883",409454
260093260,"ASST_NON_CA1640L9T012407_086","CA1640L9T012407","DEPARTMENT OF HOMELESSNESS & SUPPORTIVE HOUSING","CA","2025-03-11","2025-03-11250700092071",491328
260083310,"ASST_NON_CA1480L9T142409_086","CA1480L9T142409","MARJAREE MASON CENTER, INC","CA","2025-03-11","2025-03-11250700091925",373090
260118113,"ASST_NON_CA2114L9T012402_086","CA2114L9T012402","DEPARTMENT OF HOMELESSNESS & SUPPORTIVE HOUSING","CA","2025-03-11","2025-03-11250700092408",758242
260084719,"ASST_NON_CA1535L9T012408_086","CA1535L9T012408","DEPARTMENT OF HOMELESSNESS & SUPPORTIVE HOUSING","CA","2025-03-11","2025-03-11250700092103",36067
260022265,"ASST_NON_CA0101L9T022417_086","CA0101L9T022417","COUNTY OF ALAMEDA","CA","2025-03-11","2025-03-11250700092880",1701546
260042396,"ASST_NON_CA0462L9D002417_086","CA0462L9D002417","CITY OF POMONA","CA","2025-03-11","2025-03-11250700097757",2693449
260117845,"ASST_NON_CA2077Y9T022402_086","CA2077Y9T022402","COUNTY OF ALAMEDA","CA","2025-03-11","2025-03-11250700093023",583236
260079102,"ASST_NON_CA1298L9T022410_086","CA1298L9T022410","COUNTY OF ALAMEDA","CA","2025-03-11","2025-03-11250700092252",836211
260071900,"ASST_NON_CA1104L9D002408_086","CA1104L9D002408","LOS ANGELES COUNTY DEVELOPMENT AUTHORITY LACDA","CA","2025-03-11","2025-03-11250700097478",626133
260020911,"ASST_NON_CA0083L9T022417_086","CA0083L9T022417","COUNTY OF ALAMEDA","CA","2025-03-11","2025-03-11250700092856",550312
260054448,"ASST_NON_CA0693L9D012417_086","CA0693L9D012417","MENTAL HEALTH SYSTEMS, INC.","CA","2025-03-11","2025-03-11250700097607",485347
260079102,"ASST_NON_CA1298L9T022410_086","CA1298L9T022410","COUNTY OF ALAMEDA","CA","2025-03-11","2025-03-11250700092252",836211
260073584,"ASST_NON_CA1157L9D002413_086","CA1157L9D002413","LOS ANGELES COUNTY DEVELOPMENT AUTHORITY LACDA","CA","2025-03-11","2025-03-11250700097745",378215
260053697,"ASST_NON_CA0689L9D012411_086","CA0689L9D012411","MENTAL HEALTH SYSTEMS, INC.","CA","2025-03-11","2025-03-11250700097603",467810
260064421,"ASST_NON_CA0914L9D002415_086","CA0914L9D002415","LOS ANGELES COUNTY DEVELOPMENT AUTHORITY LACDA","CA","2025-03-11","2025-03-11250700097550",452452
260042396,"ASST_NON_CA0462L9D002417_086","CA0462L9D002417","CITY OF POMONA","CA","2025-03-11","2025-03-11250700097757",2693449
260117845,"ASST_NON_CA2077Y9T022402_086","CA2077Y9T022402","COUNTY OF ALAMEDA","CA","2025-03-11","2025-03-11250700093023",583236
260022282,"ASST_NON_CA0102L9T022417_086","CA0102L9T022417","COUNTY OF ALAMEDA","CA","2025-03-11","2025-03-11250700092884",358312
260084038,"ASST_NON_CA1504L9D002409_086","CA1504L9D002409","LOS ANGELES COUNTY DEVELOPMENT AUTHORITY LACDA","CA","2025-03-11","2025-03-11250700096948",2439154
260040718,"ASST_NON_CA0421L9D002417_086","CA0421L9D002417","LOS ANGELES COUNTY DEVELOPMENT AUTHORITY LACDA","CA","2025-03-11","2025-03-11250700097862",1497971
260022993,"ASST_NON_CA0119L9T022417_086","CA0119L9T022417","COUNTY OF ALAMEDA","CA","2025-03-11","2025-03-11250700092904",481009
260084028,"ASST_NON_CA1503L9D002409_086","CA1503L9D002409","LOS ANGELES COUNTY DEVELOPMENT AUTHORITY LACDA","CA","2025-03-11","2025-03-11250700096944",639608
260057694,"ASST_NON_CA0742L9D002417_086","CA0742L9D002417","LOS ANGELES COUNTY DEVELOPMENT AUTHORITY LACDA","CA","2025-03-11","2025-03-11250700097651",1346372
260117728,"ASST_NON_CA2068Y9T022401_086","CA2068Y9T022401","COUNTY OF ALAMEDA","CA","2025-03-11","2025-03-11250700093085",1803017
260020928,"ASST_NON_CA0084L9T022417_086","CA0084L9T022417","COUNTY OF ALAMEDA","CA","2025-03-11","2025-03-11250700092860",1608728
260020945,"ASST_NON_CA0085L9T022417_086","CA0085L9T022417","COUNTY OF ALAMEDA","CA","2025-03-11","2025-03-11250700092864",8439885
260023861,"ASST_NON_CA0125L9T022417_086","CA0125L9T022417","COUNTY OF ALAMEDA","CA","2025-03-11","2025-03-11250700092916",45784
260073597,"ASST_NON_CA1158L9D002413_086","CA1158L9D002413","LOS ANGELES COUNTY DEVELOPMENT AUTHORITY LACDA","CA","2025-03-11","2025-03-11250700097749",4160303
260085382,"ASST_NON_CA1597L9D002408_086","CA1597L9D002408","LOS ANGELES COUNTY DEVELOPMENT AUTHORITY LACDA","CA","2025-03-11","2025-03-11250700097108",2791066
260022957,"ASST_NON_CA0118L9T022417_086","CA0118L9T022417","COUNTY OF ALAMEDA","CA","2025-03-11","2025-03-11250700092900",1608047
260020972,"ASST_NON_CA0087L9T022417_086","CA0087L9T022417","COUNTY OF ALAMEDA","CA","2025-03-11","2025-03-11250700092868",1183785
260064436,"ASST_NON_CA0915L9D002415_086","CA0915L9D002415","LOS ANGELES COUNTY DEVELOPMENT AUTHORITY LACDA","CA","2025-03-11","2025-03-11250700097554",495232
260037652,"ASST_NON_CA0339L9D002417_086","CA0339L9D002417","LOS ANGELES COUNTY DEVELOPMENT AUTHORITY LACDA","CA","2025-03-11","2025-03-11250700097770",797348
260080412,"ASST_NON_CA1343L9D002410_086","CA1343L9D002410","LOS ANGELES COUNTY DEVELOPMENT AUTHORITY LACDA","CA","2025-03-11","2025-03-11250700097348",743803
260073544,"ASST_NON_CA1151L9T022413_086","CA1151L9T022413","COUNTY OF ALAMEDA","CA","2025-03-11","2025-03-11250700092750",3921305
260075906,"ASST_NON_CA1219L9D002412_086","CA1219L9D002412","LOS ANGELES COUNTY DEVELOPMENT AUTHORITY LACDA","CA","2025-03-11","2025-03-11250700097725",544733
260118286,"ASST_NON_CA2235L9T022401_086","CA2235L9T022401","COUNTY OF ALAMEDA","CA","2025-03-11","2025-03-11250700092312",2855570
260055057,"ASST_NON_CA0708L9D012417_086","CA0708L9D012417","MENTAL HEALTH SYSTEMS, INC.","CA","2025-03-11","2025-03-11250700097619",219114
260117221,"ASST_NON_CA1972D9T022403_086","CA1972D9T022403","COUNTY OF ALAMEDA","CA","2025-03-11","2025-03-11250700092009",980875
260057731,"ASST_NON_CA0747L9T022416_086","CA0747L9T022416","COUNTY OF ALAMEDA","CA","2025-03-11","2025-03-11250700092462",835212
260118305,"ASST_NON_CA2247L9T062401_086","CA2247L9T062401","GATHERING FOR WOMEN - MONTEREY","CA","2025-03-11","2025-03-11250700092336",328942
260060191,"ASST_NON_CA0792L9D002416_086","CA0792L9D002416","LOS ANGELES COUNTY DEVELOPMENT AUTHORITY LACDA","CA","2025-03-11","2025-03-11250700097404",653561
260117858,"ASST_NON_CA2078Y9T022402_086","CA2078Y9T022402","COUNTY OF ALAMEDA","CA","2025-03-11","2025-03-11250700093027",103537
260068842,"ASST_NON_CA1046L9D002414_086","CA1046L9D002414","LOS ANGELES COUNTY DEVELOPMENT AUTHORITY LACDA","CA","2025-03-11","2025-03-11250700097526",4580256
260083038,"ASST_NON_CA1468L9T022409_086","CA1468L9T022409","COUNTY OF ALAMEDA","CA","2025-03-11","2025-03-11250700091905",1140657
260062955,"ASST_NON_CA0860L9D002410_086","CA0860L9D002410","LOS ANGELES COUNTY DEVELOPMENT AUTHORITY LACDA","CA","2025-03-11","2025-03-11250700097450",444614
260095156,"ASST_NON_CA1688L9D002407_086","CA1688L9D002407","LOS ANGELES COUNTY DEVELOPMENT AUTHORITY LACDA","CA","2025-03-11","2025-03-11250700097068",5099472
260042437,"ASST_NON_CA0465L9D002417_086","CA0465L9D002417","LOS ANGELES COUNTY DEVELOPMENT AUTHORITY LACDA","CA","2025-03-11","2025-03-11250700097382",4729976
260095213,"ASST_NON_CA1698L9D012407_086","CA1698L9D012407","MENTAL HEALTH SYSTEMS, INC.","CA","2025-03-11","2025-03-11250700097088",168681
260060793,"ASST_NON_CA0800L9D002416_086","CA0800L9D002416","LOS ANGELES COUNTY DEVELOPMENT AUTHORITY LACDA","CA","2025-03-11","2025-03-11250700097420",330534
260075894,"ASST_NON_CA1218L9D002412_086","CA1218L9D002412","LOS ANGELES COUNTY DEVELOPMENT AUTHORITY LACDA","CA","2025-03-11","2025-03-11250700097721",133329
260039349,"ASST_NON_CA0365L9D002417_086","CA0365L9D002417","LOS ANGELES COUNTY DEVELOPMENT AUTHORITY LACDA","CA","2025-03-11","2025-03-11250700097806",5048754
260117871,"ASST_NON_CA2079Y9T022402_086","CA2079Y9T022402","COUNTY OF ALAMEDA","CA","2025-03-11","2025-03-11250700093031",1029507
260073610,"ASST_NON_CA1159L9D002413_086","CA1159L9D002413","LOS ANGELES COUNTY DEVELOPMENT AUTHORITY LACDA","CA","2025-03-11","2025-03-11250700097753",310348
260116954,"ASST_NON_CA1828D9T022405_086","CA1828D9T022405","RUBY'S PLACE","CA","2025-03-11","2025-03-11250700091859",1428293
260081572,"ASST_NON_CA1423L9T212409_086","CA1423L9T212409","CITY OF WOODLAND","CA","2025-03-11","2025-03-11250700092185",377173
260057779,"ASST_NON_CA0748L9T022415_086","CA0748L9T022415","ABODE HOUSING DEVELOPMENT","CA","2025-03-11","2025-03-11250700092466",38532
260117217,"ASST_NON_CA1971D9T022403_086","CA1971D9T022403","RUBY'S PLACE","CA","2025-03-11","2025-03-11250700092005",1123163
260032643,"ASST_NON_CA0264L9T122417_086","CA0264L9T122417","MENTAL HEALTH ASSOCIATION OF SAN MATEO COUNTY","CA","2025-03-11","2025-03-11250700091830",79551
260064659,"ASST_NON_CA0926L9D012415_086","CA0926L9D012415","THE ASSOCIATION FOR COMMUNITY HOUSING SOLUTIONS","CA","2025-03-11","2025-03-11250700097574",229571
260117461,"ASST_NON_CA2018D9T252403_086","CA2018D9T252403","TAHOE COALITION FOR THE HOMELESS","CA","2025-03-11","2025-03-11250700092061",221848
260060121,"ASST_NON_CA0780L9T202416_086","CA0780L9T202416","COUNTY OF MERCED","CA","2025-03-11","2025-03-11250700092498",370253
260067532,"ASST_NON_CA0984L9T202412_086","CA0984L9T202412","COUNTY OF MERCED","CA","2025-03-11","2025-03-11250700092724",241403
260117832,"ASST_NON_CA2076Y9T002402_086","CA2076Y9T002402","COVENANT HOUSE CALIFORNIA","CA","2025-03-11","2025-03-11250700093019",1718114
260084836,"ASST_NON_CA1552L9T072408_086","CA1552L9T072408","COUNTY OF MARIN","CA","2025-03-11","2025-03-11250700092123",265165
260117536,"ASST_NON_CA2049L9D082403_086","CA2049L9D082403","COUNTY OF RIVERSIDE","CA","2025-03-11","2025-03-11250700097044",501222
260066744,"ASST_NON_CA0953L9T022413_086","CA0953L9T022413","ABODE SERVICES","CA","2025-03-11","2025-03-11250700092680",2438529
260083479,"ASST_NON_CA1499L9D002409_086","CA1499L9D002409","CITY OF BURBANK","CA","2025-03-11","2025-03-11250700096936",697700
260065171,"ASST_NON_CA0935L9D082415_086","CA0935L9D082415","COUNTY OF RIVERSIDE","CA","2025-03-11","2025-03-11250700097578",2205755
260067799,"ASST_NON_CA1019L9D092412_086","CA1019L9D092412","LIGHTHOUSE SOCIAL SERVICE CENTERS","CA","2025-03-11","2025-03-11250700097699",1414330
260116715,"ASST_NON_CA1738D9T022406_086","CA1738D9T022406","CORNERSTONE COMMUNITY DEVELOPMENT CORPORATION","CA","2025-03-11","2025-03-11250700091803",170328
260074065,"ASST_NON_CA1171L9T022409_086","CA1171L9T022409","ALAMEDA COUNTY BHCS","CA","2025-03-11","2025-03-11250700092734",221050
260118319,"ASST_NON_CA2258L9T132401_086","CA2258L9T132401","CHAMPIONS RECOVERY ALTERNATIVE PROGRAMS, INC.","CA","2025-03-11","2025-03-11250700092352",587086
260080633,"ASST_NON_CA1367L9D082410_086","CA1367L9D082410","COUNTY OF RIVERSIDE","CA","2025-03-11","2025-03-11250700097368",426923
260117539,"ASST_NON_CA2050L9D082402_086","CA2050L9D082402","COUNTY OF RIVERSIDE","CA","2025-03-11","2025-03-11250700097048",68178
260023803,"ASST_NON_CA0120L9T022417_086","CA0120L9T022417","ABODE SERVICES","CA","2025-03-11","2025-03-11250700092908",1015685
260117574,"ASST_NON_CA2055D9D082402_086","CA2055D9D082402","COUNTY OF RIVERSIDE","CA","2025-03-11","2025-03-11250700097312",2364008
260052681,"ASST_NON_CA0670L9D082417_086","CA0670L9D082417","COUNTY OF RIVERSIDE","CA","2025-03-11","2025-03-11250700097470",2826049
260117561,"ASST_NON_CA2054L9D082402_086","CA2054L9D082402","COUNTY OF RIVERSIDE","CA","2025-03-11","2025-03-11250700097308",150972
260117498,"ASST_NON_CA2033Y9D012403_086","CA2033Y9D012403","REGIONAL TASK FORCE ON THE HOMELESS, INC","CA","2025-03-11","2025-03-11250700097919",1361455
260084082,"ASST_NON_CA1511L9D012409_086","CA1511L9D012409","REGIONAL TASK FORCE ON THE HOMELESS, INC","CA","2025-03-11","2025-03-11250700096960",754040
260014265,"ASST_NON_CA0026L9T002417_086","CA0026L9T002417","ABODE SERVICES","CA","2025-03-11","2025-03-11250700092806",355234
260052274,"ASST_NON_CA0665L9D082414_086","CA0665L9D082414","COUNTY OF RIVERSIDE","CA","2025-03-11","2025-03-11250700097657",416689
260118230,"ASST_NON_CA2182L9D082401_086","CA2182L9D082401","COUNTY OF RIVERSIDE","CA","2025-03-11","2025-03-11250700097300",551350
260117484,"ASST_NON_CA2029Y9D012403_086","CA2029Y9D012403","REGIONAL TASK FORCE ON THE HOMELESS, INC","CA","2025-03-11","2025-03-11250700097927",178246
260072916,"ASST_NON_CA1137L9D092413_086","CA1137L9D092413","TIME FOR CHANGE FOUNDATION","CA","2025-03-11","2025-03-11250700097514",564592
260116605,"ASST_NON_CA1708L9D082407_086","CA1708L9D082407","COUNTY OF RIVERSIDE","CA","2025-03-11","2025-03-11250700097100",589545
260066707,"ASST_NON_CA0950L9T002412_086","CA0950L9T002412","ABODE SERVICES","CA","2025-03-11","2025-03-11250700092672",750958
260117502,"ASST_NON_CA2034Y9D012403_086","CA2034Y9D012403","REGIONAL TASK FORCE ON THE HOMELESS, INC","CA","2025-03-11","2025-03-11250700097915",2459864
260083028,"ASST_NON_CA1467L9T022409_086","CA1467L9T022409","CORNERSTONE COMMUNITY DEVELOPMENT CORPORATION","CA","2025-03-11","2025-03-11250700091901",317033
260117542,"ASST_NON_CA2051L9D082402_086","CA2051L9D082402","COUNTY OF RIVERSIDE","CA","2025-03-11","2025-03-11250700097052",504122
260052702,"ASST_NON_CA0672L9D082417_086","CA0672L9D082417","COUNTY OF RIVERSIDE","CA","2025-03-11","2025-03-11250700097599",365881
260117494,"ASST_NON_CA2032Y9D012403_086","CA2032Y9D012403","REGIONAL TASK FORCE ON THE HOMELESS, INC","CA","2025-03-11","2025-03-11250700097923",207531
260117545,"ASST_NON_CA2052L9D082402_086","CA2052L9D082402","COUNTY OF RIVERSIDE","CA","2025-03-11","2025-03-11250700097304",258223
260070679,"ASST_NON_CA1072L9T062412_086","CA1072L9T062412","COUNTY OF SAN BENITO","CA","2025-03-11","2025-03-11250700092592",571520
260070916,"ASST_NON_CA1080L9T102414_086","CA1080L9T102414","COUNTY OF STANISLAUS","CA","2025-03-11","2025-03-11250700092596",184886
260117070,"ASST_NON_CA1880D9D012405_086","CA1880D9D012405","REGIONAL TASK FORCE ON THE HOMELESS, INC","CA","2025-03-11","2025-03-11250700096902",401415
260116930,"ASST_NON_CA1819Y9D012405_086","CA1819Y9D012405","REGIONAL TASK FORCE ON THE HOMELESS, INC","CA","2025-03-11","2025-03-11250700097935",87750
260082426,"ASST_NON_CA1449D9D082409_086","CA1449D9D082409","COUNTY OF RIVERSIDE","CA","2025-03-11","2025-03-11250700097170",1223410
260116936,"ASST_NON_CA1820Y9D012405_086","CA1820Y9D012405","REGIONAL TASK FORCE ON THE HOMELESS, INC","CA","2025-03-11","2025-03-11250700097931",163611
260054993,"ASST_NON_CA0702L9D012417_086","CA0702L9D012417","REGIONAL TASK FORCE ON THE HOMELESS, INC","CA","2025-03-11","2025-03-11250700097611",782918
260117117,"ASST_NON_CA1900L9D082405_086","CA1900L9D082405","COUNTY OF RIVERSIDE","CA","2025-03-11","2025-03-11250700096922",1657345
260117350,"ASST_NON_CA2009L9T182403_086","CA2009L9T182403","LUTHERAN SOCIAL SERVICES OF NORTHERN CALIFORNIA","CA","2025-03-11","2025-03-11250700092053",123174
260116799,"ASST_NON_CA1767L9T162406_086","CA1767L9T162406","UNITED WAY OF NORTHERN CALIFORNIA","CA","2025-03-11","2025-03-11250700091819",65751
260118272,"ASST_NON_CA2227L9T002401_086","CA2227L9T002401","COUNTY OF SANTA CLARA","CA","2025-03-11","2025-03-11250700092300",1680036
260081161,"ASST_NON_CA1384L9T002408_086","CA1384L9T002408","COUNTY OF SANTA CLARA","CA","2025-03-11","2025-03-11250700092161",1392162
260067462,"ASST_NON_CA0976L9T142413_086","CA0976L9T142413","HOUSING AUTHORITY OF THE CITY OF FRESNO","CA","2025-03-11","2025-03-11250700092716",81750
260025154,"ASST_NON_CA0153L9T032417_086","CA0153L9T032417","HOUSING AUTHORITY OF THE COUNTY OF SACRAMENTO","CA","2025-03-11","2025-03-11250700092948",8851407
260116673,"ASST_NON_CA1729L9T002406_086","CA1729L9T002406","COUNTY OF SANTA CLARA","CA","2025-03-11","2025-03-11250700091791",713605
260116578,"ASST_NON_CA1700L9D032407_086","CA1700L9D032407","COUNTY OF SANTA BARBARA","CA","2025-03-11","2025-03-11250700097092",138996
260081171,"ASST_NON_CA1385L9T002409_086","CA1385L9T002409","COUNTY OF SANTA CLARA","CA","2025-03-11","2025-03-11250700092165",2919238
260061671,"ASST_NON_CA0844L9T152410_086","CA0844L9T152410","COUNTY OF PLACER","CA","2025-03-11","2025-03-11250700092550",69648
260066721,"ASST_NON_CA0951L9T002413_086","CA0951L9T002413","COUNTY OF SANTA CLARA","CA","2025-03-11","2025-03-11250700092676",1600696
260093304,"ASST_NON_CA1652L9T062407_086","CA1652L9T062407","MIDPEN HOUSING CORPORATION","CA","2025-03-11","2025-03-11250700092083",380224
260023890,"ASST_NON_CA0127L9T032411_086","CA0127L9T032411","HOUSING AUTHORITY OF THE COUNTY OF SACRAMENTO","CA","2025-03-11","2025-03-11250700092924",298250
260022842,"ASST_NON_CA0116L9T022417_086","CA0116L9T022417","CITY OF BERKELEY","CA","2025-03-11","2025-03-11250700092896",7305893
260035334,"ASST_NON_CA0301L9T182417_086","CA0301L9T182417","LUTHERAN SOCIAL SERVICES OF NORTHERN CALIFORNIA","CA","2025-03-11","2025-03-11250700092501",627670
260117130,"ASST_NON_CA1909L9T002405_086","CA1909L9T002405","COUNTY OF SANTA CLARA","CA","2025-03-11","2025-03-11250700091989",610091
260085283,"ASST_NON_CA1570L9T142408_086","CA1570L9T142408","FRESNO COUNTY ECONOMIC OPPORTUNITIES COMMISSION","CA","2025-03-11","2025-03-11250700092147",558816
260117305,"ASST_NON_CA2004L9T142403_086","CA2004L9T142403","VALLEY TEEN RANCH","CA","2025-03-11","2025-03-11250700092049",101501
260079704,"ASST_NON_CA1322L9T152410_086","CA1322L9T152410","COUNTY OF PLACER","CA","2025-03-11","2025-03-11250700092438",602653
260033595,"ASST_NON_CA0278L9T142417_086","CA0278L9T142417","HOUSING AUTHORITY OF THE CITY OF FRESNO","CA","2025-03-11","2025-03-11250700092279",262290
260057718,"ASST_NON_CA0746L9T002416_086","CA0746L9T002416","COUNTY OF SANTA CLARA","CA","2025-03-11","2025-03-11250700092458",543830
260011797,"ASST_NON_CA0001L9T002414_086","CA0001L9T002414","COUNTY OF SANTA CLARA","CA","2025-03-11","2025-03-11250700092518",1669293
260117050,"ASST_NON_CA1872D9T272405_086","CA1872D9T272405","EMPOWER TEHAMA","CA","2025-03-11","2025-03-11250700091891",65809
260059603,"ASST_NON_CA0774L9T152415_086","CA0774L9T152415","COUNTY OF PLACER","CA","2025-03-11","2025-03-11250700092490",476881
260047183,"ASST_NON_CA0598L9D032417_086","CA0598L9D032417","COUNTY OF SANTA BARBARA","CA","2025-03-11","2025-03-11250700096848",180110
260011829,"ASST_NON_CA0003L9T002415_086","CA0003L9T002415","COUNTY OF SANTA CLARA","CA","2025-03-11","2025-03-11250700092802",721603
260067474,"ASST_NON_CA0977L9T142411_086","CA0977L9T142411","HOUSING AUTHORITY OF THE CITY OF FRESNO","CA","2025-03-11","2025-03-11250700092720",48886
260118356,"ASST_NON_CA2286L9D012401_086","CA2286L9D012401","CITY OF CARLSBAD","CA","2025-03-11","2025-03-11250700097244",464953
260117136,"ASST_NON_CA1910L9T002405_086","CA1910L9T002405","COUNTY OF SANTA CLARA","CA","2025-03-11","2025-03-11250700091993",741016
260084657,"ASST_NON_CA1526L9T002407_086","CA1526L9T002407","COUNTY OF SANTA CLARA","CA","2025-03-11","2025-03-11250700092091",615561
260033459,"ASST_NON_CA0275L9T142411_086","CA0275L9T142411","HOUSING AUTHORITY OF THE CITY OF FRESNO","CA","2025-03-11","2025-03-11250700092200",47219
260060992,"ASST_NON_CA0825L9T002412_086","CA0825L9T002412","COUNTY OF SANTA CLARA","CA","2025-03-11","2025-03-11250700092526",7741946
260084666,"ASST_NON_CA1527L9T002408_086","CA1527L9T002408","COUNTY OF SANTA CLARA","CA","2025-03-11","2025-03-11250700092095",138644
260083320,"ASST_NON_CA1481L9T142409_086","CA1481L9T142409","FRESNO COUNTY ECONOMIC OPPORTUNITIES COMMISSION","CA","2025-03-11","2025-03-11250700091929",375642
260071813,"ASST_NON_CA1090L9T142411_086","CA1090L9T142411","FRESNO COUNTY ECONOMIC OPPORTUNITIES COMMISSION","CA","2025-03-11","2025-03-11250700092608",565578
260116780,"ASST_NON_CA1761L9T142406_086","CA1761L9T142406","FRESNO COUNTY ECONOMIC OPPORTUNITIES COMMISSION","CA","2025-03-11","2025-03-11250700091811",779877
260117203,"ASST_NON_CA1966L9T002403_086","CA1966L9T002403","COUNTY OF SANTA CLARA","CA","2025-03-11","2025-03-11250700091997",944697
260033472,"ASST_NON_CA0276L9T142412_086","CA0276L9T142412","HOUSING AUTHORITY OF THE CITY OF FRESNO","CA","2025-03-11","2025-03-11250700091952",69022
260118370,"ASST_NON_CA2297L9D072401_086","CA2297L9D072401","CITY OF PASADENA","CA","2025-03-11","2025-03-11250700097260",106364
260116596,"ASST_NON_CA1706L9D072407_086","CA1706L9D072407","CITY OF PASADENA","CA","2025-03-11","2025-03-11250700097096",512111
260077299,"ASST_NON_CA1259L9D072411_086","CA1259L9D072411","CITY OF PASADENA","CA","2025-03-11","2025-03-11250700097390",246593
260079156,"ASST_NON_CA1309L9T072410_086","CA1309L9T072410","RITTER CENTER","CA","2025-03-11","2025-03-11250700092430",213538
260051800,"ASST_NON_CA0658L9D072417_086","CA0658L9D072417","CITY OF PASADENA","CA","2025-03-11","2025-03-11250700097474",351407
260116902,"ASST_NON_CA1806D9D072406_086","CA1806D9D072406","CITY OF PASADENA","CA","2025-03-11","2025-03-11250700096876",153707
260025423,"ASST_NON_CA0184L9T052417_086","CA0184L9T052417","GARDEN PARK APARTMENTS COMMUNITY","CA","2025-03-11","2025-03-11250700092156",377614
260084827,"ASST_NON_CA1551L9T072408_086","CA1551L9T072408","HOUSING AUTHORITY OF THE COUNTY OF MARIN","CA","2025-03-11","2025-03-11250700092119",238760
260029290,"ASST_NON_CA0208L9T062417_086","CA0208L9T062417","INTERIM, INC.","CA","2025-03-11","2025-03-11250700092062",185916
260078317,"ASST_NON_CA1273L9T132410_086","CA1273L9T132410","COMMUNITY SERVICES AND EMPLOYMENT TRAINING, INCORPORATED","CA","2025-03-11","2025-03-11250700092232",198531
260066796,"ASST_NON_CA0958L9T062412_086","CA0958L9T062412","INTERIM, INC.","CA","2025-03-11","2025-03-11250700092692",211728
260046277,"ASST_NON_CA0575L9D022417_086","CA0575L9D022417","ORANGE COUNTY'S UNITED WAY","CA","2025-03-11","2025-03-11250700096994",691976
260025196,"ASST_NON_CA0158L9T032417_086","CA0158L9T032417","TLCS INC","CA","2025-03-11","2025-03-11250700092952",4002577
260118322,"ASST_NON_CA2259L9T142401_086","CA2259L9T142401","ELEVATE COMMUNITY SERVICES, INC.","CA","2025-03-11","2025-03-11250700092356",1227091
260117527,"ASST_NON_CA2046D9D072403_086","CA2046D9D072403","CITY OF PASADENA","CA","2025-03-11","2025-03-11250700097036",817610
260118372,"ASST_NON_CA2298L9D072401_086","CA2298L9D072401","CITY OF PASADENA","CA","2025-03-11","2025-03-11250700097264",248739
260118128,"ASST_NON_CA2121L9T032401_086","CA2121L9T032401","TLCS INC","CA","2025-03-11","2025-03-11250700092364",319093
260071035,"ASST_NON_CA1088L9T132411_086","CA1088L9T132411","COMMUNITY SERVICES AND EMPLOYMENT TRAINING, INCORPORATED","CA","2025-03-11","2025-03-11250700092604",468809
260058307,"ASST_NON_CA0755L9T062416_086","CA0755L9T062416","INTERIM, INC.","CA","2025-03-11","2025-03-11250700092470",287501
260080603,"ASST_NON_CA1363L9D072410_086","CA1363L9D072410","CITY OF PASADENA","CA","2025-03-11","2025-03-11250700097364",1120565
260082418,"ASST_NON_CA1447L9D072409_086","CA1447L9D072409","CITY OF PASADENA","CA","2025-03-11","2025-03-11250700097166",132523
260072968,"ASST_NON_CA1143L9D092413_086","CA1143L9D092413","UNITED STATES VETERANS INITIATIVE","CA","2025-03-11","2025-03-11250700097522",1767684
260051817,"ASST_NON_CA0659L9D072417_086","CA0659L9D072417","CITY OF PASADENA","CA","2025-03-11","2025-03-11250700097472",240804
260067716,"ASST_NON_CA1004L9D032410_086","CA1004L9D032410","HOUSING AUTHORITY OF THE CITY OF SANTA BARBARA","CA","2025-03-11","2025-03-11250700097687",140183
260118227,"ASST_NON_CA2180L9D072402_086","CA2180L9D072402","CITY OF PASADENA","CA","2025-03-11","2025-03-11250700097296",217723
260117531,"ASST_NON_CA2047L9D072403_086","CA2047L9D072403","CITY OF PASADENA","CA","2025-03-11","2025-03-11250700097040",159545
260118363,"ASST_NON_CA2290L9D022401_086","CA2290L9D022401","FAMILIES FORWARD, INC.","CA","2025-03-11","2025-03-11250700097252",686663
260059571,"ASST_NON_CA0772L9T142416_086","CA0772L9T142416","COMMUNITY ACTION PARTNERSHIP OF MADERA COUNTY, INC.","CA","2025-03-11","2025-03-11250700092482",975128
260080440,"ASST_NON_CA1348L9D012410_086","CA1348L9D012410","ST. VINCENT DE PAUL VILLAGE, INC.","CA","2025-03-11","2025-03-11250700097352",1865678
260093322,"ASST_NON_CA1660L9T102407_086","CA1660L9T102407","COMMUNITY IMPACT CENTRAL VALLEY","CA","2025-03-11","2025-03-11250700092087",281020
260117280,"ASST_NON_CA1994L9T082403_086","CA1994L9T082403","HOUSING MATTERS","CA","2025-03-11","2025-03-11250700092041",295144
260031566,"ASST_NON_CA0242L9T102415_086","CA0242L9T102415","COMMUNITY IMPACT CENTRAL VALLEY","CA","2025-03-11","2025-03-11250700092211",301445
260064300,"ASST_NON_CA0896L9T102415_086","CA0896L9T102415","COMMUNITY IMPACT CENTRAL VALLEY","CA","2025-03-11","2025-03-11250700092636",181532
260022357,"ASST_NON_CA0109L9T022417_086","CA0109L9T022417","SATELLITE AFFORDABLE HOUSING ASSOCIATES","CA","2025-03-11","2025-03-11250700092888",88225
260066817,"ASST_NON_CA0962L9T102409_086","CA0962L9T102409","COMMUNITY IMPACT CENTRAL VALLEY","CA","2025-03-11","2025-03-11250700092696",136948
260084092,"ASST_NON_CA1512L9D022409_086","CA1512L9D022409","THE ILLUMINATION FOUNDATION","CA","2025-03-11","2025-03-11250700096964",2283599
260117741,"ASST_NON_CA2069Y9T002402_086","CA2069Y9T002402","RAZING THE BAR","CA","2025-03-11","2025-03-11250700093081",285722
260093243,"ASST_NON_CA1637Y9T082405_086","CA1637Y9T082405","BILL WILSON CENTER","CA","2025-03-11","2025-03-11250700093063",512986
260116872,"ASST_NON_CA1794L9D012406_086","CA1794L9D012406","SALVATION ARMY, THE","CA","2025-03-11","2025-03-11250700096868",615650
260084763,"ASST_NON_CA1546L9T052408_086","CA1546L9T052408","SATELLITE AFFORDABLE HOUSING ASSOCIATES","CA","2025-03-11","2025-03-11250700092111",299247
260048147,"ASST_NON_CA0606L9D042417_086","CA0606L9D042417","KERN HEALTH SYSTEMS","CA","2025-03-11","2025-03-11250700097216",86038
260093252,"ASST_NON_CA1639L9T002407_086","CA1639L9T002407","BILL WILSON CENTER","CA","2025-03-11","2025-03-11250700092067",344901
260085236,"ASST_NON_CA1561L9T102408_086","CA1561L9T102408","COMMUNITY HOUSING AND SHELTER SERVICES OF STANISLAUS COUNTY","CA","2025-03-11","2025-03-11250700092135",136796
260035202,"ASST_NON_CA0298L9T182417_086","CA0298L9T182417","CAMINAR","CA","2025-03-11","2025-03-11250700092192",52242
260118105,"ASST_NON_CA2110L9T002401_086","CA2110L9T002401","RAZING THE BAR","CA","2025-03-11","2025-03-11250700092404",817108
260118222,"ASST_NON_CA2175D9D032402_086","CA2175D9D032402","DOMESTIC VIOLENCE SOLUTIONS FOR SANTA BARBARA COUNTY","CA","2025-03-11","2025-03-11250700097292",211899
260066827,"ASST_NON_CA0963L9T102409_086","CA0963L9T102409","COMMUNITY IMPACT CENTRAL VALLEY","CA","2025-03-11","2025-03-11250700092700",138755
260092678,"ASST_NON_CA1600L9D012408_086","CA1600L9D012408","ALPHA PROJECT FOR THE HOMELESS","CA","2025-03-11","2025-03-11250700097116",1845776
260117083,"ASST_NON_CA1883L9D012405_086","CA1883L9D012405","ST. VINCENT DE PAUL VILLAGE, INC.","CA","2025-03-11","2025-03-11250700096910",390296
260068342,"ASST_NON_CA1032L9T002414_086","CA1032L9T002414","BILL WILSON CENTER","CA","2025-03-11","2025-03-11250700092612",266531
260058335,"ASST_NON_CA0758L9T102414_086","CA0758L9T102414","COMMUNITY IMPACT CENTRAL VALLEY","CA","2025-03-11","2025-03-11250700092474",337171
260085227,"ASST_NON_CA1560L9T102408_086","CA1560L9T102408","COMMUNITY HOUSING AND SHELTER SERVICES OF STANISLAUS COUNTY","CA","2025-03-11","2025-03-11250700092131",84608
260031545,"ASST_NON_CA0240L9T102413_086","CA0240L9T102413","COMMUNITY IMPACT CENTRAL VALLEY","CA","2025-03-11","2025-03-11250700092213",139664
260081721,"ASST_NON_CA1436L9D012409_086","CA1436L9D012409","SALVATION ARMY, THE","CA","2025-03-11","2025-03-11250700097158",571292
260117277,"ASST_NON_CA1992Y9T082403_086","CA1992Y9T082403","BILL WILSON CENTER","CA","2025-03-11","2025-03-11250700093093",164372
260117819,"ASST_NON_CA2075Y9T002402_086","CA2075Y9T002402","BILL WILSON CENTER","CA","2025-03-11","2025-03-11250700093015",1333761
260078428,"ASST_NON_CA1281L9T042410_086","CA1281L9T042410","CATHOLIC CHARITIES OF THE DIOCESE OF SANTA ROSA","CA","2025-03-11","2025-03-11250700092240",846100
260117089,"ASST_NON_CA1885L9D012405_086","CA1885L9D012405","SALVATION ARMY, THE","CA","2025-03-11","2025-03-11250700096914",239778
260072847,"ASST_NON_CA1121L9D022412_086","CA1121L9D022412","THE ILLUMINATION FOUNDATION","CA","2025-03-11","2025-03-11250700097506",561027
260118310,"ASST_NON_CA2250L9T082401_086","CA2250L9T082401","HOUSING MATTERS","CA","2025-03-11","2025-03-11250700092344",396334
260117028,"ASST_NON_CA1863L9T192405_086","CA1863L9T192405","CAMINAR","CA","2025-03-11","2025-03-11250700091887",96166
260015508,"ASST_NON_CA0031L9T002417_086","CA0031L9T002417","BILL WILSON CENTER","CA","2025-03-11","2025-03-11250700092810",582119
260116659,"ASST_NON_CA1725Y9T082405_086","CA1725Y9T082405","ENCOMPASS COMMUNITY SERVICES","CA","2025-03-11","2025-03-11250700093101",283624
260084072,"ASST_NON_CA1510L9D012409_086","CA1510L9D012409","ST. VINCENT DE PAUL VILLAGE, INC.","CA","2025-03-11","2025-03-11250700096956",1998759
260059709,"ASST_NON_CA0779L9T192416_086","CA0779L9T192416","CAMINAR","CA","2025-03-11","2025-03-11250700092494",108042
260035317,"ASST_NON_CA0300L9T182417_086","CA0300L9T182417","CAMINAR","CA","2025-03-11","2025-03-11250700092271",241470
260060818,"ASST_NON_CA0802L9D012416_086","CA0802L9D012416","ST. VINCENT DE PAUL VILLAGE, INC.","CA","2025-03-11","2025-03-11250700097424",68685
260084059,"ASST_NON_CA1508L9D012409_086","CA1508L9D012409","ALPHA PROJECT FOR THE HOMELESS","CA","2025-03-11","2025-03-11250700096952",603893
260116858,"ASST_NON_CA1792L9D012406_086","CA1792L9D012406","ALPHA PROJECT FOR THE HOMELESS","CA","2025-03-11","2025-03-11250700096860",439738
260117998,"ASST_NON_CA2089Y9T062402_086","CA2089Y9T062402","BAY AREA COMMUNITY SERVICES, INC.","CA","2025-03-11","2025-03-11250700092992",250509
260117793,"ASST_NON_CA2073Y9T062402_086","CA2073Y9T062402","BAY AREA COMMUNITY SERVICES, INC.","CA","2025-03-11","2025-03-11250700093033",1358946
260093212,"ASST_NON_CA1628L9D142408_086","CA1628L9D142408","COUNTY OF SAN LUIS OBISPO","CA","2025-03-11","2025-03-11250700097148",312597
260118261,"ASST_NON_CA2217Y9T032401_086","CA2217Y9T032401","WAKING THE VILLAGE","CA","2025-03-11","2025-03-11250700093008",1203491
260118263,"ASST_NON_CA2218Y9T032401_086","CA2218Y9T032401","WAKING THE VILLAGE","CA","2025-03-11","2025-03-11250700093012",224095
260032612,"ASST_NON_CA0261L9T122417_086","CA0261L9T122417","LIFEMOVES","CA","2025-03-11","2025-03-11250700091838",139350
260117521,"ASST_NON_CA2041D9D042403_086","CA2041D9D042403","THE OPEN DOOR NETWORK","CA","2025-03-11","2025-03-11250700097032",555697
260037518,"ASST_NON_CA0331L9D002417_086","CA0331L9D002417","A COMMUNITY OF FRIENDS","CA","2025-03-11","2025-03-11250700097662",204699
260064285,"ASST_NON_CA0895L9T102415_086","CA0895L9T102415","CENTER FOR HUMAN SERVICES","CA","2025-03-11","2025-03-11250700092632",46268
260063055,"ASST_NON_CA0869L9D042412_086","CA0869L9D042412","THE OPEN DOOR NETWORK","CA","2025-03-11","2025-03-11250700097454",137847
260093148,"ASST_NON_CA1627L9D142408_086","CA1627L9D142408","COUNTY OF SAN LUIS OBISPO","CA","2025-03-11","2025-03-11250700097144",875990
260065275,"ASST_NON_CA0939L9D092415_086","CA0939L9D092415","COUNTY OF SAN BERNARDINO","CA","2025-03-11","2025-03-11250700097586",266835
260064352,"ASST_NON_CA0903L9T122415_086","CA0903L9T122415","LIFEMOVES","CA","2025-03-11","2025-03-11250700092644",280825
260042749,"ASST_NON_CA0489L9D002417_086","CA0489L9D002417","SU CASA ~ ENDING DOMESTIC VIOLENCE","CA","2025-03-11","2025-03-11250700097436",55728
260118176,"ASST_NON_CA2151D9T212402_086","CA2151D9T212402","EMPOWER YOLO, INC.","CA","2025-03-11","2025-03-11250700092396",79191
260072869,"ASST_NON_CA1126L9D042411_086","CA1126L9D042411","THE OPEN DOOR NETWORK","CA","2025-03-11","2025-03-11250700097510",100501
260056971,"ASST_NON_CA0737L9D142416_086","CA0737L9D142416","COUNTY OF SAN LUIS OBISPO","CA","2025-03-11","2025-03-11250700097647",65220
260084132,"ASST_NON_CA1517L9D042409_086","CA1517L9D042409","THE OPEN DOOR NETWORK","CA","2025-03-11","2025-03-11250700096972",306983
260118298,"ASST_NON_CA2242L9T042401_086","CA2242L9T042401","WEST COUNTY COMMUNITY SERVICES","CA","2025-03-11","2025-03-11250700092332",309335
260074473,"ASST_NON_CA1186L9T152411_086","CA1186L9T152411","HOMELESS RESOURCE COUNCIL OF THE SIERRAS","CA","2025-03-11","2025-03-11250700092742",54716
260046355,"ASST_NON_CA0581L9D022417_086","CA0581L9D022417","ORANGE COUNTY HOUSING AUTHORITY","CA","2025-03-11","2025-03-11250700096886",5636939
260060851,"ASST_NON_CA0804L9D022416_086","CA0804L9D022416","ORANGE COUNTY HOUSING AUTHORITY","CA","2025-03-11","2025-03-11250700097428",2446028
260083330,"ASST_NON_CA1482L9T172409_086","CA1482L9T172409","COUNTY OF NAPA","CA","2025-03-11","2025-03-11250700091933",20267
260117256,"ASST_NON_CA1984D9T052403_086","CA1984D9T052403","CONTRA COSTA INTERFAITH TRANSITIONAL HOUSING, INC","CA","2025-03-11","2025-03-11250700092029",701698
260072333,"ASST_NON_CA1119L9D022412_086","CA1119L9D022412","FRIENDSHIP SHELTER, INC.","CA","2025-03-11","2025-03-11250700097498",746453
260035143,"ASST_NON_CA0292L9T172417_086","CA0292L9T172417","THE HOUSING DEVELOPMENT CORPORATION OF THE CITY OF NAPA","CA","2025-03-11","2025-03-11250700091944",213850
260081022,"ASST_NON_CA1371L9D092410_086","CA1371L9D092410","KNOWLEDGE, EDUCATION FOR YOUR SUCCESS, INC.","CA","2025-03-11","2025-03-11250700097376",387128
260092980,"ASST_NON_CA1617L9D092408_086","CA1617L9D092408","KNOWLEDGE, EDUCATION FOR YOUR SUCCESS, INC.","CA","2025-03-11","2025-03-11250700097128",492635
260022694,"ASST_NON_CA0111L9T022416_086","CA0111L9T022416","RESOURCES FOR COMMUNITY DEVELOPMENT","CA","2025-03-11","2025-03-11250700092892",80968
260079132,"ASST_NON_CA1305L9T042409_086","CA1305L9T042409","COMMUNITY SUPPORT NETWORK","CA","2025-03-11","2025-03-11250700092260",335611
260034603,"ASST_NON_CA0289L9T172415_086","CA0289L9T172415","COUNTY OF NAPA","CA","2025-03-11","2025-03-11250700092196",38296
260046298,"ASST_NON_CA0577L9D022417_086","CA0577L9D022417","ORANGE COUNTY HOUSING AUTHORITY","CA","2025-03-11","2025-03-11250700096990",478138
260117287,"ASST_NON_CA1995Y9T082403_086","CA1995Y9T082403","FAMILIES IN TRANSITION OF SANTA CRUZ INC","CA","2025-03-11","2025-03-11250700093089",316274
260025387,"ASST_NON_CA0180L9T052417_086","CA0180L9T052417","CONTRA COSTA INTERFAITH TRANSITIONAL HOUSING, INC","CA","2025-03-11","2025-03-11250700092514",1816301
260066776,"ASST_NON_CA0956L9T042412_086","CA0956L9T042412","WEST COUNTY COMMUNITY SERVICES","CA","2025-03-11","2025-03-11250700092688",107625
260117260,"ASST_NON_CA1985L9T052403_086","CA1985L9T052403","CONTRA COSTA INTERFAITH TRANSITIONAL HOUSING, INC","CA","2025-03-11","2025-03-11250700092033",160735
260021815,"ASST_NON_CA0092L9T022416_086","CA0092L9T022416","RESOURCES FOR COMMUNITY DEVELOPMENT","CA","2025-03-11","2025-03-11250700092876",114026
260067763,"ASST_NON_CA1012L9D042413_086","CA1012L9D042413","FLOOD BAKERSFIELD MINISTRIES, INC","CA","2025-03-11","2025-03-11250700097691",100489
260083181,"ASST_NON_CA1472L9T052409_086","CA1472L9T052409","CONTRA COSTA INTERFAITH TRANSITIONAL HOUSING, INC","CA","2025-03-11","2025-03-11250700091917",1252364
260118307,"ASST_NON_CA2249L9T082401_086","CA2249L9T082401","FAMILIES IN TRANSITION OF SANTA CRUZ INC","CA","2025-03-11","2025-03-11250700092340",656587
260025341,"ASST_NON_CA0173L9T042417_086","CA0173L9T042417","COMMUNITY SUPPORT NETWORK","CA","2025-03-11","2025-03-11250700092964",64872
260038661,"ASST_NON_CA0359L9D002417_086","CA0359L9D002417","CITY OF SANTA MONICA","CA","2025-03-11","2025-03-11250700097802",5641659
260045655,"ASST_NON_CA0560L9D022412_086","CA0560L9D022412","ORANGE COUNTY HOUSING AUTHORITY","CA","2025-03-11","2025-03-11250700097184",2904126
260118348,"ASST_NON_CA2281D9D002401_086","CA2281D9D002401","LOS ANGELES HOMELESS SERVICES AUTHORITY","CA","2025-03-11","2025-03-11250700097232",1580072
260118350,"ASST_NON_CA2282L9D002401_086","CA2282L9D002401","LOS ANGELES HOMELESS SERVICES AUTHORITY","CA","2025-03-11","2025-03-11250700097236",9534623
260118346,"ASST_NON_CA2280L9D002401_086","CA2280L9D002401","LOS ANGELES HOMELESS SERVICES AUTHORITY","CA","2025-03-11","2025-03-11250700097228",2518169
260095142,"ASST_NON_CA1686L9D002407_086","CA1686L9D002407","LOS ANGELES HOMELESS SERVICES AUTHORITY","CA","2025-03-11","2025-03-11250700097064",2462399
260117935,"ASST_NON_CA2084Y9D002402_086","CA2084Y9D002402","LOS ANGELES HOMELESS SERVICES AUTHORITY","CA","2025-03-11","2025-03-11250700097914",120393
260030308,"ASST_NON_CA0223L9T072417_086","CA0223L9T072417","BUCKELEW PROGRAMS","CA","2025-03-11","2025-03-11250700092509",442397
260117909,"ASST_NON_CA2082Y9D002402_086","CA2082Y9D002402","LOS ANGELES HOMELESS SERVICES AUTHORITY","CA","2025-03-11","2025-03-11250700097906",2423442
260038388,"ASST_NON_CA0348L9D002417_086","CA0348L9D002417","LOS ANGELES HOMELESS SERVICES AUTHORITY","CA","2025-03-11","2025-03-11250700097786",77789
260117896,"ASST_NON_CA2081Y9D002402_086","CA2081Y9D002402","LOS ANGELES HOMELESS SERVICES AUTHORITY","CA","2025-03-11","2025-03-11250700097902",3422125
260117476,"ASST_NON_CA2027D9D002403_086","CA2027D9D002403","LOS ANGELES HOMELESS SERVICES AUTHORITY","CA","2025-03-11","2025-03-11250700097012",1056186
260038644,"ASST_NON_CA0358L9D002417_086","CA0358L9D002417","LOS ANGELES HOMELESS SERVICES AUTHORITY","CA","2025-03-11","2025-03-11250700097798",1224723
260067601,"ASST_NON_CA0994L9D002411_086","CA0994L9D002411","LOS ANGELES HOMELESS SERVICES AUTHORITY","CA","2025-03-11","2025-03-11250700097671",1519022
260081833,"ASST_NON_CA1439L9D022409_086","CA1439L9D022409","ORANGE COUNTY HEALTH CARE AGENCY","CA","2025-03-11","2025-03-11250700097162",1576249
260038509,"ASST_NON_CA0352L9D002417_086","CA0352L9D002417","LOS ANGELES HOMELESS SERVICES AUTHORITY","CA","2025-03-11","2025-03-11250700097790",125876
260030807,"ASST_NON_CA0230L9T082417_086","CA0230L9T082417","COUNTY OF SANTA CRUZ","CA","2025-03-11","2025-03-11250700092295",71387
260043740,"ASST_NON_CA0527L9D002417_086","CA0527L9D002417","LOS ANGELES HOMELESS SERVICES AUTHORITY","CA","2025-03-11","2025-03-11250700097002",605393
260117472,"ASST_NON_CA2026D9D002403_086","CA2026D9D002403","LOS ANGELES HOMELESS SERVICES AUTHORITY","CA","2025-03-11","2025-03-11250700097008",1200498
260040820,"ASST_NON_CA0430L9D002417_086","CA0430L9D002417","LOS ANGELES HOMELESS SERVICES AUTHORITY","CA","2025-03-11","2025-03-11250700097758",904006
260118200,"ASST_NON_CA2165D9D002402_086","CA2165D9D002402","LOS ANGELES HOMELESS SERVICES AUTHORITY","CA","2025-03-11","2025-03-11250700097280",572027
260117480,"ASST_NON_CA2028D9D002403_086","CA2028D9D002403","LOS ANGELES HOMELESS SERVICES AUTHORITY","CA","2025-03-11","2025-03-11250700097016",839136
260062321,"ASST_NON_CA0852L9T222413_086","CA0852L9T222413","DEPARTMENT OF HEALTH & HUMAN S","CA","2025-03-11","2025-03-11250700092554",128953
260116650,"ASST_NON_CA1723Y9T082405_086","CA1723Y9T082405","COUNTY OF SANTA CRUZ","CA","2025-03-11","2025-03-11250700093047",63818
260084847,"ASST_NON_CA1555L9T082408_086","CA1555L9T082408","COUNTY OF SANTA CRUZ","CA","2025-03-11","2025-03-11250700092127",243596
260039437,"ASST_NON_CA0373L9D002417_086","CA0373L9D002417","LOS ANGELES HOMELESS SERVICES AUTHORITY","CA","2025-03-11","2025-03-11250700097818",37999
260042454,"ASST_NON_CA0466L9D002417_086","CA0466L9D002417","LOS ANGELES HOMELESS SERVICES AUTHORITY","CA","2025-03-11","2025-03-11250700097204",281961
260038344,"ASST_NON_CA0345L9D002417_086","CA0345L9D002417","LOS ANGELES HOMELESS SERVICES AUTHORITY","CA","2025-03-11","2025-03-11250700097778",869603
260031589,"ASST_NON_CA0244L9T102417_086","CA0244L9T102417","STANISLAUS REGIONAL HOUSING AUTHORITY","CA","2025-03-11","2025-03-11250700091984",226566
260117922,"ASST_NON_CA2083Y9D002402_086","CA2083Y9D002402","LOS ANGELES HOMELESS SERVICES AUTHORITY","CA","2025-03-11","2025-03-11250700097910",717807
260031615,"ASST_NON_CA0246L9T102417_086","CA0246L9T102417","STANISLAUS REGIONAL HOUSING AUTHORITY","CA","2025-03-11","2025-03-11250700091850",1657676
260040203,"ASST_NON_CA0409L9D002417_086","CA0409L9D002417","LOS ANGELES HOMELESS SERVICES AUTHORITY","CA","2025-03-11","2025-03-11250700097854",326141
260118194,"ASST_NON_CA2163D9D002402_086","CA2163D9D002402","LOS ANGELES HOMELESS SERVICES AUTHORITY","CA","2025-03-11","2025-03-11250700097272",1228934
260043554,"ASST_NON_CA0515L9D002417_086","CA0515L9D002417","LOS ANGELES HOMELESS SERVICES AUTHORITY","CA","2025-03-11","2025-03-11250700097196",269992
260116641,"ASST_NON_CA1721Y9T082405_086","CA1721Y9T082405","COMMUNITY ACTION BOARD OF SANTA CRUZ COUNTY, INC","CA","2025-03-11","2025-03-11250700093051",105545
260118197,"ASST_NON_CA2164D9D002402_086","CA2164D9D002402","LOS ANGELES HOMELESS SERVICES AUTHORITY","CA","2025-03-11","2025-03-11250700097276",889858
260025219,"ASST_NON_CA0160L9T042417_086","CA0160L9T042417","BUCKELEW PROGRAMS","CA","2025-03-11","2025-03-11250700092956",292397
260042264,"ASST_NON_CA0450L9D002417_086","CA0450L9D002417","LOS ANGELES HOMELESS SERVICES AUTHORITY","CA","2025-03-11","2025-03-11250700097888",187231
260117064,"ASST_NON_CA1879D9D002405_086","CA1879D9D002405","LOS ANGELES HOMELESS SERVICES AUTHORITY","CA","2025-03-11","2025-03-11250700096898",3672570
260038306,"ASST_NON_CA0341L9D002417_086","CA0341L9D002417","LOS ANGELES HOMELESS SERVICES AUTHORITY","CA","2025-03-11","2025-03-11250700097774",288757
260040854,"ASST_NON_CA0433L9D002417_086","CA0433L9D002417","LOS ANGELES HOMELESS SERVICES AUTHORITY","CA","2025-03-11","2025-03-11250700097868",242665
260074965,"ASST_NON_CA1192L9T222411_086","CA1192L9T222411","DEPARTMENT OF HEALTH & HUMAN S","CA","2025-03-11","2025-03-11250700092746",326028
260038371,"ASST_NON_CA0347L9D002417_086","CA0347L9D002417","LOS ANGELES HOMELESS SERVICES AUTHORITY","CA","2025-03-11","2025-03-11250700097782",490480
260043698,"ASST_NON_CA0523L9D002417_086","CA0523L9D002417","LOS ANGELES HOMELESS SERVICES AUTHORITY","CA","2025-03-11","2025-03-11250700097220",377742
260074979,"ASST_NON_CA1195L9D002411_086","CA1195L9D002411","LOS ANGELES HOMELESS SERVICES AUTHORITY","CA","2025-03-11","2025-03-11250700097709",2169674
260116843,"ASST_NON_CA1789D9D002406_086","CA1789D9D002406","LOS ANGELES HOMELESS SERVICES AUTHORITY","CA","2025-03-11","2025-03-11250700096856",5356056
260039392,"ASST_NON_CA0370L9D002417_086","CA0370L9D002417","LOS ANGELES HOMELESS SERVICES AUTHORITY","CA","2025-03-11","2025-03-11250700097810",146423
260040880,"ASST_NON_CA0435L9D002417_086","CA0435L9D002417","LOS ANGELES HOMELESS SERVICES AUTHORITY","CA","2025-03-11","2025-03-11250700097872",120323
260039527,"ASST_NON_CA0383L9D002417_086","CA0383L9D002417","LOS ANGELES HOMELESS SERVICES AUTHORITY","CA","2025-03-11","2025-03-11250700097826",830176
260077232,"ASST_NON_CA1256L9D092411_086","CA1256L9D092411","INLAND TEMPORARY HOMES","CA","2025-03-11","2025-03-11250700097386",757656
260039454,"ASST_NON_CA0374L9D002417_086","CA0374L9D002417","LOS ANGELES HOMELESS SERVICES AUTHORITY","CA","2025-03-11","2025-03-11250700097822",158226
260118148,"ASST_NON_CA2131D9T082402_086","CA2131D9T082402","MONARCH SERVICES-SERVICIOS MONARCA","CA","2025-03-11","2025-03-11250700092380",141753
260038526,"ASST_NON_CA0353L9D002417_086","CA0353L9D002417","LOS ANGELES HOMELESS SERVICES AUTHORITY","CA","2025-03-11","2025-03-11250700097794",1528001
260042578,"ASST_NON_CA0479L9D002417_086","CA0479L9D002417","LOS ANGELES HOMELESS SERVICES AUTHORITY","CA","2025-03-11","2025-03-11250700097198",173128
260039420,"ASST_NON_CA0372L9D002417_086","CA0372L9D002417","LOS ANGELES HOMELESS SERVICES AUTHORITY","CA","2025-03-11","2025-03-11250700097814",310728
260036289,"ASST_NON_CA0313L9T222417_086","CA0313L9T222417","DEPARTMENT OF HEALTH & HUMAN S","CA","2025-03-11","2025-03-11250700092655",74365
260042320,"ASST_NON_CA0457L9D002417_086","CA0457L9D002417","LOS ANGELES HOMELESS SERVICES AUTHORITY","CA","2025-03-11","2025-03-11250700097892",120210
260118188,"ASST_NON_CA2161L9D002402_086","CA2161L9D002402","LOS ANGELES HOMELESS SERVICES AUTHORITY","CA","2025-03-11","2025-03-11250700097268",3312309
260030807,"ASST_NON_CA0230L9T082417_086","CA0230L9T082417","COUNTY OF SANTA CRUZ","CA","2025-03-11","2025-03-11250700092295",71387
260118200,"ASST_NON_CA2165D9D002402_086","CA2165D9D002402","LOS ANGELES HOMELESS SERVICES AUTHORITY","CA","2025-03-11","2025-03-11250700097280",572027
260074979,"ASST_NON_CA1195L9D002411_086","CA1195L9D002411","LOS ANGELES HOMELESS SERVICES AUTHORITY","CA","2025-03-11","2025-03-11250700097709",2169674
260042578,"ASST_NON_CA0479L9D002417_086","CA0479L9D002417","LOS ANGELES HOMELESS SERVICES AUTHORITY","CA","2025-03-11","2025-03-11250700097198",173128
260040880,"ASST_NON_CA0435L9D002417_086","CA0435L9D002417","LOS ANGELES HOMELESS SERVICES AUTHORITY","CA","2025-03-11","2025-03-11250700097872",120323
260117480,"ASST_NON_CA2028D9D002403_086","CA2028D9D002403","LOS ANGELES HOMELESS SERVICES AUTHORITY","CA","2025-03-11","2025-03-11250700097016",839136
260092818,"ASST_NON_CA1602L9D012408_086","CA1602L9D012408","SAN DIEGO HOUSING COMMISSION","CA","2025-03-11","2025-03-11250700097124",1010240
260117588,"ASST_NON_CA2056D9D092403_086","CA2056D9D092403","FAMILY ASSISTANCE PROGRAM","CA","2025-03-11","2025-03-11250700097316",3172340
260116886,"ASST_NON_CA1798L9D032406_086","CA1798L9D032406","GOOD SAMARITAN SHELTER","CA","2025-03-11","2025-03-11250700096872",143621
260117767,"ASST_NON_CA2071Y9T062402_086","CA2071Y9T062402","EPICENTER OF MONTEREY","CA","2025-03-11","2025-03-11250700093041",187200
260116773,"ASST_NON_CA1760L9T142406_086","CA1760L9T142406","WESTCARE CALIFORNIA, INC.","CA","2025-03-11","2025-03-11250700091807",568162
260117517,"ASST_NON_CA2040L9D032403_086","CA2040L9D032403","GOOD SAMARITAN SHELTER","CA","2025-03-11","2025-03-11250700097028",129690
260067657,"ASST_NON_CA0999L9D012411_086","CA0999L9D012411","HOME START, INCORPORATED","CA","2025-03-11","2025-03-11250700097683",348648
260095205,"ASST_NON_CA1697L9D012407_086","CA1697L9D012407","SBCS CORPORATION","CA","2025-03-11","2025-03-11250700097084",693164
260075435,"ASST_NON_CA1208L9D012411_086","CA1208L9D012411","SAN DIEGO HOUSING COMMISSION","CA","2025-03-11","2025-03-11250700097713",775847
260118360,"ASST_NON_CA2288L9D012401_086","CA2288L9D012401","SAN DIEGO HOUSING COMMISSION","CA","2025-03-11","2025-03-11250700097248",1018183
260044524,"ASST_NON_CA0534L9D012417_086","CA0534L9D012417","SAN DIEGO HOUSING COMMISSION","CA","2025-03-11","2025-03-11250700097186",5836996
260118366,"ASST_NON_CA2292L9D032401_086","CA2292L9D032401","GOOD SAMARITAN SHELTER","CA","2025-03-11","2025-03-11250700097256",194908
260085245,"ASST_NON_CA1562L9T102408_086","CA1562L9T102408","WE CARE PROGRAM - TURLOCK","CA","2025-03-11","2025-03-11250700092139",159684
260018360,"ASST_NON_CA0052L9T012417_086","CA0052L9T012417","LARKIN STREET YOUTH SERVICES","CA","2025-03-11","2025-03-11250700092822",470069
260116979,"ASST_NON_CA1833D9T032405_086","CA1833D9T032405","OPENING DOORS, INC","CA","2025-03-11","2025-03-11250700091875",811983
260117490,"ASST_NON_CA2031D9D012403_086","CA2031D9D012403","HOME START, INCORPORATED","CA","2025-03-11","2025-03-11250700097020",1058769
260117077,"ASST_NON_CA1882L9D012405_086","CA1882L9D012405","HOME START, INCORPORATED","CA","2025-03-11","2025-03-11250700096906",502821
260085295,"ASST_NON_CA1574L9T162408_086","CA1574L9T162408","TRAINING, EMPLOYMENT AND COMMUNITY HELP, INC","CA","2025-03-11","2025-03-11250700092151",31911
260084118,"ASST_NON_CA1515L9D032409_086","CA1515L9D032409","GOOD SAMARITAN SHELTER","CA","2025-03-11","2025-03-11250700096968",218766
260118354,"ASST_NON_CA2285L9D012401_086","CA2285L9D012401","SAN DIEGO HOUSING COMMISSION","CA","2025-03-11","2025-03-11250700097240",874776
260023878,"ASST_NON_CA0126L9T022417_086","CA0126L9T022417","LARKIN STREET YOUTH SERVICES","CA","2025-03-11","2025-03-11250700092920",440781
260085259,"ASST_NON_CA1566L9T132408_086","CA1566L9T132408","KINGS/TULARE CONTINUUM OF CARE ON HOMELESSNESS, INC.","CA","2025-03-11","2025-03-11250700092143",399071
260018601,"ASST_NON_CA0061L9T012417_086","CA0061L9T012417","COMMUNITY HOUSING PARTNERSHIP","CA","2025-03-11","2025-03-11250700092840",169193
260118255,"ASST_NON_CA2213Y9T032401_086","CA2213Y9T032401","SACRAMENTO STEPS FORWARD","CA","2025-03-11","2025-03-11250700093000",117000
260072313,"ASST_NON_CA1115L9D012413_086","CA1115L9D012413","PATH","CA","2025-03-11","2025-03-11250700097494",1239828
260118294,"ASST_NON_CA2240L9T032401_086","CA2240L9T032401","SACRAMENTO STEPS FORWARD","CA","2025-03-11","2025-03-11250700092324",433595
260023969,"ASST_NON_CA0135L9T032417_086","CA0135L9T032417","SACRAMENTO STEPS FORWARD","CA","2025-03-11","2025-03-11250700092932",677690
260030824,"ASST_NON_CA0231L9T082417_086","CA0231L9T082417","COUNTY OF SANTA CRUZ","CA","2025-03-11","2025-03-11250700092505",1235927
260073558,"ASST_NON_CA1152L9T032413_086","CA1152L9T032413","SACRAMENTO STEPS FORWARD","CA","2025-03-11","2025-03-11250700092754",586427
260116973,"ASST_NON_CA1832D9T032405_086","CA1832D9T032405","SACRAMENTO STEPS FORWARD","CA","2025-03-11","2025-03-11250700091871",353996
260024095,"ASST_NON_CA0147L9T032417_086","CA0147L9T032417","SACRAMENTO STEPS FORWARD","CA","2025-03-11","2025-03-11250700092940",338345
260118290,"ASST_NON_CA2238L9T032401_086","CA2238L9T032401","SACRAMENTO STEPS FORWARD","CA","2025-03-11","2025-03-11250700092316",985170
260118126,"ASST_NON_CA2120L9T032401_086","CA2120L9T032401","SACRAMENTO STEPS FORWARD","CA","2025-03-11","2025-03-11250700092420",361328
260061635,"ASST_NON_CA0840L9T132411_086","CA0840L9T132411","FAMILY SERVICES OF TULARE COUNTY","CA","2025-03-11","2025-03-11250700092542",96842
260061056,"ASST_NON_CA0828L9T032412_086","CA0828L9T032412","SACRAMENTO STEPS FORWARD","CA","2025-03-11","2025-03-11250700092534",1330259
260117414,"ASST_NON_CA2013L9T202403_086","CA2013L9T202403","MERCED COUNTY COMMUNITY ACTION BOARD","CA","2025-03-11","2025-03-11250700092057",38314
260118253,"ASST_NON_CA2212Y9T032401_086","CA2212Y9T032401","SACRAMENTO STEPS FORWARD","CA","2025-03-11","2025-03-11250700092996",117000
260117237,"ASST_NON_CA1978L9T032403_086","CA1978L9T032403","SACRAMENTO STEPS FORWARD","CA","2025-03-11","2025-03-11250700092017",337002
260024055,"ASST_NON_CA0143L9T032417_086","CA0143L9T032417","SACRAMENTO STEPS FORWARD","CA","2025-03-11","2025-03-11250700092936",481505
260118141,"ASST_NON_CA2128L9T062402_086","CA2128L9T062402","STEP UP ON SECOND STREET, INC.","CA","2025-03-11","2025-03-11250700092376",455923
260011813,"ASST_NON_CA0002L9T002415_086","CA0002L9T002415","SOUTH COUNTY COMMUNITY SERVICES","CA","2025-03-11","2025-03-11250700092447",1185316
260116865,"ASST_NON_CA1793D9D012406_086","CA1793D9D012406","COMMUNITY RESOURCE CENTER","CA","2025-03-11","2025-03-11250700096864",462193
260116990,"ASST_NON_CA1839L9T062405_086","CA1839L9T062405","VETERANS TRANSITION CENTER OF CALIFORNIA","CA","2025-03-11","2025-03-11250700091879",118505
260040109,"ASST_NON_CA0401L9D002417_086","CA0401L9D002417","STEP UP ON SECOND STREET, INC.","CA","2025-03-11","2025-03-11250700097842",150131
260117244,"ASST_NON_CA1980D9T032403_086","CA1980D9T032403","SACRAMENTO STEPS FORWARD","CA","2025-03-11","2025-03-11250700092021",346589
260035390,"ASST_NON_CA0306L9T202415_086","CA0306L9T202415","MERCED COUNTY COMMUNITY ACTION BOARD","CA","2025-03-11","2025-03-11250700092663",88120
260025113,"ASST_NON_CA0150L9T032417_086","CA0150L9T032417","SACRAMENTO STEPS FORWARD","CA","2025-03-11","2025-03-11250700092944",670305
260118289,"ASST_NON_CA2238L9T032300_086","CA2238L9T032300","SACRAMENTO STEPS FORWARD","CA","2025-03-11","2025-03-11250700091782",885267
260116966,"ASST_NON_CA1830L9T032405_086","CA1830L9T032405","SACRAMENTO STEPS FORWARD","CA","2025-03-11","2025-03-11250700091867",766168
260085391,"ASST_NON_CA1598L9D012408_086","CA1598L9D012408","COMMUNITY RESOURCE CENTER","CA","2025-03-11","2025-03-11250700097112",347791
260079121,"ASST_NON_CA1303L9T032410_086","CA1303L9T032410","SACRAMENTO STEPS FORWARD","CA","2025-03-11","2025-03-11250700092256",3950908
269026799,"ASST_NON_NV0109L9T012408_086","NV0109L9T012408","VOLUNTEERS OF AMERICA NORTHERN CALIFORNIA AND NORTHERN NEVADA, INC.","CA","2025-03-11","2025-03-11250700093171",363226
260023935,"ASST_NON_CA0132L9T032417_086","CA0132L9T032417","SACRAMENTO STEPS FORWARD","CA","2025-03-11","2025-03-11250700092928",402385
260116960,"ASST_NON_CA1829L9T032405_086","CA1829L9T032405","SACRAMENTO STEPS FORWARD","CA","2025-03-11","2025-03-11250700091863",521893
260117226,"ASST_NON_CA1974L9T032403_086","CA1974L9T032403","SACRAMENTO STEPS FORWARD","CA","2025-03-11","2025-03-11250700092013",319180
260048108,"ASST_NON_CA0603L9D032417_086","CA0603L9D032417","PATH","CA","2025-03-11","2025-03-11250700096882",1123786
260045145,"ASST_NON_CA0553L9D012417_086","CA0553L9D012417","YMCA OF SAN DIEGO COUNTY","CA","2025-03-11","2025-03-11250700096890",180745
260070107,"ASST_NON_CA1066L9T032410_086","CA1066L9T032410","SACRAMENTO STEPS FORWARD","CA","2025-03-11","2025-03-11250700092580",263622
260118139,"ASST_NON_CA2127L9T062402_086","CA2127L9T062402","STEP UP ON SECOND STREET, INC.","CA","2025-03-11","2025-03-11250700092372",523729
260066763,"ASST_NON_CA0955L9T032411_086","CA0955L9T032411","SACRAMENTO STEPS FORWARD","CA","2025-03-11","2025-03-11250700092684",533219
260118257,"ASST_NON_CA2214Y9T032401_086","CA2214Y9T032401","SACRAMENTO STEPS FORWARD","CA","2025-03-11","2025-03-11250700093004",305795
260067425,"ASST_NON_CA0971L9T132409_086","CA0971L9T132409","FAMILY SERVICES OF TULARE COUNTY","CA","2025-03-11","2025-03-11250700092712",220283
260070938,"ASST_NON_CA1086L9T132412_086","CA1086L9T132412","FAMILY SERVICES OF TULARE COUNTY","CA","2025-03-11","2025-03-11250700092600",159642
260118202,"ASST_NON_CA2166L9D002402_086","CA2166L9D002402","HOUSING AUTHORITY OF THE CITY OF LOS ANGELES","CA","2025-03-11","2025-03-11250700097284",741917
260059587,"ASST_NON_CA0773L9T142416_086","CA0773L9T142416","TURNING POINT OF CENTRAL CALIFORNIA INC","CA","2025-03-11","2025-03-11250700092486",570935
260080392,"ASST_NON_CA1341L9D002410_086","CA1341L9D002410","HOUSING AUTHORITY OF THE CITY OF LOS ANGELES","CA","2025-03-11","2025-03-11250700097344",17770553
260061649,"ASST_NON_CA0841L9T142413_086","CA0841L9T142413","TURNING POINT OF CENTRAL CALIFORNIA INC","CA","2025-03-11","2025-03-11250700092546",941288
260064644,"ASST_NON_CA0923L9D002415_086","CA0923L9D002415","HOUSING AUTHORITY OF THE CITY OF LOS ANGELES","CA","2025-03-11","2025-03-11250700097570",589772
260031692,"ASST_NON_CA0248L9T112415_086","CA0248L9T112415","SAN JOAQUIN COUNTY - HUMAN SERVICES AGENCY","CA","2025-03-11","2025-03-11250700091846",104987
260040149,"ASST_NON_CA0405L9D002417_086","CA0405L9D002417","HOUSING AUTHORITY OF THE CITY OF LOS ANGELES","CA","2025-03-11","2025-03-11250700097846",7282037
260095189,"ASST_NON_CA1693L9D012407_086","CA1693L9D012407","INTERFAITH COMMUNITY SERVICES, INC","CA","2025-03-11","2025-03-11250700097080",264776
260064466,"ASST_NON_CA0917L9D002415_086","CA0917L9D002415","HOUSING AUTHORITY OF THE CITY OF LOS ANGELES","CA","2025-03-11","2025-03-11250700097562",658985
260092748,"ASST_NON_CA1601L9D012408_086","CA1601L9D012408","INTERFAITH COMMUNITY SERVICES, INC","CA","2025-03-11","2025-03-11250700097120",732812
260116808,"ASST_NON_CA1770D9T182406_086","CA1770D9T182406","COMMUNITY ACTION PARTNERSHIP OF SOLANO JPA","CA","2025-03-11","2025-03-11250700091823",90109
260095164,"ASST_NON_CA1689L9D002407_086","CA1689L9D002407","HOUSING AUTHORITY OF THE CITY OF LOS ANGELES","CA","2025-03-11","2025-03-11250700097072",1986881
260041618,"ASST_NON_CA0445L9D002417_086","CA0445L9D002417","HOUSING AUTHORITY OF THE CITY OF LOS ANGELES","CA","2025-03-11","2025-03-11250700097884",449526
260056140,"ASST_NON_CA0728L9D122417_086","CA0728L9D122417","CITY OF GLENDALE","CA","2025-03-11","2025-03-11250700097635",94777
260072295,"ASST_NON_CA1112L9D002409_086","CA1112L9D002409","HOUSING AUTHORITY OF THE CITY OF LOS ANGELES","CA","2025-03-11","2025-03-11250700097490",480596
260117754,"ASST_NON_CA2070Y9T002402_086","CA2070Y9T002402","ST ANDREW'S RESIDENTIAL PROGRAMS FOR YOUTH","CA","2025-03-11","2025-03-11250700093045",1182974
260040701,"ASST_NON_CA0420L9D002417_086","CA0420L9D002417","HOUSING AUTHORITY OF THE CITY OF LOS ANGELES","CA","2025-03-11","2025-03-11250700097858",364409
260078337,"ASST_NON_CA1275L9T052409_086","CA1275L9T052409","HOUSING AUTHORITY OF CONTRA COSTA COUNTY","CA","2025-03-11","2025-03-11250700092236",7987602
260083346,"ASST_NON_CA1484L9T182409_086","CA1484L9T182409","COMMUNITY ACTION PARTNERSHIP OF SOLANO JPA","CA","2025-03-11","2025-03-11250700091937",233589
260039680,"ASST_NON_CA0393L9D002417_086","CA0393L9D002417","HOUSING AUTHORITY OF THE CITY OF LOS ANGELES","CA","2025-03-11","2025-03-11250700097834",1870583
260077220,"ASST_NON_CA1255L9T142410_086","CA1255L9T142410","TURNING POINT OF CENTRAL CALIFORNIA INC","CA","2025-03-11","2025-03-11250700092452",247007
260043585,"ASST_NON_CA0518L9D002417_086","CA0518L9D002417","UPWARD BOUND HOUSE","CA","2025-03-11","2025-03-11250700097432",293442
260080355,"ASST_NON_CA1337L9D002410_086","CA1337L9D002410","HOUSING AUTHORITY OF THE CITY OF LOS ANGELES","CA","2025-03-11","2025-03-11250700097332",2850916
260065948,"ASST_NON_CA0948L9D122415_086","CA0948L9D122415","CITY OF GLENDALE","CA","2025-03-11","2025-03-11250700097594",102366
260080381,"ASST_NON_CA1340L9D002410_086","CA1340L9D002410","HOUSING AUTHORITY OF THE CITY OF LOS ANGELES","CA","2025-03-11","2025-03-11250700097340",556918
260040173,"ASST_NON_CA0407L9D002417_086","CA0407L9D002417","HOUSING AUTHORITY OF THE CITY OF LOS ANGELES","CA","2025-03-11","2025-03-11250700097850",258036
260032421,"ASST_NON_CA0252L9T112416_086","CA0252L9T112416","SAN JOAQUIN COUNTY - HUMAN SERVICES AGENCY","CA","2025-03-11","2025-03-11250700092287",555834
260060142,"ASST_NON_CA0783L9D002416_086","CA0783L9D002416","HOUSING AUTHORITY OF THE CITY OF LOS ANGELES","CA","2025-03-11","2025-03-11250700097400",493756
260118154,"ASST_NON_CA2136D9T112401_086","CA2136D9T112401","SAN JOAQUIN COUNTY - HUMAN SERVICES AGENCY","CA","2025-03-11","2025-03-11250700092384",548920
260064337,"ASST_NON_CA0902L9T112415_086","CA0902L9T112415","SAN JOAQUIN COUNTY - HUMAN SERVICES AGENCY","CA","2025-03-11","2025-03-11250700092640",1331365
260061586,"ASST_NON_CA0835L9T112410_086","CA0835L9T112410","SAN JOAQUIN COUNTY - HUMAN SERVICES AGENCY","CA","2025-03-11","2025-03-11250700092538",457324
260039702,"ASST_NON_CA0395L9D002417_086","CA0395L9D002417","HOUSING AUTHORITY OF THE CITY OF LOS ANGELES","CA","2025-03-11","2025-03-11250700097838",2345834
260078302,"ASST_NON_CA1271L9D122411_086","CA1271L9D122411","CITY OF GLENDALE","CA","2025-03-11","2025-03-11250700097394",307558
260032438,"ASST_NON_CA0253L9T112417_086","CA0253L9T112417","SAN JOAQUIN COUNTY - HUMAN SERVICES AGENCY","CA","2025-03-11","2025-03-11250700091960",4225187
260081462,"ASST_NON_CA1403L9T132409_086","CA1403L9T132409","CENTRAL CALIFORNIA FAMILY CRISIS CENTER, INC.","CA","2025-03-11","2025-03-11250700092177",229290
260042530,"ASST_NON_CA0474L9D002417_086","CA0474L9D002417","HOUSING AUTHORITY OF THE CITY OF LOS ANGELES","CA","2025-03-11","2025-03-11250700096924",3273573
260075882,"ASST_NON_CA1217L9D002412_086","CA1217L9D002412","HOUSING AUTHORITY OF THE CITY OF LOS ANGELES","CA","2025-03-11","2025-03-11250700097717",2163252
260067627,"ASST_NON_CA0996L9D002410_086","CA0996L9D002410","HOUSING AUTHORITY OF THE CITY OF LOS ANGELES","CA","2025-03-11","2025-03-11250700097675",982162
260080370,"ASST_NON_CA1339L9D002410_086","CA1339L9D002410","HOUSING AUTHORITY OF THE CITY OF LOS ANGELES","CA","2025-03-11","2025-03-11250700097336",1375462
260060257,"ASST_NON_CA0798L9D002416_086","CA0798L9D002416","HOUSING AUTHORITY OF THE CITY OF LOS ANGELES","CA","2025-03-11","2025-03-11250700097412",1423829
260042420,"ASST_NON_CA0464L9D002417_086","CA0464L9D002417","HOUSING AUTHORITY OF THE CITY OF LOS ANGELES","CA","2025-03-11","2025-03-11250700097446",3809190
260067637,"ASST_NON_CA0997L9D002409_086","CA0997L9D002409","HOUSING AUTHORITY OF THE CITY OF LOS ANGELES","CA","2025-03-11","2025-03-11250700097679",469630
260056017,"ASST_NON_CA0724L9D122417_086","CA0724L9D122417","CITY OF GLENDALE","CA","2025-03-11","2025-03-11250700097631",1115340
260056936,"ASST_NON_CA0733L9D122417_086","CA0733L9D122417","CITY OF GLENDALE","CA","2025-03-11","2025-03-11250700097643",507137
260064263,"ASST_NON_CA0892L9T052415_086","CA0892L9T052415","HOUSING AUTHORITY OF CONTRA COSTA COUNTY","CA","2025-03-11","2025-03-11250700092628",434610
260064621,"ASST_NON_CA0920L9D002415_086","CA0920L9D002415","HOUSING AUTHORITY OF THE CITY OF LOS ANGELES","CA","2025-03-11","2025-03-11250700097566",4157661
260060210,"ASST_NON_CA0797L9D002416_086","CA0797L9D002416","HOUSING AUTHORITY OF THE CITY OF LOS ANGELES","CA","2025-03-11","2025-03-11250700097408",3611036
260042513,"ASST_NON_CA0473L9D002417_086","CA0473L9D002417","HOUSING AUTHORITY OF THE CITY OF LOS ANGELES","CA","2025-03-11","2025-03-11250700097202",3008400
260071913,"ASST_NON_CA1106L9D002409_086","CA1106L9D002409","HOUSING AUTHORITY OF THE CITY OF LOS ANGELES","CA","2025-03-11","2025-03-11250700097482",293654
260076343,"ASST_NON_CA1224L9D002412_086","CA1224L9D002412","HOUSING AUTHORITY OF THE CITY OF LOS ANGELES","CA","2025-03-11","2025-03-11250700097733",276660
260085361,"ASST_NON_CA1594L9D002408_086","CA1594L9D002408","HOUSING AUTHORITY OF THE CITY OF LOS ANGELES","CA","2025-03-11","2025-03-11250700097104",527897
260064451,"ASST_NON_CA0916L9D002415_086","CA0916L9D002415","HOUSING AUTHORITY OF THE CITY OF LOS ANGELES","CA","2025-03-11","2025-03-11250700097558",950739
260060273,"ASST_NON_CA0799L9D002416_086","CA0799L9D002416","HOUSING AUTHORITY OF THE CITY OF LOS ANGELES","CA","2025-03-11","2025-03-11250700097416",752179
260058757,"ASST_NON_CA0763L9T112414_086","CA0763L9T112414","SAN JOAQUIN COUNTY - HUMAN SERVICES AGENCY","CA","2025-03-11","2025-03-11250700092478",245991
260056910,"ASST_NON_CA0731L9D122417_086","CA0731L9D122417","CITY OF GLENDALE","CA","2025-03-11","2025-03-11250700097639",239992
260082853,"ASST_NON_CA1455L9D122409_086","CA1455L9D122409","CITY OF GLENDALE","CA","2025-03-11","2025-03-11250700097174",661395
260068968,"ASST_NON_CA1049L9D002414_086","CA1049L9D002414","HOUSING AUTHORITY OF THE CITY OF LOS ANGELES","CA","2025-03-11","2025-03-11250700097530",820813
260069559,"ASST_NON_CA1050L9D002414_086","CA1050L9D002414","HOUSING AUTHORITY OF THE CITY OF LOS ANGELES","CA","2025-03-11","2025-03-11250700097534",1050359
260037049,"ASST_NON_CA0329L9D002411_086","CA0329L9D002411","HOUSING AUTHORITY OF THE CITY OF LOS ANGELES","CA","2025-03-11","2025-03-11250700097704",3281460
260083398,"ASST_NON_CA1492L9D002409_086","CA1492L9D002409","HOUSING AUTHORITY OF THE CITY OF LOS ANGELES","CA","2025-03-11","2025-03-11250700096932",2379874
260037567,"ASST_NON_CA0336L9D002417_086","CA0336L9D002417","HOUSING AUTHORITY OF THE CITY OF LOS ANGELES","CA","2025-03-11","2025-03-11250700097766",2392354
260093092,"ASST_NON_CA1622L9D122408_086","CA1622L9D122408","CITY OF GLENDALE","CA","2025-03-11","2025-03-11250700097140",136986
260076320,"ASST_NON_CA1220L9D002412_086","CA1220L9D002412","HOUSING AUTHORITY OF THE CITY OF LOS ANGELES","CA","2025-03-11","2025-03-11250700097729",720524
260037002,"ASST_NON_CA0324L9D002412_086","CA0324L9D002412","HOUSING AUTHORITY OF THE CITY OF LOS ANGELES","CA","2025-03-11","2025-03-11250700097467",2641986
260080478,"ASST_NON_CA1352L9D022410_086","CA1352L9D022410","MERCY HOUSE LIVING CENTERS","CA","2025-03-11","2025-03-11250700097360",4328557
260079692,"ASST_NON_CA1320L9T142410_086","CA1320L9T142410","TURNING POINT OF CENTRAL CALIFORNIA INC","CA","2025-03-11","2025-03-11250700092434",1190555
260084008,"ASST_NON_CA1500L9D002409_086","CA1500L9D002409","HOUSING AUTHORITY OF THE CITY OF LOS ANGELES","CA","2025-03-11","2025-03-11250700096940",303032
260083388,"ASST_NON_CA1491L9D002409_086","CA1491L9D002409","HOUSING AUTHORITY OF THE CITY OF LOS ANGELES","CA","2025-03-11","2025-03-11250700096928",1307922
260072834,"ASST_NON_CA1120L9D022412_086","CA1120L9D022412","MERCY HOUSE LIVING CENTERS","CA","2025-03-11","2025-03-11250700097502",644398
260039663,"ASST_NON_CA0392L9D002417_086","CA0392L9D002417","HOUSING AUTHORITY OF THE CITY OF LOS ANGELES","CA","2025-03-11","2025-03-11250700097830",676424
260032386,"ASST_NON_CA0250L9T112416_086","CA0250L9T112416","SAN JOAQUIN COUNTY - HUMAN SERVICES AGENCY","CA","2025-03-11","2025-03-11250700091972",491614
260044604,"ASST_NON_CA0539L9D012417_086","CA0539L9D012417","CATHOLIC CHARITIES, DIOCESE OF SAN DIEGO","CA","2025-03-11","2025-03-11250700097000",35782
260040912,"ASST_NON_CA0438L9D002417_086","CA0438L9D002417","HOUSING AUTHORITY OF THE CITY OF LOS ANGELES","CA","2025-03-11","2025-03-11250700097876",490964
260041601,"ASST_NON_CA0444L9D002417_086","CA0444L9D002417","HOUSING AUTHORITY OF THE CITY OF LOS ANGELES","CA","2025-03-11","2025-03-11250700097880",843792
260032401,"ASST_NON_CA0251L9T112415_086","CA0251L9T112415","SAN JOAQUIN COUNTY - HUMAN SERVICES AGENCY","CA","2025-03-11","2025-03-11250700091968",231053
260037550,"ASST_NON_CA0335L9D002417_086","CA0335L9D002417","HOUSING AUTHORITY OF THE CITY OF LOS ANGELES","CA","2025-03-11","2025-03-11250700097762",225218
260117101,"ASST_NON_CA1888L9D022405_086","CA1888L9D022405","MERCY HOUSE LIVING CENTERS","CA","2025-03-11","2025-03-11250700096918",331413
260043602,"ASST_NON_CA0519L9D002417_086","CA0519L9D002417","HOUSING AUTHORITY OF THE CITY OF LOS ANGELES","CA","2025-03-11","2025-03-11250700097192",1026250
260069573,"ASST_NON_CA1051L9D002414_086","CA1051L9D002414","HOUSING AUTHORITY OF THE CITY OF LOS ANGELES","CA","2025-03-11","2025-03-11250700097538",766377
260080467,"ASST_NON_CA1351L9D022410_086","CA1351L9D022410","MERCY HOUSE LIVING CENTERS","CA","2025-03-11","2025-03-11250700097356",689061
260077209,"ASST_NON_CA1253L9D012411_086","CA1253L9D012411","INTERFAITH COMMUNITY SERVICES, INC","CA","2025-03-11","2025-03-11250700097208",427920
260065864,"ASST_NON_CA0944L9D012415_086","CA0944L9D012415","INTERFAITH COMMUNITY SERVICES, INC","CA","2025-03-11","2025-03-11250700097590",130204
260079144,"ASST_NON_CA1307L9T072410_086","CA1307L9T072410","HOMEWARD BOUND OF MARIN","CA","2025-03-11","2025-03-11250700092426",804696
260067786,"ASST_NON_CA1018L9D092409_086","CA1018L9D092409","HOUSING AUTHORITY OF THE COUNTY OF SAN BERNARDINO","CA","2025-03-11","2025-03-11250700097695",279830
260048713,"ASST_NON_CA0615L9D112417_086","CA0615L9D112417","TURNING POINT FOUNDATION","CA","2025-03-11","2025-03-11250700096982",177634
260055993,"ASST_NON_CA0721L9D112417_086","CA0721L9D112417","TURNING POINT FOUNDATION","CA","2025-03-11","2025-03-11250700097627",49579
260117613,"ASST_NON_CA2058L9D112403_086","CA2058L9D112403","MANY MANSIONS, A CALIFORNIA NONPROFIT CORPORATION","CA","2025-03-11","2025-03-11250700097320",47430
260083191,"ASST_NON_CA1473L9T072409_086","CA1473L9T072409","HOMEWARD BOUND OF MARIN","CA","2025-03-11","2025-03-11250700091921",527142
260063603,"ASST_NON_CA0879L9D092413_086","CA0879L9D092413","NEW HOPE VILLAGE, INC.","CA","2025-03-11","2025-03-11250700097466",61227
260072926,"ASST_NON_CA1138L9D092409_086","CA1138L9D092409","HOUSING AUTHORITY OF THE COUNTY OF SAN BERNARDINO","CA","2025-03-11","2025-03-11250700097518",5463411
260081451,"ASST_NON_CA1401L9T122409_086","CA1401L9T122409","COUNTY OF SAN MATEO HUMAN SERVICES","CA","2025-03-11","2025-03-11250700092173",85718
260117959,"ASST_NON_CA2086Y9T062402_086","CA2086Y9T062402","COMMUNITY HOMELESS SOLUTIONS","CA","2025-03-11","2025-03-11250700092984",349631
260063574,"ASST_NON_CA0876L9D092410_086","CA0876L9D092410","HOUSING AUTHORITY OF THE COUNTY OF SAN BERNARDINO","CA","2025-03-11","2025-03-11250700097458",667716
260118157,"ASST_NON_CA2137L9T122402_086","CA2137L9T122402","HOUSING AUTHORITY OF COUNTY OF SAN M","CA","2025-03-11","2025-03-11250700092388",693233
260076627,"ASST_NON_CA1239L9D112411_086","CA1239L9D112411","TURNING POINT FOUNDATION","CA","2025-03-11","2025-03-11250700097737",42315
260048670,"ASST_NON_CA0611L9D112417_086","CA0611L9D112417","MANY MANSIONS, A CALIFORNIA NONPROFIT CORPORATION","CA","2025-03-11","2025-03-11250700097212",150847
260085335,"ASST_NON_CA1587L9T262408_086","CA1587L9T262408","AMADOR TUOLUMNE COMMUNITY ACTION AGENCY","CA","2025-03-11","2025-03-11250700092155",53185
260048692,"ASST_NON_CA0613L9D112417_086","CA0613L9D112417","MANY MANSIONS, A CALIFORNIA NONPROFIT CORPORATION","CA","2025-03-11","2025-03-11250700096986",200524
260084636,"ASST_NON_CA1520L9D112409_086","CA1520L9D112409","TURNING POINT FOUNDATION","CA","2025-03-11","2025-03-11250700096976",182160
260080320,"ASST_NON_CA1332L9T262409_086","CA1332L9T262409","AMADOR TUOLUMNE COMMUNITY ACTION AGENCY","CA","2025-03-11","2025-03-11250700092446",50197
260063589,"ASST_NON_CA0878L9D092410_086","CA0878L9D092410","HOUSING AUTHORITY OF THE COUNTY OF SAN BERNARDINO","CA","2025-03-11","2025-03-11250700097462",343686
260029528,"ASST_NON_CA0218L9T072417_086","CA0218L9T072417","HOMEWARD BOUND OF MARIN","CA","2025-03-11","2025-03-11250700092421",481902
260117267,"ASST_NON_CA1988D9T062403_086","CA1988D9T062403","COMMUNITY HOMELESS SOLUTIONS","CA","2025-03-11","2025-03-11250700092037",522676
260048795,"ASST_NON_CA0619L9D112417_086","CA0619L9D112417","TURNING POINT FOUNDATION","CA","2025-03-11","2025-03-11250700097176",40167
260066907,"ASST_NON_CA0968L9T122409_086","CA0968L9T122409","HOUSING AUTHORITY OF COUNTY OF SAN M","CA","2025-03-11","2025-03-11250700092708",10953709
260067568,"ASST_NON_CA0989L9T262412_086","CA0989L9T262412","AMADOR TUOLUMNE COMMUNITY ACTION AGENCY","CA","2025-03-11","2025-03-11250700092728",30072
260078437,"ASST_NON_CA1283L9T122408_086","CA1283L9T122408","HOUSING AUTHORITY OF COUNTY OF SAN M","CA","2025-03-11","2025-03-11250700092244",338617
260118309,"ASST_NON_CA2250L9T082300_086","CA2250L9T082300","HOUSING MATTERS","CA","2025-03-12","2025-03-12250710064766",313548
260118308,"ASST_NON_CA2249T9T082300_086","CA2249T9T082300","FAMILIES IN TRANSITION OF SANTA CRUZ INC","CA","2025-03-12","2025-03-12250710064770",571952
260118311,"ASST_NON_CA2251L9T082300_086","CA2251L9T082300","COUNTY OF SANTA CRUZ","CA","2025-03-12","2025-03-12250710064774",270910
260118384,"ASST_NON_CA2315L9T062300_086","CA2315L9T062300","STEP UP ON SECOND STREET, INC.","CA","2025-03-12","2025-03-12250710064778",135918
260118383,"ASST_NON_CA2314L9T062300_086","CA2314L9T062300","STEP UP ON SECOND STREET, INC.","CA","2025-03-12","2025-03-12250710064782",135918
260118295,"ASST_NON_CA2241L9T032300_086","CA2241L9T032300","SHELTER, INC.","CA","2025-03-13","2025-03-13250720066216",3809573
260118336,"ASST_NON_CA2272L9T242300_086","CA2272L9T242300","SUTTER YUBA HOMELESS CONSORTIUM","CA","2025-03-14","2025-03-14250730049746",50000
260118333,"ASST_NON_CA2269L9T212300_086","CA2269L9T212300","YOLO COUNTY HOMELESS & POVERTY ACTION COALITION","CA","2025-03-14","2025-03-14250730049742",50000
260118287,"ASST_NON_CA2236L9T022300_086","CA2236L9T022300","COUNTY OF ALAMEDA","CA","2025-03-18","2025-03-18250770030654",1500000
260118302,"ASST_NON_CA2245L9T052300_086","CA2245L9T052300","COUNTY OF CONTRA COSTA","CA","2025-03-19","2025-03-19250780032948",841352
260118276,"ASST_NON_CA2230L9T002300_086","CA2230L9T002300","WEST VALLEY COMMUNITY SERVICES OF SANTA CLARA COUNTY, INC.","CA","2025-04-11","2025-04-11251010034998",547016
260117806,"ASST_NON_CA2074Y9T062402_086","CA2074Y9T062402","COALITION OF HOMELESS SERVICES PROVIDERS","CA","2025-05-05","2025-05-05251250032670",100405
260117716,"ASST_NON_CA2067Y9T062402_086","CA2067Y9T062402","COALITION OF HOMELESS SERVICES PROVIDERS","CA","2025-05-05","2025-05-05251250032666",159555
260045677,"ASST_NON_CA0562L9D022415_086","CA0562L9D022415","AMERICAN FAMILY HOUSING","CA","2025-05-05","2025-05-05251250033964",1144063
260117301,"ASST_NON_CA2003L9T142403_086","CA2003L9T142403","POVERELLO HOUSE","CA","2025-05-05","2025-05-05251250032701",373842
260118301,"ASST_NON_CA2244D9T052401_086","CA2244D9T052401","SHELTER, INC.","CA","2025-05-05","2025-05-05251250032654",635630
260077869,"ASST_NON_CA1269L9D022411_086","CA1269L9D022411","INTERVAL HOUSE","CA","2025-05-05","2025-05-05251250033932",302387
260117096,"ASST_NON_CA1887D9D022405_086","CA1887D9D022405","INTERVAL HOUSE","CA","2025-05-05","2025-05-05251250033890",1173352
260118136,"ASST_NON_CA2125L9T062402_086","CA2125L9T062402","FRANCISCAN WORKERS OF JUNIPERO SERRA","CA","2025-05-05","2025-05-05251250032705",226567
260118119,"ASST_NON_CA2116D9T022402_086","CA2116D9T022402","RUBY'S PLACE","CA","2025-05-05","2025-05-05251250032751",1044901
260118277,"ASST_NON_CA2230L9T002401_086","CA2230L9T002401","WEST VALLEY COMMUNITY SERVICES OF SANTA CLARA COUNTY, INC.","CA","2025-05-05","2025-05-05251250032739",619836
260081593,"ASST_NON_CA1428L9T262407_086","CA1428L9T262407","SIERRA HOPE","CA","2025-05-05","2025-05-05251250032730",156371
260036973,"ASST_NON_CA0320L9T262414_086","CA0320L9T262414","SIERRA HOPE","CA","2025-05-05","2025-05-05251250032784",61066
260060834,"ASST_NON_CA0803L9D012416_086","CA0803L9D012416","THE ASSOCIATION FOR COMMUNITY HOUSING SOLUTIONS","CA","2025-05-05","2025-05-05251250033914",1023431
260060834,"ASST_NON_CA0803L9D012416_086","CA0803L9D012416","THE ASSOCIATION FOR COMMUNITY HOUSING SOLUTIONS","CA","2025-05-05","2025-05-05251250033914",1023431
260095172,"ASST_NON_CA1690L9D012407_086","CA1690L9D012407","CRISIS HOUSE","CA","2025-05-05","2025-05-05251250033902",928227
260118358,"ASST_NON_CA2287L9D012401_086","CA2287L9D012401","CRISIS HOUSE","CA","2025-05-05","2025-05-05251250033870",387177
260080614,"ASST_NON_CA1364L9D082410_086","CA1364L9D082410","COUNTY OF RIVERSIDE","CA","2025-05-05","2025-05-05251250033936",2258201
260117548,"ASST_NON_CA2053L9D082402_086","CA2053L9D082402","COUNTY OF RIVERSIDE","CA","2025-05-05","2025-05-05251250033881",1038827
260081699,"ASST_NON_CA1433L9D012409_086","CA1433L9D012409","CRISIS HOUSE","CA","2025-05-05","2025-05-05251250033918",649322
260068815,"ASST_NON_CA1041L9T162414_086","CA1041L9T162414","SHASTA COMMUNITY HEALTH CENTER","CA","2025-05-05","2025-05-05251250032800",314880
260081582,"ASST_NON_CA1424L9T222409_086","CA1424L9T222409","2-1-1 HUMBOLDT INFORMATION AND RESOURCE CENTER","CA","2025-05-05","2025-05-05251250032726",33557
260014218,"ASST_NON_CA0021L9T002417_086","CA0021L9T002417","COUNTY OF SANTA CLARA","CA","2025-05-05","2025-05-05251250032693",5450415
260118212,"ASST_NON_CA2170L9D012402_086","CA2170L9D012402","CITY OF CARLSBAD","CA","2025-05-05","2025-05-05251250033913",571985
260083359,"ASST_NON_CA1486L9T262409_086","CA1486L9T262409","COUNTY OF MARIPOSA","CA","2025-05-05","2025-05-05251250032722",38414
260077834,"ASST_NON_CA1262L9T312410_086","CA1262L9T312410","COUNTY OF NEVADA","CA","2025-05-05","2025-05-05251250032718",208071
260030283,"ASST_NON_CA0221L9T072417_086","CA0221L9T072417","HOUSING AUTHORITY OF THE COUNTY OF MARIN","CA","2025-05-05","2025-05-05251250032768",1882423
260067485,"ASST_NON_CA0978L9T312410_086","CA0978L9T312410","COUNTY OF NEVADA","CA","2025-05-05","2025-05-05251250032796",18393
260116893,"ASST_NON_CA1799L9D042406_086","CA1799L9D042406","COMMUNITY ACTION PARTNERSHIP OF KERN","CA","2025-05-05","2025-05-05251250033906",251909
260052244,"ASST_NON_CA0662L9D072417_086","CA0662L9D072417","CITY OF PASADENA","CA","2025-05-05","2025-05-05251250033968",1488019
260118163,"ASST_NON_CA2142L9T142402_086","CA2142L9T142402","COMMUNITY ACTION PARTNERSHIP OF MADERA COUNTY, INC.","CA","2025-05-05","2025-05-05251250032759",576254
260117271,"ASST_NON_CA1989D9T062403_086","CA1989D9T062403","THE YWCA OF MONTEREY COUNTY","CA","2025-05-05","2025-05-05251250032651",700078
260093111,"ASST_NON_CA1625L9D132408_086","CA1625L9D132408","IMPERIAL COUNTY","CA","2025-05-05","2025-05-05251250033898",46800
260117389,"ASST_NON_CA2011L9T192403_086","CA2011L9T192403","CATALYST DOMESTIC VIOLENCE SERVICES","CA","2025-05-05","2025-05-05251250032735",125151
260074992,"ASST_NON_CA1197L9D042411_086","CA1197L9D042411","HOUSING AUTHORITY OF THE COUNTY OF KERN","CA","2025-05-05","2025-05-05251250033945",5626523
260062995,"ASST_NON_CA0865L9D022411_086","CA0865L9D022411","ORANGE COUNTY HOUSING AUTHORITY","CA","2025-05-05","2025-05-05251250033954",1189035
260059628,"ASST_NON_CA0777L9T172416_086","CA0777L9T172416","COUNTY OF NAPA","CA","2025-05-05","2025-05-05251250032788",137711
260081504,"ASST_NON_CA1415L9T172409_086","CA1415L9T172409","COUNTY OF NAPA","CA","2025-05-05","2025-05-05251250032709",473794
260116760,"ASST_NON_CA1757D9T122406_086","CA1757D9T122406","CORA COMMUNITY OVERCOMING RELATIONSHIP ABUSE","CA","2025-05-05","2025-05-05251250032658",1151716
260093101,"ASST_NON_CA1623L9D132408_086","CA1623L9D132408","WOMANHAVEN","CA","2025-05-05","2025-05-05251250033894",150172
260082841,"ASST_NON_CA1452L9D092409_086","CA1452L9D092409","INLAND SOUTHERN CALIFORNIA 211+","CA","2025-05-05","2025-05-05251250033922",428790
260035469,"ASST_NON_CA0308L9T212417_086","CA0308L9T212417","YOLO COMMUNITY CARE CONTINUUM","CA","2025-05-05","2025-05-05251250032780",120327
260037019,"ASST_NON_CA0325L9D002416_086","CA0325L9D002416","LOS ANGELES HOMELESS SERVICES AUTHORITY","CA","2025-05-05","2025-05-05251250033950",2544071
260118342,"ASST_NON_CA2277D9T292401_086","CA2277D9T292401","LAKE FAMILY RESOURCE CENTER","CA","2025-05-05","2025-05-05251250032645",5230
260118206,"ASST_NON_CA2168L9D012402_086","CA2168L9D012402","SAN DIEGO HOUSING COMMISSION","CA","2025-05-05","2025-05-05251250033875",2214981
260034570,"ASST_NON_CA0286L9T152417_086","CA0286L9T152417","STAND UP PLACER, INC.","CA","2025-05-05","2025-05-05251250032776",494263
260116587,"ASST_NON_CA1702L9D032407_086","CA1702L9D032407","NBCC","CA","2025-05-05","2025-05-05251250033941",245921
260118282,"ASST_NON_CA2233D9T022401_086","CA2233D9T022401","SAFE ALTERNATIVES TO VIOLENT ENVIRONMENTS, INC.","CA","2025-05-05","2025-05-05251250032641",879183
260117039,"ASST_NON_CA1866D9T222405_086","CA1866D9T222405","ARCATA HOUSE PARTNERSHIP","CA","2025-05-05","2025-05-05251250032682",17815
260118109,"ASST_NON_CA2112D9T002402_086","CA2112D9T002402","COMMUNITY SOLUTIONS FOR CHILDREN, FAMILIES AND INDIVIDUALS","CA","2025-05-05","2025-05-05251250032747",1005508
260071883,"ASST_NON_CA1101L9T222412_086","CA1101L9T222412","ARCATA HOUSE PARTNERSHIP","CA","2025-05-05","2025-05-05251250032714",642518
260117985,"ASST_NON_CA2088Y9T002402_086","CA2088Y9T002402","COMMUNITY SOLUTIONS FOR CHILDREN, FAMILIES AND INDIVIDUALS","CA","2025-05-05","2025-05-05251250032674",1322843
260061070,"ASST_NON_CA0829L9T042413_086","CA0829L9T042413","COMMITTEE ON THE SHELTERLESS","CA","2025-05-05","2025-05-05251250032760",322603
260084179,"ASST_NON_CA1519L9D092409_086","CA1519L9D092409","STEP UP ON SECOND STREET, INC.","CA","2025-05-05","2025-05-05251250033908",3992683
269025400,"ASST_NON_NV0016L9T012417_086","NV0016L9T012417","VOLUNTEERS OF AMERICA NORTHERN CALIFORNIA AND NORTHERN NEVADA, INC.","CA","2025-05-05","2025-05-05251250032684",1417933
260118284,"ASST_NON_CA2234L9T022401_086","CA2234L9T022401","INSIGHT HOUSING","CA","2025-05-05","2025-05-05251250032743",792251
260035358,"ASST_NON_CA0303L9T192417_086","CA0303L9T192417","BUTTE, COUNTY OF","CA","2025-05-05","2025-05-05251250032697",153355
260116820,"ASST_NON_CA1775L9T192406_086","CA1775L9T192406","BUTTE, COUNTY OF","CA","2025-05-05","2025-05-05251250032662",38550
260084108,"ASST_NON_CA1514L9D022409_086","CA1514L9D022409","MERCY HOUSE LIVING CENTERS","CA","2025-05-05","2025-05-05251250033926",2755224
260042372,"ASST_NON_CA0460L9D002417_086","CA0460L9D002417","THE PEOPLE CONCERN","CA","2025-05-05","2025-05-05251250033960",115958
260117627,"ASST_NON_CA2059D9D112403_086","CA2059D9D112403","COALITION FOR FAMILY HARMONY","CA","2025-05-05","2025-05-05251250033885",802936
260038563,"ASST_NON_CA0356L9D002416_086","CA0356L9D002416","APLA HEALTH & WELLNESS","CA","2025-05-05","2025-05-05251250033956",1066952
260030859,"ASST_NON_CA0234L9T082417_086","CA0234L9T082417","HOUSING AUTHORITY OF THE COUNTY OF SANTA CRUZ","CA","2025-05-05","2025-05-05251250032772",1858050
260118144,"ASST_NON_CA2129L9T072402_086","CA2129L9T072402","HOMEWARD BOUND OF MARIN","CA","2025-05-05","2025-05-05251250032755",256360
260085344,"ASST_NON_CA1588L9T262408_086","CA1588L9T262408","AMADOR TUOLUMNE COMMUNITY ACTION AGENCY","CA","2025-05-05","2025-05-05251250032678",81174
260084739,"ASST_NON_CA1539L9T022408_086","CA1539L9T022408","COUNTY OF ALAMEDA","CA","2025-05-29","2025-05-29251490033207",1104236
260118397,"ASST_NON_CA2348L9T132400_086","CA2348L9T132400","KINGS/TULARE CONTINUUM OF CARE ON HOMELESSNESS, INC.","CA","2025-06-02","2025-06-02251530070006",166794
260117020,"ASST_NON_CA1861L9T182203_086","CA1861L9T182203","SHELTER, INC.","CA","2025-06-04","2025-06-04251550090626",-12299
260066841,"ASST_NON_CA0965L9T102209_086","CA0965L9T102209","STANISLAUS COUNTY AFFORDABLE HOUSING CORP","CA","2025-06-04","2025-06-04251550090976",-34347.5
260074448,"ASST_NON_CA1183L9T132209_086","CA1183L9T132209","KINGS COMMUNITY ACTION ORGANIZATION, INCORPORATED","CA","2025-06-04","2025-06-04251550090731",-1073.25
260117246,"ASST_NON_CA1981D9T032201_086","CA1981D9T032201","SHELTER, INC.","CA","2025-06-04","2025-06-04251550090578",-171160
260064235,"ASST_NON_CA0890L9T042213_086","CA0890L9T042213","SONOMA COUNTY COMMUNITY DEVELOPMENT COMMISSION","CA","2025-06-04","2025-06-04251550090569",-42101.06
260095179,"ASST_NON_CA1692L9D012205_086","CA1692L9D012205","VIETNAM VETERANS OF SAN DIEGO","CA","2025-06-04","2025-06-04251550094566",-126480.94
260117249,"ASST_NON_CA1983L9T042100_086","CA1983L9T042100","THE SOCIETY OF ST VINCENT DE PAUL DISTRICT COUNCIL OF SONOMA COUNTY","CA","2025-06-04","2025-06-04251550090459",-128625.53
260117299,"ASST_NON_CA2003L9T142201_086","CA2003L9T142201","POVERELLO HOUSE","CA","2025-06-04","2025-06-04251550090608",-20868.23
260093226,"ASST_NON_CA1633L9T132105_086","CA1633L9T132105","KINGS COMMUNITY ACTION ORGANIZATION, INCORPORATED","CA","2025-06-04","2025-06-04251550090086",-38062.71
260118168,"ASST_NON_CA2147D9T182200_086","CA2147D9T182200","SHELTER, INC.","CA","2025-06-04","2025-06-04251550091794",-38304
260093293,"ASST_NON_CA1651L9T052104_086","CA1651L9T052104","COUNTY OF CONTRA COSTA","CA","2025-06-04","2025-06-04251550089817",-140380.88
260093225,"ASST_NON_CA1633L9T132004_086","CA1633L9T132004","KINGS COMMUNITY ACTION ORGANIZATION, INCORPORATED","CA","2025-06-04","2025-06-04251550089051",-33711.31
260093224,"ASST_NON_CA1633L9T131903_086","CA1633L9T131903","KINGS COMMUNITY ACTION ORGANIZATION, INCORPORATED","CA","2025-06-04","2025-06-04251550088779",-21704.01
260077846,"ASST_NON_CA1264L9T132207_086","CA1264L9T132207","KINGS COMMUNITY ACTION ORGANIZATION, INCORPORATED","CA","2025-06-04","2025-06-04251550091041",-652.47
260116738,"ASST_NON_CA1746D9T052103_086","CA1746D9T052103","SHELTER, INC.","CA","2025-06-04","2025-06-04251550089990",-53247
260117295,"ASST_NON_CA2002L9T142201_086","CA2002L9T142201","POVERELLO HOUSE","CA","2025-06-04","2025-06-04251550091005",-45825.66
260070661,"ASST_NON_CA1071L9T052109_086","CA1071L9T052109","COUNTY OF CONTRA COSTA","CA","2025-06-04","2025-06-04251550089823",-516.14
260068378,"ASST_NON_CA1037L9T102212_086","CA1037L9T102212","STANISLAUS COUNTY AFFORDABLE HOUSING CORP","CA","2025-06-04","2025-06-04251550090982",-13279.71
260025311,"ASST_NON_CA0170L9T042114_086","CA0170L9T042114","SONOMA COUNTY COMMUNITY DEVELOPMENT COMMISSION","CA","2025-06-04","2025-06-04251550090002",-79594.02
260078355,"ASST_NON_CA1277L9T052108_086","CA1277L9T052108","SHELTER, INC.","CA","2025-06-04","2025-06-04251550089984",-35512
260093227,"ASST_NON_CA1633L9T132206_086","CA1633L9T132206","KINGS COMMUNITY ACTION ORGANIZATION, INCORPORATED","CA","2025-06-04","2025-06-04251550090700",-1293.76
260084769,"ASST_NON_CA1547L9T052105_086","CA1547L9T052105","SHELTER, INC.","CA","2025-06-04","2025-06-04251550089996",-53992
260012385,"ASST_NON_CA0019L9T002114_086","CA0019L9T002114","COMMUNITY WORKING GROUP, INC.","CA","2025-06-04","2025-06-04251550090294",-26609.97
260117210,"ASST_NON_CA1970Y9T012100_086","CA1970Y9T012100","DEPARTMENT OF HOMELESSNESS & SUPPORTIVE HOUSING","CA","2025-06-04","2025-06-04251550089602",-89835
260063638,"ASST_NON_CA0888L9T012213_086","CA0888L9T012213","DEPARTMENT OF HOMELESSNESS & SUPPORTIVE HOUSING","CA","2025-06-04","2025-06-04251550091557",-8575.2
260077174,"ASST_NON_CA1246L9T012214_086","CA1246L9T012214","DEPARTMENT OF HOMELESSNESS & SUPPORTIVE HOUSING","CA","2025-06-04","2025-06-04251550090670",-2310697.83
260015533,"ASST_NON_CA0033L9T012209_086","CA0033L9T012209","DEPARTMENT OF HOMELESSNESS & SUPPORTIVE HOUSING","CA","2025-06-04","2025-06-04251550091619",-33353.41
260019673,"ASST_NON_CA0073L9T012215_086","CA0073L9T012215","DEPARTMENT OF HOMELESSNESS & SUPPORTIVE HOUSING","CA","2025-06-04","2025-06-04251550091256",-294806.3
260093258,"ASST_NON_CA1640L9T012205_086","CA1640L9T012205","DEPARTMENT OF HOMELESSNESS & SUPPORTIVE HOUSING","CA","2025-06-04","2025-06-04251550091097",-26078.29
260074458,"ASST_NON_CA1185L9T142108_086","CA1185L9T142108","MARJAREE MASON CENTER, INC","CA","2025-06-04","2025-06-04251550089571",-19642.43
260030927,"ASST_NON_CA0239L9T092215_086","CA0239L9T092215","COUNTY OF MENDOCINO SOCIAL SERVICES","CA","2025-06-04","2025-06-04251550091428",-264972.36
260018582,"ASST_NON_CA0060L9T012215_086","CA0060L9T012215","DEPARTMENT OF HOMELESSNESS & SUPPORTIVE HOUSING","CA","2025-06-04","2025-06-04251550091091",-162362.3
260060969,"ASST_NON_CA0821L9T012213_086","CA0821L9T012213","DEPARTMENT OF HOMELESSNESS & SUPPORTIVE HOUSING","CA","2025-06-04","2025-06-04251550091563",-45604.35
260012386,"ASST_NON_CA0019L9T002215_086","CA0019L9T002215","COMMUNITY WORKING GROUP, INC.","CA","2025-06-04","2025-06-04251550090966",-30815.71
260083308,"ASST_NON_CA1480L9T142207_086","CA1480L9T142207","MARJAREE MASON CENTER, INC","CA","2025-06-04","2025-06-04251550090881",-21063.6
260066730,"ASST_NON_CA0952L9T012207_086","CA0952L9T012207","DEPARTMENT OF HOMELESSNESS & SUPPORTIVE HOUSING","CA","2025-06-04","2025-06-04251550091374",-101454.73
260061001,"ASST_NON_CA0826L9T012208_086","CA0826L9T012208","DEPARTMENT OF HOMELESSNESS & SUPPORTIVE HOUSING","CA","2025-06-04","2025-06-04251550091380",-121994.75
260036347,"ASST_NON_CA0318L9T252214_086","CA0318L9T252214","EL DORADO COUNTY GOVERNMENT","CA","2025-06-04","2025-06-04251550091274",-257
260117462,"ASST_NON_CA2019L9T252100_086","CA2019L9T252100","EL DORADO COUNTY GOVERNMENT","CA","2025-06-04","2025-06-04251550090453",-12592
260117008,"ASST_NON_CA1854L9T142102_086","CA1854L9T142102","MARJAREE MASON CENTER, INC","CA","2025-06-04","2025-06-04251550089632",-7156.48
260055072,"ASST_NON_CA0709L9D012215_086","CA0709L9D012215","COMMUNITY HOUSINGWORKS","CA","2025-06-04","2025-06-04251550094770",-6234.25
260020870,"ASST_NON_CA0080L9T012215_086","CA0080L9T012215","DEPARTMENT OF HOMELESSNESS & SUPPORTIVE HOUSING","CA","2025-06-04","2025-06-04251550091631",-214662.54
260016895,"ASST_NON_CA0045L9T012215_086","CA0045L9T012215","DEPARTMENT OF HOMELESSNESS & SUPPORTIVE HOUSING","CA","2025-06-04","2025-06-04251550091262",-329236.81
260116622,"ASST_NON_CA1718Y9T012103_086","CA1718Y9T012103","DEPARTMENT OF HOMELESSNESS & SUPPORTIVE HOUSING","CA","2025-06-04","2025-06-04251550089620",-2314.61
260079083,"ASST_NON_CA1295L9T012207_086","CA1295L9T012207","DEPARTMENT OF HOMELESSNESS & SUPPORTIVE HOUSING","CA","2025-06-04","2025-06-04251550090932",-608646.57
260084864,"ASST_NON_CA1558L9T092206_086","CA1558L9T092206","COUNTY OF MENDOCINO SOCIAL SERVICES","CA","2025-06-04","2025-06-04251550091422",-65679.18
260017032,"ASST_NON_CA0049L9T012214_086","CA0049L9T012214","DEPARTMENT OF HOMELESSNESS & SUPPORTIVE HOUSING","CA","2025-06-04","2025-06-04251550091362",-3794
260093266,"ASST_NON_CA1641L9T012205_086","CA1641L9T012205","DEPARTMENT OF HOMELESSNESS & SUPPORTIVE HOUSING","CA","2025-06-04","2025-06-04251550091569",-74118.4
260117510,"ASST_NON_CA2038D9D022201_086","CA2038D9D022201","HUMAN OPTIONS, INC","CA","2025-06-04","2025-06-04251550094524",-105604.63
260018430,"ASST_NON_CA0058L9T012215_086","CA0058L9T012215","DEPARTMENT OF HOMELESSNESS & SUPPORTIVE HOUSING","CA","2025-06-04","2025-06-04251550091392",-1934056.91
260081485,"ASST_NON_CA1410L9T142207_086","CA1410L9T142207","MARJAREE MASON CENTER, INC","CA","2025-06-04","2025-06-04251550090718",-24209.76
260018399,"ASST_NON_CA0055L9T012215_086","CA0055L9T012215","DEPARTMENT OF HOMELESSNESS & SUPPORTIVE HOUSING","CA","2025-06-04","2025-06-04251550091386",-132875.6
260077153,"ASST_NON_CA1243L9T012208_086","CA1243L9T012208","DEPARTMENT OF HOMELESSNESS & SUPPORTIVE HOUSING","CA","2025-06-04","2025-06-04251550091625",-89739.34
260018375,"ASST_NON_CA0053L9T012214_086","CA0053L9T012214","DEPARTMENT OF HOMELESSNESS & SUPPORTIVE HOUSING","CA","2025-06-04","2025-06-04251550091368",-100856.62
260070065,"ASST_NON_CA1061L9T012206_086","CA1061L9T012206","DEPARTMENT OF HOMELESSNESS & SUPPORTIVE HOUSING","CA","2025-06-04","2025-06-04251550091121",-78483.62
260020894,"ASST_NON_CA0082L9T012215_086","CA0082L9T012215","DEPARTMENT OF HOMELESSNESS & SUPPORTIVE HOUSING","CA","2025-06-04","2025-06-04251550091356",-105.1
260117509,"ASST_NON_CA2038D9D022100_086","CA2038D9D022100","HUMAN OPTIONS, INC","CA","2025-06-04","2025-06-04251550094102",-295956.2
260018651,"ASST_NON_CA0066L9T012214_086","CA0066L9T012214","DEPARTMENT OF HOMELESSNESS & SUPPORTIVE HOUSING","CA","2025-06-04","2025-06-04251550091637",-225869.23
260055055,"ASST_NON_CA0708L9D012215_086","CA0708L9D012215","MENTAL HEALTH SYSTEMS, INC.","CA","2025-06-04","2025-06-04251550094612",-40359.34
260042392,"ASST_NON_CA0462L9D002013_086","CA0462L9D002013","CITY OF POMONA","CA","2025-06-04","2025-06-04251550093934",-130077.27
260085379,"ASST_NON_CA1597L9D002105_086","CA1597L9D002105","LOS ANGELES COUNTY DEVELOPMENT AUTHORITY LACDA","CA","2025-06-04","2025-06-04251550094212",-68938.25
260073542,"ASST_NON_CA1151L9T022211_086","CA1151L9T022211","COUNTY OF ALAMEDA","CA","2025-06-04","2025-06-04251550090652",-336422.66
260084706,"ASST_NON_CA1533L9T012105_086","CA1533L9T012105","CITY & COUNTY OF SAN FRANCISCO","CA","2025-06-04","2025-06-04251550090149",-253467.29
260080410,"ASST_NON_CA1343L9D002208_086","CA1343L9D002208","LOS ANGELES COUNTY DEVELOPMENT AUTHORITY LACDA","CA","2025-06-04","2025-06-04251550094517",-51234.77
260095211,"ASST_NON_CA1698L9D012205_086","CA1698L9D012205","MENTAL HEALTH SYSTEMS, INC.","CA","2025-06-04","2025-06-04251550094640",-82697.69
260117218,"ASST_NON_CA1972D9T022100_086","CA1972D9T022100","COUNTY OF ALAMEDA","CA","2025-06-04","2025-06-04251550090358",-859958.59
260116689,"ASST_NON_CA1732D9T012103_086","CA1732D9T012103","CITY & COUNTY OF SAN FRANCISCO","CA","2025-06-04","2025-06-04251550089590",-234952.21
260117219,"ASST_NON_CA1972D9T022201_086","CA1972D9T022201","COUNTY OF ALAMEDA","CA","2025-06-04","2025-06-04251550091308",-236421.84
260054446,"ASST_NON_CA0693L9D012215_086","CA0693L9D012215","MENTAL HEALTH SYSTEMS, INC.","CA","2025-06-04","2025-06-04251550094665",-170859.34
260042391,"ASST_NON_CA0462L9D001912_086","CA0462L9D001912","CITY OF POMONA","CA","2025-06-04","2025-06-04251550093726",-158899.11
260022991,"ASST_NON_CA0119L9T022215_086","CA0119L9T022215","COUNTY OF ALAMEDA","CA","2025-06-04","2025-06-04251550091080",-280.95
260117205,"ASST_NON_CA1968D9T012100_086","CA1968D9T012100","CITY & COUNTY OF SAN FRANCISCO","CA","2025-06-04","2025-06-04251550089514",-1153462.66
260042393,"ASST_NON_CA0462L9D002114_086","CA0462L9D002114","CITY OF POMONA","CA","2025-06-04","2025-06-04251550094224",-289202.8
260022280,"ASST_NON_CA0102L9T022215_086","CA0102L9T022215","COUNTY OF ALAMEDA","CA","2025-06-04","2025-06-04251550090993",-3419
260020970,"ASST_NON_CA0087L9T022215_086","CA0087L9T022215","COUNTY OF ALAMEDA","CA","2025-06-04","2025-06-04251550091607",-235.64
260082998,"ASST_NON_CA1463L9T012106_086","CA1463L9T012106","CITY & COUNTY OF SAN FRANCISCO","CA","2025-06-04","2025-06-04251550089608",-156713.83
260083036,"ASST_NON_CA1468L9T022207_086","CA1468L9T022207","COUNTY OF ALAMEDA","CA","2025-06-04","2025-06-04251550091302",-155714.72
260116944,"ASST_NON_CA1826D9T012102_086","CA1826D9T012102","CITY & COUNTY OF SAN FRANCISCO","CA","2025-06-04","2025-06-04251550089596",-767407.1
260081591,"ASST_NON_CA1428L9T262205_086","CA1428L9T262205","SIERRA HOPE","CA","2025-06-04","2025-06-04251550091062",-7580
260060119,"ASST_NON_CA0780L9T202214_086","CA0780L9T202214","COUNTY OF MERCED","CA","2025-06-04","2025-06-04251550091528",-39535
260071866,"ASST_NON_CA1099L9T202107_086","CA1099L9T202107","SIERRA SVING GRACE HMELESS PRJ","CA","2025-06-04","2025-06-04251550090015",-68367
260081568,"ASST_NON_CA1423L9T212005_086","CA1423L9T212005","CITY OF WOODLAND","CA","2025-06-04","2025-06-04251550089228",-69121.85
260117153,"ASST_NON_CA1914L9T212102_086","CA1914L9T212102","CITY OF WOODLAND","CA","2025-06-04","2025-06-04251550090039",-38834.1
260071867,"ASST_NON_CA1099L9T202208_086","CA1099L9T202208","SIERRA SVING GRACE HMELESS PRJ","CA","2025-06-04","2025-06-04251550090946",-35931
260093273,"ASST_NON_CA1643L9T022003_086","CA1643L9T022003","CITY OF OAKLAND","CA","2025-06-04","2025-06-04251550089338",-293898
260078286,"ASST_NON_CA1270L9T022006_086","CA1270L9T022006","CITY OF OAKLAND","CA","2025-06-04","2025-06-04251550089124",-26651
260068812,"ASST_NON_CA1041L9T162111_086","CA1041L9T162111","SHASTA, COUNTY OF","CA","2025-06-04","2025-06-04251550089888",-210935.69
260067540,"ASST_NON_CA0985L9T202007_086","CA0985L9T202007","SIERRA SVING GRACE HMELESS PRJ","CA","2025-06-04","2025-06-04251550089049",-40754
260077195,"ASST_NON_CA1250L9T212006_086","CA1250L9T212006","CITY OF WOODLAND","CA","2025-06-04","2025-06-04251550089216",-19272.68
260081046,"ASST_NON_CA1378L9T002106_086","CA1378L9T002106","WEST VALLEY COMMUNITY SERVICES OF SANTA CLARA COUNTY, INC.","CA","2025-06-04","2025-06-04251550089698",-374004.23
260116702,"ASST_NON_CA1736L9T022103_086","CA1736L9T022103","CITY OF OAKLAND","CA","2025-06-04","2025-06-04251550090300",-12
260081045,"ASST_NON_CA1378L9T002005_086","CA1378L9T002005","WEST VALLEY COMMUNITY SERVICES OF SANTA CLARA COUNTY, INC.","CA","2025-06-04","2025-06-04251550089126",-384244
260093272,"ASST_NON_CA1643L9T021902_086","CA1643L9T021902","CITY OF OAKLAND","CA","2025-06-04","2025-06-04251550088773",-168893
260071865,"ASST_NON_CA1099L9T202006_086","CA1099L9T202006","SIERRA SVING GRACE HMELESS PRJ","CA","2025-06-04","2025-06-04251550089198",-13306
260116701,"ASST_NON_CA1736L9T022002_086","CA1736L9T022002","CITY OF OAKLAND","CA","2025-06-04","2025-06-04251550089222",-860
260022323,"ASST_NON_CA0106L9T022215_086","CA0106L9T022215","CITY OF OAKLAND","CA","2025-06-04","2025-06-04251550090887",-713095
260117278,"ASST_NON_CA1993Y9T082100_086","CA1993Y9T082100","COVENANT HOUSE CALIFORNIA","CA","2025-06-04","2025-06-04251550090008",-177929.06
260117459,"ASST_NON_CA2018D9T252201_086","CA2018D9T252201","TAHOE COALITION FOR THE HOMELESS","CA","2025-06-04","2025-06-04251550090566",-5487.03
260022322,"ASST_NON_CA0106L9T022114_086","CA0106L9T022114","CITY OF OAKLAND","CA","2025-06-04","2025-06-04251550089674",-443545
260067539,"ASST_NON_CA0985L9T201906_086","CA0985L9T201906","SIERRA SVING GRACE HMELESS PRJ","CA","2025-06-04","2025-06-04251550088759",-15204
260117031,"ASST_NON_CA1864L9T202102_086","CA1864L9T202102","SIERRA SVING GRACE HMELESS PRJ","CA","2025-06-04","2025-06-04251550089816",-170775
260067413,"ASST_NON_CA0970L9T132209_086","CA0970L9T132209","KINGS UNITED WAY","CA","2025-06-04","2025-06-04251550090706",-0.06
260078287,"ASST_NON_CA1270L9T022107_086","CA1270L9T022107","CITY OF OAKLAND","CA","2025-06-04","2025-06-04251550089858",-598850
260117459,"ASST_NON_CA2018D9T252201_086","CA2018D9T252201","TAHOE COALITION FOR THE HOMELESS","CA","2025-06-04","2025-06-04251550090372",-50000
260067541,"ASST_NON_CA0985L9T202108_086","CA0985L9T202108","SIERRA SVING GRACE HMELESS PRJ","CA","2025-06-04","2025-06-04251550089810",-40887
260067530,"ASST_NON_CA0984L9T202210_086","CA0984L9T202210","COUNTY OF MERCED","CA","2025-06-04","2025-06-04251550091581",-56897
260116708,"ASST_NON_CA1737L9T022002_086","CA1737L9T022002","CITY OF OAKLAND","CA","2025-06-04","2025-06-04251550089128",-6707
260057776,"ASST_NON_CA0748L9T022112_086","CA0748L9T022112","ABODE HOUSING DEVELOPMENT","CA","2025-06-04","2025-06-04251550090253",-390.63
260057775,"ASST_NON_CA0748L9T022011_086","CA0748L9T022011","ABODE HOUSING DEVELOPMENT","CA","2025-06-04","2025-06-04251550089162",-21520
260081569,"ASST_NON_CA1423L9T212106_086","CA1423L9T212106","CITY OF WOODLAND","CA","2025-06-04","2025-06-04251550090045",-52354.1
260083014,"ASST_NON_CA1465L9T022106_086","CA1465L9T022106","CITY OF OAKLAND","CA","2025-06-04","2025-06-04251550089936",-935961
260083024,"ASST_NON_CA1467L9T022005_086","CA1467L9T022005","CORNERSTONE COMMUNITY DEVELOPMENT CORPORATION","CA","2025-06-04","2025-06-04251550089315",-9709.32
260083023,"ASST_NON_CA1467L9T021904_086","CA1467L9T021904","CORNERSTONE COMMUNITY DEVELOPMENT CORPORATION","CA","2025-06-04","2025-06-04251550088694",-2670
260081696,"ASST_NON_CA1433L9D012106_086","CA1433L9D012106","CRISIS HOUSE","CA","2025-06-04","2025-06-04251550094200",-30986.71
260014263,"ASST_NON_CA0026L9T002215_086","CA0026L9T002215","ABODE SERVICES","CA","2025-06-04","2025-06-04251550091551",-16651.74
260083026,"ASST_NON_CA1467L9T022207_086","CA1467L9T022207","CORNERSTONE COMMUNITY DEVELOPMENT CORPORATION","CA","2025-06-04","2025-06-04251550090634",-21936
260023798,"ASST_NON_CA0120L9T021912_086","CA0120L9T021912","ABODE SERVICES","CA","2025-06-04","2025-06-04251550088741",-9
260066739,"ASST_NON_CA0953L9T021908_086","CA0953L9T021908","ABODE SERVICES","CA","2025-06-04","2025-06-04251550088717",-61294
260066704,"ASST_NON_CA0950L9T002109_086","CA0950L9T002109","ABODE SERVICES","CA","2025-06-04","2025-06-04251550090119",-115528.5
260095169,"ASST_NON_CA1690L9D012104_086","CA1690L9D012104","CRISIS HOUSE","CA","2025-06-04","2025-06-04251550094108",-11863.34
260070090,"ASST_NON_CA1063L9T022008_086","CA1063L9T022008","ABODE SERVICES","CA","2025-06-04","2025-06-04251550089361",-44939
260023799,"ASST_NON_CA0120L9T022013_086","CA0120L9T022013","ABODE SERVICES","CA","2025-06-04","2025-06-04251550089240",-87650.4
260066740,"ASST_NON_CA0953L9T022009_086","CA0953L9T022009","ABODE SERVICES","CA","2025-06-04","2025-06-04251550088981",-65072.03
260117273,"ASST_NON_CA1991L9T072100_086","CA1991L9T072100","COUNTY OF MARIN","CA","2025-06-04","2025-06-04251550090399",-14125.25
260066741,"ASST_NON_CA0953L9T022110_086","CA0953L9T022110","ABODE SERVICES","CA","2025-06-04","2025-06-04251550089764",-3320.72
260070091,"ASST_NON_CA1063L9T022109_086","CA1063L9T022109","ABODE SERVICES","CA","2025-06-04","2025-06-04251550089644",-29803.77
260014262,"ASST_NON_CA0026L9T002114_086","CA0026L9T002114","ABODE SERVICES","CA","2025-06-04","2025-06-04251550090064",-34193
260116711,"ASST_NON_CA1738D9T022002_086","CA1738D9T022002","CORNERSTONE COMMUNITY DEVELOPMENT CORPORATION","CA","2025-06-04","2025-06-04251550088999",-35761.82
260083025,"ASST_NON_CA1467L9T022106_086","CA1467L9T022106","CORNERSTONE COMMUNITY DEVELOPMENT CORPORATION","CA","2025-06-04","2025-06-04251550089864",-10146
260066703,"ASST_NON_CA0950L9T002008_086","CA0950L9T002008","ABODE SERVICES","CA","2025-06-04","2025-06-04251550089246",-115042.84
260116710,"ASST_NON_CA1738D9T021901_086","CA1738D9T021901","CORNERSTONE COMMUNITY DEVELOPMENT CORPORATION","CA","2025-06-04","2025-06-04251550088735",-14143.5
260023800,"ASST_NON_CA0120L9T022114_086","CA0120L9T022114","ABODE SERVICES","CA","2025-06-04","2025-06-04251550090113",-39114.64
260083476,"ASST_NON_CA1499L9D002106_086","CA1499L9D002106","CITY OF BURBANK","CA","2025-06-04","2025-06-04251550094284",-206311.64
260095170,"ASST_NON_CA1690L9D012205_086","CA1690L9D012205","CRISIS HOUSE","CA","2025-06-04","2025-06-04251550094830",-85.4
260074062,"ASST_NON_CA1171L9T022106_086","CA1171L9T022106","ALAMEDA COUNTY BHCS","CA","2025-06-04","2025-06-04251550090075",-7316.41
260066742,"ASST_NON_CA0953L9T022211_086","CA0953L9T022211","ABODE SERVICES","CA","2025-06-04","2025-06-04251550090646",-9189.57
260074061,"ASST_NON_CA1171L9T022005_086","CA1171L9T022005","ALAMEDA COUNTY BHCS","CA","2025-06-04","2025-06-04251550089138",-17858.04
260074063,"ASST_NON_CA1171L9T022207_086","CA1171L9T022207","ALAMEDA COUNTY BHCS","CA","2025-06-04","2025-06-04251550091296",-9024.35
260067460,"ASST_NON_CA0976L9T142211_086","CA0976L9T142211","HOUSING AUTHORITY OF THE CITY OF FRESNO","CA","2025-06-04","2025-06-04251550090694",-3435.2
260085281,"ASST_NON_CA1570L9T142206_086","CA1570L9T142206","FRESNO COUNTY ECONOMIC OPPORTUNITIES COMMISSION","CA","2025-06-04","2025-06-04251550090688",-59935.53
260067471,"ASST_NON_CA0977L9T142108_086","CA0977L9T142108","HOUSING AUTHORITY OF THE CITY OF FRESNO","CA","2025-06-04","2025-06-04251550089558",-52562
260022839,"ASST_NON_CA0116L9T022114_086","CA0116L9T022114","CITY OF BERKELEY","CA","2025-06-04","2025-06-04251550090271",-51066.4
260025127,"ASST_NON_CA0151L9T032114_086","CA0151L9T032114","HOUSING AUTHORITY OF THE COUNTY OF SACRAMENTO","CA","2025-06-04","2025-06-04251550089954",-71985.76
260093301,"ASST_NON_CA1652L9T062104_086","CA1652L9T062104","MIDPEN HOUSING CORPORATION","CA","2025-06-04","2025-06-04251550089924",-25308
260117047,"ASST_NON_CA1872D9T272102_086","CA1872D9T272102","EMPOWER TEHAMA","CA","2025-06-04","2025-06-04251550089555",-8704.05
260033592,"ASST_NON_CA0278L9T142114_086","CA0278L9T142114","HOUSING AUTHORITY OF THE CITY OF FRESNO","CA","2025-06-04","2025-06-04251550090014",-75436.7
260083318,"ASST_NON_CA1481L9T142207_086","CA1481L9T142207","FRESNO COUNTY ECONOMIC OPPORTUNITIES COMMISSION","CA","2025-06-04","2025-06-04251550090629",-27155.76
260057790,"ASST_NON_CA0749L9T021910_086","CA0749L9T021910","CITY OF BERKELEY","CA","2025-06-04","2025-06-04251550088729",-122713.01
260071810,"ASST_NON_CA1090L9T142108_086","CA1090L9T142108","FRESNO COUNTY ECONOMIC OPPORTUNITIES COMMISSION","CA","2025-06-04","2025-06-04251550089791",-46239.7
260079252,"ASST_NON_CA1319L9T142106_086","CA1319L9T142106","HOUSING AUTHORITY OF THE CITY OF FRESNO","CA","2025-06-04","2025-06-04251550089552",-211759
260022838,"ASST_NON_CA0116L9T022013_086","CA0116L9T022013","CITY OF BERKELEY","CA","2025-06-04","2025-06-04251550089150",-410882.64
260083315,"ASST_NON_CA1481L9T141904_086","CA1481L9T141904","FRESNO COUNTY ECONOMIC OPPORTUNITIES COMMISSION","CA","2025-06-04","2025-06-04251550088700",-1138.16
260083316,"ASST_NON_CA1481L9T142005_086","CA1481L9T142005","FRESNO COUNTY ECONOMIC OPPORTUNITIES COMMISSION","CA","2025-06-04","2025-06-04251550089321",-20500.78
260033482,"ASST_NON_CA0277L9T142209_086","CA0277L9T142209","HOUSING AUTHORITY OF THE CITY OF FRESNO","CA","2025-06-04","2025-06-04251550090940",-158682
260117309,"ASST_NON_CA2006L9T142100_086","CA2006L9T142100","HOUSING AUTHORITY OF THE CITY OF FRESNO","CA","2025-06-04","2025-06-04251550090425",-51303
260057792,"ASST_NON_CA0749L9T022112_086","CA0749L9T022112","CITY OF BERKELEY","CA","2025-06-04","2025-06-04251550089614",-45256.04
260071808,"ASST_NON_CA1090L9T141906_086","CA1090L9T141906","FRESNO COUNTY ECONOMIC OPPORTUNITIES COMMISSION","CA","2025-06-04","2025-06-04251550088785",-61811.75
260033457,"ASST_NON_CA0275L9T142209_086","CA0275L9T142209","HOUSING AUTHORITY OF THE CITY OF FRESNO","CA","2025-06-04","2025-06-04251550090851",-10198
260071811,"ASST_NON_CA1090L9T142209_086","CA1090L9T142209","FRESNO COUNTY ECONOMIC OPPORTUNITIES COMMISSION","CA","2025-06-04","2025-06-04251550090682",-4771.98
260083317,"ASST_NON_CA1481L9T142106_086","CA1481L9T142106","FRESNO COUNTY ECONOMIC OPPORTUNITIES COMMISSION","CA","2025-06-04","2025-06-04251550089894",-28318.86
260071809,"ASST_NON_CA1090L9T142007_086","CA1090L9T142007","FRESNO COUNTY ECONOMIC OPPORTUNITIES COMMISSION","CA","2025-06-04","2025-06-04251550089055",-84701.94
260023888,"ASST_NON_CA0127L9T032209_086","CA0127L9T032209","HOUSING AUTHORITY OF THE COUNTY OF SACRAMENTO","CA","2025-06-04","2025-06-04251550090986",-2126.13
260118210,"ASST_NON_CA2170L9D012200_086","CA2170L9D012200","CITY OF CARLSBAD","CA","2025-06-04","2025-06-04251550094677",-7177
260117303,"ASST_NON_CA2004L9T142201_086","CA2004L9T142201","VALLEY TEEN RANCH","CA","2025-06-04","2025-06-04251550090540",-34164.91
260033470,"ASST_NON_CA0276L9T142210_086","CA0276L9T142210","HOUSING AUTHORITY OF THE CITY OF FRESNO","CA","2025-06-04","2025-06-04251550090857",-16389.94
260057791,"ASST_NON_CA0749L9T022011_086","CA0749L9T022011","CITY OF BERKELEY","CA","2025-06-04","2025-06-04251550088993",-92747.61
260025152,"ASST_NON_CA0153L9T032215_086","CA0153L9T032215","HOUSING AUTHORITY OF THE COUNTY OF SACRAMENTO","CA","2025-06-04","2025-06-04251550091001",-875311.33
260075002,"ASST_NON_CA1198L9D042209_086","CA1198L9D042209","CLINICA SIERRA VISTA","CA","2025-06-04","2025-06-04251550094750",-6313.11
260084825,"ASST_NON_CA1551L9T072206_086","CA1551L9T072206","HOUSING AUTHORITY OF THE COUNTY OF MARIN","CA","2025-06-04","2025-06-04251550090869",-33556.62
260067714,"ASST_NON_CA1004L9D032208_086","CA1004L9D032208","HOUSING AUTHORITY OF THE CITY OF SANTA BARBARA","CA","2025-06-04","2025-06-04251550094510",-2504
260118225,"ASST_NON_CA2180L9D072200_086","CA2180L9D072200","CITY OF PASADENA","CA","2025-06-04","2025-06-04251550095067",-42985.15
260063555,"ASST_NON_CA0873L9D072107_086","CA0873L9D072107","CITY OF PASADENA","CA","2025-06-04","2025-06-04251550094275",-3246
260058305,"ASST_NON_CA0755L9T062214_086","CA0755L9T062214","INTERIM, INC.","CA","2025-06-04","2025-06-04251550090930",-6848
260071033,"ASST_NON_CA1088L9T132209_086","CA1088L9T132209","COMMUNITY SERVICES AND EMPLOYMENT TRAINING, INCORPORATED","CA","2025-06-04","2025-06-04251550091522",-49649.98
260080601,"ASST_NON_CA1363L9D072208_086","CA1363L9D072208","CITY OF PASADENA","CA","2025-06-04","2025-06-04251550094788",-175904.01
260063556,"ASST_NON_CA0873L9D072208_086","CA0873L9D072208","CITY OF PASADENA","CA","2025-06-04","2025-06-04251550094541",-81887.03
260116891,"ASST_NON_CA1799L9D042204_086","CA1799L9D042204","COMMUNITY ACTION PARTNERSHIP OF KERN","CA","2025-06-04","2025-06-04251550094534",-0.29
260116900,"ASST_NON_CA1806D9D072204_086","CA1806D9D072204","CITY OF PASADENA","CA","2025-06-04","2025-06-04251550094782",-40665.31
260025194,"ASST_NON_CA0158L9T032215_086","CA0158L9T032215","TLCS INC","CA","2025-06-04","2025-06-04251550091481",-138727.85
260079153,"ASST_NON_CA1309L9T072107_086","CA1309L9T072107","RITTER CENTER","CA","2025-06-04","2025-06-04251550089948",-12889.68
260067711,"ASST_NON_CA1004L9D031905_086","CA1004L9D031905","HOUSING AUTHORITY OF THE CITY OF SANTA BARBARA","CA","2025-06-04","2025-06-04251550093732",-2512
260082416,"ASST_NON_CA1447L9D072207_086","CA1447L9D072207","CITY OF PASADENA","CA","2025-06-04","2025-06-04251550094776",-33447.77
260078315,"ASST_NON_CA1273L9T132208_086","CA1273L9T132208","COMMUNITY SERVICES AND EMPLOYMENT TRAINING, INCORPORATED","CA","2025-06-04","2025-06-04251550091056",-20151.92
260081052,"ASST_NON_CA1379L9T002005_086","CA1379L9T002005","BILL WILSON CENTER","CA","2025-06-04","2025-06-04251550089104",-297727
260116855,"ASST_NON_CA1792L9D012103_086","CA1792L9D012103","ALPHA PROJECT FOR THE HOMELESS","CA","2025-06-04","2025-06-04251550094326",-2840.13
260116870,"ASST_NON_CA1794L9D012204_086","CA1794L9D012204","SALVATION ARMY, THE","CA","2025-06-04","2025-06-04251550094836",-180072
260084857,"ASST_NON_CA1557L9T082206_086","CA1557L9T082206","ENCOMPASS COMMUNITY SERVICES","CA","2025-06-04","2025-06-04251550090676",-1393.26
260092675,"ASST_NON_CA1600L9D012105_086","CA1600L9D012105","ALPHA PROJECT FOR THE HOMELESS","CA","2025-06-04","2025-06-04251550094314",-70147.57
260015522,"ASST_NON_CA0032L9T002013_086","CA0032L9T002013","BILL WILSON CENTER","CA","2025-06-04","2025-06-04251550089122",-4841
260068339,"ASST_NON_CA1032L9T002111_086","CA1032L9T002111","BILL WILSON CENTER","CA","2025-06-04","2025-06-04251550090143",-141839
260084069,"ASST_NON_CA1510L9D012106_086","CA1510L9D012106","ST. VINCENT DE PAUL VILLAGE, INC.","CA","2025-06-04","2025-06-04251550094206",-101371.98
260092676,"ASST_NON_CA1600L9D012206_086","CA1600L9D012206","ALPHA PROJECT FOR THE HOMELESS","CA","2025-06-04","2025-06-04251550094701",-8457.16
260058333,"ASST_NON_CA0758L9T102212_086","CA0758L9T102212","COMMUNITY IMPACT CENTRAL VALLEY","CA","2025-06-04","2025-06-04251550090815",-49431.95
260116733,"ASST_NON_CA1745L9T042204_086","CA1745L9T042204","THE YOUNG WOMENS CHRISTIAN ASSOCIATION OF SONOMA COUNTY CALIFORNIA","CA","2025-06-04","2025-06-04251550090905",-206943.84
260081053,"ASST_NON_CA1379L9T002106_086","CA1379L9T002106","BILL WILSON CENTER","CA","2025-06-04","2025-06-04251550089561",-17935
260117281,"ASST_NON_CA1994T9T082100_086","CA1994T9T082100","HOUSING MATTERS","CA","2025-06-04","2025-06-04251550090477",-112545
260066825,"ASST_NON_CA0963L9T102207_086","CA0963L9T102207","COMMUNITY IMPACT CENTRAL VALLEY","CA","2025-06-04","2025-06-04251550091209",-43743
260080437,"ASST_NON_CA1348L9D012107_086","CA1348L9D012107","ST. VINCENT DE PAUL VILLAGE, INC.","CA","2025-06-04","2025-06-04251550094290",-16253.89
260116856,"ASST_NON_CA1792L9D012204_086","CA1792L9D012204","ALPHA PROJECT FOR THE HOMELESS","CA","2025-06-04","2025-06-04251550094713",-13418.8
260066815,"ASST_NON_CA0962L9T102207_086","CA0962L9T102207","COMMUNITY IMPACT CENTRAL VALLEY","CA","2025-06-04","2025-06-04251550091203",-31089.15
260093248,"ASST_NON_CA1639L9T002003_086","CA1639L9T002003","BILL WILSON CENTER","CA","2025-06-04","2025-06-04251550089116",-134459
260022353,"ASST_NON_CA0109L9T022013_086","CA0109L9T022013","SATELLITE AFFORDABLE HOUSING ASSOCIATES","CA","2025-06-04","2025-06-04251550089079",-24668.61
260022354,"ASST_NON_CA0109L9T022114_086","CA0109L9T022114","SATELLITE AFFORDABLE HOUSING ASSOCIATES","CA","2025-06-04","2025-06-04251550090236",-40556.97
260031564,"ASST_NON_CA0242L9T102213_086","CA0242L9T102213","COMMUNITY IMPACT CENTRAL VALLEY","CA","2025-06-04","2025-06-04251550091516",-35995.14
260022355,"ASST_NON_CA0109L9T022215_086","CA0109L9T022215","SATELLITE AFFORDABLE HOUSING ASSOCIATES","CA","2025-06-04","2025-06-04251550091451",-20541.22
260031543,"ASST_NON_CA0240L9T102211_086","CA0240L9T102211","COMMUNITY IMPACT CENTRAL VALLEY","CA","2025-06-04","2025-06-04251550091575",-22122.7
260035315,"ASST_NON_CA0300L9T182215_086","CA0300L9T182215","CAMINAR","CA","2025-06-04","2025-06-04251550090549",-59753.78
260085234,"ASST_NON_CA1561L9T102206_086","CA1561L9T102206","COMMUNITY HOUSING AND SHELTER SERVICES OF STANISLAUS COUNTY","CA","2025-06-04","2025-06-04251550091286",-30188.02
260068338,"ASST_NON_CA1032L9T002010_086","CA1032L9T002010","BILL WILSON CENTER","CA","2025-06-04","2025-06-04251550089110",-163441
260093320,"ASST_NON_CA1660L9T102205_086","CA1660L9T102205","COMMUNITY IMPACT CENTRAL VALLEY","CA","2025-06-04","2025-06-04251550091197",-104.55
260085233,"ASST_NON_CA1561L9T102105_086","CA1561L9T102105","COMMUNITY HOUSING AND SHELTER SERVICES OF STANISLAUS COUNTY","CA","2025-06-04","2025-06-04251550089656",-9290.11
260064298,"ASST_NON_CA0896L9T102213_086","CA0896L9T102213","COMMUNITY IMPACT CENTRAL VALLEY","CA","2025-06-04","2025-06-04251550090809",-3229.66
260035200,"ASST_NON_CA0298L9T182215_086","CA0298L9T182215","CAMINAR","CA","2025-06-04","2025-06-04251550091344",-6831.2
260117024,"ASST_NON_CA1863L9T192001_086","CA1863L9T192001","CAMINAR","CA","2025-06-04","2025-06-04251550089174",-1074.59
260078426,"ASST_NON_CA1281L9T042208_086","CA1281L9T042208","CATHOLIC CHARITIES OF THE DIOCESE OF SANTA ROSA","CA","2025-06-04","2025-06-04251550091492",-119511.94
260061573,"ASST_NON_CA0833L9T102210_086","CA0833L9T102210","COMMUNITY HOUSING AND SHELTER SERVICES OF STANISLAUS COUNTY","CA","2025-06-04","2025-06-04251550091510",-74261.21
260035313,"ASST_NON_CA0300L9T182013_086","CA0300L9T182013","CAMINAR","CA","2025-06-04","2025-06-04251550089067",-34715.2
260117268,"ASST_NON_CA1989D9T062100_086","CA1989D9T062100","THE YWCA OF MONTEREY COUNTY","CA","2025-06-04","2025-06-04251550090340",-135850.72
260117274,"ASST_NON_CA1992Y9T082100_086","CA1992Y9T082100","BILL WILSON CENTER","CA","2025-06-04","2025-06-04251550089776",-24176
260067502,"ASST_NON_CA0981L9T182009_086","CA0981L9T182009","CAMINAR","CA","2025-06-04","2025-06-04251550089303",-7053.7
260093249,"ASST_NON_CA1639L9T002104_086","CA1639L9T002104","BILL WILSON CENTER","CA","2025-06-04","2025-06-04251550090137",-139600
260030360,"ASST_NON_CA0229L9T082215_086","CA0229L9T082215","ENCOMPASS COMMUNITY SERVICES","CA","2025-06-04","2025-06-04251550091023",-506.69
260085225,"ASST_NON_CA1560L9T102206_086","CA1560L9T102206","COMMUNITY HOUSING AND SHELTER SERVICES OF STANISLAUS COUNTY","CA","2025-06-04","2025-06-04251550091280",-19597.65
260061667,"ASST_NON_CA0844L9T152006_086","CA0844L9T152006","PLACER COUNTY- ADULT SYSTEM OF CARE","CA","2025-06-04","2025-06-04251550089385",-7889.34
260118174,"ASST_NON_CA2151D9T212200_086","CA2151D9T212200","EMPOWER YOLO, INC.","CA","2025-06-04","2025-06-04251550090382",-37674
260093210,"ASST_NON_CA1628L9D142206_086","CA1628L9D142206","COUNTY OF SAN LUIS OBISPO","CA","2025-06-04","2025-06-04251550094909",-40.96
260079179,"ASST_NON_CA1313L9T122208_086","CA1313L9T122208","LIFEMOVES","CA","2025-06-04","2025-06-04251550090712",-121959
260078446,"ASST_NON_CA1284L9T122208_086","CA1284L9T122208","LIFEMOVES","CA","2025-06-04","2025-06-04251550091127",-60684
260118236,"ASST_NON_CA2188D9D142200_086","CA2188D9D142200","COUNTY OF SAN LUIS OBISPO","CA","2025-06-04","2025-06-04251550094391",-20732.38
260075410,"ASST_NON_CA1200L9D042108_086","CA1200L9D042108","THE OPEN DOOR NETWORK","CA","2025-06-04","2025-06-04251550094244",-189
260079701,"ASST_NON_CA1322L9T152107_086","CA1322L9T152107","PLACER COUNTY- ADULT SYSTEM OF CARE","CA","2025-06-04","2025-06-04251550089569",-262.03
260081560,"ASST_NON_CA1421L9T192207_086","CA1421L9T192207","CATALYST DOMESTIC VIOLENCE SERVICES","CA","2025-06-04","2025-06-04251550091350",-2262.22
260022689,"ASST_NON_CA0111L9T021911_086","CA0111L9T021911","RESOURCES FOR COMMUNITY DEVELOPMENT","CA","2025-06-04","2025-06-04251550088767",-1744
260038658,"ASST_NON_CA0359L9D002114_086","CA0359L9D002114","CITY OF SANTA MONICA","CA","2025-06-04","2025-06-04251550094237",-514842
260081500,"ASST_NON_CA1415L9T172005_086","CA1415L9T172005","COUNTY OF NAPA","CA","2025-06-04","2025-06-04251550089373",-18144.46
260035139,"ASST_NON_CA0292L9T172013_086","CA0292L9T172013","THE HOUSING DEVELOPMENT CORPORATION OF THE CITY OF NAPA","CA","2025-06-04","2025-06-04251550089379",-29800
260060849,"ASST_NON_CA0804L9D022214_086","CA0804L9D022214","ORANGE COUNTY HOUSING AUTHORITY","CA","2025-06-04","2025-06-04251550094800",-71670.33
260035141,"ASST_NON_CA0292L9T172215_086","CA0292L9T172215","THE HOUSING DEVELOPMENT CORPORATION OF THE CITY OF NAPA","CA","2025-06-04","2025-06-04251550090875",-46298
260082839,"ASST_NON_CA1452L9D092207_086","CA1452L9D092207","INLAND SOUTHERN CALIFORNIA 211+","CA","2025-06-04","2025-06-04251550094876",-0.01
260074990,"ASST_NON_CA1197L9D042209_086","CA1197L9D042209","HOUSING AUTHORITY OF THE COUNTY OF KERN","CA","2025-06-04","2025-06-04251550094658",-6692
260021813,"ASST_NON_CA0092L9T022214_086","CA0092L9T022214","RESOURCES FOR COMMUNITY DEVELOPMENT","CA","2025-06-04","2025-06-04251550091015",-10267
260118217,"ASST_NON_CA2173L9D022200_086","CA2173L9D022200","FRIENDSHIP SHELTER, INC.","CA","2025-06-04","2025-06-04251550095068",-2289.8
260046352,"ASST_NON_CA0581L9D022114_086","CA0581L9D022114","ORANGE COUNTY HOUSING AUTHORITY","CA","2025-06-04","2025-06-04251550094269",-595
260046353,"ASST_NON_CA0581L9D022215_086","CA0581L9D022215","ORANGE COUNTY HOUSING AUTHORITY","CA","2025-06-04","2025-06-04251550094891",-309702.21
260021812,"ASST_NON_CA0092L9T022113_086","CA0092L9T022113","RESOURCES FOR COMMUNITY DEVELOPMENT","CA","2025-06-04","2025-06-04251550090017",-388
260045652,"ASST_NON_CA0560L9D022109_086","CA0560L9D022109","ORANGE COUNTY HOUSING AUTHORITY","CA","2025-06-04","2025-06-04251550094194",-118
260035157,"ASST_NON_CA0293L9T172114_086","CA0293L9T172114","COUNTY OF NAPA","CA","2025-06-04","2025-06-04251550090194",-7860.92
260038659,"ASST_NON_CA0359L9D002215_086","CA0359L9D002215","CITY OF SANTA MONICA","CA","2025-06-04","2025-06-04251550094897",-510574
260038657,"ASST_NON_CA0359L9D002013_086","CA0359L9D002013","CITY OF SANTA MONICA","CA","2025-06-04","2025-06-04251550093975",-635637
260062993,"ASST_NON_CA0865L9D022209_086","CA0865L9D022209","ORANGE COUNTY HOUSING AUTHORITY","CA","2025-06-04","2025-06-04251550094806",-14642.31
260022690,"ASST_NON_CA0111L9T022012_086","CA0111L9T022012","RESOURCES FOR COMMUNITY DEVELOPMENT","CA","2025-06-04","2025-06-04251550089344",-5943
260072329,"ASST_NON_CA1119L9D022008_086","CA1119L9D022008","FRIENDSHIP SHELTER, INC.","CA","2025-06-04","2025-06-04251550093991",-1.27
260023873,"ASST_NON_CA0126L9T021912_086","CA0126L9T021912","FRED FINCH YOUTH CENTER","CA","2025-06-04","2025-06-04251550088664",-67286
260035156,"ASST_NON_CA0293L9T172013_086","CA0293L9T172013","COUNTY OF NAPA","CA","2025-06-04","2025-06-04251550089087",-17499.49
260035158,"ASST_NON_CA0293L9T172215_086","CA0293L9T172215","COUNTY OF NAPA","CA","2025-06-04","2025-06-04251550091434",-16619.58
260035140,"ASST_NON_CA0292L9T172114_086","CA0292L9T172114","THE HOUSING DEVELOPMENT CORPORATION OF THE CITY OF NAPA","CA","2025-06-04","2025-06-04251550089668",-9231
260079130,"ASST_NON_CA1305L9T042207_086","CA1305L9T042207","COMMUNITY SUPPORT NETWORK","CA","2025-06-04","2025-06-04251550091416",-146350.94
260021811,"ASST_NON_CA0092L9T022012_086","CA0092L9T022012","RESOURCES FOR COMMUNITY DEVELOPMENT","CA","2025-06-04","2025-06-04251550089234",-23193
260117254,"ASST_NON_CA1984D9T052201_086","CA1984D9T052201","CONTRA COSTA INTERFAITH TRANSITIONAL HOUSING, INC","CA","2025-06-04","2025-06-04251550090821",-248466
260022691,"ASST_NON_CA0111L9T022113_086","CA0111L9T022113","RESOURCES FOR COMMUNITY DEVELOPMENT","CA","2025-06-04","2025-06-04251550090172",-129
260040852,"ASST_NON_CA0433L9D002215_086","CA0433L9D002215","LOS ANGELES HOMELESS SERVICES AUTHORITY","CA","2025-06-04","2025-06-04251550094588",-997
260038524,"ASST_NON_CA0353L9D002215_086","CA0353L9D002215","LOS ANGELES HOMELESS SERVICES AUTHORITY","CA","2025-06-04","2025-06-04251550094584",-98940
260074963,"ASST_NON_CA1192L9T222209_086","CA1192L9T222209","DEPARTMENT OF HEALTH & HUMAN S","CA","2025-06-04","2025-06-04251550090745",-70663.14
260031613,"ASST_NON_CA0246L9T102215_086","CA0246L9T102215","STANISLAUS REGIONAL HOUSING AUTHORITY","CA","2025-06-04","2025-06-04251550091599",-59718.28
260040263,"ASST_NON_CA0413L9D002215_086","CA0413L9D002215","LOS ANGELES HOMELESS SERVICES AUTHORITY","CA","2025-06-04","2025-06-04251550094556",-203283
260038342,"ASST_NON_CA0345L9D002215_086","CA0345L9D002215","LOS ANGELES HOMELESS SERVICES AUTHORITY","CA","2025-06-04","2025-06-04251550094618",-159
260116647,"ASST_NON_CA1723Y9T082102_086","CA1723Y9T082102","COUNTY OF SANTA CRUZ","CA","2025-06-04","2025-06-04251550090218",-17886.16
260048145,"ASST_NON_CA0606L9D042215_086","CA0606L9D042215","COUNTY OF KERN","CA","2025-06-04","2025-06-04251550094636",-18685
260116648,"ASST_NON_CA1723Y9T082203_086","CA1723Y9T082203","COUNTY OF SANTA CRUZ","CA","2025-06-04","2025-06-04251550090952",-53766.63
260117062,"ASST_NON_CA1879D9D002203_086","CA1879D9D002203","LOS ANGELES HOMELESS SERVICES AUTHORITY","CA","2025-06-04","2025-06-04251550094743",-1042895
260038369,"ASST_NON_CA0347L9D002215_086","CA0347L9D002215","LOS ANGELES HOMELESS SERVICES AUTHORITY","CA","2025-06-04","2025-06-04251550094931",-5269
260039525,"ASST_NON_CA0383L9D002215_086","CA0383L9D002215","LOS ANGELES HOMELESS SERVICES AUTHORITY","CA","2025-06-04","2025-06-04251550094864",-82031
260031587,"ASST_NON_CA0244L9T102215_086","CA0244L9T102215","STANISLAUS REGIONAL HOUSING AUTHORITY","CA","2025-06-04","2025-06-04251550090778",-39167.81
260030804,"ASST_NON_CA0230L9T082114_086","CA0230L9T082114","COUNTY OF SANTA CRUZ","CA","2025-06-04","2025-06-04251550089882",-21250.5
260035466,"ASST_NON_CA0308L9T212114_086","CA0308L9T212114","YOLO COMMUNITY CARE CONTINUUM","CA","2025-06-04","2025-06-04251550090489",-66098
260042576,"ASST_NON_CA0479L9D002215_086","CA0479L9D002215","LOS ANGELES HOMELESS SERVICES AUTHORITY","CA","2025-06-04","2025-06-04251550094737",-5856
260117469,"ASST_NON_CA2026D9D002100_086","CA2026D9D002100","LOS ANGELES HOMELESS SERVICES AUTHORITY","CA","2025-06-04","2025-06-04251550094371",-638662
260059623,"ASST_NON_CA0777L9T171911_086","CA0777L9T171911","BUCKELEW PROGRAMS","CA","2025-06-04","2025-06-04251550088723",-7854.11
260038559,"ASST_NON_CA0356L9D002012_086","CA0356L9D002012","ALLIANCE FOR HOUSING AND HEALING","CA","2025-06-04","2025-06-04251550093953",-110509
260084845,"ASST_NON_CA1555L9T082206_086","CA1555L9T082206","COUNTY OF SANTA CRUZ","CA","2025-06-04","2025-06-04251550090755",-133929.23
260042452,"ASST_NON_CA0466L9D002215_086","CA0466L9D002215","LOS ANGELES HOMELESS SERVICES AUTHORITY","CA","2025-06-04","2025-06-04251550094870",-2730
260025217,"ASST_NON_CA0160L9T042215_086","CA0160L9T042215","BUCKELEW PROGRAMS","CA","2025-06-04","2025-06-04251550091677",-21063.91
260081831,"ASST_NON_CA1439L9D022207_086","CA1439L9D022207","ORANGE COUNTY HEALTH CARE AGENCY","CA","2025-06-04","2025-06-04251550094396",-1461.37
260038558,"ASST_NON_CA0356L9D001911_086","CA0356L9D001911","ALLIANCE FOR HOUSING AND HEALING","CA","2025-06-04","2025-06-04251550093744",-100281
260035467,"ASST_NON_CA0308L9T212215_086","CA0308L9T212215","YOLO COMMUNITY CARE CONTINUUM","CA","2025-06-04","2025-06-04251550091053",-26854
260039452,"ASST_NON_CA0374L9D002215_086","CA0374L9D002215","LOS ANGELES HOMELESS SERVICES AUTHORITY","CA","2025-06-04","2025-06-04251550094624",-6234
260038575,"ASST_NON_CA0357L9D001912_086","CA0357L9D001912","ALLIANCE FOR HOUSING AND HEALING","CA","2025-06-04","2025-06-04251550093738",-100356.55
260084844,"ASST_NON_CA1555L9T082105_086","CA1555L9T082105","COUNTY OF SANTA CRUZ","CA","2025-06-04","2025-06-04251550090224",-171241.21
260035465,"ASST_NON_CA0308L9T212013_086","CA0308L9T212013","YOLO COMMUNITY CARE CONTINUUM","CA","2025-06-04","2025-06-04251550089180",-47487
260040818,"ASST_NON_CA0430L9D002215_086","CA0430L9D002215","LOS ANGELES HOMELESS SERVICES AUTHORITY","CA","2025-06-04","2025-06-04251550094553",-180
260059624,"ASST_NON_CA0777L9T172012_086","CA0777L9T172012","BUCKELEW PROGRAMS","CA","2025-06-04","2025-06-04251550088987",-5852.78
260058286,"ASST_NON_CA0752L9T042214_086","CA0752L9T042214","BUCKELEW PROGRAMS","CA","2025-06-04","2025-06-04251550091683",-29611.38
260038576,"ASST_NON_CA0357L9D002013_086","CA0357L9D002013","ALLIANCE FOR HOUSING AND HEALING","CA","2025-06-04","2025-06-04251550093952",-135487
260042262,"ASST_NON_CA0450L9D002215_086","CA0450L9D002215","LOS ANGELES HOMELESS SERVICES AUTHORITY","CA","2025-06-04","2025-06-04251550094731",-19236
260117473,"ASST_NON_CA2027D9D002100_086","CA2027D9D002100","LOS ANGELES HOMELESS SERVICES AUTHORITY","CA","2025-06-04","2025-06-04251550094376",-11851
260030805,"ASST_NON_CA0230L9T082215_086","CA0230L9T082215","COUNTY OF SANTA CRUZ","CA","2025-06-04","2025-06-04251550090534",-26738.51
260043552,"ASST_NON_CA0515L9D002215_086","CA0515L9D002215","LOS ANGELES HOMELESS SERVICES AUTHORITY","CA","2025-06-04","2025-06-04251550094630",-29051
260059625,"ASST_NON_CA0777L9T172113_086","CA0777L9T172113","BUCKELEW PROGRAMS","CA","2025-06-04","2025-06-04251550089782",-3828.88
260117288,"ASST_NON_CA1996L9T082100_086","CA1996L9T082100","COUNTY OF SANTA CRUZ","CA","2025-06-04","2025-06-04251550090465",-27730.25
260071820,"ASST_NON_CA1091L9T141906_086","CA1091L9T141906","WESTCARE CALIFORNIA, INC.","CA","2025-06-04","2025-06-04251550088707",-157571.06
260084116,"ASST_NON_CA1515L9D032207_086","CA1515L9D032207","GOOD SAMARITAN SHELTER","CA","2025-06-04","2025-06-04251550094643",-21029
260117075,"ASST_NON_CA1882L9D012203_086","CA1882L9D012203","HOME START, INCORPORATED","CA","2025-06-04","2025-06-04251550094560",-35784.17
260092815,"ASST_NON_CA1602L9D012105_086","CA1602L9D012105","SAN DIEGO HOUSING COMMISSION","CA","2025-06-04","2025-06-04251550094320",-4551.72
260044522,"ASST_NON_CA0534L9D012215_086","CA0534L9D012215","SAN DIEGO HOUSING COMMISSION","CA","2025-06-04","2025-06-04251550094689",-722.24
260067655,"ASST_NON_CA0999L9D012209_086","CA0999L9D012209","HOME START, INCORPORATED","CA","2025-06-04","2025-06-04251550094683",-19241.42
260071822,"ASST_NON_CA1091L9T142108_086","CA1091L9T142108","WESTCARE CALIFORNIA, INC.","CA","2025-06-04","2025-06-04251550089784",-24551.88
260075432,"ASST_NON_CA1208L9D012108_086","CA1208L9D012108","SAN DIEGO HOUSING COMMISSION","CA","2025-06-04","2025-06-04251550094308",-230235.75
260085242,"ASST_NON_CA1562L9T102105_086","CA1562L9T102105","WE CARE PROGRAM - TURLOCK","CA","2025-06-04","2025-06-04251550089795",-47517.73
260117488,"ASST_NON_CA2031D9D012201_086","CA2031D9D012201","HOME START, INCORPORATED","CA","2025-06-04","2025-06-04251550094637",-2359.02
260071821,"ASST_NON_CA1091L9T142007_086","CA1091L9T142007","WESTCARE CALIFORNIA, INC.","CA","2025-06-04","2025-06-04251550089127",-182121.64
260092816,"ASST_NON_CA1602L9D012206_086","CA1602L9D012206","SAN DIEGO HOUSING COMMISSION","CA","2025-06-04","2025-06-04251550094707",-88674.1
260117292,"ASST_NON_CA2000L9T122100_086","CA2000L9T122100","SAN MATEO, COUNTY OF","CA","2025-06-04","2025-06-04251550089543",-21822.11
260071823,"ASST_NON_CA1091L9T142209_086","CA1091L9T142209","WESTCARE CALIFORNIA, INC.","CA","2025-06-04","2025-06-04251550090596",-61102.92
260118204,"ASST_NON_CA2168L9D012200_086","CA2168L9D012200","SAN DIEGO HOUSING COMMISSION","CA","2025-06-04","2025-06-04251550094719",-245251.41
260116884,"ASST_NON_CA1798L9D032204_086","CA1798L9D032204","GOOD SAMARITAN SHELTER","CA","2025-06-04","2025-06-04251550094649",-16270
260117488,"ASST_NON_CA2031D9D012201_086","CA2031D9D012201","HOME START, INCORPORATED","CA","2025-06-04","2025-06-04251550095058",-333108
260116976,"ASST_NON_CA1833D9T032102_086","CA1833D9T032102","OPENING DOORS, INC","CA","2025-06-04","2025-06-04251550089942",-82620
260116770,"ASST_NON_CA1760L9T142103_086","CA1760L9T142103","WESTCARE CALIFORNIA, INC.","CA","2025-06-04","2025-06-04251550089728",-68432.12
260085241,"ASST_NON_CA1562L9T102004_086","CA1562L9T102004","WE CARE PROGRAM - TURLOCK","CA","2025-06-04","2025-06-04251550089043",-35530.66
260075433,"ASST_NON_CA1208L9D012209_086","CA1208L9D012209","SAN DIEGO HOUSING COMMISSION","CA","2025-06-04","2025-06-04251550094695",-3258.52
260117127,"ASST_NON_CA1909L9T002102_086","CA1909L9T002102","SANTA CLARA, COUNTY OF","CA","2025-06-04","2025-06-04251550089740",-144576
260067423,"ASST_NON_CA0971L9T132207_086","CA0971L9T132207","FAMILY SERVICES OF TULARE COUNTY","CA","2025-06-04","2025-06-04251550091035",-39426.91
260116664,"ASST_NON_CA1728D9T002103_086","CA1728D9T002103","SANTA CLARA, COUNTY OF","CA","2025-06-04","2025-06-04251550089746",-157342
260018598,"ASST_NON_CA0061L9T012114_086","CA0061L9T012114","COMMUNITY HOUSING PARTNERSHIP","CA","2025-06-04","2025-06-04251550089829",-92157.72
260117126,"ASST_NON_CA1909L9T002001_086","CA1909L9T002001","SANTA CLARA, COUNTY OF","CA","2025-06-04","2025-06-04251550089017",-364957
260060990,"ASST_NON_CA0825L9T002210_086","CA0825L9T002210","SANTA CLARA, COUNTY OF","CA","2025-06-04","2025-06-04251550090907",-1473541
260084673,"ASST_NON_CA1528L9T002206_086","CA1528L9T002206","SANTA CLARA, COUNTY OF","CA","2025-06-04","2025-06-04251550091245",-410563
260011795,"ASST_NON_CA0001L9T002212_086","CA0001L9T002212","SANTA CLARA, COUNTY OF","CA","2025-06-04","2025-06-04251550091593",-490167
260040105,"ASST_NON_CA0401L9D002013_086","CA0401L9D002013","STEP UP ON SECOND STREET, INC.","CA","2025-06-04","2025-06-04251550094008",-46207.49
260117234,"ASST_NON_CA1978L9T032100_086","CA1978L9T032100","SACRAMENTO STEPS FORWARD","CA","2025-06-04","2025-06-04251550090427",-1855.66
260117238,"ASST_NON_CA1979D9T032100_086","CA1979D9T032100","SACRAMENTO STEPS FORWARD","CA","2025-06-04","2025-06-04251550090348",-351676.9
260117132,"ASST_NON_CA1910L9T002001_086","CA1910L9T002001","SANTA CLARA, COUNTY OF","CA","2025-06-04","2025-06-04251550089023",-545296
260081159,"ASST_NON_CA1384L9T002206_086","CA1384L9T002206","SANTA CLARA, COUNTY OF","CA","2025-06-04","2025-06-04251550090522",-110606
260011826,"ASST_NON_CA0003L9T002112_086","CA0003L9T002112","SANTA CLARA, COUNTY OF","CA","2025-06-04","2025-06-04251550090206",-561674
260057715,"ASST_NON_CA0746L9T002113_086","CA0746L9T002113","SANTA CLARA, COUNTY OF","CA","2025-06-04","2025-06-04251550089852",-263233
260047039,"ASST_NON_CA0593L9D022114_086","CA0593L9D022114","ANAHEIM SUPPORTIVE HOUSING, INC.","CA","2025-06-04","2025-06-04251550094236",-41007
260117200,"ASST_NON_CA1966L9T002100_086","CA1966L9T002100","SANTA CLARA, COUNTY OF","CA","2025-06-04","2025-06-04251550090447",-692433
260057714,"ASST_NON_CA0746L9T002012_086","CA0746L9T002012","SANTA CLARA, COUNTY OF","CA","2025-06-04","2025-06-04251550089286",-279293
260011865,"ASST_NON_CA0007L9T002113_086","CA0007L9T002113","SOUTH COUNTY COMMUNITY SERVICES","CA","2025-06-04","2025-06-04251550090242",-56629
260078325,"ASST_NON_CA1274L9T002107_086","CA1274L9T002107","SANTA CLARA, COUNTY OF","CA","2025-06-04","2025-06-04251550090200",-469961
260116663,"ASST_NON_CA1728D9T002002_086","CA1728D9T002002","SANTA CLARA, COUNTY OF","CA","2025-06-04","2025-06-04251550089035",-822662
260081158,"ASST_NON_CA1384L9T002105_086","CA1384L9T002105","SANTA CLARA, COUNTY OF","CA","2025-06-04","2025-06-04251550089870",-123247
260117133,"ASST_NON_CA1910L9T002102_086","CA1910L9T002102","SANTA CLARA, COUNTY OF","CA","2025-06-04","2025-06-04251550089752",-318375
260014216,"ASST_NON_CA0021L9T002215_086","CA0021L9T002215","SANTA CLARA, COUNTY OF","CA","2025-06-04","2025-06-04251550091540",-12037
260024052,"ASST_NON_CA0143L9T032114_086","CA0143L9T032114","SACRAMENTO STEPS FORWARD","CA","2025-06-04","2025-06-04251550090230",-39152.1
260117307,"ASST_NON_CA2005L9T142201_086","CA2005L9T142201","WESTSIDE FAMILY PRESERVATION SERVICES NETWORK","CA","2025-06-04","2025-06-04251550090546",-547583
260078326,"ASST_NON_CA1274L9T002208_086","CA1274L9T002208","SANTA CLARA, COUNTY OF","CA","2025-06-04","2025-06-04251550090764",-537104
260011866,"ASST_NON_CA0007L9T002214_086","CA0007L9T002214","SOUTH COUNTY COMMUNITY SERVICES","CA","2025-06-04","2025-06-04251550091463",-100089
260116876,"ASST_NON_CA1796L9D032002_086","CA1796L9D032002","PATH","CA","2025-06-04","2025-06-04251550094002",-11271
260030822,"ASST_NON_CA0231L9T082215_086","CA0231L9T082215","COUNTY OF SANTA CRUZ","CA","2025-06-04","2025-06-04251550090975",-39562.31
260085387,"ASST_NON_CA1598L9D012004_086","CA1598L9D012004","COMMUNITY RESOURCE CENTER","CA","2025-06-04","2025-06-04251550093940",-14041
260117223,"ASST_NON_CA1974L9T032100_086","CA1974L9T032100","SACRAMENTO STEPS FORWARD","CA","2025-06-04","2025-06-04251550090424",-83772.66
260069638,"ASST_NON_CA1059L9T002210_086","CA1059L9T002210","SANTA CLARA, COUNTY OF","CA","2025-06-04","2025-06-04251550090845",-65012
260012288,"ASST_NON_CA0014L9T002215_086","CA0014L9T002215","SANTA CLARA, COUNTY OF","CA","2025-06-04","2025-06-04251550090528",-494125
260081168,"ASST_NON_CA1385L9T002106_086","CA1385L9T002106","SANTA CLARA, COUNTY OF","CA","2025-06-04","2025-06-04251550090057",-836494
260081169,"ASST_NON_CA1385L9T002207_086","CA1385L9T002207","SANTA CLARA, COUNTY OF","CA","2025-06-04","2025-06-04251550091587",-238069
260011827,"ASST_NON_CA0003L9T002213_086","CA0003L9T002213","SANTA CLARA, COUNTY OF","CA","2025-06-04","2025-06-04251550090768",-291470
260011810,"ASST_NON_CA0002L9T002112_086","CA0002L9T002112","SOUTH COUNTY COMMUNITY SERVICES","CA","2025-06-04","2025-06-04251550090089",-130969
260117139,"ASST_NON_CA1911D9T002102_086","CA1911D9T002102","SANTA CLARA, COUNTY OF","CA","2025-06-04","2025-06-04251550089758",-590218
260011794,"ASST_NON_CA0001L9T002111_086","CA0001L9T002111","SANTA CLARA, COUNTY OF","CA","2025-06-04","2025-06-04251550090051",-657675
260084672,"ASST_NON_CA1528L9T002105_086","CA1528L9T002105","SANTA CLARA, COUNTY OF","CA","2025-06-04","2025-06-04251550089503",-563221
260070105,"ASST_NON_CA1066L9T032208_086","CA1066L9T032208","SACRAMENTO STEPS FORWARD","CA","2025-06-04","2025-06-04251550091106",-0.01
260040106,"ASST_NON_CA0401L9D002114_086","CA0401L9D002114","STEP UP ON SECOND STREET, INC.","CA","2025-06-04","2025-06-04251550094332",-12635.94
260116721,"ASST_NON_CA1741L9T032103_086","CA1741L9T032103","SACRAMENTO STEPS FORWARD","CA","2025-06-04","2025-06-04251550089972",-166423.1
260014215,"ASST_NON_CA0021L9T002114_086","CA0021L9T002114","SANTA CLARA, COUNTY OF","CA","2025-06-04","2025-06-04251550089624",-472705
260060989,"ASST_NON_CA0825L9T002109_086","CA0825L9T002109","SANTA CLARA, COUNTY OF","CA","2025-06-04","2025-06-04251550090212",-1356092
260061633,"ASST_NON_CA0840L9T132209_086","CA0840L9T132209","FAMILY SERVICES OF TULARE COUNTY","CA","2025-06-04","2025-06-04251550091029",-11.02
260084663,"ASST_NON_CA1527L9T002105_086","CA1527L9T002105","SANTA CLARA, COUNTY OF","CA","2025-06-04","2025-06-04251550089734",-68817
260047040,"ASST_NON_CA0593L9D022215_086","CA0593L9D022215","ANAHEIM SUPPORTIVE HOUSING, INC.","CA","2025-06-04","2025-06-04251550094638",-7505
260082404,"ASST_NON_CA1442L9D032005_086","CA1442L9D032005","PATH","CA","2025-06-04","2025-06-04251550093968",-13309
260117138,"ASST_NON_CA1911D9T002001_086","CA1911D9T002001","SANTA CLARA, COUNTY OF","CA","2025-06-04","2025-06-04251550089029",-799725
260084662,"ASST_NON_CA1527L9T002004_086","CA1527L9T002004","SANTA CLARA, COUNTY OF","CA","2025-06-04","2025-06-04251550089005",-3090
260048104,"ASST_NON_CA0603L9D032013_086","CA0603L9D032013","PATH","CA","2025-06-04","2025-06-04251550094031",-194739
260012287,"ASST_NON_CA0014L9T002114_086","CA0014L9T002114","SANTA CLARA, COUNTY OF","CA","2025-06-04","2025-06-04251550089876",-721023
260117154,"ASST_NON_CA1916L9T002000_086","CA1916L9T002000","SANTA CLARA, COUNTY OF","CA","2025-06-04","2025-06-04251550089011",-121194
260117241,"ASST_NON_CA1980D9T032100_086","CA1980D9T032100","SACRAMENTO STEPS FORWARD","CA","2025-06-04","2025-06-04251550090342",-225628.56
260011809,"ASST_NON_CA0002L9T002011_086","CA0002L9T002011","SOUTH COUNTY COMMUNITY SERVICES","CA","2025-06-04","2025-06-04251550089073",-176837
269025397,"ASST_NON_NV0016L9T012114_086","NV0016L9T012114","VOLUNTEERS OF AMERICA NORTHERN CALIFORNIA AND NORTHERN NEVADA, INC.","CA","2025-06-04","2025-06-04251550089686",-84442.06
260069637,"ASST_NON_CA1059L9T002109_086","CA1059L9T002109","SANTA CLARA, COUNTY OF","CA","2025-06-04","2025-06-04251550089662",-25746
260023967,"ASST_NON_CA0135L9T032215_086","CA0135L9T032215","SACRAMENTO STEPS FORWARD","CA","2025-06-04","2025-06-04251550091047",-2240.21
260023933,"ASST_NON_CA0132L9T032215_086","CA0132L9T032215","SACRAMENTO STEPS FORWARD","CA","2025-06-04","2025-06-04251550091133",-15504.08
260116970,"ASST_NON_CA1832D9T032102_086","CA1832D9T032102","SACRAMENTO STEPS FORWARD","CA","2025-06-04","2025-06-04251550089966",-63957.6
260116963,"ASST_NON_CA1830L9T032102_086","CA1830L9T032102","SACRAMENTO STEPS FORWARD","CA","2025-06-04","2025-06-04251550089960",-2
260025111,"ASST_NON_CA0150L9T032215_086","CA0150L9T032215","SACRAMENTO STEPS FORWARD","CA","2025-06-04","2025-06-04251550091058",-21083.88
260024053,"ASST_NON_CA0143L9T032215_086","CA0143L9T032215","SACRAMENTO STEPS FORWARD","CA","2025-06-04","2025-06-04251550090781",-165562.2
260084750,"ASST_NON_CA1542L9T032105_086","CA1542L9T032105","SACRAMENTO STEPS FORWARD","CA","2025-06-04","2025-06-04251550089978",-278029.92
260079118,"ASST_NON_CA1303L9T032107_086","CA1303L9T032107","SACRAMENTO STEPS FORWARD","CA","2025-06-04","2025-06-04251550089680",-290724.23
260061053,"ASST_NON_CA0828L9T032109_086","CA0828L9T032109","SACRAMENTO STEPS FORWARD","CA","2025-06-04","2025-06-04251550090178",-103311.02
260011811,"ASST_NON_CA0002L9T002213_086","CA0002L9T002213","SOUTH COUNTY COMMUNITY SERVICES","CA","2025-06-04","2025-06-04251550091457",-83611
260061054,"ASST_NON_CA0828L9T032210_086","CA0828L9T032210","SACRAMENTO STEPS FORWARD","CA","2025-06-04","2025-06-04251550090614",-276415.12
260084672,"ASST_NON_CA1528L9T002105_086","CA1528L9T002105","SANTA CLARA, COUNTY OF","CA","2025-06-04","2025-06-04251550089623",-53892
260118398,"ASST_NON_CA2349L9T132400_086","CA2349L9T132400","FAMILY SERVICES OF TULARE COUNTY","CA","2025-06-04","2025-06-04251550092060",108500
260079119,"ASST_NON_CA1303L9T032208_086","CA1303L9T032208","SACRAMENTO STEPS FORWARD","CA","2025-06-04","2025-06-04251550090893",-25395.11
260042511,"ASST_NON_CA0473L9D002215_086","CA0473L9D002215","HOUSING AUTHORITY OF THE CITY OF LOS ANGELES","CA","2025-06-04","2025-06-04251550094659",-438858.57
260072831,"ASST_NON_CA1120L9D022109_086","CA1120L9D022109","MERCY HOUSE LIVING CENTERS","CA","2025-06-04","2025-06-04251550094302",-31604.26
260064642,"ASST_NON_CA0923L9D002213_086","CA0923L9D002213","HOUSING AUTHORITY OF THE CITY OF LOS ANGELES","CA","2025-06-04","2025-06-04251550094597",-250660.01
260117097,"ASST_NON_CA1888L9D022001_086","CA1888L9D022001","MERCY HOUSE LIVING CENTERS","CA","2025-06-04","2025-06-04251550094020",-31084.06
260117098,"ASST_NON_CA1888L9D022102_086","CA1888L9D022102","MERCY HOUSE LIVING CENTERS","CA","2025-06-04","2025-06-04251550094338",-7988.84
260040910,"ASST_NON_CA0438L9D002215_086","CA0438L9D002215","HOUSING AUTHORITY OF THE CITY OF LOS ANGELES","CA","2025-06-04","2025-06-04251550094572",-9326.81
260073571,"ASST_NON_CA1155L9T052211_086","CA1155L9T052211","HOUSING AUTHORITY OF CONTRA COSTA COUNTY","CA","2025-06-04","2025-06-04251550090763",-17656.69
260042528,"ASST_NON_CA0474L9D002215_086","CA0474L9D002215","HOUSING AUTHORITY OF THE CITY OF LOS ANGELES","CA","2025-06-04","2025-06-04251550094852",-188863.68
260043600,"ASST_NON_CA0519L9D002215_086","CA0519L9D002215","HOUSING AUTHORITY OF THE CITY OF LOS ANGELES","CA","2025-06-04","2025-06-04251550094858",-123668.19
260080463,"ASST_NON_CA1351L9D022006_086","CA1351L9D022006","MERCY HOUSE LIVING CENTERS","CA","2025-06-04","2025-06-04251550094014",-90211.2
260078346,"ASST_NON_CA1276L9T052208_086","CA1276L9T052208","HOUSING AUTHORITY OF CONTRA COSTA COUNTY","CA","2025-06-04","2025-06-04251550090757",-31897.2
260059585,"ASST_NON_CA0773L9T142214_086","CA0773L9T142214","TURNING POINT OF CENTRAL CALIFORNIA INC","CA","2025-06-04","2025-06-04251550091139",-47305
260092746,"ASST_NON_CA1601L9D012206_086","CA1601L9D012206","INTERFAITH COMMUNITY SERVICES, INC","CA","2025-06-04","2025-06-04251550094671",-16741
260116806,"ASST_NON_CA1770D9T182204_086","CA1770D9T182204","COMMUNITY ACTION PARTNERSHIP OF SOLANO JPA","CA","2025-06-04","2025-06-04251550091410",-2589.52
260072829,"ASST_NON_CA1120L9D021907_086","CA1120L9D021907","MERCY HOUSE LIVING CENTERS","CA","2025-06-04","2025-06-04251550093720",-25903
260083475,"ASST_NON_CA1499L9D002005_086","CA1499L9D002005","CITY OF BUBANK","CA","2025-06-04","2025-06-04251550093959",-75948.39
260117099,"ASST_NON_CA1888L9D022203_086","CA1888L9D022203","MERCY HOUSE LIVING CENTERS","CA","2025-06-04","2025-06-04251550094749",-4089
260068813,"ASST_NON_CA1041L9T162212_086","CA1041L9T162212","COUNTY OF SHASTA","CA","2025-06-04","2025-06-04251550091814",-218713.02
260077218,"ASST_NON_CA1255L9T142208_086","CA1255L9T142208","TURNING POINT OF CENTRAL CALIFORNIA INC","CA","2025-06-04","2025-06-04251550090590",-73873
260083474,"ASST_NON_CA1499L9D001904_086","CA1499L9D001904","CITY OF BUBANK","CA","2025-06-04","2025-06-04251550093714",-59623.52
260117262,"ASST_NON_CA1987L9T062100_086","CA1987L9T062100","HOUSING RESOURCE CENTER OF MONTEREY COUNTY","CA","2025-06-04","2025-06-04251550090483",-82908.8
260056934,"ASST_NON_CA0733L9D122215_086","CA0733L9D122215","CITY OF GLENDALE","CA","2025-06-04","2025-06-04251550094547",-683.84
260080390,"ASST_NON_CA1341L9D002208_086","CA1341L9D002208","HOUSING AUTHORITY OF THE CITY OF LOS ANGELES","CA","2025-06-04","2025-06-04251550094824",-2278513.35
260095187,"ASST_NON_CA1693L9D012205_086","CA1693L9D012205","INTERFAITH COMMUNITY SERVICES, INC","CA","2025-06-04","2025-06-04251550094794",-8400
260117231,"ASST_NON_CA1977L9T032100_086","CA1977L9T032100","TURNING POINT COMMUNITY PROGRAMS","CA","2025-06-04","2025-06-04251550090409",-190466.39
260042368,"ASST_NON_CA0460L9D002013_086","CA0460L9D002013","THE PEOPLE CONCERN","CA","2025-06-04","2025-06-04251550093974",-7918
260084104,"ASST_NON_CA1514L9D022005_086","CA1514L9D022005","MERCY HOUSE LIVING CENTERS","CA","2025-06-04","2025-06-04251550093966",-194518.99
260080474,"ASST_NON_CA1352L9D022006_086","CA1352L9D022006","MERCY HOUSE LIVING CENTERS","CA","2025-06-04","2025-06-04251550093981",-283068.2
260069571,"ASST_NON_CA1051L9D002212_086","CA1051L9D002212","HOUSING AUTHORITY OF THE CITY OF LOS ANGELES","CA","2025-06-04","2025-06-04251550094591",-106159.04
260040147,"ASST_NON_CA0405L9D002215_086","CA0405L9D002215","HOUSING AUTHORITY OF THE CITY OF LOS ANGELES","CA","2025-06-04","2025-06-04251550094846",-610889.65
260043583,"ASST_NON_CA0518L9D002215_086","CA0518L9D002215","UPWARD BOUND HOUSE","CA","2025-06-04","2025-06-04251550094725",-8701.95
260084105,"ASST_NON_CA1514L9D022106_086","CA1514L9D022106","MERCY HOUSE LIVING CENTERS","CA","2025-06-04","2025-06-04251550094258",-5373.28
260041599,"ASST_NON_CA0444L9D002215_086","CA0444L9D002215","HOUSING AUTHORITY OF THE CITY OF LOS ANGELES","CA","2025-06-04","2025-06-04251550094903",-106397.06
260072830,"ASST_NON_CA1120L9D022008_086","CA1120L9D022008","MERCY HOUSE LIVING CENTERS","CA","2025-06-04","2025-06-04251550093965",-68942.91
260082850,"ASST_NON_CA1455L9D122106_086","CA1455L9D122106","CITY OF GLENDALE","CA","2025-06-04","2025-06-04251550094264",-26112.45
260080475,"ASST_NON_CA1352L9D022107_086","CA1352L9D022107","MERCY HOUSE LIVING CENTERS","CA","2025-06-04","2025-06-04251550094252",-330900.44
260079690,"ASST_NON_CA1320L9T142208_086","CA1320L9T142208","TURNING POINT OF CENTRAL CALIFORNIA INC","CA","2025-06-04","2025-06-04251550091145",-51044
260117228,"ASST_NON_CA1976L9T032100_086","CA1976L9T032100","TURNING POINT COMMUNITY PROGRAMS","CA","2025-06-04","2025-06-04251550090405",-555345
260081821,"ASST_NON_CA1438L9D012106_086","CA1438L9D012106","CATHOLIC CHARITIES, DIOCESE OF SAN DIEGO","CA","2025-06-04","2025-06-04251550094296",-107089.55
260039678,"ASST_NON_CA0393L9D002215_086","CA0393L9D002215","HOUSING AUTHORITY OF THE CITY OF LOS ANGELES","CA","2025-06-04","2025-06-04251550094818",-190036.65
260118152,"ASST_NON_CA2135L9T112200_086","CA2135L9T112200","SAN JOAQUIN COUNTY - HUMAN SERVICES AGENCY","CA","2025-06-04","2025-06-04251550091221",-55517.59
260032399,"ASST_NON_CA0251L9T112213_086","CA0251L9T112213","SAN JOAQUIN COUNTY - HUMAN SERVICES AGENCY","CA","2025-06-04","2025-06-04251550090970",-13947
260064335,"ASST_NON_CA0902L9T112213_086","CA0902L9T112213","SAN JOAQUIN COUNTY - HUMAN SERVICES AGENCY","CA","2025-06-04","2025-06-04251550091227",-77246
260058755,"ASST_NON_CA0763L9T112212_086","CA0763L9T112212","SAN JOAQUIN COUNTY - HUMAN SERVICES AGENCY","CA","2025-06-04","2025-06-04251550090827",-2839
260032436,"ASST_NON_CA0253L9T112215_086","CA0253L9T112215","SAN JOAQUIN COUNTY - HUMAN SERVICES AGENCY","CA","2025-06-04","2025-06-04251550091233",-246894
260032384,"ASST_NON_CA0250L9T112214_086","CA0250L9T112214","SAN JOAQUIN COUNTY - HUMAN SERVICES AGENCY","CA","2025-06-04","2025-06-04251550091534",-25473
260061584,"ASST_NON_CA0835L9T112208_086","CA0835L9T112208","SAN JOAQUIN COUNTY - HUMAN SERVICES AGENCY","CA","2025-06-04","2025-06-04251550090960",-5161.4
260032419,"ASST_NON_CA0252L9T112214_086","CA0252L9T112214","SAN JOAQUIN COUNTY - HUMAN SERVICES AGENCY","CA","2025-06-04","2025-06-04251550090833",-39401.24
260031690,"ASST_NON_CA0248L9T112213_086","CA0248L9T112213","SAN JOAQUIN COUNTY - HUMAN SERVICES AGENCY","CA","2025-06-04","2025-06-04251550091215",-180
260039700,"ASST_NON_CA0395L9D002215_086","CA0395L9D002215","HOUSING AUTHORITY OF THE CITY OF LOS ANGELES","CA","2025-06-04","2025-06-04251550094603",-506628.09
260039661,"ASST_NON_CA0392L9D002215_086","CA0392L9D002215","HOUSING AUTHORITY OF THE CITY OF LOS ANGELES","CA","2025-06-04","2025-06-04251550094812",-49684.97
260056908,"ASST_NON_CA0731L9D122215_086","CA0731L9D122215","CITY OF GLENDALE","CA","2025-06-04","2025-06-04251550094915",-1021.49
260022262,"ASST_NON_CA0101L9T022114_086","CA0101L9T022114","ALAMEDA COUNTY HOUSING & COMMUNITY DEVELOPMENT","CA","2025-06-04","2025-06-04251550089912",-50584.91
260022279,"ASST_NON_CA0102L9T022114_086","CA0102L9T022114","ALAMEDA COUNTY HOUSING & COMMUNITY DEVELOPMENT","CA","2025-06-04","2025-06-04251550090265",-5652.98
260118155,"ASST_NON_CA2137L9T122200_086","CA2137L9T122200","HOUSING AUTHORITY OF COUNTY OF SAN M","CA","2025-06-04","2025-06-04251550090516",-283794.7
260084734,"ASST_NON_CA1539L9T021903_086","CA1539L9T021903","ALAMEDA COUNTY HOUSING & COMMUNITY DEVELOPMENT","CA","2025-06-04","2025-06-04251550088658",-236399.78
260022953,"ASST_NON_CA0118L9T022013_086","CA0118L9T022013","ALAMEDA COUNTY HOUSING & COMMUNITY DEVELOPMENT","CA","2025-06-04","2025-06-04251550089204",-513821.75
260073540,"ASST_NON_CA1151L9T022009_086","CA1151L9T022009","ALAMEDA COUNTY HOUSING & COMMUNITY DEVELOPMENT","CA","2025-06-04","2025-06-04251550089297",-295755.14
260023857,"ASST_NON_CA0125L9T022013_086","CA0125L9T022013","ALAMEDA COUNTY HOUSING & COMMUNITY DEVELOPMENT","CA","2025-06-04","2025-06-04251550089192",-8419.41
260023859,"ASST_NON_CA0125L9T022215_086","CA0125L9T022215","ALAMEDA COUNTY HOUSING & COMMUNITY DEVELOPMENT","CA","2025-06-04","2025-06-04251550091613",-14404.38
260057727,"ASST_NON_CA0747L9T022012_086","CA0747L9T022012","ALAMEDA COUNTY HOUSING & COMMUNITY DEVELOPMENT","CA","2025-06-04","2025-06-04251550089274",-175467.86
260083033,"ASST_NON_CA1468L9T021904_086","CA1468L9T021904","ALAMEDA COUNTY HOUSING & COMMUNITY DEVELOPMENT","CA","2025-06-04","2025-06-04251550088676",-55207.84
260023858,"ASST_NON_CA0125L9T022114_086","CA0125L9T022114","ALAMEDA COUNTY HOUSING & COMMUNITY DEVELOPMENT","CA","2025-06-04","2025-06-04251550090288",-11699.25
260020968,"ASST_NON_CA0087L9T022013_086","CA0087L9T022013","ALAMEDA COUNTY HOUSING & COMMUNITY DEVELOPMENT","CA","2025-06-04","2025-06-04251550089186",-208.41
260060937,"ASST_NON_CA0816L9D092012_086","CA0816L9D092012","HOUSING AUTHORITY OF THE COUNTY OF SAN BERNARDINO","CA","2025-06-04","2025-06-04251550093946",-78784
260118142,"ASST_NON_CA2129L9T072200_086","CA2129L9T072200","HOMEWARD BOUND OF MARIN","CA","2025-06-04","2025-06-04251550090807",-19228
260022989,"ASST_NON_CA0119L9T022013_086","CA0119L9T022013","ALAMEDA COUNTY HOUSING & COMMUNITY DEVELOPMENT","CA","2025-06-04","2025-06-04251550089156",-154.79
260079099,"ASST_NON_CA1298L9T022107_086","CA1298L9T022107","ALAMEDA COUNTY HOUSING & COMMUNITY DEVELOPMENT","CA","2025-06-04","2025-06-04251550090131",-70100.86
260022658,"ASST_NON_CA0110L9T022013_086","CA0110L9T022013","ALAMEDA COUNTY HOUSING & COMMUNITY DEVELOPMENT","CA","2025-06-04","2025-06-04251550089268",-1922.48
260063572,"ASST_NON_CA0876L9D092208_086","CA0876L9D092208","HOUSING AUTHORITY OF THE COUNTY OF SAN BERNARDINO","CA","2025-06-04","2025-06-04251550094652",-43029
260022990,"ASST_NON_CA0119L9T022114_086","CA0119L9T022114","ALAMEDA COUNTY HOUSING & COMMUNITY DEVELOPMENT","CA","2025-06-04","2025-06-04251550090259",-382.59
260021838,"ASST_NON_CA0094L9T022114_086","CA0094L9T022114","ALAMEDA COUNTY HOUSING & COMMUNITY DEVELOPMENT","CA","2025-06-04","2025-06-04251550090125",-1119.62
260020924,"ASST_NON_CA0084L9T022013_086","CA0084L9T022013","ALAMEDA COUNTY HOUSING & COMMUNITY DEVELOPMENT","CA","2025-06-04","2025-06-04251550089168",-83724.61
260073541,"ASST_NON_CA1151L9T022110_086","CA1151L9T022110","ALAMEDA COUNTY HOUSING & COMMUNITY DEVELOPMENT","CA","2025-06-04","2025-06-04251550089918",-290143.64
260021837,"ASST_NON_CA0094L9T022013_086","CA0094L9T022013","ALAMEDA COUNTY HOUSING & COMMUNITY DEVELOPMENT","CA","2025-06-04","2025-06-04251550089252",-34.16
260079097,"ASST_NON_CA1298L9T021905_086","CA1298L9T021905","ALAMEDA COUNTY HOUSING & COMMUNITY DEVELOPMENT","CA","2025-06-04","2025-06-04251550088747",-32677.19
260038577,"ASST_NON_CA0357L9D002114_086","CA0357L9D002114","APLA HEALTH & WELLNESS","CA","2025-06-04","2025-06-04251550094230",-139747
260057728,"ASST_NON_CA0747L9T022113_086","CA0747L9T022113","ALAMEDA COUNTY HOUSING & COMMUNITY DEVELOPMENT","CA","2025-06-04","2025-06-04251550089840",-62349.28
260117504,"ASST_NON_CA2035L9D012201_086","CA2035L9D012201","HOPE THROUGH HOUSING FOUNDATION","CA","2025-06-04","2025-06-04251550095080",-95027.91
260058771,"ASST_NON_CA0764L9T122214_086","CA0764L9T122214","HOUSING AUTHORITY OF COUNTY OF SAN M","CA","2025-06-04","2025-06-04251550091239",-16521.76
260020925,"ASST_NON_CA0084L9T022114_086","CA0084L9T022114","ALAMEDA COUNTY HOUSING & COMMUNITY DEVELOPMENT","CA","2025-06-04","2025-06-04251550090058",-6153.76
260022657,"ASST_NON_CA0110L9T021912_086","CA0110L9T021912","ALAMEDA COUNTY HOUSING & COMMUNITY DEVELOPMENT","CA","2025-06-04","2025-06-04251550088646",-8846.76
260030857,"ASST_NON_CA0234L9T082215_086","CA0234L9T082215","HOUSING AUTHORITY OF THE COUNTY OF SANTA CRUZ","CA","2025-06-04","2025-06-04251550091445",-381599.82
260063587,"ASST_NON_CA0878L9D092208_086","CA0878L9D092208","HOUSING AUTHORITY OF THE COUNTY OF SAN BERNARDINO","CA","2025-06-04","2025-06-04251550094937",-15592
260084735,"ASST_NON_CA1539L9T022004_086","CA1539L9T022004","ALAMEDA COUNTY HOUSING & COMMUNITY DEVELOPMENT","CA","2025-06-04","2025-06-04251550089280",-210281.45
260020942,"ASST_NON_CA0085L9T022114_086","CA0085L9T022114","ALAMEDA COUNTY HOUSING & COMMUNITY DEVELOPMENT","CA","2025-06-04","2025-06-04251550090023",-102907.49
260073539,"ASST_NON_CA1151L9T021908_086","CA1151L9T021908","ALAMEDA COUNTY HOUSING & COMMUNITY DEVELOPMENT","CA","2025-06-04","2025-06-04251550088682",-61765.33
260084736,"ASST_NON_CA1539L9T022105_086","CA1539L9T022105","ALAMEDA COUNTY HOUSING & COMMUNITY DEVELOPMENT","CA","2025-06-04","2025-06-04251550089846",-95605.27
260083035,"ASST_NON_CA1468L9T022106_086","CA1468L9T022106","ALAMEDA COUNTY HOUSING & COMMUNITY DEVELOPMENT","CA","2025-06-04","2025-06-04251550090081",-159072.33
260117156,"ASST_NON_CA1918L9T022000_086","CA1918L9T022000","ALAMEDA COUNTY HOUSING & COMMUNITY DEVELOPMENT","CA","2025-06-04","2025-06-04251550089529",-142195.65
260020943,"ASST_NON_CA0085L9T022215_086","CA0085L9T022215","ALAMEDA COUNTY HOUSING & COMMUNITY DEVELOPMENT","CA","2025-06-04","2025-06-04251550091648",-4518.76
260079098,"ASST_NON_CA1298L9T022006_086","CA1298L9T022006","ALAMEDA COUNTY HOUSING & COMMUNITY DEVELOPMENT","CA","2025-06-04","2025-06-04251550089258",-67510.79
260083034,"ASST_NON_CA1468L9T022005_086","CA1468L9T022005","ALAMEDA COUNTY HOUSING & COMMUNITY DEVELOPMENT","CA","2025-06-04","2025-06-04251550089132",-164343.21
260020941,"ASST_NON_CA0085L9T022013_086","CA0085L9T022013","ALAMEDA COUNTY HOUSING & COMMUNITY DEVELOPMENT","CA","2025-06-04","2025-06-04251550089210",-623953.02
260020907,"ASST_NON_CA0083L9T022013_086","CA0083L9T022013","ALAMEDA COUNTY HOUSING & COMMUNITY DEVELOPMENT","CA","2025-06-04","2025-06-04251550089367",-21037.86
260022954,"ASST_NON_CA0118L9T022114_086","CA0118L9T022114","ALAMEDA COUNTY HOUSING & COMMUNITY DEVELOPMENT","CA","2025-06-04","2025-06-04251550090029",-124995.55
260038560,"ASST_NON_CA0356L9D002113_086","CA0356L9D002113","APLA HEALTH & WELLNESS","CA","2025-06-04","2025-06-04251550094218",-137582
260078435,"ASST_NON_CA1283L9T122206_086","CA1283L9T122206","HOUSING AUTHORITY OF COUNTY OF SAN M","CA","2025-06-04","2025-06-04251550091151",-64104.79
260057726,"ASST_NON_CA0747L9T021911_086","CA0747L9T021911","ALAMEDA COUNTY HOUSING & COMMUNITY DEVELOPMENT","CA","2025-06-04","2025-06-04251550088652",-12014.41
260022955,"ASST_NON_CA0118L9T022215_086","CA0118L9T022215","ALAMEDA COUNTY HOUSING & COMMUNITY DEVELOPMENT","CA","2025-06-04","2025-06-04251550091654",-170328.99
260020969,"ASST_NON_CA0087L9T022114_086","CA0087L9T022114","ALAMEDA COUNTY HOUSING & COMMUNITY DEVELOPMENT","CA","2025-06-04","2025-06-04251550090282",-1506.04
260083188,"ASST_NON_CA1473L9T072106_086","CA1473L9T072106","HOMEWARD BOUND OF MARIN","CA","2025-06-04","2025-06-04251550089636",-13560.57
260066905,"ASST_NON_CA0968L9T122207_086","CA0968L9T122207","HOUSING AUTHORITY OF COUNTY OF SAN M","CA","2025-06-04","2025-06-04251550090839",-881034.12
260020908,"ASST_NON_CA0083L9T022114_086","CA0083L9T022114","ALAMEDA COUNTY HOUSING & COMMUNITY DEVELOPMENT","CA","2025-06-04","2025-06-04251550089650",-67820.05
260118408,"ASST_NON_CA2375L9D012400_086","CA2375L9D012400","PATH","CA","2025-06-13","2025-06-13251640030448",864932
260118376,"ASST_NON_CA2302L9D122300_086","CA2302L9D122300","CITY OF GLENDALE","CA","2025-06-13","2025-06-13251640030425",133067
260083017,"ASST_NON_CA1465L9T022409_086","CA1465L9T022409","CITY OF OAKLAND","CA","2025-06-19","2025-06-19251690044840",1136185
260078290,"ASST_NON_CA1270L9T022410_086","CA1270L9T022410","CITY OF OAKLAND","CA","2025-06-19","2025-06-19251690044829",963819
260022325,"ASST_NON_CA0106L9T022417_086","CA0106L9T022417","CITY OF OAKLAND","CA","2025-06-19","2025-06-19251690044825",738792
260116705,"ASST_NON_CA1736L9T022406_086","CA1736L9T022406","CITY OF OAKLAND","CA","2025-06-19","2025-06-19251690044844",2531115
260118215,"ASST_NON_CA2171T9D022402_086","CA2171T9D022402","PATHWAYS OF HOPE","CA","2025-06-19","2025-06-19251690046449",417475
260118345,"ASST_NON_CA2280L9D002300_086","CA2280L9D002300","LOS ANGELES HOMELESS SERVICES AUTHORITY","CA","2025-06-24","2025-06-24251750034506",2145161
260118394,"ASST_NON_CA2343L9T082400_086","CA2343L9T082400","COUNTY OF SANTA CRUZ","CA","2025-06-26","2025-06-26251770058804",287157
260118399,"ASST_NON_CA2350L9T132400_086","CA2350L9T132400","CENTRAL CALIFORNIA FAMILY CRISIS CENTER, INC.","CA","2025-06-26","2025-06-26251770058800",226307
260118401,"ASST_NON_CA2356L9T172400_086","CA2356L9T172400","COUNTY OF NAPA","CA","2025-06-27","2025-06-27251780090829",50000
260118340,"ASST_NON_CA2276L9T292300_086","CA2276L9T292300","LAKE, COUNTY OF","CA","2025-07-01","2025-07-01251820021884",50000
260118405,"ASST_NON_CA2367L9T292400_086","CA2367L9T292400","LAKE, COUNTY OF","CA","2025-07-02","2025-07-02251830455738",50000
260118412,"ASST_NON_CA2382L9D042400_086","CA2382L9D042400","BAKERSFIELD-KERN REGIONAL HOME","CA","2025-07-02","2025-07-02251830497482",525677
260118410,"ASST_NON_CA2378L9D022400_086","CA2378L9D022400","ORANGE COUNTY HEALTH CARE AGENCY","CA","2025-07-02","2025-07-02251830497478",1500000
260118377,"ASST_NON_CA2303L9D132300_086","CA2303L9D132300","IMPERIAL COUNTY","CA","2025-07-03","2025-07-03251840062070",50000
260118349,"ASST_NON_CA2282L9D002300_086","CA2282L9D002300","LOS ANGELES HOMELESS SERVICES AUTHORITY","CA","2025-07-03","2025-07-03251840062066",8121095
260118396,"ASST_NON_CA2347L9T122400_086","CA2347L9T122400","COUNTY OF SAN MATEO HUMAN SERVICES","CA","2025-07-08","2025-07-08251890066998",694073
260118404,"ASST_NON_CA2365L9T262400_086","CA2365L9T262400","AMADOR TUOLUMNE COMMUNITY ACTION AGENCY","CA","2025-07-08","2025-07-08251890066994",50000
260118413,"ASST_NON_CA2387L9D082400_086","CA2387L9D082400","COUNTY OF RIVERSIDE","CA","2025-07-11","2025-07-11251920029432",876843
260060120,"ASST_NON_CA0780L9T202315_086","CA0780L9T202315","COUNTY OF MERCED","CA","2025-07-18","2025-07-18251990034904",140502
260118341,"ASST_NON_CA2277D9T292300_086","CA2277D9T292300","LAKE FAMILY RESOURCE CENTER","CA","2025-07-18","2025-07-18251990034845",47184
260118392,"ASST_NON_CA2331L9T002400_086","CA2331L9T002400","COUNTY OF SANTA CLARA","CA","2025-07-22","2025-07-22252030034834",1500000
260118407,"ASST_NON_CA2373L9D002400_086","CA2373L9D002400","LOS ANGELES HOMELESS SERVICES AUTHORITY","CA","2025-07-22","2025-07-22252030036484",1500000
260116748,"ASST_NON_CA1750D9T072406_086","CA1750D9T072406","CENTER FOR DOMESTIC PEACE","CA","2025-07-23","2025-07-23252040036538",348049
260117150,"ASST_NON_CA1913L9T082405_086","CA1913L9T082405","WALNUT AVENUE FAMILY & WOMEN'S CENTER","CA","2025-07-23","2025-07-23252040035254",728407
260116850,"ASST_NON_CA1790D9D002405_086","CA1790D9D002405","LOS ANGELES HOMELESS SERVICES AUTHORITY","CA","2025-07-23","2025-07-23252040036542",2663636
260071825,"ASST_NON_CA1091L9T142411_086","CA1091L9T142411","WESTCARE CALIFORNIA, INC.","CA","2025-07-23","2025-07-23252040035179",632044
260117506,"ASST_NON_CA2035L9D012403_086","CA2035L9D012403","HOPE THROUGH HOUSING FOUNDATION","CA","2025-07-23","2025-07-23252040036534",266100
260118414,"ASST_NON_CA2388L9D092400_086","CA2388L9D092400","COUNTY OF SAN BERNARDINO","CA","2025-07-24","2025-07-24252050043786",956965
260118212,"ASST_NON_CA2170L9D012402_086","CA2170L9D012402","CITY OF CARLSBAD","CA","2025-07-30","2025-07-30252110039508",552295
260118281,"ASST_NON_CA2233D9T022300_086","CA2233D9T022300","SAFE ALTERNATIVES TO VIOLENT ENVIRONMENTS, INC.","CA","2025-08-01","2025-08-01252130045086",800682
260118395,"ASST_NON_CA2346L9T112400_086","CA2346L9T112400","SAN JOAQUIN COUNTY - HUMAN SERVICES AGENCY","CA","2025-08-05","2025-08-05252170148352",392840
260116809,"ASST_NON_CA1771L9T181800_086","CA1771L9T181800","EDGE COMMUNITY CHURCH OF SUISUN, INC.","CA","2025-08-06","2025-08-06252180033280",-51303.41
260095124,"ASST_NON_CA1684L9D001801_086","CA1684L9D001801","LOS ANGELES HOMELESS SERVICES AUTHORITY","CA","2025-08-06","2025-08-06252180035140",-1113660
260095132,"ASST_NON_CA1685L9D001801_086","CA1685L9D001801","LOS ANGELES HOMELESS SERVICES AUTHORITY","CA","2025-08-06","2025-08-06252180035146",-1239795
260118411,"ASST_NON_CA2381L9D032400_086","CA2381L9D032400","COUNTY OF SANTA BARBARA","CA","2025-08-08","2025-08-08252200029983",138266
260116587,"ASST_NON_CA1702L9D032407_086","CA1702L9D032407","NBCC","CA","2025-08-11","2025-08-11252230030954",277129
260074992,"ASST_NON_CA1197L9D042411_086","CA1197L9D042411","HOUSING AUTHORITY OF THE COUNTY OF KERN","CA","2025-08-13","2025-08-13252250038448",141760
260118283,"ASST_NON_CA2234L9T022300_086","CA2234L9T022300","INSIGHT HOUSING","CA","2025-08-13","2025-08-13252250037474",735304
260059628,"ASST_NON_CA0777L9T172416_086","CA0777L9T172416","COUNTY OF NAPA","CA","2025-08-26","2025-08-26252370029782",-137711
260118393,"ASST_NON_CA2335L9T032400_086","CA2335L9T032400","STEP UP ON SECOND STREET, INC.","CA","2025-08-26","2025-08-26252380037458",1442247
260014218,"ASST_NON_CA0021L9T002417_086","CA0021L9T002417","COUNTY OF SANTA CLARA","CA","2025-08-28","2025-08-28252400040704",2904831
260118415,"ASST_NON_CA2390L9D122400_086","CA2390L9D122400","CITY OF GLENDALE","CA","2025-08-29","2025-08-29252410048688",133067
260118402,"ASST_NON_CA2357L9T182400_086","CA2357L9T182400","ABODE SERVICES","CA","2025-09-02","2025-09-02252450099706",255323
260118409,"ASST_NON_CA2376L9D012400_086","CA2376L9D012400","REGIONAL TASK FORCE ON THE HOMELESS, INC","CA","2025-09-04","2025-09-04252470056116",1500000
260118403,"ASST_NON_CA2361L9T222400_086","CA2361L9T222400","DEPARTMENT OF HEALTH & HUMAN S","CA","2025-09-05","2025-09-05252480051542",56363
260118416,"ASST_NON_CA2395L9T062400_086","CA2395L9T062400","COALITION OF HOMELESS SERVICES PROVIDERS","CA","2025-09-16","2025-09-16252590073140",349994
260118400,"ASST_NON_CA2354L9T152400_086","CA2354L9T152400","HOMELESS RESOURCE COUNCIL OF THE SIERRAS","CA","2025-09-16","2025-09-16252590073132",72991
260118406,"ASST_NON_CA2370L9T312400_086","CA2370L9T312400","HOMELESS RESOURCE COUNCIL OF THE SIERRAS","CA","2025-09-16","2025-09-16252590073136",50000
351990275,"ASST_NON_CA2329L9T002400_086","CA2329L9T002400","RAZING THE BAR","CA","2025-09-18","2025-09-18252610065780",1950810
351990277,"ASST_NON_CA2337L9T032400_086","CA2337L9T032400","SACRAMENTO STEPS FORWARD","CA","2025-09-18","2025-09-18252610065784",1500000
357636577,"ASST_NON_CA2334L9T022400_086","CA2334L9T022400","COUNTY OF ALAMEDA","CA","2025-09-19","2025-09-19252620054388",1500000
351990279,"ASST_NON_CA2358L9T182400_086","CA2358L9T182400","COMMUNITY ACTION PARTNERSHIP OF SOLANO JPA","CA","2025-09-19","2025-09-19252620054384",92685
351990278,"ASST_NON_CA2339D9T052400_086","CA2339D9T052400","SHELTER, INC.","CA","2025-09-22","2025-09-22252650052388",1110372
354100073,"ASST_NON_CA2332D9T002400_086","CA2332D9T002400","ST ANDREW'S RESIDENTIAL PROGRAMS FOR YOUTH","CA","2025-09-23","2025-09-23252660058282",1032947
351990276,"ASST_NON_CA2333L9T012400_086","CA2333L9T012400","DEPARTMENT OF HOMELESSNESS & SUPPORTIVE HOUSING","CA","2025-09-24","2025-09-24252670086007",1500000
353787717,"ASST_NON_CA2389L9D112400_086","CA2389L9D112400","COUNTY OF VENTURA","CA","2025-12-11","2025-12-11253450037060",266124
353787716,"ASST_NON_CA2386D9D072400_086","CA2386D9D072400","CITY OF PASADENA","CA","2025-12-11","2025-12-11253450037052",440048
353787715,"ASST_NON_CA2385L9D072400_086","CA2385L9D072400","CITY OF PASADENA","CA","2025-12-11","2025-12-11253450037064",253558
354227320,"ASST_NON_CA2338L9T042400_086","CA2338L9T042400","SONOMA, COUNTY OF","CA","2025-12-15","2025-12-15253490053080",207734
354100075,"ASST_NON_CA2377L9D012400_086","CA2377L9D012400","WAKELAND HOUSING & DEVELOPMENT CORP","CA","2025-12-15","2025-12-15253490054138",177273
357184642,"ASST_NON_CA2344L9T092400_086","CA2344L9T092400","COUNTY OF MENDOCINO","CA","2025-12-17","2025-12-17253510155508",96081
354333950,"ASST_NON_CA2364L9T252400_086","CA2364L9T252400","EL DORADO COUNTY GOVERNMENT","CA","2025-12-17","2025-12-17253510155516",50000
354333945,"ASST_NON_CA2345L9T102400_086","CA2345L9T102400","COUNTY OF STANISLAUS","CA","2025-12-17","2025-12-17253510155512",263385
354333943,"ASST_NON_CA2328L9T002400_086","CA2328L9T002400","COUNTY OF SANTA CLARA","CA","2025-12-17","2025-12-17253510155500",124633
354333942,"ASST_NON_CA2327L9T002400_086","CA2327L9T002400","COUNTY OF SANTA CLARA","CA","2025-12-17","2025-12-17253510155520",301095
354333944,"ASST_NON_CA2336L9T032400_086","CA2336L9T032400","SACRAMENTO STEPS FORWARD","CA","2025-12-17","2025-12-17253510155504",438031
354333951,"ASST_NON_CA2366L9T272400_086","CA2366L9T272400","THE VITALITY PROJECT","CA","2025-12-18","2025-12-18253520050274",50000
354100074,"ASST_NON_CA2374D9D012400_086","CA2374D9D012400","COMMUNITY RESOURCE CENTER","CA","2025-12-19","2025-12-19253530055482",333924
354333946,"ASST_NON_CA2351L9T142400_086","CA2351L9T142400","FRESNO COUNTY ECONOMIC OPPORTUNITIES COMMISSION","CA","2025-12-29","2025-12-29253630013205",542405
354743232,"ASST_NON_CA2397L9T202400_086","CA2397L9T202400","A HEALTHY HOUSE WITHIN A MATCH COALITION","CA","2025-12-31","2025-12-31253650045992",44173
