"internal_id","generated_internal_id","award_id","recipient_name","recipient_state","action_date","modification_number","federal_action_obligation"
260117017,"ASST_NON_CA1861L9T181900_086","CA1861L9T181900","SHELTER, INC.","CA","2021-01-04","2021-01-04210040073268",64972
260117151,"ASST_NON_CA1914L9T211900_086","CA1914L9T211900","CITY OF WOODLAND","CA","2021-01-04","2021-01-04210040073272",28472
260116949,"ASST_NON_CA1828D9T021900_086","CA1828D9T021900","RUBY'S PLACE","CA","2021-01-05","2021-01-05210050765394",705888
260116961,"ASST_NON_CA1830L9T031900_086","CA1830L9T031900","SACRAMENTO STEPS FORWARD","CA","2021-01-05","2021-01-05210050765414",507244
260116955,"ASST_NON_CA1829L9T031900_086","CA1829L9T031900","SACRAMENTO STEPS FORWARD","CA","2021-01-05","2021-01-05210050765410",359338
260116968,"ASST_NON_CA1832D9T031900_086","CA1832D9T031900","SACRAMENTO STEPS FORWARD","CA","2021-01-05","2021-01-05210050765389",255065
260117033,"ASST_NON_CA1865L9T201900_086","CA1865L9T201900","COUNTY OF MERCED","CA","2021-01-22","2021-01-22210220038220",28939
260116967,"ASST_NON_CA1831L9T031900_086","CA1831L9T031900","SACRAMENTO STEPS FORWARD","CA","2021-01-25","2021-01-25210250043272",609817
260117040,"ASST_NON_CA1867L9T221900_086","CA1867L9T221900","DEPARTMENT OF HEALTH & HUMAN S","CA","2021-01-27","2021-01-27210260037038",25089
260081042,"ASST_NON_CA1378L9T001702_086","CA1378L9T001702","WEST VALLEY COMMUNITY SERVICES OF SANTA CLARA COUNTY, INC.","CA","2021-02-05","2021-02-05210360110605",-433378
260066700,"ASST_NON_CA0950L9T001705_086","CA0950L9T001705","ABODE SERVICES","CA","2021-02-05","2021-02-05210360110618",-18782
260014258,"ASST_NON_CA0026L9T001710_086","CA0026L9T001710","ABODE SERVICES","CA","2021-02-05","2021-02-05210360110646",-51235
260057788,"ASST_NON_CA0749L9T021708_086","CA0749L9T021708","CITY OF BERKELEY","CA","2021-02-05","2021-02-05210360110636",-1951.34
260061008,"ASST_NON_CA0827L9T021704_086","CA0827L9T021704","CITY OF BERKELEY","CA","2021-02-05","2021-02-05210360110642",-1122.22
260081049,"ASST_NON_CA1379L9T001702_086","CA1379L9T001702","BILL WILSON CENTER","CA","2021-02-05","2021-02-05210360110611",-307833
260093245,"ASST_NON_CA1639L9T001700_086","CA1639L9T001700","BILL WILSON CENTER","CA","2021-02-05","2021-02-05210360110758",-202971
260015519,"ASST_NON_CA0032L9T001710_086","CA0032L9T001710","BILL WILSON CENTER","CA","2021-02-05","2021-02-05210360110652",-4181
260068335,"ASST_NON_CA1032L9T001707_086","CA1032L9T001707","BILL WILSON CENTER","CA","2021-02-05","2021-02-05210360110624",-25949
260034550,"ASST_NON_CA0285L9T151710_086","CA0285L9T151710","PLACER COUNTY- ADULT SYSTEM OF CARE","CA","2021-02-05","2021-02-05210360110630",-7013
260022308,"ASST_NON_CA0105L9T021710_086","CA0105L9T021710","BERKELEY FOOD AND HOUSING PROJECT","CA","2021-02-05","2021-02-05210360110658",-119456.08
260023814,"ASST_NON_CA0121L9T021811_086","CA0121L9T021811","CITY OF BERKELEY","CA","2021-02-22","2021-02-22210530041930",-4914.95
260022341,"ASST_NON_CA0108L9T021811_086","CA0108L9T021811","CITY OF BERKELEY","CA","2021-02-22","2021-02-22210530041918",-17820.41
260022836,"ASST_NON_CA0116L9T021811_086","CA0116L9T021811","CITY OF BERKELEY","CA","2021-02-22","2021-02-22210530041924",-231599.3
260117052,"ASST_NON_CA1874L9T291900_086","CA1874L9T291900","LAKE, COUNTY OF","CA","2021-02-23","2021-02-23210540119543",6280
260012382,"ASST_NON_CA0019L9T001811_086","CA0019L9T001811","COMMUNITY WORKING GROUP, INC.","CA","2021-03-12","2021-03-12210710030919",-14908
260081043,"ASST_NON_CA1378L9T001803_086","CA1378L9T001803","WEST VALLEY COMMUNITY SERVICES OF SANTA CLARA COUNTY, INC.","CA","2021-03-12","2021-03-12210710030945",-482920
260014259,"ASST_NON_CA0026L9T001811_086","CA0026L9T001811","ABODE SERVICES","CA","2021-03-12","2021-03-12210710030939",-51610
260117000,"ASST_NON_CA1845T9T101900_086","CA1845T9T101900","CENTER FOR HUMAN SERVICES","CA","2021-03-12","2021-03-12210710031444",78976
260011807,"ASST_NON_CA0002L9T001809_086","CA0002L9T001809","SOUTH COUNTY COMMUNITY SERVICES","CA","2021-03-12","2021-03-12210710030907",-99562
260011862,"ASST_NON_CA0007L9T001810_086","CA0007L9T001810","SOUTH COUNTY COMMUNITY SERVICES","CA","2021-03-12","2021-03-12210710030913",-41691
260117004,"ASST_NON_CA1850L9T121900_086","CA1850L9T121900","SAN MATEO, COUNTY OF","CA","2021-03-16","2021-03-16210750057224",372287
260116948,"ASST_NON_CA1827L9T021900_086","CA1827L9T021900","ALAMEDA COUNTY HOUSING & COMMUNITY DEVELOPMENT","CA","2021-03-16","2021-03-16210750057220",1098550
260074446,"ASST_NON_CA1183L9T132007_086","CA1183L9T132007","KINGS COMMUNITY ACTION ORGANIZATION, INCORPORATED","CA","2021-03-29","2021-03-29210880033031",93791
260084768,"ASST_NON_CA1547L9T052004_086","CA1547L9T052004","SHELTER, INC.","CA","2021-03-29","2021-03-29210880033265",591440
260116906,"ASST_NON_CA1809L9D112001_086","CA1809L9D112001","THE SALVATION ARMY","CA","2021-03-29","2021-03-29210880035784",140861
260043665,"ASST_NON_CA0520L9D002013_086","CA0520L9D002013","UNITED STATES VETERANS INITIATIVE","CA","2021-03-29","2021-03-29210880035107",295315
260081705,"ASST_NON_CA1434L9D012005_086","CA1434L9D012005","VIETNAM VETERANS OF SAN DIEGO","CA","2021-03-29","2021-03-29210880035150",267314
260025310,"ASST_NON_CA0170L9T042013_086","CA0170L9T042013","SONOMA COUNTY COMMUNITY DEVELOPMENT COMMISSION","CA","2021-03-29","2021-03-29210880032342",643414
260079776,"ASST_NON_CA1328L9T182006_086","CA1328L9T182006","CHANGE AND NEW BEGINNINGS","CA","2021-03-29","2021-03-29210880031519",144251
260093287,"ASST_NON_CA1649L9T042003_086","CA1649L9T042003","SONOMA COUNTY COMMUNITY DEVELOPMENT COMMISSION","CA","2021-03-29","2021-03-29210880032282",252098
260083336,"ASST_NON_CA1483L9T182005_086","CA1483L9T182005","CHANGE AND NEW BEGINNINGS","CA","2021-03-29","2021-03-29210880031579",141228
260117018,"ASST_NON_CA1861L9T182001_086","CA1861L9T182001","SHELTER, INC.","CA","2021-03-29","2021-03-29210880033257",69328
260081007,"ASST_NON_CA1370L9D092006_086","CA1370L9D092006","INLAND VALLEY COUNCIL OF CHURCHES","CA","2021-03-29","2021-03-29210880035667",159437
260077844,"ASST_NON_CA1264L9T132005_086","CA1264L9T132005","KINGS COMMUNITY ACTION ORGANIZATION, INCORPORATED","CA","2021-03-29","2021-03-29210880033035",88075
260064246,"ASST_NON_CA0891L9T042011_086","CA0891L9T042011","SONOMA COUNTY COMMUNITY DEVELOPMENT COMMISSION","CA","2021-03-29","2021-03-29210880032328",116337
260068376,"ASST_NON_CA1037L9T102010_086","CA1037L9T102010","STANISLAUS COUNTY AFFORDABLE HOUSING CORP","CA","2021-03-29","2021-03-29210880032717",121871
260021793,"ASST_NON_CA0091L9T022013_086","CA0091L9T022013","BONITA HOUSE, INC.","CA","2021-03-29","2021-03-29210880032406",41933
269026783,"ASST_NON_NV0106L9T002004_086","NV0106L9T002004","THE SALVATION ARMY","CA","2021-03-29","2021-03-29210880032887",316506
260065256,"ASST_NON_CA0938L9D092011_086","CA0938L9D092011","LUTHERAN SOCIAL SERVICES OF SOUTHERN CALIFORNIA","CA","2021-03-29","2021-03-29210880035934",81989
260069591,"ASST_NON_CA1053L9D112010_086","CA1053L9D112010","COUNTY OF VENTURA","CA","2021-03-29","2021-03-29210880036063",379205
260025471,"ASST_NON_CA0189L9T052012_086","CA0189L9T052012","COUNTY OF CONTRA COSTA","CA","2021-03-29","2021-03-29210880031783",284206
260116982,"ASST_NON_CA1835L9T042001_086","CA1835L9T042001","SONOMA COUNTY COMMUNITY DEVELOPMENT COMMISSION","CA","2021-03-29","2021-03-29210880032276",139250
260064233,"ASST_NON_CA0890L9T042011_086","CA0890L9T042011","SONOMA COUNTY COMMUNITY DEVELOPMENT COMMISSION","CA","2021-03-29","2021-03-29210880032332",79226
260076550,"ASST_NON_CA1235L9D022007_086","CA1235L9D022007","SERVING PEOPLE IN NEED, INC","CA","2021-03-29","2021-03-29210880035739",629522
260083167,"ASST_NON_CA1471L9T042005_086","CA1471L9T042005","SONOMA COUNTY COMMUNITY DEVELOPMENT COMMISSION","CA","2021-03-29","2021-03-29210880032302",349991
260116811,"ASST_NON_CA1771L9T182002_086","CA1771L9T182002","SHELTER, INC.","CA","2021-03-29","2021-03-29210880031670",117390
260025743,"ASST_NON_CA0198L9T052013_086","CA0198L9T052013","SHELTER, INC.","CA","2021-03-29","2021-03-29210880033273",660119
260083157,"ASST_NON_CA1470L9T042005_086","CA1470L9T042005","SONOMA COUNTY COMMUNITY DEVELOPMENT COMMISSION","CA","2021-03-29","2021-03-29210880032324",187907
260116737,"ASST_NON_CA1746D9T052002_086","CA1746D9T052002","SHELTER, INC.","CA","2021-03-29","2021-03-29210880033261",422253
260093338,"ASST_NON_CA1671L9T182003_086","CA1671L9T182003","CHANGE AND NEW BEGINNINGS","CA","2021-03-29","2021-03-29210880031575",43662
260070647,"ASST_NON_CA1070L9T052009_086","CA1070L9T052009","COUNTY OF CONTRA COSTA","CA","2021-03-29","2021-03-29210880031777",175596
260068359,"ASST_NON_CA1034L9T062010_086","CA1034L9T062010","COMMUNITY HUMAN SERVICES","CA","2021-03-29","2021-03-29210880032822",130574
260095177,"ASST_NON_CA1692L9D012003_086","CA1692L9D012003","VIETNAM VETERANS OF SAN DIEGO","CA","2021-03-29","2021-03-29210880035118",210512
260081333,"ASST_NON_CA1394L9T052005_086","CA1394L9T052005","COUNTY OF CONTRA COSTA","CA","2021-03-29","2021-03-29210880031762",550344
260093225,"ASST_NON_CA1633L9T132004_086","CA1633L9T132004","KINGS COMMUNITY ACTION ORGANIZATION, INCORPORATED","CA","2021-03-29","2021-03-29210880033039",118209
260066839,"ASST_NON_CA0965L9T102007_086","CA0965L9T102007","STANISLAUS COUNTY AFFORDABLE HOUSING CORP","CA","2021-03-29","2021-03-29210880032721",89324
260084777,"ASST_NON_CA1548L9T052004_086","CA1548L9T052004","COUNTY OF CONTRA COSTA","CA","2021-03-29","2021-03-29210880031758",666691
260093292,"ASST_NON_CA1651L9T052003_086","CA1651L9T052003","COUNTY OF CONTRA COSTA","CA","2021-03-29","2021-03-29210880031754",1064712
260078354,"ASST_NON_CA1277L9T052007_086","CA1277L9T052007","SHELTER, INC.","CA","2021-03-29","2021-03-29210880033269",491755
260067701,"ASST_NON_CA1002L9D022008_086","CA1002L9D022008","AMERICAN FAMILY HOUSING","CA","2021-03-29","2021-03-29210880035920",593107
260070660,"ASST_NON_CA1071L9T052008_086","CA1071L9T052008","COUNTY OF CONTRA COSTA","CA","2021-03-29","2021-03-29210880031766",429457
260045673,"ASST_NON_CA0562L9D022011_086","CA0562L9D022011","AMERICAN FAMILY HOUSING","CA","2021-03-29","2021-03-29210880035924",384629
260092994,"ASST_NON_CA1619L9D112003_086","CA1619L9D112003","COUNTY OF VENTURA","CA","2021-03-29","2021-03-29210880036050",200795
260081029,"ASST_NON_CA1372L9D112006_086","CA1372L9D112006","COUNTY OF VENTURA","CA","2021-03-29","2021-03-29210880036059",47514
269285128,"ASST_NON_OR0135L0E012009_086","OR0135L0E012009","THE SALVATION ARMY","CA","2021-03-29","2021-03-29210880003690",679115
260077865,"ASST_NON_CA1269L9D022007_086","CA1269L9D022007","INTERVAL HOUSE","CA","2021-03-29","2021-03-29210880035204",231195
260048160,"ASST_NON_CA0607L9D042013_086","CA0607L9D042013","BETHANY SERVICES","CA","2021-03-29","2021-03-29210880035651",386810
260116783,"ASST_NON_CA1762D9T142002_086","CA1762D9T142002","MARJAREE MASON CENTER, INC","CA","2021-03-29","2021-03-29210880032752",516358
260029272,"ASST_NON_CA0207L9T062013_086","CA0207L9T062013","HOUSING AUTHORITY OF COUNTY OF MONTE","CA","2021-03-29","2021-03-29210880032212",156417
260084098,"ASST_NON_CA1513L9D022005_086","CA1513L9D022005","1736 FAMILY CRISIS CENTER","CA","2021-03-29","2021-03-29210880035704",414065
260072865,"ASST_NON_CA1126L9D042007_086","CA1126L9D042007","BETHANY SERVICES","CA","2021-03-29","2021-03-29210880035643",48500
260075409,"ASST_NON_CA1200L9D042007_086","CA1200L9D042007","BETHANY SERVICES","CA","2021-03-29","2021-03-29210880035639",125777
260055070,"ASST_NON_CA0709L9D012013_086","CA0709L9D012013","COMMUNITY HOUSINGWORKS","CA","2021-03-29","2021-03-29210880035525",86909
260067748,"ASST_NON_CA1011L9D042009_086","CA1011L9D042009","BETHANY SERVICES","CA","2021-03-29","2021-03-29210880035647",45858
260117007,"ASST_NON_CA1854L9T142001_086","CA1854L9T142001","MARJAREE MASON CENTER, INC","CA","2021-03-29","2021-03-29210880032744",459927
260029258,"ASST_NON_CA0206L9T062013_086","CA0206L9T062013","HOUSING AUTHORITY OF COUNTY OF MONTE","CA","2021-03-29","2021-03-29210880032216",101336
260083306,"ASST_NON_CA1480L9T142005_086","CA1480L9T142005","MARJAREE MASON CENTER, INC","CA","2021-03-29","2021-03-29210880032756",295485
260042660,"ASST_NON_CA0485L9D002013_086","CA0485L9D002013","1736 FAMILY CRISIS CENTER","CA","2021-03-29","2021-03-29210880035708",531763
260084862,"ASST_NON_CA1558L9T092004_086","CA1558L9T092004","COUNTY OF MENDOCINO SOCIAL SERVICES","CA","2021-03-29","2021-03-29210880032736",93312
260030925,"ASST_NON_CA0239L9T092013_086","CA0239L9T092013","COUNTY OF MENDOCINO SOCIAL SERVICES","CA","2021-03-29","2021-03-29210880032740",1727431
260067443,"ASST_NON_CA0974L9T142007_086","CA0974L9T142007","MARJAREE MASON CENTER, INC","CA","2021-03-29","2021-03-29210880032768",222501
260074457,"ASST_NON_CA1185L9T142007_086","CA1185L9T142007","MARJAREE MASON CENTER, INC","CA","2021-03-29","2021-03-29210880032764",177279
260117143,"ASST_NON_CA1912L9T042001_086","CA1912L9T042001","REACH FOR HOME","CA","2021-03-29","2021-03-29210880032876",210477
260029230,"ASST_NON_CA0204L9T062013_086","CA0204L9T062013","HOUSING AUTHORITY OF COUNTY OF MONTE","CA","2021-03-29","2021-03-29210880032223",118209
260084128,"ASST_NON_CA1517L9D042005_086","CA1517L9D042005","BETHANY SERVICES","CA","2021-03-29","2021-03-29210880035635",66463
260055006,"ASST_NON_CA0703L9D012013_086","CA0703L9D012013","COMMUNITY HOUSINGWORKS","CA","2021-03-29","2021-03-29210880035532",64593
260067818,"ASST_NON_CA1025L9D012006_086","CA1025L9D012006","COMMUNITY HOUSINGWORKS","CA","2021-03-29","2021-03-29210880035521",74210
260116790,"ASST_NON_CA1764D9T142002_086","CA1764D9T142002","MARJAREE MASON CENTER, INC","CA","2021-03-29","2021-03-29210880032748",343128
260081483,"ASST_NON_CA1410L9T142005_086","CA1410L9T142005","MARJAREE MASON CENTER, INC","CA","2021-03-29","2021-03-29210880032760",248308
260012384,"ASST_NON_CA0019L9T002013_086","CA0019L9T002013","COMMUNITY WORKING GROUP, INC.","CA","2021-03-29","2021-03-29210880032431",43936
260036345,"ASST_NON_CA0318L9T252012_086","CA0318L9T252012","EL DORADO COUNTY GOVERNMENT","CA","2021-03-29","2021-03-29210880032184",9817
260116744,"ASST_NON_CA1750D9T072002_086","CA1750D9T072002","CENTER FOR DOMESTIC PEACE","CA","2021-03-29","2021-03-29210880031403",111604
260117092,"ASST_NON_CA1887D9D022001_086","CA1887D9D022001","INTERVAL HOUSE","CA","2021-03-29","2021-03-29210880035200",934679
260077172,"ASST_NON_CA1246L9T012012_086","CA1246L9T012012","CITY & COUNTY OF SAN FRANCISCO","CA","2021-03-29","2021-03-29210880032228",1155045
260054444,"ASST_NON_CA0693L9D012013_086","CA0693L9D012013","MENTAL HEALTH SYSTEMS, INC.","CA","2021-03-29","2021-03-29210880036207",436868
260040714,"ASST_NON_CA0421L9D002013_086","CA0421L9D002013","LOS ANGELES COUNTY DEVELOPMENT AUTHORITY LACDA","CA","2021-03-29","2021-03-29210880035608",1177847
260080408,"ASST_NON_CA1343L9D002006_086","CA1343L9D002006","LOS ANGELES COUNTY DEVELOPMENT AUTHORITY LACDA","CA","2021-03-29","2021-03-29210880035511",584575
260093264,"ASST_NON_CA1641L9T012003_086","CA1641L9T012003","CITY & COUNTY OF SAN FRANCISCO","CA","2021-03-29","2021-03-29210880033213",319836
260064402,"ASST_NON_CA0913L9D002011_086","CA0913L9D002011","LOS ANGELES COUNTY DEVELOPMENT AUTHORITY LACDA","CA","2021-03-29","2021-03-29210880035584",1861736
260080399,"ASST_NON_CA1342L9D002006_086","CA1342L9D002006","LOS ANGELES COUNTY DEVELOPMENT AUTHORITY LACDA","CA","2021-03-29","2021-03-29210880035515",1457251
260116696,"ASST_NON_CA1734L9T012002_086","CA1734L9T012002","CITY & COUNTY OF SAN FRANCISCO","CA","2021-03-29","2021-03-29210880032025",289518
260070077,"ASST_NON_CA1062L9T012009_086","CA1062L9T012009","CITY & COUNTY OF SAN FRANCISCO","CA","2021-03-29","2021-03-29210880032244",320712
260075902,"ASST_NON_CA1219L9D002008_086","CA1219L9D002008","LOS ANGELES COUNTY DEVELOPMENT AUTHORITY LACDA","CA","2021-03-29","2021-03-29210880035409",427901
260042392,"ASST_NON_CA0462L9D002013_086","CA0462L9D002013","CITY OF POMONA","CA","2021-03-29","2021-03-29210880035788",2141317
260042433,"ASST_NON_CA0465L9D002013_086","CA0465L9D002013","LOS ANGELES COUNTY DEVELOPMENT AUTHORITY LACDA","CA","2021-03-29","2021-03-29210880035604",3753044
260020892,"ASST_NON_CA0082L9T012013_086","CA0082L9T012013","CITY & COUNTY OF SAN FRANCISCO","CA","2021-03-29","2021-03-29210880032448",358694
260018445,"ASST_NON_CA0059L9T012013_086","CA0059L9T012013","CITY & COUNTY OF SAN FRANCISCO","CA","2021-03-29","2021-03-29210880032063",218448
260073606,"ASST_NON_CA1159L9D002009_086","CA1159L9D002009","LOS ANGELES COUNTY DEVELOPMENT AUTHORITY LACDA","CA","2021-03-29","2021-03-29210880035417",244552
260073642,"ASST_NON_CA1168L9T012008_086","CA1168L9T012008","CITY & COUNTY OF SAN FRANCISCO","CA","2021-03-29","2021-03-29210880032236",508270
260081185,"ASST_NON_CA1387L9T012005_086","CA1387L9T012005","CITY & COUNTY OF SAN FRANCISCO","CA","2021-03-29","2021-03-29210880033178",1204213
260019643,"ASST_NON_CA0070L9T012013_086","CA0070L9T012013","CITY & COUNTY OF SAN FRANCISCO","CA","2021-03-29","2021-03-29210880032460",188775
260077151,"ASST_NON_CA1243L9T012006_086","CA1243L9T012006","CITY & COUNTY OF SAN FRANCISCO","CA","2021-03-29","2021-03-29210880032232",682215
260055053,"ASST_NON_CA0708L9D012013_086","CA0708L9D012013","MENTAL HEALTH SYSTEMS, INC.","CA","2021-03-29","2021-03-29210880036201",282511
260116628,"ASST_NON_CA1719Y9T012002_086","CA1719Y9T012002","CITY & COUNTY OF SAN FRANCISCO","CA","2021-03-29","2021-03-29210880032043",578904
260060789,"ASST_NON_CA0800L9D002012_086","CA0800L9D002012","LOS ANGELES COUNTY DEVELOPMENT AUTHORITY LACDA","CA","2021-03-29","2021-03-29210880035592",262206
260053693,"ASST_NON_CA0689L9D012007_086","CA0689L9D012007","MENTAL HEALTH SYSTEMS, INC.","CA","2021-03-29","2021-03-29210880036211",435937
260116943,"ASST_NON_CA1826D9T012001_086","CA1826D9T012001","CITY & COUNTY OF SAN FRANCISCO","CA","2021-03-29","2021-03-29210880032021",1477590
260084705,"ASST_NON_CA1533L9T012004_086","CA1533L9T012004","CITY & COUNTY OF SAN FRANCISCO","CA","2021-03-29","2021-03-29210880033248",294480
260116688,"ASST_NON_CA1732D9T012002_086","CA1732D9T012002","CITY & COUNTY OF SAN FRANCISCO","CA","2021-03-29","2021-03-29210880032029",882911
260071896,"ASST_NON_CA1104L9D002004_086","CA1104L9D002004","LOS ANGELES COUNTY DEVELOPMENT AUTHORITY LACDA","CA","2021-03-29","2021-03-29210880035433",493041
260079081,"ASST_NON_CA1295L9T012005_086","CA1295L9T012005","CITY & COUNTY OF SAN FRANCISCO","CA","2021-03-29","2021-03-29210880033190",284241
260084034,"ASST_NON_CA1504L9D002005_086","CA1504L9D002005","LOS ANGELES COUNTY DEVELOPMENT AUTHORITY LACDA","CA","2021-03-29","2021-03-29210880035495",544141
260060967,"ASST_NON_CA0821L9T012011_086","CA0821L9T012011","CITY & COUNTY OF SAN FRANCISCO","CA","2021-03-29","2021-03-29210880032444",639588
260068838,"ASST_NON_CA1046L9D002010_086","CA1046L9D002010","LOS ANGELES COUNTY DEVELOPMENT AUTHORITY LACDA","CA","2021-03-29","2021-03-29210880035437",3634548
260084725,"ASST_NON_CA1537L9T012004_086","CA1537L9T012004","CITY & COUNTY OF SAN FRANCISCO","CA","2021-03-29","2021-03-29210880033225",1029208
260018619,"ASST_NON_CA0063L9T012013_086","CA0063L9T012013","CITY & COUNTY OF SAN FRANCISCO","CA","2021-03-29","2021-03-29210880032476",393206
260084044,"ASST_NON_CA1505L9D002005_086","CA1505L9D002005","LOS ANGELES COUNTY DEVELOPMENT AUTHORITY LACDA","CA","2021-03-29","2021-03-29210880035491",1122668
260093256,"ASST_NON_CA1640L9T012003_086","CA1640L9T012003","CITY & COUNTY OF SAN FRANCISCO","CA","2021-03-29","2021-03-29210880033217",530064
260082991,"ASST_NON_CA1462L9T012005_086","CA1462L9T012005","CITY & COUNTY OF SAN FRANCISCO","CA","2021-03-29","2021-03-29210880032037",3836593
260081177,"ASST_NON_CA1386L9T012005_086","CA1386L9T012005","CITY & COUNTY OF SAN FRANCISCO","CA","2021-03-29","2021-03-29210880033182",544594
260057690,"ASST_NON_CA0742L9D002013_086","CA0742L9D002013","LOS ANGELES COUNTY DEVELOPMENT AUTHORITY LACDA","CA","2021-03-29","2021-03-29210880035600",1055108
260060187,"ASST_NON_CA0792L9D002012_086","CA0792L9D002012","LOS ANGELES COUNTY DEVELOPMENT AUTHORITY LACDA","CA","2021-03-29","2021-03-29210880035596",545658
260084715,"ASST_NON_CA1535L9T012004_086","CA1535L9T012004","CITY & COUNTY OF SAN FRANCISCO","CA","2021-03-29","2021-03-29210880033229",33909
260018373,"ASST_NON_CA0053L9T012012_086","CA0053L9T012012","CITY & COUNTY OF SAN FRANCISCO","CA","2021-03-29","2021-03-29210880032075",640599
260070063,"ASST_NON_CA1061L9T012004_086","CA1061L9T012004","CITY & COUNTY OF SAN FRANCISCO","CA","2021-03-29","2021-03-29210880032248",359287
260019671,"ASST_NON_CA0073L9T012013_086","CA0073L9T012013","CITY & COUNTY OF SAN FRANCISCO","CA","2021-03-29","2021-03-29210880032456",1740164
260017030,"ASST_NON_CA0049L9T012012_086","CA0049L9T012012","CITY & COUNTY OF SAN FRANCISCO","CA","2021-03-29","2021-03-29210880032083",393206
260016910,"ASST_NON_CA0046L9T012013_086","CA0046L9T012013","CITY & COUNTY OF SAN FRANCISCO","CA","2021-03-29","2021-03-29210880032087",1309656
260085264,"ASST_NON_CA1567L9T142004_086","CA1567L9T142004","MENTAL HEALTH SYSTEMS, INC.","CA","2021-03-29","2021-03-29210880031637",266514
260116621,"ASST_NON_CA1718Y9T012002_086","CA1718Y9T012002","CITY & COUNTY OF SAN FRANCISCO","CA","2021-03-29","2021-03-29210880032047",225000
260084695,"ASST_NON_CA1531L9T012004_086","CA1531L9T012004","CITY & COUNTY OF SAN FRANCISCO","CA","2021-03-29","2021-03-29210880033274",980317
260016893,"ASST_NON_CA0045L9T012013_086","CA0045L9T012013","CITY & COUNTY OF SAN FRANCISCO","CA","2021-03-29","2021-03-29210880032091",1593319
260073593,"ASST_NON_CA1158L9D002009_086","CA1158L9D002009","LOS ANGELES COUNTY DEVELOPMENT AUTHORITY LACDA","CA","2021-03-29","2021-03-29210880035421",458461
260018764,"ASST_NON_CA0068L9T012013_086","CA0068L9T012013","CITY & COUNTY OF SAN FRANCISCO","CA","2021-03-29","2021-03-29210880032464",327672
260015531,"ASST_NON_CA0033L9T012007_086","CA0033L9T012007","CITY & COUNTY OF SAN FRANCISCO","CA","2021-03-29","2021-03-29210880032108",496407
260015657,"ASST_NON_CA0039L9T012013_086","CA0039L9T012013","CITY & COUNTY OF SAN FRANCISCO","CA","2021-03-29","2021-03-29210880032104",1747584
260023827,"ASST_NON_CA0122L9T022013_086","CA0122L9T022013","LIFELONG MEDICAL CARE","CA","2021-03-29","2021-03-29210880033195",549672
260116614,"ASST_NON_CA1716Y9T012002_086","CA1716Y9T012002","CITY & COUNTY OF SAN FRANCISCO","CA","2021-03-29","2021-03-29210880033203",443708
260116681,"ASST_NON_CA1731L9T012002_086","CA1731L9T012002","CITY & COUNTY OF SAN FRANCISCO","CA","2021-03-29","2021-03-29210880032039",429442
260095152,"ASST_NON_CA1688L9D002003_086","CA1688L9D002003","LOS ANGELES COUNTY DEVELOPMENT AUTHORITY LACDA","CA","2021-03-29","2021-03-29210880035475",4045872
260062951,"ASST_NON_CA0860L9D002006_086","CA0860L9D002006","LOS ANGELES COUNTY DEVELOPMENT AUTHORITY LACDA","CA","2021-03-29","2021-03-29210880035588",349454
260082979,"ASST_NON_CA1460L9T012005_086","CA1460L9T012005","CITY & COUNTY OF SAN FRANCISCO","CA","2021-03-29","2021-03-29210880033174",583884
260018649,"ASST_NON_CA0066L9T012012_086","CA0066L9T012012","CITY & COUNTY OF SAN FRANCISCO","CA","2021-03-29","2021-03-29210880032472",1266998
260067643,"ASST_NON_CA0998L9D002005_086","CA0998L9D002005","LOS ANGELES COUNTY DEVELOPMENT AUTHORITY LACDA","CA","2021-03-29","2021-03-29210880035441",699840
260084017,"ASST_NON_CA1502L9D002005_086","CA1502L9D002005","LOS ANGELES COUNTY DEVELOPMENT AUTHORITY LACDA","CA","2021-03-29","2021-03-29210880035503",1434490
260082997,"ASST_NON_CA1463L9T012005_086","CA1463L9T012005","CITY & COUNTY OF SAN FRANCISCO","CA","2021-03-29","2021-03-29210880032033",997570
260080419,"ASST_NON_CA1344L9D002006_086","CA1344L9D002006","LOS ANGELES COUNTY DEVELOPMENT AUTHORITY LACDA","CA","2021-03-29","2021-03-29210880035507",1461398
260085378,"ASST_NON_CA1597L9D002004_086","CA1597L9D002004","LOS ANGELES COUNTY DEVELOPMENT AUTHORITY LACDA","CA","2021-03-29","2021-03-29210880035483",1071860
260083007,"ASST_NON_CA1464L9T012005_086","CA1464L9T012005","CITY & COUNTY OF SAN FRANCISCO","CA","2021-03-29","2021-03-29210880033305",396000
260066728,"ASST_NON_CA0952L9T012005_086","CA0952L9T012005","CITY & COUNTY OF SAN FRANCISCO","CA","2021-03-29","2021-03-29210880032252",440791
260037648,"ASST_NON_CA0339L9D002013_086","CA0339L9D002013","LOS ANGELES COUNTY DEVELOPMENT AUTHORITY LACDA","CA","2021-03-29","2021-03-29210880035616",626396
260071920,"ASST_NON_CA1109L9D002004_086","CA1109L9D002004","LOS ANGELES COUNTY DEVELOPMENT AUTHORITY LACDA","CA","2021-03-29","2021-03-29210880035429",1188264
260064432,"ASST_NON_CA0915L9D002011_086","CA0915L9D002011","LOS ANGELES COUNTY DEVELOPMENT AUTHORITY LACDA","CA","2021-03-29","2021-03-29210880035445",389944
260072987,"ASST_NON_CA1147L9T012009_086","CA1147L9T012009","CITY & COUNTY OF SAN FRANCISCO","CA","2021-03-29","2021-03-29210880032240",1092240
260018428,"ASST_NON_CA0058L9T012013_086","CA0058L9T012013","CITY & COUNTY OF SAN FRANCISCO","CA","2021-03-29","2021-03-29210880032067",2106439
260018666,"ASST_NON_CA0067L9T012012_086","CA0067L9T012012","CITY & COUNTY OF SAN FRANCISCO","CA","2021-03-29","2021-03-29210880032468",157848
260064417,"ASST_NON_CA0914L9D002011_086","CA0914L9D002011","LOS ANGELES COUNTY DEVELOPMENT AUTHORITY LACDA","CA","2021-03-29","2021-03-29210880035580",355948
260018397,"ASST_NON_CA0055L9T012013_086","CA0055L9T012013","CITY & COUNTY OF SAN FRANCISCO","CA","2021-03-29","2021-03-29210880032071",283523
260063651,"ASST_NON_CA0889L9T012010_086","CA0889L9T012010","CITY & COUNTY OF SAN FRANCISCO","CA","2021-03-29","2021-03-29210880032256",1048062
260016853,"ASST_NON_CA0041L9T012013_086","CA0041L9T012013","CITY & COUNTY OF SAN FRANCISCO","CA","2021-03-29","2021-03-29210880032099",769086
260116618,"ASST_NON_CA1717Y9T012002_086","CA1717Y9T012002","CITY & COUNTY OF SAN FRANCISCO","CA","2021-03-29","2021-03-29210880032051",368177
260073580,"ASST_NON_CA1157L9D002009_086","CA1157L9D002009","LOS ANGELES COUNTY DEVELOPMENT AUTHORITY LACDA","CA","2021-03-29","2021-03-29210880035425",297623
260020868,"ASST_NON_CA0080L9T012013_086","CA0080L9T012013","CITY & COUNTY OF SAN FRANCISCO","CA","2021-03-29","2021-03-29210880032452",2835560
260084700,"ASST_NON_CA1532L9T012004_086","CA1532L9T012004","CITY & COUNTY OF SAN FRANCISCO","CA","2021-03-29","2021-03-29210880033252",1087411
260095209,"ASST_NON_CA1698L9D012003_086","CA1698L9D012003","MENTAL HEALTH SYSTEMS, INC.","CA","2021-03-29","2021-03-29210880036197",192290
260084024,"ASST_NON_CA1503L9D002005_086","CA1503L9D002005","LOS ANGELES COUNTY DEVELOPMENT AUTHORITY LACDA","CA","2021-03-29","2021-03-29210880035499",501116
260060999,"ASST_NON_CA0826L9T012006_086","CA0826L9T012006","CITY & COUNTY OF SAN FRANCISCO","CA","2021-03-29","2021-03-29210880032440",1043454
260085372,"ASST_NON_CA1596L9D002004_086","CA1596L9D002004","LOS ANGELES COUNTY DEVELOPMENT AUTHORITY LACDA","CA","2021-03-29","2021-03-29210880035487",1355367
260093220,"ASST_NON_CA1632L9T012004_086","CA1632L9T012004","CITY & COUNTY OF SAN FRANCISCO","CA","2021-03-29","2021-03-29210880033221",543916
260063636,"ASST_NON_CA0888L9T012011_086","CA0888L9T012011","CITY & COUNTY OF SAN FRANCISCO","CA","2021-03-29","2021-03-29210880032260",712602
260018580,"ASST_NON_CA0060L9T012013_086","CA0060L9T012013","CITY & COUNTY OF SAN FRANCISCO","CA","2021-03-29","2021-03-29210880032059",993797
260095146,"ASST_NON_CA1687L9D002003_086","CA1687L9D002003","LOS ANGELES COUNTY DEVELOPMENT AUTHORITY LACDA","CA","2021-03-29","2021-03-29210880035479",1385309
260075890,"ASST_NON_CA1218L9D002008_086","CA1218L9D002008","LOS ANGELES COUNTY DEVELOPMENT AUTHORITY LACDA","CA","2021-03-29","2021-03-29210880035413",105105
260082985,"ASST_NON_CA1461L9T012005_086","CA1461L9T012005","CITY & COUNTY OF SAN FRANCISCO","CA","2021-03-29","2021-03-29210880033146",1205912
260079090,"ASST_NON_CA1296L9T012006_086","CA1296L9T012006","CITY & COUNTY OF SAN FRANCISCO","CA","2021-03-29","2021-03-29210880033186",3407976
260018342,"ASST_NON_CA0051L9T012012_086","CA0051L9T012012","CITY & COUNTY OF SAN FRANCISCO","CA","2021-03-29","2021-03-29210880032079",1155045
260039345,"ASST_NON_CA0365L9D002013_086","CA0365L9D002013","LOS ANGELES COUNTY DEVELOPMENT AUTHORITY LACDA","CA","2021-03-29","2021-03-29210880035612",4006470
260016866,"ASST_NON_CA0042L9T012013_086","CA0042L9T012013","CITY & COUNTY OF SAN FRANCISCO","CA","2021-03-29","2021-03-29210880032095",2031352
260067540,"ASST_NON_CA0985L9T202007_086","CA0985L9T202007","SIERRA SVING GRACE HMELESS PRJ","CA","2021-03-29","2021-03-29210880032623",50587
260064655,"ASST_NON_CA0926L9D012011_086","CA0926L9D012011","THE ASSOCIATION FOR COMMUNITY HOUSING SOLUTIONS","CA","2021-03-29","2021-03-29210880036188",185436
260068811,"ASST_NON_CA1041L9T162010_086","CA1041L9T162010","SHASTA, COUNTY OF","CA","2021-03-29","2021-03-29210880033362",283538
260036969,"ASST_NON_CA0320L9T262010_086","CA0320L9T262010","SIERRA HOPE","CA","2021-03-29","2021-03-29210880031775",49664
260067528,"ASST_NON_CA0984L9T202008_086","CA0984L9T202008","COUNTY OF MERCED","CA","2021-03-29","2021-03-29210880033016",186335
260081589,"ASST_NON_CA1428L9T262003_086","CA1428L9T262003","SIERRA HOPE","CA","2021-03-29","2021-03-29210880031771",127437
260116795,"ASST_NON_CA1767L9T162002_086","CA1767L9T162002","SHASTA, COUNTY OF","CA","2021-03-29","2021-03-29210880032432",61809
260081045,"ASST_NON_CA1378L9T002005_086","CA1378L9T002005","WEST VALLEY COMMUNITY SERVICES OF SANTA CLARA COUNTY, INC.","CA","2021-03-29","2021-03-29210880032301",866539
260117030,"ASST_NON_CA1864L9T202001_086","CA1864L9T202001","SIERRA SVING GRACE HMELESS PRJ","CA","2021-03-29","2021-03-29210880032615",165025
260060830,"ASST_NON_CA0803L9D012012_086","CA0803L9D012012","THE ASSOCIATION FOR COMMUNITY HOUSING SOLUTIONS","CA","2021-03-29","2021-03-29210880036192",548852
260077239,"ASST_NON_CA1257L9D012006_086","CA1257L9D012006","THE ASSOCIATION FOR COMMUNITY HOUSING SOLUTIONS","CA","2021-03-29","2021-03-29210880036067",186891
260071865,"ASST_NON_CA1099L9T202006_086","CA1099L9T202006","SIERRA SVING GRACE HMELESS PRJ","CA","2021-03-29","2021-03-29210880032619",101739
260085313,"ASST_NON_CA1581L9T202004_086","CA1581L9T202004","COUNTY OF MERCED","CA","2021-03-29","2021-03-29210880033012",36385
260081568,"ASST_NON_CA1423L9T212005_086","CA1423L9T212005","CITY OF WOODLAND","CA","2021-03-29","2021-03-29210880033047",181318
260048130,"ASST_NON_CA0605L9D042013_086","CA0605L9D042013","GREATER BAKERSFIELD LEGAL ASSISTANCE INC","CA","2021-03-29","2021-03-29210880035169",117643
260022321,"ASST_NON_CA0106L9T022013_086","CA0106L9T022013","CITY OF OAKLAND","CA","2021-03-29","2021-03-29210880031862",713095
260093239,"ASST_NON_CA1637Y9T082001_086","CA1637Y9T082001","COVENANT HOUSE CALIFORNIA","CA","2021-03-29","2021-03-29210880032504",226067
260116950,"ASST_NON_CA1828D9T022001_086","CA1828D9T022001","RUBY'S PLACE","CA","2021-03-29","2021-03-29210880032962",758268
260116701,"ASST_NON_CA1736L9T022002_086","CA1736L9T022002","CITY OF OAKLAND","CA","2021-03-29","2021-03-29210880031846",1864465
260083013,"ASST_NON_CA1465L9T022005_086","CA1465L9T022005","CITY OF OAKLAND","CA","2021-03-29","2021-03-29210880031854",1006401
260078286,"ASST_NON_CA1270L9T022006_086","CA1270L9T022006","CITY OF OAKLAND","CA","2021-03-29","2021-03-29210880031858",877283
260077195,"ASST_NON_CA1250L9T212006_086","CA1250L9T212006","CITY OF WOODLAND","CA","2021-03-29","2021-03-29210880033043",109913
260057775,"ASST_NON_CA0748L9T022011_086","CA0748L9T022011","ABODE HOUSING DEVELOPMENT","CA","2021-03-29","2021-03-29210880032710",36166
260117152,"ASST_NON_CA1914L9T212001_086","CA1914L9T212001","CITY OF WOODLAND","CA","2021-03-29","2021-03-29210880033073",30500
260116708,"ASST_NON_CA1737L9T022002_086","CA1737L9T022002","CITY OF OAKLAND","CA","2021-03-29","2021-03-29210880032338",584000
260085291,"ASST_NON_CA1574L9T162004_086","CA1574L9T162004","SHASTA, COUNTY OF","CA","2021-03-29","2021-03-29210880032436",30000
260032639,"ASST_NON_CA0264L9T122013_086","CA0264L9T122013","MENTAL HEALTH ASSOCIATION OF SAN MATEO COUNTY","CA","2021-03-29","2021-03-29210880031688",74666
260060117,"ASST_NON_CA0780L9T202012_086","CA0780L9T202012","COUNTY OF MERCED","CA","2021-03-29","2021-03-29210880033020",162454
260067411,"ASST_NON_CA0970L9T132007_086","CA0970L9T132007","KINGS UNITED WAY","CA","2021-03-29","2021-03-29210880032368",157533
260093273,"ASST_NON_CA1643L9T022003_086","CA1643L9T022003","CITY OF OAKLAND","CA","2021-03-29","2021-03-29210880031850",557504
260085304,"ASST_NON_CA1579L9T192003_086","CA1579L9T192003","TRUE NORTH HOUSING ALLIANCE, INC","CA","2021-03-29","2021-03-29210880032924",48983
260116922,"ASST_NON_CA1817Y9D012001_086","CA1817Y9D012001","REGIONAL TASK FORCE ON THE HOMELESS, INC","CA","2021-03-29","2021-03-29210880035324",650000
260052677,"ASST_NON_CA0670L9D082013_086","CA0670L9D082013","COUNTY OF RIVERSIDE","CA","2021-03-29","2021-03-29210880034985",1892379
260116924,"ASST_NON_CA1818Y9D012001_086","CA1818Y9D012001","REGIONAL TASK FORCE ON THE HOMELESS, INC","CA","2021-03-29","2021-03-29210880035320",167582
260080610,"ASST_NON_CA1364L9D082006_086","CA1364L9D082006","COUNTY OF RIVERSIDE","CA","2021-03-29","2021-03-29210880035072",1478994
260116763,"ASST_NON_CA1758L9T132002_086","CA1758L9T132002","CHAMPIONS RECOVERY ALTERNATIVE PROGRAMS, INC.","CA","2021-03-29","2021-03-29210880031729",234213
260014261,"ASST_NON_CA0026L9T002013_086","CA0026L9T002013","ABODE SERVICES","CA","2021-03-29","2021-03-29210880031646",315782
260116711,"ASST_NON_CA1738D9T022002_086","CA1738D9T022002","CORNERSTONE COMMUNITY DEVELOPMENT CORPORATION","CA","2021-03-29","2021-03-29210880032347",160137
260047057,"ASST_NON_CA0595L9D032013_086","CA0595L9D032013","COUNTY OF SANTA BARBARA ALCOHOL, DRUG, MENTAL HEALTH","CA","2021-03-29","2021-03-29210880035013",115315
260080629,"ASST_NON_CA1367L9D082006_086","CA1367L9D082006","COUNTY OF RIVERSIDE","CA","2021-03-29","2021-03-29210880035064",292002
260072936,"ASST_NON_CA1139L9D092009_086","CA1139L9D092009","LIGHTHOUSE SOCIAL SERVICE CENTERS","CA","2021-03-29","2021-03-29210880036174",372608
260052698,"ASST_NON_CA0672L9D082013_086","CA0672L9D082013","COUNTY OF RIVERSIDE","CA","2021-03-29","2021-03-29210880034981",344072
260070675,"ASST_NON_CA1072L9T062008_086","CA1072L9T062008","COUNTY OF SAN BENITO","CA","2021-03-29","2021-03-29210880033366",289133
260084078,"ASST_NON_CA1511L9D012005_086","CA1511L9D012005","REGIONAL TASK FORCE ON THE HOMELESS, INC","CA","2021-03-29","2021-03-29210880035340",707000
260116920,"ASST_NON_CA1816Y9D012001_086","CA1816Y9D012001","REGIONAL TASK FORCE ON THE HOMELESS, INC","CA","2021-03-29","2021-03-29210880035328",2136851
260081695,"ASST_NON_CA1433L9D012005_086","CA1433L9D012005","CRISIS HOUSE","CA","2021-03-29","2021-03-29210880035907",538203
260084832,"ASST_NON_CA1552L9T072004_086","CA1552L9T072004","COUNTY OF MARIN","CA","2021-03-29","2021-03-29210880033008",248493
260065167,"ASST_NON_CA0935L9D082011_086","CA0935L9D082011","COUNTY OF RIVERSIDE","CA","2021-03-29","2021-03-29210880035088",890039
260066703,"ASST_NON_CA0950L9T002008_086","CA0950L9T002008","ABODE SERVICES","CA","2021-03-29","2021-03-29210880031635",653152
260095168,"ASST_NON_CA1690L9D012003_086","CA1690L9D012003","CRISIS HOUSE","CA","2021-03-29","2021-03-29210880035903",398934
260116916,"ASST_NON_CA1814Y9D012001_086","CA1814Y9D012001","REGIONAL TASK FORCE ON THE HOMELESS, INC","CA","2021-03-29","2021-03-29210880035336",170193
260052728,"ASST_NON_CA0675L9D082013_086","CA0675L9D082013","COUNTY OF RIVERSIDE","CA","2021-03-29","2021-03-29210880035092",710064
260067511,"ASST_NON_CA0982L9T192008_086","CA0982L9T192008","BUTTE COUNTY BEHAVIORAL HEALTH","CA","2021-03-29","2021-03-29210880032581",34172
260116601,"ASST_NON_CA1708L9D082003_086","CA1708L9D082003","COUNTY OF RIVERSIDE","CA","2021-03-29","2021-03-29210880035056",378414
260061692,"ASST_NON_CA0847L9T192009_086","CA0847L9T192009","BUTTE COUNTY BEHAVIORAL HEALTH","CA","2021-03-29","2021-03-29210880032585",34090
260067776,"ASST_NON_CA1017L9D082005_086","CA1017L9D082005","COUNTY OF RIVERSIDE","CA","2021-03-29","2021-03-29210880035080",84395
260075864,"ASST_NON_CA1215L9T192008_086","CA1215L9T192008","HOUSING AUTHORITY OF THE COUNTY OF BUTTE","CA","2021-03-29","2021-03-29210880032227",51658
260066740,"ASST_NON_CA0953L9T022009_086","CA0953L9T022009","ABODE SERVICES","CA","2021-03-29","2021-03-29210880031631",691973
260116926,"ASST_NON_CA1819Y9D012001_086","CA1819Y9D012001","REGIONAL TASK FORCE ON THE HOMELESS, INC","CA","2021-03-29","2021-03-29210880035316",82500
260082422,"ASST_NON_CA1449D9D082005_086","CA1449D9D082005","COUNTY OF RIVERSIDE","CA","2021-03-29","2021-03-29210880035060",750000
260067519,"ASST_NON_CA0983L9T192007_086","CA0983L9T192007","BUTTE COUNTY BEHAVIORAL HEALTH","CA","2021-03-29","2021-03-29210880032577",33891
260065182,"ASST_NON_CA0936L9D082011_086","CA0936L9D082011","COUNTY OF RIVERSIDE","CA","2021-03-29","2021-03-29210880035084",139987
260052270,"ASST_NON_CA0665L9D082010_086","CA0665L9D082010","COUNTY OF RIVERSIDE","CA","2021-03-29","2021-03-29210880035210",271417
260023799,"ASST_NON_CA0120L9T022013_086","CA0120L9T022013","ABODE SERVICES","CA","2021-03-29","2021-03-29210880031642",870778
260117113,"ASST_NON_CA1900L9D082001_086","CA1900L9D082001","COUNTY OF RIVERSIDE","CA","2021-03-29","2021-03-29210880035144",652287
260070090,"ASST_NON_CA1063L9T022008_086","CA1063L9T022008","ABODE SERVICES","CA","2021-03-29","2021-03-29210880031627",1397584
260117108,"ASST_NON_CA1898L9D082001_086","CA1898L9D082001","COUNTY OF RIVERSIDE","CA","2021-03-29","2021-03-29210880035148",767479
260116932,"ASST_NON_CA1820Y9D012001_086","CA1820Y9D012001","REGIONAL TASK FORCE ON THE HOMELESS, INC","CA","2021-03-29","2021-03-29210880035312",153816
260072912,"ASST_NON_CA1137L9D092009_086","CA1137L9D092009","TIME FOR CHANGE FOUNDATION","CA","2021-03-29","2021-03-29210880034990",409728
260069609,"ASST_NON_CA1055L9D082010_086","CA1055L9D082010","COUNTY OF RIVERSIDE","CA","2021-03-29","2021-03-29210880035076",140611
260116918,"ASST_NON_CA1815Y9D012001_086","CA1815Y9D012001","REGIONAL TASK FORCE ON THE HOMELESS, INC","CA","2021-03-29","2021-03-29210880035332",630000
260052259,"ASST_NON_CA0664L9D082007_086","CA0664L9D082007","COUNTY OF RIVERSIDE","CA","2021-03-29","2021-03-29210880035214",1211133
260083024,"ASST_NON_CA1467L9T022005_086","CA1467L9T022005","CORNERSTONE COMMUNITY DEVELOPMENT CORPORATION","CA","2021-03-29","2021-03-29210880032360",277126
260067795,"ASST_NON_CA1019L9D092008_086","CA1019L9D092008","LIGHTHOUSE SOCIAL SERVICE CENTERS","CA","2021-03-29","2021-03-29210880036178",569336
260054989,"ASST_NON_CA0702L9D012013_086","CA0702L9D012013","REGIONAL TASK FORCE ON THE HOMELESS, INC","CA","2021-03-29","2021-03-29210880035344",734003
260117066,"ASST_NON_CA1880D9D012001_086","CA1880D9D012001","REGIONAL TASK FORCE ON THE HOMELESS, INC","CA","2021-03-29","2021-03-29210880035308",377336
260080621,"ASST_NON_CA1365L9D082006_086","CA1365L9D082006","COUNTY OF RIVERSIDE","CA","2021-03-29","2021-03-29210880035068",384801
260074061,"ASST_NON_CA1171L9T022005_086","CA1171L9T022005","ALAMEDA COUNTY BHCS","CA","2021-03-29","2021-03-29210880032201",190888
260085279,"ASST_NON_CA1570L9T142004_086","CA1570L9T142004","FRESNO COUNTY ECONOMIC OPPORTUNITIES COMMISSION","CA","2021-03-29","2021-03-29210880032991",525000
260025150,"ASST_NON_CA0153L9T032013_086","CA0153L9T032013","HOUSING AUTHORITY OF THE COUNTY OF SACRAMENTO","CA","2021-03-29","2021-03-29210880032314",6120687
260057791,"ASST_NON_CA0749L9T022011_086","CA0749L9T022011","CITY OF BERKELEY","CA","2021-03-29","2021-03-29210880033244",2411026
260023886,"ASST_NON_CA0127L9T032007_086","CA0127L9T032007","HOUSING AUTHORITY OF THE COUNTY OF SACRAMENTO","CA","2021-03-29","2021-03-29210880032334",196418
260083316,"ASST_NON_CA1481L9T142005_086","CA1481L9T142005","FRESNO COUNTY ECONOMIC OPPORTUNITIES COMMISSION","CA","2021-03-29","2021-03-29210880032999",296306
260033455,"ASST_NON_CA0275L9T142007_086","CA0275L9T142007","HOUSING AUTHORITY OF THE CITY OF FRESNO","CA","2021-03-29","2021-03-29210880031886",44130
260035330,"ASST_NON_CA0301L9T182013_086","CA0301L9T182013","LUTHERAN SOCIAL SERVICES OF NORTHERN CALIFORNIA","CA","2021-03-29","2021-03-29210880033075",271182
260116776,"ASST_NON_CA1761L9T142002_086","CA1761L9T142002","FRESNO COUNTY ECONOMIC OPPORTUNITIES COMMISSION","CA","2021-03-29","2021-03-29210880032987",323995
260034518,"ASST_NON_CA0281L9T142013_086","CA0281L9T142013","HOUSING AUTHORITY OF THE CITY OF FRESNO","CA","2021-03-29","2021-03-29210880031870",1042050
260067470,"ASST_NON_CA0977L9T142007_086","CA0977L9T142007","HOUSING AUTHORITY OF THE CITY OF FRESNO","CA","2021-03-29","2021-03-29210880031905",85988
260071857,"ASST_NON_CA1098L9T202005_086","CA1098L9T202005","HOUSING AUTHORITY OF THE COUNTY OF MERCED","CA","2021-03-29","2021-03-29210880031833",72978
260064371,"ASST_NON_CA0906L9T142011_086","CA0906L9T142011","VALLEY TEEN RANCH","CA","2021-03-29","2021-03-29210880032112",30620
260085273,"ASST_NON_CA1569L9T142004_086","CA1569L9T142004","HOUSING AUTHORITY OF THE CITY OF FRESNO","CA","2021-03-29","2021-03-29210880031897",198322
260033468,"ASST_NON_CA0276L9T142008_086","CA0276L9T142008","HOUSING AUTHORITY OF THE CITY OF FRESNO","CA","2021-03-29","2021-03-29210880031882",64783
260047179,"ASST_NON_CA0598L9D032013_086","CA0598L9D032013","COUNTY OF SANTA BARBARA","CA","2021-03-29","2021-03-29210880035030",169050
260095195,"ASST_NON_CA1695L9D012003_086","CA1695L9D012003","VOLUNTEERS OF AMERICA, SOUTHWEST CALIFORNIA, INCORPORATION","CA","2021-03-29","2021-03-29210880034955",684795
260116574,"ASST_NON_CA1700L9D032003_086","CA1700L9D032003","COUNTY OF SANTA BARBARA","CA","2021-03-29","2021-03-29210880035026",130675
260081578,"ASST_NON_CA1424L9T222005_086","CA1424L9T222005","2-1-1 HUMBOLDT INFORMATION AND RESOURCE CENTER","CA","2021-03-29","2021-03-29210880032734",31549
260079251,"ASST_NON_CA1319L9T142005_086","CA1319L9T142005","HOUSING AUTHORITY OF THE CITY OF FRESNO","CA","2021-03-29","2021-03-29210880031901",250337
260071809,"ASST_NON_CA1090L9T142007_086","CA1090L9T142007","FRESNO COUNTY ECONOMIC OPPORTUNITIES COMMISSION","CA","2021-03-29","2021-03-29210880033004",432584
260093300,"ASST_NON_CA1652L9T062003_086","CA1652L9T062003","MIDPEN HOUSING CORPORATION","CA","2021-03-29","2021-03-29210880032725",247240
260075000,"ASST_NON_CA1198L9D042007_086","CA1198L9D042007","CLINICA SIERRA VISTA","CA","2021-03-29","2021-03-29210880035656",136468
260033480,"ASST_NON_CA0277L9T142007_086","CA0277L9T142007","HOUSING AUTHORITY OF THE CITY OF FRESNO","CA","2021-03-29","2021-03-29210880031878",409495
260025126,"ASST_NON_CA0151L9T032013_086","CA0151L9T032013","HOUSING AUTHORITY OF THE COUNTY OF SACRAMENTO","CA","2021-03-29","2021-03-29210880032318",192075
260033591,"ASST_NON_CA0278L9T142013_086","CA0278L9T142013","HOUSING AUTHORITY OF THE CITY OF FRESNO","CA","2021-03-29","2021-03-29210880031874",245770
260033480,"ASST_NON_CA0277L9T142007_086","CA0277L9T142007","HOUSING AUTHORITY OF THE CITY OF FRESNO","CA","2021-03-29","2021-03-29210880031878",409495
260117046,"ASST_NON_CA1872D9T272001_086","CA1872D9T272001","EMPOWER TEHAMA","CA","2021-03-29","2021-03-29210880032518",53336
260117146,"ASST_NON_CA1913L9T082001_086","CA1913L9T082001","WALNUT AVENUE FAMILY & WOMEN'S CENTER","CA","2021-03-29","2021-03-29210880033150",108871
260067458,"ASST_NON_CA0976L9T142009_086","CA0976L9T142009","HOUSING AUTHORITY OF THE CITY OF FRESNO","CA","2021-03-29","2021-03-29210880031909",76500
260048179,"ASST_NON_CA0609L9D042013_086","CA0609L9D042013","CLINICA SIERRA VISTA","CA","2021-03-29","2021-03-29210880035660",104620
260075000,"ASST_NON_CA1198L9D042007_086","CA1198L9D042007","CLINICA SIERRA VISTA","CA","2021-03-29","2021-03-29210880035656",136468
260051796,"ASST_NON_CA0658L9D072013_086","CA0658L9D072013","CITY OF PASADENA","CA","2021-03-29","2021-03-29210880036090",297175
260066792,"ASST_NON_CA0958L9T062008_086","CA0958L9T062008","INTERIM, INC.","CA","2021-03-29","2021-03-29210880032881",135028
260051813,"ASST_NON_CA0659L9D072013_086","CA0659L9D072013","CITY OF PASADENA","CA","2021-03-29","2021-03-29210880036086",225378
260052219,"ASST_NON_CA0660L9D072013_086","CA0660L9D072013","CITY OF PASADENA","CA","2021-03-29","2021-03-29210880036082",46226
260116583,"ASST_NON_CA1702L9D032003_086","CA1702L9D032003","NBCC, A CALIFORNIA PUBLIC BENEFIT NONPROFIT CORPORATION","CA","2021-03-29","2021-03-29210880036073",110819
260093281,"ASST_NON_CA1646L9T032003_086","CA1646L9T032003","TLCS INC","CA","2021-03-29","2021-03-29210880031837",889094
260084823,"ASST_NON_CA1551L9T072004_086","CA1551L9T072004","HOUSING AUTHORITY OF THE COUNTY OF MARIN","CA","2021-03-29","2021-03-29210880031430",248004
260052240,"ASST_NON_CA0662L9D072013_086","CA0662L9D072013","CITY OF PASADENA","CA","2021-03-29","2021-03-29210880036078",1057906
260063554,"ASST_NON_CA0873L9D072006_086","CA0873L9D072006","CITY OF PASADENA","CA","2021-03-29","2021-03-29210880036074",441101
260116889,"ASST_NON_CA1799L9D042002_086","CA1799L9D042002","COMMUNITY ACTION PARTNERSHIP OF KERN","CA","2021-03-29","2021-03-29210880035691",236838
260076533,"ASST_NON_CA1231L9D022007_086","CA1231L9D022007","PATHWAYS OF HOPE","CA","2021-03-29","2021-03-29210880035911",344195
260067481,"ASST_NON_CA0978L9T312006_086","CA0978L9T312006","COUNTY OF NEVADA","CA","2021-03-29","2021-03-29210880031662",30966
260079152,"ASST_NON_CA1309L9T072006_086","CA1309L9T072006","RITTER CENTER","CA","2021-03-29","2021-03-29210880031786",220278
260025419,"ASST_NON_CA0184L9T052013_086","CA0184L9T052013","GARDEN PARK APARTMENTS COMMUNITY","CA","2021-03-29","2021-03-29210880032590",352150
260067712,"ASST_NON_CA1004L9D032006_086","CA1004L9D032006","HOUSING AUTHORITY OF THE CITY OF SANTA BARBARA","CA","2021-03-29","2021-03-29210880035255",129775
260058319,"ASST_NON_CA0756L9T072012_086","CA0756L9T072012","HOUSING AUTHORITY OF THE COUNTY OF MARIN","CA","2021-03-29","2021-03-29210880031434",108814
260029244,"ASST_NON_CA0205L9T062013_086","CA0205L9T062013","INTERIM, INC.","CA","2021-03-29","2021-03-29210880032818",169772
260051770,"ASST_NON_CA0655L9D072013_086","CA0655L9D072013","CITY OF PASADENA","CA","2021-03-29","2021-03-29210880036094",204697
260030279,"ASST_NON_CA0221L9T072013_086","CA0221L9T072013","HOUSING AUTHORITY OF THE COUNTY OF MARIN","CA","2021-03-29","2021-03-29210880031438",1873509
260082414,"ASST_NON_CA1447L9D072005_086","CA1447L9D072005","CITY OF PASADENA","CA","2021-03-29","2021-03-29210880036034",124423
260077295,"ASST_NON_CA1259L9D072007_086","CA1259L9D072007","CITY OF PASADENA","CA","2021-03-29","2021-03-29210880036053",206617
260077830,"ASST_NON_CA1262L9T312006_086","CA1262L9T312006","COUNTY OF NEVADA","CA","2021-03-29","2021-03-29210880031658",155139
260072964,"ASST_NON_CA1143L9D092009_086","CA1143L9D092009","UNITED STATES VETERANS INITIATIVE","CA","2021-03-29","2021-03-29210880034991",1178804
260116592,"ASST_NON_CA1706L9D072003_086","CA1706L9D072003","CITY OF PASADENA","CA","2021-03-29","2021-03-29210880036030",190085
260058303,"ASST_NON_CA0755L9T062012_086","CA0755L9T062012","INTERIM, INC.","CA","2021-03-29","2021-03-29210880032810",177629
260116898,"ASST_NON_CA1806D9D072002_086","CA1806D9D072002","CITY OF PASADENA","CA","2021-03-29","2021-03-29210880036021",144511
260078313,"ASST_NON_CA1273L9T132006_086","CA1273L9T132006","COMMUNITY SERVICES AND EMPLOYMENT TRAINING, INCORPORATED","CA","2021-03-29","2021-03-29210880033027",163210
260080599,"ASST_NON_CA1363L9D072006_086","CA1363L9D072006","CITY OF PASADENA","CA","2021-03-29","2021-03-29210880036038",1095678
260071031,"ASST_NON_CA1088L9T132007_086","CA1088L9T132007","COMMUNITY SERVICES AND EMPLOYMENT TRAINING, INCORPORATED","CA","2021-03-29","2021-03-29210880033023",360511
260029286,"ASST_NON_CA0208L9T062013_086","CA0208L9T062013","INTERIM, INC.","CA","2021-03-29","2021-03-29210880032814",124864
260083355,"ASST_NON_CA1486L9T262005_086","CA1486L9T262005","COUNTY OF MARIPOSA","CA","2021-03-29","2021-03-29210880031890",71921
260025192,"ASST_NON_CA0158L9T032013_086","CA0158L9T032013","TLCS INC","CA","2021-03-29","2021-03-29210880031841",2716957
260116653,"ASST_NON_CA1724Y9T082002_086","CA1724Y9T082002","BILL WILSON CENTER","CA","2021-03-29","2021-03-29210880033107",135319
260064296,"ASST_NON_CA0896L9T102011_086","CA0896L9T102011","COMMUNITY IMPACT CENTRAL VALLEY","CA","2021-03-29","2021-03-29210880031414",150610
260116731,"ASST_NON_CA1745L9T042002_086","CA1745L9T042002","THE YOUNG WOMENS CHRISTIAN ASSOCIATION OF SONOMA COUNTY CALIFORNIA","CA","2021-03-29","2021-03-29210880032928",257952
260031562,"ASST_NON_CA0242L9T102011_086","CA0242L9T102011","COMMUNITY IMPACT CENTRAL VALLEY","CA","2021-03-29","2021-03-29210880031422",247444
260093107,"ASST_NON_CA1625L9D132004_086","CA1625L9D132004","IMPERIAL COUNTY","CA","2021-03-29","2021-03-29210880035812",44000
260035198,"ASST_NON_CA0298L9T182013_086","CA0298L9T182013","CAMINAR","CA","2021-03-29","2021-03-29210880032012",48824
260066823,"ASST_NON_CA0963L9T102005_086","CA0963L9T102005","COMMUNITY IMPACT CENTRAL VALLEY","CA","2021-03-29","2021-03-29210880031406",116516
260085232,"ASST_NON_CA1561L9T102004_086","CA1561L9T102004","COMMUNITY HOUSING AND SHELTER SERVICES OF STANISLAUS COUNTY","CA","2021-03-29","2021-03-29210880032271",113685
260067502,"ASST_NON_CA0981L9T182009_086","CA0981L9T182009","CAMINAR","CA","2021-03-29","2021-03-29210880032000",38649
260084759,"ASST_NON_CA1546L9T052004_086","CA1546L9T052004","SATELLITE AFFORDABLE HOUSING ASSOCIATES","CA","2021-03-29","2021-03-29210880032606",304335
260060814,"ASST_NON_CA0802L9D012012_086","CA0802L9D012012","ST. VINCENT DE PAUL VILLAGE, INC.","CA","2021-03-29","2021-03-29210880035157",55781
260116655,"ASST_NON_CA1725Y9T082001_086","CA1725Y9T082001","ENCOMPASS COMMUNITY SERVICES","CA","2021-03-29","2021-03-29210880033232",296903
260093318,"ASST_NON_CA1660L9T102003_086","CA1660L9T102003","COMMUNITY IMPACT CENTRAL VALLEY","CA","2021-03-29","2021-03-29210880031693",228019
260093248,"ASST_NON_CA1639L9T002003_086","CA1639L9T002003","BILL WILSON CENTER","CA","2021-03-29","2021-03-29210880033103",315124
260036252,"ASST_NON_CA0310L9T212013_086","CA0310L9T212013","CITY OF DAVIS, CALIFORNIA","CA","2021-03-29","2021-03-29210880031555",66282
260078424,"ASST_NON_CA1281L9T042006_086","CA1281L9T042006","CATHOLIC CHARITIES OF THE DIOCESE OF SANTA ROSA","CA","2021-03-29","2021-03-29210880032594",632281
260084088,"ASST_NON_CA1512L9D022005_086","CA1512L9D022005","THE ILLUMINATION FOUNDATION","CA","2021-03-29","2021-03-29210880035099",1956881
260070912,"ASST_NON_CA1080L9T102010_086","CA1080L9T102010","COMMUNITY SERVICES AGENCY","CA","2021-03-29","2021-03-29210880032920",173533
260022353,"ASST_NON_CA0109L9T022013_086","CA0109L9T022013","SATELLITE AFFORDABLE HOUSING ASSOCIATES","CA","2021-03-29","2021-03-29210880032706",89947
260116868,"ASST_NON_CA1794L9D012002_086","CA1794L9D012002","SALVATION ARMY, THE","CA","2021-03-29","2021-03-29210880035678",489118
260117079,"ASST_NON_CA1883L9D012001_086","CA1883L9D012001","ST. VINCENT DE PAUL VILLAGE, INC.","CA","2021-03-29","2021-03-29210880035125",352375
260068338,"ASST_NON_CA1032L9T002010_086","CA1032L9T002010","BILL WILSON CENTER","CA","2021-03-29","2021-03-29210880033095",352567
260061571,"ASST_NON_CA0833L9T102008_086","CA0833L9T102008","COMMUNITY HOUSING AND SHELTER SERVICES OF STANISLAUS COUNTY","CA","2021-03-29","2021-03-29210880032266",233031
260117085,"ASST_NON_CA1885L9D012001_086","CA1885L9D012001","SALVATION ARMY, THE","CA","2021-03-29","2021-03-29210880035928",195343
260080436,"ASST_NON_CA1348L9D012006_086","CA1348L9D012006","ST. VINCENT DE PAUL VILLAGE, INC.","CA","2021-03-29","2021-03-29210880035153",1729971
260093313,"ASST_NON_CA1658L9T082003_086","CA1658L9T082003","HOUSING MATTERS","CA","2021-03-29","2021-03-29210880032500",154343
260015522,"ASST_NON_CA0032L9T002013_086","CA0032L9T002013","BILL WILSON CENTER","CA","2021-03-29","2021-03-29210880033091",309348
260015504,"ASST_NON_CA0031L9T002013_086","CA0031L9T002013","BILL WILSON CENTER","CA","2021-03-29","2021-03-29210880033087",558923
260035313,"ASST_NON_CA0300L9T182013_086","CA0300L9T182013","CAMINAR","CA","2021-03-29","2021-03-29210880032008",136769
260081052,"ASST_NON_CA1379L9T002005_086","CA1379L9T002005","BILL WILSON CENTER","CA","2021-03-29","2021-03-29210880033099",593248
260081717,"ASST_NON_CA1436L9D012005_086","CA1436L9D012005","SALVATION ARMY, THE","CA","2021-03-29","2021-03-29210880035682",438985
260085223,"ASST_NON_CA1560L9T102004_086","CA1560L9T102004","COMMUNITY HOUSING AND SHELTER SERVICES OF STANISLAUS COUNTY","CA","2021-03-29","2021-03-29210880032275",70407
260059705,"ASST_NON_CA0779L9T192012_086","CA0779L9T192012","CAMINAR","CA","2021-03-29","2021-03-29210880032004",87981
260092674,"ASST_NON_CA1600L9D012004_086","CA1600L9D012004","ALPHA PROJECT FOR THE HOMELESS","CA","2021-03-29","2021-03-29210880035837",1405442
260058331,"ASST_NON_CA0758L9T102010_086","CA0758L9T102010","COMMUNITY IMPACT CENTRAL VALLEY","CA","2021-03-29","2021-03-29210880031418",279501
260030358,"ASST_NON_CA0229L9T082013_086","CA0229L9T082013","ENCOMPASS COMMUNITY SERVICES","CA","2021-03-29","2021-03-29210880033240",15645
260072843,"ASST_NON_CA1121L9D022008_086","CA1121L9D022008","THE ILLUMINATION FOUNDATION","CA","2021-03-29","2021-03-29210880035103",472533
260084068,"ASST_NON_CA1510L9D012005_086","CA1510L9D012005","ST. VINCENT DE PAUL VILLAGE, INC.","CA","2021-03-29","2021-03-29210880035129",1928645
260059567,"ASST_NON_CA0772L9T142012_086","CA0772L9T142012","COMMUNITY ACTION PARTNERSHIP OF MADERA COUNTY, INC.","CA","2021-03-29","2021-03-29210880031734",581016
260031541,"ASST_NON_CA0240L9T102009_086","CA0240L9T102009","COMMUNITY IMPACT CENTRAL VALLEY","CA","2021-03-29","2021-03-29210880031426",114379
260084855,"ASST_NON_CA1557L9T082004_086","CA1557L9T082004","ENCOMPASS COMMUNITY SERVICES","CA","2021-03-29","2021-03-29210880033236",90429
260116854,"ASST_NON_CA1792L9D012002_086","CA1792L9D012002","ALPHA PROJECT FOR THE HOMELESS","CA","2021-03-29","2021-03-29210880035833",382899
260084055,"ASST_NON_CA1508L9D012005_086","CA1508L9D012005","ALPHA PROJECT FOR THE HOMELESS","CA","2021-03-29","2021-03-29210880035696",562311
260117024,"ASST_NON_CA1863L9T192001_086","CA1863L9T192001","CAMINAR","CA","2021-03-29","2021-03-29210880031996",115117
260066813,"ASST_NON_CA0962L9T102005_086","CA0962L9T102005","COMMUNITY IMPACT CENTRAL VALLEY","CA","2021-03-29","2021-03-29210880031410",111077
260080454,"ASST_NON_CA1350L9D022006_086","CA1350L9D022006","FAMILIES FORWARD, INC.","CA","2021-03-29","2021-03-29210880035662",579737
260032608,"ASST_NON_CA0261L9T122013_086","CA0261L9T122013","LIFEMOVES","CA","2021-03-29","2021-03-29210880031461",133750
260079700,"ASST_NON_CA1322L9T152006_086","CA1322L9T152006","PLACER COUNTY- ADULT SYSTEM OF CARE","CA","2021-03-29","2021-03-29210880032163",20580
260034553,"ASST_NON_CA0285L9T152013_086","CA0285L9T152013","PLACER COUNTY- ADULT SYSTEM OF CARE","CA","2021-03-29","2021-03-29210880032401",488819
260079177,"ASST_NON_CA1313L9T122006_086","CA1313L9T122006","LIFEMOVES","CA","2021-03-29","2021-03-29210880031449",542328
260064281,"ASST_NON_CA0895L9T102011_086","CA0895L9T102011","CENTER FOR HUMAN SERVICES","CA","2021-03-29","2021-03-29210880031598",43241
260061667,"ASST_NON_CA0844L9T152006_086","CA0844L9T152006","PLACER COUNTY- ADULT SYSTEM OF CARE","CA","2021-03-29","2021-03-29210880032167",49252
260093208,"ASST_NON_CA1628L9D142004_086","CA1628L9D142004","COUNTY OF SAN LUIS OBISPO","CA","2021-03-29","2021-03-29210880036149",220554
260056967,"ASST_NON_CA0737L9D142012_086","CA0737L9D142012","COUNTY OF SAN LUIS OBISPO","CA","2021-03-29","2021-03-29210880036161",61160
260057078,"ASST_NON_CA0739L9D142012_086","CA0739L9D142012","COUNTY OF SAN LUIS OBISPO","CA","2021-03-29","2021-03-29210880036157",439265
260064348,"ASST_NON_CA0903L9T122011_086","CA0903L9T122011","LIFEMOVES","CA","2021-03-29","2021-03-29210880031457",269948
260078444,"ASST_NON_CA1284L9T122006_086","CA1284L9T122006","LIFEMOVES","CA","2021-03-29","2021-03-29210880031453",201003
260079128,"ASST_NON_CA1305L9T042005_086","CA1305L9T042005","INDIVIDUALS, NOW","CA","2021-03-29","2021-03-29210880032714",253256
260042745,"ASST_NON_CA0489L9D002013_086","CA0489L9D002013","SU CASA ~ ENDING DOMESTIC VIOLENCE","CA","2021-03-29","2021-03-29210880035630",53462
260063051,"ASST_NON_CA0869L9D042008_086","CA0869L9D042008","THE OPEN DOOR NETWORK","CA","2021-03-29","2021-03-29210880035004",133139
260055523,"ASST_NON_CA0714L9D012013_086","CA0714L9D012013","CITY OF OCEANSIDE","CA","2021-03-29","2021-03-29210880035804",145091
260081558,"ASST_NON_CA1421L9T192005_086","CA1421L9T192005","CATALYST DOMESTIC VIOLENCE SERVICES","CA","2021-03-29","2021-03-29210880031559",96521
260116996,"ASST_NON_CA1845L9T102001_086","CA1845L9T102001","CENTER FOR HUMAN SERVICES","CA","2021-03-29","2021-03-29210880031594",78976
260093144,"ASST_NON_CA1627L9D142004_086","CA1627L9D142004","COUNTY OF SAN LUIS OBISPO","CA","2021-03-29","2021-03-29210880036153",281047
260059599,"ASST_NON_CA0774L9T152011_086","CA0774L9T152011","PLACER COUNTY- ADULT SYSTEM OF CARE","CA","2021-03-29","2021-03-29210880032171",406364
260037514,"ASST_NON_CA0331L9D002013_086","CA0331L9D002013","A COMMUNITY OF FRIENDS","CA","2021-03-29","2021-03-29210880035700",192130
260065271,"ASST_NON_CA0939L9D092011_086","CA0939L9D092011","COUNTY OF SAN BERNARDINO","CA","2021-03-29","2021-03-29210880035008",250158
260067759,"ASST_NON_CA1012L9D042009_086","CA1012L9D042009","FLOOD BAKERSFIELD MINISTRIES, INC","CA","2021-03-29","2021-03-29210880035531",94263
260093097,"ASST_NON_CA1623L9D132004_086","CA1623L9D132004","WOMANHAVEN","CA","2021-03-29","2021-03-29210880035893",129503
260084642,"ASST_NON_CA1521L9D112005_086","CA1521L9D112005","VENTURA, COUNTY OF","CA","2021-03-29","2021-03-29210880035747",150000
260035139,"ASST_NON_CA0292L9T172013_086","CA0292L9T172013","THE HOUSING DEVELOPMENT CORPORATION OF THE CITY OF NAPA","CA","2021-03-29","2021-03-29210880031571",156343
260034599,"ASST_NON_CA0289L9T172011_086","CA0289L9T172011","COUNTY OF NAPA","CA","2021-03-29","2021-03-29210880031750",35887
260092985,"ASST_NON_CA1618L9D112004_086","CA1618L9D112004","VENTURA, COUNTY OF","CA","2021-03-29","2021-03-29210880035743",396723
260074469,"ASST_NON_CA1186L9T152007_086","CA1186L9T152007","HOMELESS RESOURCE COUNCIL OF THE SIERRAS","CA","2021-03-29","2021-03-29210880032946",51266
260022690,"ASST_NON_CA0111L9T022012_086","CA0111L9T022012","RESOURCES FOR COMMUNITY DEVELOPMENT","CA","2021-03-29","2021-03-29210880033356",72317
260062991,"ASST_NON_CA0865L9D022007_086","CA0865L9D022007","ORANGE COUNTY HOUSING AUTHORITY","CA","2021-03-29","2021-03-29210880036132",2944957
260025443,"ASST_NON_CA0186L9T052013_086","CA0186L9T052013","RESOURCES FOR COMMUNITY DEVELOPMENT","CA","2021-03-29","2021-03-29210880033352",194836
260046351,"ASST_NON_CA0581L9D022013_086","CA0581L9D022013","ORANGE COUNTY HOUSING AUTHORITY","CA","2021-03-29","2021-03-29210880036140",4451459
260081500,"ASST_NON_CA1415L9T172005_086","CA1415L9T172005","COUNTY OF NAPA","CA","2021-03-29","2021-03-29210880032895",144298
260045651,"ASST_NON_CA0560L9D022008_086","CA0560L9D022008","ORANGE COUNTY HOUSING AUTHORITY","CA","2021-03-29","2021-03-29210880036186",2296806
260066772,"ASST_NON_CA0956L9T042008_086","CA0956L9T042008","WEST COUNTY COMMUNITY SERVICES","CA","2021-03-29","2021-03-29210880031528",96255
260083199,"ASST_NON_CA1475L9T082005_086","CA1475L9T082005","FAMILIES IN TRANSITION OF SANTA CRUZ INC","CA","2021-03-29","2021-03-29210880032512",547580
260072329,"ASST_NON_CA1119L9D022008_086","CA1119L9D022008","FRIENDSHIP SHELTER, INC.","CA","2021-03-29","2021-03-29210880035452",632877
260083177,"ASST_NON_CA1472L9T052005_086","CA1472L9T052005","CONTRA COSTA INTERFAITH TRANSITIONAL HOUSING, INC","CA","2021-03-29","2021-03-29210880032100",1087325
260038657,"ASST_NON_CA0359L9D002013_086","CA0359L9D002013","CITY OF SANTA MONICA","CA","2021-03-29","2021-03-29210880035017",4447586
260035156,"ASST_NON_CA0293L9T172013_086","CA0293L9T172013","COUNTY OF NAPA","CA","2021-03-29","2021-03-29210880031689",188323
260092976,"ASST_NON_CA1617L9D092004_086","CA1617L9D092004","KNOWLEDGE, EDUCATION FOR YOUR SUCCESS, INC.","CA","2021-03-29","2021-03-29210880035939",320040
260077136,"ASST_NON_CA1240L9D112007_086","CA1240L9D112007","VENTURA, COUNTY OF","CA","2021-03-29","2021-03-29210880035751",81829
260046294,"ASST_NON_CA0577L9D022013_086","CA0577L9D022013","ORANGE COUNTY HOUSING AUTHORITY","CA","2021-03-29","2021-03-29210880036182",389050
260116635,"ASST_NON_CA1720Y9T082002_086","CA1720Y9T082002","FAMILIES IN TRANSITION OF SANTA CRUZ INC","CA","2021-03-29","2021-03-29210880032508",258971
260083326,"ASST_NON_CA1482L9T172005_086","CA1482L9T172005","COUNTY OF NAPA","CA","2021-03-29","2021-03-29210880031675",19054
260060847,"ASST_NON_CA0804L9D022012_086","CA0804L9D022012","ORANGE COUNTY HOUSING AUTHORITY","CA","2021-03-29","2021-03-29210880036136",1930508
260074988,"ASST_NON_CA1197L9D042007_086","CA1197L9D042007","HOUSING AUTHORITY OF THE COUNTY OF KERN","CA","2021-03-29","2021-03-29210880036018",4331645
260081018,"ASST_NON_CA1371L9D092006_086","CA1371L9D092006","KNOWLEDGE, EDUCATION FOR YOUR SUCCESS, INC.","CA","2021-03-29","2021-03-29210880035954",266389
260025337,"ASST_NON_CA0173L9T042013_086","CA0173L9T042013","COMMUNITY SUPPORT NETWORK","CA","2021-03-29","2021-03-29210880032017",58562
260025383,"ASST_NON_CA0180L9T052013_086","CA0180L9T052013","CONTRA COSTA INTERFAITH TRANSITIONAL HOUSING, INC","CA","2021-03-29","2021-03-29210880032210",1059055
260055539,"ASST_NON_CA0715L9D112013_086","CA0715L9D112013","VENTURA, COUNTY OF","CA","2021-03-29","2021-03-29210880035755",252631
260116726,"ASST_NON_CA1744L9T042002_086","CA1744L9T042002","COMMUNITY SUPPORT NETWORK","CA","2021-03-29","2021-03-29210880032013",62324
260021811,"ASST_NON_CA0092L9T022012_086","CA0092L9T022012","RESOURCES FOR COMMUNITY DEVELOPMENT","CA","2021-03-29","2021-03-29210880033360",99943
260040261,"ASST_NON_CA0413L9D002013_086","CA0413L9D002013","LOS ANGELES HOMELESS SERVICES AUTHORITY","CA","2021-03-29","2021-03-29210880035380",60177
260038288,"ASST_NON_CA0340L9D002013_086","CA0340L9D002013","LOS ANGELES HOMELESS SERVICES AUTHORITY","CA","2021-03-29","2021-03-29210880035047",233625
260043694,"ASST_NON_CA0523L9D002013_086","CA0523L9D002013","LOS ANGELES HOMELESS SERVICES AUTHORITY","CA","2021-03-29","2021-03-29210880034966",354546
260036285,"ASST_NON_CA0313L9T222013_086","CA0313L9T222013","DEPARTMENT OF HEALTH & HUMAN S","CA","2021-03-29","2021-03-29210880031445",69500
260042316,"ASST_NON_CA0457L9D002013_086","CA0457L9D002013","LOS ANGELES HOMELESS SERVICES AUTHORITY","CA","2021-03-29","2021-03-29210880035352",116142
260042450,"ASST_NON_CA0466L9D002013_086","CA0466L9D002013","LOS ANGELES HOMELESS SERVICES AUTHORITY","CA","2021-03-29","2021-03-29210880035348",264648
260042260,"ASST_NON_CA0450L9D002013_086","CA0450L9D002013","LOS ANGELES HOMELESS SERVICES AUTHORITY","CA","2021-03-29","2021-03-29210880035356",175734
260116831,"ASST_NON_CA1787L9D002001_086","CA1787L9D002001","LOS ANGELES HOMELESS SERVICES AUTHORITY","CA","2021-03-29","2021-03-29210880035577",1329928
260043353,"ASST_NON_CA0494L9D002013_086","CA0494L9D002013","LOS ANGELES HOMELESS SERVICES AUTHORITY","CA","2021-03-29","2021-03-29210880034974",143106
260043550,"ASST_NON_CA0515L9D002013_086","CA0515L9D002013","LOS ANGELES HOMELESS SERVICES AUTHORITY","CA","2021-03-29","2021-03-29210880034970",253721
260081829,"ASST_NON_CA1439L9D022005_086","CA1439L9D022005","ORANGE COUNTY HEALTH CARE AGENCY","CA","2021-03-29","2021-03-29210880035219",1231239
260058284,"ASST_NON_CA0752L9T042012_086","CA0752L9T042012","BUCKELEW PROGRAMS","CA","2021-03-29","2021-03-29210880032945",107138
260083365,"ASST_NON_CA1487L9D002005_086","CA1487L9D002005","LOS ANGELES HOMELESS SERVICES AUTHORITY","CA","2021-03-29","2021-03-29210880035266",2695795
260031611,"ASST_NON_CA0246L9T102013_086","CA0246L9T102013","STANISLAUS REGIONAL HOUSING AUTHORITY","CA","2021-03-29","2021-03-29210880032140",1339856
260042574,"ASST_NON_CA0479L9D002013_086","CA0479L9D002013","LOS ANGELES HOMELESS SERVICES AUTHORITY","CA","2021-03-29","2021-03-29210880035304",178205
260080340,"ASST_NON_CA1336L9D002006_086","CA1336L9D002006","LOS ANGELES HOMELESS SERVICES AUTHORITY","CA","2021-03-29","2021-03-29210880035270",513687
260040850,"ASST_NON_CA0433L9D002013_086","CA0433L9D002013","LOS ANGELES HOMELESS SERVICES AUTHORITY","CA","2021-03-29","2021-03-29210880035364",222397
260039416,"ASST_NON_CA0372L9D002013_086","CA0372L9D002013","LOS ANGELES HOMELESS SERVICES AUTHORITY","CA","2021-03-29","2021-03-29210880035400",292583
260038522,"ASST_NON_CA0353L9D002013_086","CA0353L9D002013","LOS ANGELES HOMELESS SERVICES AUTHORITY","CA","2021-03-29","2021-03-29210880035560",695837
260041573,"ASST_NON_CA0442L9D002013_086","CA0442L9D002013","LOS ANGELES HOMELESS SERVICES AUTHORITY","CA","2021-03-29","2021-03-29210880035360",292466
260095134,"ASST_NON_CA1685L9D002003_086","CA1685L9D002003","LOS ANGELES HOMELESS SERVICES AUTHORITY","CA","2021-03-29","2021-03-29210880035258",1524003
260038640,"ASST_NON_CA0358L9D002013_086","CA0358L9D002013","LOS ANGELES HOMELESS SERVICES AUTHORITY","CA","2021-03-29","2021-03-29210880035556",1003985
260040876,"ASST_NON_CA0435L9D002013_086","CA0435L9D002013","LOS ANGELES HOMELESS SERVICES AUTHORITY","CA","2021-03-29","2021-03-29210880035448",112935
260117057,"ASST_NON_CA1878D9D002001_086","CA1878D9D002001","LOS ANGELES HOMELESS SERVICES AUTHORITY","CA","2021-03-29","2021-03-29210880035545",2752918
260116839,"ASST_NON_CA1789D9D002002_086","CA1789D9D002002","LOS ANGELES HOMELESS SERVICES AUTHORITY","CA","2021-03-29","2021-03-29210880035573",4595248
260117060,"ASST_NON_CA1879D9D002001_086","CA1879D9D002001","LOS ANGELES HOMELESS SERVICES AUTHORITY","CA","2021-03-29","2021-03-29210880035541",2991298
260039388,"ASST_NON_CA0370L9D002013_086","CA0370L9D002013","LOS ANGELES HOMELESS SERVICES AUTHORITY","CA","2021-03-29","2021-03-29210880035404",140104
260095138,"ASST_NON_CA1686L9D002003_086","CA1686L9D002003","LOS ANGELES HOMELESS SERVICES AUTHORITY","CA","2021-03-29","2021-03-29210880035168",1992877
260040816,"ASST_NON_CA0430L9D002013_086","CA0430L9D002013","LOS ANGELES HOMELESS SERVICES AUTHORITY","CA","2021-03-29","2021-03-29210880035368",498364
260084843,"ASST_NON_CA1555L9T082004_086","CA1555L9T082004","COUNTY OF SANTA CRUZ","CA","2021-03-29","2021-03-29210880032147",228362
260030304,"ASST_NON_CA0223L9T072013_086","CA0223L9T072013","BUCKELEW PROGRAMS","CA","2021-03-29","2021-03-29210880032941",423457
260095126,"ASST_NON_CA1684L9D002003_086","CA1684L9D002003","LOS ANGELES HOMELESS SERVICES AUTHORITY","CA","2021-03-29","2021-03-29210880035262",1375596
260059624,"ASST_NON_CA0777L9T172012_086","CA0777L9T172012","BUCKELEW PROGRAMS","CA","2021-03-29","2021-03-29210880032872",299782
260062317,"ASST_NON_CA0852L9T222009_086","CA0852L9T222009","DEPARTMENT OF HEALTH & HUMAN S","CA","2021-03-29","2021-03-29210880031393",93404
260048143,"ASST_NON_CA0606L9D042013_086","CA0606L9D042013","COUNTY OF KERN","CA","2021-03-29","2021-03-29210880036098",80409
260039433,"ASST_NON_CA0373L9D002013_086","CA0373L9D002013","LOS ANGELES HOMELESS SERVICES AUTHORITY","CA","2021-03-29","2021-03-29210880035396",35666
260116846,"ASST_NON_CA1790D9D002001_086","CA1790D9D002001","LOS ANGELES HOMELESS SERVICES AUTHORITY","CA","2021-03-29","2021-03-29210880035549",1e+06
260035465,"ASST_NON_CA0308L9T212013_086","CA0308L9T212013","YOLO COMMUNITY CARE CONTINUUM","CA","2021-03-29","2021-03-29210880032611",169556
260116637,"ASST_NON_CA1721Y9T082001_086","CA1721Y9T082001","COMMUNITY ACTION BOARD OF SANTA CRUZ COUNTY, INC","CA","2021-03-29","2021-03-29210880031581",99175
260039330,"ASST_NON_CA0364L9D002013_086","CA0364L9D002013","LOS ANGELES HOMELESS SERVICES AUTHORITY","CA","2021-03-29","2021-03-29210880035552",174782
260038340,"ASST_NON_CA0345L9D002013_086","CA0345L9D002013","LOS ANGELES HOMELESS SERVICES AUTHORITY","CA","2021-03-29","2021-03-29210880035039",388444
260043736,"ASST_NON_CA0527L9D002013_086","CA0527L9D002013","LOS ANGELES HOMELESS SERVICES AUTHORITY","CA","2021-03-29","2021-03-29210880034962",584327
260116646,"ASST_NON_CA1723Y9T082001_086","CA1723Y9T082001","COUNTY OF SANTA CRUZ","CA","2021-03-29","2021-03-29210880032376",60000
260037015,"ASST_NON_CA0325L9D002012_086","CA0325L9D002012","LOS ANGELES HOMELESS SERVICES AUTHORITY","CA","2021-03-29","2021-03-29210880035051",407620
260040199,"ASST_NON_CA0409L9D002013_086","CA0409L9D002013","LOS ANGELES HOMELESS SERVICES AUTHORITY","CA","2021-03-29","2021-03-29210880035384",305951
260038505,"ASST_NON_CA0352L9D002013_086","CA0352L9D002013","LOS ANGELES HOMELESS SERVICES AUTHORITY","CA","2021-03-29","2021-03-29210880035564",120600
260038302,"ASST_NON_CA0341L9D002013_086","CA0341L9D002013","LOS ANGELES HOMELESS SERVICES AUTHORITY","CA","2021-03-29","2021-03-29210880035043",276862
260038559,"ASST_NON_CA0356L9D002012_086","CA0356L9D002012","ALLIANCE FOR HOUSING AND HEALING","CA","2021-03-29","2021-03-29210880035712",413073
260039523,"ASST_NON_CA0383L9D002013_086","CA0383L9D002013","LOS ANGELES HOMELESS SERVICES AUTHORITY","CA","2021-03-29","2021-03-29210880035388",779189
260116993,"ASST_NON_CA1842L9T082001_086","CA1842L9T082001","COUNTY OF SANTA CRUZ","CA","2021-03-29","2021-03-29210880032372",57067
260040277,"ASST_NON_CA0414L9D002013_086","CA0414L9D002013","LOS ANGELES HOMELESS SERVICES AUTHORITY","CA","2021-03-29","2021-03-29210880035376",1141640
260068952,"ASST_NON_CA1048L9D002010_086","CA1048L9D002010","LOS ANGELES HOMELESS SERVICES AUTHORITY","CA","2021-03-29","2021-03-29210880035282",322182
260038384,"ASST_NON_CA0348L9D002013_086","CA0348L9D002013","LOS ANGELES HOMELESS SERVICES AUTHORITY","CA","2021-03-29","2021-03-29210880035568",66297
260074961,"ASST_NON_CA1192L9T222007_086","CA1192L9T222007","DEPARTMENT OF HEALTH & HUMAN S","CA","2021-03-29","2021-03-29210880032178",250327
260080329,"ASST_NON_CA1335L9D002006_086","CA1335L9D002006","LOS ANGELES HOMELESS SERVICES AUTHORITY","CA","2021-03-29","2021-03-29210880035274",2090163
260062965,"ASST_NON_CA0861L9D002009_086","CA0861L9D002009","LOS ANGELES HOMELESS SERVICES AUTHORITY","CA","2021-03-29","2021-03-29210880035294",528641
260030803,"ASST_NON_CA0230L9T082013_086","CA0230L9T082013","COUNTY OF SANTA CRUZ","CA","2021-03-29","2021-03-29210880033347",91699
260077228,"ASST_NON_CA1256L9D092007_086","CA1256L9D092007","INLAND TEMPORARY HOMES","CA","2021-03-29","2021-03-29210880035022",557986
260031585,"ASST_NON_CA0244L9T102013_086","CA0244L9T102013","STANISLAUS REGIONAL HOUSING AUTHORITY","CA","2021-03-29","2021-03-29210880032278",186606
260039450,"ASST_NON_CA0374L9D002013_086","CA0374L9D002013","LOS ANGELES HOMELESS SERVICES AUTHORITY","CA","2021-03-29","2021-03-29210880035392",148510
260067597,"ASST_NON_CA0994L9D002007_086","CA0994L9D002007","LOS ANGELES HOMELESS SERVICES AUTHORITY","CA","2021-03-29","2021-03-29210880035286",1175008
260038576,"ASST_NON_CA0357L9D002013_086","CA0357L9D002013","ALLIANCE FOR HOUSING AND HEALING","CA","2021-03-29","2021-03-29210880035692",446653
260067585,"ASST_NON_CA0993L9D002008_086","CA0993L9D002008","LOS ANGELES HOMELESS SERVICES AUTHORITY","CA","2021-03-29","2021-03-29210880035290",468239
260038367,"ASST_NON_CA0347L9D002013_086","CA0347L9D002013","LOS ANGELES HOMELESS SERVICES AUTHORITY","CA","2021-03-29","2021-03-29210880035035",460356
260074975,"ASST_NON_CA1195L9D002007_086","CA1195L9D002007","LOS ANGELES HOMELESS SERVICES AUTHORITY","CA","2021-03-29","2021-03-29210880035278",479058
260025215,"ASST_NON_CA0160L9T042013_086","CA0160L9T042013","BUCKELEW PROGRAMS","CA","2021-03-29","2021-03-29210880032937",262217
260040316,"ASST_NON_CA0419L9D002013_086","CA0419L9D002013","LOS ANGELES HOMELESS SERVICES AUTHORITY","CA","2021-03-29","2021-03-29210880035372",190171
260092814,"ASST_NON_CA1602L9D012004_086","CA1602L9D012004","SAN DIEGO HOUSING COMMISSION","CA","2021-03-29","2021-03-29210880036214",788304
260095201,"ASST_NON_CA1697L9D012003_086","CA1697L9D012003","SBCS CORPORATION","CA","2021-03-29","2021-03-29210880035243",378522
260044520,"ASST_NON_CA0534L9D012013_086","CA0534L9D012013","SAN DIEGO HOUSING COMMISSION","CA","2021-03-29","2021-03-29210880036045",4160128
260116769,"ASST_NON_CA1760L9T142002_086","CA1760L9T142002","WESTCARE CALIFORNIA, INC.","CA","2021-03-29","2021-03-29210880031802",534169
260084114,"ASST_NON_CA1515L9D032005_086","CA1515L9D032005","GOOD SAMARITAN SHELTER","CA","2021-03-29","2021-03-29210880036170",193880
260116882,"ASST_NON_CA1798L9D032002_086","CA1798L9D032002","GOOD SAMARITAN SHELTER","CA","2021-03-29","2021-03-29210880036166",130649
260085255,"ASST_NON_CA1566L9T132004_086","CA1566L9T132004","KINGS/TULARE CONTINUUM OF CARE ON HOMELESSNESS, INC.","CA","2021-03-29","2021-03-29210880032394",169590
260080447,"ASST_NON_CA1349L9D012006_086","CA1349L9D012006","SAN DIEGO HOUSING COMMISSION","CA","2021-03-29","2021-03-29210880036025",430614
260085241,"ASST_NON_CA1562L9T102004_086","CA1562L9T102004","WE CARE PROGRAM - TURLOCK","CA","2021-03-29","2021-03-29210880033207",95596
260023874,"ASST_NON_CA0126L9T022013_086","CA0126L9T022013","LARKIN STREET YOUTH SERVICES","CA","2021-03-29","2021-03-29210880033278",422579
260117073,"ASST_NON_CA1882L9D012001_086","CA1882L9D012001","HOME START, INCORPORATED","CA","2021-03-29","2021-03-29210880035671",392397
260071821,"ASST_NON_CA1091L9T142007_086","CA1091L9T142007","WESTCARE CALIFORNIA, INC.","CA","2021-03-29","2021-03-29210880031809",514122
260081447,"ASST_NON_CA1401L9T122005_086","CA1401L9T122005","SAN MATEO, COUNTY OF","CA","2021-03-29","2021-03-29210880032364",80110
260034566,"ASST_NON_CA0286L9T152013_086","CA0286L9T152013","STAND UP PLACER, INC.","CA","2021-03-29","2021-03-29210880033170",291939
260067653,"ASST_NON_CA0999L9D012007_086","CA0999L9D012007","HOME START, INCORPORATED","CA","2021-03-29","2021-03-29210880035675",289414
260018356,"ASST_NON_CA0052L9T012013_086","CA0052L9T012013","LARKIN STREET YOUTH SERVICES","CA","2021-03-29","2021-03-29210880032411",445538
260116975,"ASST_NON_CA1833D9T032001_086","CA1833D9T032001","OPENING DOORS, INC","CA","2021-03-29","2021-03-29210880032540",687368
260075431,"ASST_NON_CA1208L9D012007_086","CA1208L9D012007","SAN DIEGO HOUSING COMMISSION","CA","2021-03-29","2021-03-29210880036041",272456
260116986,"ASST_NON_CA1839L9T062001_086","CA1839L9T062001","VETERANS TRANSITION CENTER OF CALIFORNIA","CA","2021-03-29","2021-03-29210880032826",111262
260023931,"ASST_NON_CA0132L9T032013_086","CA0132L9T032013","SACRAMENTO STEPS FORWARD","CA","2021-03-29","2021-03-29210880032729",373275
260117035,"ASST_NON_CA1866D9T222001_086","CA1866D9T222001","ARCATA HOUSE PARTNERSHIP","CA","2021-03-29","2021-03-29210880031650",72837
260057714,"ASST_NON_CA0746L9T002012_086","CA0746L9T002012","SANTA CLARA, COUNTY OF","CA","2021-03-29","2021-03-29210880031951",539853
260084662,"ASST_NON_CA1527L9T002004_086","CA1527L9T002004","SANTA CLARA, COUNTY OF","CA","2021-03-29","2021-03-29210880032550",130241
260085387,"ASST_NON_CA1598L9D012004_086","CA1598L9D012004","COMMUNITY RESOURCE CENTER","CA","2021-03-29","2021-03-29210880035916",279729
269026795,"ASST_NON_NV0109L9T012004_086","NV0109L9T012004","VOLUNTEERS OF AMERICA NORTHERN CALIFORNIA AND NORTHERN NEVADA, INC.","CA","2021-03-29","2021-03-29210880031932",103031
260117126,"ASST_NON_CA1909L9T002001_086","CA1909L9T002001","SANTA CLARA, COUNTY OF","CA","2021-03-29","2021-03-29210880032487",573590
260023965,"ASST_NON_CA0135L9T032013_086","CA0135L9T032013","SACRAMENTO STEPS FORWARD","CA","2021-03-29","2021-03-29210880032688",542634
260029369,"ASST_NON_CA0210L9T062013_086","CA0210L9T062013","VETERANS TRANSITION CENTER OF CALIFORNIA","CA","2021-03-29","2021-03-29210880032830",82555
260012286,"ASST_NON_CA0014L9T002013_086","CA0014L9T002013","SANTA CLARA, COUNTY OF","CA","2021-03-29","2021-03-29210880031959",867231
260011825,"ASST_NON_CA0003L9T002011_086","CA0003L9T002011","SANTA CLARA, COUNTY OF","CA","2021-03-29","2021-03-29210880031963",711382
260070934,"ASST_NON_CA1086L9T132008_086","CA1086L9T132008","FAMILY SERVICES OF TULARE COUNTY","CA","2021-03-29","2021-03-29210880033320",116264
260084653,"ASST_NON_CA1526L9T002003_086","CA1526L9T002003","SANTA CLARA, COUNTY OF","CA","2021-03-29","2021-03-29210880032554",577827
260116956,"ASST_NON_CA1829L9T032001_086","CA1829L9T032001","SACRAMENTO STEPS FORWARD","CA","2021-03-29","2021-03-29210880032635",402238
260018597,"ASST_NON_CA0061L9T012013_086","CA0061L9T012013","COMMUNITY HOUSING PARTNERSHIP","CA","2021-03-29","2021-03-29210880033334",158804
260116663,"ASST_NON_CA1728D9T002002_086","CA1728D9T002002","SANTA CLARA, COUNTY OF","CA","2021-03-29","2021-03-29210880032542",1189962
260084749,"ASST_NON_CA1542L9T032004_086","CA1542L9T032004","SACRAMENTO STEPS FORWARD","CA","2021-03-29","2021-03-29210880032643",3372233
260070103,"ASST_NON_CA1066L9T032006_086","CA1066L9T032006","SACRAMENTO STEPS FORWARD","CA","2021-03-29","2021-03-29210880032660",273194
260081167,"ASST_NON_CA1385L9T002005_086","CA1385L9T002005","SANTA CLARA, COUNTY OF","CA","2021-03-29","2021-03-29210880032558",2566696
260030820,"ASST_NON_CA0231L9T082013_086","CA0231L9T082013","COUNTY OF SANTA CRUZ","CA","2021-03-29","2021-03-29210880033316",990484
260084671,"ASST_NON_CA1528L9T002004_086","CA1528L9T002004","SANTA CLARA, COUNTY OF","CA","2021-03-29","2021-03-29210880032546",572104
260025109,"ASST_NON_CA0150L9T032013_086","CA0150L9T032013","SACRAMENTO STEPS FORWARD","CA","2021-03-29","2021-03-29210880032676",570536
260116669,"ASST_NON_CA1729L9T002002_086","CA1729L9T002002","SANTA CLARA, COUNTY OF","CA","2021-03-29","2021-03-29210880032491",670911
260117138,"ASST_NON_CA1911D9T002001_086","CA1911D9T002001","SANTA CLARA, COUNTY OF","CA","2021-03-29","2021-03-29210880033328",987528
260066759,"ASST_NON_CA0955L9T032007_086","CA0955L9T032007","SACRAMENTO STEPS FORWARD","CA","2021-03-29","2021-03-29210880032664",427687
260082404,"ASST_NON_CA1442L9D032005_086","CA1442L9D032005","PATH","CA","2021-03-29","2021-03-29210880035241",79444
260066717,"ASST_NON_CA0951L9T002009_086","CA0951L9T002009","SANTA CLARA, COUNTY OF","CA","2021-03-29","2021-03-29210880031943",964321
260116876,"ASST_NON_CA1796L9D032002_086","CA1796L9D032002","PATH","CA","2021-03-29","2021-03-29210880035299",126077
260067421,"ASST_NON_CA0971L9T132005_086","CA0971L9T132005","FAMILY SERVICES OF TULARE COUNTY","CA","2021-03-29","2021-03-29210880031680",150071
260045141,"ASST_NON_CA0553L9D012013_086","CA0553L9D012013","YMCA OF SAN DIEGO COUNTY","CA","2021-03-29","2021-03-29210880035800",177096
260117132,"ASST_NON_CA1910L9T002001_086","CA1910L9T002001","SANTA CLARA, COUNTY OF","CA","2021-03-29","2021-03-29210880032483",696682
260048104,"ASST_NON_CA0603L9D032013_086","CA0603L9D032013","PATH","CA","2021-03-29","2021-03-29210880035251",1040628
269025396,"ASST_NON_NV0016L9T012013_086","NV0016L9T012013","VOLUNTEERS OF AMERICA NORTHERN CALIFORNIA AND NORTHERN NEVADA, INC.","CA","2021-03-29","2021-03-29210880031936",839279
260011793,"ASST_NON_CA0001L9T002010_086","CA0001L9T002010","SANTA CLARA, COUNTY OF","CA","2021-03-29","2021-03-29210880031967",784519
260035386,"ASST_NON_CA0306L9T202011_086","CA0306L9T202011","MERCED COUNTY COMMUNITY ACTION BOARD","CA","2021-03-29","2021-03-29210880032054",82709
260061052,"ASST_NON_CA0828L9T032008_086","CA0828L9T032008","SACRAMENTO STEPS FORWARD","CA","2021-03-29","2021-03-29210880032668",491435
260116720,"ASST_NON_CA1741L9T032002_086","CA1741L9T032002","SACRAMENTO STEPS FORWARD","CA","2021-03-29","2021-03-29210880032639",910245
260047038,"ASST_NON_CA0593L9D022013_086","CA0593L9D022013","ANAHEIM SUPPORTIVE HOUSING, INC.","CA","2021-03-29","2021-03-29210880034995",160752
260081157,"ASST_NON_CA1384L9T002004_086","CA1384L9T002004","SANTA CLARA, COUNTY OF","CA","2021-03-29","2021-03-29210880032562",1308870
260061631,"ASST_NON_CA0840L9T132007_086","CA0840L9T132007","FAMILY SERVICES OF TULARE COUNTY","CA","2021-03-29","2021-03-29210880033324",70999
260116861,"ASST_NON_CA1793D9D012002_086","CA1793D9D012002","COMMUNITY RESOURCE CENTER","CA","2021-03-29","2021-03-29210880035912",379206
260067432,"ASST_NON_CA0972L9T132005_086","CA0972L9T132005","FAMILY SERVICES OF TULARE COUNTY","CA","2021-03-29","2021-03-29210880031623",46133
260116969,"ASST_NON_CA1832D9T032001_086","CA1832D9T032001","SACRAMENTO STEPS FORWARD","CA","2021-03-29","2021-03-29210880032627",286085
260079162,"ASST_NON_CA1310L9T082005_086","CA1310L9T082005","COUNTY OF SANTA CRUZ","CA","2021-03-29","2021-03-29210880033312",150308
260069636,"ASST_NON_CA1059L9T002008_086","CA1059L9T002008","SANTA CLARA, COUNTY OF","CA","2021-03-29","2021-03-29210880031939",217259
260040105,"ASST_NON_CA0401L9D002013_086","CA0401L9D002013","STEP UP ON SECOND STREET, INC.","CA","2021-03-29","2021-03-29210880035901",144410
260072309,"ASST_NON_CA1115L9D012009_086","CA1115L9D012009","PATH","CA","2021-03-29","2021-03-29210880035303",938206
260071879,"ASST_NON_CA1101L9T222008_086","CA1101L9T222008","ARCATA HOUSE PARTNERSHIP","CA","2021-03-29","2021-03-29210880031654",436370
260014214,"ASST_NON_CA0021L9T002013_086","CA0021L9T002013","SANTA CLARA, COUNTY OF","CA","2021-03-29","2021-03-29210880031955",4791531
260084175,"ASST_NON_CA1519L9D092005_086","CA1519L9D092005","STEP UP ON SECOND STREET, INC.","CA","2021-03-29","2021-03-29210880035897",2491280
260116962,"ASST_NON_CA1830L9T032001_086","CA1830L9T032001","SACRAMENTO STEPS FORWARD","CA","2021-03-29","2021-03-29210880032631",579844
260082837,"ASST_NON_CA1452L9D092005_086","CA1452L9D092005","INLAND EMPIRE UNITED WAY","CA","2021-03-29","2021-03-29210880035537",403136
260073554,"ASST_NON_CA1152L9T032009_086","CA1152L9T032009","SACRAMENTO STEPS FORWARD","CA","2021-03-29","2021-03-29210880032656",431709
260033432,"ASST_NON_CA0272L9T132008_086","CA0272L9T132008","FAMILY SERVICES OF TULARE COUNTY","CA","2021-03-29","2021-03-29210880031684",68020
260061066,"ASST_NON_CA0829L9T042009_086","CA0829L9T042009","COMMITTEE ON THE SHELTERLESS","CA","2021-03-29","2021-03-29210880032693",287899
260060988,"ASST_NON_CA0825L9T002008_086","CA0825L9T002008","SANTA CLARA, COUNTY OF","CA","2021-03-29","2021-03-29210880031947",6726403
260011809,"ASST_NON_CA0002L9T002011_086","CA0002L9T002011","SOUTH COUNTY COMMUNITY SERVICES","CA","2021-03-29","2021-03-29210880031980",539372
260024051,"ASST_NON_CA0143L9T032013_086","CA0143L9T032013","SACRAMENTO STEPS FORWARD","CA","2021-03-29","2021-03-29210880032684",452641
260024091,"ASST_NON_CA0147L9T032013_086","CA0147L9T032013","SACRAMENTO STEPS FORWARD","CA","2021-03-29","2021-03-29210880032680",318083
260079117,"ASST_NON_CA1303L9T032006_086","CA1303L9T032006","SACRAMENTO STEPS FORWARD","CA","2021-03-29","2021-03-29210880032652",3204405
260058261,"ASST_NON_CA0750L9T032012_086","CA0750L9T032012","SACRAMENTO STEPS FORWARD","CA","2021-03-29","2021-03-29210880032672",1813639
260011864,"ASST_NON_CA0007L9T002012_086","CA0007L9T002012","SOUTH COUNTY COMMUNITY SERVICES","CA","2021-03-29","2021-03-29210880031976",493013
260078324,"ASST_NON_CA1274L9T002006_086","CA1274L9T002006","SANTA CLARA, COUNTY OF","CA","2021-03-29","2021-03-29210880032566",897791
260083044,"ASST_NON_CA1469L9T032005_086","CA1469L9T032005","SACRAMENTO STEPS FORWARD","CA","2021-03-29","2021-03-29210880032648",910509
260080474,"ASST_NON_CA1352L9D022006_086","CA1352L9D022006","MERCY HOUSE LIVING CENTERS","CA","2021-03-29","2021-03-29210880035464",3297341
260078344,"ASST_NON_CA1276L9T052006_086","CA1276L9T052006","HOUSING AUTHORITY OF CONTRA COSTA COUNTY","CA","2021-03-29","2021-03-29210880031817",165824
260036998,"ASST_NON_CA0324L9D002008_086","CA0324L9D002008","HOUSING AUTHORITY OF THE CITY OF LOS ANGELES","CA","2021-03-29","2021-03-29210880035782",2077158
260061645,"ASST_NON_CA0841L9T142009_086","CA0841L9T142009","TURNING POINT OF CENTRAL CALIFORNIA INC","CA","2021-03-29","2021-03-29210880032132",722286
260071909,"ASST_NON_CA1106L9D002005_086","CA1106L9D002005","HOUSING AUTHORITY OF THE CITY OF LOS ANGELES","CA","2021-03-29","2021-03-29210880035245",232022
260041614,"ASST_NON_CA0445L9D002013_086","CA0445L9D002013","HOUSING AUTHORITY OF THE CITY OF LOS ANGELES","CA","2021-03-29","2021-03-29210880035844",421065
260042526,"ASST_NON_CA0474L9D002013_086","CA0474L9D002013","HOUSING AUTHORITY OF THE CITY OF LOS ANGELES","CA","2021-03-29","2021-03-29210880035796",1187065
260056932,"ASST_NON_CA0733L9D122013_086","CA0733L9D122013","CITY OF GLENDALE","CA","2021-03-29","2021-03-29210880036115",423713
260116816,"ASST_NON_CA1775L9T192002_086","CA1775L9T192002","BUTTE, COUNTY OF","CA","2021-03-29","2021-03-29210880032415",36241
260062973,"ASST_NON_CA0862L9D002006_086","CA0862L9D002006","HOUSING AUTHORITY OF THE CITY OF LOS ANGELES","CA","2021-03-29","2021-03-29210880035185",1222479
260056906,"ASST_NON_CA0731L9D122013_086","CA0731L9D122013","CITY OF GLENDALE","CA","2021-03-29","2021-03-29210880036119",198923
260081458,"ASST_NON_CA1403L9T132005_086","CA1403L9T132005","TURNING POINT OF CENTRAL CALIFORNIA INC","CA","2021-03-29","2021-03-29210880032116",182768
260080388,"ASST_NON_CA1341L9D002006_086","CA1341L9D002006","HOUSING AUTHORITY OF THE CITY OF LOS ANGELES","CA","2021-03-29","2021-03-29210880035973",14050649
260077216,"ASST_NON_CA1255L9T142006_086","CA1255L9T142006","TURNING POINT OF CENTRAL CALIFORNIA INC","CA","2021-03-29","2021-03-29210880032128",198313
260060206,"ASST_NON_CA0797L9D002012_086","CA0797L9D002012","HOUSING AUTHORITY OF THE CITY OF LOS ANGELES","CA","2021-03-29","2021-03-29210880035215",2855264
260079192,"ASST_NON_CA1317L9T132005_086","CA1317L9T132005","TURNING POINT OF CENTRAL CALIFORNIA INC","CA","2021-03-29","2021-03-29210880032124",293486
260083394,"ASST_NON_CA1492L9D002005_086","CA1492L9D002005","HOUSING AUTHORITY OF THE CITY OF LOS ANGELES","CA","2021-03-29","2021-03-29210880035961",1882786
260040908,"ASST_NON_CA0438L9D002013_086","CA0438L9D002013","HOUSING AUTHORITY OF THE CITY OF LOS ANGELES","CA","2021-03-29","2021-03-29210880035852",388172
260064640,"ASST_NON_CA0923L9D002011_086","CA0923L9D002011","HOUSING AUTHORITY OF THE CITY OF LOS ANGELES","CA","2021-03-29","2021-03-29210880035165",466268
260072278,"ASST_NON_CA1110L9D002005_086","CA1110L9D002005","HOUSING AUTHORITY OF THE CITY OF LOS ANGELES","CA","2021-03-29","2021-03-29210880035236",412887
260068964,"ASST_NON_CA1049L9D002010_086","CA1049L9D002010","HOUSING AUTHORITY OF THE CITY OF LOS ANGELES","CA","2021-03-29","2021-03-29210880035626",648793
260072291,"ASST_NON_CA1112L9D002005_086","CA1112L9D002005","HOUSING AUTHORITY OF THE CITY OF LOS ANGELES","CA","2021-03-29","2021-03-29210880035232",379856
260043598,"ASST_NON_CA0519L9D002013_086","CA0519L9D002013","HOUSING AUTHORITY OF THE CITY OF LOS ANGELES","CA","2021-03-29","2021-03-29210880035792",811066
260117097,"ASST_NON_CA1888L9D022001_086","CA1888L9D022001","MERCY HOUSE LIVING CENTERS","CA","2021-03-29","2021-03-29210880035456",292976
260040697,"ASST_NON_CA0420L9D002013_086","CA0420L9D002013","HOUSING AUTHORITY OF THE CITY OF LOS ANGELES","CA","2021-03-29","2021-03-29210880035856",288089
260092744,"ASST_NON_CA1601L9D012004_086","CA1601L9D012004","INTERFAITH COMMUNITY SERVICES, INC","CA","2021-03-29","2021-03-29210880035821",590029
260067633,"ASST_NON_CA0997L9D002005_086","CA0997L9D002005","HOUSING AUTHORITY OF THE CITY OF LOS ANGELES","CA","2021-03-29","2021-03-29210880035943",371230
260039642,"ASST_NON_CA0391L9D002013_086","CA0391L9D002013","HOUSING AUTHORITY OF THE CITY OF LOS ANGELES","CA","2021-03-29","2021-03-29210880035762",359055
260059583,"ASST_NON_CA0773L9T142012_086","CA0773L9T142012","TURNING POINT OF CENTRAL CALIFORNIA INC","CA","2021-03-29","2021-03-29210880032136",482414
260076316,"ASST_NON_CA1220L9D002008_086","CA1220L9D002008","HOUSING AUTHORITY OF THE CITY OF LOS ANGELES","CA","2021-03-29","2021-03-29210880035993",569972
260076339,"ASST_NON_CA1224L9D002008_086","CA1224L9D002008","HOUSING AUTHORITY OF THE CITY OF LOS ANGELES","CA","2021-03-29","2021-03-29210880035989",218700
260056136,"ASST_NON_CA0728L9D122013_086","CA0728L9D122013","CITY OF GLENDALE","CA","2021-03-29","2021-03-29210880036123",88577
260067623,"ASST_NON_CA0996L9D002006_086","CA0996L9D002006","HOUSING AUTHORITY OF THE CITY OF LOS ANGELES","CA","2021-03-29","2021-03-29210880035947",776098
260040145,"ASST_NON_CA0405L9D002013_086","CA0405L9D002013","HOUSING AUTHORITY OF THE CITY OF LOS ANGELES","CA","2021-03-29","2021-03-29210880035869",5757605
260064447,"ASST_NON_CA0916L9D002011_086","CA0916L9D002011","HOUSING AUTHORITY OF THE CITY OF LOS ANGELES","CA","2021-03-29","2021-03-29210880035181",751599
260067614,"ASST_NON_CA0995L9D002005_086","CA0995L9D002005","HOUSING AUTHORITY OF THE CITY OF LOS ANGELES","CA","2021-03-29","2021-03-29210880035951",985510
260042368,"ASST_NON_CA0460L9D002013_086","CA0460L9D002013","THE PEOPLE CONCERN","CA","2021-03-29","2021-03-29210880036001",108838
260064462,"ASST_NON_CA0917L9D002011_086","CA0917L9D002011","HOUSING AUTHORITY OF THE CITY OF LOS ANGELES","CA","2021-03-29","2021-03-29210880035177",520985
260040186,"ASST_NON_CA0408L9D002013_086","CA0408L9D002013","HOUSING AUTHORITY OF THE CITY OF LOS ANGELES","CA","2021-03-29","2021-03-29210880035861",292342
260083475,"ASST_NON_CA1499L9D002005_086","CA1499L9D002005","CITY OF BUBANK","CA","2021-03-29","2021-03-29210880035687",569204
260093088,"ASST_NON_CA1622L9D122004_086","CA1622L9D122004","CITY OF GLENDALE","CA","2021-03-29","2021-03-29210880036103",115776
260043581,"ASST_NON_CA0518L9D002013_086","CA0518L9D002013","UPWARD BOUND HOUSE","CA","2021-03-29","2021-03-29210880034951",286785
260069555,"ASST_NON_CA1050L9D002010_086","CA1050L9D002010","HOUSING AUTHORITY OF THE CITY OF LOS ANGELES","CA","2021-03-29","2021-03-29210880035622",830327
260078298,"ASST_NON_CA1271L9D122007_086","CA1271L9D122007","CITY OF GLENDALE","CA","2021-03-29","2021-03-29210880036111",248997
260081820,"ASST_NON_CA1438L9D012005_086","CA1438L9D012005","CATHOLIC CHARITIES, DIOCESE OF SAN DIEGO","CA","2021-03-29","2021-03-29210880036145",158059
260042416,"ASST_NON_CA0464L9D002013_086","CA0464L9D002013","HOUSING AUTHORITY OF THE CITY OF LOS ANGELES","CA","2021-03-29","2021-03-29210880035840",3010590
260039698,"ASST_NON_CA0395L9D002013_086","CA0395L9D002013","HOUSING AUTHORITY OF THE CITY OF LOS ANGELES","CA","2021-03-29","2021-03-29210880035873",1851854
260116804,"ASST_NON_CA1770D9T182002_086","CA1770D9T182002","COMMUNITY ACTION PARTNERSHIP OF SOLANO JPA","CA","2021-03-29","2021-03-29210880032423",84718
260080463,"ASST_NON_CA1351L9D022006_086","CA1351L9D022006","MERCY HOUSE LIVING CENTERS","CA","2021-03-29","2021-03-29210880035468",574790
260077205,"ASST_NON_CA1253L9D012007_086","CA1253L9D012007","INTERFAITH COMMUNITY SERVICES, INC","CA","2021-03-29","2021-03-29210880035825",304440
260042509,"ASST_NON_CA0473L9D002013_086","CA0473L9D002013","HOUSING AUTHORITY OF THE CITY OF LOS ANGELES","CA","2021-03-29","2021-03-29210880035809",2377944
260035354,"ASST_NON_CA0303L9T192013_086","CA0303L9T192013","BUTTE, COUNTY OF","CA","2021-03-29","2021-03-29210880032419",107000
260073569,"ASST_NON_CA1155L9T052009_086","CA1155L9T052009","HOUSING AUTHORITY OF CONTRA COSTA COUNTY","CA","2021-03-29","2021-03-29210880031825",120471
260044600,"ASST_NON_CA0539L9D012013_086","CA0539L9D012013","CATHOLIC CHARITIES, DIOCESE OF SAN DIEGO","CA","2021-03-29","2021-03-29210880036202",33277
260039676,"ASST_NON_CA0393L9D002013_086","CA0393L9D002013","HOUSING AUTHORITY OF THE CITY OF LOS ANGELES","CA","2021-03-29","2021-03-29210880035877",273548
260065860,"ASST_NON_CA0944L9D012011_086","CA0944L9D012011","INTERFAITH COMMUNITY SERVICES, INC","CA","2021-03-29","2021-03-29210880035829",106313
260080366,"ASST_NON_CA1339L9D002006_086","CA1339L9D002006","HOUSING AUTHORITY OF THE CITY OF LOS ANGELES","CA","2021-03-29","2021-03-29210880035981",1086886
260083384,"ASST_NON_CA1491L9D002005_086","CA1491L9D002005","HOUSING AUTHORITY OF THE CITY OF LOS ANGELES","CA","2021-03-29","2021-03-29210880035965",1033974
260084104,"ASST_NON_CA1514L9D022005_086","CA1514L9D022005","MERCY HOUSE LIVING CENTERS","CA","2021-03-29","2021-03-29210880035460",2298858
260039659,"ASST_NON_CA0392L9D002013_086","CA0392L9D002013","HOUSING AUTHORITY OF THE CITY OF LOS ANGELES","CA","2021-03-29","2021-03-29210880035758",175901
260037045,"ASST_NON_CA0329L9D002007_086","CA0329L9D002007","HOUSING AUTHORITY OF THE CITY OF LOS ANGELES","CA","2021-03-29","2021-03-29210880035774",892665
260075878,"ASST_NON_CA1217L9D002008_086","CA1217L9D002008","HOUSING AUTHORITY OF THE CITY OF LOS ANGELES","CA","2021-03-29","2021-03-29210880035228",1710132
260079688,"ASST_NON_CA1320L9T142006_086","CA1320L9T142006","TURNING POINT OF CENTRAL CALIFORNIA INC","CA","2021-03-29","2021-03-29210880032120",934070
260083214,"ASST_NON_CA1479L9T132005_086","CA1479L9T132005","CENTRAL CALIFORNIA FAMILY CRISIS CENTER, INC.","CA","2021-03-29","2021-03-29210880032772",173079
260056013,"ASST_NON_CA0724L9D122013_086","CA0724L9D122013","CITY OF GLENDALE","CA","2021-03-29","2021-03-29210880036127",876012
260085366,"ASST_NON_CA1595L9D002004_086","CA1595L9D002004","HOUSING AUTHORITY OF THE CITY OF LOS ANGELES","CA","2021-03-29","2021-03-29210880036008",716501
260060138,"ASST_NON_CA0783L9D002012_086","CA0783L9D002012","HOUSING AUTHORITY OF THE CITY OF LOS ANGELES","CA","2021-03-29","2021-03-29210880035223",390400
260037036,"ASST_NON_CA0328L9D002007_086","CA0328L9D002007","HOUSING AUTHORITY OF THE CITY OF LOS ANGELES","CA","2021-03-29","2021-03-29210880035778",92540
260095160,"ASST_NON_CA1689L9D002003_086","CA1689L9D002003","HOUSING AUTHORITY OF THE CITY OF LOS ANGELES","CA","2021-03-29","2021-03-29210880036004",1570709
260040169,"ASST_NON_CA0407L9D002013_086","CA0407L9D002013","HOUSING AUTHORITY OF THE CITY OF LOS ANGELES","CA","2021-03-29","2021-03-29210880035865",203940
260083376,"ASST_NON_CA1490L9D002005_086","CA1490L9D002005","HOUSING AUTHORITY OF THE CITY OF LOS ANGELES","CA","2021-03-29","2021-03-29210880035969",1400588
260037546,"ASST_NON_CA0335L9D002013_086","CA0335L9D002013","HOUSING AUTHORITY OF THE CITY OF LOS ANGELES","CA","2021-03-29","2021-03-29210880035770",177998
260072830,"ASST_NON_CA1120L9D022008_086","CA1120L9D022008","MERCY HOUSE LIVING CENTERS","CA","2021-03-29","2021-03-29210880034978",539006
260080377,"ASST_NON_CA1340L9D002006_086","CA1340L9D002006","HOUSING AUTHORITY OF THE CITY OF LOS ANGELES","CA","2021-03-29","2021-03-29210880035977",463562
260041597,"ASST_NON_CA0444L9D002013_086","CA0444L9D002013","HOUSING AUTHORITY OF THE CITY OF LOS ANGELES","CA","2021-03-29","2021-03-29210880035848",667128
260095185,"ASST_NON_CA1693L9D012003_086","CA1693L9D012003","INTERFAITH COMMUNITY SERVICES, INC","CA","2021-03-29","2021-03-29210880035817",230536
260064617,"ASST_NON_CA0920L9D002011_086","CA0920L9D002011","HOUSING AUTHORITY OF THE CITY OF LOS ANGELES","CA","2021-03-29","2021-03-29210880035173",3294513
260037563,"ASST_NON_CA0336L9D002013_086","CA0336L9D002013","HOUSING AUTHORITY OF THE CITY OF LOS ANGELES","CA","2021-03-29","2021-03-29210880035766",1891210
260060269,"ASST_NON_CA0799L9D002012_086","CA0799L9D002012","HOUSING AUTHORITY OF THE CITY OF LOS ANGELES","CA","2021-03-29","2021-03-29210880035189",594799
260064259,"ASST_NON_CA0892L9T052011_086","CA0892L9T052011","HOUSING AUTHORITY OF CONTRA COSTA COUNTY","CA","2021-03-29","2021-03-29210880031829",96468
260085357,"ASST_NON_CA1594L9D002004_086","CA1594L9D002004","HOUSING AUTHORITY OF THE CITY OF LOS ANGELES","CA","2021-03-29","2021-03-29210880036012",415757
260069569,"ASST_NON_CA1051L9D002010_086","CA1051L9D002010","HOUSING AUTHORITY OF THE CITY OF LOS ANGELES","CA","2021-03-29","2021-03-29210880035618",603837
260083342,"ASST_NON_CA1484L9T182005_086","CA1484L9T182005","COMMUNITY ACTION PARTNERSHIP OF SOLANO JPA","CA","2021-03-29","2021-03-29210880032427",219614
260084004,"ASST_NON_CA1500L9D002005_086","CA1500L9D002005","HOUSING AUTHORITY OF THE CITY OF LOS ANGELES","CA","2021-03-29","2021-03-29210880035957",240152
260080351,"ASST_NON_CA1337L9D002006_086","CA1337L9D002006","HOUSING AUTHORITY OF THE CITY OF LOS ANGELES","CA","2021-03-29","2021-03-29210880035985",2254588
260032382,"ASST_NON_CA0250L9T112012_086","CA0250L9T112012","SAN JOAQUIN COUNTY - HUMAN SERVICES AGENCY","CA","2021-03-29","2021-03-29210880032867",367790
260061582,"ASST_NON_CA0835L9T112006_086","CA0835L9T112006","SAN JOAQUIN COUNTY - HUMAN SERVICES AGENCY","CA","2021-03-29","2021-03-29210880032847",322684
260032417,"ASST_NON_CA0252L9T112012_086","CA0252L9T112012","SAN JOAQUIN COUNTY - HUMAN SERVICES AGENCY","CA","2021-03-29","2021-03-29210880032859",474389
260031688,"ASST_NON_CA0248L9T112011_086","CA0248L9T112011","SAN JOAQUIN COUNTY - HUMAN SERVICES AGENCY","CA","2021-03-29","2021-03-29210880032932",98540
260032397,"ASST_NON_CA0251L9T112011_086","CA0251L9T112011","SAN JOAQUIN COUNTY - HUMAN SERVICES AGENCY","CA","2021-03-29","2021-03-29210880032863",179374
260064333,"ASST_NON_CA0902L9T112011_086","CA0902L9T112011","SAN JOAQUIN COUNTY - HUMAN SERVICES AGENCY","CA","2021-03-29","2021-03-29210880032843",1040337
260058753,"ASST_NON_CA0763L9T112010_086","CA0763L9T112010","SAN JOAQUIN COUNTY - HUMAN SERVICES AGENCY","CA","2021-03-29","2021-03-29210880032851",189411
260032434,"ASST_NON_CA0253L9T112013_086","CA0253L9T112013","SAN JOAQUIN COUNTY - HUMAN SERVICES AGENCY","CA","2021-03-29","2021-03-29210880032855",3070967
260065944,"ASST_NON_CA0948L9D122011_086","CA0948L9D122011","CITY OF GLENDALE","CA","2021-03-29","2021-03-29210880035996",88382
260082849,"ASST_NON_CA1455L9D122005_086","CA1455L9D122005","CITY OF GLENDALE","CA","2021-03-29","2021-03-29210880036107",620951
260078333,"ASST_NON_CA1275L9T052005_086","CA1275L9T052005","HOUSING AUTHORITY OF CONTRA COSTA COUNTY","CA","2021-03-29","2021-03-29210880031821",7136511
260060253,"ASST_NON_CA0798L9D002012_086","CA0798L9D002012","HOUSING AUTHORITY OF THE CITY OF LOS ANGELES","CA","2021-03-29","2021-03-29210880035193",1033245
260080316,"ASST_NON_CA1332L9T262005_086","CA1332L9T262005","AMADOR TUOLUMNE COMMUNITY ACTION AGENCY","CA","2021-03-29","2021-03-29210880032912",39279
260063585,"ASST_NON_CA0878L9D092006_086","CA0878L9D092006","HOUSING AUTHORITY OF THE COUNTY OF SAN BERNARDINO","CA","2021-03-29","2021-03-29210880035132",211782
260085331,"ASST_NON_CA1587L9T262004_086","CA1587L9T262004","AMADOR TUOLUMNE COMMUNITY ACTION AGENCY","CA","2021-03-29","2021-03-29210880032908",50000
260067564,"ASST_NON_CA0989L9T262008_086","CA0989L9T262008","AMADOR TUOLUMNE COMMUNITY ACTION AGENCY","CA","2021-03-29","2021-03-29210880032916",21120
260020941,"ASST_NON_CA0085L9T022013_086","CA0085L9T022013","ALAMEDA COUNTY HOUSING & COMMUNITY DEVELOPMENT","CA","2021-03-29","2021-03-29210880031546",7416539
260073540,"ASST_NON_CA1151L9T022009_086","CA1151L9T022009","ALAMEDA COUNTY HOUSING & COMMUNITY DEVELOPMENT","CA","2021-03-29","2021-03-29210880031478",3467036
260079098,"ASST_NON_CA1298L9T022006_086","CA1298L9T022006","ALAMEDA COUNTY HOUSING & COMMUNITY DEVELOPMENT","CA","2021-03-29","2021-03-29210880031474",746928
260083187,"ASST_NON_CA1473L9T072005_086","CA1473L9T072005","HOMEWARD BOUND OF MARIN","CA","2021-03-29","2021-03-29210880032526",504227
260020924,"ASST_NON_CA0084L9T022013_086","CA0084L9T022013","ALAMEDA COUNTY HOUSING & COMMUNITY DEVELOPMENT","CA","2021-03-29","2021-03-29210880031550",1438460
260029524,"ASST_NON_CA0218L9T072013_086","CA0218L9T072013","HOMEWARD BOUND OF MARIN","CA","2021-03-29","2021-03-29210880032534",462573
260046273,"ASST_NON_CA0575L9D022013_086","CA0575L9D022013","PEOPLE FOR IRVINE COMMUNITY HEALTH","CA","2021-03-29","2021-03-29210880035472",650575
260078433,"ASST_NON_CA1283L9T122004_086","CA1283L9T122004","HOUSING AUTHORITY OF COUNTY OF SAN M","CA","2021-03-29","2021-03-29210880032695",349417
260021837,"ASST_NON_CA0094L9T022013_086","CA0094L9T022013","ALAMEDA COUNTY HOUSING & COMMUNITY DEVELOPMENT","CA","2021-03-29","2021-03-29210880031538",81320
260022989,"ASST_NON_CA0119L9T022013_086","CA0119L9T022013","ALAMEDA COUNTY HOUSING & COMMUNITY DEVELOPMENT","CA","2021-03-29","2021-03-29210880031490",411055
260048666,"ASST_NON_CA0611L9D112013_086","CA0611L9D112013","MANY MANSIONS, A CALIFORNIA NONPROFIT CORPORATION","CA","2021-03-29","2021-03-29210880035888",132484
260020968,"ASST_NON_CA0087L9T022013_086","CA0087L9T022013","ALAMEDA COUNTY HOUSING & COMMUNITY DEVELOPMENT","CA","2021-03-29","2021-03-29210880031542",1111092
260076331,"ASST_NON_CA1223L9D092008_086","CA1223L9D092008","HOUSING AUTHORITY OF THE COUNTY OF SAN BERNARDINO","CA","2021-03-29","2021-03-29210880035000",2259348
260085340,"ASST_NON_CA1588L9T262004_086","CA1588L9T262004","AMADOR TUOLUMNE COMMUNITY ACTION AGENCY","CA","2021-03-29","2021-03-29210880032904",65468
260048791,"ASST_NON_CA0619L9D112013_086","CA0619L9D112013","TURNING POINT FOUNDATION","CA","2021-03-29","2021-03-29210880035728",32453
260067782,"ASST_NON_CA1018L9D092005_086","CA1018L9D092005","HOUSING AUTHORITY OF THE COUNTY OF SAN BERNARDINO","CA","2021-03-29","2021-03-29210880035115",171542
260066903,"ASST_NON_CA0968L9T122005_086","CA0968L9T122005","HOUSING AUTHORITY OF COUNTY OF SAN M","CA","2021-03-29","2021-03-29210880032699",5115859
260076623,"ASST_NON_CA1239L9D112007_086","CA1239L9D112007","TURNING POINT FOUNDATION","CA","2021-03-29","2021-03-29210880035720",35837
260072943,"ASST_NON_CA1140L9D092005_086","CA1140L9D092005","HOUSING AUTHORITY OF THE COUNTY OF SAN BERNARDINO","CA","2021-03-29","2021-03-29210880035031",225053
260083034,"ASST_NON_CA1468L9T022005_086","CA1468L9T022005","ALAMEDA COUNTY HOUSING & COMMUNITY DEVELOPMENT","CA","2021-03-29","2021-03-29210880031470",1014116
260063570,"ASST_NON_CA0876L9D092006_086","CA0876L9D092006","HOUSING AUTHORITY OF THE COUNTY OF SAN BERNARDINO","CA","2021-03-29","2021-03-29210880035136",409692
260057727,"ASST_NON_CA0747L9T022012_086","CA0747L9T022012","ALAMEDA COUNTY HOUSING & COMMUNITY DEVELOPMENT","CA","2021-03-29","2021-03-29210880031482",693348
260048709,"ASST_NON_CA0615L9D112013_086","CA0615L9D112013","TURNING POINT FOUNDATION","CA","2021-03-29","2021-03-29210880035732",168977
260022278,"ASST_NON_CA0102L9T022013_086","CA0102L9T022013","ALAMEDA COUNTY HOUSING & COMMUNITY DEVELOPMENT","CA","2021-03-29","2021-03-29210880031526",322533
260032656,"ASST_NON_CA0265L9T122013_086","CA0265L9T122013","HOUSING AUTHORITY OF COUNTY OF SAN M","CA","2021-03-29","2021-03-29210880032536",1735878
260079170,"ASST_NON_CA1312L9T122006_086","CA1312L9T122006","HOUSING AUTHORITY OF COUNTY OF SAN M","CA","2021-03-29","2021-03-29210880032607",4560849
260060937,"ASST_NON_CA0816L9D092012_086","CA0816L9D092012","HOUSING AUTHORITY OF THE COUNTY OF SAN BERNARDINO","CA","2021-03-29","2021-03-29210880035140",401771
260084735,"ASST_NON_CA1539L9T022004_086","CA1539L9T022004","ALAMEDA COUNTY HOUSING & COMMUNITY DEVELOPMENT","CA","2021-03-29","2021-03-29210880031466",1038171
260022261,"ASST_NON_CA0101L9T022013_086","CA0101L9T022013","ALAMEDA COUNTY HOUSING & COMMUNITY DEVELOPMENT","CA","2021-03-29","2021-03-29210880031534",391907
260022658,"ASST_NON_CA0110L9T022013_086","CA0110L9T022013","ALAMEDA COUNTY HOUSING & COMMUNITY DEVELOPMENT","CA","2021-03-29","2021-03-29210880031498",160183
260030855,"ASST_NON_CA0234L9T082013_086","CA0234L9T082013","HOUSING AUTHORITY OF THE COUNTY OF SANTA CRUZ","CA","2021-03-29","2021-03-29210880031666",1141378
260023857,"ASST_NON_CA0125L9T022013_086","CA0125L9T022013","ALAMEDA COUNTY HOUSING & COMMUNITY DEVELOPMENT","CA","2021-03-29","2021-03-29210880031486",42973
260048688,"ASST_NON_CA0613L9D112013_086","CA0613L9D112013","MANY MANSIONS, A CALIFORNIA NONPROFIT CORPORATION","CA","2021-03-29","2021-03-29210880035884",173175
260072922,"ASST_NON_CA1138L9D092005_086","CA1138L9D092005","HOUSING AUTHORITY OF THE COUNTY OF SAN BERNARDINO","CA","2021-03-29","2021-03-29210880035111",464171
260022953,"ASST_NON_CA0118L9T022013_086","CA0118L9T022013","ALAMEDA COUNTY HOUSING & COMMUNITY DEVELOPMENT","CA","2021-03-29","2021-03-29210880031494",1452474
260084632,"ASST_NON_CA1520L9D112005_086","CA1520L9D112005","TURNING POINT FOUNDATION","CA","2021-03-29","2021-03-29210880035716",149200
260063599,"ASST_NON_CA0879L9D092009_086","CA0879L9D092009","NEW HOPE VILLAGE, INC.","CA","2021-03-29","2021-03-29210880034947",43643
260079140,"ASST_NON_CA1307L9T072006_086","CA1307L9T072006","HOMEWARD BOUND OF MARIN","CA","2021-03-29","2021-03-29210880032530",769848
260058769,"ASST_NON_CA0764L9T122012_086","CA0764L9T122012","HOUSING AUTHORITY OF COUNTY OF SAN M","CA","2021-03-29","2021-03-29210880032520",320299
260020907,"ASST_NON_CA0083L9T022013_086","CA0083L9T022013","ALAMEDA COUNTY HOUSING & COMMUNITY DEVELOPMENT","CA","2021-03-29","2021-03-29210880031554",506392
260055989,"ASST_NON_CA0721L9D112013_086","CA0721L9D112013","TURNING POINT FOUNDATION","CA","2021-03-29","2021-03-29210880035724",41606
266915502,"ASST_NON_GA0402L4B002001_086","GA0402L4B002001","STEP UP ON SECOND STREET, INC.","CA","2021-04-05","2021-04-05210950016088",405288
260093222,"ASST_NON_CA1633L9T131701_086","CA1633L9T131701","KINGS COMMUNITY ACTION ORGANIZATION, INCORPORATED","CA","2021-04-07","2021-04-07210970126722",-9881.88
260079245,"ASST_NON_CA1318L9T131703_086","CA1318L9T131703","KINGS COMMUNITY ACTION ORGANIZATION, INCORPORATED","CA","2021-04-07","2021-04-07210970126661",-30567.13
260074443,"ASST_NON_CA1183L9T131704_086","CA1183L9T131704","KINGS COMMUNITY ACTION ORGANIZATION, INCORPORATED","CA","2021-04-07","2021-04-07210970126667",-16261.47
260036967,"ASST_NON_CA0320L9T261808_086","CA0320L9T261808","SIERRA HOPE","CA","2021-04-07","2021-04-07210970126852",-18860
260084821,"ASST_NON_CA1551L9T071802_086","CA1551L9T071802","HOUSING AUTHORITY OF THE COUNTY OF MARIN","CA","2021-04-07","2021-04-07210970126846",-34271.95
260058317,"ASST_NON_CA0756L9T071810_086","CA0756L9T071810","HOUSING AUTHORITY OF THE COUNTY OF MARIN","CA","2021-04-07","2021-04-07210970126858",-2222.36
260030277,"ASST_NON_CA0221L9T071811_086","CA0221L9T071811","HOUSING AUTHORITY OF THE COUNTY OF MARIN","CA","2021-04-07","2021-04-07210970126882",-56100.91
260061568,"ASST_NON_CA0833L9T101705_086","CA0833L9T101705","COMMUNITY HOUSING AND SHELTER SERVICES OF STANISLAUS COUNTY","CA","2021-04-07","2021-04-07210970126691",-51403.59
260061567,"ASST_NON_CA0833L9T101604_086","CA0833L9T101604","COMMUNITY HOUSING AND SHELTER SERVICES OF STANISLAUS COUNTY","CA","2021-04-07","2021-04-07210970126503",-58437.76
260078442,"ASST_NON_CA1284L9T121804_086","CA1284L9T121804","LIFEMOVES","CA","2021-04-07","2021-04-07210970126877",-5002
260064346,"ASST_NON_CA0903L9T121809_086","CA0903L9T121809","LIFEMOVES","CA","2021-04-07","2021-04-07210970126870",-12189
260031551,"ASST_NON_CA0241L9T101605_086","CA0241L9T101605","TURNING POINT COMMUNITY PROGRAMS","CA","2021-04-07","2021-04-07210970126526",-70427.14
260032652,"ASST_NON_CA0265L9T121609_086","CA0265L9T121609","HOUSING AUTHORITY OF COUNTY OF SAN M","CA","2021-04-07","2021-04-07210970126532",-82539.91
260077856,"ASST_NON_CA1267L9T071704_086","CA1267L9T071704","HOMEWARD BOUND OF MARIN","CA","2021-04-07","2021-04-07210970126673",-44288.8
260058767,"ASST_NON_CA0764L9T121810_086","CA0764L9T121810","HOUSING AUTHORITY OF COUNTY OF SAN M","CA","2021-04-07","2021-04-07210970126864",-18697.97
260083184,"ASST_NON_CA1473L9T071702_086","CA1473L9T071702","HOMEWARD BOUND OF MARIN","CA","2021-04-07","2021-04-07210970126710",-2453.89
260085248,"ASST_NON_CA1564L9T121701_086","CA1564L9T121701","HOUSING AUTHORITY OF COUNTY OF SAN M","CA","2021-04-07","2021-04-07210970126704",-114173.66
260079167,"ASST_NON_CA1312L9T121703_086","CA1312L9T121703","HOUSING AUTHORITY OF COUNTY OF SAN M","CA","2021-04-07","2021-04-07210970126655",-623747.61
260029386,"ASST_NON_CA0212L9T071708_086","CA0212L9T071708","HOMEWARD BOUND OF MARIN","CA","2021-04-07","2021-04-07210970126726",-2537.4
260083205,"ASST_NON_CA1477L9T121701_086","CA1477L9T121701","HOUSING AUTHORITY OF COUNTY OF SAN M","CA","2021-04-07","2021-04-07210970126716",-189201.78
260032676,"ASST_NON_CA0267L9T121710_086","CA0267L9T121710","HOUSING AUTHORITY OF COUNTY OF SAN M","CA","2021-04-07","2021-04-07210970126697",-312795.25
260078430,"ASST_NON_CA1283L9T121601_086","CA1283L9T121601","HOUSING AUTHORITY OF COUNTY OF SAN M","CA","2021-04-07","2021-04-07210970126516",-109870.86
260032653,"ASST_NON_CA0265L9T121710_086","CA0265L9T121710","HOUSING AUTHORITY OF COUNTY OF SAN M","CA","2021-04-07","2021-04-07210970126678",-455247.24
260032666,"ASST_NON_CA0266L9T121710_086","CA0266L9T121710","HOUSING AUTHORITY OF COUNTY OF SAN M","CA","2021-04-07","2021-04-07210970126684",-813849.35
260032675,"ASST_NON_CA0267L9T121609_086","CA0267L9T121609","HOUSING AUTHORITY OF COUNTY OF SAN M","CA","2021-04-07","2021-04-07210970126538",-80868.67
260085247,"ASST_NON_CA1564L9T121600_086","CA1564L9T121600","HOUSING AUTHORITY OF COUNTY OF SAN M","CA","2021-04-07","2021-04-07210970126496",-100034.5
260032665,"ASST_NON_CA0266L9T121609_086","CA0266L9T121609","HOUSING AUTHORITY OF COUNTY OF SAN M","CA","2021-04-07","2021-04-07210970126520",-123850.6
260079166,"ASST_NON_CA1312L9T121602_086","CA1312L9T121602","HOUSING AUTHORITY OF COUNTY OF SAN M","CA","2021-04-07","2021-04-07210970126510",-133944.57
260076362,"ASST_NON_CA1229L9T182007_086","CA1229L9T182007","CHANGE AND NEW BEGINNINGS","CA","2021-04-14","2021-04-14211040029286",133467
260116644,"ASST_NON_CA1722Y9T082002_086","CA1722Y9T082002","COVENANT HOUSE CALIFORNIA","CA","2021-04-14","2021-04-14211040029282",192753
260117041,"ASST_NON_CA1868L9T231900_086","CA1868L9T231900","GLENN COUNTY HEALTH AND HUMAN SERVICES AGENCY","CA","2021-04-19","2021-04-19211090025334",6689
260117167,"ASST_NON_CA1929L9T132000_086","CA1929L9T132000","KINGS/TULARE CONTINUUM OF CARE ON HOMELESSNESS, INC.","CA","2021-04-19","2021-04-19211090025338",74507
260117183,"ASST_NON_CA1945L9T312000_086","CA1945L9T312000","HOMELESS RESOURCE COUNCIL OF THE SIERRAS","CA","2021-04-27","2021-04-27211170076242",9620
260116942,"ASST_NON_CA1826D9T011900_086","CA1826D9T011900","CITY & COUNTY OF SAN FRANCISCO","CA","2021-05-05","2021-05-05211250041381",1354014
266915501,"ASST_NON_GA0402L4B001900_086","GA0402L4B001900","STEP UP ON SECOND STREET, INC.","CA","2021-05-05","2021-05-05211250016026",359237
260117154,"ASST_NON_CA1916L9T002000_086","CA1916L9T002000","SANTA CLARA, COUNTY OF","CA","2021-05-06","2021-05-06211260033306",862319
260117169,"ASST_NON_CA1931L9T152000_086","CA1931L9T152000","HOMELESS RESOURCE COUNCIL OF THE SIERRAS","CA","2021-05-11","2021-05-11211310031252",33301
260078348,"ASST_NON_CA1277L9T051401_086","CA1277L9T051401","SHELTER, INC.","CA","2021-05-20","2021-05-20211400027674",-80547
260018415,"ASST_NON_CA0057L9T011407_086","CA0057L9T011407","CITY & COUNTY OF SAN FRANCISCO","CA","2021-05-20","2021-05-20211400027758",-2912.85
260073636,"ASST_NON_CA1168L9T011402_086","CA1168L9T011402","CITY & COUNTY OF SAN FRANCISCO","CA","2021-05-20","2021-05-20211400027742",-60159.1
260079084,"ASST_NON_CA1296L9T011400_086","CA1296L9T011400","CITY & COUNTY OF SAN FRANCISCO","CA","2021-05-20","2021-05-20211400027656",-831363.48
260076555,"ASST_NON_CA1236L9T011401_086","CA1236L9T011401","CITY & COUNTY OF SAN FRANCISCO","CA","2021-05-20","2021-05-20211400027662",-94996.59
260079076,"ASST_NON_CA1295L9T011400_086","CA1295L9T011400","CITY & COUNTY OF SAN FRANCISCO","CA","2021-05-20","2021-05-20211400027650",-63769.31
260018758,"ASST_NON_CA0068L9T011407_086","CA0068L9T011407","CITY & COUNTY OF SAN FRANCISCO","CA","2021-05-20","2021-05-20211400027764",-114.79
260018336,"ASST_NON_CA0051L9T011406_086","CA0051L9T011406","CITY & COUNTY OF SAN FRANCISCO","CA","2021-05-20","2021-05-20211400027752",-246707.72
260016860,"ASST_NON_CA0042L9T011407_086","CA0042L9T011407","CITY & COUNTY OF SAN FRANCISCO","CA","2021-05-20","2021-05-20211400027848",-332065.01
260063645,"ASST_NON_CA0889L9T011404_086","CA0889L9T011404","CITY & COUNTY OF SAN FRANCISCO","CA","2021-05-20","2021-05-20211400027718",-114955.96
260019665,"ASST_NON_CA0073L9T011407_086","CA0073L9T011407","CITY & COUNTY OF SAN FRANCISCO","CA","2021-05-20","2021-05-20211400027770",-575704.83
260076557,"ASST_NON_CA1237L9T011401_086","CA1237L9T011401","CITY & COUNTY OF SAN FRANCISCO","CA","2021-05-20","2021-05-20211400027668",-51044.24
260070084,"ASST_NON_CA1063L9T021402_086","CA1063L9T021402","ABODE SERVICES","CA","2021-05-20","2021-05-20211400027730",-84679
260033462,"ASST_NON_CA0276L9T141402_086","CA0276L9T141402","HOUSING AUTHORITY OF THE CITY OF FRESNO","CA","2021-05-20","2021-05-20211400027813",-51624
260079246,"ASST_NON_CA1319L9T141400_086","CA1319L9T141400","HOUSING AUTHORITY OF THE CITY OF FRESNO","CA","2021-05-20","2021-05-20211400027693",-151994
260064313,"ASST_NON_CA0899L9T101405_086","CA0899L9T101405","COMMUNITY IMPACT CENTRAL VALLEY","CA","2021-05-20","2021-05-20211400027724",-54045.71
260058325,"ASST_NON_CA0758L9T101404_086","CA0758L9T101404","COMMUNITY IMPACT CENTRAL VALLEY","CA","2021-05-20","2021-05-20211400027825",-60758.32
260059618,"ASST_NON_CA0777L9T171406_086","CA0777L9T171406","BUCKELEW PROGRAMS","CA","2021-05-20","2021-05-20211400027712",-58017.71
260030298,"ASST_NON_CA0223L9T071407_086","CA0223L9T071407","BUCKELEW PROGRAMS","CA","2021-05-20","2021-05-20211400027782",-59287.39
260079708,"ASST_NON_CA1326L9T181400_086","CA1326L9T181400","SOLANO COUNTY HEALTH & SOCIAL SERVICES DEPARTMENT","CA","2021-05-20","2021-05-20211400027705",-74575
260058339,"ASST_NON_CA0759L9T101404_086","CA0759L9T101404","STANISLAUS REGIONAL HOUSING AUTHORITY","CA","2021-05-20","2021-05-20211400027831",-75615.24
260031579,"ASST_NON_CA0244L9T101407_086","CA0244L9T101407","STANISLAUS REGIONAL HOUSING AUTHORITY","CA","2021-05-20","2021-05-20211400027795",-51281.55
260016887,"ASST_NON_CA0045L9T011407_086","CA0045L9T011407","CITY & COUNTY OF SAN FRANCISCO","CA","2021-05-20","2021-05-20211400027854",-351604.42
260074055,"ASST_NON_CA1170L9T011402_086","CA1170L9T011402","COMMUNITY HOUSING PARTNERSHIP","CA","2021-05-20","2021-05-20211400027748",-178852.29
260079183,"ASST_NON_CA1316L9T131400_086","CA1316L9T131400","TURNING POINT OF CENTRAL CALIFORNIA INC","CA","2021-05-20","2021-05-20211400027687",-104005
260056007,"ASST_NON_CA0724L9D121407_086","CA0724L9D121407","CITY OF GLENDALE","CA","2021-05-20","2021-05-20211400029053",-998
260031549,"ASST_NON_CA0241L9T101403_086","CA0241L9T101403","TURNING POINT COMMUNITY PROGRAMS","CA","2021-05-20","2021-05-20211400027788",-79269.6
260079683,"ASST_NON_CA1320L9T141400_086","CA1320L9T141400","TURNING POINT OF CENTRAL CALIFORNIA INC","CA","2021-05-20","2021-05-20211400027699",-55326
260032411,"ASST_NON_CA0252L9T111406_086","CA0252L9T111406","SAN JOAQUIN COUNTY - HUMAN SERVICES AGENCY","CA","2021-05-20","2021-05-20211400027801",-60412.97
260073531,"ASST_NON_CA1150L9T021403_086","CA1150L9T021403","ALAMEDA COUNTY HOUSING & COMMUNITY DEVELOPMENT","CA","2021-05-20","2021-05-20211400027736",-233721.48
260029224,"ASST_NON_CA0204L9T061407_086","CA0204L9T061407","COMMUNITY HOMELESS SOLUTIONS","CA","2021-05-20","2021-05-20211400027776",-92610
260032674,"ASST_NON_CA0267L9T121508_086","CA0267L9T121508","HOUSING AUTHORITY OF COUNTY OF SAN M","CA","2021-05-20","2021-05-20211400027807",-86309.97
260057721,"ASST_NON_CA0747L9T021406_086","CA0747L9T021406","ALAMEDA COUNTY HOUSING & COMMUNITY DEVELOPMENT","CA","2021-05-20","2021-05-20211400027819",-176854.75
260079092,"ASST_NON_CA1298L9T021400_086","CA1298L9T021400","ALAMEDA COUNTY HOUSING & COMMUNITY DEVELOPMENT","CA","2021-05-20","2021-05-20211400027681",-355199.07
260025369,"ASST_NON_CA0178L9T051403_086","CA0178L9T051403","COUNTY OF CONTRA COSTA","CA","2021-05-21","2021-05-21211410031223",-173567
260070150,"ASST_NON_CA1069L9T041403_086","CA1069L9T041403","COMMITTEE ON THE SHELTERLESS","CA","2021-05-21","2021-05-21211410031228",-6390
260117029,"ASST_NON_CA1864L9T201900_086","CA1864L9T201900","SIERRA SVING GRACE HMELESS PRJ","CA","2021-05-26","2021-05-26211460033542",140089
260117179,"ASST_NON_CA1941L9T262000_086","CA1941L9T262000","AMADOR TUOLUMNE COMMUNITY ACTION AGENCY","CA","2021-06-09","2021-06-09211600032322",15542
260117195,"ASST_NON_CA1959L9D142000_086","CA1959L9D142000","COUNTY OF SAN LUIS OBISPO","CA","2021-06-14","2021-06-14211650031866",45400
260081331,"ASST_NON_CA1394L9T051803_086","CA1394L9T051803","COUNTY OF CONTRA COSTA","CA","2021-06-17","2021-06-17211680040256",-0.01
260084765,"ASST_NON_CA1547L9T051701_086","CA1547L9T051701","SHELTER, INC.","CA","2021-06-17","2021-06-17211680040135",-0.04
260093290,"ASST_NON_CA1651L9T051801_086","CA1651L9T051801","COUNTY OF CONTRA COSTA","CA","2021-06-17","2021-06-17211680040278",-1017763
260093254,"ASST_NON_CA1640L9T011801_086","CA1640L9T011801","CITY & COUNTY OF SAN FRANCISCO","CA","2021-06-17","2021-06-17211680040260",-465120
260093262,"ASST_NON_CA1641L9T011801_086","CA1641L9T011801","CITY & COUNTY OF SAN FRANCISCO","CA","2021-06-17","2021-06-17211680040266",-281400
260085315,"ASST_NON_CA1582L9T211701_086","CA1582L9T211701","CITY OF WOODLAND","CA","2021-06-17","2021-06-17211680040122",-24309
260070088,"ASST_NON_CA1063L9T021806_086","CA1063L9T021806","ABODE SERVICES","CA","2021-06-17","2021-06-17211680040244",-1
260079697,"ASST_NON_CA1322L9T151703_086","CA1322L9T151703","ADVOCATES FOR MENTALLY ILL HOUSING INC","CA","2021-06-17","2021-06-17211680040116",-21079
260081470,"ASST_NON_CA1407L9T141702_086","CA1407L9T141702","HOUSING AUTHORITY OF THE CITY OF FRESNO","CA","2021-06-17","2021-06-17211680040087",-83547
260024049,"ASST_NON_CA0143L9T031811_086","CA0143L9T031811","SACRAMENTO STEPS FORWARD","CA","2021-06-17","2021-06-17211680040231",-0.02
260025107,"ASST_NON_CA0150L9T031811_086","CA0150L9T031811","SACRAMENTO STEPS FORWARD","CA","2021-06-17","2021-06-17211680040225",-0.02
260023946,"ASST_NON_CA0133L9T031811_086","CA0133L9T031811","SACRAMENTO STEPS FORWARD","CA","2021-06-17","2021-06-17211680040238",-0.19
260079115,"ASST_NON_CA1303L9T031804_086","CA1303L9T031804","SACRAMENTO STEPS FORWARD","CA","2021-06-17","2021-06-17211680040219",-0.1
260014227,"ASST_NON_CA0022L9T001609_086","CA0022L9T001609","HOMEFIRST SERVICES OF SANTA CLARA COUNTY","CA","2021-06-17","2021-06-17211680040051",-29414
260079711,"ASST_NON_CA1327L9T181601_086","CA1327L9T181601","MISSION SOLANO RESCUE MISSION INC.","CA","2021-06-17","2021-06-17211680040056",-19548
260117015,"ASST_NON_CA1858L9T171900_086","CA1858L9T171900","COUNTY OF NAPA","CA","2021-06-22","2021-06-22211730046880",21542
260117172,"ASST_NON_CA1934L9T182000_086","CA1934L9T182000","COMMUNITY ACTION PARTNERSHIP OF SOLANO JPA","CA","2021-06-23","2021-06-23211740033326",43305
260117161,"ASST_NON_CA1923L9T072000_086","CA1923L9T072000","COUNTY OF MARIN","CA","2021-06-25","2021-06-25211760046266",134085
260117186,"ASST_NON_CA1948L9D022000_086","CA1948L9D022000","ORANGE COUNTY HEALTH CARE AGENCY","CA","2021-07-07","2021-07-07211880125686",763246
260117184,"ASST_NON_CA1946L9D002000_086","CA1946L9D002000","LOS ANGELES HOMELESS SERVICES AUTHORITY","CA","2021-07-07","2021-07-07211880125682",1250000
260030878,"ASST_NON_CA0237L9T091508_086","CA0237L9T091508","COUNTY OF MENDOCINO SOCIAL SERVICES","CA","2021-07-12","2021-07-12211930046046",-1920
260117193,"ASST_NON_CA1957L9D122000_086","CA1957L9D122000","CITY OF GLENDALE","CA","2021-07-15","2021-07-15211960032020",74099
260117185,"ASST_NON_CA1947L9D012000_086","CA1947L9D012000","REGIONAL TASK FORCE ON THE HOMELESS, INC","CA","2021-07-19","2021-07-19212000033571",816573
260066837,"ASST_NON_CA0965L9T101805_086","CA0965L9T101805","STANISLAUS COUNTY AFFORDABLE HOUSING CORP","CA","2021-07-23","2021-07-23212040028168",-4836.5
260033442,"ASST_NON_CA0273L9T131708_086","CA0273L9T131708","KINGS UNITED WAY","CA","2021-07-23","2021-07-23212040028009",-13.19
260066701,"ASST_NON_CA0950L9T001806_086","CA0950L9T001806","ABODE SERVICES","CA","2021-07-23","2021-07-23212040028181",-118972
260117189,"ASST_NON_CA1953L9D072000_086","CA1953L9D072000","CITY OF PASADENA","CA","2021-07-23","2021-07-23212040030100",109351
260066820,"ASST_NON_CA0963L9T101702_086","CA0963L9T101702","COMMUNITY IMPACT CENTRAL VALLEY","CA","2021-07-23","2021-07-23212040028031",-39774.25
260058328,"ASST_NON_CA0758L9T101707_086","CA0758L9T101707","COMMUNITY IMPACT CENTRAL VALLEY","CA","2021-07-23","2021-07-23212040028019",-52353.77
260058327,"ASST_NON_CA0758L9T101606_086","CA0758L9T101606","COMMUNITY IMPACT CENTRAL VALLEY","CA","2021-07-23","2021-07-23212040027885",-67966.36
260035196,"ASST_NON_CA0298L9T181811_086","CA0298L9T181811","CAMINAR","CA","2021-07-23","2021-07-23212040028158",-6568.25
260035311,"ASST_NON_CA0300L9T181811_086","CA0300L9T181811","CAMINAR","CA","2021-07-23","2021-07-23212040028152",-26352.06
260066810,"ASST_NON_CA0962L9T101702_086","CA0962L9T101702","COMMUNITY IMPACT CENTRAL VALLEY","CA","2021-07-23","2021-07-23212040028025",-16100.28
260035310,"ASST_NON_CA0300L9T181710_086","CA0300L9T181710","CAMINAR","CA","2021-07-23","2021-07-23212040028015",-54509.25
260032454,"ASST_NON_CA0255L9T121710_086","CA0255L9T121710","CORA COMMUNITY OVERCOMING RELATIONSHIP ABUSE","CA","2021-07-23","2021-07-23212040028000",-6625.68
260018594,"ASST_NON_CA0061L9T011710_086","CA0061L9T011710","COMMUNITY HOUSING PARTNERSHIP","CA","2021-07-23","2021-07-23212040028037",-6378.15
260032654,"ASST_NON_CA0265L9T121811_086","CA0265L9T121811","HOUSING AUTHORITY OF COUNTY OF SAN M","CA","2021-07-23","2021-07-23212040028174",-362608.95
260066901,"ASST_NON_CA0968L9T121803_086","CA0968L9T121803","HOUSING AUTHORITY OF COUNTY OF SAN M","CA","2021-07-23","2021-07-23212040028164",-1102969.52
260117164,"ASST_NON_CA1926L9T102000_086","CA1926L9T102000","COMMUNITY SERVICES AGENCY","CA","2021-07-26","2021-07-26212070013996",107950
260117173,"ASST_NON_CA1935L9T192000_086","CA1935L9T192000","BUTTE, COUNTY OF","CA","2021-07-28","2021-07-28212090064530",20461
260117192,"ASST_NON_CA1956L9D112000_086","CA1956L9D112000","COUNTY OF VENTURA","CA","2021-08-02","2021-08-02212140083688",120759
260117191,"ASST_NON_CA1955L9D092000_086","CA1955L9D092000","COUNTY OF SAN BERNARDINO","CA","2021-08-03","2021-08-03212150491678",414185
260117158,"ASST_NON_CA1920L9T042000_086","CA1920L9T042000","SONOMA COUNTY COMMUNITY DEVELOPMENT COMMISSION","CA","2021-08-06","2021-08-06212180028603",116030
260117174,"ASST_NON_CA1936L9T202000_086","CA1936L9T202000","COUNTY OF MERCED","CA","2021-08-10","2021-08-10212220027180",31338
260117182,"ASST_NON_CA1944L9T302000_086","CA1944L9T302000","INYO MONO ADVOCATES FOR COMMUNITY ACTION, INC.","CA","2021-08-12","2021-08-12212240042247",3069
260117175,"ASST_NON_CA1937L9T222000_086","CA1937L9T222000","DEPARTMENT OF HEALTH & HUMAN S","CA","2021-08-13","2021-08-13212250032144",26359
260117165,"ASST_NON_CA1927L9T112000_086","CA1927L9T112000","SAN JOAQUIN COUNTY - HUMAN SERVICES AGENCY","CA","2021-08-19","2021-08-19212310027741",152950
266915501,"ASST_NON_GA0402L4B001900_086","GA0402L4B001900","STEP UP ON SECOND STREET, INC.","CA","2021-08-25","2021-08-25212370014525",25627
260117170,"ASST_NON_CA1932L9T162000_086","CA1932L9T162000","SHASTA, COUNTY OF","CA","2021-09-01","2021-09-01212440026834",33967
260117180,"ASST_NON_CA1942L9T272000_086","CA1942L9T272000","EMPOWER TEHAMA","CA","2021-09-01","2021-09-01212440026838",6997
260117171,"ASST_NON_CA1933L9T172000_086","CA1933L9T172000","COUNTY OF NAPA","CA","2021-09-03","2021-09-03212460042498",22620
260117056,"ASST_NON_CA1878D9D001900_086","CA1878D9D001900","LOS ANGELES HOMELESS SERVICES AUTHORITY","CA","2021-09-22","2021-09-22212650040972",2543458
260011782,"ASST_NON_CA0000U9D062008_086","CA0000U9D062008","CITY OF LONG BEACH","CA","2021-09-23","2021-09-23212660046550",10008443
260117177,"ASST_NON_CA1939L9T242000_086","CA1939L9T242000","SUTTER YUBA HOMELESS CONSORTIUM","CA","2021-09-24","2021-09-24212670044364",17281
260117166,"ASST_NON_CA1928L9T122000_086","CA1928L9T122000","SAN MATEO, COUNTY OF","CA","2021-09-24","2021-09-24212670044368",367597
260117160,"ASST_NON_CA1922L9T062000_086","CA1922L9T062000","COALITION OF HOMELESS SERVICES PROVIDERS","CA","2021-09-27","2021-09-27212700035987",72601
269285126,"ASST_NON_OR0135L0E011807_086","OR0135L0E011807","THE SALVATION ARMY","CA","2021-09-30","2021-09-30212730006175",-84161
260117159,"ASST_NON_CA1921L9T052000_086","CA1921L9T052000","COUNTY OF CONTRA COSTA","CA","2021-10-21","2021-10-21212940036504",443304
260117178,"ASST_NON_CA1940L9T252000_086","CA1940L9T252000","EL DORADO COUNTY GOVERNMENT","CA","2021-10-21","2021-10-21212940036508",11435
260117176,"ASST_NON_CA1938L9T232000_086","CA1938L9T232000","GLENN COUNTY HEALTH AND HUMAN SERVICES AGENCY","CA","2021-10-22","2021-10-22212950046984",7259
260117155,"ASST_NON_CA1917L9T012000_086","CA1917L9T012000","CITY & COUNTY OF SAN FRANCISCO","CA","2021-10-22","2021-10-22212950046976",1250000
260117194,"ASST_NON_CA1958L9D132000_086","CA1958L9D132000","IMPERIAL COUNTY","CA","2021-10-22","2021-10-22212950048644",21197
260117162,"ASST_NON_CA1924L9T082000_086","CA1924L9T082000","COUNTY OF SANTA CRUZ","CA","2021-10-22","2021-10-22212950046980",126654
260036966,"ASST_NON_CA0320L9T261707_086","CA0320L9T261707","SIERRA HOPE","CA","2021-10-27","2021-10-27213000041404",-5977
260067418,"ASST_NON_CA0971L9T131702_086","CA0971L9T131702","TULARE, CITY OF","CA","2021-10-27","2021-10-27213000041398",-75344
260079149,"ASST_NON_CA1309L9T071703_086","CA1309L9T071703","RITTER CENTER","CA","2021-10-27","2021-10-27213000041393",-15008.11
260015503,"ASST_NON_CA0031L9T001912_086","CA0031L9T001912","BILL WILSON CENTER","CA","2021-10-27","2021-10-27213000041950",-10450
260068336,"ASST_NON_CA1032L9T001808_086","CA1032L9T001808","BILL WILSON CENTER","CA","2021-10-27","2021-10-27213000041459",-90881
260078443,"ASST_NON_CA1284L9T121905_086","CA1284L9T121905","LIFEMOVES","CA","2021-10-27","2021-10-27213000041939",-38867
260070932,"ASST_NON_CA1086L9T131806_086","CA1086L9T131806","FAMILY SERVICES OF TULARE COUNTY","CA","2021-10-27","2021-10-27213000041465",-3957.83
260018595,"ASST_NON_CA0061L9T011811_086","CA0061L9T011811","COMMUNITY HOUSING PARTNERSHIP","CA","2021-10-27","2021-10-27213000041470",-30187.94
260066902,"ASST_NON_CA0968L9T121904_086","CA0968L9T121904","HOUSING AUTHORITY OF COUNTY OF SAN M","CA","2021-10-27","2021-10-27213000041945",-449240.61
260078432,"ASST_NON_CA1283L9T121903_086","CA1283L9T121903","HOUSING AUTHORITY OF COUNTY OF SAN M","CA","2021-10-27","2021-10-27213000041933",-158892.26
260067562,"ASST_NON_CA0989L9T261806_086","CA0989L9T261806","AMADOR TUOLUMNE COMMUNITY ACTION AGENCY","CA","2021-10-27","2021-10-27213000041453",-600
260081587,"ASST_NON_CA1428L9T261801_086","CA1428L9T261801","SIERRA HOPE","CA","2021-10-28","2021-10-28213010042768",-69400
260116761,"ASST_NON_CA1758L9T131800_086","CA1758L9T131800","CHAMPIONS RECOVERY ALTERNATIVE PROGRAMS, INC.","CA","2021-10-28","2021-10-28213010042994",-27482.42
260081050,"ASST_NON_CA1379L9T001803_086","CA1379L9T001803","BILL WILSON CENTER","CA","2021-10-28","2021-10-28213010042798",-89117
260093246,"ASST_NON_CA1639L9T001801_086","CA1639L9T001801","BILL WILSON CENTER","CA","2021-10-28","2021-10-28213010042786",-13133
260116755,"ASST_NON_CA1757D9T121800_086","CA1757D9T121800","CORA COMMUNITY OVERCOMING RELATIONSHIP ABUSE","CA","2021-10-28","2021-10-28213010042928",-4147.82
269025393,"ASST_NON_NV0016L9T011710_086","NV0016L9T011710","VOLUNTEERS OF AMERICA NORTHERN CALIFORNIA AND NORTHERN NEVADA, INC.","CA","2021-10-28","2021-10-28213010042576",-98531.56
260083212,"ASST_NON_CA1479L9T131803_086","CA1479L9T131803","CENTRAL CALIFORNIA FAMILY CRISIS CENTER, INC.","CA","2021-10-28","2021-10-28213010042780",-50670.97
260117156,"ASST_NON_CA1918L9T022000_086","CA1918L9T022000","ALAMEDA COUNTY HOUSING & COMMUNITY DEVELOPMENT","CA","2021-10-28","2021-10-28213010043818",1058132
260083206,"ASST_NON_CA1477L9T121802_086","CA1477L9T121802","HOUSING AUTHORITY OF COUNTY OF SAN M","CA","2021-10-28","2021-10-28213010042774",-101809.91
260080314,"ASST_NON_CA1332L9T261803_086","CA1332L9T261803","AMADOR TUOLUMNE COMMUNITY ACTION AGENCY","CA","2021-10-28","2021-10-28213010042792",-585
260117181,"ASST_NON_CA1943L9T292000_086","CA1943L9T292000","LAKE, COUNTY OF","CA","2021-11-01","2021-11-01213050092742",6975
260117168,"ASST_NON_CA1930L9T142000_086","CA1930L9T142000","HOUSING AUTHORITY OF THE CITY OF FRESNO","CA","2021-11-01","2021-11-01213050092746",310466
260117190,"ASST_NON_CA1954L9D082000_086","CA1954L9D082000","COUNTY OF RIVERSIDE","CA","2021-11-05","2021-11-05213090037588",380304
260117110,"ASST_NON_CA1899L9D082001_086","CA1899L9D082001","COUNTY OF RIVERSIDE","CA","2021-11-05","2021-11-05213090037584",342591
260030278,"ASST_NON_CA0221L9T071912_086","CA0221L9T071912","HOUSING AUTHORITY OF THE COUNTY OF MARIN","CA","2021-11-16","2021-11-16213200029331",-126665
260011863,"ASST_NON_CA0007L9T001911_086","CA0007L9T001911","SOUTH COUNTY COMMUNITY SERVICES","CA","2021-11-16","2021-11-16213200029325",-66618
260011808,"ASST_NON_CA0002L9T001910_086","CA0002L9T001910","SOUTH COUNTY COMMUNITY SERVICES","CA","2021-11-16","2021-11-16213200029336",-130495
260078332,"ASST_NON_CA1275L9T051904_086","CA1275L9T051904","HOUSING AUTHORITY OF CONTRA COSTA COUNTY","CA","2021-11-16","2021-11-16213200029319",-3822.26
260057725,"ASST_NON_CA0747L9T021810_086","CA0747L9T021810","ALAMEDA COUNTY HOUSING & COMMUNITY DEVELOPMENT","CA","2021-11-16","2021-11-16213200029037",-160258.59
260068374,"ASST_NON_CA1037L9T101808_086","CA1037L9T101808","STANISLAUS COUNTY AFFORDABLE HOUSING CORP","CA","2021-11-17","2021-11-17213210070672",-23397.79
260058318,"ASST_NON_CA0756L9T071911_086","CA0756L9T071911","HOUSING AUTHORITY OF THE COUNTY OF MARIN","CA","2021-11-17","2021-11-17213210070953",-8786
260031560,"ASST_NON_CA0242L9T101809_086","CA0242L9T101809","COMMUNITY IMPACT CENTRAL VALLEY","CA","2021-11-17","2021-11-17213210070690",-26228.78
260061569,"ASST_NON_CA0833L9T101806_086","CA0833L9T101806","COMMUNITY HOUSING AND SHELTER SERVICES OF STANISLAUS COUNTY","CA","2021-11-17","2021-11-17213210070666",-54386.54
260031539,"ASST_NON_CA0240L9T101807_086","CA0240L9T101807","COMMUNITY IMPACT CENTRAL VALLEY","CA","2021-11-17","2021-11-17213210070684",-14475.87
260031598,"ASST_NON_CA0245L9T101809_086","CA0245L9T101809","CENTER FOR HUMAN SERVICES","CA","2021-11-17","2021-11-17213210070696",-1233
260083185,"ASST_NON_CA1473L9T071803_086","CA1473L9T071803","HOMEWARD BOUND OF MARIN","CA","2021-11-17","2021-11-17213210070678",-280.19
260117187,"ASST_NON_CA1949L9D032000_086","CA1949L9D032000","COUNTY OF SANTA BARBARA","CA","2021-12-02","2021-12-02213360601794",58676
260084756,"ASST_NON_CA1546L9T051600_086","CA1546L9T051600","SATELLITE AFFORDABLE HOUSING ASSOCIATES","CA","2021-12-02","2021-12-02213360543590",-70934.85
260066821,"ASST_NON_CA0963L9T101803_086","CA0963L9T101803","COMMUNITY IMPACT CENTRAL VALLEY","CA","2021-12-02","2021-12-02213360543862",-43579.01
260093316,"ASST_NON_CA1660L9T101801_086","CA1660L9T101801","COMMUNITY IMPACT CENTRAL VALLEY","CA","2021-12-02","2021-12-02213360543839",-21263.52
260085221,"ASST_NON_CA1560L9T101802_086","CA1560L9T101802","COMMUNITY HOUSING AND SHELTER SERVICES OF STANISLAUS COUNTY","CA","2021-12-02","2021-12-02213360543850",-12636.62
260064294,"ASST_NON_CA0896L9T101809_086","CA0896L9T101809","COMMUNITY IMPACT CENTRAL VALLEY","CA","2021-12-02","2021-12-02213360543874",-25602.56
260085230,"ASST_NON_CA1561L9T101802_086","CA1561L9T101802","COMMUNITY HOUSING AND SHELTER SERVICES OF STANISLAUS COUNTY","CA","2021-12-02","2021-12-02213360543821",-18637.96
260084758,"ASST_NON_CA1546L9T051903_086","CA1546L9T051903","SATELLITE AFFORDABLE HOUSING ASSOCIATES","CA","2021-12-02","2021-12-02213360544356",-59801.68
260058329,"ASST_NON_CA0758L9T101808_086","CA0758L9T101808","COMMUNITY IMPACT CENTRAL VALLEY","CA","2021-12-02","2021-12-02213360543868",-72401.28
260067500,"ASST_NON_CA0981L9T181807_086","CA0981L9T181807","CAMINAR","CA","2021-12-02","2021-12-02213360543844",-14458.32
260066811,"ASST_NON_CA0962L9T101803_086","CA0962L9T101803","COMMUNITY IMPACT CENTRAL VALLEY","CA","2021-12-02","2021-12-02213360543856",-22582.85
260067499,"ASST_NON_CA0981L9T181706_086","CA0981L9T181706","CAMINAR","CA","2021-12-02","2021-12-02213360543596",-15940.69
260085298,"ASST_NON_CA1576L9T181802_086","CA1576L9T181802","CITY OF FAIRFIELD","CA","2021-12-02","2021-12-02213360543833",-0.03
260085239,"ASST_NON_CA1562L9T101802_086","CA1562L9T101802","WE CARE PROGRAM - TURLOCK","CA","2021-12-02","2021-12-02213360543827",-5930.01
260085239,"ASST_NON_CA1562L9T101802_086","CA1562L9T101802","WE CARE PROGRAM - TURLOCK","CA","2021-12-02","2021-12-02213360544350",-26534.19
260116717,"ASST_NON_CA1740L9T021800_086","CA1740L9T021800","ALAMEDA COUNTY HOUSING & COMMUNITY DEVELOPMENT","CA","2021-12-02","2021-12-02213360544344",-127178.59
260012383,"ASST_NON_CA0019L9T001912_086","CA0019L9T001912","COMMUNITY WORKING GROUP, INC.","CA","2021-12-08","2021-12-08213420025344",-3011
260081044,"ASST_NON_CA1378L9T001904_086","CA1378L9T001904","WEST VALLEY COMMUNITY SERVICES OF SANTA CLARA COUNTY, INC.","CA","2021-12-08","2021-12-08213420025326",-522496
260014260,"ASST_NON_CA0026L9T001912_086","CA0026L9T001912","ABODE SERVICES","CA","2021-12-08","2021-12-08213420025296",-39913
260066716,"ASST_NON_CA0951L9T001908_086","CA0951L9T001908","SANTA CLARA, COUNTY OF","CA","2021-12-08","2021-12-08213420025308",-22345
260084652,"ASST_NON_CA1526L9T001902_086","CA1526L9T001902","SANTA CLARA, COUNTY OF","CA","2021-12-08","2021-12-08213420025284",-92429
260078323,"ASST_NON_CA1274L9T001905_086","CA1274L9T001905","SANTA CLARA, COUNTY OF","CA","2021-12-08","2021-12-08213420025320",-218784
260014213,"ASST_NON_CA0021L9T001912_086","CA0021L9T001912","SANTA CLARA, COUNTY OF","CA","2021-12-08","2021-12-08213420025290",-1297948
260069635,"ASST_NON_CA1059L9T001907_086","CA1059L9T001907","SANTA CLARA, COUNTY OF","CA","2021-12-08","2021-12-08213420025314",-3920
260011792,"ASST_NON_CA0001L9T001909_086","CA0001L9T001909","SANTA CLARA, COUNTY OF","CA","2021-12-08","2021-12-08213420025332",-221949
260081166,"ASST_NON_CA1385L9T001904_086","CA1385L9T001904","SANTA CLARA, COUNTY OF","CA","2021-12-08","2021-12-08213420025278",-587144
260011824,"ASST_NON_CA0003L9T001910_086","CA0003L9T001910","SANTA CLARA, COUNTY OF","CA","2021-12-08","2021-12-08213420025338",-305316
260060987,"ASST_NON_CA0825L9T001907_086","CA0825L9T001907","SANTA CLARA, COUNTY OF","CA","2021-12-08","2021-12-08213420025302",-1702896
260117163,"ASST_NON_CA1925L9T092000_086","CA1925L9T092000","COUNTY OF MENDOCINO","CA","2021-12-14","2021-12-14213470030690",47663
260117188,"ASST_NON_CA1950L9D042000_086","CA1950L9D042000","BAKERSFIELD-KERN REGIONAL HOME","CA","2021-12-21","2021-12-21213550040371",213042
260011791,"ASST_NON_CA0001L9T001808_086","CA0001L9T001808","SANTA CLARA, COUNTY OF","CA","2021-12-22","2021-12-22213560040482",-241809
260079176,"ASST_NON_CA1313L9T121905_086","CA1313L9T121905","LIFEMOVES","CA","2021-12-23","2021-12-23213570043783",-5898
260012284,"ASST_NON_CA0014L9T001811_086","CA0014L9T001811","SANTA CLARA, COUNTY OF","CA","2021-12-23","2021-12-23213570043674",-227554
260066715,"ASST_NON_CA0951L9T001807_086","CA0951L9T001807","SANTA CLARA, COUNTY OF","CA","2021-12-23","2021-12-23213570043698",-36418
260011852,"ASST_NON_CA0006L9T001810_086","CA0006L9T001810","SANTA CLARA, COUNTY OF","CA","2021-12-23","2021-12-23213570043668",-326281
260014212,"ASST_NON_CA0021L9T001811_086","CA0021L9T001811","SANTA CLARA, COUNTY OF","CA","2021-12-23","2021-12-23213570043680",-1489059
260057712,"ASST_NON_CA0746L9T001810_086","CA0746L9T001810","SANTA CLARA, COUNTY OF","CA","2021-12-23","2021-12-23213570043686",-195409
260060986,"ASST_NON_CA0825L9T001806_086","CA0825L9T001806","SANTA CLARA, COUNTY OF","CA","2021-12-23","2021-12-23213570043692",-1444725
260078322,"ASST_NON_CA1274L9T001804_086","CA1274L9T001804","SANTA CLARA, COUNTY OF","CA","2021-12-23","2021-12-23213570043664",-321908
260011823,"ASST_NON_CA0003L9T001809_086","CA0003L9T001809","SANTA CLARA, COUNTY OF","CA","2021-12-23","2021-12-23213570043706",-251575
260058768,"ASST_NON_CA0764L9T121911_086","CA0764L9T121911","HOUSING AUTHORITY OF COUNTY OF SAN M","CA","2021-12-23","2021-12-23213570043788",-34031.95
260079169,"ASST_NON_CA1312L9T121905_086","CA1312L9T121905","HOUSING AUTHORITY OF COUNTY OF SAN M","CA","2021-12-23","2021-12-23213570043777",-238348.68
260084660,"ASST_NON_CA1527L9T001802_086","CA1527L9T001802","SANTA CLARA, COUNTY OF","CA","2021-12-27","2021-12-27213610030193",-3961
260116661,"ASST_NON_CA1728D9T001800_086","CA1728D9T001800","SANTA CLARA, COUNTY OF","CA","2021-12-27","2021-12-27213610030630",-798104
260081165,"ASST_NON_CA1385L9T001803_086","CA1385L9T001803","SANTA CLARA, COUNTY OF","CA","2021-12-27","2021-12-27213610030181",-730768
260084669,"ASST_NON_CA1528L9T001802_086","CA1528L9T001802","SANTA CLARA, COUNTY OF","CA","2021-12-27","2021-12-27213610030199",-220544
260084651,"ASST_NON_CA1526L9T001801_086","CA1526L9T001801","SANTA CLARA, COUNTY OF","CA","2021-12-27","2021-12-27213610030187",-31512
260116678,"ASST_NON_CA1730L9T001800_086","CA1730L9T001800","SANTA CLARA, COUNTY OF","CA","2021-12-27","2021-12-27213610030205",-80692
260081155,"ASST_NON_CA1384L9T001802_086","CA1384L9T001802","SANTA CLARA, COUNTY OF","CA","2021-12-27","2021-12-27213610030175",-621010
