"internal_id","generated_internal_id","award_id","recipient_name","recipient_state","action_date","modification_number","federal_action_obligation"
260078347,"ASST_NON_CA1277L9T051300_086","CA1277L9T051300","SHELTER, INC.","CA","2015-01-06","2015-01-06101600036690",367387
260077288,"ASST_NON_CA1259L9D071300_086","CA1259L9D071300","CITY OF PASADENA","CA","2015-01-06",NA,166818
260076355,"ASST_NON_CA1229L9T181300_086","CA1229L9T181300","CHANGE AND NEW BEGINNINGS","CA","2015-01-07","2015-01-07101600025414",105591
260077142,"ASST_NON_CA1242L9T011300_086","CA1242L9T011300","CITY & COUNTY OF SAN FRANCISCO","CA","2015-01-13",NA,79229
260077820,"ASST_NON_CA1261L9T151300_086","CA1261L9T151300","ADVOCATES FOR MENTALLY ILL HOUSING INC","CA","2015-01-13",NA,19755
260077285,"ASST_NON_CA1258L9T221300_086","CA1258L9T221300","DEPARTMENT OF HEALTH & HUMAN S","CA","2015-01-13",NA,30926
260078448,"ASST_NON_CA1285L9T131300_086","CA1285L9T131300","KINGS/TULARE CONTINUUM OF CARE ON HOMELESSNESS, INC.","CA","2015-01-13","2015-01-13101600025218",20010
260060179,"ASST_NON_CA0792L9D001204_086","CA0792L9D001204","LOS ANGELES COUNTY DEVELOPMENT AUTHORITY LACDA","CA","2015-01-14","2015-01-14101600007064",-166592
260052262,"ASST_NON_CA0665L9D081202_086","CA0665L9D081202","RIVERSIDE, COUNTY OF","CA","2015-01-14","2015-01-14101600007070",-22777.03
260060169,"ASST_NON_CA0791L9D001204_086","CA0791L9D001204","LOS ANGELES COUNTY DEVELOPMENT AUTHORITY LACDA","CA","2015-01-14","2015-01-14101600007076",-216567
260046239,"ASST_NON_CA0571L9D021205_086","CA0571L9D021205","COLETTE'S CHILDREN HOME, INC.","CA","2015-01-14","2015-01-14101600007058",-11284
260068826,"ASST_NON_CA1045L9D001202_086","CA1045L9D001202","CITY OF SANTA MONICA","CA","2015-01-14",NA,-64873
260068826,"ASST_NON_CA1045L9D001202_086","CA1045L9D001202","CITY OF SANTA MONICA","CA","2015-01-14",NA,64873
260047030,"ASST_NON_CA0593L9D021205_086","CA0593L9D021205","ANAHEIM SUPPORTIVE HOUSING, INC.","CA","2015-01-14",NA,3959
260047030,"ASST_NON_CA0593L9D021205_086","CA0593L9D021205","ANAHEIM SUPPORTIVE HOUSING, INC.","CA","2015-01-14",NA,-3959
260079067,"ASST_NON_CA1290L9D091300_086","CA1290L9D091300","COUNTY OF SAN BERNARDINO","CA","2015-01-16","2015-01-16101600021000",114572
260076523,"ASST_NON_CA1230L9D021300_086","CA1230L9D021300","OC GATEWAY TO HOUSING","CA","2015-01-16",NA,290169
260060929,"ASST_NON_CA0816L9D091204_086","CA0816L9D091204","HOUSING AUTHORITY OF THE COUNTY OF SAN BERNARDINO","CA","2015-01-16","2015-01-16101600001676",-6974.1
260078318,"ASST_NON_CA1274L9T001300_086","CA1274L9T001300","SANTA CLARA COUNTY HOUSING AUTHORITY","CA","2015-01-21",NA,506411
260077847,"ASST_NON_CA1265L9T041300_086","CA1265L9T041300","SONOMA COUNTY COMMUNITY DEVELOPMENT COMMISSION","CA","2015-01-30",NA,32075
260078307,"ASST_NON_CA1273L9T131300_086","CA1273L9T131300","COMMUNITY SERVICES AND EMPLOYMENT TRAINING, INCORPORATED","CA","2015-02-04","2015-02-04101600044882",51263
260078438,"ASST_NON_CA1284L9T121300_086","CA1284L9T121300","LIFEMOVES","CA","2015-02-04",NA,132447
260078356,"ASST_NON_CA1278L9T121300_086","CA1278L9T121300","SAN MATEO, COUNTY OF","CA","2015-02-04","2015-02-04101600044922",74827
269285120,"ASST_NON_OR0135L0E011201_086","OR0135L0E011201","THE SALVATION ARMY","CA","2015-02-10","2015-02-10101600003328",-64612
260060781,"ASST_NON_CA0800L9D001204_086","CA0800L9D001204","LOS ANGELES COUNTY DEVELOPMENT AUTHORITY LACDA","CA","2015-02-10","2015-02-10101600003364",-49589
260051038,"ASST_NON_CA0649L9D061205_086","CA0649L9D061205","CITY OF LONG BEACH","CA","2015-02-10","2015-02-10101600003376",-3900
260065147,"ASST_NON_CA0932L9D061203_086","CA0932L9D061203","CITY OF LONG BEACH","CA","2015-02-10","2015-02-10101600003370",-29497
260056033,"ASST_NON_CA0727L9D121205_086","CA0727L9D121205","CITY OF GLENDALE","CA","2015-02-10",NA,10109
260065936,"ASST_NON_CA0948L9D121203_086","CA0948L9D121203","CITY OF GLENDALE","CA","2015-02-10",NA,1593
260065936,"ASST_NON_CA0948L9D121203_086","CA0948L9D121203","CITY OF GLENDALE","CA","2015-02-10",NA,-1593
260056033,"ASST_NON_CA0727L9D121205_086","CA0727L9D121205","CITY OF GLENDALE","CA","2015-02-10",NA,-10109
260060917,"ASST_NON_CA0813L9D081204_086","CA0813L9D081204","RIVERSIDE, COUNTY OF","CA","2015-02-11","2015-02-11101600001748",-14122.8
260072896,"ASST_NON_CA1136L9D081201_086","CA1136L9D081201","RIVERSIDE, COUNTY OF","CA","2015-02-11","2015-02-11101600001742",-147764.7
260049883,"ASST_NON_CA0632L9D061205_086","CA0632L9D061205","CITY OF LONG BEACH","CA","2015-02-11","2015-02-11101600001736",-18809
260069585,"ASST_NON_CA1053L9D111404_086","CA1053L9D111404","COUNTY OF VENTURA","CA","2015-02-12",NA,269385
260071891,"ASST_NON_CA1103L9T261402_086","CA1103L9T261402","THE RESOURCE CONNECTION OF AMADOR & CALAVERAS COUNTIES INC","CA","2015-02-12",NA,69844
260025269,"ASST_NON_CA0169L9T041406_086","CA0169L9T041406","SONOMA COUNTY COMMUNITY DEVELOPMENT COMMISSION","CA","2015-02-12",NA,185344
269281046,"ASST_NON_OR0044L0E011407_086","OR0044L0E011407","THE SALVATION ARMY","CA","2015-02-12","2015-02-12101600037316",128164
260038320,"ASST_NON_CA0343L9D001407_086","CA0343L9D001407","THE SALVATION ARMY","CA","2015-02-12",NA,222378
260064227,"ASST_NON_CA0890L9T041405_086","CA0890L9T041405","SONOMA COUNTY COMMUNITY DEVELOPMENT COMMISSION","CA","2015-02-12",NA,86993
260025591,"ASST_NON_CA0191L9T051407_086","CA0191L9T051407","COUNTY OF CONTRA COSTA","CA","2015-02-12",NA,581873
260043361,"ASST_NON_CA0495L9D001407_086","CA0495L9D001407","THE SALVATION ARMY","CA","2015-02-12",NA,177450
260043370,"ASST_NON_CA0496L9D001407_086","CA0496L9D001407","THE SALVATION ARMY","CA","2015-02-12",NA,175369
260074463,"ASST_NON_CA1186L9T151401_086","CA1186L9T151401","THE SALVATION ARMY","CA","2015-02-12",NA,51266
260066779,"ASST_NON_CA0957L9T051402_086","CA0957L9T051402","SHELTER, INC.","CA","2015-02-12","2015-02-12101600051240",145348
260063577,"ASST_NON_CA0877L9D091402_086","CA0877L9D091402","THE SALVATION ARMY","CA","2015-02-12",NA,292203
260066833,"ASST_NON_CA0965L9T101401_086","CA0965L9T101401","STANISLAUS COUNTY AFFORDABLE HOUSING CORP","CA","2015-02-12",NA,67284
260055040,"ASST_NON_CA0707L9D011407_086","CA0707L9D011407","VIETNAM VETERANS OF SAN DIEGO","CA","2015-02-12",NA,207786
260216844,"ASST_NON_CO0096L8T041405_086","CO0096L8T041405","THE SALVATION ARMY","CA","2015-02-12",NA,60466
260037574,"ASST_NON_CA0337L9D001407_086","CA0337L9D001407","THE SALVATION ARMY","CA","2015-02-12",NA,367367
271844570,"ASST_NON_WA0022L0T001407_086","WA0022L0T001407","THE SALVATION ARMY","CA","2015-02-12","2015-02-12101600036852",77838
260045667,"ASST_NON_CA0562L9D021405_086","CA0562L9D021405","AMERICAN FAMILY HOUSING","CA","2015-02-12","2015-02-12101600051600",323091
260076544,"ASST_NON_CA1235L9D021401_086","CA1235L9D021401","SERVING PEOPLE IN NEED, INC","CA","2015-02-12",NA,401866
260025240,"ASST_NON_CA0164L9T041407_086","CA0164L9T041407","SONOMA COUNTY COMMUNITY DEVELOPMENT COMMISSION","CA","2015-02-12","2015-02-12101600049592",137907
260053679,"ASST_NON_CA0687L9D091407_086","CA0687L9D091407","THE SALVATION ARMY","CA","2015-02-12",NA,158521
260045169,"ASST_NON_CA0558L9D021404_086","CA0558L9D021404","FAMILY ASSISTANCE MINISTRIES","CA","2015-02-12","2015-02-12101600051584",124719
260045107,"ASST_NON_CA0548L9D011407_086","CA0548L9D011407","SAN DIEGO YOUTH SERVICES","CA","2015-02-12",NA,85463
260025610,"ASST_NON_CA0193L9T051407_086","CA0193L9T051407","SHELTER, INC.","CA","2015-02-12",NA,355838
260043333,"ASST_NON_CA0492L9D001407_086","CA0492L9D001407","THE SALVATION ARMY","CA","2015-02-12",NA,173185
260043659,"ASST_NON_CA0520L9D001407_086","CA0520L9D001407","UNITED STATES VETERANS INITIATIVE","CA","2015-02-12",NA,295315
260067695,"ASST_NON_CA1002L9D021402_086","CA1002L9D021402","AMERICAN FAMILY HOUSING","CA","2015-02-12",NA,479307
260030870,"ASST_NON_CA0236L9T091406_086","CA0236L9T091406","COUNTY OF MENDOCINO","CA","2015-02-12",NA,200412
260045161,"ASST_NON_CA0556L9D021405_086","CA0556L9D021405","AMERICAN FAMILY HOUSING","CA","2015-02-12","2015-02-12101600051580",291729
260071847,"ASST_NON_CA1096L9T181402_086","CA1096L9T181402","CHANGE AND NEW BEGINNINGS","CA","2015-02-12",NA,65942
260071830,"ASST_NON_CA1092L9T151403_086","CA1092L9T151403","THE SALVATION ARMY","CA","2015-02-12",NA,20770
260025583,"ASST_NON_CA0190L9T051407_086","CA0190L9T051407","SHELTER, INC.","CA","2015-02-12",NA,82336
260216331,"ASST_NON_CO0064L8T041407_086","CO0064L8T041407","THE SALVATION ARMY","CA","2015-02-12",NA,109053
260029409,"ASST_NON_CA0216L9T071406_086","CA0216L9T071406","EDEN INVESTMENTS, INC","CA","2015-02-12",NA,80825
271844580,"ASST_NON_WA0023L0T001407_086","WA0023L0T001407","THE SALVATION ARMY","CA","2015-02-12","2015-02-12101600036848",253988
260043379,"ASST_NON_CA0497L9D001407_086","CA0497L9D001407","THE SALVATION ARMY","CA","2015-02-12",NA,225704
260216365,"ASST_NON_CO0069L8T041407_086","CO0069L8T041407","THE SALVATION ARMY","CA","2015-02-12",NA,19421
260064240,"ASST_NON_CA0891L9T041405_086","CA0891L9T041405","SONOMA COUNTY COMMUNITY DEVELOPMENT COMMISSION","CA","2015-02-12",NA,120119
260044531,"ASST_NON_CA0535L9D011407_086","CA0535L9D011407","EPISCOPAL COMMUNITY SERVICES","CA","2015-02-12",NA,503889
269285122,"ASST_NON_OR0135L0E011403_086","OR0135L0E011403","THE SALVATION ARMY","CA","2015-02-12","2015-02-12101600037004",291175
260025369,"ASST_NON_CA0178L9T051403_086","CA0178L9T051403","COUNTY OF CONTRA COSTA","CA","2015-02-12",NA,173567
260070654,"ASST_NON_CA1071L9T051402_086","CA1071L9T051402","COUNTY OF CONTRA COSTA","CA","2015-02-12",NA,296528
260021787,"ASST_NON_CA0091L9T021407_086","CA0091L9T021407","BONITA HOUSE, INC.","CA","2015-02-12",NA,35323
260067555,"ASST_NON_CA0988L9T261402_086","CA0988L9T261402","THE RESOURCE CONNECTION OF AMADOR & CALAVERAS COUNTIES INC","CA","2015-02-12",NA,79890
260025465,"ASST_NON_CA0189L9T051406_086","CA0189L9T051406","COUNTY OF CONTRA COSTA","CA","2015-02-12",NA,200100
260070641,"ASST_NON_CA1070L9T051403_086","CA1070L9T051403","COUNTY OF CONTRA COSTA","CA","2015-02-12",NA,175596
260033601,"ASST_NON_CA0279L9T141406_086","CA0279L9T141406","POVERELLO HOUSE","CA","2015-02-12",NA,360915
260025304,"ASST_NON_CA0170L9T041407_086","CA0170L9T041407","SONOMA COUNTY COMMUNITY DEVELOPMENT COMMISSION","CA","2015-02-12",NA,890283
260068353,"ASST_NON_CA1034L9T061404_086","CA1034L9T061404","COMMUNITY HUMAN SERVICES","CA","2015-02-12",NA,130574
260038327,"ASST_NON_CA0344L9D001407_086","CA0344L9D001407","THE SALVATION ARMY","CA","2015-02-12",NA,281297
260068370,"ASST_NON_CA1037L9T101404_086","CA1037L9T101404","STANISLAUS COUNTY AFFORDABLE HOUSING CORP","CA","2015-02-12",NA,96573
260011842,"ASST_NON_CA0005L9T001407_086","CA0005L9T001407","SANTA CLARA UNIFIED SCHOOL DISTRICT","CA","2015-02-12",NA,180353
260019706,"ASST_NON_CA0077L9T011407_086","CA0077L9T011407","THE SALVATION ARMY","CA","2015-02-12",NA,434421
260049271,"ASST_NON_CA0621L9D111407_086","CA0621L9D111407","THE SALVATION ARMY","CA","2015-02-12",NA,208535
260025401,"ASST_NON_CA0182L9T051407_086","CA0182L9T051407","SHELTER, INC.","CA","2015-02-12",NA,401204
260042334,"ASST_NON_CA0459L9D001407_086","CA0459L9D001407","THE SALVATION ARMY","CA","2015-02-12",NA,367367
260078348,"ASST_NON_CA1277L9T051401_086","CA1277L9T051401","SHELTER, INC.","CA","2015-02-12",NA,368443
260025737,"ASST_NON_CA0198L9T051407_086","CA0198L9T051407","SHELTER, INC.","CA","2015-02-12",NA,313239
260055551,"ASST_NON_CA0717L9D111407_086","CA0717L9D111407","COUNTY OF VENTURA","CA","2015-02-12",NA,53165
260076356,"ASST_NON_CA1229L9T181401_086","CA1229L9T181401","CHANGE AND NEW BEGINNINGS","CA","2015-02-12",NA,108195
260060977,"ASST_NON_CA0822L9T091406_086","CA0822L9T091406","COUNTY OF MENDOCINO","CA","2015-02-12","2015-02-12101600050236",130736
260074068,"ASST_NON_CA1173L9T041401_086","CA1173L9T041401","SONOMA COUNTY COMMUNITY DEVELOPMENT COMMISSION","CA","2015-02-12",NA,102198
260068384,"ASST_NON_CA1038L9T101404_086","CA1038L9T101404","THE SALVATION ARMY","CA","2015-02-12",NA,101905
260058785,"ASST_NON_CA0767L9T141406_086","CA0767L9T141406","MARJAREE MASON CENTER, INC","CA","2015-02-12",NA,108145
260030919,"ASST_NON_CA0239L9T091407_086","CA0239L9T091407","COUNTY OF MENDOCINO SOCIAL SERVICES","CA","2015-02-12",NA,1664266
260055000,"ASST_NON_CA0703L9D011407_086","CA0703L9D011407","COMMUNITY HOUSINGWORKS","CA","2015-02-12",NA,43989
260012378,"ASST_NON_CA0019L9T001407_086","CA0019L9T001407","COMMUNITY WORKING GROUP, INC.","CA","2015-02-12",NA,43936
260058297,"ASST_NON_CA0755L9T061406_086","CA0755L9T061406","HOUSING AUTHORITY OF COUNTY OF MONTE","CA","2015-02-12",NA,125045
260058884,"ASST_NON_CA0768L9T141406_086","CA0768L9T141406","MARJAREE MASON CENTER, INC","CA","2015-02-12",NA,293323
260037635,"ASST_NON_CA0338L9D001407_086","CA0338L9D001407","SOUTHERN CALIFORNIA ALCOHOL AND DRUG PROGRAMS, INC.","CA","2015-02-12",NA,362722
260067437,"ASST_NON_CA0974L9T141401_086","CA0974L9T141401","MARJAREE MASON CENTER, INC","CA","2015-02-12",NA,222501
260030877,"ASST_NON_CA0237L9T091407_086","CA0237L9T091407","COUNTY OF MENDOCINO SOCIAL SERVICES","CA","2015-02-12",NA,58171
260048154,"ASST_NON_CA0607L9D041407_086","CA0607L9D041407","BETHANY SERVICES","CA","2015-02-12",NA,386810
260074451,"ASST_NON_CA1185L9T141401_086","CA1185L9T141401","MARJAREE MASON CENTER, INC","CA","2015-02-12",NA,161055
260067742,"ASST_NON_CA1011L9D041403_086","CA1011L9D041403","BETHANY SERVICES","CA","2015-02-12",NA,45858
260076536,"ASST_NON_CA1232L9D041401_086","CA1232L9D041401","BETHANY SERVICES","CA","2015-02-12",NA,96340
260046338,"ASST_NON_CA0580L9D021407_086","CA0580L9D021407","HUMAN OPTIONS, INC","CA","2015-02-12",NA,113239
260042654,"ASST_NON_CA0485L9D001407_086","CA0485L9D001407","1736 FAMILY CRISIS CENTER","CA","2015-02-12",NA,531763
260029266,"ASST_NON_CA0207L9T061407_086","CA0207L9T061407","HOUSING AUTHORITY OF COUNTY OF MONTE","CA","2015-02-12",NA,374874
260030317,"ASST_NON_CA0225L9T081407_086","CA0225L9T081407","PAJARO VALLEY SHELTER SERVICES","CA","2015-02-12",NA,13895
260077859,"ASST_NON_CA1269L9D021401_086","CA1269L9D021401","INTERVAL HOUSE","CA","2015-02-12",NA,74133
260072859,"ASST_NON_CA1126L9D041401_086","CA1126L9D041401","BETHANY SERVICES","CA","2015-02-12",NA,48500
260055064,"ASST_NON_CA0709L9D011407_086","CA0709L9D011407","COMMUNITY HOUSINGWORKS","CA","2015-02-12",NA,63271
260061653,"ASST_NON_CA0842L9T141403_086","CA0842L9T141403","MARJAREE MASON CENTER, INC","CA","2015-02-12",NA,224280
260075403,"ASST_NON_CA1200L9D041401_086","CA1200L9D041401","BETHANY SERVICES","CA","2015-02-12",NA,117509
260030290,"ASST_NON_CA0222L9T071407_086","CA0222L9T071407","CENTER FOR DOMESTIC PEACE","CA","2015-02-12",NA,121261
260016873,"ASST_NON_CA0043L9T011407_086","CA0043L9T011407","COMPASS FAMILY SERVICES","CA","2015-02-12",NA,297469
260018336,"ASST_NON_CA0051L9T011406_086","CA0051L9T011406","CITY & COUNTY OF SAN FRANCISCO","CA","2015-02-12",NA,651333
260018613,"ASST_NON_CA0063L9T011407_086","CA0063L9T011407","CITY & COUNTY OF SAN FRANCISCO","CA","2015-02-12",NA,215870
260019688,"ASST_NON_CA0075L9T011407_086","CA0075L9T011407","CITY & COUNTY OF SAN FRANCISCO","CA","2015-02-12",NA,128246
260065176,"ASST_NON_CA0936L9D081405_086","CA0936L9D081405","RIVERSIDE, COUNTY OF","CA","2015-02-12",NA,121426
260053660,"ASST_NON_CA0684L9D081407_086","CA0684L9D081407","RIVERSIDE, COUNTY OF","CA","2015-02-12",NA,110498
260053650,"ASST_NON_CA0683L9D081407_086","CA0683L9D081407","RIVERSIDE, COUNTY OF","CA","2015-02-12",NA,534245
260020886,"ASST_NON_CA0082L9T011407_086","CA0082L9T011407","CITY & COUNTY OF SAN FRANCISCO","CA","2015-02-12",NA,358694
260065161,"ASST_NON_CA0935L9D081405_086","CA0935L9D081405","RIVERSIDE, COUNTY OF","CA","2015-02-12",NA,495470
260061658,"ASST_NON_CA0843L9T141402_086","CA0843L9T141402","MENTAL HEALTH SYSTEMS, INC.","CA","2015-02-12",NA,188554
260060919,"ASST_NON_CA0813L9D081406_086","CA0813L9D081406","RIVERSIDE, COUNTY OF","CA","2015-02-12","2015-02-12101600052064",280238
260052809,"ASST_NON_CA0679L9D081407_086","CA0679L9D081407","RIVERSIDE, COUNTY OF","CA","2015-02-12",NA,358625
260077836,"ASST_NON_CA1263L9D081401_086","CA1263L9D081401","RIVERSIDE, COUNTY OF","CA","2015-02-12",NA,140377
260043466,"ASST_NON_CA0506L9D001407_086","CA0506L9D001407","TARZANA TREATMENT CENTERS, INC.","CA","2015-02-12",NA,192082
260076322,"ASST_NON_CA1221L9D081402_086","CA1221L9D081402","RIVERSIDE, COUNTY OF","CA","2015-02-12",NA,266052
260017017,"ASST_NON_CA0048L9T011407_086","CA0048L9T011407","CITY & COUNTY OF SAN FRANCISCO","CA","2015-02-12",NA,133219
260018408,"ASST_NON_CA0056L9T011407_086","CA0056L9T011407","CITY & COUNTY OF SAN FRANCISCO","CA","2015-02-12",NA,95941
260023821,"ASST_NON_CA0122L9T021407_086","CA0122L9T021407","LIFELONG MEDICAL CARE","CA","2015-02-12",NA,549672
260072898,"ASST_NON_CA1136L9D081403_086","CA1136L9D081403","RIVERSIDE, COUNTY OF","CA","2015-02-12",NA,469147
260077849,"ASST_NON_CA1266L9D081401_086","CA1266L9D081401","RIVERSIDE, COUNTY OF","CA","2015-02-12",NA,225612
260069616,"ASST_NON_CA1056L9D081404_086","CA1056L9D081404","RIVERSIDE, COUNTY OF","CA","2015-02-12",NA,256552
260052692,"ASST_NON_CA0672L9D081407_086","CA0672L9D081407","RIVERSIDE, COUNTY OF","CA","2015-02-12",NA,344072
260019696,"ASST_NON_CA0076L9T011407_086","CA0076L9T011407","CITY & COUNTY OF SAN FRANCISCO","CA","2015-02-12",NA,872278
260040887,"ASST_NON_CA0436L9D001407_086","CA0436L9D001407","CITY OF POMONA","CA","2015-02-12",NA,165243
260060961,"ASST_NON_CA0821L9T011405_086","CA0821L9T011405","CITY & COUNTY OF SAN FRANCISCO","CA","2015-02-12",NA,358404
260042678,"ASST_NON_CA0487L9D001407_086","CA0487L9D001407","TESTIMONIAL CATHEDRAL CHURCH OF GOD IN CHRIST","CA","2015-02-12",NA,139493
260052735,"ASST_NON_CA0676L9D081407_086","CA0676L9D081407","RIVERSIDE, COUNTY OF","CA","2015-02-12",NA,138342
260055031,"ASST_NON_CA0706L9D011407_086","CA0706L9D011407","MENTAL HEALTH SYSTEMS, INC.","CA","2015-02-12",NA,73760
260018626,"ASST_NON_CA0064L9T011407_086","CA0064L9T011407","CITY & COUNTY OF SAN FRANCISCO","CA","2015-02-12",NA,362876
260016917,"ASST_NON_CA0047L9T011407_086","CA0047L9T011407","CITY & COUNTY OF SAN FRANCISCO","CA","2015-02-12",NA,236559
260060783,"ASST_NON_CA0800L9D001406_086","CA0800L9D001406","LOS ANGELES COUNTY DEVELOPMENT AUTHORITY LACDA","CA","2015-02-12","2015-02-12101600052028",183894
260019658,"ASST_NON_CA0072L9T011407_086","CA0072L9T011407","CITY & COUNTY OF SAN FRANCISCO","CA","2015-02-12",NA,273184
260073041,"ASST_NON_CA1149L9T011403_086","CA1149L9T011403","CITY & COUNTY OF SAN FRANCISCO","CA","2015-02-12",NA,285279
260018660,"ASST_NON_CA0067L9T011406_086","CA0067L9T011406","CITY & COUNTY OF SAN FRANCISCO","CA","2015-02-12",NA,97572
260052722,"ASST_NON_CA0675L9D081407_086","CA0675L9D081407","RIVERSIDE, COUNTY OF","CA","2015-02-12",NA,144284
260052253,"ASST_NON_CA0664L9D081401_086","CA0664L9D081401","RIVERSIDE, COUNTY OF","CA","2015-02-12",NA,41935
260018415,"ASST_NON_CA0057L9T011407_086","CA0057L9T011407","CITY & COUNTY OF SAN FRANCISCO","CA","2015-02-12",NA,962779
260072981,"ASST_NON_CA1147L9T011403_086","CA1147L9T011403","CITY & COUNTY OF SAN FRANCISCO","CA","2015-02-12",NA,599640
260018574,"ASST_NON_CA0060L9T011407_086","CA0060L9T011407","CITY & COUNTY OF SAN FRANCISCO","CA","2015-02-12",NA,1183342
260017024,"ASST_NON_CA0049L9T011406_086","CA0049L9T011406","CITY & COUNTY OF SAN FRANCISCO","CA","2015-02-12",NA,215870
260076555,"ASST_NON_CA1236L9T011401_086","CA1236L9T011401","CITY & COUNTY OF SAN FRANCISCO","CA","2015-02-12",NA,265268
260072892,"ASST_NON_CA1134L9D081403_086","CA1134L9D081403","RIVERSIDE, COUNTY OF","CA","2015-02-12",NA,243001
260055024,"ASST_NON_CA0705L9D011407_086","CA0705L9D011407","MENTAL HEALTH SYSTEMS, INC.","CA","2015-02-12",NA,238161
260019665,"ASST_NON_CA0073L9T011407_086","CA0073L9T011407","CITY & COUNTY OF SAN FRANCISCO","CA","2015-02-12",NA,1076804
260052276,"ASST_NON_CA0666L9D081401_086","CA0666L9D081401","RIVERSIDE, COUNTY OF","CA","2015-02-12","2015-02-12101600051784",151279
260018758,"ASST_NON_CA0068L9T011407_086","CA0068L9T011407","CITY & COUNTY OF SAN FRANCISCO","CA","2015-02-12",NA,179892
260053642,"ASST_NON_CA0682L9D081407_086","CA0682L9D081407","RIVERSIDE, COUNTY OF","CA","2015-02-12",NA,42996
260048774,"ASST_NON_CA0618L9D111407_086","CA0618L9D111407","HOUSING AUTHORITY OF CITY OF SAN BUE","CA","2015-02-12",NA,120969
260076557,"ASST_NON_CA1237L9T011401_086","CA1237L9T011401","CITY & COUNTY OF SAN FRANCISCO","CA","2015-02-12",NA,124388
260069603,"ASST_NON_CA1055L9D081404_086","CA1055L9D081404","RIVERSIDE, COUNTY OF","CA","2015-02-12",NA,123652
260063630,"ASST_NON_CA0888L9T011405_086","CA0888L9T011405","CITY & COUNTY OF SAN FRANCISCO","CA","2015-02-12",NA,426538
260016847,"ASST_NON_CA0041L9T011407_086","CA0041L9T011407","CITY & COUNTY OF SAN FRANCISCO","CA","2015-02-12",NA,476490
260077157,"ASST_NON_CA1244L9D081401_086","CA1244L9D081401","RIVERSIDE, COUNTY OF","CA","2015-02-12",NA,423680
260055047,"ASST_NON_CA0708L9D011407_086","CA0708L9D011407","MENTAL HEALTH SYSTEMS, INC.","CA","2015-02-12",NA,282511
260075853,"ASST_NON_CA1213L9T011402_086","CA1213L9T011402","CITY & COUNTY OF SAN FRANCISCO","CA","2015-02-12",NA,271832
260018771,"ASST_NON_CA0069L9T011407_086","CA0069L9T011407","CITY & COUNTY OF SAN FRANCISCO","CA","2015-02-12",NA,99571
260070071,"ASST_NON_CA1062L9T011403_086","CA1062L9T011403","CITY & COUNTY OF SAN FRANCISCO","CA","2015-02-12",NA,110712
260042386,"ASST_NON_CA0462L9D001407_086","CA0462L9D001407","CITY OF POMONA","CA","2015-02-12",NA,1005523
260052671,"ASST_NON_CA0670L9D081407_086","CA0670L9D081407","RIVERSIDE, COUNTY OF","CA","2015-02-12",NA,671479
260063561,"ASST_NON_CA0875L9D081403_086","CA0875L9D081403","RIVERSIDE, COUNTY OF","CA","2015-02-12",NA,411590
260048082,"ASST_NON_CA0601L9D031407_086","CA0601L9D031407","SANTA BARBARA COMMUNITY HOUSING CORPORATION","CA","2015-02-12",NA,79444
260063645,"ASST_NON_CA0889L9T011404_086","CA0889L9T011404","CITY & COUNTY OF SAN FRANCISCO","CA","2015-02-12",NA,607914
260052264,"ASST_NON_CA0665L9D081404_086","CA0665L9D081404","RIVERSIDE, COUNTY OF","CA","2015-02-12","2015-02-12101600051780",227077
260052714,"ASST_NON_CA0674L9D081407_086","CA0674L9D081407","RIVERSIDE, COUNTY OF","CA","2015-02-12",NA,535000
260020862,"ASST_NON_CA0080L9T011407_086","CA0080L9T011407","CITY & COUNTY OF SAN FRANCISCO","CA","2015-02-12",NA,1084265
260020879,"ASST_NON_CA0081L9T011407_086","CA0081L9T011407","CITY & COUNTY OF SAN FRANCISCO","CA","2015-02-12",NA,656295
260018327,"ASST_NON_CA0050L9T011407_086","CA0050L9T011407","CITY & COUNTY OF SAN FRANCISCO","CA","2015-02-12",NA,180515
260016860,"ASST_NON_CA0042L9T011407_086","CA0042L9T011407","CITY & COUNTY OF SAN FRANCISCO","CA","2015-02-12",NA,959424
260015525,"ASST_NON_CA0033L9T011401_086","CA0033L9T011401","CITY & COUNTY OF SAN FRANCISCO","CA","2015-02-12",NA,273231
260075438,"ASST_NON_CA1209L9D081401_086","CA1209L9D081401","RIVERSIDE, COUNTY OF","CA","2015-02-12",NA,51236
260018643,"ASST_NON_CA0066L9T011406_086","CA0066L9T011406","CITY & COUNTY OF SAN FRANCISCO","CA","2015-02-12",NA,695582
260018367,"ASST_NON_CA0053L9T011406_086","CA0053L9T011406","CITY & COUNTY OF SAN FRANCISCO","CA","2015-02-12",NA,351783
260015651,"ASST_NON_CA0039L9T011407_086","CA0039L9T011407","CITY & COUNTY OF SAN FRANCISCO","CA","2015-02-12",NA,959424
260073636,"ASST_NON_CA1168L9T011402_086","CA1168L9T011402","CITY & COUNTY OF SAN FRANCISCO","CA","2015-02-12",NA,280438
260019637,"ASST_NON_CA0070L9T011407_086","CA0070L9T011407","CITY & COUNTY OF SAN FRANCISCO","CA","2015-02-12",NA,182676
260018391,"ASST_NON_CA0055L9T011407_086","CA0055L9T011407","CITY & COUNTY OF SAN FRANCISCO","CA","2015-02-12",NA,62446
260073036,"ASST_NON_CA1148L9T011403_086","CA1148L9T011403","CITY & COUNTY OF SAN FRANCISCO","CA","2015-02-12",NA,271832
260018422,"ASST_NON_CA0058L9T011407_086","CA0058L9T011407","CITY & COUNTY OF SAN FRANCISCO","CA","2015-02-12",NA,870852
260018384,"ASST_NON_CA0054L9T011407_086","CA0054L9T011407","CITY & COUNTY OF SAN FRANCISCO","CA","2015-02-12",NA,384907
260018439,"ASST_NON_CA0059L9T011407_086","CA0059L9T011407","CITY & COUNTY OF SAN FRANCISCO","CA","2015-02-12",NA,119928
260075856,"ASST_NON_CA1214L9T011402_086","CA1214L9T011402","CITY & COUNTY OF SAN FRANCISCO","CA","2015-02-12",NA,94134
260040827,"ASST_NON_CA0431L9D001407_086","CA0431L9D001407","UNITED FRIENDS OF THE CHILDREN","CA","2015-02-12",NA,301290
260039488,"ASST_NON_CA0378L9D001407_086","CA0378L9D001407","CENTER FOR HUMAN RIGHTS AND CONSTITUTIONAL LAW INC","CA","2015-02-12",NA,137523
260067405,"ASST_NON_CA0970L9T131401_086","CA0970L9T131401","KINGS UNITED WAY","CA","2015-02-12",NA,53672
260060979,"ASST_NON_CA0824L9T001401_086","CA0824L9T001401","SOUTH COUNTY HOUSING CORPORATION","CA","2015-02-12",NA,191690
260014208,"ASST_NON_CA0021L9T001407_086","CA0021L9T001407","SANTA CLARA COUNTY HOUSING AUTHORITY","CA","2015-02-12",NA,3721599
260025135,"ASST_NON_CA0152L9T031407_086","CA0152L9T031407","RESOURCES FOR INDEPENDENT LIVING, INC.","CA","2015-02-12",NA,99740
260048124,"ASST_NON_CA0605L9D041407_086","CA0605L9D041407","GREATER BAKERSFIELD LEGAL ASSISTANCE INC","CA","2015-02-12",NA,117643
260062306,"ASST_NON_CA0851L9T211402_086","CA0851L9T211402","CITY OF WOODLAND","CA","2015-02-12",NA,23806
260067522,"ASST_NON_CA0984L9T201402_086","CA0984L9T201402","COUNTY OF MERCED","CA","2015-02-12",NA,149097
260036963,"ASST_NON_CA0320L9T261404_086","CA0320L9T261404","SIERRA HOPE","CA","2015-02-12",NA,16152
260015490,"ASST_NON_CA0030L9T001407_086","CA0030L9T001407","WEST VALLEY COMMUNITY SERVICES OF SANTA CLARA COUNTY, INC.","CA","2015-02-12",NA,84105
260064649,"ASST_NON_CA0926L9D011405_086","CA0926L9D011405","THE ASSOCIATION FOR COMMUNITY HOUSING SOLUTIONS","CA","2015-02-12",NA,114245
260032633,"ASST_NON_CA0264L9T121407_086","CA0264L9T121407","MENTAL HEALTH ASSOCIATION OF SAN MATEO COUNTY","CA","2015-02-12",NA,74666
260067534,"ASST_NON_CA0985L9T201401_086","CA0985L9T201401","SIERRA SVING GRACE HMELESS PRJ","CA","2015-02-12",NA,38454
260057708,"ASST_NON_CA0746L9T001406_086","CA0746L9T001406","SANTA CLARA COUNTY HOUSING AUTHORITY","CA","2015-02-12",NA,307497
260042627,"ASST_NON_CA0482L9D001407_086","CA0482L9D001407","COVENANT HOUSE CALIFORNIA","CA","2015-02-12",NA,132208
260040156,"ASST_NON_CA0406L9D001407_086","CA0406L9D001407","NEW ECONOMICS FOR WOMEN","CA","2015-02-12",NA,158211
260075423,"ASST_NON_CA1206L9T211401_086","CA1206L9T211401","CITY OF WOODLAND","CA","2015-02-12",NA,14803
260072953,"ASST_NON_CA1142L9D091403_086","CA1142L9D091403","LIFE COMMUNITY DEVELOPMENT","CA","2015-02-12",NA,165610
260033439,"ASST_NON_CA0273L9T131405_086","CA0273L9T131405","KINGS UNITED WAY","CA","2015-02-12",NA,103861
260067808,"ASST_NON_CA1023L9D091402_086","CA1023L9D091402","LIFE COMMUNITY DEVELOPMENT","CA","2015-02-12",NA,84346
260067546,"ASST_NON_CA0986L9T211402_086","CA0986L9T211402","CITY OF WOODLAND","CA","2015-02-12",NA,24007
260014234,"ASST_NON_CA0023L9T001407_086","CA0023L9T001407","SOUTH COUNTY HOUSING CORPORATION","CA","2015-02-12",NA,92745
260032728,"ASST_NON_CA0269L9T121407_086","CA0269L9T121407","MENTAL HEALTH ASSOCIATION OF SAN MATEO COUNTY","CA","2015-02-12",NA,40283
260035476,"ASST_NON_CA0309L9T211406_086","CA0309L9T211406","CITY OF WOODLAND","CA","2015-02-12",NA,144998
260057769,"ASST_NON_CA0748L9T021405_086","CA0748L9T021405","ABODE HOUSING DEVELOPMENT","CA","2015-02-12",NA,36166
260036354,"ASST_NON_CA0319L9T261404_086","CA0319L9T261404","SIERRA HOPE","CA","2015-02-12",NA,46110
260060111,"ASST_NON_CA0780L9T201406_086","CA0780L9T201406","COUNTY OF MERCED","CA","2015-02-12",NA,133885
260061686,"ASST_NON_CA0847L9T191403_086","CA0847L9T191403","BUTTE COUNTY BEHAVIORAL HEALTH","CA","2015-02-12",NA,25306
260072906,"ASST_NON_CA1137L9D091403_086","CA1137L9D091403","TIME FOR CHANGE FOUNDATION","CA","2015-02-12",NA,354708
260054473,"ASST_NON_CA0696L9D011407_086","CA0696L9D011407","CRISIS HOUSE","CA","2015-02-12",NA,192211
260065250,"ASST_NON_CA0938L9D091405_086","CA0938L9D091405","CENTRAL CITY LUTHERAN MISSION","CA","2015-02-12",NA,75740
260075858,"ASST_NON_CA1215L9T191402_086","CA1215L9T191402","HOUSING AUTHORITY OF THE COUNTY OF BUTTE","CA","2015-02-12",NA,33787
260036339,"ASST_NON_CA0318L9T251406_086","CA0318L9T251406","THE CENTER FOR VIOLENCE-FREE RELATIONSHIPS","CA","2015-02-12",NA,12419
260054466,"ASST_NON_CA0695L9D011407_086","CA0695L9D011407","CRISIS HOUSE","CA","2015-02-12",NA,414891
260022727,"ASST_NON_CA0112L9T021407_086","CA0112L9T021407","BUILDING OPPORTUNITIES FOR SELF-SUFFICIENCY","CA","2015-02-12",NA,167162
260061679,"ASST_NON_CA0846L9T191403_086","CA0846L9T191403","BUTTE COUNTY BEHAVIORAL HEALTH","CA","2015-02-12",NA,42313
260068823,"ASST_NON_CA1044L9T191404_086","CA1044L9T191404","HOUSING AUTHORITY OF THE COUNTY OF BUTTE","CA","2015-02-12",NA,120783
260021847,"ASST_NON_CA0095L9T021407_086","CA0095L9T021407","BUILDING OPPORTUNITIES FOR SELF-SUFFICIENCY","CA","2015-02-12",NA,117187
260057700,"ASST_NON_CA0745L9T001406_086","CA0745L9T001406","ABODE SERVICES","CA","2015-02-12",NA,445314
260054983,"ASST_NON_CA0702L9D011407_086","CA0702L9D011407","REGIONAL TASK FORCE ON THE HOMELESS, INC","CA","2015-02-12",NA,417072
260014255,"ASST_NON_CA0026L9T001407_086","CA0026L9T001407","ABODE SERVICES","CA","2015-02-12",NA,142608
260066697,"ASST_NON_CA0950L9T001402_086","CA0950L9T001402","ABODE SERVICES","CA","2015-02-12","2015-02-12101600051264",390839
260067804,"ASST_NON_CA1021L9D091401_086","CA1021L9D091401","CENTRAL CITY LUTHERAN MISSION","CA","2015-02-12",NA,22972
260070084,"ASST_NON_CA1063L9T021402_086","CA1063L9T021402","ABODE SERVICES","CA","2015-02-12",NA,971983
260022298,"ASST_NON_CA0104L9T021407_086","CA0104L9T021407","BUILDING OPPORTUNITIES FOR SELF-SUFFICIENCY","CA","2015-02-12",NA,75919
260019775,"ASST_NON_CA0079L9T011407_086","CA0079L9T011407","SWORDS TO PLOWSHARES VETERANS RIGHTS ORGANIZATION","CA","2015-02-12",NA,256458
260022245,"ASST_NON_CA0100L9T021407_086","CA0100L9T021407","BUILDING OPPORTUNITIES FOR SELF-SUFFICIENCY","CA","2015-02-12",NA,237812
260066734,"ASST_NON_CA0953L9T021403_086","CA0953L9T021403","ABODE SERVICES","CA","2015-02-12","2015-02-12101600051256",474829
260064384,"ASST_NON_CA0908L9T191405_086","CA0908L9T191405","BUTTE COUNTY BEHAVIORAL HEALTH","CA","2015-02-12",NA,33305
260067514,"ASST_NON_CA0983L9T191402_086","CA0983L9T191402","BUTTE COUNTY BEHAVIORAL HEALTH","CA","2015-02-12",NA,25107
260022866,"ASST_NON_CA0117L9T021407_086","CA0117L9T021407","BUILDING OPPORTUNITIES FOR SELF-SUFFICIENCY","CA","2015-02-12",NA,189264
260063541,"ASST_NON_CA0870L9D041402_086","CA0870L9D041402","WOMEN'S CENTER - HIGH DESERT","CA","2015-02-12",NA,116606
260047051,"ASST_NON_CA0595L9D031407_086","CA0595L9D031407","COUNTY OF SANTA BARBARA ALCOHOL, DRUG, MENTAL HEALTH","CA","2015-02-12",NA,115315
260067505,"ASST_NON_CA0982L9T191402_086","CA0982L9T191402","BUTTE COUNTY BEHAVIORAL HEALTH","CA","2015-02-12",NA,25388
260067789,"ASST_NON_CA1019L9D091402_086","CA1019L9D091402","LIGHTHOUSE SOCIAL SERVICE CENTERS","CA","2015-02-12",NA,476633
260023793,"ASST_NON_CA0120L9T021407_086","CA0120L9T021407","ABODE SERVICES","CA","2015-02-12",NA,604658
260072930,"ASST_NON_CA1139L9D091403_086","CA1139L9D091403","LIGHTHOUSE SOCIAL SERVICE CENTERS","CA","2015-02-12",NA,323251
260034577,"ASST_NON_CA0287L9T161407_086","CA0287L9T161407","FAITHWORKS COMMUNITY COALITION","CA","2015-02-12",NA,17823
260054482,"ASST_NON_CA0698L9D011407_086","CA0698L9D011407","VOLUNTEERS OF AMERICA, SOUTHWEST CALIFORNIA, INCORPORATION","CA","2015-02-12",NA,294538
260067464,"ASST_NON_CA0977L9T141401_086","CA0977L9T141401","HOUSING AUTHORITY OF THE CITY OF FRESNO","CA","2015-02-12",NA,77667
260030797,"ASST_NON_CA0230L9T081407_086","CA0230L9T081407","COMMUNITY TECHNOLOGY ALLIANCE","CA","2015-02-12",NA,91699
260034512,"ASST_NON_CA0281L9T141407_086","CA0281L9T141407","HOUSING AUTHORITY OF THE CITY OF FRESNO","CA","2015-02-12",NA,149469
260035397,"ASST_NON_CA0307L9T211407_086","CA0307L9T211407","SHORES OF HOPE","CA","2015-02-12",NA,44026
260029202,"ASST_NON_CA0201L9T061406_086","CA0201L9T061406","SALVATION ARMY RESIDENCES, INC. THE","CA","2015-02-12",NA,103951
260071803,"ASST_NON_CA1090L9T141401_086","CA1090L9T141401","FRESNO COUNTY ECONOMIC OPPORTUNITIES COMMISSION","CA","2015-02-12",NA,364400
260072851,"ASST_NON_CA1123L9D031401_086","CA1123L9D031401","COUNTY OF SANTA BARBARA","CA","2015-02-12",NA,63786
260064365,"ASST_NON_CA0906L9T141405_086","CA0906L9T141405","VALLEY TEEN RANCH","CA","2015-02-12",NA,30620
260072946,"ASST_NON_CA1141L9D091402_086","CA1141L9D091402","GLOBAL ONE DEVELOPMENT CENTER","CA","2015-02-12",NA,185775
260033585,"ASST_NON_CA0278L9T141407_086","CA0278L9T141407","HOUSING AUTHORITY OF THE CITY OF FRESNO","CA","2015-02-12",NA,137700
260022832,"ASST_NON_CA0116L9T021407_086","CA0116L9T021407","CITY OF BERKELEY","CA","2015-02-12",NA,2274286
260048173,"ASST_NON_CA0609L9D041407_086","CA0609L9D041407","CLINICA SIERRA VISTA","CA","2015-02-12",NA,94861
260067452,"ASST_NON_CA0976L9T141403_086","CA0976L9T141403","HOUSING AUTHORITY OF THE CITY OF FRESNO","CA","2015-02-12",NA,76500
260067723,"ASST_NON_CA1006L9D031403_086","CA1006L9D031403","COUNTY OF SANTA BARBARA","CA","2015-02-12",NA,64283
260025144,"ASST_NON_CA0153L9T031407_086","CA0153L9T031407","HOUSING AUTHORITY OF THE COUNTY OF SACRAMENTO","CA","2015-02-12",NA,4261551
260033462,"ASST_NON_CA0276L9T141402_086","CA0276L9T141402","HOUSING AUTHORITY OF THE CITY OF FRESNO","CA","2015-02-12",NA,76215
260058890,"ASST_NON_CA0769L9T141406_086","CA0769L9T141406","FRESNO COUNTY ECONOMIC OPPORTUNITIES COMMISSION","CA","2015-02-12",NA,184008
259634166,"ASST_NON_AZ0115L9T021405_086","AZ0115L9T021405","UNITED STATES VETERANS INITIATIVE","CA","2015-02-12",NA,159699
259630774,"ASST_NON_AZ0053L9T021407_086","AZ0053L9T021407","UNITED STATES VETERANS INITIATIVE","CA","2015-02-12",NA,496562
260022337,"ASST_NON_CA0108L9T021407_086","CA0108L9T021407","CITY OF BERKELEY","CA","2015-02-12",NA,139604
260033426,"ASST_NON_CA0272L9T131402_086","CA0272L9T131402","TULARE, CITY OF","CA","2015-02-12","2015-02-12101600049932",53272
260033449,"ASST_NON_CA0275L9T141401_086","CA0275L9T141401","HOUSING AUTHORITY OF THE CITY OF FRESNO","CA","2015-02-12",NA,51918
260048072,"ASST_NON_CA0600L9D031407_086","CA0600L9D031407","COUNTY OF SANTA BARBARA","CA","2015-02-12",NA,21913
260023810,"ASST_NON_CA0121L9T021407_086","CA0121L9T021407","CITY OF BERKELEY","CA","2015-02-12",NA,143395
260074994,"ASST_NON_CA1198L9D041401_086","CA1198L9D041401","CLINICA SIERRA VISTA","CA","2015-02-12",NA,59814
260061005,"ASST_NON_CA0827L9T021401_086","CA0827L9T021401","CITY OF BERKELEY","CA","2015-02-12",NA,217428
260025120,"ASST_NON_CA0151L9T031407_086","CA0151L9T031407","HOUSING AUTHORITY OF THE COUNTY OF SACRAMENTO","CA","2015-02-12",NA,132675
260059547,"ASST_NON_CA0770L9T141406_086","CA0770L9T141406","FRESNO COUNTY ECONOMIC OPPORTUNITIES COMMISSION","CA","2015-02-12",NA,597022
260033474,"ASST_NON_CA0277L9T141401_086","CA0277L9T141401","HOUSING AUTHORITY OF THE CITY OF FRESNO","CA","2015-02-12",NA,328579
260034504,"ASST_NON_CA0280L9T141406_086","CA0280L9T141406","FRESNO COUNTY ECONOMIC OPPORTUNITIES COMMISSION","CA","2015-02-12",NA,294486
260067734,"ASST_NON_CA1008L9D041403_086","CA1008L9D041403","CLINICA SIERRA VISTA","CA","2015-02-12",NA,230440
260045100,"ASST_NON_CA0547L9D011407_086","CA0547L9D011407","VOLUNTEERS OF AMERICA, SOUTHWEST CALIFORNIA, INCORPORATION","CA","2015-02-12",NA,276950
260047173,"ASST_NON_CA0598L9D031407_086","CA0598L9D031407","COUNTY OF SANTA BARBARA","CA","2015-02-12",NA,104767
260057785,"ASST_NON_CA0749L9T021405_086","CA0749L9T021405","CITY OF BERKELEY","CA","2015-02-12",NA,518038
260067488,"ASST_NON_CA0979L9T151402_086","CA0979L9T151402","ADVOCATES FOR MENTALLY ILL HOUSING INC","CA","2015-02-12",NA,31569
260061675,"ASST_NON_CA0845L9T181403_086","CA0845L9T181403","LUHAD","CA","2015-02-12",NA,29165
260023880,"ASST_NON_CA0127L9T031401_086","CA0127L9T031401","HOUSING AUTHORITY OF THE COUNTY OF SACRAMENTO","CA","2015-02-12",NA,132050
260042645,"ASST_NON_CA0484L9D001407_086","CA0484L9D001407","LOS ANGELES LGBT CENTER","CA","2015-02-12",NA,374754
260045697,"ASST_NON_CA0565L9D021407_086","CA0565L9D021407","VETERANS FIRST","CA","2015-02-12",NA,259661
260051749,"ASST_NON_CA0653L9D071401_086","CA0653L9D071401","CITY OF PASADENA","CA","2015-02-12",NA,42437
260024078,"ASST_NON_CA0146L9T031407_086","CA0146L9T031407","TLCS INC","CA","2015-02-12",NA,311488
260025413,"ASST_NON_CA0184L9T051407_086","CA0184L9T051407","GARDEN PARK APARTMENTS COMMUNITY","CA","2015-02-12",NA,254764
260051764,"ASST_NON_CA0655L9D071407_086","CA0655L9D071407","CITY OF PASADENA","CA","2015-02-12",NA,109663
260037533,"ASST_NON_CA0333L9D001407_086","CA0333L9D001407","YOUNG MEN'S CHRISTIAN ASSOCIATION OF METROPOLITAN LOS ANGELES","CA","2015-02-12",NA,180867
260052213,"ASST_NON_CA0660L9D071407_086","CA0660L9D071407","CITY OF PASADENA","CA","2015-02-12",NA,45027
260025186,"ASST_NON_CA0158L9T031407_086","CA0158L9T031407","TLCS INC","CA","2015-02-12",NA,369190
260060899,"ASST_NON_CA0810L9D021406_086","CA0810L9D021406","VETERANS FIRST","CA","2015-02-12","2015-02-12101600052056",216259
260071836,"ASST_NON_CA1093L9T151403_086","CA1093L9T151403","COUNTY OF NEVADA","CA","2015-02-12",NA,110841
260069599,"ASST_NON_CA1054L9D071404_086","CA1054L9D071404","CITY OF PASADENA","CA","2015-02-12",NA,56583
260038296,"ASST_NON_CA0341L9D001407_086","CA0341L9D001407","ASIAN PACIFIC WOMENS CENTER INC","CA","2015-02-12",NA,152667
260039558,"ASST_NON_CA0387L9D001407_086","CA0387L9D001407","HOMES FOR LIFE FOUNDATION","CA","2015-02-12",NA,74061
260024030,"ASST_NON_CA0141L9T031407_086","CA0141L9T031407","TLCS INC","CA","2015-02-12",NA,251557
260070146,"ASST_NON_CA1068L9T031402_086","CA1068L9T031402","TLCS INC","CA","2015-02-12",NA,165779
260019650,"ASST_NON_CA0071L9T011407_086","CA0071L9T011407","SAN FRANCISCO NETWORK MINISTRIES HOUSING CORPORATION","CA","2015-02-12",NA,71339
260052234,"ASST_NON_CA0662L9D071407_086","CA0662L9D071407","CITY OF PASADENA","CA","2015-02-12",NA,742858
260048098,"ASST_NON_CA0603L9D031407_086","CA0603L9D031407","HOUSING AUTHORITY OF THE CITY OF SANTA BARBARA","CA","2015-02-12",NA,652908
260029280,"ASST_NON_CA0208L9T061407_086","CA0208L9T061407","INTERIM, INC.","CA","2015-02-12",NA,100682
260072958,"ASST_NON_CA1143L9D091403_086","CA1143L9D091403","UNITED STATES VETERANS INITIATIVE","CA","2015-02-12",NA,1052949
260024067,"ASST_NON_CA0145L9T031407_086","CA0145L9T031407","TLCS INC","CA","2015-02-12",NA,91873
260051790,"ASST_NON_CA0658L9D071407_086","CA0658L9D071407","CITY OF PASADENA","CA","2015-02-12",NA,242628
260051807,"ASST_NON_CA0659L9D071407_086","CA0659L9D071407","CITY OF PASADENA","CA","2015-02-12",NA,140378
260052251,"ASST_NON_CA0663L9D071407_086","CA0663L9D071407","CITY OF PASADENA","CA","2015-02-12",NA,124423
260043676,"ASST_NON_CA0521L9D001407_086","CA0521L9D001407","RAINBOW SERVICES, LIMITED","CA","2015-02-12",NA,259869
260058313,"ASST_NON_CA0756L9T071406_086","CA0756L9T071406","HOUSING AUTHORITY OF THE COUNTY OF MARIN","CA","2015-02-12",NA,62446
260066786,"ASST_NON_CA0958L9T061402_086","CA0958L9T061402","INTERIM, INC.","CA","2015-02-12","2015-02-12101600051236",98809
260030273,"ASST_NON_CA0221L9T071407_086","CA0221L9T071407","HOUSING AUTHORITY OF THE COUNTY OF MARIN","CA","2015-02-12",NA,1082793
260076527,"ASST_NON_CA1231L9D021401_086","CA1231L9D021401","PATHWAYS OF HOPE","CA","2015-02-12",NA,254243
260070096,"ASST_NON_CA1065L9T031402_086","CA1065L9T031402","TLCS INC","CA","2015-02-12",NA,263718
260045690,"ASST_NON_CA0564L9D021407_086","CA0564L9D021407","VETERANS FIRST","CA","2015-02-12",NA,162745
260038491,"ASST_NON_CA0351L9D001407_086","CA0351L9D001407","HOMES FOR LIFE FOUNDATION","CA","2015-02-12",NA,344019
260044493,"ASST_NON_CA0530L9D001407_086","CA0530L9D001407","CALIFORNIA COUNCIL FOR VETERANS AFFAIRS, INC.","CA","2015-02-12",NA,138811
260051778,"ASST_NON_CA0656L9D071407_086","CA0656L9D071407","CITY OF PASADENA","CA","2015-02-12",NA,125567
260065153,"ASST_NON_CA0933L9D071405_086","CA0933L9D071405","CITY OF PASADENA","CA","2015-02-12",NA,54146
260077289,"ASST_NON_CA1259L9D071401_086","CA1259L9D071401","CITY OF PASADENA","CA","2015-02-12",NA,168453
260029297,"ASST_NON_CA0209L9T061407_086","CA0209L9T061407","INTERIM, INC.","CA","2015-02-12",NA,140800
260071025,"ASST_NON_CA1088L9T131401_086","CA1088L9T131401","COMMUNITY SERVICES AND EMPLOYMENT TRAINING, INCORPORATED","CA","2015-02-12",NA,313831
260070669,"ASST_NON_CA1072L9T061402_086","CA1072L9T061402","SAN BENITO, COUNTY OF","CA","2015-02-12",NA,216950
260074073,"ASST_NON_CA1174L9T041401_086","CA1174L9T041401","CATHOLIC CHARITIES OF THE DIOCESE OF SANTA ROSA","CA","2015-02-12",NA,96530
260025437,"ASST_NON_CA0186L9T051407_086","CA0186L9T051407","RUBICON PROGRAMS INC","CA","2015-02-12",NA,194836
260064313,"ASST_NON_CA0899L9T101405_086","CA0899L9T101405","COMMUNITY IMPACT CENTRAL VALLEY","CA","2015-02-12",NA,165721
260035307,"ASST_NON_CA0300L9T181407_086","CA0300L9T181407","CAMINAR","CA","2015-02-12",NA,76875
260045084,"ASST_NON_CA0543L9D011407_086","CA0543L9D011407","ST. VINCENT DE PAUL VILLAGE, INC.","CA","2015-02-12",NA,662800
260058325,"ASST_NON_CA0758L9T101404_086","CA0758L9T101404","COMMUNITY IMPACT CENTRAL VALLEY","CA","2015-02-12","2015-02-12101600050156",231426
260025602,"ASST_NON_CA0192L9T051407_086","CA0192L9T051407","RUBICON PROGRAMS INC","CA","2015-02-12",NA,666691
260061565,"ASST_NON_CA0833L9T101402_086","CA0833L9T101402","COMMUNITY HOUSING AND SHELTER SERVICES OF STANISLAUS COUNTY","CA","2015-02-12",NA,184559
260031571,"ASST_NON_CA0243L9T101405_086","CA0243L9T101405","COMMUNITY HOUSING AND SHELTER SERVICES OF STANISLAUS COUNTY","CA","2015-02-12",NA,90011
260035164,"ASST_NON_CA0294L9T181406_086","CA0294L9T181406","CAMINAR","CA","2015-02-12",NA,30926
260060946,"ASST_NON_CA0818L9D011406_086","CA0818L9D011406","ALPHA PROJECT FOR THE HOMELESS","CA","2015-02-12","2015-02-12101600052072",147620
260030833,"ASST_NON_CA0232L9T081407_086","CA0232L9T081407","HOUSING MATTERS","CA","2015-02-12",NA,145307
260068332,"ASST_NON_CA1032L9T001404_086","CA1032L9T001404","BILL WILSON CENTER","CA","2015-02-12",NA,254222
260045119,"ASST_NON_CA0551L9D011407_086","CA0551L9D011407","ST. VINCENT DE PAUL VILLAGE, INC.","CA","2015-02-12",NA,395425
260045683,"ASST_NON_CA0563L9D021405_086","CA0563L9D021405","WOMENS TRANSITIONAL LIVING CENTER INC","CA","2015-02-12","2015-02-12101600051604",76001
260064290,"ASST_NON_CA0896L9T101405_086","CA0896L9T101405","COMMUNITY IMPACT CENTRAL VALLEY","CA","2015-02-12",NA,124894
260022347,"ASST_NON_CA0109L9T021407_086","CA0109L9T021407","SATELLITE AFFORDABLE HOUSING ASSOCIATES","CA","2015-02-12","2015-02-12101600049416",39462
260023838,"ASST_NON_CA0123L9T021407_086","CA0123L9T021407","YVETTE A FLUNDER FOUNDATION INC","CA","2015-02-12",NA,216487
260045175,"ASST_NON_CA0559L9D021405_086","CA0559L9D021405","WOMENS TRANSITIONAL LIVING CENTER INC","CA","2015-02-12","2015-02-12101600051588",42890
260030352,"ASST_NON_CA0229L9T081407_086","CA0229L9T081407","ENCOMPASS COMMUNITY SERVICES","CA","2015-02-12",NA,15645
260064305,"ASST_NON_CA0897L9T101405_086","CA0897L9T101405","COMMUNITY HOUSING AND SHELTER SERVICES OF STANISLAUS COUNTY","CA","2015-02-12",NA,69643
260036246,"ASST_NON_CA0310L9T211407_086","CA0310L9T211407","CITY OF DAVIS, CALIFORNIA","CA","2015-02-12",NA,101016
260059699,"ASST_NON_CA0779L9T191406_086","CA0779L9T191406","CAMINAR","CA","2015-02-12",NA,63039
260025638,"ASST_NON_CA0197L9T051407_086","CA0197L9T051407","RUBICON PROGRAMS INC","CA","2015-02-12",NA,96300
260060808,"ASST_NON_CA0802L9D011406_086","CA0802L9D011406","ST. VINCENT DE PAUL VILLAGE, INC.","CA","2015-02-12","2015-02-12101600052036",44809
260044548,"ASST_NON_CA0537L9D011407_086","CA0537L9D011407","ST. VINCENT DE PAUL VILLAGE, INC.","CA","2015-02-12",NA,611853
260072837,"ASST_NON_CA1121L9D021402_086","CA1121L9D021402","THE ILLUMINATION FOUNDATION","CA","2015-02-12",NA,368661
260025430,"ASST_NON_CA0185L9T051407_086","CA0185L9T051407","GREATER RICHMOND INTER-FAITH PROGRAM","CA","2015-02-12",NA,108251
260035192,"ASST_NON_CA0298L9T181407_086","CA0298L9T181407","CAMINAR","CA","2015-02-12",NA,48824
260022753,"ASST_NON_CA0113L9T021407_086","CA0113L9T021407","RUBICON PROGRAMS INC","CA","2015-02-12",NA,1038171
260046373,"ASST_NON_CA0585L9D021407_086","CA0585L9D021407","THE ELI HOME, INC.","CA","2015-02-12",NA,534263
260045077,"ASST_NON_CA0542L9D011407_086","CA0542L9D011407","ST. VINCENT DE PAUL VILLAGE, INC.","CA","2015-02-12",NA,845115
260078419,"ASST_NON_CA1281L9T041401_086","CA1281L9T041401","CATHOLIC CHARITIES OF THE DIOCESE OF SANTA ROSA","CA","2015-02-12",NA,256121
260044539,"ASST_NON_CA0536L9D011407_086","CA0536L9D011407","ST. VINCENT DE PAUL VILLAGE, INC.","CA","2015-02-12",NA,508728
260031535,"ASST_NON_CA0240L9T101403_086","CA0240L9T101403","COMMUNITY IMPACT CENTRAL VALLEY","CA","2015-02-12",NA,92650
260059561,"ASST_NON_CA0772L9T141406_086","CA0772L9T141406","COMMUNITY ACTION PARTNERSHIP OF MADERA COUNTY, INC.","CA","2015-02-12",NA,188921
260029195,"ASST_NON_CA0200L9T051407_086","CA0200L9T051407","RUBICON PROGRAMS INC","CA","2015-02-12",NA,47208
260048089,"ASST_NON_CA0602L9D031407_086","CA0602L9D031407","DOMESTIC VIOLENCE SOLUTIONS FOR SANTA BARBARA COUNTY","CA","2015-02-12",NA,59930
260067496,"ASST_NON_CA0981L9T181403_086","CA0981L9T181403","CAMINAR","CA","2015-02-12",NA,30681
260015498,"ASST_NON_CA0031L9T001407_086","CA0031L9T001407","BILL WILSON CENTER","CA","2015-02-12",NA,558923
260030325,"ASST_NON_CA0226L9T081407_086","CA0226L9T081407","ENCOMPASS COMMUNITY SERVICES","CA","2015-02-12",NA,44108
260015516,"ASST_NON_CA0032L9T001407_086","CA0032L9T001407","BILL WILSON CENTER","CA","2015-02-12",NA,309348
260078414,"ASST_NON_CA1280L9T041401_086","CA1280L9T041401","CATHOLIC CHARITIES OF THE DIOCESE OF SANTA ROSA","CA","2015-02-12",NA,143413
260031556,"ASST_NON_CA0242L9T101405_086","CA0242L9T101405","COMMUNITY IMPACT CENTRAL VALLEY","CA","2015-02-12",NA,201289
260043459,"ASST_NON_CA0505L9D001407_086","CA0505L9D001407","L. A. FAMILY HOUSING CORPORATION","CA","2015-02-12",NA,362439
260047069,"ASST_NON_CA0597L9D031407_086","CA0597L9D031407","TRANSITION HOUSE","CA","2015-02-12",NA,56855
260064275,"ASST_NON_CA0895L9T101405_086","CA0895L9T101405","CENTER FOR HUMAN SERVICES","CA","2015-02-12",NA,43241
260057676,"ASST_NON_CA0741L9D141407_086","CA0741L9D141407","COUNTY OF SAN LUIS OBISPO","CA","2015-02-12",NA,215422
260031594,"ASST_NON_CA0245L9T101405_086","CA0245L9T101405","CENTER FOR HUMAN SERVICES","CA","2015-02-12",NA,78976
260021854,"ASST_NON_CA0096L9T021407_086","CA0096L9T021407","CITY OF OAKLAND","CA","2015-02-12",NA,1864465
260032489,"ASST_NON_CA0259L9T121407_086","CA0259L9T121407","LIFEMOVES","CA","2015-02-12",NA,230050
260057668,"ASST_NON_CA0740L9D141407_086","CA0740L9D141407","COUNTY OF SAN LUIS OBISPO","CA","2015-02-12",NA,483009
260055517,"ASST_NON_CA0714L9D011407_086","CA0714L9D011407","CITY OF OCEANSIDE","CA","2015-02-12",NA,145091
260046241,"ASST_NON_CA0571L9D021407_086","CA0571L9D021407","COLETTE'S CHILDREN HOME, INC.","CA","2015-02-12",NA,148117
260012265,"ASST_NON_CA0012L9T001407_086","CA0012L9T001407","LIFEMOVES","CA","2015-02-12",NA,49906
260032473,"ASST_NON_CA0257L9T121406_086","CA0257L9T121406","LIFEMOVES","CA","2015-02-12",NA,504212
260032462,"ASST_NON_CA0256L9T121406_086","CA0256L9T121406","LIFEMOVES","CA","2015-02-12",NA,133750
260046249,"ASST_NON_CA0572L9D021407_086","CA0572L9D021407","COLETTE'S CHILDREN HOME, INC.","CA","2015-02-12",NA,117486
260021822,"ASST_NON_CA0093L9T021407_086","CA0093L9T021407","CITY OF OAKLAND","CA","2015-02-12",NA,249815
260059691,"ASST_NON_CA0778L9T181407_086","CA0778L9T181407","REYNAISSANCE FAMILY CENTER","CA","2015-02-12",NA,42600
260034547,"ASST_NON_CA0285L9T151407_086","CA0285L9T151407","PLACER COUNTY- ADULT SYSTEM OF CARE","CA","2015-02-12",NA,366606
260072879,"ASST_NON_CA1130L9D041401_086","CA1130L9D041401","CALIFORNIA VETERANS ASSISTANCE FOUNDATION, INC.","CA","2015-02-12",NA,140497
260025459,"ASST_NON_CA0188L9T051407_086","CA0188L9T051407","STAND! FOR FAMILIES FREE OF VIOLENCE","CA","2015-02-12",NA,77010
260037508,"ASST_NON_CA0331L9D001407_086","CA0331L9D001407","A COMMUNITY OF FRIENDS","CA","2015-02-12",NA,138885
260042280,"ASST_NON_CA0453L9D001407_086","CA0453L9D001407","NEW DIRECTIONS, INC.","CA","2015-02-12",NA,585586
260022315,"ASST_NON_CA0106L9T021407_086","CA0106L9T021407","CITY OF OAKLAND","CA","2015-02-12",NA,713095
260068324,"ASST_NON_CA1030L9D141403_086","CA1030L9D141403","COUNTY OF SAN LUIS OBISPO","CA","2015-02-12",NA,60919
260067872,"ASST_NON_CA1029L9D141404_086","CA1029L9D141404","COUNTY OF SAN LUIS OBISPO","CA","2015-02-12",NA,52916
260022289,"ASST_NON_CA0103L9T021407_086","CA0103L9T021407","CITY OF OAKLAND","CA","2015-02-12",NA,264765
260042560,"ASST_NON_CA0478L9D001407_086","CA0478L9D001407","A COMMUNITY OF FRIENDS","CA","2015-02-12",NA,217060
260014200,"ASST_NON_CA0020L9T001407_086","CA0020L9T001407","LIFEMOVES","CA","2015-02-12",NA,44691
260065143,"ASST_NON_CA0930L9D021405_086","CA0930L9D021405","COLETTE'S CHILDREN HOME, INC.","CA","2015-02-12",NA,126260
260012304,"ASST_NON_CA0016L9T001407_086","CA0016L9T001407","LIFEMOVES","CA","2015-02-12",NA,149763
260065265,"ASST_NON_CA0939L9D091405_086","CA0939L9D091405","COUNTY OF SAN BERNARDINO","CA","2015-02-12",NA,250158
260076350,"ASST_NON_CA1228L9D021401_086","CA1228L9D021401","COLETTE'S CHILDREN HOME, INC.","CA","2015-02-12",NA,171104
260056961,"ASST_NON_CA0737L9D141406_086","CA0737L9D141406","COUNTY OF SAN LUIS OBISPO","CA","2015-02-12",NA,61160
260040763,"ASST_NON_CA0428L9D001407_086","CA0428L9D001407","A COMMUNITY OF FRIENDS","CA","2015-02-12",NA,53245
260011879,"ASST_NON_CA0009L9T001407_086","CA0009L9T001407","LIFEMOVES","CA","2015-02-12",NA,29073
260042739,"ASST_NON_CA0489L9D001407_086","CA0489L9D001407","SU CASA ~ ENDING DOMESTIC VIOLENCE","CA","2015-02-12",NA,53462
260012254,"ASST_NON_CA0011L9T001407_086","CA0011L9T001407","LIFEMOVES","CA","2015-02-12",NA,134441
260072976,"ASST_NON_CA1145L9D141403_086","CA1145L9D141403","COUNTY OF SAN LUIS OBISPO","CA","2015-02-12",NA,125436
260060862,"ASST_NON_CA0806L9D021406_086","CA0806L9D021406","COLETTE'S CHILDREN HOME, INC.","CA","2015-02-12","2015-02-12101600052048",126260
260063045,"ASST_NON_CA0869L9D041402_086","CA0869L9D041402","THE OPEN DOOR NETWORK","CA","2015-02-12",NA,133139
260039722,"ASST_NON_CA0398L9D001407_086","CA0398L9D001407","ST JOSEPH CENTER","CA","2015-02-12",NA,48146
260064342,"ASST_NON_CA0903L9T121405_086","CA0903L9T121405","LIFEMOVES","CA","2015-02-12","2015-02-12101600051284",118442
260012311,"ASST_NON_CA0017L9T001407_086","CA0017L9T001407","LIFEMOVES","CA","2015-02-12",NA,104860
260057072,"ASST_NON_CA0739L9D141406_086","CA0739L9D141406","COUNTY OF SAN LUIS OBISPO","CA","2015-02-12",NA,62700
260012272,"ASST_NON_CA0013L9T001407_086","CA0013L9T001407","LIFEMOVES","CA","2015-02-12",NA,156119
260060868,"ASST_NON_CA0807L9D021406_086","CA0807L9D021406","COLETTE'S CHILDREN HOME, INC.","CA","2015-02-12","2015-02-12101600052052",126260
260073622,"ASST_NON_CA1164L9D021403_086","CA1164L9D021403","COLETTE'S CHILDREN HOME, INC.","CA","2015-02-12",NA,100010
260032602,"ASST_NON_CA0261L9T121407_086","CA0261L9T121407","LIFEMOVES","CA","2015-02-12",NA,133750
260048115,"ASST_NON_CA0604L9D031407_086","CA0604L9D031407","TRANSITION HOUSE","CA","2015-02-12",NA,62939
260059593,"ASST_NON_CA0774L9T151405_086","CA0774L9T151405","PLACER COUNTY- ADULT SYSTEM OF CARE","CA","2015-02-12",NA,273092
260078358,"ASST_NON_CA1279L9D021401_086","CA1279L9D021401","FRIENDSHIP SHELTER, INC.","CA","2015-02-12",NA,69972
260032451,"ASST_NON_CA0255L9T121407_086","CA0255L9T121407","CORA COMMUNITY OVERCOMING RELATIONSHIP ABUSE","CA","2015-02-12",NA,229668
260037028,"ASST_NON_CA0327L9D001402_086","CA0327L9D001402","CITY OF SANTA MONICA","CA","2015-02-12",NA,324489
260064268,"ASST_NON_CA0893L9T051405_086","CA0893L9T051405","CONTRA COSTA INTERFAITH TRANSITIONAL HOUSING, INC","CA","2015-02-12",NA,134223
260073629,"ASST_NON_CA1165L9D021403_086","CA1165L9D021403","ORANGE COUNTY HOUSING AUTHORITY","CA","2015-02-12",NA,612971
260039709,"ASST_NON_CA0396L9D001407_086","CA0396L9D001407","LOS ANGELES YOUTH NETWORK","CA","2015-02-12",NA,41300
260045645,"ASST_NON_CA0560L9D021402_086","CA0560L9D021402","ORANGE COUNTY HOUSING AUTHORITY","CA","2015-02-12","2015-02-12101600051592",164830
260045714,"ASST_NON_CA0567L9D021407_086","CA0567L9D021407","ORANGE COUNTY HOUSING AUTHORITY","CA","2015-02-12",NA,1059971
260021777,"ASST_NON_CA0090L9T021407_086","CA0090L9T021407","WOMEN'S DAYTIME DROP-IN CENTER","CA","2015-02-12",NA,70289
260045658,"ASST_NON_CA0561L9D021402_086","CA0561L9D021402","ORANGE COUNTY HOUSING AUTHORITY","CA","2015-02-12","2015-02-12101600051596",247244
260038651,"ASST_NON_CA0359L9D001407_086","CA0359L9D001407","CITY OF SANTA MONICA","CA","2015-02-12",NA,401362
260072323,"ASST_NON_CA1119L9D021402_086","CA1119L9D021402","FRIENDSHIP SHELTER, INC.","CA","2015-02-12",NA,435470
260022684,"ASST_NON_CA0111L9T021406_086","CA0111L9T021406","RESOURCES FOR COMMUNITY DEVELOPMENT","CA","2015-02-12",NA,80867
260062985,"ASST_NON_CA0865L9D021401_086","CA0865L9D021401","ORANGE COUNTY HOUSING AUTHORITY","CA","2015-02-12",NA,305976
260035150,"ASST_NON_CA0293L9T171407_086","CA0293L9T171407","COUNTY OF NAPA","CA","2015-02-12",NA,157003
260046345,"ASST_NON_CA0581L9D021407_086","CA0581L9D021407","ORANGE COUNTY HOUSING AUTHORITY","CA","2015-02-12",NA,3281147
260040116,"ASST_NON_CA0402L9D001407_086","CA0402L9D001407","IMMANUEL HOUSING INC","CA","2015-02-12",NA,77643
260060905,"ASST_NON_CA0811L9D041406_086","CA0811L9D041406","HOUSING AUTHORITY OF THE COUNTY OF KERN","CA","2015-02-12","2015-02-12101600052060",1043784
260055533,"ASST_NON_CA0715L9D111407_086","CA0715L9D111407","VENTURA, COUNTY OF","CA","2015-02-12",NA,90778
260039296,"ASST_NON_CA0360L9D001407_086","CA0360L9D001407","CITY OF SANTA MONICA","CA","2015-02-12",NA,96256
260065845,"ASST_NON_CA0941L9D091405_086","CA0941L9D091405","FOOTHILL FAMILY SHELTER, INC.","CA","2015-02-12",NA,34125
260064668,"ASST_NON_CA0929L9D021405_086","CA0929L9D021405","ORANGE COUNTY HOUSING AUTHORITY","CA","2015-02-12",NA,536589
260025394,"ASST_NON_CA0181L9T051407_086","CA0181L9T051407","CONTRA COSTA INTERFAITH TRANSITIONAL HOUSING, INC","CA","2015-02-12",NA,114494
260056953,"ASST_NON_CA0736L9D131407_086","CA0736L9D131407","WOMANHAVEN","CA","2015-02-12",NA,164445
260068828,"ASST_NON_CA1045L9D001404_086","CA1045L9D001404","CITY OF SANTA MONICA","CA","2015-02-12",NA,360962
260046288,"ASST_NON_CA0577L9D021407_086","CA0577L9D021407","ORANGE COUNTY HOUSING AUTHORITY","CA","2015-02-12",NA,416145
260045704,"ASST_NON_CA0566L9D021407_086","CA0566L9D021407","ORANGE COUNTY HOUSING AUTHORITY","CA","2015-02-12",NA,581851
260035119,"ASST_NON_CA0290L9T171407_086","CA0290L9T171407","COUNTY OF NAPA","CA","2015-02-12",NA,20252
260072876,"ASST_NON_CA1129L9D041402_086","CA1129L9D041402","FLOOD BAKERSFIELD MINISTRIES, INC","CA","2015-02-12",NA,51970
260056946,"ASST_NON_CA0735L9D131405_086","CA0735L9D131405","CITY OF CALEXICO HOUSING AUTHORITY","CA","2015-02-12",NA,41500
260035133,"ASST_NON_CA0292L9T171407_086","CA0292L9T171407","THE HOUSING DEVELOPMENT CORPORATION OF THE CITY OF NAPA","CA","2015-02-12","2015-02-12101600050004",71834
260025452,"ASST_NON_CA0187L9T051407_086","CA0187L9T051407","RESOURCES FOR COMMUNITY DEVELOPMENT","CA","2015-02-12",NA,141155
260025377,"ASST_NON_CA0180L9T051407_086","CA0180L9T051407","CONTRA COSTA INTERFAITH TRANSITIONAL HOUSING, INC","CA","2015-02-12",NA,505876
260069578,"ASST_NON_CA1052L9D021404_086","CA1052L9D021404","ORANGE COUNTY HOUSING AUTHORITY","CA","2015-02-12",NA,655791
260062980,"ASST_NON_CA0864L9D021401_086","CA0864L9D021401","ORANGE COUNTY HOUSING AUTHORITY","CA","2015-02-12",NA,206335
260030343,"ASST_NON_CA0228L9T081407_086","CA0228L9T081407","FAMILIES IN TRANSITION OF SANTA CRUZ INC","CA","2015-02-12",NA,184609
260030842,"ASST_NON_CA0233L9T081407_086","CA0233L9T081407","FAMILIES IN TRANSITION OF SANTA CRUZ INC","CA","2015-02-12",NA,185923
260023868,"ASST_NON_CA0126L9T021407_086","CA0126L9T021407","FRED FINCH YOUTH CENTER","CA","2015-02-12",NA,663869
260034593,"ASST_NON_CA0289L9T171405_086","CA0289L9T171405","COUNTY OF NAPA","CA","2015-02-12",NA,13717
260021805,"ASST_NON_CA0092L9T021406_086","CA0092L9T021406","RESOURCES FOR COMMUNITY DEVELOPMENT","CA","2015-02-12",NA,77099
260025200,"ASST_NON_CA0159L9T041403_086","CA0159L9T041403","WEST COUNTY COMMUNITY SERVICES","CA","2015-02-12",NA,53243
260025331,"ASST_NON_CA0173L9T041407_086","CA0173L9T041407","COMMUNITY SUPPORT NETWORK","CA","2015-02-12",NA,46886
260061755,"ASST_NON_CA0849L9T201403_086","CA0849L9T201403","COMMUNITY/SOCIAL MODEL ADVOCATES, INC.","CA","2015-02-12",NA,44904
260067753,"ASST_NON_CA1012L9D041403_086","CA1012L9D041403","FLOOD BAKERSFIELD MINISTRIES, INC","CA","2015-02-12",NA,42293
260018634,"ASST_NON_CA0065L9T011407_086","CA0065L9T011407","CATHOLIC CHARITIES CYO OF THE ARCHDIOCESE OF SAN FRANCISCO","CA","2015-02-12",NA,146787
260074505,"ASST_NON_CA1188L9T171401_086","CA1188L9T171401","COUNTY OF NAPA","CA","2015-02-12",NA,1918
260074982,"ASST_NON_CA1197L9D041401_086","CA1197L9D041401","HOUSING AUTHORITY OF THE COUNTY OF KERN","CA","2015-02-12",NA,386300
260040285,"ASST_NON_CA0415L9D001407_086","CA0415L9D001407","CITY OF SANTA MONICA","CA","2015-02-12",NA,1726259
260060841,"ASST_NON_CA0804L9D021406_086","CA0804L9D021406","ORANGE COUNTY HOUSING AUTHORITY","CA","2015-02-12","2015-02-12101600052044",734157
260073614,"ASST_NON_CA1160L9D001403_086","CA1160L9D001403","CITY OF SANTA MONICA","CA","2015-02-12",NA,212186
260077130,"ASST_NON_CA1240L9D111401_086","CA1240L9D111401","VENTURA, COUNTY OF","CA","2015-02-12",NA,81829
260055563,"ASST_NON_CA0719L9D111407_086","CA0719L9D111407","VENTURA, COUNTY OF","CA","2015-02-12",NA,351831
260039324,"ASST_NON_CA0364L9D001407_086","CA0364L9D001407","LOS ANGELES HOMELESS SERVICES AUTHORITY","CA","2015-02-12",NA,151776
260040240,"ASST_NON_CA0411L9D001407_086","CA0411L9D001407","LOS ANGELES HOMELESS SERVICES AUTHORITY","CA","2015-02-12",NA,198957
260038484,"ASST_NON_CA0350L9D001407_086","CA0350L9D001407","LOS ANGELES HOMELESS SERVICES AUTHORITY","CA","2015-02-12",NA,64900
260060799,"ASST_NON_CA0801L9D001406_086","CA0801L9D001406","LOS ANGELES HOMELESS SERVICES AUTHORITY","CA","2015-02-12","2015-02-12101600052032",49864
260040130,"ASST_NON_CA0404L9D001407_086","CA0404L9D001407","LOS ANGELES HOMELESS SERVICES AUTHORITY","CA","2015-02-12",NA,198464
260039569,"ASST_NON_CA0388L9D001407_086","CA0388L9D001407","LOS ANGELES HOMELESS SERVICES AUTHORITY","CA","2015-02-12",NA,394964
260067591,"ASST_NON_CA0994L9D001401_086","CA0994L9D001401","LOS ANGELES HOMELESS SERVICES AUTHORITY","CA","2015-02-12",NA,272939
260038378,"ASST_NON_CA0348L9D001407_086","CA0348L9D001407","LOS ANGELES HOMELESS SERVICES AUTHORITY","CA","2015-02-12",NA,55978
260042537,"ASST_NON_CA0475L9D001407_086","CA0475L9D001407","LOS ANGELES HOMELESS SERVICES AUTHORITY","CA","2015-02-12",NA,264825
260042568,"ASST_NON_CA0479L9D001407_086","CA0479L9D001407","LOS ANGELES HOMELESS SERVICES AUTHORITY","CA","2015-02-12",NA,178205
260043427,"ASST_NON_CA0501L9D001407_086","CA0501L9D001407","LOS ANGELES HOMELESS SERVICES AUTHORITY","CA","2015-02-12",NA,392009
260043705,"ASST_NON_CA0524L9D001407_086","CA0524L9D001407","LOS ANGELES HOMELESS SERVICES AUTHORITY","CA","2015-02-12",NA,162221
260040810,"ASST_NON_CA0430L9D001407_086","CA0430L9D001407","LOS ANGELES HOMELESS SERVICES AUTHORITY","CA","2015-02-12",NA,410104
260043340,"ASST_NON_CA0493L9D001407_086","CA0493L9D001407","LOS ANGELES HOMELESS SERVICES AUTHORITY","CA","2015-02-12",NA,223493
260039517,"ASST_NON_CA0383L9D001407_086","CA0383L9D001407","LOS ANGELES HOMELESS SERVICES AUTHORITY","CA","2015-02-12",NA,250595
260048137,"ASST_NON_CA0606L9D041407_086","CA0606L9D041407","COUNTY OF KERN","CA","2015-02-12",NA,80409
260039427,"ASST_NON_CA0373L9D001407_086","CA0373L9D001407","LOS ANGELES HOMELESS SERVICES AUTHORITY","CA","2015-02-12",NA,35666
260040741,"ASST_NON_CA0424L9D001407_086","CA0424L9D001407","ANTELOPE VALLEY DOMESTIC VIOLENCE COUNCIL","CA","2015-02-12",NA,146652
260062959,"ASST_NON_CA0861L9D001403_086","CA0861L9D001403","LOS ANGELES HOMELESS SERVICES AUTHORITY","CA","2015-02-12",NA,386838
260042301,"ASST_NON_CA0456L9D001407_086","CA0456L9D001407","LOS ANGELES HOMELESS SERVICES AUTHORITY","CA","2015-02-12",NA,393294
260039729,"ASST_NON_CA0399L9D001407_086","CA0399L9D001407","LOS ANGELES HOMELESS SERVICES AUTHORITY","CA","2015-02-12",NA,204073
260039410,"ASST_NON_CA0372L9D001407_086","CA0372L9D001407","LOS ANGELES HOMELESS SERVICES AUTHORITY","CA","2015-02-12",NA,292583
260035459,"ASST_NON_CA0308L9T211407_086","CA0308L9T211407","YOLO COMMUNITY CARE CONTINUUM","CA","2015-02-12",NA,91778
260043730,"ASST_NON_CA0527L9D001407_086","CA0527L9D001407","LOS ANGELES HOMELESS SERVICES AUTHORITY","CA","2015-02-12",NA,584327
260037526,"ASST_NON_CA0332L9D001407_086","CA0332L9D001407","LOS ANGELES HOMELESS SERVICES AUTHORITY","CA","2015-02-12",NA,99538
260040837,"ASST_NON_CA0432L9D001407_086","CA0432L9D001407","LOS ANGELES HOMELESS SERVICES AUTHORITY","CA","2015-02-12",NA,213145
260038282,"ASST_NON_CA0340L9D001407_086","CA0340L9D001407","LOS ANGELES HOMELESS SERVICES AUTHORITY","CA","2015-02-12",NA,233625
260042553,"ASST_NON_CA0477L9D001407_086","CA0477L9D001407","LOS ANGELES HOMELESS SERVICES AUTHORITY","CA","2015-02-12",NA,464567
260042444,"ASST_NON_CA0466L9D001407_086","CA0466L9D001407","LOS ANGELES HOMELESS SERVICES AUTHORITY","CA","2015-02-12",NA,264648
260041581,"ASST_NON_CA0443L9D001407_086","CA0443L9D001407","LOS ANGELES HOMELESS SERVICES AUTHORITY","CA","2015-02-12",NA,154018
260043418,"ASST_NON_CA0500L9D001407_086","CA0500L9D001407","LOS ANGELES HOMELESS SERVICES AUTHORITY","CA","2015-02-12",NA,279628
260043498,"ASST_NON_CA0510L9D001407_086","CA0510L9D001407","LOS ANGELES HOMELESS SERVICES AUTHORITY","CA","2015-02-12",NA,181635
260040292,"ASST_NON_CA0416L9D001407_086","CA0416L9D001407","LOS ANGELES HOMELESS SERVICES AUTHORITY","CA","2015-02-12",NA,96091
260077222,"ASST_NON_CA1256L9D091401_086","CA1256L9D091401","INLAND TEMPORARY HOMES","CA","2015-02-12",NA,511114
260034584,"ASST_NON_CA0288L9T161407_086","CA0288L9T161407","NORTHERN VALLEY CATHOLIC SOCIAL SERVICE, INC.","CA","2015-02-12",NA,147992
260043517,"ASST_NON_CA0512L9D001407_086","CA0512L9D001407","LOS ANGELES HOMELESS SERVICES AUTHORITY","CA","2015-02-12",NA,373328
260039399,"ASST_NON_CA0371L9D001407_086","CA0371L9D001407","LOS ANGELES HOMELESS SERVICES AUTHORITY","CA","2015-02-12",NA,337861
260043526,"ASST_NON_CA0513L9D001407_086","CA0513L9D001407","LOS ANGELES HOMELESS SERVICES AUTHORITY","CA","2015-02-12",NA,24796
260043393,"ASST_NON_CA0499L9D001407_086","CA0499L9D001407","LOS ANGELES HOMELESS SERVICES AUTHORITY","CA","2015-02-12",NA,90759
260038570,"ASST_NON_CA0357L9D001407_086","CA0357L9D001407","ALLIANCE FOR HOUSING AND HEALING","CA","2015-02-12",NA,338044
260038516,"ASST_NON_CA0353L9D001407_086","CA0353L9D001407","LOS ANGELES HOMELESS SERVICES AUTHORITY","CA","2015-02-12",NA,84332
260043436,"ASST_NON_CA0502L9D001407_086","CA0502L9D001407","LOS ANGELES HOMELESS SERVICES AUTHORITY","CA","2015-02-12",NA,201389
260043489,"ASST_NON_CA0509L9D001407_086","CA0509L9D001407","LOS ANGELES HOMELESS SERVICES AUTHORITY","CA","2015-02-12",NA,371836
260038553,"ASST_NON_CA0356L9D001406_086","CA0356L9D001406","ALLIANCE FOR HOUSING AND HEALING","CA","2015-02-12",NA,313524
260042254,"ASST_NON_CA0450L9D001407_086","CA0450L9D001407","LOS ANGELES HOMELESS SERVICES AUTHORITY","CA","2015-02-12","2015-02-12101600052616",78255
260038334,"ASST_NON_CA0345L9D001407_086","CA0345L9D001407","LOS ANGELES HOMELESS SERVICES AUTHORITY","CA","2015-02-12",NA,176901
260041550,"ASST_NON_CA0440L9D001407_086","CA0440L9D001407","LOS ANGELES HOMELESS SERVICES AUTHORITY","CA","2015-02-12",NA,205345
260039382,"ASST_NON_CA0370L9D001407_086","CA0370L9D001407","LOS ANGELES HOMELESS SERVICES AUTHORITY","CA","2015-02-12",NA,140104
260062311,"ASST_NON_CA0852L9T221403_086","CA0852L9T221403","DEPARTMENT OF HEALTH & HUMAN S","CA","2015-02-12",NA,43331
260043535,"ASST_NON_CA0514L9D001407_086","CA0514L9D001407","LOS ANGELES HOMELESS SERVICES AUTHORITY","CA","2015-02-12",NA,241281
260039509,"ASST_NON_CA0381L9D001407_086","CA0381L9D001407","LOS ANGELES HOMELESS SERVICES AUTHORITY","CA","2015-02-12",NA,154693
260039547,"ASST_NON_CA0386L9D001407_086","CA0386L9D001407","LOS ANGELES HOMELESS SERVICES AUTHORITY","CA","2015-02-12",NA,114239
260040092,"ASST_NON_CA0400L9D001407_086","CA0400L9D001407","LOS ANGELES HOMELESS SERVICES AUTHORITY","CA","2015-02-12",NA,201869
260043480,"ASST_NON_CA0508L9D001407_086","CA0508L9D001407","LOS ANGELES HOMELESS SERVICES AUTHORITY","CA","2015-02-12",NA,108509
260058278,"ASST_NON_CA0752L9T041406_086","CA0752L9T041406","BUCKELEW PROGRAMS","CA","2015-02-12",NA,80117
260038313,"ASST_NON_CA0342L9D001407_086","CA0342L9D001407","LOS ANGELES HOMELESS SERVICES AUTHORITY","CA","2015-02-12",NA,93974
260042310,"ASST_NON_CA0457L9D001407_086","CA0457L9D001407","LOS ANGELES HOMELESS SERVICES AUTHORITY","CA","2015-02-12",NA,116142
260031605,"ASST_NON_CA0246L9T101407_086","CA0246L9T101407","STANISLAUS REGIONAL HOUSING AUTHORITY","CA","2015-02-12",NA,958258
260041558,"ASST_NON_CA0441L9D001407_086","CA0441L9D001407","LOS ANGELES HOMELESS SERVICES AUTHORITY","CA","2015-02-12",NA,726912
260042327,"ASST_NON_CA0458L9D001407_086","CA0458L9D001407","LOS ANGELES HOMELESS SERVICES AUTHORITY","CA","2015-02-12",NA,137156
260039306,"ASST_NON_CA0361L9D001407_086","CA0361L9D001407","LOS ANGELES HOMELESS SERVICES AUTHORITY","CA","2015-02-12",NA,389215
260063545,"ASST_NON_CA0871L9D041402_086","CA0871L9D041402","HEARTHSTONE COMMUNITY SERVICES","CA","2015-02-12",NA,444033
260038634,"ASST_NON_CA0358L9D001407_086","CA0358L9D001407","LOS ANGELES HOMELESS SERVICES AUTHORITY","CA","2015-02-12",NA,203809
260039471,"ASST_NON_CA0376L9D001407_086","CA0376L9D001407","LOS ANGELES HOMELESS SERVICES AUTHORITY","CA","2015-02-12",NA,172646
260042287,"ASST_NON_CA0454L9D001407_086","CA0454L9D001407","LOS ANGELES HOMELESS SERVICES AUTHORITY","CA","2015-02-12",NA,146164
260035180,"ASST_NON_CA0296L9T181407_086","CA0296L9T181407","SOLANO COUNTY HEALTH & SOCIAL SERVICES DEPARTMENT","CA","2015-02-12",NA,98588
260043568,"ASST_NON_CA0517L9D001407_086","CA0517L9D001407","LOS ANGELES HOMELESS SERVICES AUTHORITY","CA","2015-02-12",NA,152700
260068805,"ASST_NON_CA1041L9T161404_086","CA1041L9T161404","NORTHERN VALLEY CATHOLIC SOCIAL SERVICE, INC.","CA","2015-02-12",NA,103459
260059609,"ASST_NON_CA0776L9T161406_086","CA0776L9T161406","NORTHERN VALLEY CATHOLIC SOCIAL SERVICE, INC.","CA","2015-02-12",NA,104075
260058339,"ASST_NON_CA0759L9T101404_086","CA0759L9T101404","STANISLAUS REGIONAL HOUSING AUTHORITY","CA","2015-02-12","2015-02-12101600050160",84795
260040861,"ASST_NON_CA0434L9D001407_086","CA0434L9D001407","LOS ANGELES HOMELESS SERVICES AUTHORITY","CA","2015-02-12",NA,160710
260042546,"ASST_NON_CA0476L9D001407_086","CA0476L9D001407","LOS ANGELES HOMELESS SERVICES AUTHORITY","CA","2015-02-12",NA,224660
260038361,"ASST_NON_CA0347L9D001407_086","CA0347L9D001407","LOS ANGELES HOMELESS SERVICES AUTHORITY","CA","2015-02-12",NA,186548
260039495,"ASST_NON_CA0379L9D001407_086","CA0379L9D001407","LOS ANGELES HOMELESS SERVICES AUTHORITY","CA","2015-02-12",NA,76501
260040123,"ASST_NON_CA0403L9D001407_086","CA0403L9D001407","LOS ANGELES HOMELESS SERVICES AUTHORITY","CA","2015-02-12",NA,374292
260074955,"ASST_NON_CA1192L9T221401_086","CA1192L9T221401","DEPARTMENT OF HEALTH & HUMAN S","CA","2015-02-12",NA,52062
260030298,"ASST_NON_CA0223L9T071407_086","CA0223L9T071407","BUCKELEW PROGRAMS","CA","2015-02-12",NA,219544
260040271,"ASST_NON_CA0414L9D001407_086","CA0414L9D001407","LOS ANGELES HOMELESS SERVICES AUTHORITY","CA","2015-02-12",NA,641640
260040748,"ASST_NON_CA0425L9D001407_086","CA0425L9D001407","LOS ANGELES HOMELESS SERVICES AUTHORITY","CA","2015-02-12",NA,157949
260042461,"ASST_NON_CA0467L9D001407_086","CA0467L9D001407","LOS ANGELES HOMELESS SERVICES AUTHORITY","CA","2015-02-12",NA,287809
260031579,"ASST_NON_CA0244L9T101407_086","CA0244L9T101407","STANISLAUS REGIONAL HOUSING AUTHORITY","CA","2015-02-12",NA,138546
260040734,"ASST_NON_CA0423L9D001407_086","CA0423L9D001407","LOS ANGELES HOMELESS SERVICES AUTHORITY","CA","2015-02-12",NA,64867
260040193,"ASST_NON_CA0409L9D001407_086","CA0409L9D001407","LOS ANGELES HOMELESS SERVICES AUTHORITY","CA","2015-02-12",NA,270326
260060161,"ASST_NON_CA0787L9D001406_086","CA0787L9D001406","LOS ANGELES HOMELESS SERVICES AUTHORITY","CA","2015-02-12",NA,77937
260060148,"ASST_NON_CA0784L9D001406_086","CA0784L9D001406","LOS ANGELES HOMELESS SERVICES AUTHORITY","CA","2015-02-12",NA,51339
260059618,"ASST_NON_CA0777L9T171406_086","CA0777L9T171406","BUCKELEW PROGRAMS","CA","2015-02-12",NA,62673
260039626,"ASST_NON_CA0390L9D001407_086","CA0390L9D001407","LOS ANGELES HOMELESS SERVICES AUTHORITY","CA","2015-02-12",NA,56097
260040870,"ASST_NON_CA0435L9D001407_086","CA0435L9D001407","LOS ANGELES HOMELESS SERVICES AUTHORITY","CA","2015-02-12",NA,112935
260037009,"ASST_NON_CA0325L9D001406_086","CA0325L9D001406","LOS ANGELES HOMELESS SERVICES AUTHORITY","CA","2015-02-12",NA,407620
260074969,"ASST_NON_CA1195L9D001401_086","CA1195L9D001401","LOS ANGELES HOMELESS SERVICES AUTHORITY","CA","2015-02-12",NA,479058
260039314,"ASST_NON_CA0363L9D001407_086","CA0363L9D001407","LOS ANGELES HOMELESS SERVICES AUTHORITY","CA","2015-02-12",NA,124195
260041567,"ASST_NON_CA0442L9D001407_086","CA0442L9D001407","LOS ANGELES HOMELESS SERVICES AUTHORITY","CA","2015-02-12",NA,292466
260040303,"ASST_NON_CA0418L9D001407_086","CA0418L9D001407","LOS ANGELES HOMELESS SERVICES AUTHORITY","CA","2015-02-12",NA,191684
260039481,"ASST_NON_CA0377L9D001407_086","CA0377L9D001407","LOS ANGELES HOMELESS SERVICES AUTHORITY","CA","2015-02-12",NA,245728
260039461,"ASST_NON_CA0375L9D001407_086","CA0375L9D001407","LOS ANGELES HOMELESS SERVICES AUTHORITY","CA","2015-02-12",NA,180028
260040844,"ASST_NON_CA0433L9D001407_086","CA0433L9D001407","LOS ANGELES HOMELESS SERVICES AUTHORITY","CA","2015-02-12",NA,214148
260036257,"ASST_NON_CA0311L9T221403_086","CA0311L9T221403","DEPARTMENT OF HEALTH & HUMAN S","CA","2015-02-12",NA,42331
260043507,"ASST_NON_CA0511L9D001407_086","CA0511L9D001407","LOS ANGELES HOMELESS SERVICES AUTHORITY","CA","2015-02-12",NA,351071
260040725,"ASST_NON_CA0422L9D001407_086","CA0422L9D001407","LOS ANGELES HOMELESS SERVICES AUTHORITY","CA","2015-02-12",NA,446380
260038499,"ASST_NON_CA0352L9D001407_086","CA0352L9D001407","LOS ANGELES HOMELESS SERVICES AUTHORITY","CA","2015-02-12",NA,120600
260043347,"ASST_NON_CA0494L9D001407_086","CA0494L9D001407","LOS ANGELES HOMELESS SERVICES AUTHORITY","CA","2015-02-12",NA,143106
260043452,"ASST_NON_CA0504L9D001407_086","CA0504L9D001407","LOS ANGELES HOMELESS SERVICES AUTHORITY","CA","2015-02-12",NA,581749
260043445,"ASST_NON_CA0503L9D001407_086","CA0503L9D001407","LOS ANGELES HOMELESS SERVICES AUTHORITY","CA","2015-02-12",NA,73164
260025209,"ASST_NON_CA0160L9T041407_086","CA0160L9T041407","BUCKELEW PROGRAMS","CA","2015-02-12",NA,200925
260040895,"ASST_NON_CA0437L9D001407_086","CA0437L9D001407","LOS ANGELES HOMELESS SERVICES AUTHORITY","CA","2015-02-12",NA,257130
260043386,"ASST_NON_CA0498L9D001407_086","CA0498L9D001407","LOS ANGELES HOMELESS SERVICES AUTHORITY","CA","2015-02-12",NA,164616
260039444,"ASST_NON_CA0374L9D001407_086","CA0374L9D001407","LOS ANGELES HOMELESS SERVICES AUTHORITY","CA","2015-02-12",NA,95010
260068946,"ASST_NON_CA1048L9D001404_086","CA1048L9D001404","LOS ANGELES HOMELESS SERVICES AUTHORITY","CA","2015-02-12",NA,91120
260070906,"ASST_NON_CA1080L9T101401_086","CA1080L9T101401","STANISLAUS REGIONAL HOUSING AUTHORITY","CA","2015-02-12",NA,88738
260042484,"ASST_NON_CA0470L9D001407_086","CA0470L9D001407","THE WHOLE CHILD - MENTAL HEALTH & HOUSING SERVICES","CA","2015-02-12",NA,168354
260043544,"ASST_NON_CA0515L9D001407_086","CA0515L9D001407","LOS ANGELES HOMELESS SERVICES AUTHORITY","CA","2015-02-12",NA,253721
260043719,"ASST_NON_CA0526L9D001407_086","CA0526L9D001407","LOS ANGELES HOMELESS SERVICES AUTHORITY","CA","2015-02-12",NA,485775
260038543,"ASST_NON_CA0355L9D001407_086","CA0355L9D001407","LOS ANGELES HOMELESS SERVICES AUTHORITY","CA","2015-02-12",NA,187176
260039365,"ASST_NON_CA0368L9D001407_086","CA0368L9D001407","LOS ANGELES HOMELESS SERVICES AUTHORITY","CA","2015-02-12",NA,59907
260036279,"ASST_NON_CA0313L9T221407_086","CA0313L9T221407","DEPARTMENT OF HEALTH & HUMAN S","CA","2015-02-12",NA,69500
260067579,"ASST_NON_CA0993L9D001402_086","CA0993L9D001402","LOS ANGELES HOMELESS SERVICES AUTHORITY","CA","2015-02-12",NA,349262
260038533,"ASST_NON_CA0354L9D001407_086","CA0354L9D001407","LOS ANGELES HOMELESS SERVICES AUTHORITY","CA","2015-02-12",NA,243923
260041685,"ASST_NON_CA0448L9D001407_086","CA0448L9D001407","LOS ANGELES HOMELESS SERVICES AUTHORITY","CA","2015-02-12",NA,143142
260044500,"ASST_NON_CA0531L9D001407_086","CA0531L9D001407","LOS ANGELES HOMELESS SERVICES AUTHORITY","CA","2015-02-12",NA,67955
260042636,"ASST_NON_CA0483L9D001407_086","CA0483L9D001407","LOS ANGELES HOMELESS SERVICES AUTHORITY","CA","2015-02-12",NA,172059
260040310,"ASST_NON_CA0419L9D001407_086","CA0419L9D001407","LOS ANGELES HOMELESS SERVICES AUTHORITY","CA","2015-02-12",NA,210394
260043473,"ASST_NON_CA0507L9D001407_086","CA0507L9D001407","LOS ANGELES HOMELESS SERVICES AUTHORITY","CA","2015-02-12",NA,258250
260043688,"ASST_NON_CA0523L9D001407_086","CA0523L9D001407","LOS ANGELES HOMELESS SERVICES AUTHORITY","CA","2015-02-12",NA,150537
260038351,"ASST_NON_CA0346L9D001407_086","CA0346L9D001407","LOS ANGELES HOMELESS SERVICES AUTHORITY","CA","2015-02-12",NA,155155
260040255,"ASST_NON_CA0413L9D001407_086","CA0413L9D001407","LOS ANGELES HOMELESS SERVICES AUTHORITY","CA","2015-02-12",NA,60177
260075418,"ASST_NON_CA1204L9T001401_086","CA1204L9T001401","COUNTY OF SANTA CLARA","CA","2015-02-12",NA,224289
260045091,"ASST_NON_CA0545L9D011407_086","CA0545L9D011407","SAN DIEGO HOUSING COMMISSION","CA","2015-02-12",NA,396856
260042403,"ASST_NON_CA0463L9D001407_086","CA0463L9D001407","SINGLE ROOM OCCUPANCY HOUSING CORP","CA","2015-02-12",NA,376641
260062976,"ASST_NON_CA0863L9D011401_086","CA0863L9D011401","SAN DIEGO HOUSING COMMISSION","CA","2015-02-12",NA,416922
260036304,"ASST_NON_CA0315L9T221407_086","CA0315L9T221407","REDWOOD COMMUNITY ACTION AGENCY","CA","2015-02-12",NA,104147
260069630,"ASST_NON_CA1059L9T001402_086","CA1059L9T001402","COUNTY OF SANTA CLARA","CA","2015-02-12",NA,116921
260070919,"ASST_NON_CA1082L9T101401_086","CA1082L9T101401","WE CARE PROGRAM - TURLOCK","CA","2015-02-12",NA,46798
260016887,"ASST_NON_CA0045L9T011407_086","CA0045L9T011407","CITY & COUNTY OF SAN FRANCISCO","CA","2015-02-12",NA,884215
260012295,"ASST_NON_CA0015L9T001407_086","CA0015L9T001407","COUNTY OF SANTA CLARA","CA","2015-02-12",NA,232529
260060824,"ASST_NON_CA0803L9D011406_086","CA0803L9D011406","SAN DIEGO HOUSING COMMISSION","CA","2015-02-12","2015-02-12101600052040",361916
260036296,"ASST_NON_CA0314L9T221407_086","CA0314L9T221407","REDWOOD COMMUNITY ACTION AGENCY","CA","2015-02-12",NA,39092
260071815,"ASST_NON_CA1091L9T141401_086","CA1091L9T141401","WESTCARE CALIFORNIA, INC.","CA","2015-02-12",NA,341749
260034560,"ASST_NON_CA0286L9T151407_086","CA0286L9T151407","STAND UP PLACER, INC.","CA","2015-02-12",NA,192591
260035348,"ASST_NON_CA0303L9T191407_086","CA0303L9T191407","COMMUNITY ACTION AGENCY OF BUTTE COUNTY, INC.","CA","2015-02-12",NA,107000
260035365,"ASST_NON_CA0304L9T191407_086","CA0304L9T191407","COMMUNITY ACTION AGENCY OF BUTTE COUNTY, INC.","CA","2015-02-12",NA,47628
260035373,"ASST_NON_CA0305L9T191407_086","CA0305L9T191407","COMMUNITY ACTION AGENCY OF BUTTE COUNTY, INC.","CA","2015-02-12",NA,54974
260067647,"ASST_NON_CA0999L9D011401_086","CA0999L9D011401","HOME START, INCORPORATED","CA","2015-02-12",NA,240601
260039375,"ASST_NON_CA0369L9D001407_086","CA0369L9D001407","SINGLE ROOM OCCUPANCY HOUSING CORP","CA","2015-02-12",NA,94374
260035324,"ASST_NON_CA0301L9T181407_086","CA0301L9T181407","ANKA BEHAVIORAL HEALTH, INCORPORATED","CA","2015-02-12",NA,159366
260055508,"ASST_NON_CA0713L9D011407_086","CA0713L9D011407","SBCS CORPORATION","CA","2015-02-12",NA,86151
260063038,"ASST_NON_CA0868L9D031402_086","CA0868L9D031402","GOOD SAMARITAN SHELTER","CA","2015-02-12",NA,73570
260063625,"ASST_NON_CA0887L9T001405_086","CA0887L9T001405","COUNTY OF SANTA CLARA","CA","2015-02-12",NA,330957
260011819,"ASST_NON_CA0003L9T001405_086","CA0003L9T001405","COUNTY OF SANTA CLARA","CA","2015-02-12",NA,312683
260011787,"ASST_NON_CA0001L9T001404_086","CA0001L9T001404","COUNTY OF SANTA CLARA","CA","2015-02-12",NA,287122
260066711,"ASST_NON_CA0951L9T001403_086","CA0951L9T001403","COUNTY OF SANTA CLARA","CA","2015-02-12","2015-02-12101600051260",154820
260060982,"ASST_NON_CA0825L9T001402_086","CA0825L9T001402","COUNTY OF SANTA CLARA","CA","2015-02-12",NA,200207
260014272,"ASST_NON_CA0027L9T001407_086","CA0027L9T001407","COUNTY OF SANTA CLARA","CA","2015-02-12",NA,183365
260044505,"ASST_NON_CA0533L9D011401_086","CA0533L9D011401","SAN DIEGO HOUSING COMMISSION","CA","2015-02-12","2015-02-12101600051524",122282
260053635,"ASST_NON_CA0681L9D081407_086","CA0681L9D081407","WHITESIDE MANOR","CA","2015-02-12",NA,901154
260016904,"ASST_NON_CA0046L9T011407_086","CA0046L9T011407","CITY & COUNTY OF SAN FRANCISCO","CA","2015-02-12",NA,783592
260012280,"ASST_NON_CA0014L9T001407_086","CA0014L9T001407","COUNTY OF SANTA CLARA","CA","2015-02-12",NA,313916
260055499,"ASST_NON_CA0712L9D011407_086","CA0712L9D011407","SBCS CORPORATION","CA","2015-02-12",NA,95722
260015549,"ASST_NON_CA0036L9T011407_086","CA0036L9T011407","LARKIN STREET YOUTH SERVICES","CA","2015-02-12",NA,333990
260044514,"ASST_NON_CA0534L9D011407_086","CA0534L9D011407","SAN DIEGO HOUSING COMMISSION","CA","2015-02-12",NA,1887831
260018350,"ASST_NON_CA0052L9T011407_086","CA0052L9T011407","LARKIN STREET YOUTH SERVICES","CA","2015-02-12",NA,111548
260054422,"ASST_NON_CA0691L9D011407_086","CA0691L9D011407","SBCS CORPORATION","CA","2015-02-12",NA,95896
260070058,"ASST_NON_CA1060L9T001402_086","CA1060L9T001402","COUNTY OF SANTA CLARA","CA","2015-02-12",NA,820907
260011848,"ASST_NON_CA0006L9T001406_086","CA0006L9T001406","COUNTY OF SANTA CLARA","CA","2015-02-12",NA,380540
260012369,"ASST_NON_CA0018L9T001407_086","CA0018L9T001407","COUNTY OF SANTA CLARA","CA","2015-02-12",NA,698783
260021864,"ASST_NON_CA0097L9T021407_086","CA0097L9T021407","CITY OF FREMONT","CA","2015-02-12",NA,274929
260070093,"ASST_NON_CA1064L9T031401_086","CA1064L9T031401","SACRAMENTO STEPS FORWARD","CA","2015-02-12","2015-02-12101600051092",318277
260018591,"ASST_NON_CA0061L9T011407_086","CA0061L9T011407","COMMUNITY HOUSING PARTNERSHIP","CA","2015-02-12",NA,158804
260030814,"ASST_NON_CA0231L9T081407_086","CA0231L9T081407","COUNTY OF SANTA CRUZ","CA","2015-02-12",NA,429460
260073548,"ASST_NON_CA1152L9T031403_086","CA1152L9T031403","SACRAMENTO STEPS FORWARD","CA","2015-02-12",NA,335445
260072303,"ASST_NON_CA1115L9D011403_086","CA1115L9D011403","PATH","CA","2015-02-12",NA,622967
260042475,"ASST_NON_CA0469L9D001407_086","CA0469L9D001407","PATH","CA","2015-02-12",NA,144613
260029376,"ASST_NON_CA0211L9T061407_086","CA0211L9T061407","VETERANS TRANSITION CENTER OF CALIFORNIA","CA","2015-02-12",NA,198230
260039534,"ASST_NON_CA0384L9D001407_086","CA0384L9D001407","PATH","CA","2015-02-12",NA,214978
260042294,"ASST_NON_CA0455L9D001407_086","CA0455L9D001407","PATH","CA","2015-02-12",NA,116711
260045135,"ASST_NON_CA0553L9D011407_086","CA0553L9D011407","YMCA OF SAN DIEGO COUNTY","CA","2015-02-12",NA,177096
260070688,"ASST_NON_CA1074L9T081402_086","CA1074L9T081402","COUNTY OF SANTA CRUZ","CA","2015-02-12",NA,76076
260023942,"ASST_NON_CA0133L9T031407_086","CA0133L9T031407","SACRAMENTO STEPS FORWARD","CA","2015-02-12",NA,345720
260029363,"ASST_NON_CA0210L9T061407_086","CA0210L9T061407","VETERANS TRANSITION CENTER OF CALIFORNIA","CA","2015-02-12",NA,82555
260011803,"ASST_NON_CA0002L9T001405_086","CA0002L9T001405","SOUTH COUNTY COMMUNITY SERVICES","CA","2015-02-12",NA,364121
260039339,"ASST_NON_CA0365L9D001407_086","CA0365L9D001407","HOUSING AUTHORITY OF THE COUNTY OF LOS ANGELES, THE","CA","2015-02-12",NA,2490649
260025103,"ASST_NON_CA0150L9T031407_086","CA0150L9T031407","SACRAMENTO STEPS FORWARD","CA","2015-02-12",NA,514160
260070098,"ASST_NON_CA1066L9T031401_086","CA1066L9T031401","SACRAMENTO STEPS FORWARD","CA","2015-02-12",NA,83303
260024023,"ASST_NON_CA0140L9T031407_086","CA0140L9T031407","SACRAMENTO STEPS FORWARD","CA","2015-02-12",NA,230305
260068846,"ASST_NON_CA1047L9D001404_086","CA1047L9D001404","HOUSING AUTHORITY OF THE COUNTY OF LOS ANGELES, THE","CA","2015-02-12",NA,141982
260025163,"ASST_NON_CA0155L9T031407_086","CA0155L9T031407","SACRAMENTO STEPS FORWARD","CA","2015-02-12",NA,233470
260064396,"ASST_NON_CA0913L9D001405_086","CA0913L9D001405","HOUSING AUTHORITY OF THE COUNTY OF LOS ANGELES, THE","CA","2015-02-12",NA,268253
260066804,"ASST_NON_CA0960L9T081401_086","CA0960L9T081401","COUNTY OF SANTA CRUZ","CA","2015-02-12",NA,36815
260057684,"ASST_NON_CA0742L9D001407_086","CA0742L9D001407","HOUSING AUTHORITY OF THE COUNTY OF LOS ANGELES, THE","CA","2015-02-12",NA,686260
260071873,"ASST_NON_CA1101L9T221402_086","CA1101L9T221402","ARCATA HOUSE PARTNERSHIP","CA","2015-02-12",NA,56540
260042379,"ASST_NON_CA0461L9D001407_086","CA0461L9D001407","SHIELDS FOR FAMILIES","CA","2015-02-12",NA,92117
260032595,"ASST_NON_CA0260L9T121407_086","CA0260L9T121407","NATION'S FINEST","CA","2015-02-12",NA,74690
260075884,"ASST_NON_CA1218L9D001402_086","CA1218L9D001402","HOUSING AUTHORITY OF THE COUNTY OF LOS ANGELES, THE","CA","2015-02-12",NA,143418
260075896,"ASST_NON_CA1219L9D001402_086","CA1219L9D001402","HOUSING AUTHORITY OF THE COUNTY OF LOS ANGELES, THE","CA","2015-02-12",NA,305248
260037501,"ASST_NON_CA0330L9D001407_086","CA0330L9D001407","HARBOR INTERFAITH SERVICES, INC.","CA","2015-02-12",NA,130105
260070150,"ASST_NON_CA1069L9T041403_086","CA1069L9T041403","COMMITTEE ON THE SHELTERLESS","CA","2015-02-12",NA,132826
260025179,"ASST_NON_CA0157L9T031407_086","CA0157L9T031407","SACRAMENTO STEPS FORWARD","CA","2015-02-12",NA,125848
260036269,"ASST_NON_CA0312L9T221407_086","CA0312L9T221407","ARCATA HOUSE PARTNERSHIP","CA","2015-02-12",NA,259953
260061625,"ASST_NON_CA0840L9T131401_086","CA0840L9T131401","FAMILY SERVICES OF TULARE COUNTY","CA","2015-02-12",NA,58117
260061046,"ASST_NON_CA0828L9T031402_086","CA0828L9T031402","SACRAMENTO STEPS FORWARD","CA","2015-02-12",NA,340163
260033422,"ASST_NON_CA0271L9T131404_086","CA0271L9T131404","FAMILY SERVICES OF TULARE COUNTY","CA","2015-02-12",NA,81871
260040099,"ASST_NON_CA0401L9D001407_086","CA0401L9D001407","STEP UP ON SECOND STREET, INC.","CA","2015-02-12",NA,129769
260023994,"ASST_NON_CA0139L9T031407_086","CA0139L9T031407","SACRAMENTO STEPS FORWARD","CA","2015-02-12",NA,2619953
260058269,"ASST_NON_CA0751L9T031406_086","CA0751L9T031406","SACRAMENTO STEPS FORWARD","CA","2015-02-12",NA,164635
260042427,"ASST_NON_CA0465L9D001407_086","CA0465L9D001407","HOUSING AUTHORITY OF THE COUNTY OF LOS ANGELES, THE","CA","2015-02-12",NA,2676849
260070928,"ASST_NON_CA1086L9T131402_086","CA1086L9T131402","FAMILY SERVICES OF TULARE COUNTY","CA","2015-02-12",NA,94530
260040708,"ASST_NON_CA0421L9D001407_086","CA0421L9D001407","HOUSING AUTHORITY OF THE COUNTY OF LOS ANGELES, THE","CA","2015-02-12",NA,187338
260066749,"ASST_NON_CA0954L9T031403_086","CA0954L9T031403","SACRAMENTO STEPS FORWARD","CA","2015-02-12","2015-02-12101600051252",89932
260024037,"ASST_NON_CA0142L9T031407_086","CA0142L9T031407","SACRAMENTO STEPS FORWARD","CA","2015-02-12",NA,84347
260064426,"ASST_NON_CA0915L9D001405_086","CA0915L9D001405","HOUSING AUTHORITY OF THE COUNTY OF LOS ANGELES, THE","CA","2015-02-12",NA,342904
260022780,"ASST_NON_CA0114L9T021407_086","CA0114L9T021407","BERKELEY FOOD AND HOUSING PROJECT","CA","2015-02-12",NA,297138
260037642,"ASST_NON_CA0339L9D001407_086","CA0339L9D001407","HOUSING AUTHORITY OF THE COUNTY OF LOS ANGELES, THE","CA","2015-02-12",NA,446840
260025170,"ASST_NON_CA0156L9T031407_086","CA0156L9T031407","SACRAMENTO STEPS FORWARD","CA","2015-02-12",NA,182255
260011858,"ASST_NON_CA0007L9T001406_086","CA0007L9T001406","SOUTH COUNTY COMMUNITY SERVICES","CA","2015-02-12",NA,312789
260073600,"ASST_NON_CA1159L9D001403_086","CA1159L9D001403","HOUSING AUTHORITY OF THE COUNTY OF LOS ANGELES, THE","CA","2015-02-12",NA,50670
260025359,"ASST_NON_CA0176L9T041407_086","CA0176L9T041407","COMMITTEE ON THE SHELTERLESS","CA","2015-02-12",NA,76429
260023903,"ASST_NON_CA0129L9T031407_086","CA0129L9T031407","SACRAMENTO STEPS FORWARD","CA","2015-02-12",NA,546585
260073574,"ASST_NON_CA1157L9D001403_086","CA1157L9D001403","HOUSING AUTHORITY OF THE COUNTY OF LOS ANGELES, THE","CA","2015-02-12",NA,248231
260047032,"ASST_NON_CA0593L9D021407_086","CA0593L9D021407","ANAHEIM SUPPORTIVE HOUSING, INC.","CA","2015-02-12",NA,142092
260064411,"ASST_NON_CA0914L9D001405_086","CA0914L9D001405","HOUSING AUTHORITY OF THE COUNTY OF LOS ANGELES, THE","CA","2015-02-12",NA,291148
260061593,"ASST_NON_CA0838L9T131402_086","CA0838L9T131402","FAMILY SERVICES OF TULARE COUNTY","CA","2015-02-12",NA,61158
260023959,"ASST_NON_CA0135L9T031407_086","CA0135L9T031407","SACRAMENTO STEPS FORWARD","CA","2015-02-12",NA,281092
260023896,"ASST_NON_CA0128L9T031405_086","CA0128L9T031405","SACRAMENTO STEPS FORWARD","CA","2015-02-12",NA,82397
260023925,"ASST_NON_CA0132L9T031407_086","CA0132L9T031407","SACRAMENTO STEPS FORWARD","CA","2015-02-12",NA,368909
260073587,"ASST_NON_CA1158L9D001403_086","CA1158L9D001403","HOUSING AUTHORITY OF THE COUNTY OF LOS ANGELES, THE","CA","2015-02-12",NA,327325
260061060,"ASST_NON_CA0829L9T041403_086","CA0829L9T041403","COMMITTEE ON THE SHELTERLESS","CA","2015-02-12",NA,80333
260074055,"ASST_NON_CA1170L9T011402_086","CA1170L9T011402","COMMUNITY HOUSING PARTNERSHIP","CA","2015-02-12",NA,679732
260060181,"ASST_NON_CA0792L9D001406_086","CA0792L9D001406","HOUSING AUTHORITY OF THE COUNTY OF LOS ANGELES, THE","CA","2015-02-12",NA,456558
260066753,"ASST_NON_CA0955L9T031401_086","CA0955L9T031401","SACRAMENTO STEPS FORWARD","CA","2015-02-12","2015-02-12101600051248",317564
260060171,"ASST_NON_CA0791L9D001406_086","CA0791L9D001406","HOUSING AUTHORITY OF THE COUNTY OF LOS ANGELES, THE","CA","2015-02-12",NA,480208
260025352,"ASST_NON_CA0175L9T041407_086","CA0175L9T041407","COMMITTEE ON THE SHELTERLESS","CA","2015-02-12",NA,79861
260036978,"ASST_NON_CA0321L9T261404_086","CA0321L9T261404","COUNTY OF TUOLUMNE","CA","2015-02-12",NA,11000
260022305,"ASST_NON_CA0105L9T021407_086","CA0105L9T021407","BERKELEY FOOD AND HOUSING PROJECT","CA","2015-02-12",NA,390535
260058255,"ASST_NON_CA0750L9T031406_086","CA0750L9T031406","SACRAMENTO STEPS FORWARD","CA","2015-02-12","2015-02-12101600050132",332623
260055017,"ASST_NON_CA0704L9D011407_086","CA0704L9D011407","COMMUNITY RESOURCE CENTER","CA","2015-02-12",NA,54415
260036986,"ASST_NON_CA0323L9D001401_086","CA0323L9D001401","HOUSING AUTHORITY OF THE COUNTY OF LOS ANGELES, THE","CA","2015-02-12",NA,424997
260024085,"ASST_NON_CA0147L9T031407_086","CA0147L9T031407","SACRAMENTO STEPS FORWARD","CA","2015-02-12",NA,318083
260023911,"ASST_NON_CA0130L9T031407_086","CA0130L9T031407","SACRAMENTO, COUNTY OF","CA","2015-02-12",NA,264779
260068832,"ASST_NON_CA1046L9D001404_086","CA1046L9D001404","HOUSING AUTHORITY OF THE COUNTY OF LOS ANGELES, THE","CA","2015-02-12",NA,1243020
260024045,"ASST_NON_CA0143L9T031407_086","CA0143L9T031407","SACRAMENTO STEPS FORWARD","CA","2015-02-12","2015-02-12101600049532",322052
260035380,"ASST_NON_CA0306L9T201405_086","CA0306L9T201405","MERCED COUNTY COMMUNITY ACTION BOARD","CA","2015-02-12",NA,82709
260041692,"ASST_NON_CA0449L9D001407_086","CA0449L9D001407","PENNY LANE CENTERS","CA","2015-02-12",NA,178302
260043561,"ASST_NON_CA0516L9D001407_086","CA0516L9D001407","THE PEOPLE CONCERN","CA","2015-02-12",NA,311765
260046260,"ASST_NON_CA0574L9D021407_086","CA0574L9D021407","ORANGEWOOD FOUNDATION","CA","2015-02-12",NA,95668
260037557,"ASST_NON_CA0336L9D001407_086","CA0336L9D001407","HOUSING AUTHORITY OF THE CITY OF LOS ANGELES","CA","2015-02-12",NA,1577323
260032391,"ASST_NON_CA0251L9T111405_086","CA0251L9T111405","COUNTY OF SAN JOAQUIN COM DEV SERVICES","CA","2015-02-12",NA,143944
260060263,"ASST_NON_CA0799L9D001406_086","CA0799L9D001406","HOUSING AUTHORITY OF THE CITY OF LOS ANGELES","CA","2015-02-12",NA,442774
260059577,"ASST_NON_CA0773L9T141406_086","CA0773L9T141406","TURNING POINT OF CENTRAL CALIFORNIA INC","CA","2015-02-12",NA,445347
260075872,"ASST_NON_CA1217L9D001402_086","CA1217L9D001402","HOUSING AUTHORITY OF THE CITY OF LOS ANGELES","CA","2015-02-12",NA,1215055
260056007,"ASST_NON_CA0724L9D121407_086","CA0724L9D121407","CITY OF GLENDALE","CA","2015-02-12",NA,301177
260062299,"ASST_NON_CA0850L9T201403_086","CA0850L9T201403","TURNING POINT COMMUNITY PROGRAMS","CA","2015-02-12",NA,40021
260077199,"ASST_NON_CA1253L9D011401_086","CA1253L9D011401","INTERFAITH COMMUNITY SERVICES, INC","CA","2015-02-12",NA,199680
260042503,"ASST_NON_CA0473L9D001407_086","CA0473L9D001407","HOUSING AUTHORITY OF THE CITY OF LOS ANGELES","CA","2015-02-12",NA,1682873
260031549,"ASST_NON_CA0241L9T101403_086","CA0241L9T101403","TURNING POINT COMMUNITY PROGRAMS","CA","2015-02-12",NA,167137
260064441,"ASST_NON_CA0916L9D001405_086","CA0916L9D001405","HOUSING AUTHORITY OF THE CITY OF LOS ANGELES","CA","2015-02-12",NA,540469
260058739,"ASST_NON_CA0762L9T111405_086","CA0762L9T111405","COUNTY OF SAN JOAQUIN COM DEV SERVICES","CA","2015-02-12",NA,209884
260015644,"ASST_NON_CA0038L9T011407_086","CA0038L9T011407","THE SAN FRANCISCO PARTICULAR COUNCIL OF THE SOCIETY OF ST. VINCENT DE PAUL","CA","2015-02-12",NA,133651
260040691,"ASST_NON_CA0420L9D001407_086","CA0420L9D001407","HOUSING AUTHORITY OF THE CITY OF LOS ANGELES","CA","2015-02-12",NA,205942
260054489,"ASST_NON_CA0699L9D011407_086","CA0699L9D011407","INTERFAITH COMMUNITY SERVICES, INC","CA","2015-02-12",NA,101972
260040139,"ASST_NON_CA0405L9D001407_086","CA0405L9D001407","HOUSING AUTHORITY OF THE CITY OF LOS ANGELES","CA","2015-02-12",NA,4062577
260037022,"ASST_NON_CA0326L9D001402_086","CA0326L9D001402","HOUSING AUTHORITY OF THE CITY OF LOS ANGELES","CA","2015-02-12",NA,188070
260070695,"ASST_NON_CA1078L9T101401_086","CA1078L9T101401","TURNING POINT COMMUNITY PROGRAMS","CA","2015-02-12",NA,58577
260060200,"ASST_NON_CA0797L9D001406_086","CA0797L9D001406","HOUSING AUTHORITY OF THE CITY OF LOS ANGELES","CA","2015-02-12",NA,2015291
260056130,"ASST_NON_CA0728L9D121407_086","CA0728L9D121407","CITY OF GLENDALE","CA","2015-02-12",NA,88577
260043592,"ASST_NON_CA0519L9D001407_086","CA0519L9D001407","HOUSING AUTHORITY OF THE CITY OF LOS ANGELES","CA","2015-02-12",NA,347052
260039653,"ASST_NON_CA0392L9D001407_086","CA0392L9D001407","HOUSING AUTHORITY OF THE CITY OF LOS ANGELES","CA","2015-02-12",NA,138953
260042410,"ASST_NON_CA0464L9D001407_086","CA0464L9D001407","HOUSING AUTHORITY OF THE CITY OF LOS ANGELES","CA","2015-02-12",NA,2122890
260076333,"ASST_NON_CA1224L9D001402_086","CA1224L9D001402","HOUSING AUTHORITY OF THE CITY OF LOS ANGELES","CA","2015-02-12",NA,154456
260062999,"ASST_NON_CA0866L9D031403_086","CA0866L9D031403","WILLBRIDGE OF SANTA BARBARA, INC.","CA","2015-02-12",NA,72032
260067689,"ASST_NON_CA1001L9D021401_086","CA1001L9D021401","MERCY HOUSE LIVING CENTERS","CA","2015-02-12",NA,57286
260073617,"ASST_NON_CA1162L9D011403_086","CA1162L9D011403","COUNTY OF SAN DIEGO","CA","2015-02-12",NA,148013
260076310,"ASST_NON_CA1220L9D001402_086","CA1220L9D001402","HOUSING AUTHORITY OF THE CITY OF LOS ANGELES","CA","2015-02-12",NA,422180
260054438,"ASST_NON_CA0693L9D011407_086","CA0693L9D011407","COUNTY OF SAN DIEGO","CA","2015-02-12",NA,446017
260054455,"ASST_NON_CA0694L9D011407_086","CA0694L9D011407","COUNTY OF SAN DIEGO","CA","2015-02-12",NA,626099
260064327,"ASST_NON_CA0902L9T111405_086","CA0902L9T111405","COUNTY OF SAN JOAQUIN COM DEV SERVICES","CA","2015-02-12",NA,406418
260074440,"ASST_NON_CA1183L9T131401_086","CA1183L9T131401","TURNING POINT OF CENTRAL CALIFORNIA INC","CA","2015-02-12",NA,78121
260042362,"ASST_NON_CA0460L9D001407_086","CA0460L9D001407","THE PEOPLE CONCERN","CA","2015-02-12",NA,108838
260054972,"ASST_NON_CA0700L9D011407_086","CA0700L9D011407","INTERFAITH COMMUNITY SERVICES, INC","CA","2015-02-12",NA,62844
260066766,"ASST_NON_CA0956L9T041402_086","CA0956L9T041402","COMMUNITY HOUSING SONOMA COUNTY","CA","2015-02-12","2015-02-12101600051244",72265
260054414,"ASST_NON_CA0690L9D011401_086","CA0690L9D011401","COUNTY OF SAN DIEGO","CA","2015-02-12",NA,98443
260043575,"ASST_NON_CA0518L9D001407_086","CA0518L9D001407","UPWARD BOUND HOUSE","CA","2015-02-12",NA,286785
260039692,"ASST_NON_CA0395L9D001407_086","CA0395L9D001407","HOUSING AUTHORITY OF THE CITY OF LOS ANGELES","CA","2015-02-12",NA,1239968
260040902,"ASST_NON_CA0438L9D001407_086","CA0438L9D001407","HOUSING AUTHORITY OF THE CITY OF LOS ANGELES","CA","2015-02-12",NA,273488
260056147,"ASST_NON_CA0729L9D121407_086","CA0729L9D121407","CITY OF GLENDALE","CA","2015-02-12",NA,221431
260046305,"ASST_NON_CA0578L9D021407_086","CA0578L9D021407","MERCY HOUSE LIVING CENTERS","CA","2015-02-12",NA,118784
260064318,"ASST_NON_CA0900L9T101405_086","CA0900L9T101405","TURNING POINT COMMUNITY PROGRAMS","CA","2015-02-12",NA,100078
260058747,"ASST_NON_CA0763L9T111404_086","CA0763L9T111404","COUNTY OF SAN JOAQUIN COM DEV SERVICES","CA","2015-02-12","2015-02-12101600050172",157581
260031621,"ASST_NON_CA0247L9T111406_086","CA0247L9T111406","COUNTY OF SAN JOAQUIN COM DEV SERVICES","CA","2015-02-12",NA,236006
260064626,"ASST_NON_CA0921L9D001405_086","CA0921L9D001405","HOUSING AUTHORITY OF THE CITY OF LOS ANGELES","CA","2015-02-12",NA,49755
260056900,"ASST_NON_CA0731L9D121407_086","CA0731L9D121407","CITY OF GLENDALE","CA","2015-02-12",NA,158467
260060247,"ASST_NON_CA0798L9D001406_086","CA0798L9D001406","HOUSING AUTHORITY OF THE CITY OF LOS ANGELES","CA","2015-02-12",NA,728373
260042732,"ASST_NON_CA0488L9D001407_086","CA0488L9D001407","FILIPINO AMERICAN SERVICE GROUP INC","CA","2015-02-12",NA,194077
260069623,"ASST_NON_CA1057L9D121404_086","CA1057L9D121404","CITY OF GLENDALE","CA","2015-02-12","2015-02-12101600052320",42437
260037039,"ASST_NON_CA0329L9D001401_086","CA0329L9D001401","HOUSING AUTHORITY OF THE CITY OF LOS ANGELES","CA","2015-02-12",NA,272563
260036992,"ASST_NON_CA0324L9D001402_086","CA0324L9D001402","HOUSING AUTHORITY OF THE CITY OF LOS ANGELES","CA","2015-02-12",NA,1192893
260061747,"ASST_NON_CA0848L9T201403_086","CA0848L9T201403","TURNING POINT COMMUNITY PROGRAMS","CA","2015-02-12",NA,90123
260033447,"ASST_NON_CA0274L9T131404_086","CA0274L9T131404","CENTRAL CALIFORNIA FAMILY CRISIS CENTER, INC.","CA","2015-02-12",NA,96171
260040180,"ASST_NON_CA0408L9D001407_086","CA0408L9D001407","HOUSING AUTHORITY OF THE CITY OF LOS ANGELES","CA","2015-02-12",NA,205942
260055488,"ASST_NON_CA0711L9D011407_086","CA0711L9D011407","INTERFAITH COMMUNITY SERVICES, INC","CA","2015-02-12",NA,80832
260065938,"ASST_NON_CA0948L9D121405_086","CA0948L9D121405","CITY OF GLENDALE","CA","2015-02-12",NA,76552
260065854,"ASST_NON_CA0944L9D011405_086","CA0944L9D011405","INTERFAITH COMMUNITY SERVICES, INC","CA","2015-02-12",NA,86234
260056024,"ASST_NON_CA0726L9D121407_086","CA0726L9D121407","CITY OF GLENDALE","CA","2015-02-12",NA,157924
260064379,"ASST_NON_CA0907L9T181405_086","CA0907L9T181405","VALLEJO LORD'S FELLOWSHIP CHURCH ASSEMBLIES OF GOD","CA","2015-02-12",NA,34410
260065869,"ASST_NON_CA0945L9D011405_086","CA0945L9D011405","COUNTY OF SAN DIEGO","CA","2015-02-12",NA,183903
260064611,"ASST_NON_CA0920L9D001405_086","CA0920L9D001405","HOUSING AUTHORITY OF THE CITY OF LOS ANGELES","CA","2015-02-12",NA,870719
260031698,"ASST_NON_CA0249L9T111406_086","CA0249L9T111406","COUNTY OF SAN JOAQUIN COM DEV SERVICES","CA","2015-02-12",NA,260192
260039670,"ASST_NON_CA0393L9D001407_086","CA0393L9D001407","HOUSING AUTHORITY OF THE CITY OF LOS ANGELES","CA","2015-02-12",NA,199021
260075866,"ASST_NON_CA1216L9D001402_086","CA1216L9D001402","HOUSING AUTHORITY OF THE CITY OF LOS ANGELES","CA","2015-02-12",NA,532652
260043712,"ASST_NON_CA0525L9D001407_086","CA0525L9D001407","VENICE COMMUNITY HOUSING CORP","CA","2015-02-12",NA,82716
260053687,"ASST_NON_CA0689L9D011401_086","CA0689L9D011401","COUNTY OF SAN DIEGO","CA","2015-02-12",NA,112925
260055479,"ASST_NON_CA0710L9D011407_086","CA0710L9D011407","INTERFAITH COMMUNITY SERVICES, INC","CA","2015-02-12",NA,85701
260042495,"ASST_NON_CA0472L9D001407_086","CA0472L9D001407","HOUSING AUTHORITY OF THE CITY OF LOS ANGELES","CA","2015-02-12",NA,299055
260040163,"ASST_NON_CA0407L9D001407_086","CA0407L9D001407","HOUSING AUTHORITY OF THE CITY OF LOS ANGELES","CA","2015-02-12",NA,144159
260056926,"ASST_NON_CA0733L9D121407_086","CA0733L9D121407","CITY OF GLENDALE","CA","2015-02-12",NA,343379
260039636,"ASST_NON_CA0391L9D001407_086","CA0391L9D001407","HOUSING AUTHORITY OF THE CITY OF LOS ANGELES","CA","2015-02-12",NA,253465
260037540,"ASST_NON_CA0335L9D001407_086","CA0335L9D001407","HOUSING AUTHORITY OF THE CITY OF LOS ANGELES","CA","2015-02-12",NA,134685
260076613,"ASST_NON_CA1238L9D021401_086","CA1238L9D021401","MERCY HOUSE LIVING CENTERS","CA","2015-02-12",NA,119682
260041608,"ASST_NON_CA0445L9D001407_086","CA0445L9D001407","HOUSING AUTHORITY OF THE CITY OF LOS ANGELES","CA","2015-02-12",NA,296745
260056919,"ASST_NON_CA0732L9D121407_086","CA0732L9D121407","CITY OF GLENDALE","CA","2015-02-12",NA,620951
260041591,"ASST_NON_CA0444L9D001407_086","CA0444L9D001407","HOUSING AUTHORITY OF THE CITY OF LOS ANGELES","CA","2015-02-12",NA,424865
260061639,"ASST_NON_CA0841L9T141403_086","CA0841L9T141403","TURNING POINT OF CENTRAL CALIFORNIA INC","CA","2015-02-12",NA,610304
260069563,"ASST_NON_CA1051L9D001404_086","CA1051L9D001404","HOUSING AUTHORITY OF THE CITY OF LOS ANGELES","CA","2015-02-12",NA,463369
260064634,"ASST_NON_CA0923L9D001405_086","CA0923L9D001405","HOUSING AUTHORITY OF THE CITY OF LOS ANGELES","CA","2015-02-12",NA,328484
260035341,"ASST_NON_CA0302L9T181407_086","CA0302L9T181407","VALLEJO LORD'S FELLOWSHIP CHURCH ASSEMBLIES OF GOD","CA","2015-02-12",NA,38488
260032376,"ASST_NON_CA0250L9T111406_086","CA0250L9T111406","COUNTY OF SAN JOAQUIN COM DEV SERVICES","CA","2015-02-12",NA,361700
260064253,"ASST_NON_CA0892L9T051405_086","CA0892L9T051405","HOUSING AUTHORITY OF CONTRA COSTA COUNTY","CA","2015-02-12",NA,64116
260069549,"ASST_NON_CA1050L9D001404_086","CA1050L9D001404","HOUSING AUTHORITY OF THE CITY OF LOS ANGELES","CA","2015-02-12",NA,597064
260025623,"ASST_NON_CA0195L9T051407_086","CA0195L9T051407","HOUSING AUTHORITY OF CONTRA COSTA COUNTY","CA","2015-02-12","2015-02-12101600049676",3477027
260014225,"ASST_NON_CA0022L9T001407_086","CA0022L9T001407","HOMEFIRST SERVICES OF SANTA CLARA COUNTY","CA","2015-02-12",NA,27307
260037030,"ASST_NON_CA0328L9D001401_086","CA0328L9D001401","HOUSING AUTHORITY OF THE CITY OF LOS ANGELES","CA","2015-02-12",NA,65823
260044594,"ASST_NON_CA0539L9D011407_086","CA0539L9D011407","CATHOLIC CHARITIES, DIOCESE OF SAN DIEGO","CA","2015-02-12",NA,33012
260066830,"ASST_NON_CA0964L9T101402_086","CA0964L9T101402","TURNING POINT COMMUNITY PROGRAMS","CA","2015-02-12",NA,136873
260060132,"ASST_NON_CA0783L9D001406_086","CA0783L9D001406","HOUSING AUTHORITY OF THE CITY OF LOS ANGELES","CA","2015-02-12",NA,298615
260078292,"ASST_NON_CA1271L9D121401_086","CA1271L9D121401","CITY OF GLENDALE","CA","2015-02-12",NA,188048
260073563,"ASST_NON_CA1155L9T051403_086","CA1155L9T051403","HOUSING AUTHORITY OF CONTRA COSTA COUNTY","CA","2015-02-12",NA,80031
260070925,"ASST_NON_CA1085L9T131401_086","CA1085L9T131401","TURNING POINT OF CENTRAL CALIFORNIA INC","CA","2015-02-12",NA,59755
260066909,"ASST_NON_CA0969L9T131401_086","CA0969L9T131401","TURNING POINT OF CENTRAL CALIFORNIA INC","CA","2015-02-12",NA,93377
260032428,"ASST_NON_CA0253L9T111407_086","CA0253L9T111407","SAN JOAQUIN COUNTY - HUMAN SERVICES AGENCY","CA","2015-02-12",NA,2121267
260032411,"ASST_NON_CA0252L9T111406_086","CA0252L9T111406","SAN JOAQUIN COUNTY - HUMAN SERVICES AGENCY","CA","2015-02-12",NA,403644
260031682,"ASST_NON_CA0248L9T111405_086","CA0248L9T111405","SAN JOAQUIN COUNTY - HUMAN SERVICES AGENCY","CA","2015-02-12",NA,98540
260058730,"ASST_NON_CA0761L9T111404_086","CA0761L9T111404","SAN JOAQUIN COUNTY - HUMAN SERVICES AGENCY","CA","2015-02-12","2015-02-12101600050164",144300
260070940,"ASST_NON_CA1087L9T131401_086","CA1087L9T131401","TURNING POINT OF CENTRAL CALIFORNIA INC","CA","2015-02-12",NA,88749
260042520,"ASST_NON_CA0474L9D001407_086","CA0474L9D001407","HOUSING AUTHORITY OF THE CITY OF LOS ANGELES","CA","2015-02-12",NA,842069
260072824,"ASST_NON_CA1120L9D021402_086","CA1120L9D021402","MERCY HOUSE LIVING CENTERS","CA","2015-02-12",NA,404282
260064456,"ASST_NON_CA0917L9D001405_086","CA0917L9D001405","HOUSING AUTHORITY OF THE CITY OF LOS ANGELES","CA","2015-02-12",NA,402195
260068958,"ASST_NON_CA1049L9D001404_086","CA1049L9D001404","HOUSING AUTHORITY OF THE CITY OF LOS ANGELES","CA","2015-02-12",NA,483963
260076617,"ASST_NON_CA1239L9D111401_086","CA1239L9D111401","TURNING POINT FOUNDATION","CA","2015-02-12",NA,32561
260021042,"ASST_NON_CA0089L9T021407_086","CA0089L9T021407","ALAMEDA COUNTY HOUSING & COMMUNITY DEVELOPMENT","CA","2015-02-12",NA,195928
260061588,"ASST_NON_CA0836L9T121401_086","CA0836L9T121401","HOUSING AUTHORITY OF COUNTY OF SAN M","CA","2015-02-12",NA,62446
260061562,"ASST_NON_CA0832L9T081401_086","CA0832L9T081401","HOUSING AUTHORITY OF THE COUNTY OF SANTA CRUZ","CA","2015-02-12",NA,16567
260014248,"ASST_NON_CA0025L9T001407_086","CA0025L9T001407","FAMILY SUPPORTIVE HOUSING, INC.","CA","2015-02-12",NA,98364
260021876,"ASST_NON_CA0099L9T021407_086","CA0099L9T021407","ALAMEDA COUNTY HOUSING & COMMUNITY DEVELOPMENT","CA","2015-02-12",NA,164932
260029224,"ASST_NON_CA0204L9T061407_086","CA0204L9T061407","COMMUNITY HOMELESS SOLUTIONS","CA","2015-02-12",NA,118209
260021831,"ASST_NON_CA0094L9T021407_086","CA0094L9T021407","ALAMEDA COUNTY HOUSING & COMMUNITY DEVELOPMENT","CA","2015-02-12",NA,81320
260029238,"ASST_NON_CA0205L9T061407_086","CA0205L9T061407","COMMUNITY HOMELESS SOLUTIONS","CA","2015-02-12",NA,169772
260014341,"ASST_NON_CA0029L9T001406_086","CA0029L9T001406","FAMILY SUPPORTIVE HOUSING, INC.","CA","2015-02-12",NA,205105
260045128,"ASST_NON_CA0552L9D011407_086","CA0552L9D011407","YWCA OF SAN DIEGO COUNTY","CA","2015-02-12",NA,1083155
260023851,"ASST_NON_CA0125L9T021407_086","CA0125L9T021407","ALAMEDA COUNTY HOUSING & COMMUNITY DEVELOPMENT","CA","2015-02-12",NA,42973
260048682,"ASST_NON_CA0613L9D111407_086","CA0613L9D111407","MANY MANSIONS, A CALIFORNIA NONPROFIT CORPORATION","CA","2015-02-12",NA,40760
260077162,"ASST_NON_CA1245L9D111401_086","CA1245L9D111401","MANY MANSIONS, A CALIFORNIA NONPROFIT CORPORATION","CA","2015-02-12",NA,62197
260014333,"ASST_NON_CA0028L9T001407_086","CA0028L9T001407","FAMILY SUPPORTIVE HOUSING, INC.","CA","2015-02-12",NA,195620
260020935,"ASST_NON_CA0085L9T021407_086","CA0085L9T021407","ALAMEDA COUNTY HOUSING & COMMUNITY DEVELOPMENT","CA","2015-02-12",NA,5080067
260071885,"ASST_NON_CA1102L9T261401_086","CA1102L9T261401","AMADOR TUOLUMNE COMMUNITY ACTION AGENCY","CA","2015-02-12",NA,15970
260029209,"ASST_NON_CA0202L9T061407_086","CA0202L9T061407","COMMUNITY HOMELESS SOLUTIONS","CA","2015-02-12",NA,137394
260022947,"ASST_NON_CA0118L9T021407_086","CA0118L9T021407","ALAMEDA COUNTY HOUSING & COMMUNITY DEVELOPMENT","CA","2015-02-12",NA,1207374
260029252,"ASST_NON_CA0206L9T061407_086","CA0206L9T061407","COMMUNITY HOMELESS SOLUTIONS","CA","2015-02-12",NA,124153
260022255,"ASST_NON_CA0101L9T021407_086","CA0101L9T021407","ALAMEDA COUNTY HOUSING & COMMUNITY DEVELOPMENT","CA","2015-02-12",NA,391907
260067825,"ASST_NON_CA1026L9D111402_086","CA1026L9D111402","MANY MANSIONS, A CALIFORNIA NONPROFIT CORPORATION","CA","2015-02-12",NA,20011
260036984,"ASST_NON_CA0322L9T261406_086","CA0322L9T261406","AMADOR TUOLUMNE COMMUNITY ACTION AGENCY","CA","2015-02-12",NA,38962
260048785,"ASST_NON_CA0619L9D111407_086","CA0619L9D111407","TURNING POINT FOUNDATION","CA","2015-02-12",NA,28010
260014241,"ASST_NON_CA0024L9T001407_086","CA0024L9T001407","FAMILY SUPPORTIVE HOUSING, INC.","CA","2015-02-12",NA,45913
260067549,"ASST_NON_CA0987L9T221402_086","CA0987L9T221402","HUMBOLDT BAY HOUSING DEVELOPMENT","CA","2015-02-12",NA,27721
260030310,"ASST_NON_CA0224L9T081401_086","CA0224L9T081401","HOUSING AUTHORITY OF THE COUNTY OF SANTA CRUZ","CA","2015-02-12",NA,16567
260068801,"ASST_NON_CA1040L9T121404_086","CA1040L9T121404","HOUSING AUTHORITY OF COUNTY OF SAN M","CA","2015-02-12",NA,62446
260076325,"ASST_NON_CA1223L9D091402_086","CA1223L9D091402","HOUSING AUTHORITY OF THE COUNTY OF SAN BERNARDINO","CA","2015-02-12",NA,2033792
260020918,"ASST_NON_CA0084L9T021407_086","CA0084L9T021407","ALAMEDA COUNTY HOUSING & COMMUNITY DEVELOPMENT","CA","2015-02-12",NA,1230104
260046380,"ASST_NON_CA0586L9D021407_086","CA0586L9D021407","JOHN HENRY FOUNDATION, THE","CA","2015-02-12",NA,149509
260022652,"ASST_NON_CA0110L9T021407_086","CA0110L9T021407","ALAMEDA COUNTY HOUSING & COMMUNITY DEVELOPMENT","CA","2015-02-12",NA,160183
260042671,"ASST_NON_CA0486L9D001407_086","CA0486L9D001407","MARY LIND RECOVERY CENTERS","CA","2015-02-12",NA,450742
260020962,"ASST_NON_CA0087L9T021407_086","CA0087L9T021407","ALAMEDA COUNTY HOUSING & COMMUNITY DEVELOPMENT","CA","2015-02-12",NA,1111092
260022272,"ASST_NON_CA0102L9T021407_086","CA0102L9T021407","ALAMEDA COUNTY HOUSING & COMMUNITY DEVELOPMENT","CA","2015-02-12",NA,100788
260066799,"ASST_NON_CA0959L9T071402_086","CA0959L9T071402","HOMEWARD BOUND OF MARIN","CA","2015-02-12",NA,17719
260067558,"ASST_NON_CA0989L9T261402_086","CA0989L9T261402","AMADOR TUOLUMNE COMMUNITY ACTION AGENCY","CA","2015-02-12",NA,15135
260073534,"ASST_NON_CA1151L9T021403_086","CA1151L9T021403","ALAMEDA COUNTY HOUSING & COMMUNITY DEVELOPMENT","CA","2015-02-12",NA,359281
260068346,"ASST_NON_CA1033L9T021404_086","CA1033L9T021404","ALAMEDA COUNTY HOUSING & COMMUNITY DEVELOPMENT","CA","2015-02-12",NA,550126
260070682,"ASST_NON_CA1073L9T071402_086","CA1073L9T071402","HOMEWARD BOUND OF MARIN","CA","2015-02-12",NA,35176
260055983,"ASST_NON_CA0721L9D111407_086","CA0721L9D111407","TURNING POINT FOUNDATION","CA","2015-02-12",NA,37435
260073531,"ASST_NON_CA1150L9T021403_086","CA1150L9T021403","ALAMEDA COUNTY HOUSING & COMMUNITY DEVELOPMENT","CA","2015-02-12",NA,417010
260022983,"ASST_NON_CA0119L9T021407_086","CA0119L9T021407","ALAMEDA COUNTY HOUSING & COMMUNITY DEVELOPMENT","CA","2015-02-12",NA,51685
260020901,"ASST_NON_CA0083L9T021407_086","CA0083L9T021407","ALAMEDA COUNTY HOUSING & COMMUNITY DEVELOPMENT","CA","2015-02-12",NA,352600
260029403,"ASST_NON_CA0215L9T071407_086","CA0215L9T071407","HOMEWARD BOUND OF MARIN","CA","2015-02-12",NA,332634
260048660,"ASST_NON_CA0611L9D111407_086","CA0611L9D111407","MANY MANSIONS, A CALIFORNIA NONPROFIT CORPORATION","CA","2015-02-12",NA,62580
260032650,"ASST_NON_CA0265L9T121407_086","CA0265L9T121407","HOUSING AUTHORITY OF COUNTY OF SAN M","CA","2015-02-12",NA,1044542
260046267,"ASST_NON_CA0575L9D021407_086","CA0575L9D021407","PEOPLE FOR IRVINE COMMUNITY HEALTH","CA","2015-02-12",NA,499646
260060931,"ASST_NON_CA0816L9D091406_086","CA0816L9D091406","HOUSING AUTHORITY OF THE COUNTY OF SAN BERNARDINO","CA","2015-02-12","2015-02-12101600052068",377231
260020952,"ASST_NON_CA0086L9T021407_086","CA0086L9T021407","ALAMEDA COUNTY HOUSING & COMMUNITY DEVELOPMENT","CA","2015-02-12",NA,216446
260032624,"ASST_NON_CA0263L9T121407_086","CA0263L9T121407","SAMARITAN HOUSE","CA","2015-02-12",NA,107000
260032663,"ASST_NON_CA0266L9T121407_086","CA0266L9T121407","HOUSING AUTHORITY OF COUNTY OF SAN M","CA","2015-02-12",NA,1835978
260048703,"ASST_NON_CA0615L9D111407_086","CA0615L9D111407","TURNING POINT FOUNDATION","CA","2015-02-12",NA,168977
260029518,"ASST_NON_CA0218L9T071407_086","CA0218L9T071407","HOMEWARD BOUND OF MARIN","CA","2015-02-12",NA,220217
260058763,"ASST_NON_CA0764L9T121406_086","CA0764L9T121406","HOUSING AUTHORITY OF COUNTY OF SAN M","CA","2015-02-12",NA,175891
260032673,"ASST_NON_CA0267L9T121407_086","CA0267L9T121407","HOUSING AUTHORITY OF COUNTY OF SAN M","CA","2015-02-12",NA,813703
260029383,"ASST_NON_CA0212L9T071405_086","CA0212L9T071405","HOMEWARD BOUND OF MARIN","CA","2015-02-12",NA,17600
260064357,"ASST_NON_CA0904L9T121405_086","CA0904L9T121405","HOUSING AUTHORITY OF COUNTY OF SAN M","CA","2015-02-12",NA,62446
260077853,"ASST_NON_CA1267L9T071401_086","CA1267L9T071401","HOMEWARD BOUND OF MARIN","CA","2015-02-12",NA,88599
260057721,"ASST_NON_CA0747L9T021406_086","CA0747L9T021406","ALAMEDA COUNTY HOUSING & COMMUNITY DEVELOPMENT","CA","2015-02-12",NA,584688
260030849,"ASST_NON_CA0234L9T081407_086","CA0234L9T081407","HOUSING AUTHORITY OF THE COUNTY OF SANTA CRUZ","CA","2015-02-12","2015-02-12101600049804",46788
260063593,"ASST_NON_CA0879L9D091403_086","CA0879L9D091403","NEW HOPE VILLAGE, INC.","CA","2015-02-12",NA,38564
260030333,"ASST_NON_CA0227L9T081407_086","CA0227L9T081407","HOUSING AUTHORITY OF THE COUNTY OF SANTA CRUZ","CA","2015-02-12",NA,57067
260048725,"ASST_NON_CA0617L9D111407_086","CA0617L9D111407","MANY MANSIONS, A CALIFORNIA NONPROFIT CORPORATION","CA","2015-02-12",NA,64242
260025350,"ASST_NON_CA0175L9T041205_086","CA0175L9T041205","COMMITTEE ON THE SHELTERLESS","CA","2015-02-17","2015-02-17101600001166",-1739
260077824,"ASST_NON_CA1262L9T151300_086","CA1262L9T151300","COUNTY OF NEVADA","CA","2015-02-20","2015-02-20101600021230",20270
260065188,"ASST_NON_CA0937L9D091203_086","CA0937L9D091203","INLAND TEMPORARY HOMES","CA","2015-02-26",NA,63620
260065188,"ASST_NON_CA0937L9D091203_086","CA0937L9D091203","INLAND TEMPORARY HOMES","CA","2015-02-26",NA,-63620
260076542,"ASST_NON_CA1234L9T011300_086","CA1234L9T011300","CITY & COUNTY OF SAN FRANCISCO","CA","2015-03-04",NA,631535
260077189,"ASST_NON_CA1250L9T211300_086","CA1250L9T211300","CITY OF WOODLAND","CA","2015-03-04",NA,23339
260077848,"ASST_NON_CA1266L9D081300_086","CA1266L9D081300","RIVERSIDE, COUNTY OF","CA","2015-03-05","2015-03-05101600032976",456
260056145,"ASST_NON_CA0729L9D121205_086","CA0729L9D121205","CITY OF GLENDALE","CA","2015-03-19",NA,-727
260056145,"ASST_NON_CA0729L9D121205_086","CA0729L9D121205","CITY OF GLENDALE","CA","2015-03-19",NA,727
260060860,"ASST_NON_CA0806L9D021204_086","CA0806L9D021204","COLETTE'S CHILDREN HOME, INC.","CA","2015-04-01","2015-04-01101600000682",-33283
260060866,"ASST_NON_CA0807L9D021204_086","CA0807L9D021204","COLETTE'S CHILDREN HOME, INC.","CA","2015-04-01","2015-04-01101600000708",-18816
260077858,"ASST_NON_CA1269L9D021300_086","CA1269L9D021300","INTERVAL HOUSE","CA","2015-04-02","2015-04-02101600413294",1044
260078449,"ASST_NON_CA1286L9T151300_086","CA1286L9T151300","STAND UP PLACER, INC.","CA","2015-04-06",NA,13154
260053658,"ASST_NON_CA0684L9D081205_086","CA0684L9D081205","RIVERSIDE, COUNTY OF","CA","2015-04-08","2015-04-08101600002374",-6125.7
260055982,"ASST_NON_CA0721L9D111306_086","CA0721L9D111306","TURNING POINT FOUNDATION","CA","2015-04-08",NA,-1147
260034592,"ASST_NON_CA0289L9T171204_086","CA0289L9T171204","COUNTY OF NAPA","CA","2015-04-13",NA,959
260034592,"ASST_NON_CA0289L9T171204_086","CA0289L9T171204","COUNTY OF NAPA","CA","2015-04-13",NA,16877
260045076,"ASST_NON_CA0542L9D011306_086","CA0542L9D011306","ST. VINCENT DE PAUL VILLAGE, INC.","CA","2015-04-14",NA,-7177
260054487,"ASST_NON_CA0699L9D011205_086","CA0699L9D011205","INTERFAITH COMMUNITY SERVICES, INC","CA","2015-04-14",NA,1391
260054487,"ASST_NON_CA0699L9D011205_086","CA0699L9D011205","INTERFAITH COMMUNITY SERVICES, INC","CA","2015-04-14",NA,-1391
260059617,"ASST_NON_CA0777L9T171305_086","CA0777L9T171305","BUCKELEW PROGRAMS","CA","2015-04-21",NA,174470
260077166,"ASST_NON_CA1246L9T011300_086","CA1246L9T011300","CITY & COUNTY OF SAN FRANCISCO","CA","2015-04-27",NA,619788
260077145,"ASST_NON_CA1243L9T011300_086","CA1243L9T011300","CITY & COUNTY OF SAN FRANCISCO","CA","2015-04-29",NA,592947
260080604,"ASST_NON_CA1364L9D081400_086","CA1364L9D081400","RIVERSIDE, COUNTY OF","CA","2015-05-05","2015-05-05101600033958",1278690
260080634,"ASST_NON_CA1368L9D081400_086","CA1368L9D081400","RIVERSIDE, COUNTY OF","CA","2015-05-05","2015-05-05101600033950",169265
260080615,"ASST_NON_CA1365L9D081400_086","CA1365L9D081400","RIVERSIDE, COUNTY OF","CA","2015-05-05","2015-05-05101600033954",338541
260079708,"ASST_NON_CA1326L9T181400_086","CA1326L9T181400","SOLANO COUNTY HEALTH & SOCIAL SERVICES DEPARTMENT","CA","2015-05-05",NA,151323
260076541,"ASST_NON_CA1233L9T001300_086","CA1233L9T001300","COUNTY OF SANTA CLARA","CA","2015-05-05",NA,135153
260052295,"ASST_NON_CA0669L9D081205_086","CA0669L9D081205","RIVERSIDE, COUNTY OF","CA","2015-05-13","2015-05-13101600001944",-6960.99
260065141,"ASST_NON_CA0930L9D021203_086","CA0930L9D021203","COLETTE'S CHILDREN HOME, INC.","CA","2015-05-13","2015-05-13101600001956",-30787
260035132,"ASST_NON_CA0292L9T171306_086","CA0292L9T171306","THE HOUSING DEVELOPMENT CORPORATION OF THE CITY OF NAPA","CA","2015-05-13",NA,43445
260078429,"ASST_NON_CA1282L9T051300_086","CA1282L9T051300","COUNTY OF CONTRA COSTA","CA","2015-05-19",NA,115472
260080623,"ASST_NON_CA1367L9D081400_086","CA1367L9D081400","RIVERSIDE, COUNTY OF","CA","2015-05-19","2015-05-19101600018628",258054
260080622,"ASST_NON_CA1366L9D081400_086","CA1366L9D081400","RIVERSIDE, COUNTY OF","CA","2015-05-19","2015-05-19101600018632",104365
260080481,"ASST_NON_CA1355L9D041400_086","CA1355L9D041400","CLINICA SIERRA VISTA","CA","2015-05-19",NA,76664
260069576,"ASST_NON_CA1052L9D021202_086","CA1052L9D021202","ORANGE COUNTY HOUSING AUTHORITY","CA","2015-05-20","2015-05-20101600004170",-30478
260060839,"ASST_NON_CA0804L9D021204_086","CA0804L9D021204","ORANGE COUNTY HOUSING AUTHORITY","CA","2015-05-20","2015-05-20101600004242",-37797.42
260060903,"ASST_NON_CA0811L9D041204_086","CA0811L9D041204","HOUSING AUTHORITY OF THE COUNTY OF KERN","CA","2015-05-20","2015-05-20101600004182",-59305.25
260064666,"ASST_NON_CA0929L9D021203_086","CA0929L9D021203","ORANGE COUNTY HOUSING AUTHORITY","CA","2015-05-20","2015-05-20101600004236",-56079
260046286,"ASST_NON_CA0577L9D021205_086","CA0577L9D021205","ORANGE COUNTY HOUSING AUTHORITY","CA","2015-05-20","2015-05-20101600004224",-151312
260074981,"ASST_NON_CA1197L9D041200_086","CA1197L9D041200","HOUSING AUTHORITY OF THE COUNTY OF KERN","CA","2015-05-20","2015-05-20101600004184",-8774.49
260067729,"ASST_NON_CA1007L9D041202_086","CA1007L9D041202","COUNTY OF KERN","CA","2015-05-20",NA,-6330
260067729,"ASST_NON_CA1007L9D041202_086","CA1007L9D041202","COUNTY OF KERN","CA","2015-05-20",NA,6330
260048135,"ASST_NON_CA0606L9D041205_086","CA0606L9D041205","COUNTY OF KERN","CA","2015-05-20",NA,-5637
260048135,"ASST_NON_CA0606L9D041205_086","CA0606L9D041205","COUNTY OF KERN","CA","2015-05-20",NA,5637
260080448,"ASST_NON_CA1350L9D021400_086","CA1350L9D021400","FAMILIES FORWARD, INC.","CA","2015-05-22","2015-05-22101600019486",351817
260078514,"ASST_NON_CA1289L9T141300_086","CA1289L9T141300","HOUSING AUTHORITY OF THE CITY OF FRESNO","CA","2015-06-01","2015-06-01101600035340",71891
260077181,"ASST_NON_CA1249L9T051300_086","CA1249L9T051300","GREATER RICHMOND INTER-FAITH PROGRAM","CA","2015-06-01",NA,81124
260072904,"ASST_NON_CA1137L9D091201_086","CA1137L9D091201","TIME FOR CHANGE FOUNDATION","CA","2015-06-09","2015-06-09101600001560",-2811.51
260081001,"ASST_NON_CA1370L9D091400_086","CA1370L9D091400","INLAND VALLEY COUNCIL OF CHURCHES","CA","2015-06-12",NA,137861
260079134,"ASST_NON_CA1307L9T071400_086","CA1307L9T071400","HOMEWARD BOUND OF MARIN","CA","2015-06-17",NA,510796
260080482,"ASST_NON_CA1356L9D041400_086","CA1356L9D041400","UNITED WAY OF CENTRAL EASTERN CALIFORNIA INC","CA","2015-06-17",NA,37500
260067740,"ASST_NON_CA1011L9D041201_086","CA1011L9D041201","BETHANY SERVICES","CA","2015-06-18",NA,1995
260067740,"ASST_NON_CA1011L9D041201_086","CA1011L9D041201","BETHANY SERVICES","CA","2015-06-18",NA,-1995
260052721,"ASST_NON_CA0675L9D081306_086","CA0675L9D081306","RIVERSIDE, COUNTY OF","CA","2015-06-18","2015-06-18101600002610",-7775.16
260045112,"ASST_NON_CA0550L9D011205_086","CA0550L9D011205","THE ASSOCIATION FOR COMMUNITY HOUSING SOLUTIONS","CA","2015-06-18","2015-06-18101600002704",-6097
260074993,"ASST_NON_CA1198L9D041200_086","CA1198L9D041200","CLINICA SIERRA VISTA","CA","2015-06-18",NA,-175
260048171,"ASST_NON_CA0609L9D041205_086","CA0609L9D041205","CLINICA SIERRA VISTA","CA","2015-06-18",NA,528
260048171,"ASST_NON_CA0609L9D041205_086","CA0609L9D041205","CLINICA SIERRA VISTA","CA","2015-06-18",NA,-528
260067732,"ASST_NON_CA1008L9D041201_086","CA1008L9D041201","CLINICA SIERRA VISTA","CA","2015-06-18",NA,-593
260067732,"ASST_NON_CA1008L9D041201_086","CA1008L9D041201","CLINICA SIERRA VISTA","CA","2015-06-18",NA,593
260072956,"ASST_NON_CA1143L9D091201_086","CA1143L9D091201","UNITED STATES VETERANS INITIATIVE","CA","2015-06-18",NA,180373
260072956,"ASST_NON_CA1143L9D091201_086","CA1143L9D091201","UNITED STATES VETERANS INITIATIVE","CA","2015-06-18",NA,-180373
260045712,"ASST_NON_CA0567L9D021205_086","CA0567L9D021205","ORANGE COUNTY HOUSING AUTHORITY","CA","2015-06-18","2015-06-18101600002458",-35865.97
260045702,"ASST_NON_CA0566L9D021205_086","CA0566L9D021205","ORANGE COUNTY HOUSING AUTHORITY","CA","2015-06-18","2015-06-18101600002470",-55716
260046287,"ASST_NON_CA0577L9D021306_086","CA0577L9D021306","ORANGE COUNTY HOUSING AUTHORITY","CA","2015-06-18","2015-06-18101600002478",-172121.39
260073627,"ASST_NON_CA1165L9D021201_086","CA1165L9D021201","ORANGE COUNTY HOUSING AUTHORITY","CA","2015-06-18","2015-06-18101600002464",-20827.57
260046343,"ASST_NON_CA0581L9D021205_086","CA0581L9D021205","ORANGE COUNTY HOUSING AUTHORITY","CA","2015-06-18","2015-06-18101600002452",-178012.86
260040707,"ASST_NON_CA0421L9D001306_086","CA0421L9D001306","HOUSING AUTHORITY OF THE COUNTY OF LOS ANGELES, THE","CA","2015-06-18",NA,-178300
260037641,"ASST_NON_CA0339L9D001306_086","CA0339L9D001306","HOUSING AUTHORITY OF THE COUNTY OF LOS ANGELES, THE","CA","2015-06-18",NA,-205326
260039338,"ASST_NON_CA0365L9D001306_086","CA0365L9D001306","HOUSING AUTHORITY OF THE COUNTY OF LOS ANGELES, THE","CA","2015-06-18",NA,-1099017
260065867,"ASST_NON_CA0945L9D011203_086","CA0945L9D011203","COUNTY OF SAN DIEGO","CA","2015-06-18",NA,-68450
260054453,"ASST_NON_CA0694L9D011205_086","CA0694L9D011205","COUNTY OF SAN DIEGO","CA","2015-06-18",NA,-193694
260065867,"ASST_NON_CA0945L9D011203_086","CA0945L9D011203","COUNTY OF SAN DIEGO","CA","2015-06-18",NA,68450
260056917,"ASST_NON_CA0732L9D121205_086","CA0732L9D121205","CITY OF GLENDALE","CA","2015-06-18",NA,-15645
260054453,"ASST_NON_CA0694L9D011205_086","CA0694L9D011205","COUNTY OF SAN DIEGO","CA","2015-06-18",NA,193694
260073619,"ASST_NON_CA1163L9D011201_086","CA1163L9D011201","COUNTY OF SAN DIEGO","CA","2015-06-18",NA,-9544
260073615,"ASST_NON_CA1162L9D011201_086","CA1162L9D011201","COUNTY OF SAN DIEGO","CA","2015-06-18",NA,22354
260065874,"ASST_NON_CA0946L9D011203_086","CA0946L9D011203","COUNTY OF SAN DIEGO","CA","2015-06-18",NA,54921
260054971,"ASST_NON_CA0700L9D011306_086","CA0700L9D011306","INTERFAITH COMMUNITY SERVICES, INC","CA","2015-06-18",NA,-462
260054436,"ASST_NON_CA0693L9D011205_086","CA0693L9D011205","COUNTY OF SAN DIEGO","CA","2015-06-18",NA,17912
260065874,"ASST_NON_CA0946L9D011203_086","CA0946L9D011203","COUNTY OF SAN DIEGO","CA","2015-06-18",NA,-54921
260073619,"ASST_NON_CA1163L9D011201_086","CA1163L9D011201","COUNTY OF SAN DIEGO","CA","2015-06-18",NA,9544
260056022,"ASST_NON_CA0726L9D121205_086","CA0726L9D121205","CITY OF GLENDALE","CA","2015-06-18",NA,11081
260056022,"ASST_NON_CA0726L9D121205_086","CA0726L9D121205","CITY OF GLENDALE","CA","2015-06-18",NA,-11081
260073615,"ASST_NON_CA1162L9D011201_086","CA1162L9D011201","COUNTY OF SAN DIEGO","CA","2015-06-18",NA,-22354
260055487,"ASST_NON_CA0711L9D011306_086","CA0711L9D011306","INTERFAITH COMMUNITY SERVICES, INC","CA","2015-06-18",NA,-2501
260056898,"ASST_NON_CA0731L9D121205_086","CA0731L9D121205","CITY OF GLENDALE","CA","2015-06-18",NA,-1945
260056917,"ASST_NON_CA0732L9D121205_086","CA0732L9D121205","CITY OF GLENDALE","CA","2015-06-18",NA,15645
260056898,"ASST_NON_CA0731L9D121205_086","CA0731L9D121205","CITY OF GLENDALE","CA","2015-06-18",NA,1945
260054436,"ASST_NON_CA0693L9D011205_086","CA0693L9D011205","COUNTY OF SAN DIEGO","CA","2015-06-18",NA,-17912
260077141,"ASST_NON_CA1241L9T011300_086","CA1241L9T011300","CITY & COUNTY OF SAN FRANCISCO","CA","2015-07-02",NA,135105
260070093,"ASST_NON_CA1064L9T031401_086","CA1064L9T031401","SACRAMENTO STEPS FORWARD","CA","2015-07-02",NA,94914
260024045,"ASST_NON_CA0143L9T031407_086","CA0143L9T031407","SACRAMENTO STEPS FORWARD","CA","2015-07-02",NA,130589
260058255,"ASST_NON_CA0750L9T031406_086","CA0750L9T031406","SACRAMENTO STEPS FORWARD","CA","2015-07-02",NA,54334
260079157,"ASST_NON_CA1310L9T081400_086","CA1310L9T081400","HOUSING MATTERS","CA","2015-07-14",NA,298257
260079164,"ASST_NON_CA1312L9T121400_086","CA1312L9T121400","HOUSING AUTHORITY OF COUNTY OF SAN M","CA","2015-07-14",NA,978009
260042384,"ASST_NON_CA0462L9D001205_086","CA0462L9D001205","CITY OF POMONA","CA","2015-07-15",NA,-251131
260055023,"ASST_NON_CA0705L9D011306_086","CA0705L9D011306","MENTAL HEALTH SYSTEMS, INC.","CA","2015-07-15","2015-07-15101600004244",-20831
260042384,"ASST_NON_CA0462L9D001205_086","CA0462L9D001205","CITY OF POMONA","CA","2015-07-15",NA,251131
260038489,"ASST_NON_CA0351L9D001205_086","CA0351L9D001205","HOMES FOR LIFE FOUNDATION","CA","2015-07-15",NA,5880
260039556,"ASST_NON_CA0387L9D001205_086","CA0387L9D001205","HOMES FOR LIFE FOUNDATION","CA","2015-07-15",NA,-1059
260038489,"ASST_NON_CA0351L9D001205_086","CA0351L9D001205","HOMES FOR LIFE FOUNDATION","CA","2015-07-15",NA,-5880
260039556,"ASST_NON_CA0387L9D001205_086","CA0387L9D001205","HOMES FOR LIFE FOUNDATION","CA","2015-07-15",NA,1059
260045090,"ASST_NON_CA0545L9D011306_086","CA0545L9D011306","SAN DIEGO HOUSING COMMISSION","CA","2015-07-15","2015-07-15101600004208",-30892.22
260068844,"ASST_NON_CA1047L9D001202_086","CA1047L9D001202","HOUSING AUTHORITY OF THE COUNTY OF LOS ANGELES, THE","CA","2015-07-15",NA,-38681
260073598,"ASST_NON_CA1159L9D001201_086","CA1159L9D001201","HOUSING AUTHORITY OF THE COUNTY OF LOS ANGELES, THE","CA","2015-07-15",NA,-15897
260073585,"ASST_NON_CA1158L9D001201_086","CA1158L9D001201","HOUSING AUTHORITY OF THE COUNTY OF LOS ANGELES, THE","CA","2015-07-15",NA,-148902
260064409,"ASST_NON_CA0914L9D001203_086","CA0914L9D001203","HOUSING AUTHORITY OF THE COUNTY OF LOS ANGELES, THE","CA","2015-07-15",NA,-82947
260073585,"ASST_NON_CA1158L9D001201_086","CA1158L9D001201","HOUSING AUTHORITY OF THE COUNTY OF LOS ANGELES, THE","CA","2015-07-15",NA,148902
260068830,"ASST_NON_CA1046L9D001202_086","CA1046L9D001202","HOUSING AUTHORITY OF THE COUNTY OF LOS ANGELES, THE","CA","2015-07-15",NA,-665944
260068844,"ASST_NON_CA1047L9D001202_086","CA1047L9D001202","HOUSING AUTHORITY OF THE COUNTY OF LOS ANGELES, THE","CA","2015-07-15",NA,38681
260073572,"ASST_NON_CA1157L9D001201_086","CA1157L9D001201","HOUSING AUTHORITY OF THE COUNTY OF LOS ANGELES, THE","CA","2015-07-15",NA,-62635
260068830,"ASST_NON_CA1046L9D001202_086","CA1046L9D001202","HOUSING AUTHORITY OF THE COUNTY OF LOS ANGELES, THE","CA","2015-07-15",NA,665944
260073572,"ASST_NON_CA1157L9D001201_086","CA1157L9D001201","HOUSING AUTHORITY OF THE COUNTY OF LOS ANGELES, THE","CA","2015-07-15",NA,62635
260064409,"ASST_NON_CA0914L9D001203_086","CA0914L9D001203","HOUSING AUTHORITY OF THE COUNTY OF LOS ANGELES, THE","CA","2015-07-15",NA,82947
260073598,"ASST_NON_CA1159L9D001201_086","CA1159L9D001201","HOUSING AUTHORITY OF THE COUNTY OF LOS ANGELES, THE","CA","2015-07-15",NA,15897
260042360,"ASST_NON_CA0460L9D001205_086","CA0460L9D001205","THE PEOPLE CONCERN","CA","2015-07-15",NA,39164
260042360,"ASST_NON_CA0460L9D001205_086","CA0460L9D001205","THE PEOPLE CONCERN","CA","2015-07-15",NA,-39164
260030849,"ASST_NON_CA0234L9T081407_086","CA0234L9T081407","HOUSING AUTHORITY OF THE COUNTY OF SANTA CRUZ","CA","2015-07-15","2015-07-15101600026522",452609
260079084,"ASST_NON_CA1296L9T011400_086","CA1296L9T011400","CITY & COUNTY OF SAN FRANCISCO","CA","2015-07-17",NA,2123890
260080479,"ASST_NON_CA1353L9D021400_086","CA1353L9D021400","COUNTY OF ORANGE","CA","2015-07-17",NA,212236
260079106,"ASST_NON_CA1300L9T031400_086","CA1300L9T031400","SACRAMENTO STEPS FORWARD","CA","2015-07-21",NA,274307
260079111,"ASST_NON_CA1303L9T031400_086","CA1303L9T031400","SACRAMENTO STEPS FORWARD","CA","2015-07-21",NA,2440969
260077839,"ASST_NON_CA1264L9T131300_086","CA1264L9T131300","KINGS COMMUNITY ACTION ORGANIZATION, INCORPORATED","CA","2015-08-05","2015-08-05101600027924",76729
260079103,"ASST_NON_CA1299L9T031400_086","CA1299L9T031400","SACRAMENTO STEPS FORWARD","CA","2015-08-08",NA,241172
260078328,"ASST_NON_CA1275L9T051300_086","CA1275L9T051300","HOUSING AUTHORITY OF CONTRA COSTA COUNTY","CA","2015-08-12",NA,416474
260081012,"ASST_NON_CA1371L9D091400_086","CA1371L9D091400","KNOWLEDGE, EDUCATION FOR YOUR SUCCESS, INC.","CA","2015-08-14",NA,236605
260080402,"ASST_NON_CA1343L9D001400_086","CA1343L9D001400","HOUSING AUTHORITY OF THE COUNTY OF LOS ANGELES, THE","CA","2015-08-14",NA,485872
260080422,"ASST_NON_CA1345L9D001400_086","CA1345L9D001400","HOUSING AUTHORITY OF THE COUNTY OF LOS ANGELES, THE","CA","2015-08-14",NA,128795
260080413,"ASST_NON_CA1344L9D001400_086","CA1344L9D001400","HOUSING AUTHORITY OF THE COUNTY OF LOS ANGELES, THE","CA","2015-08-14",NA,523392
260078338,"ASST_NON_CA1276L9T051300_086","CA1276L9T051300","HOUSING AUTHORITY OF CONTRA COSTA COUNTY","CA","2015-08-19",NA,144054
260045083,"ASST_NON_CA0543L9D011306_086","CA0543L9D011306","ST. VINCENT DE PAUL VILLAGE, INC.","CA","2015-08-24",NA,-19743
260064395,"ASST_NON_CA0913L9D001304_086","CA0913L9D001304","HOUSING AUTHORITY OF THE COUNTY OF LOS ANGELES, THE","CA","2015-08-24",NA,-58154
260042426,"ASST_NON_CA0465L9D001306_086","CA0465L9D001306","HOUSING AUTHORITY OF THE COUNTY OF LOS ANGELES, THE","CA","2015-08-24",NA,-1368185
260064425,"ASST_NON_CA0915L9D001304_086","CA0915L9D001304","HOUSING AUTHORITY OF THE COUNTY OF LOS ANGELES, THE","CA","2015-08-24",NA,-73039
260079171,"ASST_NON_CA1313L9T121400_086","CA1313L9T121400","LIFEMOVES","CA","2015-08-25",NA,416244
260035133,"ASST_NON_CA0292L9T171407_086","CA0292L9T171407","THE HOUSING DEVELOPMENT CORPORATION OF THE CITY OF NAPA","CA","2015-08-25",NA,46109
260080382,"ASST_NON_CA1341L9D001400_086","CA1341L9D001400","HOUSING AUTHORITY OF THE CITY OF LOS ANGELES","CA","2015-08-26",NA,10120541
260078280,"ASST_NON_CA1270L9T021300_086","CA1270L9T021300","CITY OF OAKLAND","CA","2015-08-28","2015-08-28101600024678",674615
260078303,"ASST_NON_CA1272L9T021300_086","CA1272L9T021300","ALAMEDA COUNTY HOUSING & COMMUNITY DEVELOPMENT","CA","2015-09-01","2015-09-01101600011626",680723
260080310,"ASST_NON_CA1331L9T241400_086","CA1331L9T241400","SUTTER YUBA HOMELESS CONSORTIUM","CA","2015-09-04",NA,2490
260079242,"ASST_NON_CA1318L9T131400_086","CA1318L9T131400","KINGS COMMUNITY ACTION ORGANIZATION, INCORPORATED","CA","2015-09-08",NA,126579
260077857,"ASST_NON_CA1268L9T061300_086","CA1268L9T061300","COALITION OF HOMELESS SERVICES PROVIDERS","CA","2015-09-08","2015-09-08101600022096",24153
260078450,"ASST_NON_CA1287L9T081300_086","CA1287L9T081300","COUNTY OF SANTA CRUZ","CA","2015-09-08","2015-09-08101600022100",18492
260080480,"ASST_NON_CA1354L9D031400_086","CA1354L9D031400","COUNTY OF SANTA BARBARA","CA","2015-09-09","2015-09-09101600024972",20374
260080441,"ASST_NON_CA1349L9D011400_086","CA1349L9D011400","SAN DIEGO HOUSING COMMISSION","CA","2015-09-09",NA,321630
260077196,"ASST_NON_CA1252L9T081300_086","CA1252L9T081300","HOUSING MATTERS","CA","2015-09-10",NA,87049
260076344,"ASST_NON_CA1226L9T171300_086","CA1226L9T171300","COUNTY OF NAPA","CA","2015-09-10",NA,6583
260080371,"ASST_NON_CA1340L9D001400_086","CA1340L9D001400","HOUSING AUTHORITY OF THE CITY OF LOS ANGELES","CA","2015-09-10",NA,330194
260080345,"ASST_NON_CA1337L9D001400_086","CA1337L9D001400","HOUSING AUTHORITY OF THE CITY OF LOS ANGELES","CA","2015-09-10",NA,1315552
260080360,"ASST_NON_CA1339L9D001400_086","CA1339L9D001400","HOUSING AUTHORITY OF THE CITY OF LOS ANGELES","CA","2015-09-10",NA,815578
260080356,"ASST_NON_CA1338L9D001400_086","CA1338L9D001400","HOUSING AUTHORITY OF THE CITY OF LOS ANGELES","CA","2015-09-10",NA,292716
260143637,"ASST_NON_CA9001U9D061400_086","CA9001U9D061400","CITY OF LONG BEACH","CA","2015-09-15",NA,1056348
260143635,"ASST_NON_CA9000U9D061402_086","CA9000U9D061402","CITY OF LONG BEACH","CA","2015-09-15",NA,7111576
260081035,"ASST_NON_CA1374L9D121400_086","CA1374L9D121400","CITY OF GLENDALE","CA","2015-09-16",NA,31306
260077210,"ASST_NON_CA1255L9T141300_086","CA1255L9T141300","TURNING POINT OF CENTRAL CALIFORNIA INC","CA","2015-09-17","2015-09-17101600020662",175000
260011776,"ASST_NON_CA0000U9D061301_086","CA0000U9D061301","CITY OF LONG BEACH","CA","2015-09-21",NA,88723
260077180,"ASST_NON_CA1248L9D001300_086","CA1248L9D001300","LOS ANGELES HOMELESS SERVICES AUTHORITY","CA","2015-09-22",NA,250000
260079107,"ASST_NON_CA1301L9T031400_086","CA1301L9T031400","SACRAMENTO STEPS FORWARD","CA","2015-09-22",NA,211235
260080468,"ASST_NON_CA1352L9D021400_086","CA1352L9D021400","MERCY HOUSE LIVING CENTERS","CA","2015-09-22",NA,2546828
260014206,"ASST_NON_CA0021L9T001205_086","CA0021L9T001205","SANTA CLARA COUNTY HOUSING AUTHORITY","CA","2015-09-23",NA,-412273
260014206,"ASST_NON_CA0021L9T001205_086","CA0021L9T001205","SANTA CLARA COUNTY HOUSING AUTHORITY","CA","2015-09-23",NA,412273
260030917,"ASST_NON_CA0239L9T091205_086","CA0239L9T091205","COUNTY OF MENDOCINO SOCIAL SERVICES","CA","2015-09-24",NA,336856
260030917,"ASST_NON_CA0239L9T091205_086","CA0239L9T091205","COUNTY OF MENDOCINO SOCIAL SERVICES","CA","2015-09-24",NA,-336856
260019663,"ASST_NON_CA0073L9T011205_086","CA0073L9T011205","CITY & COUNTY OF SAN FRANCISCO","CA","2015-09-24",NA,308804
260019680,"ASST_NON_CA0074L9T011205_086","CA0074L9T011205","CITY & COUNTY OF SAN FRANCISCO","CA","2015-09-24",NA,46946
260019663,"ASST_NON_CA0073L9T011205_086","CA0073L9T011205","CITY & COUNTY OF SAN FRANCISCO","CA","2015-09-24",NA,-308804
260019680,"ASST_NON_CA0074L9T011205_086","CA0074L9T011205","CITY & COUNTY OF SAN FRANCISCO","CA","2015-09-24",NA,-46946
260025142,"ASST_NON_CA0153L9T031205_086","CA0153L9T031205","HOUSING AUTHORITY OF THE COUNTY OF SACRAMENTO","CA","2015-09-24","2015-09-24101600000406",606787.35
260025142,"ASST_NON_CA0153L9T031205_086","CA0153L9T031205","HOUSING AUTHORITY OF THE COUNTY OF SACRAMENTO","CA","2015-09-24","2015-09-24101600000408",-606787.35
260034527,"ASST_NON_CA0282L9T141205_086","CA0282L9T141205","HOUSING AUTHORITY OF THE CITY OF FRESNO","CA","2015-09-24","2015-09-24101600001108",334299.84
260034527,"ASST_NON_CA0282L9T141205_086","CA0282L9T141205","HOUSING AUTHORITY OF THE CITY OF FRESNO","CA","2015-09-24","2015-09-24101600001110",-334299.84
260011785,"ASST_NON_CA0001L9T001202_086","CA0001L9T001202","CATHOLIC CHARITIES OF SANTA CLARA COUNTY","CA","2015-09-24","2015-09-24101600001122",-333776
260057698,"ASST_NON_CA0745L9T001204_086","CA0745L9T001204","CATHOLIC CHARITIES OF SANTA CLARA COUNTY","CA","2015-09-24","2015-09-24101600000448",431053
260012278,"ASST_NON_CA0014L9T001205_086","CA0014L9T001205","CATHOLIC CHARITIES OF SANTA CLARA COUNTY","CA","2015-09-24","2015-09-24101600001052",-362693
260057698,"ASST_NON_CA0745L9T001204_086","CA0745L9T001204","CATHOLIC CHARITIES OF SANTA CLARA COUNTY","CA","2015-09-24","2015-09-24101600000450",-431053
260011785,"ASST_NON_CA0001L9T001202_086","CA0001L9T001202","CATHOLIC CHARITIES OF SANTA CLARA COUNTY","CA","2015-09-24","2015-09-24101600001120",333776
260012278,"ASST_NON_CA0014L9T001205_086","CA0014L9T001205","CATHOLIC CHARITIES OF SANTA CLARA COUNTY","CA","2015-09-24","2015-09-24101600001050",362693
260043425,"ASST_NON_CA0501L9D001205_086","CA0501L9D001205","LOS ANGELES HOMELESS SERVICES AUTHORITY","CA","2015-09-24",NA,-292750
260043425,"ASST_NON_CA0501L9D001205_086","CA0501L9D001205","LOS ANGELES HOMELESS SERVICES AUTHORITY","CA","2015-09-24",NA,292750
260032661,"ASST_NON_CA0266L9T121205_086","CA0266L9T121205","HOUSING AUTHORITY OF COUNTY OF SAN M","CA","2015-09-24","2015-09-24101600001162",281670.66
260020933,"ASST_NON_CA0085L9T021205_086","CA0085L9T021205","ALAMEDA COUNTY HOUSING & COMMUNITY DEVELOPMENT","CA","2015-09-24","2015-09-24101600000396",-403952.39
260020933,"ASST_NON_CA0085L9T021205_086","CA0085L9T021205","ALAMEDA COUNTY HOUSING & COMMUNITY DEVELOPMENT","CA","2015-09-24","2015-09-24101600000394",403952.39
260032661,"ASST_NON_CA0266L9T121205_086","CA0266L9T121205","HOUSING AUTHORITY OF COUNTY OF SAN M","CA","2015-09-24","2015-09-24101600001164",-281670.66
260015649,"ASST_NON_CA0039L9T011205_086","CA0039L9T011205","CITY & COUNTY OF SAN FRANCISCO","CA","2015-09-29",NA,167121
260015649,"ASST_NON_CA0039L9T011205_086","CA0039L9T011205","CITY & COUNTY OF SAN FRANCISCO","CA","2015-09-29",NA,-167121
260022243,"ASST_NON_CA0100L9T021205_086","CA0100L9T021205","BUILDING OPPORTUNITIES FOR SELF-SUFFICIENCY","CA","2015-09-29",NA,-83014
260022243,"ASST_NON_CA0100L9T021205_086","CA0100L9T021205","BUILDING OPPORTUNITIES FOR SELF-SUFFICIENCY","CA","2015-09-29",NA,83014
260022830,"ASST_NON_CA0116L9T021205_086","CA0116L9T021205","CITY OF BERKELEY","CA","2015-09-29","2015-09-29101600000556",-169066
260022830,"ASST_NON_CA0116L9T021205_086","CA0116L9T021205","CITY OF BERKELEY","CA","2015-09-29","2015-09-29101600000554",169066
260020916,"ASST_NON_CA0084L9T021205_086","CA0084L9T021205","ALAMEDA COUNTY HOUSING & COMMUNITY DEVELOPMENT","CA","2015-09-29","2015-09-29101600000240",-236916.92
260032648,"ASST_NON_CA0265L9T121205_086","CA0265L9T121205","HOUSING AUTHORITY OF COUNTY OF SAN M","CA","2015-09-29","2015-09-29101600000588",166845.72
260020916,"ASST_NON_CA0084L9T021205_086","CA0084L9T021205","ALAMEDA COUNTY HOUSING & COMMUNITY DEVELOPMENT","CA","2015-09-29","2015-09-29101600000238",236916.92
260032648,"ASST_NON_CA0265L9T121205_086","CA0265L9T121205","HOUSING AUTHORITY OF COUNTY OF SAN M","CA","2015-09-29","2015-09-29101600000590",-166845.72
260030868,"ASST_NON_CA0236L9T091204_086","CA0236L9T091204","COUNTY OF MENDOCINO","CA","2015-09-30",NA,173559
260060975,"ASST_NON_CA0822L9T091204_086","CA0822L9T091204","COUNTY OF MENDOCINO","CA","2015-09-30",NA,-112953
260030868,"ASST_NON_CA0236L9T091204_086","CA0236L9T091204","COUNTY OF MENDOCINO","CA","2015-09-30",NA,-173559
260060975,"ASST_NON_CA0822L9T091204_086","CA0822L9T091204","COUNTY OF MENDOCINO","CA","2015-09-30",NA,112953
260015554,"ASST_NON_CA0037L9T011205_086","CA0037L9T011205","CITY & COUNTY OF SAN FRANCISCO","CA","2015-09-30",NA,-3464
260015537,"ASST_NON_CA0034L9T011201_086","CA0034L9T011201","CITY & COUNTY OF SAN FRANCISCO","CA","2015-09-30",NA,-363095
260018334,"ASST_NON_CA0051L9T011204_086","CA0051L9T011204","CITY & COUNTY OF SAN FRANCISCO","CA","2015-09-30",NA,147296
260019694,"ASST_NON_CA0076L9T011205_086","CA0076L9T011205","CITY & COUNTY OF SAN FRANCISCO","CA","2015-09-30",NA,-173932
260015554,"ASST_NON_CA0037L9T011205_086","CA0037L9T011205","CITY & COUNTY OF SAN FRANCISCO","CA","2015-09-30",NA,3464
260020860,"ASST_NON_CA0080L9T011205_086","CA0080L9T011205","CITY & COUNTY OF SAN FRANCISCO","CA","2015-09-30",NA,-279983
260018334,"ASST_NON_CA0051L9T011204_086","CA0051L9T011204","CITY & COUNTY OF SAN FRANCISCO","CA","2015-09-30",NA,-147296
260020877,"ASST_NON_CA0081L9T011205_086","CA0081L9T011205","CITY & COUNTY OF SAN FRANCISCO","CA","2015-09-30",NA,206273
260015537,"ASST_NON_CA0034L9T011201_086","CA0034L9T011201","CITY & COUNTY OF SAN FRANCISCO","CA","2015-09-30",NA,363095
260019694,"ASST_NON_CA0076L9T011205_086","CA0076L9T011205","CITY & COUNTY OF SAN FRANCISCO","CA","2015-09-30",NA,173932
260020860,"ASST_NON_CA0080L9T011205_086","CA0080L9T011205","CITY & COUNTY OF SAN FRANCISCO","CA","2015-09-30",NA,279983
260020877,"ASST_NON_CA0081L9T011205_086","CA0081L9T011205","CITY & COUNTY OF SAN FRANCISCO","CA","2015-09-30",NA,-206273
260014232,"ASST_NON_CA0023L9T001205_086","CA0023L9T001205","SOUTH COUNTY HOUSING CORPORATION","CA","2015-09-30",NA,-9629
260014232,"ASST_NON_CA0023L9T001205_086","CA0023L9T001205","SOUTH COUNTY HOUSING CORPORATION","CA","2015-09-30",NA,9629
260059552,"ASST_NON_CA0771L9T141204_086","CA0771L9T141204","HOUSING AUTHORITY OF THE CITY OF FRESNO","CA","2015-09-30","2015-09-30101600003004",-139362.75
260059552,"ASST_NON_CA0771L9T141204_086","CA0771L9T141204","HOUSING AUTHORITY OF THE CITY OF FRESNO","CA","2015-09-30","2015-09-30101600003002",139362.75
271561960,"ASST_NON_TX0245L6E001204_086","TX0245L6E001204","UNITED STATES VETERANS INITIATIVE","CA","2015-09-30",NA,-55816
271561960,"ASST_NON_TX0245L6E001204_086","TX0245L6E001204","UNITED STATES VETERANS INITIATIVE","CA","2015-09-30",NA,55816
260012293,"ASST_NON_CA0015L9T001205_086","CA0015L9T001205","LIFEMOVES","CA","2015-09-30",NA,1814
260014198,"ASST_NON_CA0020L9T001205_086","CA0020L9T001205","LIFEMOVES","CA","2015-09-30",NA,-1995
260012309,"ASST_NON_CA0017L9T001205_086","CA0017L9T001205","LIFEMOVES","CA","2015-09-30",NA,-10587
260012293,"ASST_NON_CA0015L9T001205_086","CA0015L9T001205","LIFEMOVES","CA","2015-09-30",NA,-1814
260012309,"ASST_NON_CA0017L9T001205_086","CA0017L9T001205","LIFEMOVES","CA","2015-09-30",NA,10587
260014198,"ASST_NON_CA0020L9T001205_086","CA0020L9T001205","LIFEMOVES","CA","2015-09-30",NA,1995
260043487,"ASST_NON_CA0509L9D001205_086","CA0509L9D001205","LOS ANGELES HOMELESS SERVICES AUTHORITY","CA","2015-09-30",NA,101747
260039459,"ASST_NON_CA0375L9D001205_086","CA0375L9D001205","LOS ANGELES HOMELESS SERVICES AUTHORITY","CA","2015-09-30",NA,104825
260030296,"ASST_NON_CA0223L9T071205_086","CA0223L9T071205","BUCKELEW PROGRAMS","CA","2015-09-30",NA,-113562
260038531,"ASST_NON_CA0354L9D001205_086","CA0354L9D001205","LOS ANGELES HOMELESS SERVICES AUTHORITY","CA","2015-09-30",NA,21312
260043487,"ASST_NON_CA0509L9D001205_086","CA0509L9D001205","LOS ANGELES HOMELESS SERVICES AUTHORITY","CA","2015-09-30",NA,-101747
260030296,"ASST_NON_CA0223L9T071205_086","CA0223L9T071205","BUCKELEW PROGRAMS","CA","2015-09-30",NA,113562
260038359,"ASST_NON_CA0347L9D001205_086","CA0347L9D001205","LOS ANGELES HOMELESS SERVICES AUTHORITY","CA","2015-09-30",NA,-104475
260039459,"ASST_NON_CA0375L9D001205_086","CA0375L9D001205","LOS ANGELES HOMELESS SERVICES AUTHORITY","CA","2015-09-30",NA,-104825
260038531,"ASST_NON_CA0354L9D001205_086","CA0354L9D001205","LOS ANGELES HOMELESS SERVICES AUTHORITY","CA","2015-09-30",NA,-21312
260031603,"ASST_NON_CA0246L9T101205_086","CA0246L9T101205","STANISLAUS REGIONAL HOUSING AUTHORITY","CA","2015-09-30","2015-09-30101600002862",458809.68
260039397,"ASST_NON_CA0371L9D001205_086","CA0371L9D001205","LOS ANGELES HOMELESS SERVICES AUTHORITY","CA","2015-09-30",NA,-58416
260035124,"ASST_NON_CA0291L9T171205_086","CA0291L9T171205","BUCKELEW PROGRAMS","CA","2015-09-30",NA,129772
260038332,"ASST_NON_CA0345L9D001205_086","CA0345L9D001205","LOS ANGELES HOMELESS SERVICES AUTHORITY","CA","2015-09-30",NA,12506
260038332,"ASST_NON_CA0345L9D001205_086","CA0345L9D001205","LOS ANGELES HOMELESS SERVICES AUTHORITY","CA","2015-09-30",NA,-12506
260035124,"ASST_NON_CA0291L9T171205_086","CA0291L9T171205","BUCKELEW PROGRAMS","CA","2015-09-30",NA,-129772
260038359,"ASST_NON_CA0347L9D001205_086","CA0347L9D001205","LOS ANGELES HOMELESS SERVICES AUTHORITY","CA","2015-09-30",NA,104475
260031603,"ASST_NON_CA0246L9T101205_086","CA0246L9T101205","STANISLAUS REGIONAL HOUSING AUTHORITY","CA","2015-09-30","2015-09-30101600002864",-458809.68
260039397,"ASST_NON_CA0371L9D001205_086","CA0371L9D001205","LOS ANGELES HOMELESS SERVICES AUTHORITY","CA","2015-09-30",NA,58416
260012367,"ASST_NON_CA0018L9T001205_086","CA0018L9T001205","COUNTY OF SANTA CLARA","CA","2015-09-30",NA,66538
260015547,"ASST_NON_CA0036L9T011205_086","CA0036L9T011205","LARKIN STREET YOUTH SERVICES","CA","2015-09-30","2015-09-30101600002730",79226.45
260016885,"ASST_NON_CA0045L9T011205_086","CA0045L9T011205","CITY & COUNTY OF SAN FRANCISCO","CA","2015-09-30","2015-09-30101600002736",206348.84
260012367,"ASST_NON_CA0018L9T001205_086","CA0018L9T001205","COUNTY OF SANTA CLARA","CA","2015-09-30",NA,-66538
260016885,"ASST_NON_CA0045L9T011205_086","CA0045L9T011205","CITY & COUNTY OF SAN FRANCISCO","CA","2015-09-30","2015-09-30101600002738",-206348.84
260063623,"ASST_NON_CA0887L9T001203_086","CA0887L9T001203","COUNTY OF SANTA CLARA","CA","2015-09-30",NA,160976
260063623,"ASST_NON_CA0887L9T001203_086","CA0887L9T001203","COUNTY OF SANTA CLARA","CA","2015-09-30",NA,-160976
260015547,"ASST_NON_CA0036L9T011205_086","CA0036L9T011205","LARKIN STREET YOUTH SERVICES","CA","2015-09-30","2015-09-30101600002732",-79226.45
260032426,"ASST_NON_CA0253L9T111205_086","CA0253L9T111205","COUNTY OF SAN JOAQUIN COM DEV SERVICES","CA","2015-09-30","2015-09-30101600002890",-191193
260032426,"ASST_NON_CA0253L9T111205_086","CA0253L9T111205","COUNTY OF SAN JOAQUIN COM DEV SERVICES","CA","2015-09-30","2015-09-30101600002888",191193
260032671,"ASST_NON_CA0267L9T121205_086","CA0267L9T121205","HOUSING AUTHORITY OF COUNTY OF SAN M","CA","2015-09-30","2015-09-30101600002940",117274.29
260032671,"ASST_NON_CA0267L9T121205_086","CA0267L9T121205","HOUSING AUTHORITY OF COUNTY OF SAN M","CA","2015-09-30","2015-09-30101600002942",-117274.29
260068344,"ASST_NON_CA1033L9T021202_086","CA1033L9T021202","ALAMEDA COUNTY HOUSING & COMMUNITY DEVELOPMENT","CA","2015-09-30","2015-09-30101600003018",-124055.87
260068344,"ASST_NON_CA1033L9T021202_086","CA1033L9T021202","ALAMEDA COUNTY HOUSING & COMMUNITY DEVELOPMENT","CA","2015-09-30","2015-09-30101600003016",124055.87
260057719,"ASST_NON_CA0747L9T021204_086","CA0747L9T021204","ALAMEDA COUNTY HOUSING & COMMUNITY DEVELOPMENT","CA","2015-09-30","2015-09-30101600002988",227367.4
260022945,"ASST_NON_CA0118L9T021205_086","CA0118L9T021205","ALAMEDA COUNTY HOUSING & COMMUNITY DEVELOPMENT","CA","2015-09-30","2015-09-30101600002804",241110.07
260057719,"ASST_NON_CA0747L9T021204_086","CA0747L9T021204","ALAMEDA COUNTY HOUSING & COMMUNITY DEVELOPMENT","CA","2015-09-30","2015-09-30101600002990",-227367.4
260022945,"ASST_NON_CA0118L9T021205_086","CA0118L9T021205","ALAMEDA COUNTY HOUSING & COMMUNITY DEVELOPMENT","CA","2015-09-30","2015-09-30101600002806",-241110.07
260079770,"ASST_NON_CA1328L9T181400_086","CA1328L9T181400","CHANGE AND NEW BEGINNINGS","CA","2015-10-01",NA,117572
260043657,"ASST_NON_CA0520L9D001205_086","CA0520L9D001205","UNITED STATES VETERANS INITIATIVE","CA","2015-10-01",NA,0
260043657,"ASST_NON_CA0520L9D001205_086","CA0520L9D001205","UNITED STATES VETERANS INITIATIVE","CA","2015-10-01","2015-10-01101600002192",0.01
260043657,"ASST_NON_CA0520L9D001205_086","CA0520L9D001205","UNITED STATES VETERANS INITIATIVE","CA","2015-10-01",NA,0
260043657,"ASST_NON_CA0520L9D001205_086","CA0520L9D001205","UNITED STATES VETERANS INITIATIVE","CA","2015-10-01","2015-10-01101600002194",-0.01
260012376,"ASST_NON_CA0019L9T001205_086","CA0019L9T001205","COMMUNITY WORKING GROUP, INC.","CA","2015-10-01",NA,-2
260012376,"ASST_NON_CA0019L9T001205_086","CA0019L9T001205","COMMUNITY WORKING GROUP, INC.","CA","2015-10-01",NA,2
260017015,"ASST_NON_CA0048L9T011205_086","CA0048L9T011205","CITY & COUNTY OF SAN FRANCISCO","CA","2015-10-01",NA,1
260019656,"ASST_NON_CA0072L9T011205_086","CA0072L9T011205","CITY & COUNTY OF SAN FRANCISCO","CA","2015-10-01",NA,1
260019656,"ASST_NON_CA0072L9T011205_086","CA0072L9T011205","CITY & COUNTY OF SAN FRANCISCO","CA","2015-10-01",NA,-1
260019686,"ASST_NON_CA0075L9T011205_086","CA0075L9T011205","CITY & COUNTY OF SAN FRANCISCO","CA","2015-10-01",NA,1
260017015,"ASST_NON_CA0048L9T011205_086","CA0048L9T011205","CITY & COUNTY OF SAN FRANCISCO","CA","2015-10-01",NA,-1
260019686,"ASST_NON_CA0075L9T011205_086","CA0075L9T011205","CITY & COUNTY OF SAN FRANCISCO","CA","2015-10-01",NA,-1
260015488,"ASST_NON_CA0030L9T001205_086","CA0030L9T001205","WEST VALLEY COMMUNITY SERVICES OF SANTA CLARA COUNTY, INC.","CA","2015-10-01",NA,2
260015488,"ASST_NON_CA0030L9T001205_086","CA0030L9T001205","WEST VALLEY COMMUNITY SERVICES OF SANTA CLARA COUNTY, INC.","CA","2015-10-01",NA,-2
260059689,"ASST_NON_CA0778L9T181205_086","CA0778L9T181205","REYNAISSANCE FAMILY CENTER","CA","2015-10-01",NA,-2
260021852,"ASST_NON_CA0096L9T021205_086","CA0096L9T021205","CITY OF OAKLAND","CA","2015-10-01",NA,-1
260021852,"ASST_NON_CA0096L9T021205_086","CA0096L9T021205","CITY OF OAKLAND","CA","2015-10-01",NA,1
260059689,"ASST_NON_CA0778L9T181205_086","CA0778L9T181205","REYNAISSANCE FAMILY CENTER","CA","2015-10-01",NA,2
260081037,"ASST_NON_CA1376L9D141400_086","CA1376L9D141400","COUNTY OF SAN LUIS OBISPO","CA","2015-10-01",NA,14399
260043703,"ASST_NON_CA0524L9D001205_086","CA0524L9D001205","LOS ANGELES HOMELESS SERVICES AUTHORITY","CA","2015-10-01",NA,7241
260043345,"ASST_NON_CA0494L9D001205_086","CA0494L9D001205","LOS ANGELES HOMELESS SERVICES AUTHORITY","CA","2015-10-01",NA,15070
260043703,"ASST_NON_CA0524L9D001205_086","CA0524L9D001205","LOS ANGELES HOMELESS SERVICES AUTHORITY","CA","2015-10-01",NA,-7241
260043345,"ASST_NON_CA0494L9D001205_086","CA0494L9D001205","LOS ANGELES HOMELESS SERVICES AUTHORITY","CA","2015-10-01",NA,-15070
260040868,"ASST_NON_CA0435L9D001205_086","CA0435L9D001205","LOS ANGELES HOMELESS SERVICES AUTHORITY","CA","2015-10-01",NA,18264
260039442,"ASST_NON_CA0374L9D001205_086","CA0374L9D001205","LOS ANGELES HOMELESS SERVICES AUTHORITY","CA","2015-10-01",NA,45883
260040868,"ASST_NON_CA0435L9D001205_086","CA0435L9D001205","LOS ANGELES HOMELESS SERVICES AUTHORITY","CA","2015-10-01",NA,-18264
260039442,"ASST_NON_CA0374L9D001205_086","CA0374L9D001205","LOS ANGELES HOMELESS SERVICES AUTHORITY","CA","2015-10-01",NA,-45883
260043505,"ASST_NON_CA0511L9D001205_086","CA0511L9D001205","LOS ANGELES HOMELESS SERVICES AUTHORITY","CA","2015-10-01",NA,47206
260042299,"ASST_NON_CA0456L9D001205_086","CA0456L9D001205","LOS ANGELES HOMELESS SERVICES AUTHORITY","CA","2015-10-01",NA,-3
260043505,"ASST_NON_CA0511L9D001205_086","CA0511L9D001205","LOS ANGELES HOMELESS SERVICES AUTHORITY","CA","2015-10-01",NA,-47206
260042299,"ASST_NON_CA0456L9D001205_086","CA0456L9D001205","LOS ANGELES HOMELESS SERVICES AUTHORITY","CA","2015-10-01",NA,3
260016902,"ASST_NON_CA0046L9T011205_086","CA0046L9T011205","CITY & COUNTY OF SAN FRANCISCO","CA","2015-10-01","2015-10-01101600002218",-0.36
260016902,"ASST_NON_CA0046L9T011205_086","CA0046L9T011205","CITY & COUNTY OF SAN FRANCISCO","CA","2015-10-01",NA,0
260025392,"ASST_NON_CA0181L9T051205_086","CA0181L9T051205","ANKA BEHAVIORAL HEALTH, INCORPORATED","CA","2015-10-01",NA,37
260016902,"ASST_NON_CA0046L9T011205_086","CA0046L9T011205","CITY & COUNTY OF SAN FRANCISCO","CA","2015-10-01","2015-10-01101600002216",0.36
260025392,"ASST_NON_CA0181L9T051205_086","CA0181L9T051205","ANKA BEHAVIORAL HEALTH, INCORPORATED","CA","2015-10-01",NA,-37
260016902,"ASST_NON_CA0046L9T011205_086","CA0046L9T011205","CITY & COUNTY OF SAN FRANCISCO","CA","2015-10-01",NA,0
260037499,"ASST_NON_CA0330L9D001205_086","CA0330L9D001205","HARBOR INTERFAITH SERVICES, INC.","CA","2015-10-01","2015-10-01101600001824",-0.06
260058253,"ASST_NON_CA0750L9T031204_086","CA0750L9T031204","SACRAMENTO STEPS FORWARD","CA","2015-10-01","2015-10-01101600002120",0.46
260037499,"ASST_NON_CA0330L9D001205_086","CA0330L9D001205","HARBOR INTERFAITH SERVICES, INC.","CA","2015-10-01","2015-10-01101600001822",0.06
260037499,"ASST_NON_CA0330L9D001205_086","CA0330L9D001205","HARBOR INTERFAITH SERVICES, INC.","CA","2015-10-01",NA,0
260058253,"ASST_NON_CA0750L9T031204_086","CA0750L9T031204","SACRAMENTO STEPS FORWARD","CA","2015-10-01","2015-10-01101600002122",-0.46
260037499,"ASST_NON_CA0330L9D001205_086","CA0330L9D001205","HARBOR INTERFAITH SERVICES, INC.","CA","2015-10-01",NA,0
260058253,"ASST_NON_CA0750L9T031204_086","CA0750L9T031204","SACRAMENTO STEPS FORWARD","CA","2015-10-01",NA,0
260058253,"ASST_NON_CA0750L9T031204_086","CA0750L9T031204","SACRAMENTO STEPS FORWARD","CA","2015-10-01",NA,0
260080457,"ASST_NON_CA1351L9D021400_086","CA1351L9D021400","MERCY HOUSE LIVING CENTERS","CA","2015-10-01",NA,375273
260032622,"ASST_NON_CA0263L9T121205_086","CA0263L9T121205","SAMARITAN HOUSE","CA","2015-10-01",NA,-2
260032622,"ASST_NON_CA0263L9T121205_086","CA0263L9T121205","SAMARITAN HOUSE","CA","2015-10-01",NA,2
267928358,"ASST_NON_HI0046L9C011201_086","HI0046L9C011201","UNITED STATES VETERANS INITIATIVE","CA","2015-10-02",NA,8717
267928358,"ASST_NON_HI0046L9C011201_086","HI0046L9C011201","UNITED STATES VETERANS INITIATIVE","CA","2015-10-02",NA,-8717
267926965,"ASST_NON_HI0025L9C011205_086","HI0025L9C011205","UNITED STATES VETERANS INITIATIVE","CA","2015-10-02",NA,-402
267926965,"ASST_NON_HI0025L9C011205_086","HI0025L9C011205","UNITED STATES VETERANS INITIATIVE","CA","2015-10-02",NA,402
260042252,"ASST_NON_CA0450L9D001205_086","CA0450L9D001205","LOS ANGELES HOMELESS SERVICES AUTHORITY","CA","2015-10-02",NA,-11012
260062957,"ASST_NON_CA0861L9D001201_086","CA0861L9D001201","LOS ANGELES HOMELESS SERVICES AUTHORITY","CA","2015-10-02",NA,54052
260042566,"ASST_NON_CA0479L9D001205_086","CA0479L9D001205","LOS ANGELES HOMELESS SERVICES AUTHORITY","CA","2015-10-02",NA,-25187
260038376,"ASST_NON_CA0348L9D001205_086","CA0348L9D001205","LOS ANGELES HOMELESS SERVICES AUTHORITY","CA","2015-10-02",NA,1038
260041548,"ASST_NON_CA0440L9D001205_086","CA0440L9D001205","LOS ANGELES HOMELESS SERVICES AUTHORITY","CA","2015-10-02",NA,12828
260043533,"ASST_NON_CA0514L9D001205_086","CA0514L9D001205","LOS ANGELES HOMELESS SERVICES AUTHORITY","CA","2015-10-02",NA,5544
260039312,"ASST_NON_CA0363L9D001205_086","CA0363L9D001205","LOS ANGELES HOMELESS SERVICES AUTHORITY","CA","2015-10-02",NA,6421
260043434,"ASST_NON_CA0502L9D001205_086","CA0502L9D001205","LOS ANGELES HOMELESS SERVICES AUTHORITY","CA","2015-10-02",NA,-86614
260060797,"ASST_NON_CA0801L9D001204_086","CA0801L9D001204","LOS ANGELES HOMELESS SERVICES AUTHORITY","CA","2015-10-02",NA,27876
260042325,"ASST_NON_CA0458L9D001205_086","CA0458L9D001205","LOS ANGELES HOMELESS SERVICES AUTHORITY","CA","2015-10-02",NA,-31873
260042634,"ASST_NON_CA0483L9D001205_086","CA0483L9D001205","LOS ANGELES HOMELESS SERVICES AUTHORITY","CA","2015-10-02",NA,5
260040842,"ASST_NON_CA0433L9D001205_086","CA0433L9D001205","LOS ANGELES HOMELESS SERVICES AUTHORITY","CA","2015-10-02",NA,25646
260042459,"ASST_NON_CA0467L9D001205_086","CA0467L9D001205","LOS ANGELES HOMELESS SERVICES AUTHORITY","CA","2015-10-02",NA,-51803
260043443,"ASST_NON_CA0503L9D001205_086","CA0503L9D001205","LOS ANGELES HOMELESS SERVICES AUTHORITY","CA","2015-10-02",NA,2375
260043496,"ASST_NON_CA0510L9D001205_086","CA0510L9D001205","LOS ANGELES HOMELESS SERVICES AUTHORITY","CA","2015-10-02",NA,-72196
260040808,"ASST_NON_CA0430L9D001205_086","CA0430L9D001205","LOS ANGELES HOMELESS SERVICES AUTHORITY","CA","2015-10-02",NA,-10403
260060797,"ASST_NON_CA0801L9D001204_086","CA0801L9D001204","LOS ANGELES HOMELESS SERVICES AUTHORITY","CA","2015-10-02",NA,-27876
260043542,"ASST_NON_CA0515L9D001205_086","CA0515L9D001205","LOS ANGELES HOMELESS SERVICES AUTHORITY","CA","2015-10-02",NA,23529
260042442,"ASST_NON_CA0466L9D001205_086","CA0466L9D001205","LOS ANGELES HOMELESS SERVICES AUTHORITY","CA","2015-10-02",NA,-7058
260042544,"ASST_NON_CA0476L9D001205_086","CA0476L9D001205","LOS ANGELES HOMELESS SERVICES AUTHORITY","CA","2015-10-02",NA,-285
260039545,"ASST_NON_CA0386L9D001205_086","CA0386L9D001205","LOS ANGELES HOMELESS SERVICES AUTHORITY","CA","2015-10-02",NA,-14387
260043515,"ASST_NON_CA0512L9D001205_086","CA0512L9D001205","LOS ANGELES HOMELESS SERVICES AUTHORITY","CA","2015-10-02",NA,-74668
260040191,"ASST_NON_CA0409L9D001205_086","CA0409L9D001205","LOS ANGELES HOMELESS SERVICES AUTHORITY","CA","2015-10-02",NA,-7857
260043566,"ASST_NON_CA0517L9D001205_086","CA0517L9D001205","LOS ANGELES HOMELESS SERVICES AUTHORITY","CA","2015-10-02",NA,-65117
260043478,"ASST_NON_CA0508L9D001205_086","CA0508L9D001205","LOS ANGELES HOMELESS SERVICES AUTHORITY","CA","2015-10-02",NA,-8182
260043450,"ASST_NON_CA0504L9D001205_086","CA0504L9D001205","LOS ANGELES HOMELESS SERVICES AUTHORITY","CA","2015-10-02",NA,13020
260039714,"ASST_NON_CA0397L9D001205_086","CA0397L9D001205","LOS ANGELES HOMELESS SERVICES AUTHORITY","CA","2015-10-02",NA,-11375
260060159,"ASST_NON_CA0787L9D001204_086","CA0787L9D001204","LOS ANGELES HOMELESS SERVICES AUTHORITY","CA","2015-10-02",NA,-8616
260043338,"ASST_NON_CA0493L9D001205_086","CA0493L9D001205","LOS ANGELES HOMELESS SERVICES AUTHORITY","CA","2015-10-02",NA,38214
260042634,"ASST_NON_CA0483L9D001205_086","CA0483L9D001205","LOS ANGELES HOMELESS SERVICES AUTHORITY","CA","2015-10-02",NA,-5
260039380,"ASST_NON_CA0370L9D001205_086","CA0370L9D001205","LOS ANGELES HOMELESS SERVICES AUTHORITY","CA","2015-10-02",NA,-1630
260038632,"ASST_NON_CA0358L9D001205_086","CA0358L9D001205","LOS ANGELES HOMELESS SERVICES AUTHORITY","CA","2015-10-02",NA,14880
260039354,"ASST_NON_CA0366L9D001205_086","CA0366L9D001205","LOS ANGELES HOMELESS SERVICES AUTHORITY","CA","2015-10-02",NA,-3
260038280,"ASST_NON_CA0340L9D001205_086","CA0340L9D001205","LOS ANGELES HOMELESS SERVICES AUTHORITY","CA","2015-10-02",NA,12850
260038376,"ASST_NON_CA0348L9D001205_086","CA0348L9D001205","LOS ANGELES HOMELESS SERVICES AUTHORITY","CA","2015-10-02",NA,-1038
260042269,"ASST_NON_CA0451L9D001205_086","CA0451L9D001205","LOS ANGELES HOMELESS SERVICES AUTHORITY","CA","2015-10-02",NA,-20352
260040121,"ASST_NON_CA0403L9D001205_086","CA0403L9D001205","LOS ANGELES HOMELESS SERVICES AUTHORITY","CA","2015-10-02",NA,7
260039363,"ASST_NON_CA0368L9D001205_086","CA0368L9D001205","LOS ANGELES HOMELESS SERVICES AUTHORITY","CA","2015-10-02",NA,64
260043478,"ASST_NON_CA0508L9D001205_086","CA0508L9D001205","LOS ANGELES HOMELESS SERVICES AUTHORITY","CA","2015-10-02",NA,8182
260043416,"ASST_NON_CA0500L9D001205_086","CA0500L9D001205","LOS ANGELES HOMELESS SERVICES AUTHORITY","CA","2015-10-02",NA,-60717
260038514,"ASST_NON_CA0353L9D001205_086","CA0353L9D001205","LOS ANGELES HOMELESS SERVICES AUTHORITY","CA","2015-10-02",NA,-51988
260040191,"ASST_NON_CA0409L9D001205_086","CA0409L9D001205","LOS ANGELES HOMELESS SERVICES AUTHORITY","CA","2015-10-02",NA,7857
260039312,"ASST_NON_CA0363L9D001205_086","CA0363L9D001205","LOS ANGELES HOMELESS SERVICES AUTHORITY","CA","2015-10-02",NA,-6421
260043434,"ASST_NON_CA0502L9D001205_086","CA0502L9D001205","LOS ANGELES HOMELESS SERVICES AUTHORITY","CA","2015-10-02",NA,86614
260042468,"ASST_NON_CA0468L9D001205_086","CA0468L9D001205","LOS ANGELES HOMELESS SERVICES AUTHORITY","CA","2015-10-02",NA,-66599
260043728,"ASST_NON_CA0527L9D001205_086","CA0527L9D001205","LOS ANGELES HOMELESS SERVICES AUTHORITY","CA","2015-10-02",NA,11089
260043728,"ASST_NON_CA0527L9D001205_086","CA0527L9D001205","LOS ANGELES HOMELESS SERVICES AUTHORITY","CA","2015-10-02",NA,-11089
260044498,"ASST_NON_CA0531L9D001205_086","CA0531L9D001205","LOS ANGELES HOMELESS SERVICES AUTHORITY","CA","2015-10-02",NA,-3
260043515,"ASST_NON_CA0512L9D001205_086","CA0512L9D001205","LOS ANGELES HOMELESS SERVICES AUTHORITY","CA","2015-10-02",NA,74668
260042252,"ASST_NON_CA0450L9D001205_086","CA0450L9D001205","LOS ANGELES HOMELESS SERVICES AUTHORITY","CA","2015-10-02",NA,11012
260042468,"ASST_NON_CA0468L9D001205_086","CA0468L9D001205","LOS ANGELES HOMELESS SERVICES AUTHORITY","CA","2015-10-02",NA,66599
260040121,"ASST_NON_CA0403L9D001205_086","CA0403L9D001205","LOS ANGELES HOMELESS SERVICES AUTHORITY","CA","2015-10-02",NA,-7
260040893,"ASST_NON_CA0437L9D001205_086","CA0437L9D001205","LOS ANGELES HOMELESS SERVICES AUTHORITY","CA","2015-10-02",NA,10879
260068944,"ASST_NON_CA1048L9D001202_086","CA1048L9D001202","LOS ANGELES HOMELESS SERVICES AUTHORITY","CA","2015-10-02",NA,12030
260038349,"ASST_NON_CA0346L9D001205_086","CA0346L9D001205","LOS ANGELES HOMELESS SERVICES AUTHORITY","CA","2015-10-02",NA,-37751
260043533,"ASST_NON_CA0514L9D001205_086","CA0514L9D001205","LOS ANGELES HOMELESS SERVICES AUTHORITY","CA","2015-10-02",NA,-5544
260043717,"ASST_NON_CA0526L9D001205_086","CA0526L9D001205","LOS ANGELES HOMELESS SERVICES AUTHORITY","CA","2015-10-02",NA,34
260040893,"ASST_NON_CA0437L9D001205_086","CA0437L9D001205","LOS ANGELES HOMELESS SERVICES AUTHORITY","CA","2015-10-02",NA,-10879
260039380,"ASST_NON_CA0370L9D001205_086","CA0370L9D001205","LOS ANGELES HOMELESS SERVICES AUTHORITY","CA","2015-10-02",NA,1630
260043566,"ASST_NON_CA0517L9D001205_086","CA0517L9D001205","LOS ANGELES HOMELESS SERVICES AUTHORITY","CA","2015-10-02",NA,65117
260039545,"ASST_NON_CA0386L9D001205_086","CA0386L9D001205","LOS ANGELES HOMELESS SERVICES AUTHORITY","CA","2015-10-02",NA,14387
260039515,"ASST_NON_CA0383L9D001205_086","CA0383L9D001205","LOS ANGELES HOMELESS SERVICES AUTHORITY","CA","2015-10-02",NA,73029
260040308,"ASST_NON_CA0419L9D001205_086","CA0419L9D001205","LOS ANGELES HOMELESS SERVICES AUTHORITY","CA","2015-10-02",NA,20223
260068944,"ASST_NON_CA1048L9D001202_086","CA1048L9D001202","LOS ANGELES HOMELESS SERVICES AUTHORITY","CA","2015-10-02",NA,-12030
260043805,"ASST_NON_CA0528L9D001205_086","CA0528L9D001205","LOS ANGELES HOMELESS SERVICES AUTHORITY","CA","2015-10-02",NA,17004
260040723,"ASST_NON_CA0422L9D001205_086","CA0422L9D001205","LOS ANGELES HOMELESS SERVICES AUTHORITY","CA","2015-10-02",NA,16429
260040842,"ASST_NON_CA0433L9D001205_086","CA0433L9D001205","LOS ANGELES HOMELESS SERVICES AUTHORITY","CA","2015-10-02",NA,-25646
260038514,"ASST_NON_CA0353L9D001205_086","CA0353L9D001205","LOS ANGELES HOMELESS SERVICES AUTHORITY","CA","2015-10-02",NA,51988
260039469,"ASST_NON_CA0376L9D001205_086","CA0376L9D001205","LOS ANGELES HOMELESS SERVICES AUTHORITY","CA","2015-10-02",NA,19090
260043450,"ASST_NON_CA0504L9D001205_086","CA0504L9D001205","LOS ANGELES HOMELESS SERVICES AUTHORITY","CA","2015-10-02",NA,-13020
260040723,"ASST_NON_CA0422L9D001205_086","CA0422L9D001205","LOS ANGELES HOMELESS SERVICES AUTHORITY","CA","2015-10-02",NA,-16429
260040238,"ASST_NON_CA0411L9D001205_086","CA0411L9D001205","LOS ANGELES HOMELESS SERVICES AUTHORITY","CA","2015-10-02",NA,-84774
260039727,"ASST_NON_CA0399L9D001205_086","CA0399L9D001205","LOS ANGELES HOMELESS SERVICES AUTHORITY","CA","2015-10-02",NA,-2648
260043524,"ASST_NON_CA0513L9D001205_086","CA0513L9D001205","LOS ANGELES HOMELESS SERVICES AUTHORITY","CA","2015-10-02",NA,3942
260042459,"ASST_NON_CA0467L9D001205_086","CA0467L9D001205","LOS ANGELES HOMELESS SERVICES AUTHORITY","CA","2015-10-02",NA,51803
260042551,"ASST_NON_CA0477L9D001205_086","CA0477L9D001205","LOS ANGELES HOMELESS SERVICES AUTHORITY","CA","2015-10-02",NA,-53526
260043416,"ASST_NON_CA0500L9D001205_086","CA0500L9D001205","LOS ANGELES HOMELESS SERVICES AUTHORITY","CA","2015-10-02",NA,60717
260043384,"ASST_NON_CA0498L9D001205_086","CA0498L9D001205","LOS ANGELES HOMELESS SERVICES AUTHORITY","CA","2015-10-02",NA,-4501
260040308,"ASST_NON_CA0419L9D001205_086","CA0419L9D001205","LOS ANGELES HOMELESS SERVICES AUTHORITY","CA","2015-10-02",NA,-20223
260040746,"ASST_NON_CA0425L9D001205_086","CA0425L9D001205","LOS ANGELES HOMELESS SERVICES AUTHORITY","CA","2015-10-02",NA,72853
260040253,"ASST_NON_CA0413L9D001205_086","CA0413L9D001205","LOS ANGELES HOMELESS SERVICES AUTHORITY","CA","2015-10-02",NA,-3
260043496,"ASST_NON_CA0510L9D001205_086","CA0510L9D001205","LOS ANGELES HOMELESS SERVICES AUTHORITY","CA","2015-10-02",NA,72196
260042325,"ASST_NON_CA0458L9D001205_086","CA0458L9D001205","LOS ANGELES HOMELESS SERVICES AUTHORITY","CA","2015-10-02",NA,31873
260040128,"ASST_NON_CA0404L9D001205_086","CA0404L9D001205","LOS ANGELES HOMELESS SERVICES AUTHORITY","CA","2015-10-02",NA,25692
260042551,"ASST_NON_CA0477L9D001205_086","CA0477L9D001205","LOS ANGELES HOMELESS SERVICES AUTHORITY","CA","2015-10-02",NA,53526
260043686,"ASST_NON_CA0523L9D001205_086","CA0523L9D001205","LOS ANGELES HOMELESS SERVICES AUTHORITY","CA","2015-10-02",NA,24380
260038280,"ASST_NON_CA0340L9D001205_086","CA0340L9D001205","LOS ANGELES HOMELESS SERVICES AUTHORITY","CA","2015-10-02",NA,-12850
260042566,"ASST_NON_CA0479L9D001205_086","CA0479L9D001205","LOS ANGELES HOMELESS SERVICES AUTHORITY","CA","2015-10-02",NA,25187
260039493,"ASST_NON_CA0379L9D001205_086","CA0379L9D001205","LOS ANGELES HOMELESS SERVICES AUTHORITY","CA","2015-10-02",NA,30264
260040253,"ASST_NON_CA0413L9D001205_086","CA0413L9D001205","LOS ANGELES HOMELESS SERVICES AUTHORITY","CA","2015-10-02",NA,3
260043384,"ASST_NON_CA0498L9D001205_086","CA0498L9D001205","LOS ANGELES HOMELESS SERVICES AUTHORITY","CA","2015-10-02",NA,4501
260043686,"ASST_NON_CA0523L9D001205_086","CA0523L9D001205","LOS ANGELES HOMELESS SERVICES AUTHORITY","CA","2015-10-02",NA,-24380
260040128,"ASST_NON_CA0404L9D001205_086","CA0404L9D001205","LOS ANGELES HOMELESS SERVICES AUTHORITY","CA","2015-10-02",NA,-25692
260039714,"ASST_NON_CA0397L9D001205_086","CA0397L9D001205","LOS ANGELES HOMELESS SERVICES AUTHORITY","CA","2015-10-02",NA,11375
260039354,"ASST_NON_CA0366L9D001205_086","CA0366L9D001205","LOS ANGELES HOMELESS SERVICES AUTHORITY","CA","2015-10-02",NA,3
260039727,"ASST_NON_CA0399L9D001205_086","CA0399L9D001205","LOS ANGELES HOMELESS SERVICES AUTHORITY","CA","2015-10-02",NA,2648
260060159,"ASST_NON_CA0787L9D001204_086","CA0787L9D001204","LOS ANGELES HOMELESS SERVICES AUTHORITY","CA","2015-10-02",NA,8616
260043524,"ASST_NON_CA0513L9D001205_086","CA0513L9D001205","LOS ANGELES HOMELESS SERVICES AUTHORITY","CA","2015-10-02",NA,-3942
260038349,"ASST_NON_CA0346L9D001205_086","CA0346L9D001205","LOS ANGELES HOMELESS SERVICES AUTHORITY","CA","2015-10-02",NA,37751
260044498,"ASST_NON_CA0531L9D001205_086","CA0531L9D001205","LOS ANGELES HOMELESS SERVICES AUTHORITY","CA","2015-10-02",NA,3
260041548,"ASST_NON_CA0440L9D001205_086","CA0440L9D001205","LOS ANGELES HOMELESS SERVICES AUTHORITY","CA","2015-10-02",NA,-12828
260039515,"ASST_NON_CA0383L9D001205_086","CA0383L9D001205","LOS ANGELES HOMELESS SERVICES AUTHORITY","CA","2015-10-02",NA,-73029
260040746,"ASST_NON_CA0425L9D001205_086","CA0425L9D001205","LOS ANGELES HOMELESS SERVICES AUTHORITY","CA","2015-10-02",NA,-72853
260043717,"ASST_NON_CA0526L9D001205_086","CA0526L9D001205","LOS ANGELES HOMELESS SERVICES AUTHORITY","CA","2015-10-02",NA,-34
260038632,"ASST_NON_CA0358L9D001205_086","CA0358L9D001205","LOS ANGELES HOMELESS SERVICES AUTHORITY","CA","2015-10-02",NA,-14880
260043542,"ASST_NON_CA0515L9D001205_086","CA0515L9D001205","LOS ANGELES HOMELESS SERVICES AUTHORITY","CA","2015-10-02",NA,-23529
260062957,"ASST_NON_CA0861L9D001201_086","CA0861L9D001201","LOS ANGELES HOMELESS SERVICES AUTHORITY","CA","2015-10-02",NA,-54052
260042269,"ASST_NON_CA0451L9D001205_086","CA0451L9D001205","LOS ANGELES HOMELESS SERVICES AUTHORITY","CA","2015-10-02",NA,20352
260039469,"ASST_NON_CA0376L9D001205_086","CA0376L9D001205","LOS ANGELES HOMELESS SERVICES AUTHORITY","CA","2015-10-02",NA,-19090
260040859,"ASST_NON_CA0434L9D001205_086","CA0434L9D001205","LOS ANGELES HOMELESS SERVICES AUTHORITY","CA","2015-10-02",NA,-117
260060146,"ASST_NON_CA0784L9D001204_086","CA0784L9D001204","LOS ANGELES HOMELESS SERVICES AUTHORITY","CA","2015-10-02",NA,5210
260043805,"ASST_NON_CA0528L9D001205_086","CA0528L9D001205","LOS ANGELES HOMELESS SERVICES AUTHORITY","CA","2015-10-02",NA,-17004
260042442,"ASST_NON_CA0466L9D001205_086","CA0466L9D001205","LOS ANGELES HOMELESS SERVICES AUTHORITY","CA","2015-10-02",NA,7058
260040859,"ASST_NON_CA0434L9D001205_086","CA0434L9D001205","LOS ANGELES HOMELESS SERVICES AUTHORITY","CA","2015-10-02",NA,117
260040238,"ASST_NON_CA0411L9D001205_086","CA0411L9D001205","LOS ANGELES HOMELESS SERVICES AUTHORITY","CA","2015-10-02",NA,84774
260043443,"ASST_NON_CA0503L9D001205_086","CA0503L9D001205","LOS ANGELES HOMELESS SERVICES AUTHORITY","CA","2015-10-02",NA,-2375
260039493,"ASST_NON_CA0379L9D001205_086","CA0379L9D001205","LOS ANGELES HOMELESS SERVICES AUTHORITY","CA","2015-10-02",NA,-30264
260039363,"ASST_NON_CA0368L9D001205_086","CA0368L9D001205","LOS ANGELES HOMELESS SERVICES AUTHORITY","CA","2015-10-02",NA,-64
260043338,"ASST_NON_CA0493L9D001205_086","CA0493L9D001205","LOS ANGELES HOMELESS SERVICES AUTHORITY","CA","2015-10-02",NA,-38214
260040808,"ASST_NON_CA0430L9D001205_086","CA0430L9D001205","LOS ANGELES HOMELESS SERVICES AUTHORITY","CA","2015-10-02",NA,10403
260042544,"ASST_NON_CA0476L9D001205_086","CA0476L9D001205","LOS ANGELES HOMELESS SERVICES AUTHORITY","CA","2015-10-02",NA,285
260060146,"ASST_NON_CA0784L9D001204_086","CA0784L9D001204","LOS ANGELES HOMELESS SERVICES AUTHORITY","CA","2015-10-02",NA,-5210
260039373,"ASST_NON_CA0369L9D001205_086","CA0369L9D001205","SINGLE ROOM OCCUPANCY HOUSING CORP","CA","2015-10-02",NA,-1
260039373,"ASST_NON_CA0369L9D001205_086","CA0369L9D001205","SINGLE ROOM OCCUPANCY HOUSING CORP","CA","2015-10-02",NA,1
260043710,"ASST_NON_CA0525L9D001205_086","CA0525L9D001205","VENICE COMMUNITY HOUSING CORP","CA","2015-10-02",NA,-1
260043710,"ASST_NON_CA0525L9D001205_086","CA0525L9D001205","VENICE COMMUNITY HOUSING CORP","CA","2015-10-02",NA,1
260025302,"ASST_NON_CA0170L9T041205_086","CA0170L9T041205","SONOMA COUNTY COMMUNITY DEVELOPMENT COMMISSION","CA","2015-10-05",NA,-40039
260025238,"ASST_NON_CA0164L9T041205_086","CA0164L9T041205","SONOMA COUNTY COMMUNITY DEVELOPMENT COMMISSION","CA","2015-10-05",NA,-26612
260025302,"ASST_NON_CA0170L9T041205_086","CA0170L9T041205","SONOMA COUNTY COMMUNITY DEVELOPMENT COMMISSION","CA","2015-10-05",NA,40039
260025267,"ASST_NON_CA0169L9T041204_086","CA0169L9T041204","SONOMA COUNTY COMMUNITY DEVELOPMENT COMMISSION","CA","2015-10-05",NA,45347
260025238,"ASST_NON_CA0164L9T041205_086","CA0164L9T041205","SONOMA COUNTY COMMUNITY DEVELOPMENT COMMISSION","CA","2015-10-05",NA,26612
260025589,"ASST_NON_CA0191L9T051205_086","CA0191L9T051205","COUNTY OF CONTRA COSTA","CA","2015-10-05",NA,-25492
260025367,"ASST_NON_CA0178L9T051201_086","CA0178L9T051201","COUNTY OF CONTRA COSTA","CA","2015-10-05",NA,7067
260033599,"ASST_NON_CA0279L9T141204_086","CA0279L9T141204","POVERELLO HOUSE","CA","2015-10-05",NA,3045
260025267,"ASST_NON_CA0169L9T041204_086","CA0169L9T041204","SONOMA COUNTY COMMUNITY DEVELOPMENT COMMISSION","CA","2015-10-05",NA,-45347
260064225,"ASST_NON_CA0890L9T041203_086","CA0890L9T041203","SONOMA COUNTY COMMUNITY DEVELOPMENT COMMISSION","CA","2015-10-05",NA,-40673
260033599,"ASST_NON_CA0279L9T141204_086","CA0279L9T141204","POVERELLO HOUSE","CA","2015-10-05",NA,-3045
260025367,"ASST_NON_CA0178L9T051201_086","CA0178L9T051201","COUNTY OF CONTRA COSTA","CA","2015-10-05",NA,-7067
260064225,"ASST_NON_CA0890L9T041203_086","CA0890L9T041203","SONOMA COUNTY COMMUNITY DEVELOPMENT COMMISSION","CA","2015-10-05",NA,40673
260025589,"ASST_NON_CA0191L9T051205_086","CA0191L9T051205","COUNTY OF CONTRA COSTA","CA","2015-10-05",NA,25492
260030875,"ASST_NON_CA0237L9T091205_086","CA0237L9T091205","COUNTY OF MENDOCINO SOCIAL SERVICES","CA","2015-10-05",NA,30804
260030875,"ASST_NON_CA0237L9T091205_086","CA0237L9T091205","COUNTY OF MENDOCINO SOCIAL SERVICES","CA","2015-10-05",NA,-30804
260058295,"ASST_NON_CA0755L9T061204_086","CA0755L9T061204","HOUSING AUTHORITY OF COUNTY OF MONTE","CA","2015-10-05",NA,67116
260058295,"ASST_NON_CA0755L9T061204_086","CA0755L9T061204","HOUSING AUTHORITY OF COUNTY OF MONTE","CA","2015-10-05",NA,-67116
260018406,"ASST_NON_CA0056L9T011205_086","CA0056L9T011205","CITY & COUNTY OF SAN FRANCISCO","CA","2015-10-05",NA,11248
260018572,"ASST_NON_CA0060L9T011205_086","CA0060L9T011205","CITY & COUNTY OF SAN FRANCISCO","CA","2015-10-05",NA,-29769
260018437,"ASST_NON_CA0059L9T011205_086","CA0059L9T011205","CITY & COUNTY OF SAN FRANCISCO","CA","2015-10-05",NA,10832
260018611,"ASST_NON_CA0063L9T011205_086","CA0063L9T011205","CITY & COUNTY OF SAN FRANCISCO","CA","2015-10-05",NA,-36897
260016879,"ASST_NON_CA0044L9T011205_086","CA0044L9T011205","CITY & COUNTY OF SAN FRANCISCO","CA","2015-10-05",NA,1345
260018389,"ASST_NON_CA0055L9T011205_086","CA0055L9T011205","CITY & COUNTY OF SAN FRANCISCO","CA","2015-10-05",NA,-4475
260016915,"ASST_NON_CA0047L9T011205_086","CA0047L9T011205","CITY & COUNTY OF SAN FRANCISCO","CA","2015-10-05",NA,-32054
260018325,"ASST_NON_CA0050L9T011205_086","CA0050L9T011205","CITY & COUNTY OF SAN FRANCISCO","CA","2015-10-05",NA,17549
260018382,"ASST_NON_CA0054L9T011205_086","CA0054L9T011205","CITY & COUNTY OF SAN FRANCISCO","CA","2015-10-05",NA,33595
260016840,"ASST_NON_CA0040L9T011205_086","CA0040L9T011205","CITY & COUNTY OF SAN FRANCISCO","CA","2015-10-05",NA,-42512
260018658,"ASST_NON_CA0067L9T011204_086","CA0067L9T011204","CITY & COUNTY OF SAN FRANCISCO","CA","2015-10-05",NA,31746
260018641,"ASST_NON_CA0066L9T011204_086","CA0066L9T011204","CITY & COUNTY OF SAN FRANCISCO","CA","2015-10-05",NA,60256
260063628,"ASST_NON_CA0888L9T011203_086","CA0888L9T011203","CITY & COUNTY OF SAN FRANCISCO","CA","2015-10-05",NA,560
260018641,"ASST_NON_CA0066L9T011204_086","CA0066L9T011204","CITY & COUNTY OF SAN FRANCISCO","CA","2015-10-05",NA,-60256
260018437,"ASST_NON_CA0059L9T011205_086","CA0059L9T011205","CITY & COUNTY OF SAN FRANCISCO","CA","2015-10-05",NA,-10832
260016845,"ASST_NON_CA0041L9T011205_086","CA0041L9T011205","CITY & COUNTY OF SAN FRANCISCO","CA","2015-10-05",NA,52652
260017022,"ASST_NON_CA0049L9T011204_086","CA0049L9T011204","CITY & COUNTY OF SAN FRANCISCO","CA","2015-10-05",NA,43002
260019635,"ASST_NON_CA0070L9T011205_086","CA0070L9T011205","CITY & COUNTY OF SAN FRANCISCO","CA","2015-10-05",NA,-12324
260016845,"ASST_NON_CA0041L9T011205_086","CA0041L9T011205","CITY & COUNTY OF SAN FRANCISCO","CA","2015-10-05",NA,-52652
260018769,"ASST_NON_CA0069L9T011205_086","CA0069L9T011205","CITY & COUNTY OF SAN FRANCISCO","CA","2015-10-05",NA,-29056
260017022,"ASST_NON_CA0049L9T011204_086","CA0049L9T011204","CITY & COUNTY OF SAN FRANCISCO","CA","2015-10-05",NA,-43002
260018606,"ASST_NON_CA0062L9T011205_086","CA0062L9T011205","CITY & COUNTY OF SAN FRANCISCO","CA","2015-10-05",NA,-5451
260018420,"ASST_NON_CA0058L9T011205_086","CA0058L9T011205","CITY & COUNTY OF SAN FRANCISCO","CA","2015-10-05",NA,-16139
260060959,"ASST_NON_CA0821L9T011203_086","CA0821L9T011203","CITY & COUNTY OF SAN FRANCISCO","CA","2015-10-05",NA,36931
260018413,"ASST_NON_CA0057L9T011205_086","CA0057L9T011205","CITY & COUNTY OF SAN FRANCISCO","CA","2015-10-05",NA,58536
260018420,"ASST_NON_CA0058L9T011205_086","CA0058L9T011205","CITY & COUNTY OF SAN FRANCISCO","CA","2015-10-05",NA,16139
260018606,"ASST_NON_CA0062L9T011205_086","CA0062L9T011205","CITY & COUNTY OF SAN FRANCISCO","CA","2015-10-05",NA,5451
260016879,"ASST_NON_CA0044L9T011205_086","CA0044L9T011205","CITY & COUNTY OF SAN FRANCISCO","CA","2015-10-05",NA,-1345
260019635,"ASST_NON_CA0070L9T011205_086","CA0070L9T011205","CITY & COUNTY OF SAN FRANCISCO","CA","2015-10-05",NA,12324
260016915,"ASST_NON_CA0047L9T011205_086","CA0047L9T011205","CITY & COUNTY OF SAN FRANCISCO","CA","2015-10-05",NA,32054
260018406,"ASST_NON_CA0056L9T011205_086","CA0056L9T011205","CITY & COUNTY OF SAN FRANCISCO","CA","2015-10-05",NA,-11248
260018572,"ASST_NON_CA0060L9T011205_086","CA0060L9T011205","CITY & COUNTY OF SAN FRANCISCO","CA","2015-10-05",NA,29769
260020884,"ASST_NON_CA0082L9T011205_086","CA0082L9T011205","CITY & COUNTY OF SAN FRANCISCO","CA","2015-10-05",NA,-11176
260018382,"ASST_NON_CA0054L9T011205_086","CA0054L9T011205","CITY & COUNTY OF SAN FRANCISCO","CA","2015-10-05",NA,-33595
260063628,"ASST_NON_CA0888L9T011203_086","CA0888L9T011203","CITY & COUNTY OF SAN FRANCISCO","CA","2015-10-05",NA,-560
260016840,"ASST_NON_CA0040L9T011205_086","CA0040L9T011205","CITY & COUNTY OF SAN FRANCISCO","CA","2015-10-05",NA,42512
260018413,"ASST_NON_CA0057L9T011205_086","CA0057L9T011205","CITY & COUNTY OF SAN FRANCISCO","CA","2015-10-05",NA,-58536
260018389,"ASST_NON_CA0055L9T011205_086","CA0055L9T011205","CITY & COUNTY OF SAN FRANCISCO","CA","2015-10-05",NA,4475
260018325,"ASST_NON_CA0050L9T011205_086","CA0050L9T011205","CITY & COUNTY OF SAN FRANCISCO","CA","2015-10-05",NA,-17549
260018769,"ASST_NON_CA0069L9T011205_086","CA0069L9T011205","CITY & COUNTY OF SAN FRANCISCO","CA","2015-10-05",NA,29056
260018365,"ASST_NON_CA0053L9T011204_086","CA0053L9T011204","CITY & COUNTY OF SAN FRANCISCO","CA","2015-10-05",NA,-77642
260018365,"ASST_NON_CA0053L9T011204_086","CA0053L9T011204","CITY & COUNTY OF SAN FRANCISCO","CA","2015-10-05",NA,77642
260020884,"ASST_NON_CA0082L9T011205_086","CA0082L9T011205","CITY & COUNTY OF SAN FRANCISCO","CA","2015-10-05",NA,11176
260018658,"ASST_NON_CA0067L9T011204_086","CA0067L9T011204","CITY & COUNTY OF SAN FRANCISCO","CA","2015-10-05",NA,-31746
260018611,"ASST_NON_CA0063L9T011205_086","CA0063L9T011205","CITY & COUNTY OF SAN FRANCISCO","CA","2015-10-05",NA,36897
260060959,"ASST_NON_CA0821L9T011203_086","CA0821L9T011203","CITY & COUNTY OF SAN FRANCISCO","CA","2015-10-05",NA,-36931
260025133,"ASST_NON_CA0152L9T031205_086","CA0152L9T031205","RESOURCES FOR INDEPENDENT LIVING, INC.","CA","2015-10-05",NA,-665
260033437,"ASST_NON_CA0273L9T131203_086","CA0273L9T131203","KINGS UNITED WAY","CA","2015-10-05",NA,-3056
260033437,"ASST_NON_CA0273L9T131203_086","CA0273L9T131203","KINGS UNITED WAY","CA","2015-10-05",NA,3056
260025133,"ASST_NON_CA0152L9T031205_086","CA0152L9T031205","RESOURCES FOR INDEPENDENT LIVING, INC.","CA","2015-10-05",NA,665
260057768,"ASST_NON_CA0748L9T021204_086","CA0748L9T021204","ABODE HOUSING DEVELOPMENT","CA","2015-10-05",NA,8022
260057706,"ASST_NON_CA0746L9T001204_086","CA0746L9T001204","SANTA CLARA COUNTY HOUSING AUTHORITY","CA","2015-10-05",NA,-57047
260060109,"ASST_NON_CA0780L9T201204_086","CA0780L9T201204","COUNTY OF MERCED","CA","2015-10-05",NA,-18741
260057768,"ASST_NON_CA0748L9T021204_086","CA0748L9T021204","ABODE HOUSING DEVELOPMENT","CA","2015-10-05",NA,-8022
260057706,"ASST_NON_CA0746L9T001204_086","CA0746L9T001204","SANTA CLARA COUNTY HOUSING AUTHORITY","CA","2015-10-05",NA,57047
260060109,"ASST_NON_CA0780L9T201204_086","CA0780L9T201204","COUNTY OF MERCED","CA","2015-10-05",NA,18741
260021869,"ASST_NON_CA0098L9T021205_086","CA0098L9T021205","GOODWILL INDUSTRIES OF THE GREATER EAST BAY, INC.","CA","2015-10-05",NA,-72356
260022330,"ASST_NON_CA0107L9T021205_086","CA0107L9T021205","BUILDING OPPORTUNITIES FOR SELF-SUFFICIENCY","CA","2015-10-05",NA,-3499
260021034,"ASST_NON_CA0088L9T021205_086","CA0088L9T021205","OPERATION DIGNITY, INC.","CA","2015-10-05",NA,-15857
260022296,"ASST_NON_CA0104L9T021205_086","CA0104L9T021205","BUILDING OPPORTUNITIES FOR SELF-SUFFICIENCY","CA","2015-10-05",NA,-1159
260022864,"ASST_NON_CA0117L9T021205_086","CA0117L9T021205","BUILDING OPPORTUNITIES FOR SELF-SUFFICIENCY","CA","2015-10-05",NA,37372
260021869,"ASST_NON_CA0098L9T021205_086","CA0098L9T021205","GOODWILL INDUSTRIES OF THE GREATER EAST BAY, INC.","CA","2015-10-05",NA,72356
260014253,"ASST_NON_CA0026L9T001205_086","CA0026L9T001205","ABODE SERVICES","CA","2015-10-05",NA,7244
260061677,"ASST_NON_CA0846L9T191201_086","CA0846L9T191201","BUTTE COUNTY BEHAVIORAL HEALTH","CA","2015-10-05",NA,13015
260022864,"ASST_NON_CA0117L9T021205_086","CA0117L9T021205","BUILDING OPPORTUNITIES FOR SELF-SUFFICIENCY","CA","2015-10-05",NA,-37372
260022330,"ASST_NON_CA0107L9T021205_086","CA0107L9T021205","BUILDING OPPORTUNITIES FOR SELF-SUFFICIENCY","CA","2015-10-05",NA,3499
260061684,"ASST_NON_CA0847L9T191201_086","CA0847L9T191201","BUTTE COUNTY BEHAVIORAL HEALTH","CA","2015-10-05",NA,12297
260061684,"ASST_NON_CA0847L9T191201_086","CA0847L9T191201","BUTTE COUNTY BEHAVIORAL HEALTH","CA","2015-10-05",NA,-12297
260061677,"ASST_NON_CA0846L9T191201_086","CA0846L9T191201","BUTTE COUNTY BEHAVIORAL HEALTH","CA","2015-10-05",NA,-13015
260023791,"ASST_NON_CA0120L9T021205_086","CA0120L9T021205","ABODE SERVICES","CA","2015-10-05",NA,40954
260014253,"ASST_NON_CA0026L9T001205_086","CA0026L9T001205","ABODE SERVICES","CA","2015-10-05",NA,-7244
260021034,"ASST_NON_CA0088L9T021205_086","CA0088L9T021205","OPERATION DIGNITY, INC.","CA","2015-10-05",NA,15857
260023791,"ASST_NON_CA0120L9T021205_086","CA0120L9T021205","ABODE SERVICES","CA","2015-10-05",NA,-40954
260022296,"ASST_NON_CA0104L9T021205_086","CA0104L9T021205","BUILDING OPPORTUNITIES FOR SELF-SUFFICIENCY","CA","2015-10-05",NA,1159
260030341,"ASST_NON_CA0228L9T081205_086","CA0228L9T081205","FAMILIES IN TRANSITION OF SANTA CRUZ COUNTY, INC.","CA","2015-10-05",NA,6364
260022335,"ASST_NON_CA0108L9T021205_086","CA0108L9T021205","CITY OF BERKELEY","CA","2015-10-05",NA,10989
260057783,"ASST_NON_CA0749L9T021203_086","CA0749L9T021203","CITY OF BERKELEY","CA","2015-10-05",NA,5216
260025118,"ASST_NON_CA0151L9T031205_086","CA0151L9T031205","HOUSING AUTHORITY OF THE COUNTY OF SACRAMENTO","CA","2015-10-05",NA,18368
260032481,"ASST_NON_CA0258L9T121205_086","CA0258L9T121205","SERVICE LEAGUE OF SAN MATEO COUNTY","CA","2015-10-05",NA,-1310
260061673,"ASST_NON_CA0845L9T181201_086","CA0845L9T181201","LUHAD","CA","2015-10-05",NA,77
260030341,"ASST_NON_CA0228L9T081205_086","CA0228L9T081205","FAMILIES IN TRANSITION OF SANTA CRUZ COUNTY, INC.","CA","2015-10-05",NA,-6364
260057783,"ASST_NON_CA0749L9T021203_086","CA0749L9T021203","CITY OF BERKELEY","CA","2015-10-05",NA,-5216
260032481,"ASST_NON_CA0258L9T121205_086","CA0258L9T121205","SERVICE LEAGUE OF SAN MATEO COUNTY","CA","2015-10-05",NA,1310
260023808,"ASST_NON_CA0121L9T021205_086","CA0121L9T021205","CITY OF BERKELEY","CA","2015-10-05",NA,-9572
260034510,"ASST_NON_CA0281L9T141205_086","CA0281L9T141205","HOUSING AUTHORITY OF THE CITY OF FRESNO","CA","2015-10-05",NA,-73263
260029200,"ASST_NON_CA0201L9T061204_086","CA0201L9T061204","SALVATION ARMY RESIDENCES, INC. THE","CA","2015-10-05",NA,16734
260023808,"ASST_NON_CA0121L9T021205_086","CA0121L9T021205","CITY OF BERKELEY","CA","2015-10-05",NA,9572
260061673,"ASST_NON_CA0845L9T181201_086","CA0845L9T181201","LUHAD","CA","2015-10-05",NA,-77
260025118,"ASST_NON_CA0151L9T031205_086","CA0151L9T031205","HOUSING AUTHORITY OF THE COUNTY OF SACRAMENTO","CA","2015-10-05",NA,-18368
260022335,"ASST_NON_CA0108L9T021205_086","CA0108L9T021205","CITY OF BERKELEY","CA","2015-10-05",NA,-10989
260034510,"ASST_NON_CA0281L9T141205_086","CA0281L9T141205","HOUSING AUTHORITY OF THE CITY OF FRESNO","CA","2015-10-05",NA,73263
260029200,"ASST_NON_CA0201L9T061204_086","CA0201L9T061204","SALVATION ARMY RESIDENCES, INC. THE","CA","2015-10-05",NA,-16734
260029415,"ASST_NON_CA0217L9T071205_086","CA0217L9T071205","CENTER POINT, INC.","CA","2015-10-05",NA,-8642
260024065,"ASST_NON_CA0145L9T031205_086","CA0145L9T031205","TLCS INC","CA","2015-10-05",NA,25659
260029415,"ASST_NON_CA0217L9T071205_086","CA0217L9T071205","CENTER POINT, INC.","CA","2015-10-05",NA,8642
260061558,"ASST_NON_CA0831L9T071201_086","CA0831L9T071201","CENTER POINT, INC.","CA","2015-10-05",NA,-4121
260025184,"ASST_NON_CA0158L9T031205_086","CA0158L9T031205","TLCS INC","CA","2015-10-05",NA,96410
260025184,"ASST_NON_CA0158L9T031205_086","CA0158L9T031205","TLCS INC","CA","2015-10-05",NA,-96410
260024065,"ASST_NON_CA0145L9T031205_086","CA0145L9T031205","TLCS INC","CA","2015-10-05",NA,-25659
260024028,"ASST_NON_CA0141L9T031205_086","CA0141L9T031205","TLCS INC","CA","2015-10-05",NA,-4285
260024028,"ASST_NON_CA0141L9T031205_086","CA0141L9T031205","TLCS INC","CA","2015-10-05",NA,4285
260061558,"ASST_NON_CA0831L9T071201_086","CA0831L9T071201","CENTER POINT, INC.","CA","2015-10-05",NA,4121
260025228,"ASST_NON_CA0162L9T041205_086","CA0162L9T041205","CATHOLIC CHARITIES OF THE DIOCESE OF SANTA ROSA","CA","2015-10-05",NA,-33229
260025228,"ASST_NON_CA0162L9T041205_086","CA0162L9T041205","CATHOLIC CHARITIES OF THE DIOCESE OF SANTA ROSA","CA","2015-10-05",NA,33229
260031554,"ASST_NON_CA0242L9T101203_086","CA0242L9T101203","COMMUNITY IMPACT CENTRAL VALLEY","CA","2015-10-05",NA,36076
260022751,"ASST_NON_CA0113L9T021205_086","CA0113L9T021205","RUBICON PROGRAMS INC","CA","2015-10-05",NA,1000
260015514,"ASST_NON_CA0032L9T001205_086","CA0032L9T001205","BILL WILSON CENTER","CA","2015-10-05",NA,-11311
260058323,"ASST_NON_CA0758L9T101202_086","CA0758L9T101202","COMMUNITY IMPACT CENTRAL VALLEY","CA","2015-10-05",NA,59781
260031554,"ASST_NON_CA0242L9T101203_086","CA0242L9T101203","COMMUNITY IMPACT CENTRAL VALLEY","CA","2015-10-05",NA,-36076
260035190,"ASST_NON_CA0298L9T181205_086","CA0298L9T181205","CAMINAR","CA","2015-10-05",NA,-28252
260025616,"ASST_NON_CA0194L9T051205_086","CA0194L9T051205","RUBICON PROGRAMS INC","CA","2015-10-05",NA,-133
260015514,"ASST_NON_CA0032L9T001205_086","CA0032L9T001205","BILL WILSON CENTER","CA","2015-10-05",NA,11311
260015496,"ASST_NON_CA0031L9T001205_086","CA0031L9T001205","BILL WILSON CENTER","CA","2015-10-05",NA,-27781
260058323,"ASST_NON_CA0758L9T101202_086","CA0758L9T101202","COMMUNITY IMPACT CENTRAL VALLEY","CA","2015-10-05",NA,-59781
260022751,"ASST_NON_CA0113L9T021205_086","CA0113L9T021205","RUBICON PROGRAMS INC","CA","2015-10-05",NA,-1000
260035162,"ASST_NON_CA0294L9T181204_086","CA0294L9T181204","CAMINAR","CA","2015-10-05",NA,-19085
260015496,"ASST_NON_CA0031L9T001205_086","CA0031L9T001205","BILL WILSON CENTER","CA","2015-10-05",NA,27781
260025616,"ASST_NON_CA0194L9T051205_086","CA0194L9T051205","RUBICON PROGRAMS INC","CA","2015-10-05",NA,133
260035162,"ASST_NON_CA0294L9T181204_086","CA0294L9T181204","CAMINAR","CA","2015-10-05",NA,19085
260031533,"ASST_NON_CA0240L9T101201_086","CA0240L9T101201","COMMUNITY IMPACT CENTRAL VALLEY","CA","2015-10-05",NA,-13017
260031533,"ASST_NON_CA0240L9T101201_086","CA0240L9T101201","COMMUNITY IMPACT CENTRAL VALLEY","CA","2015-10-05",NA,13017
260035190,"ASST_NON_CA0298L9T181205_086","CA0298L9T181205","CAMINAR","CA","2015-10-05",NA,28252
260059591,"ASST_NON_CA0774L9T151203_086","CA0774L9T151203","PLACER COUNTY- ADULT SYSTEM OF CARE","CA","2015-10-05",NA,-39451
260014270,"ASST_NON_CA0027L9T001205_086","CA0027L9T001205","LIFEMOVES","CA","2015-10-05",NA,34752
260032721,"ASST_NON_CA0268L9T121205_086","CA0268L9T121205","LIFEMOVES","CA","2015-10-05",NA,21965
260032443,"ASST_NON_CA0254L9T121205_086","CA0254L9T121205","LIFEMOVES","CA","2015-10-05",NA,39041
260032443,"ASST_NON_CA0254L9T121205_086","CA0254L9T121205","LIFEMOVES","CA","2015-10-05",NA,-39041
260034545,"ASST_NON_CA0285L9T151205_086","CA0285L9T151205","PLACER COUNTY- ADULT SYSTEM OF CARE","CA","2015-10-05",NA,-11891
260059591,"ASST_NON_CA0774L9T151203_086","CA0774L9T151203","PLACER COUNTY- ADULT SYSTEM OF CARE","CA","2015-10-05",NA,39451
260014270,"ASST_NON_CA0027L9T001205_086","CA0027L9T001205","LIFEMOVES","CA","2015-10-05",NA,-34752
260032721,"ASST_NON_CA0268L9T121205_086","CA0268L9T121205","LIFEMOVES","CA","2015-10-05",NA,-21965
260034545,"ASST_NON_CA0285L9T151205_086","CA0285L9T151205","PLACER COUNTY- ADULT SYSTEM OF CARE","CA","2015-10-05",NA,11891
260023866,"ASST_NON_CA0126L9T021205_086","CA0126L9T021205","FRED FINCH YOUTH CENTER","CA","2015-10-05",NA,-98474
260025450,"ASST_NON_CA0187L9T051205_086","CA0187L9T051205","RESOURCES FOR COMMUNITY DEVELOPMENT","CA","2015-10-05",NA,-2648
260025450,"ASST_NON_CA0187L9T051205_086","CA0187L9T051205","RESOURCES FOR COMMUNITY DEVELOPMENT","CA","2015-10-05",NA,2648
260035148,"ASST_NON_CA0293L9T171205_086","CA0293L9T171205","COUNTY OF NAPA","CA","2015-10-05",NA,3461
260035131,"ASST_NON_CA0292L9T171205_086","CA0292L9T171205","THE HOUSING DEVELOPMENT CORPORATION OF THE CITY OF NAPA","CA","2015-10-05",NA,-18523
260035148,"ASST_NON_CA0293L9T171205_086","CA0293L9T171205","COUNTY OF NAPA","CA","2015-10-05",NA,-3461
260022682,"ASST_NON_CA0111L9T021204_086","CA0111L9T021204","RESOURCES FOR COMMUNITY DEVELOPMENT","CA","2015-10-05",NA,-16778
260022682,"ASST_NON_CA0111L9T021204_086","CA0111L9T021204","RESOURCES FOR COMMUNITY DEVELOPMENT","CA","2015-10-05",NA,16778
260035131,"ASST_NON_CA0292L9T171205_086","CA0292L9T171205","THE HOUSING DEVELOPMENT CORPORATION OF THE CITY OF NAPA","CA","2015-10-05",NA,18523
260023866,"ASST_NON_CA0126L9T021205_086","CA0126L9T021205","FRED FINCH YOUTH CENTER","CA","2015-10-05",NA,98474
260061595,"ASST_NON_CA0839L9T131201_086","CA0839L9T131201","CORNERSTONE RECOVERY SYS","CA","2015-10-05",NA,-4134
260035207,"ASST_NON_CA0299L9T181205_086","CA0299L9T181205","SOLANO COUNTY HEALTH & SOCIAL SERVICES DEPARTMENT","CA","2015-10-05",NA,-27790
260058276,"ASST_NON_CA0752L9T041204_086","CA0752L9T041204","BUCKELEW PROGRAMS","CA","2015-10-05",NA,-19402
260035178,"ASST_NON_CA0296L9T181205_086","CA0296L9T181205","SOLANO COUNTY HEALTH & SOCIAL SERVICES DEPARTMENT","CA","2015-10-05",NA,28976
260025207,"ASST_NON_CA0160L9T041205_086","CA0160L9T041205","BUCKELEW PROGRAMS","CA","2015-10-05",NA,-67132
269026245,"ASST_NON_NV0029L9T001203_086","NV0029L9T001203","UNITED STATES VETERANS INITIATIVE","CA","2015-10-05",NA,-2685
260058337,"ASST_NON_CA0759L9T101202_086","CA0759L9T101202","STANISLAUS REGIONAL HOUSING AUTHORITY","CA","2015-10-05",NA,-33929
260062309,"ASST_NON_CA0852L9T221201_086","CA0852L9T221201","DEPARTMENT OF HEALTH & HUMAN S","CA","2015-10-05",NA,-200
260035207,"ASST_NON_CA0299L9T181205_086","CA0299L9T181205","SOLANO COUNTY HEALTH & SOCIAL SERVICES DEPARTMENT","CA","2015-10-05",NA,27790
260035178,"ASST_NON_CA0296L9T181205_086","CA0296L9T181205","SOLANO COUNTY HEALTH & SOCIAL SERVICES DEPARTMENT","CA","2015-10-05",NA,-28976
260034582,"ASST_NON_CA0288L9T161205_086","CA0288L9T161205","NORTHERN VALLEY CATHOLIC SOCIAL SERVICE, INC.","CA","2015-10-05",NA,-41436
260035457,"ASST_NON_CA0308L9T211205_086","CA0308L9T211205","YOLO COMMUNITY CARE CONTINUUM","CA","2015-10-05",NA,-8556
260062309,"ASST_NON_CA0852L9T221201_086","CA0852L9T221201","DEPARTMENT OF HEALTH & HUMAN S","CA","2015-10-05",NA,200
260058337,"ASST_NON_CA0759L9T101202_086","CA0759L9T101202","STANISLAUS REGIONAL HOUSING AUTHORITY","CA","2015-10-05",NA,33929
260036277,"ASST_NON_CA0313L9T221205_086","CA0313L9T221205","DEPARTMENT OF HEALTH & HUMAN S","CA","2015-10-05",NA,-10924
260061595,"ASST_NON_CA0839L9T131201_086","CA0839L9T131201","CORNERSTONE RECOVERY SYS","CA","2015-10-05",NA,4134
260058276,"ASST_NON_CA0752L9T041204_086","CA0752L9T041204","BUCKELEW PROGRAMS","CA","2015-10-05",NA,19402
260059616,"ASST_NON_CA0777L9T171204_086","CA0777L9T171204","BUCKELEW PROGRAMS","CA","2015-10-05",NA,-18114
260035185,"ASST_NON_CA0297L9T181205_086","CA0297L9T181205","SOLANO COUNTY HEALTH & SOCIAL SERVICES DEPARTMENT","CA","2015-10-05",NA,-52928
260059607,"ASST_NON_CA0776L9T161204_086","CA0776L9T161204","NORTHERN VALLEY CATHOLIC SOCIAL SERVICE, INC.","CA","2015-10-05",NA,17687
260035457,"ASST_NON_CA0308L9T211205_086","CA0308L9T211205","YOLO COMMUNITY CARE CONTINUUM","CA","2015-10-05",NA,8556
260025207,"ASST_NON_CA0160L9T041205_086","CA0160L9T041205","BUCKELEW PROGRAMS","CA","2015-10-05",NA,67132
260059616,"ASST_NON_CA0777L9T171204_086","CA0777L9T171204","BUCKELEW PROGRAMS","CA","2015-10-05",NA,18114
269026245,"ASST_NON_NV0029L9T001203_086","NV0029L9T001203","UNITED STATES VETERANS INITIATIVE","CA","2015-10-05",NA,2685
260059607,"ASST_NON_CA0776L9T161204_086","CA0776L9T161204","NORTHERN VALLEY CATHOLIC SOCIAL SERVICE, INC.","CA","2015-10-05",NA,-17687
260035185,"ASST_NON_CA0297L9T181205_086","CA0297L9T181205","SOLANO COUNTY HEALTH & SOCIAL SERVICES DEPARTMENT","CA","2015-10-05",NA,52928
260036277,"ASST_NON_CA0313L9T221205_086","CA0313L9T221205","DEPARTMENT OF HEALTH & HUMAN S","CA","2015-10-05",NA,10924
260034582,"ASST_NON_CA0288L9T161205_086","CA0288L9T161205","NORTHERN VALLEY CATHOLIC SOCIAL SERVICE, INC.","CA","2015-10-05",NA,41436
260025375,"ASST_NON_CA0180L9T051205_086","CA0180L9T051205","ANKA BEHAVIORAL HEALTH, INCORPORATED","CA","2015-10-05",NA,-17622
260034558,"ASST_NON_CA0286L9T151205_086","CA0286L9T151205","STAND UP PLACER, INC.","CA","2015-10-05",NA,-202
260025375,"ASST_NON_CA0180L9T051205_086","CA0180L9T051205","ANKA BEHAVIORAL HEALTH, INCORPORATED","CA","2015-10-05",NA,17622
260034558,"ASST_NON_CA0286L9T151205_086","CA0286L9T151205","STAND UP PLACER, INC.","CA","2015-10-05",NA,202
260024043,"ASST_NON_CA0143L9T031205_086","CA0143L9T031205","SACRAMENTO STEPS FORWARD","CA","2015-10-05",NA,9427
260025168,"ASST_NON_CA0156L9T031205_086","CA0156L9T031205","SACRAMENTO STEPS FORWARD","CA","2015-10-05",NA,3730
260025101,"ASST_NON_CA0150L9T031205_086","CA0150L9T031205","SACRAMENTO STEPS FORWARD","CA","2015-10-05",NA,5153
260023974,"ASST_NON_CA0136L9T031205_086","CA0136L9T031205","SACRAMENTO STEPS FORWARD","CA","2015-10-05",NA,-53945
260025101,"ASST_NON_CA0150L9T031205_086","CA0150L9T031205","SACRAMENTO STEPS FORWARD","CA","2015-10-05",NA,-5153
260033420,"ASST_NON_CA0271L9T131202_086","CA0271L9T131202","FAMILY SERVICES OF TULARE COUNTY","CA","2015-10-05",NA,-1712
260029374,"ASST_NON_CA0211L9T061205_086","CA0211L9T061205","VETERANS TRANSITION CENTER OF CALIFORNIA","CA","2015-10-05",NA,-48254
260058267,"ASST_NON_CA0751L9T031204_086","CA0751L9T031204","SACRAMENTO STEPS FORWARD","CA","2015-10-05",NA,311
260025357,"ASST_NON_CA0176L9T041205_086","CA0176L9T041205","COMMITTEE ON THE SHELTERLESS","CA","2015-10-05",NA,12908
260011801,"ASST_NON_CA0002L9T001203_086","CA0002L9T001203","SOUTH COUNTY COMMUNITY SERVICES","CA","2015-10-05",NA,-61600
260023901,"ASST_NON_CA0129L9T031205_086","CA0129L9T031205","SACRAMENTO STEPS FORWARD","CA","2015-10-05",NA,-7336
260023923,"ASST_NON_CA0132L9T031205_086","CA0132L9T031205","SACRAMENTO STEPS FORWARD","CA","2015-10-05",NA,1613
260029374,"ASST_NON_CA0211L9T061205_086","CA0211L9T061205","VETERANS TRANSITION CENTER OF CALIFORNIA","CA","2015-10-05",NA,48254
260023894,"ASST_NON_CA0128L9T031203_086","CA0128L9T031203","SACRAMENTO STEPS FORWARD","CA","2015-10-05",NA,-1149
260025177,"ASST_NON_CA0157L9T031205_086","CA0157L9T031205","SACRAMENTO STEPS FORWARD","CA","2015-10-05",NA,-232
260024035,"ASST_NON_CA0142L9T031205_086","CA0142L9T031205","SACRAMENTO STEPS FORWARD","CA","2015-10-05",NA,-34966
260025357,"ASST_NON_CA0176L9T041205_086","CA0176L9T041205","COMMITTEE ON THE SHELTERLESS","CA","2015-10-05",NA,-12908
260023923,"ASST_NON_CA0132L9T031205_086","CA0132L9T031205","SACRAMENTO STEPS FORWARD","CA","2015-10-05",NA,-1613
260011801,"ASST_NON_CA0002L9T001203_086","CA0002L9T001203","SOUTH COUNTY COMMUNITY SERVICES","CA","2015-10-05",NA,61600
260023992,"ASST_NON_CA0139L9T031205_086","CA0139L9T031205","SACRAMENTO, COUNTY OF","CA","2015-10-05",NA,22689
260023901,"ASST_NON_CA0129L9T031205_086","CA0129L9T031205","SACRAMENTO STEPS FORWARD","CA","2015-10-05",NA,7336
260011856,"ASST_NON_CA0007L9T001204_086","CA0007L9T001204","SOUTH COUNTY COMMUNITY SERVICES","CA","2015-10-05",NA,-37163
260029361,"ASST_NON_CA0210L9T061205_086","CA0210L9T061205","VETERANS TRANSITION CENTER OF CALIFORNIA","CA","2015-10-05",NA,-3631
260023957,"ASST_NON_CA0135L9T031205_086","CA0135L9T031205","SACRAMENTO STEPS FORWARD","CA","2015-10-05",NA,5041
260036976,"ASST_NON_CA0321L9T261202_086","CA0321L9T261202","COUNTY OF TUOLUMNE","CA","2015-10-05",NA,-15499
260036976,"ASST_NON_CA0321L9T261202_086","CA0321L9T261202","COUNTY OF TUOLUMNE","CA","2015-10-05",NA,15499
260023940,"ASST_NON_CA0133L9T031205_086","CA0133L9T031205","SACRAMENTO STEPS FORWARD","CA","2015-10-05",NA,-20325
260025177,"ASST_NON_CA0157L9T031205_086","CA0157L9T031205","SACRAMENTO STEPS FORWARD","CA","2015-10-05",NA,232
260023957,"ASST_NON_CA0135L9T031205_086","CA0135L9T031205","SACRAMENTO STEPS FORWARD","CA","2015-10-05",NA,-5041
260023894,"ASST_NON_CA0128L9T031203_086","CA0128L9T031203","SACRAMENTO STEPS FORWARD","CA","2015-10-05",NA,1149
260024059,"ASST_NON_CA0144L9T031204_086","CA0144L9T031204","SACRAMENTO STEPS FORWARD","CA","2015-10-05",NA,28601
260023974,"ASST_NON_CA0136L9T031205_086","CA0136L9T031205","SACRAMENTO STEPS FORWARD","CA","2015-10-05",NA,53945
260033420,"ASST_NON_CA0271L9T131202_086","CA0271L9T131202","FAMILY SERVICES OF TULARE COUNTY","CA","2015-10-05",NA,1712
260024059,"ASST_NON_CA0144L9T031204_086","CA0144L9T031204","SACRAMENTO STEPS FORWARD","CA","2015-10-05",NA,-28601
260024035,"ASST_NON_CA0142L9T031205_086","CA0142L9T031205","SACRAMENTO STEPS FORWARD","CA","2015-10-05",NA,34966
260011856,"ASST_NON_CA0007L9T001204_086","CA0007L9T001204","SOUTH COUNTY COMMUNITY SERVICES","CA","2015-10-05",NA,37163
260058267,"ASST_NON_CA0751L9T031204_086","CA0751L9T031204","SACRAMENTO STEPS FORWARD","CA","2015-10-05",NA,-311
260025168,"ASST_NON_CA0156L9T031205_086","CA0156L9T031205","SACRAMENTO STEPS FORWARD","CA","2015-10-05",NA,-3730
260023992,"ASST_NON_CA0139L9T031205_086","CA0139L9T031205","SACRAMENTO, COUNTY OF","CA","2015-10-05",NA,-22689
260029361,"ASST_NON_CA0210L9T061205_086","CA0210L9T061205","VETERANS TRANSITION CENTER OF CALIFORNIA","CA","2015-10-05",NA,3631
260023940,"ASST_NON_CA0133L9T031205_086","CA0133L9T031205","SACRAMENTO STEPS FORWARD","CA","2015-10-05",NA,20325
260024043,"ASST_NON_CA0143L9T031205_086","CA0143L9T031205","SACRAMENTO STEPS FORWARD","CA","2015-10-05",NA,-9427
260061637,"ASST_NON_CA0841L9T141201_086","CA0841L9T141201","TURNING POINT OF CENTRAL CALIFORNIA INC","CA","2015-10-05",NA,45960
260061637,"ASST_NON_CA0841L9T141201_086","CA0841L9T141201","TURNING POINT OF CENTRAL CALIFORNIA INC","CA","2015-10-05",NA,-45960
260061745,"ASST_NON_CA0848L9T201201_086","CA0848L9T201201","TURNING POINT COMMUNITY PROGRAMS","CA","2015-10-05",NA,29826
260012247,"ASST_NON_CA0010L9T001205_086","CA0010L9T001205","HOMEFIRST SERVICES OF SANTA CLARA COUNTY","CA","2015-10-05",NA,-27678
260015642,"ASST_NON_CA0038L9T011205_086","CA0038L9T011205","THE SAN FRANCISCO PARTICULAR COUNCIL OF THE SOCIETY OF ST. VINCENT DE PAUL","CA","2015-10-05",NA,-9226
260015642,"ASST_NON_CA0038L9T011205_086","CA0038L9T011205","THE SAN FRANCISCO PARTICULAR COUNCIL OF THE SOCIETY OF ST. VINCENT DE PAUL","CA","2015-10-05",NA,9226
260058290,"ASST_NON_CA0754L9T051204_086","CA0754L9T051204","HOUSING AUTHORITY OF CONTRA COSTA COUNTY","CA","2015-10-05",NA,-17661
260025630,"ASST_NON_CA0196L9T051205_086","CA0196L9T051205","HOUSING AUTHORITY OF CONTRA COSTA COUNTY","CA","2015-10-05",NA,-12396
260012247,"ASST_NON_CA0010L9T001205_086","CA0010L9T001205","HOMEFIRST SERVICES OF SANTA CLARA COUNTY","CA","2015-10-05",NA,27678
260062297,"ASST_NON_CA0850L9T201201_086","CA0850L9T201201","TURNING POINT COMMUNITY PROGRAMS","CA","2015-10-05",NA,10544
260011834,"ASST_NON_CA0004L9T001205_086","CA0004L9T001205","HOMEFIRST SERVICES OF SANTA CLARA COUNTY","CA","2015-10-05",NA,-16386
260058778,"ASST_NON_CA0766L9T141204_086","CA0766L9T141204","TURNING POINT OF CENTRAL CALIFORNIA INC","CA","2015-10-05",NA,10015
260058737,"ASST_NON_CA0762L9T111203_086","CA0762L9T111203","COUNTY OF SAN JOAQUIN COM DEV SERVICES","CA","2015-10-05",NA,61289
260011834,"ASST_NON_CA0004L9T001205_086","CA0004L9T001205","HOMEFIRST SERVICES OF SANTA CLARA COUNTY","CA","2015-10-05",NA,16386
260031547,"ASST_NON_CA0241L9T101201_086","CA0241L9T101201","TURNING POINT COMMUNITY PROGRAMS","CA","2015-10-05",NA,78954
260058728,"ASST_NON_CA0761L9T111202_086","CA0761L9T111202","COUNTY OF SAN JOAQUIN COM DEV SERVICES","CA","2015-10-05",NA,50756
260058737,"ASST_NON_CA0762L9T111203_086","CA0762L9T111203","COUNTY OF SAN JOAQUIN COM DEV SERVICES","CA","2015-10-05",NA,-61289
260061745,"ASST_NON_CA0848L9T201201_086","CA0848L9T201201","TURNING POINT COMMUNITY PROGRAMS","CA","2015-10-05",NA,-29826
260031547,"ASST_NON_CA0241L9T101201_086","CA0241L9T101201","TURNING POINT COMMUNITY PROGRAMS","CA","2015-10-05",NA,-78954
260058290,"ASST_NON_CA0754L9T051204_086","CA0754L9T051204","HOUSING AUTHORITY OF CONTRA COSTA COUNTY","CA","2015-10-05",NA,17661
260058745,"ASST_NON_CA0763L9T111202_086","CA0763L9T111202","COUNTY OF SAN JOAQUIN COM DEV SERVICES","CA","2015-10-05",NA,4812
260058728,"ASST_NON_CA0761L9T111202_086","CA0761L9T111202","COUNTY OF SAN JOAQUIN COM DEV SERVICES","CA","2015-10-05",NA,-50756
260058745,"ASST_NON_CA0763L9T111202_086","CA0763L9T111202","COUNTY OF SAN JOAQUIN COM DEV SERVICES","CA","2015-10-05",NA,-4812
260058778,"ASST_NON_CA0766L9T141204_086","CA0766L9T141204","TURNING POINT OF CENTRAL CALIFORNIA INC","CA","2015-10-05",NA,-10015
260062297,"ASST_NON_CA0850L9T201201_086","CA0850L9T201201","TURNING POINT COMMUNITY PROGRAMS","CA","2015-10-05",NA,-10544
260025630,"ASST_NON_CA0196L9T051205_086","CA0196L9T051205","HOUSING AUTHORITY OF CONTRA COSTA COUNTY","CA","2015-10-05",NA,12396
260030847,"ASST_NON_CA0234L9T081205_086","CA0234L9T081205","HOUSING AUTHORITY OF THE COUNTY OF SANTA CRUZ","CA","2015-10-05",NA,81158
260029222,"ASST_NON_CA0204L9T061205_086","CA0204L9T061205","COMMUNITY HOMELESS SOLUTIONS","CA","2015-10-05",NA,351
260020960,"ASST_NON_CA0087L9T021205_086","CA0087L9T021205","ALAMEDA COUNTY HOUSING & COMMUNITY DEVELOPMENT","CA","2015-10-05",NA,-18196
260030331,"ASST_NON_CA0227L9T081205_086","CA0227L9T081205","HOUSING AUTHORITY OF THE COUNTY OF SANTA CRUZ","CA","2015-10-05",NA,-3348
260022270,"ASST_NON_CA0102L9T021205_086","CA0102L9T021205","ALAMEDA COUNTY HOUSING & COMMUNITY DEVELOPMENT","CA","2015-10-05",NA,-19839
260022650,"ASST_NON_CA0110L9T021205_086","CA0110L9T021205","ALAMEDA COUNTY HOUSING & COMMUNITY DEVELOPMENT","CA","2015-10-05",NA,12758
260022270,"ASST_NON_CA0102L9T021205_086","CA0102L9T021205","ALAMEDA COUNTY HOUSING & COMMUNITY DEVELOPMENT","CA","2015-10-05",NA,19839
260023849,"ASST_NON_CA0125L9T021205_086","CA0125L9T021205","ALAMEDA COUNTY HOUSING & COMMUNITY DEVELOPMENT","CA","2015-10-05",NA,8194
260014339,"ASST_NON_CA0029L9T001204_086","CA0029L9T001204","FAMILY SUPPORTIVE HOUSING, INC.","CA","2015-10-05",NA,-9152
260029250,"ASST_NON_CA0206L9T061205_086","CA0206L9T061205","COMMUNITY HOMELESS SOLUTIONS","CA","2015-10-05",NA,12959
260021040,"ASST_NON_CA0089L9T021205_086","CA0089L9T021205","ALAMEDA COUNTY HOUSING & COMMUNITY DEVELOPMENT","CA","2015-10-05",NA,1828
260029236,"ASST_NON_CA0205L9T061205_086","CA0205L9T061205","COMMUNITY HOMELESS SOLUTIONS","CA","2015-10-05",NA,-66192
260029401,"ASST_NON_CA0215L9T071205_086","CA0215L9T071205","HOMEWARD BOUND OF MARIN","CA","2015-10-05",NA,48906
260021874,"ASST_NON_CA0099L9T021205_086","CA0099L9T021205","ALAMEDA COUNTY HOUSING & COMMUNITY DEVELOPMENT","CA","2015-10-05",NA,6947
260029236,"ASST_NON_CA0205L9T061205_086","CA0205L9T061205","COMMUNITY HOMELESS SOLUTIONS","CA","2015-10-05",NA,66192
260014331,"ASST_NON_CA0028L9T001205_086","CA0028L9T001205","FAMILY SUPPORTIVE HOUSING, INC.","CA","2015-10-05",NA,22630
260029516,"ASST_NON_CA0218L9T071205_086","CA0218L9T071205","HOMEWARD BOUND OF MARIN","CA","2015-10-05",NA,-31664
260014239,"ASST_NON_CA0024L9T001205_086","CA0024L9T001205","FAMILY SUPPORTIVE HOUSING, INC.","CA","2015-10-05",NA,-2528
260030847,"ASST_NON_CA0234L9T081205_086","CA0234L9T081205","HOUSING AUTHORITY OF THE COUNTY OF SANTA CRUZ","CA","2015-10-05",NA,-81158
260014246,"ASST_NON_CA0025L9T001205_086","CA0025L9T001205","FAMILY SUPPORTIVE HOUSING, INC.","CA","2015-10-05",NA,6699
260021040,"ASST_NON_CA0089L9T021205_086","CA0089L9T021205","ALAMEDA COUNTY HOUSING & COMMUNITY DEVELOPMENT","CA","2015-10-05",NA,-1828
260029250,"ASST_NON_CA0206L9T061205_086","CA0206L9T061205","COMMUNITY HOMELESS SOLUTIONS","CA","2015-10-05",NA,-12959
260023849,"ASST_NON_CA0125L9T021205_086","CA0125L9T021205","ALAMEDA COUNTY HOUSING & COMMUNITY DEVELOPMENT","CA","2015-10-05",NA,-8194
260020899,"ASST_NON_CA0083L9T021205_086","CA0083L9T021205","ALAMEDA COUNTY HOUSING & COMMUNITY DEVELOPMENT","CA","2015-10-05",NA,-51974
260021874,"ASST_NON_CA0099L9T021205_086","CA0099L9T021205","ALAMEDA COUNTY HOUSING & COMMUNITY DEVELOPMENT","CA","2015-10-05",NA,-6947
260029401,"ASST_NON_CA0215L9T071205_086","CA0215L9T071205","HOMEWARD BOUND OF MARIN","CA","2015-10-05",NA,-48906
260014246,"ASST_NON_CA0025L9T001205_086","CA0025L9T001205","FAMILY SUPPORTIVE HOUSING, INC.","CA","2015-10-05",NA,-6699
260020899,"ASST_NON_CA0083L9T021205_086","CA0083L9T021205","ALAMEDA COUNTY HOUSING & COMMUNITY DEVELOPMENT","CA","2015-10-05",NA,51974
260014331,"ASST_NON_CA0028L9T001205_086","CA0028L9T001205","FAMILY SUPPORTIVE HOUSING, INC.","CA","2015-10-05",NA,-22630
260029516,"ASST_NON_CA0218L9T071205_086","CA0218L9T071205","HOMEWARD BOUND OF MARIN","CA","2015-10-05",NA,31664
260058761,"ASST_NON_CA0764L9T121204_086","CA0764L9T121204","HOUSING AUTHORITY OF COUNTY OF SAN M","CA","2015-10-05",NA,18420
260030331,"ASST_NON_CA0227L9T081205_086","CA0227L9T081205","HOUSING AUTHORITY OF THE COUNTY OF SANTA CRUZ","CA","2015-10-05",NA,3348
260029222,"ASST_NON_CA0204L9T061205_086","CA0204L9T061205","COMMUNITY HOMELESS SOLUTIONS","CA","2015-10-05",NA,-351
260022650,"ASST_NON_CA0110L9T021205_086","CA0110L9T021205","ALAMEDA COUNTY HOUSING & COMMUNITY DEVELOPMENT","CA","2015-10-05",NA,-12758
260014339,"ASST_NON_CA0029L9T001204_086","CA0029L9T001204","FAMILY SUPPORTIVE HOUSING, INC.","CA","2015-10-05",NA,9152
260020960,"ASST_NON_CA0087L9T021205_086","CA0087L9T021205","ALAMEDA COUNTY HOUSING & COMMUNITY DEVELOPMENT","CA","2015-10-05",NA,18196
260014239,"ASST_NON_CA0024L9T001205_086","CA0024L9T001205","FAMILY SUPPORTIVE HOUSING, INC.","CA","2015-10-05",NA,2528
260058761,"ASST_NON_CA0764L9T121204_086","CA0764L9T121204","HOUSING AUTHORITY OF COUNTY OF SAN M","CA","2015-10-05",NA,-18420
260073560,"ASST_NON_CA1154L9T041201_086","CA1154L9T041201","SONOMA COUNTY COMMUNITY DEVELOPMENT COMMISSION","CA","2015-10-06",NA,12736
260068368,"ASST_NON_CA1037L9T101202_086","CA1037L9T101202","STANISLAUS COUNTY AFFORDABLE HOUSING CORP","CA","2015-10-06",NA,57589
260073559,"ASST_NON_CA1153L9T041201_086","CA1153L9T041201","SONOMA COUNTY COMMUNITY DEVELOPMENT COMMISSION","CA","2015-10-06",NA,-9939
260073560,"ASST_NON_CA1154L9T041201_086","CA1154L9T041201","SONOMA COUNTY COMMUNITY DEVELOPMENT COMMISSION","CA","2015-10-06",NA,-12736
260068382,"ASST_NON_CA1038L9T101202_086","CA1038L9T101202","THE SALVATION ARMY","CA","2015-10-06",NA,-2277
260068368,"ASST_NON_CA1037L9T101202_086","CA1037L9T101202","STANISLAUS COUNTY AFFORDABLE HOUSING CORP","CA","2015-10-06",NA,-57589
260064238,"ASST_NON_CA0891L9T041203_086","CA0891L9T041203","SONOMA COUNTY COMMUNITY DEVELOPMENT COMMISSION","CA","2015-10-06",NA,14807
260073559,"ASST_NON_CA1153L9T041201_086","CA1153L9T041201","SONOMA COUNTY COMMUNITY DEVELOPMENT COMMISSION","CA","2015-10-06",NA,9939
260064238,"ASST_NON_CA0891L9T041203_086","CA0891L9T041203","SONOMA COUNTY COMMUNITY DEVELOPMENT COMMISSION","CA","2015-10-06",NA,-14807
260068382,"ASST_NON_CA1038L9T101202_086","CA1038L9T101202","THE SALVATION ARMY","CA","2015-10-06",NA,2277
260072979,"ASST_NON_CA1147L9T011201_086","CA1147L9T011201","CITY & COUNTY OF SAN FRANCISCO","CA","2015-10-06",NA,45678
260073039,"ASST_NON_CA1149L9T011201_086","CA1149L9T011201","CITY & COUNTY OF SAN FRANCISCO","CA","2015-10-06",NA,-86641
260070069,"ASST_NON_CA1062L9T011201_086","CA1062L9T011201","CITY & COUNTY OF SAN FRANCISCO","CA","2015-10-06",NA,-2476
260070069,"ASST_NON_CA1062L9T011201_086","CA1062L9T011201","CITY & COUNTY OF SAN FRANCISCO","CA","2015-10-06",NA,2476
260072979,"ASST_NON_CA1147L9T011201_086","CA1147L9T011201","CITY & COUNTY OF SAN FRANCISCO","CA","2015-10-06",NA,-45678
260073034,"ASST_NON_CA1148L9T011201_086","CA1148L9T011201","CITY & COUNTY OF SAN FRANCISCO","CA","2015-10-06",NA,10913
260073039,"ASST_NON_CA1149L9T011201_086","CA1149L9T011201","CITY & COUNTY OF SAN FRANCISCO","CA","2015-10-06",NA,86641
260073034,"ASST_NON_CA1148L9T011201_086","CA1148L9T011201","CITY & COUNTY OF SAN FRANCISCO","CA","2015-10-06",NA,-10913
260066732,"ASST_NON_CA0953L9T021201_086","CA0953L9T021201","ABODE SERVICES","CA","2015-10-06",NA,-39783
260068821,"ASST_NON_CA1044L9T191202_086","CA1044L9T191202","HOUSING AUTHORITY OF THE COUNTY OF BUTTE","CA","2015-10-06",NA,-27248
260066732,"ASST_NON_CA0953L9T021201_086","CA0953L9T021201","ABODE SERVICES","CA","2015-10-06",NA,39783
260068821,"ASST_NON_CA1044L9T191202_086","CA1044L9T191202","HOUSING AUTHORITY OF THE COUNTY OF BUTTE","CA","2015-10-06",NA,27248
260064382,"ASST_NON_CA0908L9T191203_086","CA0908L9T191203","BUTTE COUNTY BEHAVIORAL HEALTH","CA","2015-10-06",NA,11008
260064382,"ASST_NON_CA0908L9T191203_086","CA0908L9T191203","BUTTE COUNTY BEHAVIORAL HEALTH","CA","2015-10-06",NA,-11008
260071834,"ASST_NON_CA1093L9T151201_086","CA1093L9T151201","COUNTY OF NEVADA","CA","2015-10-06",NA,13174
260071834,"ASST_NON_CA1093L9T151201_086","CA1093L9T151201","COUNTY OF NEVADA","CA","2015-10-06",NA,-13174
260067494,"ASST_NON_CA0981L9T181201_086","CA0981L9T181201","CAMINAR","CA","2015-10-06",NA,25865
260068330,"ASST_NON_CA1032L9T001202_086","CA1032L9T001202","BILL WILSON CENTER","CA","2015-10-06",NA,-5569
260068330,"ASST_NON_CA1032L9T001202_086","CA1032L9T001202","BILL WILSON CENTER","CA","2015-10-06",NA,5569
260064288,"ASST_NON_CA0896L9T101203_086","CA0896L9T101203","COMMUNITY IMPACT CENTRAL VALLEY","CA","2015-10-06",NA,29392
260064311,"ASST_NON_CA0899L9T101203_086","CA0899L9T101203","COMMUNITY IMPACT CENTRAL VALLEY","CA","2015-10-06",NA,-75899
260067494,"ASST_NON_CA0981L9T181201_086","CA0981L9T181201","CAMINAR","CA","2015-10-06",NA,-25865
260064303,"ASST_NON_CA0897L9T101203_086","CA0897L9T101203","COMMUNITY HOUSING AND SHELTER SERVICES OF STANISLAUS COUNTY","CA","2015-10-06",NA,1386
260064303,"ASST_NON_CA0897L9T101203_086","CA0897L9T101203","COMMUNITY HOUSING AND SHELTER SERVICES OF STANISLAUS COUNTY","CA","2015-10-06",NA,-1386
260064288,"ASST_NON_CA0896L9T101203_086","CA0896L9T101203","COMMUNITY IMPACT CENTRAL VALLEY","CA","2015-10-06",NA,-29392
260064311,"ASST_NON_CA0899L9T101203_086","CA0899L9T101203","COMMUNITY IMPACT CENTRAL VALLEY","CA","2015-10-06",NA,75899
260068817,"ASST_NON_CA1042L9T171202_086","CA1042L9T171202","THE HOUSING DEVELOPMENT CORPORATION OF THE CITY OF NAPA","CA","2015-10-06",NA,4769
260068817,"ASST_NON_CA1042L9T171202_086","CA1042L9T171202","THE HOUSING DEVELOPMENT CORPORATION OF THE CITY OF NAPA","CA","2015-10-06",NA,-4769
260068819,"ASST_NON_CA1043L9T171202_086","CA1043L9T171202","THE HOUSING DEVELOPMENT CORPORATION OF THE CITY OF NAPA","CA","2015-10-06",NA,4461
260068819,"ASST_NON_CA1043L9T171202_086","CA1043L9T171202","THE HOUSING DEVELOPMENT CORPORATION OF THE CITY OF NAPA","CA","2015-10-06",NA,-4461
260068803,"ASST_NON_CA1041L9T161202_086","CA1041L9T161202","NORTHERN VALLEY CATHOLIC SOCIAL SERVICE, INC.","CA","2015-10-06",NA,31666
260068803,"ASST_NON_CA1041L9T161202_086","CA1041L9T161202","NORTHERN VALLEY CATHOLIC SOCIAL SERVICE, INC.","CA","2015-10-06",NA,-31666
260070148,"ASST_NON_CA1069L9T041201_086","CA1069L9T041201","COMMITTEE ON THE SHELTERLESS","CA","2015-10-06",NA,-38903
260073546,"ASST_NON_CA1152L9T031201_086","CA1152L9T031201","SACRAMENTO STEPS FORWARD","CA","2015-10-06",NA,84586
260070148,"ASST_NON_CA1069L9T041201_086","CA1069L9T041201","COMMITTEE ON THE SHELTERLESS","CA","2015-10-06",NA,38903
260073546,"ASST_NON_CA1152L9T031201_086","CA1152L9T031201","SACRAMENTO STEPS FORWARD","CA","2015-10-06",NA,-84586
260064316,"ASST_NON_CA0900L9T101203_086","CA0900L9T101203","TURNING POINT COMMUNITY PROGRAMS","CA","2015-10-06",NA,-26632
260064251,"ASST_NON_CA0892L9T051203_086","CA0892L9T051203","HOUSING AUTHORITY OF CONTRA COSTA COUNTY","CA","2015-10-06",NA,-12845
260064316,"ASST_NON_CA0900L9T101203_086","CA0900L9T101203","TURNING POINT COMMUNITY PROGRAMS","CA","2015-10-06",NA,26632
260073561,"ASST_NON_CA1155L9T051201_086","CA1155L9T051201","HOUSING AUTHORITY OF CONTRA COSTA COUNTY","CA","2015-10-06",NA,21816
260073561,"ASST_NON_CA1155L9T051201_086","CA1155L9T051201","HOUSING AUTHORITY OF CONTRA COSTA COUNTY","CA","2015-10-06",NA,-21816
260064251,"ASST_NON_CA0892L9T051203_086","CA0892L9T051203","HOUSING AUTHORITY OF CONTRA COSTA COUNTY","CA","2015-10-06",NA,12845
260064355,"ASST_NON_CA0904L9T121203_086","CA0904L9T121203","HOUSING AUTHORITY OF COUNTY OF SAN M","CA","2015-10-06",NA,2385
260068365,"ASST_NON_CA1035L9T081202_086","CA1035L9T081202","HOUSING AUTHORITY OF THE COUNTY OF SANTA CRUZ","CA","2015-10-06",NA,15667
260073529,"ASST_NON_CA1150L9T021201_086","CA1150L9T021201","ALAMEDA COUNTY HOUSING & COMMUNITY DEVELOPMENT","CA","2015-10-06",NA,-91471
260064355,"ASST_NON_CA0904L9T121203_086","CA0904L9T121203","HOUSING AUTHORITY OF COUNTY OF SAN M","CA","2015-10-06",NA,-2385
260073532,"ASST_NON_CA1151L9T021201_086","CA1151L9T021201","ALAMEDA COUNTY HOUSING & COMMUNITY DEVELOPMENT","CA","2015-10-06",NA,-95067
260068799,"ASST_NON_CA1040L9T121202_086","CA1040L9T121202","HOUSING AUTHORITY OF COUNTY OF SAN M","CA","2015-10-06",NA,24162
260073529,"ASST_NON_CA1150L9T021201_086","CA1150L9T021201","ALAMEDA COUNTY HOUSING & COMMUNITY DEVELOPMENT","CA","2015-10-06",NA,91471
260068365,"ASST_NON_CA1035L9T081202_086","CA1035L9T081202","HOUSING AUTHORITY OF THE COUNTY OF SANTA CRUZ","CA","2015-10-06",NA,-15667
260073532,"ASST_NON_CA1151L9T021201_086","CA1151L9T021201","ALAMEDA COUNTY HOUSING & COMMUNITY DEVELOPMENT","CA","2015-10-06",NA,95067
260068799,"ASST_NON_CA1040L9T121202_086","CA1040L9T121202","HOUSING AUTHORITY OF COUNTY OF SAN M","CA","2015-10-06",NA,-24162
260080593,"ASST_NON_CA1363L9D071400_086","CA1363L9D071400","CITY OF PASADENA","CA","2015-10-15","2015-10-15101600742024",859044
260080586,"ASST_NON_CA1360L9D071400_086","CA1360L9D071400","CITY OF PASADENA","CA","2015-10-15","2015-10-15101600741948",35092
260075883,"ASST_NON_CA1218L9D001301_086","CA1218L9D001301","LOS ANGELES COUNTY DEVELOPMENT AUTHORITY LACDA","CA","2015-10-19","2015-10-19101900054998",-73024
260075895,"ASST_NON_CA1219L9D001301_086","CA1219L9D001301","LOS ANGELES COUNTY DEVELOPMENT AUTHORITY LACDA","CA","2015-10-19","2015-10-19101900054994",-254474
260057683,"ASST_NON_CA0742L9D001306_086","CA0742L9D001306","LOS ANGELES COUNTY DEVELOPMENT AUTHORITY LACDA","CA","2015-10-19","2015-10-19101900054988",-232793
260042254,"ASST_NON_CA0450L9D001407_086","CA0450L9D001407","LOS ANGELES HOMELESS SERVICES AUTHORITY","CA","2015-10-19","2015-10-19101900055488",97479
260056899,"ASST_NON_CA0731L9D121306_086","CA0731L9D121306","CITY OF GLENDALE","CA","2015-10-19","2015-10-19101900055002",-4045.84
260081036,"ASST_NON_CA1375L9D121400_086","CA1375L9D121400","CITY OF GLENDALE","CA","2015-10-19","2015-10-19101900055521",46515
260081023,"ASST_NON_CA1372L9D111400_086","CA1372L9D111400","COUNTY OF VENTURA","CA","2015-10-21","2015-10-21102100025169",37914
260073586,"ASST_NON_CA1158L9D001302_086","CA1158L9D001302","LOS ANGELES COUNTY DEVELOPMENT AUTHORITY LACDA","CA","2015-10-21","2015-10-21102100024944",-128455
260073599,"ASST_NON_CA1159L9D001302_086","CA1159L9D001302","LOS ANGELES COUNTY DEVELOPMENT AUTHORITY LACDA","CA","2015-10-21","2015-10-21102100024930",-15476
260068831,"ASST_NON_CA1046L9D001303_086","CA1046L9D001303","LOS ANGELES COUNTY DEVELOPMENT AUTHORITY LACDA","CA","2015-10-21","2015-10-21102100024925",-651746
260068845,"ASST_NON_CA1047L9D001303_086","CA1047L9D001303","LOS ANGELES COUNTY DEVELOPMENT AUTHORITY LACDA","CA","2015-10-21","2015-10-21102100024915",-60422
260038650,"ASST_NON_CA0359L9D001306_086","CA0359L9D001306","CITY OF SANTA MONICA","CA","2015-10-21","2015-10-21102100024941",-108307
260039295,"ASST_NON_CA0360L9D001306_086","CA0360L9D001306","CITY OF SANTA MONICA","CA","2015-10-21","2015-10-21102100024936",-26056
260044513,"ASST_NON_CA0534L9D011306_086","CA0534L9D011306","SAN DIEGO HOUSING COMMISSION","CA","2015-10-21","2015-10-21102100024921",-205928.66
260046304,"ASST_NON_CA0578L9D021306_086","CA0578L9D021306","MERCY HOUSE LIVING CENTERS","CA","2015-10-21","2015-10-21102100024931",-11505
260069622,"ASST_NON_CA1057L9D121303_086","CA1057L9D121303","CITY OF GLENDALE","CA","2015-10-21","2015-10-21102100024953",-6285.44
260065853,"ASST_NON_CA0944L9D011304_086","CA0944L9D011304","INTERFAITH COMMUNITY SERVICES, INC","CA","2015-10-21","2015-10-21102100024946",-3653
260045167,"ASST_NON_CA0558L9D021202_086","CA0558L9D021202","FAMILY ASSISTANCE MINISTRIES","CA","2015-10-26","2015-10-26102600055053",-20450
260079133,"ASST_NON_CA1306L9T051400_086","CA1306L9T051400","COUNTY OF CONTRA COSTA","CA","2015-10-26","2015-10-26102600053397",132682
260037633,"ASST_NON_CA0338L9D001205_086","CA0338L9D001205","SOUTHERN CALIFORNIA ALCOHOL AND DRUG PROGRAMS, INC.","CA","2015-10-26","2015-10-26102600055132",-6780
260043464,"ASST_NON_CA0506L9D001205_086","CA0506L9D001205","TARZANA TREATMENT CENTERS, INC.","CA","2015-10-26","2015-10-26102600055255",-5357
260048772,"ASST_NON_CA0618L9D051205_086","CA0618L9D051205","HOUSING AUTHORITY OF CITY OF SAN BUE","CA","2015-10-26","2015-10-26102600055028",-8985.27
260055022,"ASST_NON_CA0705L9D011205_086","CA0705L9D011205","MENTAL HEALTH SYSTEMS, INC.","CA","2015-10-26","2015-10-26102600055201",-338
260040885,"ASST_NON_CA0436L9D001205_086","CA0436L9D001205","CITY OF POMONA","CA","2015-10-26","2015-10-26102600055069",-24277.38
260040825,"ASST_NON_CA0431L9D001205_086","CA0431L9D001205","UNITED FRIENDS OF THE CHILDREN","CA","2015-10-26","2015-10-26102600055074",-3788
260052226,"ASST_NON_CA0661L9D071205_086","CA0661L9D071205","PACIFIC CLINICS","CA","2015-10-26","2015-10-26102600055191",-41864.21
260065248,"ASST_NON_CA0938L9D091203_086","CA0938L9D091203","CENTRAL CITY LUTHERAN MISSION","CA","2015-10-26","2015-10-26102600055149",-1638
260047062,"ASST_NON_CA0596L9D031205_086","CA0596L9D031205","COUNTY OF SANTA BARBARA","CA","2015-10-26","2015-10-26102600055037",-29286
260060876,"ASST_NON_CA0809L9D021204_086","CA0809L9D021204","WISEPLACE","CA","2015-10-26","2015-10-26102600055225",-69896
260065151,"ASST_NON_CA0933L9D071203_086","CA0933L9D071203","CITY OF PASADENA","CA","2015-10-26","2015-10-26102600055258",-19294
260052232,"ASST_NON_CA0662L9D071205_086","CA0662L9D071205","CITY OF PASADENA","CA","2015-10-26","2015-10-26102600055195",-61132
260051776,"ASST_NON_CA0656L9D071205_086","CA0656L9D071205","CITY OF PASADENA","CA","2015-10-26","2015-10-26102600055183",-9054
260048096,"ASST_NON_CA0603L9D031205_086","CA0603L9D031205","HOUSING AUTHORITY OF THE CITY OF SANTA BARBARA","CA","2015-10-26","2015-10-26102600055043",-99791
260051788,"ASST_NON_CA0658L9D071205_086","CA0658L9D071205","CITY OF PASADENA","CA","2015-10-26","2015-10-26102600055251",-15725
260051762,"ASST_NON_CA0655L9D071205_086","CA0655L9D071205","CITY OF PASADENA","CA","2015-10-26","2015-10-26102600055290",-9110
260051757,"ASST_NON_CA0654L9D071205_086","CA0654L9D071205","CITY OF PASADENA","CA","2015-10-26","2015-10-26102600055033",-2173
260080430,"ASST_NON_CA1348L9D011400_086","CA1348L9D011400","ST. VINCENT DE PAUL VILLAGE, INC.","CA","2015-10-26","2015-10-26102600056157",663486
260055549,"ASST_NON_CA0717L9D111205_086","CA0717L9D111205","CITY OF OXNARD","CA","2015-10-26","2015-10-26102600055206",-2282.12
260042558,"ASST_NON_CA0478L9D001205_086","CA0478L9D001205","A COMMUNITY OF FRIENDS","CA","2015-10-26","2015-10-26102600055160",-44678
260037506,"ASST_NON_CA0331L9D001205_086","CA0331L9D001205","A COMMUNITY OF FRIENDS","CA","2015-10-26","2015-10-26102600055141",-52142
260057666,"ASST_NON_CA0740L9D141205_086","CA0740L9D141205","COUNTY OF SAN LUIS OBISPO","CA","2015-10-26","2015-10-26102600055211",-15638.37
260040097,"ASST_NON_CA0401L9D001205_086","CA0401L9D001205","STEP UP ON SECOND STREET, INC.","CA","2015-10-26","2015-10-26102600055270",-2416
260040900,"ASST_NON_CA0438L9D001205_086","CA0438L9D001205","HOUSING AUTHORITY OF THE CITY OF LOS ANGELES","CA","2015-10-26","2015-10-26102600055065",-106881.12
260060261,"ASST_NON_CA0799L9D001204_086","CA0799L9D001204","HOUSING AUTHORITY OF THE CITY OF LOS ANGELES","CA","2015-10-26","2015-10-26102600055221",-137918.82
260064632,"ASST_NON_CA0923L9D001203_086","CA0923L9D001203","HOUSING AUTHORITY OF THE CITY OF LOS ANGELES","CA","2015-10-26","2015-10-26102600055273",-213775.62
260040178,"ASST_NON_CA0408L9D001205_086","CA0408L9D001205","HOUSING AUTHORITY OF THE CITY OF LOS ANGELES","CA","2015-10-26","2015-10-26102600055061",-66460.76
260041606,"ASST_NON_CA0445L9D001205_086","CA0445L9D001205","HOUSING AUTHORITY OF THE CITY OF LOS ANGELES","CA","2015-10-26","2015-10-26102600055086",-36968.84
260040137,"ASST_NON_CA0405L9D001205_086","CA0405L9D001205","HOUSING AUTHORITY OF THE CITY OF LOS ANGELES","CA","2015-10-26","2015-10-26102600055238",-1381033.12
260060245,"ASST_NON_CA0798L9D001204_086","CA0798L9D001204","HOUSING AUTHORITY OF THE CITY OF LOS ANGELES","CA","2015-10-26","2015-10-26102600055216",-334838.83
260042501,"ASST_NON_CA0473L9D001205_086","CA0473L9D001205","HOUSING AUTHORITY OF THE CITY OF LOS ANGELES","CA","2015-10-26","2015-10-26102600055171",-833736.38
260064624,"ASST_NON_CA0921L9D001203_086","CA0921L9D001203","HOUSING AUTHORITY OF THE CITY OF LOS ANGELES","CA","2015-10-26","2015-10-26102600055079",-38185.25
260039651,"ASST_NON_CA0392L9D001205_086","CA0392L9D001205","HOUSING AUTHORITY OF THE CITY OF LOS ANGELES","CA","2015-10-26","2015-10-26102600055127",-96204.09
260042518,"ASST_NON_CA0474L9D001205_086","CA0474L9D001205","HOUSING AUTHORITY OF THE CITY OF LOS ANGELES","CA","2015-10-26","2015-10-26102600055166",-430372.91
260064454,"ASST_NON_CA0917L9D001203_086","CA0917L9D001203","HOUSING AUTHORITY OF THE CITY OF LOS ANGELES","CA","2015-10-26","2015-10-26102600055234",-155164.84
260041589,"ASST_NON_CA0444L9D001205_086","CA0444L9D001205","HOUSING AUTHORITY OF THE CITY OF LOS ANGELES","CA","2015-10-26","2015-10-26102600055095",-82647.17
260069561,"ASST_NON_CA1051L9D001202_086","CA1051L9D001202","HOUSING AUTHORITY OF THE CITY OF LOS ANGELES","CA","2015-10-26","2015-10-26102600055145",-256578
260042493,"ASST_NON_CA0472L9D001205_086","CA0472L9D001205","HOUSING AUTHORITY OF THE CITY OF LOS ANGELES","CA","2015-10-26","2015-10-26102600055175",-267440.53
260064609,"ASST_NON_CA0920L9D001203_086","CA0920L9D001203","HOUSING AUTHORITY OF THE CITY OF LOS ANGELES","CA","2015-10-26","2015-10-26102600055022",-296293.35
260064439,"ASST_NON_CA0916L9D001203_086","CA0916L9D001203","HOUSING AUTHORITY OF THE CITY OF LOS ANGELES","CA","2015-10-26","2015-10-26102600055229",-146223.59
260043590,"ASST_NON_CA0519L9D001205_086","CA0519L9D001205","HOUSING AUTHORITY OF THE CITY OF LOS ANGELES","CA","2015-10-26","2015-10-26102600055050",-54464.03
260042408,"ASST_NON_CA0464L9D001205_086","CA0464L9D001205","HOUSING AUTHORITY OF THE CITY OF LOS ANGELES","CA","2015-10-26","2015-10-26102600055242",-1197655.82
260039690,"ASST_NON_CA0395L9D001205_086","CA0395L9D001205","HOUSING AUTHORITY OF THE CITY OF LOS ANGELES","CA","2015-10-26","2015-10-26102600055122",-681078.06
260037555,"ASST_NON_CA0336L9D001205_086","CA0336L9D001205","HOUSING AUTHORITY OF THE CITY OF LOS ANGELES","CA","2015-10-26","2015-10-26102600055265",-833363.77
260046360,"ASST_NON_CA0582L9D021205_086","CA0582L9D021205","SOUTH COUNTY OUTREACH","CA","2015-10-26","2015-10-26102600055056",-34942
260025623,"ASST_NON_CA0195L9T051407_086","CA0195L9T051407","HOUSING AUTHORITY OF CONTRA COSTA COUNTY","CA","2015-10-29","2015-10-29102900029035",816035
260080429,"ASST_NON_CA1347L9D011400_086","CA1347L9D011400","REGIONAL TASK FORCE ON THE HOMELESS, INC","CA","2015-10-30","2015-10-30103000058442",197508
260079092,"ASST_NON_CA1298L9T021400_086","CA1298L9T021400","ALAMEDA COUNTY HOUSING & COMMUNITY DEVELOPMENT","CA","2015-11-04","2015-11-04110400041756",544728
260080323,"ASST_NON_CA1335L9D001400_086","CA1335L9D001400","LOS ANGELES HOMELESS SERVICES AUTHORITY","CA","2015-11-06","2015-11-06110600037120",637422
260080322,"ASST_NON_CA1334L9D001400_086","CA1334L9D001400","LOS ANGELES HOMELESS SERVICES AUTHORITY","CA","2015-11-06","2015-11-06110600037124",250000
260079072,"ASST_NON_CA1293L9T001400_086","CA1293L9T001400","COUNTY OF SANTA CLARA","CA","2015-11-10","2015-11-10111000086825",2077367
260079068,"ASST_NON_CA1292L9T001400_086","CA1292L9T001400","YWCA GOLDEN GATE SILICON VALLEY","CA","2015-11-13","2015-11-13111300032107",470804
260080636,"ASST_NON_CA1369L9D091400_086","CA1369L9D091400","COUNTY OF SAN BERNARDINO","CA","2015-11-13","2015-11-13111300033537",124163
260080309,"ASST_NON_CA1330L9T221400_086","CA1330L9T221400","DEPARTMENT OF HEALTH & HUMAN S","CA","2015-11-20","2015-11-20112000035488",9149
260081034,"ASST_NON_CA1373L9D111400_086","CA1373L9D111400","COUNTY OF VENTURA","CA","2015-11-25","2015-11-25112500037929",37152
260079181,"ASST_NON_CA1314L9T121400_086","CA1314L9T121400","SAN MATEO, COUNTY OF","CA","2015-12-01","2015-12-01120100006051",78626
260079108,"ASST_NON_CA1302L9T031400_086","CA1302L9T031400","SACRAMENTO STEPS FORWARD","CA","2015-12-02","2015-12-02120200483659",481400
260079091,"ASST_NON_CA1297L9T011400_086","CA1297L9T011400","CITY & COUNTY OF SAN FRANCISCO","CA","2015-12-08","2015-12-08120800083970",250000
260066711,"ASST_NON_CA0951L9T001403_086","CA0951L9T001403","COUNTY OF SANTA CLARA","CA","2015-12-14","2015-12-14121400024663",180543
260076321,"ASST_NON_CA1221L9D081301_086","CA1221L9D081301","RIVERSIDE, COUNTY OF","CA","2015-12-17","2015-12-17121700067255",-13820.03
260053649,"ASST_NON_CA0683L9D081306_086","CA0683L9D081306","RIVERSIDE, COUNTY OF","CA","2015-12-17","2015-12-17121700067260",-112197.52
260063560,"ASST_NON_CA0875L9D081302_086","CA0875L9D081302","RIVERSIDE, COUNTY OF","CA","2015-12-17","2015-12-17121700067268",-8397.74
260011776,"ASST_NON_CA0000U9D061301_086","CA0000U9D061301","CITY OF LONG BEACH","CA","2015-12-17","2015-12-17121700067692",-88723
260011776,"ASST_NON_CA0000U9D061301_086","CA0000U9D061301","CITY OF LONG BEACH","CA","2015-12-17","2015-12-17121700067265",-221188
260064342,"ASST_NON_CA0903L9T121405_086","CA0903L9T121405","LIFEMOVES","CA","2015-12-17","2015-12-17121700063837",14607
260040284,"ASST_NON_CA0415L9D001306_086","CA0415L9D001306","CITY OF SANTA MONICA","CA","2015-12-17","2015-12-17121700067250",-192777
260034512,"ASST_NON_CA0281L9T141407_086","CA0281L9T141407","HOUSING AUTHORITY OF THE CITY OF FRESNO","CA","2015-12-21","2015-12-21122100046902",672267
260080334,"ASST_NON_CA1336L9D001400_086","CA1336L9D001400","LOS ANGELES HOMELESS SERVICES AUTHORITY","CA","2015-12-29","2015-12-29122900024324",383295
260080426,"ASST_NON_CA1346L9D001400_086","CA1346L9D001400","LOS ANGELES HOMELESS SERVICES AUTHORITY","CA","2015-12-29","2015-12-29122900024367",436790
260080311,"ASST_NON_CA1332L9T261400_086","CA1332L9T261400","AMADOR TUOLUMNE COMMUNITY ACTION AGENCY","CA","2015-12-29","2015-12-29122900023313",17136
260069615,"ASST_NON_CA1056L9D081303_086","CA1056L9D081303","RIVERSIDE, COUNTY OF","CA","2015-12-30","2015-12-30123000026008",-73541.67
260052263,"ASST_NON_CA0665L9D081303_086","CA0665L9D081303","RIVERSIDE, COUNTY OF","CA","2015-12-30","2015-12-30123000026004",-35693.84
260053628,"ASST_NON_CA0680L9D081306_086","CA0680L9D081306","RIVERSIDE, COUNTY OF","CA","2015-12-30","2015-12-30123000025982",-91367.79
260079694,"ASST_NON_CA1322L9T151400_086","CA1322L9T151400","ADVOCATES FOR MENTALLY ILL HOUSING INC","CA","2015-12-30","2015-12-30123000025170",20698
260143871,"ASST_NON_CA9900U5E031300_086","CA9900U5E031300","CITY OF LONG BEACH","CA","2015-12-30","2015-12-30123000026237",-147155
260072823,"ASST_NON_CA1120L9D021301_086","CA1120L9D021301","MERCY HOUSE LIVING CENTERS","CA","2015-12-30","2015-12-30123000026002",-19198
260076612,"ASST_NON_CA1238L9D021300_086","CA1238L9D021300","MERCY HOUSE LIVING CENTERS","CA","2015-12-30","2015-12-30123000025975",-61887
260076616,"ASST_NON_CA1239L9D111300_086","CA1239L9D111300","TURNING POINT FOUNDATION","CA","2015-12-30","2015-12-30123000025990",-1532
260079076,"ASST_NON_CA1295L9T011400_086","CA1295L9T011400","CITY & COUNTY OF SAN FRANCISCO","CA","2015-12-31","2015-12-31123100044065",182810
