"internal_id","generated_internal_id","award_id","recipient_name","recipient_state","action_date","modification_number","federal_action_obligation"
260095120,"ASST_NON_CA1681L9T271700_086","CA1681L9T271700","EMPOWER TEHAMA","CA","2019-01-30","2019-01-30190300038364",5524
260093343,"ASST_NON_CA1673L9T191700_086","CA1673L9T191700","COMMUNITY ACTION AGENCY OF BUTTE COUNTY, INC.","CA","2019-01-30","2019-01-30190300038368",17105
260074444,"ASST_NON_CA1183L9T131805_086","CA1183L9T131805","KINGS COMMUNITY ACTION ORGANIZATION, INCORPORATED","CA","2019-01-31","2019-01-31190310076700",84523
260064231,"ASST_NON_CA0890L9T041809_086","CA0890L9T041809","SONOMA COUNTY COMMUNITY DEVELOPMENT COMMISSION","CA","2019-01-31","2019-01-31190310077768",74186
260066837,"ASST_NON_CA0965L9T101805_086","CA0965L9T101805","STANISLAUS COUNTY AFFORDABLE HOUSING CORP","CA","2019-01-31","2019-01-31190310077630",74468
260093336,"ASST_NON_CA1671L9T181801_086","CA1671L9T181801","CHANGE AND NEW BEGINNINGS","CA","2019-01-31","2019-01-31190310075639",38195
260025308,"ASST_NON_CA0170L9T041811_086","CA0170L9T041811","SONOMA COUNTY COMMUNITY DEVELOPMENT COMMISSION","CA","2019-01-31","2019-01-31190310076525",853874
260093285,"ASST_NON_CA1649L9T041801_086","CA1649L9T041801","SONOMA COUNTY COMMUNITY DEVELOPMENT COMMISSION","CA","2019-01-31","2019-01-31190310075682",240014
260021791,"ASST_NON_CA0091L9T021811_086","CA0091L9T021811","BONITA HOUSE, INC.","CA","2019-01-31","2019-01-31190310077012",40897
260093349,"ASST_NON_CA1679L9T241700_086","CA1679L9T241700","SUTTER YUBA HOMELESS CONSORTIUM","CA","2019-01-31","2019-01-31190310075364",2490
260025469,"ASST_NON_CA0189L9T051810_086","CA0189L9T051810","COUNTY OF CONTRA COSTA","CA","2019-01-31","2019-01-31190310076439",274726
260084775,"ASST_NON_CA1548L9T051802_086","CA1548L9T051802","COUNTY OF CONTRA COSTA","CA","2019-01-31","2019-01-31190310075928",666691
260093223,"ASST_NON_CA1633L9T131802_086","CA1633L9T131802","KINGS COMMUNITY ACTION ORGANIZATION, INCORPORATED","CA","2019-01-31","2019-01-31190310075717",108220
260081151,"ASST_NON_CA1382L9T001803_086","CA1382L9T001803","YWCA GOLDEN GATE SILICON VALLEY","CA","2019-01-31","2019-01-31190310076174",423078
260068357,"ASST_NON_CA1034L9T061808_086","CA1034L9T061808","COMMUNITY HUMAN SERVICES","CA","2019-01-31","2019-01-31190310077576",130574
269026781,"ASST_NON_NV0106L9T001802_086","NV0106L9T001802","THE SALVATION ARMY","CA","2019-01-31","2019-01-31190310075530",272370
269285126,"ASST_NON_OR0135L0E011807_086","OR0135L0E011807","THE SALVATION ARMY","CA","2019-01-31","2019-01-31190310008007",599519
260070658,"ASST_NON_CA1071L9T051806_086","CA1071L9T051806","COUNTY OF CONTRA COSTA","CA","2019-01-31","2019-01-31190310077611",408620
260068374,"ASST_NON_CA1037L9T101808_086","CA1037L9T101808","STANISLAUS COUNTY AFFORDABLE HOUSING CORP","CA","2019-01-31","2019-01-31190310077582",104673
260079774,"ASST_NON_CA1328L9T181804_086","CA1328L9T181804","CHANGE AND NEW BEGINNINGS","CA","2019-01-31","2019-01-31190310076105",126238
260083334,"ASST_NON_CA1483L9T181803_086","CA1483L9T181803","CHANGE AND NEW BEGINNINGS","CA","2019-01-31","2019-01-31190310076124",114360
260081331,"ASST_NON_CA1394L9T051803_086","CA1394L9T051803","COUNTY OF CONTRA COSTA","CA","2019-01-31","2019-01-31190310076147",550344
260070645,"ASST_NON_CA1070L9T051807_086","CA1070L9T051807","COUNTY OF CONTRA COSTA","CA","2019-01-31","2019-01-31190310077605",175596
260076360,"ASST_NON_CA1229L9T181805_086","CA1229L9T181805","CHANGE AND NEW BEGINNINGS","CA","2019-01-31","2019-01-31190310076719",116295
260083165,"ASST_NON_CA1471L9T041803_086","CA1471L9T041803","SONOMA COUNTY COMMUNITY DEVELOPMENT COMMISSION","CA","2019-01-31","2019-01-31190310075991",349991
260064244,"ASST_NON_CA0891L9T041809_086","CA0891L9T041809","SONOMA COUNTY COMMUNITY DEVELOPMENT COMMISSION","CA","2019-01-31","2019-01-31190310077774",108993
260084766,"ASST_NON_CA1547L9T051802_086","CA1547L9T051802","SHELTER, INC.","CA","2019-01-31","2019-01-31190310075886",567415
260083155,"ASST_NON_CA1470L9T041803_086","CA1470L9T041803","SONOMA COUNTY COMMUNITY DEVELOPMENT COMMISSION","CA","2019-01-31","2019-01-31190310075985",187907
260066783,"ASST_NON_CA0957L9T051806_086","CA0957L9T051806","SHELTER, INC.","CA","2019-01-31","2019-01-31190310077725",197399
260025741,"ASST_NON_CA0198L9T051811_086","CA0198L9T051811","SHELTER, INC.","CA","2019-01-31","2019-01-31190310076450",431129
260078352,"ASST_NON_CA1277L9T051805_086","CA1277L9T051805","SHELTER, INC.","CA","2019-01-31","2019-01-31190310076386",495127
260071851,"ASST_NON_CA1096L9T181806_086","CA1096L9T181806","CHANGE AND NEW BEGINNINGS","CA","2019-01-31","2019-01-31190310076814",109826
260093290,"ASST_NON_CA1651L9T051801_086","CA1651L9T051801","COUNTY OF CONTRA COSTA","CA","2019-01-31","2019-01-31190310075688",1017763
260077842,"ASST_NON_CA1264L9T131803_086","CA1264L9T131803","KINGS COMMUNITY ACTION ORGANIZATION, INCORPORATED","CA","2019-01-31","2019-01-31190310076910",81364
260029270,"ASST_NON_CA0207L9T061811_086","CA0207L9T061811","HOUSING AUTHORITY OF COUNTY OF MONTE","CA","2019-01-31","2019-01-31190310076474",374874
260012382,"ASST_NON_CA0019L9T001811_086","CA0019L9T001811","COMMUNITY WORKING GROUP, INC.","CA","2019-01-31","2019-01-31190310076882",43936
260081491,"ASST_NON_CA1411L9T141803_086","CA1411L9T141803","MARJAREE MASON CENTER, INC","CA","2019-01-31","2019-01-31190310076304",34094
260084860,"ASST_NON_CA1558L9T091802_086","CA1558L9T091802","COUNTY OF MENDOCINO SOCIAL SERVICES","CA","2019-01-31","2019-01-31190310075921",93312
260067441,"ASST_NON_CA0974L9T141805_086","CA0974L9T141805","MARJAREE MASON CENTER, INC","CA","2019-01-31","2019-01-31190310077686",222501
260030923,"ASST_NON_CA0239L9T091811_086","CA0239L9T091811","COUNTY OF MENDOCINO SOCIAL SERVICES","CA","2019-01-31","2019-01-31190310078175",1479283
260081481,"ASST_NON_CA1410L9T141803_086","CA1410L9T141803","MARJAREE MASON CENTER, INC","CA","2019-01-31","2019-01-31190310076298",201350
260029228,"ASST_NON_CA0204L9T061811_086","CA0204L9T061811","HOUSING AUTHORITY OF COUNTY OF MONTE","CA","2019-01-31","2019-01-31190310076456",118209
260074455,"ASST_NON_CA1185L9T141805_086","CA1185L9T141805","MARJAREE MASON CENTER, INC","CA","2019-01-31","2019-01-31190310076706",169659
260083304,"ASST_NON_CA1480L9T141803_086","CA1480L9T141803","MARJAREE MASON CENTER, INC","CA","2019-01-31","2019-01-31190310075966",279249
260079079,"ASST_NON_CA1295L9T011803_086","CA1295L9T011803","CITY & COUNTY OF SAN FRANCISCO","CA","2019-01-31","2019-01-31190310076229",251985
260066726,"ASST_NON_CA0952L9T011803_086","CA0952L9T011803","CITY & COUNTY OF SAN FRANCISCO","CA","2019-01-31","2019-01-31190310077693",380311
260084693,"ASST_NON_CA1531L9T011802_086","CA1531L9T011802","CITY & COUNTY OF SAN FRANCISCO","CA","2019-01-31","2019-01-31190310075953",871453
260018371,"ASST_NON_CA0053L9T011810_086","CA0053L9T011810","CITY & COUNTY OF SAN FRANCISCO","CA","2019-01-31","2019-01-31190310077513",551895
260079088,"ASST_NON_CA1296L9T011804_086","CA1296L9T011804","CITY & COUNTY OF SAN FRANCISCO","CA","2019-01-31","2019-01-31190310076235",2939256
260093254,"ASST_NON_CA1640L9T011801_086","CA1640L9T011801","CITY & COUNTY OF SAN FRANCISCO","CA","2019-01-31","2019-01-31190310075746",465120
260081183,"ASST_NON_CA1387L9T011803_086","CA1387L9T011803","CITY & COUNTY OF SAN FRANCISCO","CA","2019-01-31","2019-01-31190310076198",1040917
260016864,"ASST_NON_CA0042L9T011811_086","CA0042L9T011811","CITY & COUNTY OF SAN FRANCISCO","CA","2019-01-31","2019-01-31190310077322",1751128
260082977,"ASST_NON_CA1460L9T011803_086","CA1460L9T011803","CITY & COUNTY OF SAN FRANCISCO","CA","2019-01-31","2019-01-31190310075479",524244
260018617,"ASST_NON_CA0063L9T011811_086","CA0063L9T011811","CITY & COUNTY OF SAN FRANCISCO","CA","2019-01-31","2019-01-31190310076679",338774
260077149,"ASST_NON_CA1243L9T011804_086","CA1243L9T011804","CITY & COUNTY OF SAN FRANCISCO","CA","2019-01-31","2019-01-31190310076826",603591
260016908,"ASST_NON_CA0046L9T011811_086","CA0046L9T011811","CITY & COUNTY OF SAN FRANCISCO","CA","2019-01-31","2019-01-31190310077253",1159951
260082983,"ASST_NON_CA1461L9T011803_086","CA1461L9T011803","CITY & COUNTY OF SAN FRANCISCO","CA","2019-01-31","2019-01-31190310075485",1076792
260084698,"ASST_NON_CA1532L9T011802_086","CA1532L9T011802","CITY & COUNTY OF SAN FRANCISCO","CA","2019-01-31","2019-01-31190310075959",957115
260072985,"ASST_NON_CA1147L9T011807_086","CA1147L9T011807","CITY & COUNTY OF SAN FRANCISCO","CA","2019-01-31","2019-01-31190310076753",941040
260084703,"ASST_NON_CA1533L9T011802_086","CA1533L9T011802","CITY & COUNTY OF SAN FRANCISCO","CA","2019-01-31","2019-01-31190310075972",264240
260073640,"ASST_NON_CA1168L9T011806_086","CA1168L9T011806","CITY & COUNTY OF SAN FRANCISCO","CA","2019-01-31","2019-01-31190310076688",437614
260081175,"ASST_NON_CA1386L9T011803_086","CA1386L9T011803","CITY & COUNTY OF SAN FRANCISCO","CA","2019-01-31","2019-01-31190310076192",482386
260016851,"ASST_NON_CA0041L9T011811_086","CA0041L9T011811","CITY & COUNTY OF SAN FRANCISCO","CA","2019-01-31","2019-01-31190310077328",683562
260023825,"ASST_NON_CA0122L9T021811_086","CA0122L9T021811","LIFELONG MEDICAL CARE","CA","2019-01-31","2019-01-31190310076562",549672
260018443,"ASST_NON_CA0059L9T011811_086","CA0059L9T011811","CITY & COUNTY OF SAN FRANCISCO","CA","2019-01-31","2019-01-31190310077495",188208
260018664,"ASST_NON_CA0067L9T011810_086","CA0067L9T011810","CITY & COUNTY OF SAN FRANCISCO","CA","2019-01-31","2019-01-31190310076649",140736
260018647,"ASST_NON_CA0066L9T011810_086","CA0066L9T011810","CITY & COUNTY OF SAN FRANCISCO","CA","2019-01-31","2019-01-31190310076655",1091606
260085262,"ASST_NON_CA1567L9T141802_086","CA1567L9T141802","MENTAL HEALTH SYSTEMS, INC.","CA","2019-01-31","2019-01-31190310075837",257261
260015655,"ASST_NON_CA0039L9T011811_086","CA0039L9T011811","CITY & COUNTY OF SAN FRANCISCO","CA","2019-01-31","2019-01-31190310077342",1505664
260084690,"ASST_NON_CA1530L9T011802_086","CA1530L9T011802","CITY & COUNTY OF SAN FRANCISCO","CA","2019-01-31","2019-01-31190310075947",225694
260070061,"ASST_NON_CA1061L9T011802_086","CA1061L9T011802","CITY & COUNTY OF SAN FRANCISCO","CA","2019-01-31","2019-01-31190310076821",318727
260020866,"ASST_NON_CA0080L9T011811_086","CA0080L9T011811","CITY & COUNTY OF SAN FRANCISCO","CA","2019-01-31","2019-01-31190310077391",2513192
260018395,"ASST_NON_CA0055L9T011811_086","CA0055L9T011811","CITY & COUNTY OF SAN FRANCISCO","CA","2019-01-31","2019-01-31190310077507",244067
260070075,"ASST_NON_CA1062L9T011807_086","CA1062L9T011807","CITY & COUNTY OF SAN FRANCISCO","CA","2019-01-31","2019-01-31190310077563",110712
260082989,"ASST_NON_CA1462L9T011803_086","CA1462L9T011803","CITY & COUNTY OF SAN FRANCISCO","CA","2019-01-31","2019-01-31190310076028",3316465
260019669,"ASST_NON_CA0073L9T011811_086","CA0073L9T011811","CITY & COUNTY OF SAN FRANCISCO","CA","2019-01-31","2019-01-31190310077397",1546820
260060965,"ASST_NON_CA0821L9T011809_086","CA0821L9T011809","CITY & COUNTY OF SAN FRANCISCO","CA","2019-01-31","2019-01-31190310077877",550500
260018426,"ASST_NON_CA0058L9T011811_086","CA0058L9T011811","CITY & COUNTY OF SAN FRANCISCO","CA","2019-01-31","2019-01-31190310077501",1865707
260018762,"ASST_NON_CA0068L9T011811_086","CA0068L9T011811","CITY & COUNTY OF SAN FRANCISCO","CA","2019-01-31","2019-01-31190310076643",282312
260016891,"ASST_NON_CA0045L9T011811_086","CA0045L9T011811","CITY & COUNTY OF SAN FRANCISCO","CA","2019-01-31","2019-01-31190310077316",1375591
260084723,"ASST_NON_CA1537L9T011802_086","CA1537L9T011802","CITY & COUNTY OF SAN FRANCISCO","CA","2019-01-31","2019-01-31190310075856",689154
260093262,"ASST_NON_CA1641L9T011801_086","CA1641L9T011801","CITY & COUNTY OF SAN FRANCISCO","CA","2019-01-31","2019-01-31190310075752",281400
260015529,"ASST_NON_CA0033L9T011805_086","CA0033L9T011805","CITY & COUNTY OF SAN FRANCISCO","CA","2019-01-31","2019-01-31190310077348",427863
260060997,"ASST_NON_CA0826L9T011804_086","CA0826L9T011804","CITY & COUNTY OF SAN FRANCISCO","CA","2019-01-31","2019-01-31190310077918",924534
260077170,"ASST_NON_CA1246L9T011810_086","CA1246L9T011810","CITY & COUNTY OF SAN FRANCISCO","CA","2019-01-31","2019-01-31190310076832",993861
260018578,"ASST_NON_CA0060L9T011811_086","CA0060L9T011811","CITY & COUNTY OF SAN FRANCISCO","CA","2019-01-31","2019-01-31190310076847",1186929
260084713,"ASST_NON_CA1535L9T011802_086","CA1535L9T011802","CITY & COUNTY OF SAN FRANCISCO","CA","2019-01-31","2019-01-31190310075978",33909
260019641,"ASST_NON_CA0070L9T011811_086","CA0070L9T011811","CITY & COUNTY OF SAN FRANCISCO","CA","2019-01-31","2019-01-31190310077403",187040
260063634,"ASST_NON_CA0888L9T011809_086","CA0888L9T011809","CITY & COUNTY OF SAN FRANCISCO","CA","2019-01-31","2019-01-31190310077756",631195
260017028,"ASST_NON_CA0049L9T011810_086","CA0049L9T011810","CITY & COUNTY OF SAN FRANCISCO","CA","2019-01-31","2019-01-31190310077531",338774
260020890,"ASST_NON_CA0082L9T011811_086","CA0082L9T011811","CITY & COUNTY OF SAN FRANCISCO","CA","2019-01-31","2019-01-31190310077385",358694
260018340,"ASST_NON_CA0051L9T011810_086","CA0051L9T011810","CITY & COUNTY OF SAN FRANCISCO","CA","2019-01-31","2019-01-31190310077525",993861
260083005,"ASST_NON_CA1464L9T011803_086","CA1464L9T011803","CITY & COUNTY OF SAN FRANCISCO","CA","2019-01-31","2019-01-31190310076040",396000
260063649,"ASST_NON_CA0889L9T011808_086","CA0889L9T011808","CITY & COUNTY OF SAN FRANCISCO","CA","2019-01-31","2019-01-31190310077762",916134
260093218,"ASST_NON_CA1632L9T011802_086","CA1632L9T011802","CITY & COUNTY OF SAN FRANCISCO","CA","2019-01-31","2019-01-31190310075711",477100
260093253,"ASST_NON_CA1640L9T011700_086","CA1640L9T011700","CITY & COUNTY OF SAN FRANCISCO","CA","2019-01-31","2019-01-31190310075370",449088
260082995,"ASST_NON_CA1463L9T011803_086","CA1463L9T011803","CITY & COUNTY OF SAN FRANCISCO","CA","2019-01-31","2019-01-31190310076034",132364
260081043,"ASST_NON_CA1378L9T001803_086","CA1378L9T001803","WEST VALLEY COMMUNITY SERVICES OF SANTA CLARA COUNTY, INC.","CA","2019-01-31","2019-01-31190310076162",737323
260067409,"ASST_NON_CA0970L9T131805_086","CA0970L9T131805","KINGS UNITED WAY","CA","2019-01-31","2019-01-31190310077668",157533
260067538,"ASST_NON_CA0985L9T201805_086","CA0985L9T201805","SIERRA SVING GRACE HMELESS PRJ","CA","2019-01-31","2019-01-31190310077547",39909
260081587,"ASST_NON_CA1428L9T261801_086","CA1428L9T261801","SIERRA HOPE","CA","2019-01-31","2019-01-31190310075459",115557
260060115,"ASST_NON_CA0780L9T201810_086","CA0780L9T201810","COUNTY OF MERCED","CA","2019-01-31","2019-01-31190310077871",137311
260036967,"ASST_NON_CA0320L9T261808_086","CA0320L9T261808","SIERRA HOPE","CA","2019-01-31","2019-01-31190310076345",65562
260032637,"ASST_NON_CA0264L9T121811_086","CA0264L9T121811","MENTAL HEALTH ASSOCIATION OF SAN MATEO COUNTY","CA","2019-01-31","2019-01-31190310077991",74666
260067526,"ASST_NON_CA0984L9T201806_086","CA0984L9T201806","COUNTY OF MERCED","CA","2019-01-31","2019-01-31190310077741",153562
260085316,"ASST_NON_CA1582L9T211802_086","CA1582L9T211802","CITY OF WOODLAND","CA","2019-01-31","2019-01-31190310075794",24761
260085311,"ASST_NON_CA1581L9T201802_086","CA1581L9T201802","COUNTY OF MERCED","CA","2019-01-31","2019-01-31190310075788",36385
260077193,"ASST_NON_CA1250L9T211804_086","CA1250L9T211804","CITY OF WOODLAND","CA","2019-01-31","2019-01-31190310076838",91191
260085289,"ASST_NON_CA1574L9T161802_086","CA1574L9T161802","SHASTA, COUNTY OF","CA","2019-01-31","2019-01-31190310075776",30000
260071863,"ASST_NON_CA1099L9T201804_086","CA1099L9T201804","SIERRA SVING GRACE HMELESS PRJ","CA","2019-01-31","2019-01-31190310076741",81215
260081566,"ASST_NON_CA1423L9T211803_086","CA1423L9T211803","CITY OF WOODLAND","CA","2019-01-31","2019-01-31190310075447",152936
260057773,"ASST_NON_CA0748L9T021809_086","CA0748L9T021809","ABODE HOUSING DEVELOPMENT","CA","2019-01-31","2019-01-31190310076363",36166
260066738,"ASST_NON_CA0953L9T021807_086","CA0953L9T021807","ABODE SERVICES","CA","2019-01-31","2019-01-31190310077699",657935
260014259,"ASST_NON_CA0026L9T001811_086","CA0026L9T001811","ABODE SERVICES","CA","2019-01-31","2019-01-31190310076667",265406
260070088,"ASST_NON_CA1063L9T021806_086","CA1063L9T021806","ABODE SERVICES","CA","2019-01-31","2019-01-31190310077569",1330870
260075862,"ASST_NON_CA1215L9T191806_086","CA1215L9T191806","HOUSING AUTHORITY OF THE COUNTY OF BUTTE","CA","2019-01-31","2019-01-31190310076728",44878
260067518,"ASST_NON_CA0983L9T191806_086","CA0983L9T191806","BUTTE COUNTY BEHAVIORAL HEALTH","CA","2019-01-31","2019-01-31190310077719",29607
260064388,"ASST_NON_CA0908L9T191809_086","CA0908L9T191809","BUTTE COUNTY BEHAVIORAL HEALTH","CA","2019-01-31","2019-01-31190310077817",39305
260083022,"ASST_NON_CA1467L9T021803_086","CA1467L9T021803","CORNERSTONE COMMUNITY DEVELOPMENT CORPORATION","CA","2019-01-31","2019-01-31190310076052",270586
260084830,"ASST_NON_CA1552L9T071802_086","CA1552L9T071802","COUNTY OF MARIN","CA","2019-01-31","2019-01-31190310075897",113493
260023797,"ASST_NON_CA0120L9T021811_086","CA0120L9T021811","ABODE SERVICES","CA","2019-01-31","2019-01-31190310076432",829063
260067509,"ASST_NON_CA0982L9T191806_086","CA0982L9T191806","BUTTE COUNTY BEHAVIORAL HEALTH","CA","2019-01-31","2019-01-31190310077665",29888
260061690,"ASST_NON_CA0847L9T191807_086","CA0847L9T191807","BUTTE COUNTY BEHAVIORAL HEALTH","CA","2019-01-31","2019-01-31190310077851",29806
260066701,"ASST_NON_CA0950L9T001806_086","CA0950L9T001806","ABODE SERVICES","CA","2019-01-31","2019-01-31190310077823",504265
260074059,"ASST_NON_CA1171L9T021803_086","CA1171L9T021803","ALAMEDA COUNTY BHCS","CA","2019-01-31","2019-01-31190310076694",184456
260036343,"ASST_NON_CA0318L9T251810_086","CA0318L9T251810","THE CENTER FOR VIOLENCE-FREE RELATIONSHIPS","CA","2019-01-31","2019-01-31190310076339",9817
260025124,"ASST_NON_CA0151L9T031811_086","CA0151L9T031811","HOUSING AUTHORITY OF THE COUNTY OF SACRAMENTO","CA","2019-01-31","2019-01-31190310076625",141531
260022341,"ASST_NON_CA0108L9T021811_086","CA0108L9T021811","CITY OF BERKELEY","CA","2019-01-31","2019-01-31190310075387",202376
260030801,"ASST_NON_CA0230L9T081811_086","CA0230L9T081811","COMMUNITY TECHNOLOGY ALLIANCE","CA","2019-01-31","2019-01-31190310076499",91699
260081576,"ASST_NON_CA1424L9T221803_086","CA1424L9T221803","2-1-1 HUMBOLDT INFORMATION AND RESOURCE CENTER","CA","2019-01-31","2019-01-31190310075453",31549
260023884,"ASST_NON_CA0127L9T031805_086","CA0127L9T031805","HOUSING AUTHORITY OF THE COUNTY OF SACRAMENTO","CA","2019-01-31","2019-01-31190310076580",143714
260093330,"ASST_NON_CA1666L9T141801_086","CA1666L9T141801","FRESNO COUNTY ECONOMIC OPPORTUNITIES COMMISSION","CA","2019-01-31","2019-01-31190310075633",116747
260085271,"ASST_NON_CA1569L9T141802_086","CA1569L9T141802","HOUSING AUTHORITY OF THE CITY OF FRESNO","CA","2019-01-31","2019-01-31190310075849",186802
260085277,"ASST_NON_CA1570L9T141802_086","CA1570L9T141802","FRESNO COUNTY ECONOMIC OPPORTUNITIES COMMISSION","CA","2019-01-31","2019-01-31190310075765",525000
260033478,"ASST_NON_CA0277L9T141805_086","CA0277L9T141805","HOUSING AUTHORITY OF THE CITY OF FRESNO","CA","2019-01-31","2019-01-31190310078021",366547
260057789,"ASST_NON_CA0749L9T021809_086","CA0749L9T021809","CITY OF BERKELEY","CA","2019-01-31","2019-01-31190310076636",749062
260093328,"ASST_NON_CA1665L9T141801_086","CA1665L9T141801","FRESNO COUNTY ECONOMIC OPPORTUNITIES COMMISSION","CA","2019-01-31","2019-01-31190310075742",465677
260093298,"ASST_NON_CA1652L9T061801_086","CA1652L9T061801","MIDPEN HOUSING CORPORATION","CA","2019-01-31","2019-01-31190310075694",203800
260071855,"ASST_NON_CA1098L9T201803_086","CA1098L9T201803","HOUSING AUTHORITY OF THE COUNTY OF MERCED","CA","2019-01-31","2019-01-31190310076735",55506
260023814,"ASST_NON_CA0121L9T021811_086","CA0121L9T021811","CITY OF BERKELEY","CA","2019-01-31","2019-01-31190310076556",208051
260067456,"ASST_NON_CA0976L9T141807_086","CA0976L9T141807","HOUSING AUTHORITY OF THE CITY OF FRESNO","CA","2019-01-31","2019-01-31190310077641",76500
260071807,"ASST_NON_CA1090L9T141805_086","CA1090L9T141805","FRESNO COUNTY ECONOMIC OPPORTUNITIES COMMISSION","CA","2019-01-31","2019-01-31190310076796",396523
260064369,"ASST_NON_CA0906L9T141809_086","CA0906L9T141809","VALLEY TEEN RANCH","CA","2019-01-31","2019-01-31190310077809",30620
260079698,"ASST_NON_CA1322L9T151804_086","CA1322L9T151804","ADVOCATES FOR MENTALLY ILL HOUSING INC","CA","2019-01-31","2019-01-31190310076099",81427
260081477,"ASST_NON_CA1409L9T141803_086","CA1409L9T141803","FRESNO COUNTY ECONOMIC OPPORTUNITIES COMMISSION","CA","2019-01-31","2019-01-31190310076262",260976
260033589,"ASST_NON_CA0278L9T141811_086","CA0278L9T141811","HOUSING AUTHORITY OF THE CITY OF FRESNO","CA","2019-01-31","2019-01-31190310078044",137700
260067468,"ASST_NON_CA0977L9T141805_086","CA0977L9T141805","HOUSING AUTHORITY OF THE CITY OF FRESNO","CA","2019-01-31","2019-01-31190310077647",81587
260083314,"ASST_NON_CA1481L9T141803_086","CA1481L9T141803","FRESNO COUNTY ECONOMIC OPPORTUNITIES COMMISSION","CA","2019-01-31","2019-01-31190310076070",280322
260085267,"ASST_NON_CA1568L9T141802_086","CA1568L9T141802","FRESNO COUNTY ECONOMIC OPPORTUNITIES COMMISSION","CA","2019-01-31","2019-01-31190310075843",344126
260033466,"ASST_NON_CA0276L9T141806_086","CA0276L9T141806","HOUSING AUTHORITY OF THE CITY OF FRESNO","CA","2019-01-31","2019-01-31190310078015",64783
260025148,"ASST_NON_CA0153L9T031811_086","CA0153L9T031811","HOUSING AUTHORITY OF THE COUNTY OF SACRAMENTO","CA","2019-01-31","2019-01-31190310076631",4530711
260033453,"ASST_NON_CA0275L9T141805_086","CA0275L9T141805","HOUSING AUTHORITY OF THE CITY OF FRESNO","CA","2019-01-31","2019-01-31190310078009",44130
260079249,"ASST_NON_CA1319L9T141803_086","CA1319L9T141803","HOUSING AUTHORITY OF THE CITY OF FRESNO","CA","2019-01-31","2019-01-31190310076087",233801
260034516,"ASST_NON_CA0281L9T141811_086","CA0281L9T141811","HOUSING AUTHORITY OF THE CITY OF FRESNO","CA","2019-01-31","2019-01-31190310078050",1096757
260022836,"ASST_NON_CA0116L9T021811_086","CA0116L9T021811","CITY OF BERKELEY","CA","2019-01-31","2019-01-31190310076414",3594226
260077828,"ASST_NON_CA1262L9T151804_086","CA1262L9T151804","COUNTY OF NEVADA","CA","2019-01-31","2019-01-31190310076904",137746
260071029,"ASST_NON_CA1088L9T131805_086","CA1088L9T131805","COMMUNITY SERVICES AND EMPLOYMENT TRAINING, INCORPORATED","CA","2019-01-31","2019-01-31190310076790",331939
260093279,"ASST_NON_CA1646L9T031801_086","CA1646L9T031801","TLCS INC","CA","2019-01-31","2019-01-31190310075676",818246
260084821,"ASST_NON_CA1551L9T071802_086","CA1551L9T071802","HOUSING AUTHORITY OF THE COUNTY OF MARIN","CA","2019-01-31","2019-01-31190310075891",214500
260066790,"ASST_NON_CA0958L9T061806_086","CA0958L9T061806","INTERIM, INC.","CA","2019-01-31","2019-01-31190310077731",112191
260058317,"ASST_NON_CA0756L9T071810_086","CA0756L9T071810","HOUSING AUTHORITY OF THE COUNTY OF MARIN","CA","2019-01-31","2019-01-31190310077974",93550
260024071,"ASST_NON_CA0145L9T031811_086","CA0145L9T031811","TLCS INC","CA","2019-01-31","2019-01-31190310076607",611464
260070673,"ASST_NON_CA1072L9T061806_086","CA1072L9T061806","SAN BENITO, COUNTY OF","CA","2019-01-31","2019-01-31190310077617",241673
260067479,"ASST_NON_CA0978L9T151804_086","CA0978L9T151804","COUNTY OF NEVADA","CA","2019-01-31","2019-01-31190310077653",37280
260083353,"ASST_NON_CA1486L9T261803_086","CA1486L9T261803","COUNTY OF MARIPOSA","CA","2019-01-31","2019-01-31190310076136",62813
260029284,"ASST_NON_CA0208L9T061811_086","CA0208L9T061811","INTERIM, INC.","CA","2019-01-31","2019-01-31190310076480",107062
260030277,"ASST_NON_CA0221L9T071811_086","CA0221L9T071811","HOUSING AUTHORITY OF THE COUNTY OF MARIN","CA","2019-01-31","2019-01-31190310076443",1617753
260078311,"ASST_NON_CA1273L9T131804_086","CA1273L9T131804","COMMUNITY SERVICES AND EMPLOYMENT TRAINING, INCORPORATED","CA","2019-01-31","2019-01-31190310076327",149282
260058301,"ASST_NON_CA0755L9T061810_086","CA0755L9T061810","INTERIM, INC.","CA","2019-01-31","2019-01-31190310077968",144533
260079150,"ASST_NON_CA1309L9T071804_086","CA1309L9T071804","RITTER CENTER","CA","2019-01-31","2019-01-31190310076272",194838
260025190,"ASST_NON_CA0158L9T031811_086","CA0158L9T031811","TLCS INC","CA","2019-01-31","2019-01-31190310076513",1167434
260025417,"ASST_NON_CA0184L9T051811_086","CA0184L9T051811","GARDEN PARK APARTMENTS COMMUNITY","CA","2019-01-31","2019-01-31190310076543",346372
260067500,"ASST_NON_CA0981L9T181807_086","CA0981L9T181807","CAMINAR","CA","2019-01-31","2019-01-31190310077659",33321
260081050,"ASST_NON_CA1379L9T001803_086","CA1379L9T001803","BILL WILSON CENTER","CA","2019-01-31","2019-01-31190310076168",507148
260064294,"ASST_NON_CA0896L9T101809_086","CA0896L9T101809","COMMUNITY IMPACT CENTRAL VALLEY","CA","2019-01-31","2019-01-31190310077776",133187
260031560,"ASST_NON_CA0242L9T101809_086","CA0242L9T101809","COMMUNITY IMPACT CENTRAL VALLEY","CA","2019-01-31","2019-01-31190310078187",216173
260059703,"ASST_NON_CA0779L9T191810_086","CA0779L9T191810","CAMINAR","CA","2019-01-31","2019-01-31190310077953",71007
260084757,"ASST_NON_CA1546L9T051802_086","CA1546L9T051802","SATELLITE AFFORDABLE HOUSING ASSOCIATES","CA","2019-01-31","2019-01-31190310075880",299595
260058329,"ASST_NON_CA0758L9T101808_086","CA0758L9T101808","COMMUNITY IMPACT CENTRAL VALLEY","CA","2019-01-31","2019-01-31190310078025",246929
260085298,"ASST_NON_CA1576L9T181802_086","CA1576L9T181802","CITY OF FAIRFIELD","CA","2019-01-31","2019-01-31190310075782",62999
260061569,"ASST_NON_CA0833L9T101806_086","CA0833L9T101806","COMMUNITY HOUSING AND SHELTER SERVICES OF STANISLAUS COUNTY","CA","2019-01-31","2019-01-31190310077936",200233
260015520,"ASST_NON_CA0032L9T001811_086","CA0032L9T001811","BILL WILSON CENTER","CA","2019-01-31","2019-01-31190310077354",309348
260093246,"ASST_NON_CA1639L9T001801_086","CA1639L9T001801","BILL WILSON CENTER","CA","2019-01-31","2019-01-31190310075723",287476
260066821,"ASST_NON_CA0963L9T101803_086","CA0963L9T101803","COMMUNITY IMPACT CENTRAL VALLEY","CA","2019-01-31","2019-01-31190310077624",104424
260084850,"ASST_NON_CA1556L9T081802_086","CA1556L9T081802","ENCOMPASS COMMUNITY SERVICES","CA","2019-01-31","2019-01-31190310075909",44108
260078417,"ASST_NON_CA1280L9T041804_086","CA1280L9T041804","CATHOLIC CHARITIES OF THE DIOCESE OF SANTA ROSA","CA","2019-01-31","2019-01-31190310076392",288302
260059565,"ASST_NON_CA0772L9T141810_086","CA0772L9T141810","COMMUNITY ACTION PARTNERSHIP OF MADERA COUNTY, INC.","CA","2019-01-31","2019-01-31190310077905",298836
260093311,"ASST_NON_CA1658L9T081801_086","CA1658L9T081801","HOUSING MATTERS","CA","2019-01-31","2019-01-31190310075730",147683
260085230,"ASST_NON_CA1561L9T101802_086","CA1561L9T101802","COMMUNITY HOUSING AND SHELTER SERVICES OF STANISLAUS COUNTY","CA","2019-01-31","2019-01-31190310075813",100718
260015502,"ASST_NON_CA0031L9T001811_086","CA0031L9T001811","BILL WILSON CENTER","CA","2019-01-31","2019-01-31190310077360",558923
260093310,"ASST_NON_CA1658L9T081700_086","CA1658L9T081700","HOUSING MATTERS","CA","2019-01-31","2019-01-31190310075366",146843
260035311,"ASST_NON_CA0300L9T181811_086","CA0300L9T181811","CAMINAR","CA","2019-01-31","2019-01-31190310078067",117185
260030356,"ASST_NON_CA0229L9T081811_086","CA0229L9T081811","ENCOMPASS COMMUNITY SERVICES","CA","2019-01-31","2019-01-31190310076493",15645
260031539,"ASST_NON_CA0240L9T101807_086","CA0240L9T101807","COMMUNITY IMPACT CENTRAL VALLEY","CA","2019-01-31","2019-01-31190310078181",99657
260085221,"ASST_NON_CA1560L9T101802_086","CA1560L9T101802","COMMUNITY HOUSING AND SHELTER SERVICES OF STANISLAUS COUNTY","CA","2019-01-31","2019-01-31190310075932",62627
260066811,"ASST_NON_CA0962L9T101803_086","CA0962L9T101803","COMMUNITY IMPACT CENTRAL VALLEY","CA","2019-01-31","2019-01-31190310077738",95691
260035196,"ASST_NON_CA0298L9T181811_086","CA0298L9T181811","CAMINAR","CA","2019-01-31","2019-01-31190310078061",48824
260084853,"ASST_NON_CA1557L9T081802_086","CA1557L9T081802","ENCOMPASS COMMUNITY SERVICES","CA","2019-01-31","2019-01-31190310075915",90429
260036250,"ASST_NON_CA0310L9T211811_086","CA0310L9T211811","CITY OF DAVIS, CALIFORNIA","CA","2019-01-31","2019-01-31190310078122",66282
260068336,"ASST_NON_CA1032L9T001808_086","CA1032L9T001808","BILL WILSON CENTER","CA","2019-01-31","2019-01-31190310077559",296887
260093316,"ASST_NON_CA1660L9T101801_086","CA1660L9T101801","COMMUNITY IMPACT CENTRAL VALLEY","CA","2019-01-31","2019-01-31190310075736",196710
260078422,"ASST_NON_CA1281L9T041804_086","CA1281L9T041804","CATHOLIC CHARITIES OF THE DIOCESE OF SANTA ROSA","CA","2019-01-31","2019-01-31190310076205",311636
260022351,"ASST_NON_CA0109L9T021811_086","CA0109L9T021811","SATELLITE AFFORDABLE HOUSING ASSOCIATES","CA","2019-01-31","2019-01-31190310076396",28321
260078442,"ASST_NON_CA1284L9T121804_086","CA1284L9T121804","LIFEMOVES","CA","2019-01-31","2019-01-31190310076217",180555
260061665,"ASST_NON_CA0844L9T151804_086","CA0844L9T151804","PLACER COUNTY- ADULT SYSTEM OF CARE","CA","2019-01-31","2019-01-31190310077845",21726
260064279,"ASST_NON_CA0895L9T101809_086","CA0895L9T101809","CENTER FOR HUMAN SERVICES","CA","2019-01-31","2019-01-31190310077794",43241
260032466,"ASST_NON_CA0256L9T121810_086","CA0256L9T121810","LIFEMOVES","CA","2019-01-31","2019-01-31190310078165",133750
260064346,"ASST_NON_CA0903L9T121809_086","CA0903L9T121809","LIFEMOVES","CA","2019-01-31","2019-01-31190310077803",243461
260093276,"ASST_NON_CA1644L9T021801_086","CA1644L9T021801","CITY OF OAKLAND","CA","2019-01-31","2019-01-31190310075768",279813
260059597,"ASST_NON_CA0774L9T151809_086","CA0774L9T151809","PLACER COUNTY- ADULT SYSTEM OF CARE","CA","2019-01-31","2019-01-31190310077941",296420
260032606,"ASST_NON_CA0261L9T121811_086","CA0261L9T121811","LIFEMOVES","CA","2019-01-31","2019-01-31190310077982",133750
260071843,"ASST_NON_CA1094L9T151803_086","CA1094L9T151803","PLACER COUNTY- ADULT SYSTEM OF CARE","CA","2019-01-31","2019-01-31190310076808",13894
260022319,"ASST_NON_CA0106L9T021811_086","CA0106L9T021811","CITY OF OAKLAND","CA","2019-01-31","2019-01-31190310076944",713095
260034551,"ASST_NON_CA0285L9T151811_086","CA0285L9T151811","PLACER COUNTY- ADULT SYSTEM OF CARE","CA","2019-01-31","2019-01-31190310078056",386399
260116699,"ASST_NON_CA1736L9T021800_086","CA1736L9T021800","CITY OF OAKLAND","CA","2019-01-31","2019-01-31190310075645",1864465
260081556,"ASST_NON_CA1421L9T191803_086","CA1421L9T191803","CATALYST DOMESTIC VIOLENCE SERVICES","CA","2019-01-31","2019-01-31190310075441",86465
260079175,"ASST_NON_CA1313L9T121804_086","CA1313L9T121804","LIFEMOVES","CA","2019-01-31","2019-01-31190310076290",501528
260078284,"ASST_NON_CA1270L9T021804_086","CA1270L9T021804","CITY OF OAKLAND","CA","2019-01-31","2019-01-31190310076321",861551
260093271,"ASST_NON_CA1643L9T021801_086","CA1643L9T021801","CITY OF OAKLAND","CA","2019-01-31","2019-01-31190310075758",267167
260031598,"ASST_NON_CA0245L9T101809_086","CA0245L9T101809","CENTER FOR HUMAN SERVICES","CA","2019-01-31","2019-01-31190310078199",78976
260079126,"ASST_NON_CA1305L9T041803_086","CA1305L9T041803","INDIVIDUALS, NOW","CA","2019-01-31","2019-01-31190310076254",236552
260083011,"ASST_NON_CA1465L9T021803_086","CA1465L9T021803","CITY OF OAKLAND","CA","2019-01-31","2019-01-31190310076046",983781
260025441,"ASST_NON_CA0186L9T051811_086","CA0186L9T051811","RESOURCES FOR COMMUNITY DEVELOPMENT","CA","2019-01-31","2019-01-31190310076549",194836
260083175,"ASST_NON_CA1472L9T051803_086","CA1472L9T051803","CONTRA COSTA INTERFAITH TRANSITIONAL HOUSING, INC","CA","2019-01-31","2019-01-31190310075997",1041924
260035154,"ASST_NON_CA0293L9T171811_086","CA0293L9T171811","COUNTY OF NAPA","CA","2019-01-31","2019-01-31190310078114",161611
260023872,"ASST_NON_CA0126L9T021811_086","CA0126L9T021811","FRED FINCH YOUTH CENTER","CA","2019-01-31","2019-01-31190310076574",422579
260083197,"ASST_NON_CA1475L9T081803_086","CA1475L9T081803","FAMILIES IN TRANSITION OF SANTA CRUZ INC","CA","2019-01-31","2019-01-31190310076009",410804
260022688,"ASST_NON_CA0111L9T021810_086","CA0111L9T021810","RESOURCES FOR COMMUNITY DEVELOPMENT","CA","2019-01-31","2019-01-31190310076408",70516
260081508,"ASST_NON_CA1416L9T171803_086","CA1416L9T171803","COUNTY OF NAPA","CA","2019-01-31","2019-01-31190310075393",29464
260032455,"ASST_NON_CA0255L9T121811_086","CA0255L9T121811","CORA COMMUNITY OVERCOMING RELATIONSHIP ABUSE","CA","2019-01-31","2019-01-31190310078159",229668
260034597,"ASST_NON_CA0289L9T171809_086","CA0289L9T171809","COUNTY OF NAPA","CA","2019-01-31","2019-01-31190310078102",35887
260066770,"ASST_NON_CA0956L9T041806_086","CA0956L9T041806","WEST COUNTY COMMUNITY SERVICES","CA","2019-01-31","2019-01-31190310077711",90953
260083324,"ASST_NON_CA1482L9T171803_086","CA1482L9T171803","COUNTY OF NAPA","CA","2019-01-31","2019-01-31190310076118",19054
260081498,"ASST_NON_CA1415L9T171803_086","CA1415L9T171803","COUNTY OF NAPA","CA","2019-01-31","2019-01-31190310076310",93438
260025381,"ASST_NON_CA0180L9T051811_086","CA0180L9T051811","CONTRA COSTA INTERFAITH TRANSITIONAL HOUSING, INC","CA","2019-01-31","2019-01-31190310076537",1015124
260018638,"ASST_NON_CA0065L9T011811_086","CA0065L9T011811","CATHOLIC CHARITIES CYO OF THE ARCHDIOCESE OF SAN FRANCISCO","CA","2019-01-31","2019-01-31190310076661",168503
260021809,"ASST_NON_CA0092L9T021810_086","CA0092L9T021810","RESOURCES FOR COMMUNITY DEVELOPMENT","CA","2019-01-31","2019-01-31190310077006",96362
260074467,"ASST_NON_CA1186L9T151805_086","CA1186L9T151805","HOMELESS RESOURCE COUNCIL OF THE SIERRAS","CA","2019-01-31","2019-01-31190310076712",51266
260025335,"ASST_NON_CA0173L9T041811_086","CA0173L9T041811","COMMUNITY SUPPORT NETWORK","CA","2019-01-31","2019-01-31190310076531",55981
260035137,"ASST_NON_CA0292L9T171811_086","CA0292L9T171811","THE HOUSING DEVELOPMENT CORPORATION OF THE CITY OF NAPA","CA","2019-01-31","2019-01-31190310078108",124183
260068809,"ASST_NON_CA1041L9T161808_086","CA1041L9T161808","NORTHERN VALLEY CATHOLIC SOCIAL SERVICE, INC.","CA","2019-01-31","2019-01-31190310077588",231794
260030302,"ASST_NON_CA0223L9T071811_086","CA0223L9T071811","BUCKELEW PROGRAMS","CA","2019-01-31","2019-01-31190310076487",385097
260062315,"ASST_NON_CA0852L9T221807_086","CA0852L9T221807","DEPARTMENT OF HEALTH & HUMAN S","CA","2019-01-31","2019-01-31190310077750",82388
260059622,"ASST_NON_CA0777L9T171810_086","CA0777L9T171810","BUCKELEW PROGRAMS","CA","2019-01-31","2019-01-31190310077947",254438
260031609,"ASST_NON_CA0246L9T101811_086","CA0246L9T101811","STANISLAUS REGIONAL HOUSING AUTHORITY","CA","2019-01-31","2019-01-31190310078205",1126004
260035463,"ASST_NON_CA0308L9T211811_086","CA0308L9T211811","YOLO COMMUNITY CARE CONTINUUM","CA","2019-01-31","2019-01-31190310078097",146527
260031583,"ASST_NON_CA0244L9T101811_086","CA0244L9T101811","STANISLAUS REGIONAL HOUSING AUTHORITY","CA","2019-01-31","2019-01-31190310078193",154566
260074959,"ASST_NON_CA1192L9T221805_086","CA1192L9T221805","DEPARTMENT OF HEALTH & HUMAN S","CA","2019-01-31","2019-01-31190310076722",98665
260058282,"ASST_NON_CA0752L9T041810_086","CA0752L9T041810","BUCKELEW PROGRAMS","CA","2019-01-31","2019-01-31190310077962",101166
260084841,"ASST_NON_CA1555L9T081802_086","CA1555L9T081802","COUNTY OF SANTA CRUZ","CA","2019-01-31","2019-01-31190310075903",75000
260116825,"ASST_NON_CA1780L9T221800_086","CA1780L9T221800","DEPARTMENT OF HEALTH & HUMAN S","CA","2019-01-31","2019-01-31190310075657",114402
260036283,"ASST_NON_CA0313L9T221811_086","CA0313L9T221811","DEPARTMENT OF HEALTH & HUMAN S","CA","2019-01-31","2019-01-31190310076317",69500
260025213,"ASST_NON_CA0160L9T041811_086","CA0160L9T041811","BUCKELEW PROGRAMS","CA","2019-01-31","2019-01-31190310076519",248672
260035328,"ASST_NON_CA0301L9T181811_086","CA0301L9T181811","ANKA BEHAVIORAL HEALTH, INCORPORATED","CA","2019-01-31","2019-01-31190310078073",169973
260018354,"ASST_NON_CA0052L9T011811_086","CA0052L9T011811","LARKIN STREET YOUTH SERVICES","CA","2019-01-31","2019-01-31190310077519",445538
260071819,"ASST_NON_CA1091L9T141805_086","CA1091L9T141805","WESTCARE CALIFORNIA, INC.","CA","2019-01-31","2019-01-31190310076802",317653
260085253,"ASST_NON_CA1566L9T131802_086","CA1566L9T131802","KINGS/TULARE CONTINUUM OF CARE ON HOMELESSNESS, INC.","CA","2019-01-31","2019-01-31190310075831",169590
260081445,"ASST_NON_CA1401L9T121803_086","CA1401L9T121803","SAN MATEO, COUNTY OF","CA","2019-01-31","2019-01-31190310076153",80110
260034564,"ASST_NON_CA0286L9T151811_086","CA0286L9T151811","STAND UP PLACER, INC.","CA","2019-01-31","2019-01-31190310078078",228579
260085239,"ASST_NON_CA1562L9T101802_086","CA1562L9T101802","WE CARE PROGRAM - TURLOCK","CA","2019-01-31","2019-01-31190310075819",49535
260035352,"ASST_NON_CA0303L9T191811_086","CA0303L9T191811","COMMUNITY ACTION AGENCY OF BUTTE COUNTY, INC.","CA","2019-01-31","2019-01-31190310078085",107000
260070101,"ASST_NON_CA1066L9T031804_086","CA1066L9T031804","SACRAMENTO STEPS FORWARD","CA","2019-01-31","2019-01-31190310077599",273194
260067419,"ASST_NON_CA0971L9T131803_086","CA0971L9T131803","FAMILY SERVICES OF TULARE COUNTY","CA","2019-01-31","2019-01-31190310077674",131915
269026793,"ASST_NON_NV0109L9T011802_086","NV0109L9T011802","VOLUNTEERS OF AMERICA NORTHERN CALIFORNIA AND NORTHERN NEVADA, INC.","CA","2019-01-31","2019-01-31190310075548",87659
260081165,"ASST_NON_CA1385L9T001803_086","CA1385L9T001803","SANTA CLARA, COUNTY OF","CA","2019-01-31","2019-01-31190310076186",2133592
260060986,"ASST_NON_CA0825L9T001806_086","CA0825L9T001806","SANTA CLARA, COUNTY OF","CA","2019-01-31","2019-01-31190310077883",5446783
260029367,"ASST_NON_CA0210L9T061811_086","CA0210L9T061811","VETERANS TRANSITION CENTER OF CALIFORNIA","CA","2019-01-31","2019-01-31190310075374",82555
260078322,"ASST_NON_CA1274L9T001804_086","CA1274L9T001804","SANTA CLARA, COUNTY OF","CA","2019-01-31","2019-01-31190310076333",720695
260061050,"ASST_NON_CA0828L9T031806_086","CA0828L9T031806","SACRAMENTO STEPS FORWARD","CA","2019-01-31","2019-01-31190310077924",361547
260071877,"ASST_NON_CA1101L9T221806_086","CA1101L9T221806","ARCATA HOUSE PARTNERSHIP","CA","2019-01-31","2019-01-31190310076747",389718
260011791,"ASST_NON_CA0001L9T001808_086","CA0001L9T001808","SANTA CLARA, COUNTY OF","CA","2019-01-31","2019-01-31190310076952",639067
260084669,"ASST_NON_CA1528L9T001802_086","CA1528L9T001802","SANTA CLARA, COUNTY OF","CA","2019-01-31","2019-01-31190310075941",468688
260012284,"ASST_NON_CA0014L9T001811_086","CA0014L9T001811","SANTA CLARA, COUNTY OF","CA","2019-01-31","2019-01-31190310076888",702807
260014212,"ASST_NON_CA0021L9T001811_086","CA0021L9T001811","SANTA CLARA, COUNTY OF","CA","2019-01-31","2019-01-31190310076673",3968535
260035384,"ASST_NON_CA0306L9T201809_086","CA0306L9T201809","MERCED COUNTY COMMUNITY ACTION BOARD","CA","2019-01-31","2019-01-31190310078091",82709
260061064,"ASST_NON_CA0829L9T041807_086","CA0829L9T041807","COMMITTEE ON THE SHELTERLESS","CA","2019-01-31","2019-01-31190310077930",271381
260067430,"ASST_NON_CA0972L9T131803_086","CA0972L9T131803","FAMILY SERVICES OF TULARE COUNTY","CA","2019-01-31","2019-01-31190310077680",40433
260079115,"ASST_NON_CA1303L9T031804_086","CA1303L9T031804","SACRAMENTO STEPS FORWARD","CA","2019-01-31","2019-01-31190310076248",2554517
260066757,"ASST_NON_CA0955L9T031805_086","CA0955L9T031805","SACRAMENTO STEPS FORWARD","CA","2019-01-31","2019-01-31190310077705",333883
260018595,"ASST_NON_CA0061L9T011811_086","CA0061L9T011811","COMMUNITY HOUSING PARTNERSHIP","CA","2019-01-31","2019-01-31190310076841",158804
260023963,"ASST_NON_CA0135L9T031811_086","CA0135L9T031811","SACRAMENTO STEPS FORWARD","CA","2019-01-31","2019-01-31190310076553",476742
260057712,"ASST_NON_CA0746L9T001810_086","CA0746L9T001810","SANTA CLARA, COUNTY OF","CA","2019-01-31","2019-01-31190310076351",432345
260024089,"ASST_NON_CA0147L9T031811_086","CA0147L9T031811","SACRAMENTO STEPS FORWARD","CA","2019-01-31","2019-01-31190310076613",318083
260084742,"ASST_NON_CA1540L9T031802_086","CA1540L9T031802","SACRAMENTO STEPS FORWARD","CA","2019-01-31","2019-01-31190310075868",611753
260011862,"ASST_NON_CA0007L9T001810_086","CA0007L9T001810","SOUTH COUNTY COMMUNITY SERVICES","CA","2019-01-31","2019-01-31190310076894",390268
260030818,"ASST_NON_CA0231L9T081811_086","CA0231L9T081811","COUNTY OF SANTA CRUZ","CA","2019-01-31","2019-01-31190310076505",614132
260084660,"ASST_NON_CA1527L9T001802_086","CA1527L9T001802","SANTA CLARA, COUNTY OF","CA","2019-01-31","2019-01-31190310075935",130241
260081155,"ASST_NON_CA1384L9T001802_086","CA1384L9T001802","SANTA CLARA, COUNTY OF","CA","2019-01-31","2019-01-31190310076180",676379
260070910,"ASST_NON_CA1080L9T101808_086","CA1080L9T101808","CITY OF MODESTO","CA","2019-01-31","2019-01-31190310076778",173533
260066715,"ASST_NON_CA0951L9T001807_086","CA0951L9T001807","SANTA CLARA, COUNTY OF","CA","2019-01-31","2019-01-31190310077885",964321
260025107,"ASST_NON_CA0150L9T031811_086","CA0150L9T031811","SACRAMENTO STEPS FORWARD","CA","2019-01-31","2019-01-31190310076619",522545
260011807,"ASST_NON_CA0002L9T001809_086","CA0002L9T001809","SOUTH COUNTY COMMUNITY SERVICES","CA","2019-01-31","2019-01-31190310076946",417042
260073552,"ASST_NON_CA1152L9T031807_086","CA1152L9T031807","SACRAMENTO STEPS FORWARD","CA","2019-01-31","2019-01-31190310076765",349053
260011852,"ASST_NON_CA0006L9T001810_086","CA0006L9T001810","SANTA CLARA, COUNTY OF","CA","2019-01-31","2019-01-31190310076919",747770
260023946,"ASST_NON_CA0133L9T031811_086","CA0133L9T031811","SACRAMENTO STEPS FORWARD","CA","2019-01-31","2019-01-31190310076592",361542
260023929,"ASST_NON_CA0132L9T031811_086","CA0132L9T031811","SACRAMENTO STEPS FORWARD","CA","2019-01-31","2019-01-31190310076586",369558
260061629,"ASST_NON_CA0840L9T131805_086","CA0840L9T131805","FAMILY SERVICES OF TULARE COUNTY","CA","2019-01-31","2019-01-31190310077833",63380
260084747,"ASST_NON_CA1542L9T031802_086","CA1542L9T031802","SACRAMENTO STEPS FORWARD","CA","2019-01-31","2019-01-31190310075874",2718161
260079160,"ASST_NON_CA1310L9T081803_086","CA1310L9T081803","COUNTY OF SANTA CRUZ","CA","2019-01-31","2019-01-31190310076278",105236
260024049,"ASST_NON_CA0143L9T031811_086","CA0143L9T031811","SACRAMENTO STEPS FORWARD","CA","2019-01-31","2019-01-31190310076601",452641
260058259,"ASST_NON_CA0750L9T031810_086","CA0750L9T031810","SACRAMENTO STEPS FORWARD","CA","2019-01-31","2019-01-31190310077956",1406802
269025394,"ASST_NON_NV0016L9T011811_086","NV0016L9T011811","VOLUNTEERS OF AMERICA NORTHERN CALIFORNIA AND NORTHERN NEVADA, INC.","CA","2019-01-31","2019-01-31190310075567",796803
260033430,"ASST_NON_CA0272L9T131806_086","CA0272L9T131806","FAMILY SERVICES OF TULARE COUNTY","CA","2019-01-31","2019-01-31190310078003",59248
260011823,"ASST_NON_CA0003L9T001809_086","CA0003L9T001809","SANTA CLARA, COUNTY OF","CA","2019-01-31","2019-01-31190310076925",591178
260084651,"ASST_NON_CA1526L9T001801_086","CA1526L9T001801","SANTA CLARA, COUNTY OF","CA","2019-01-31","2019-01-31190310076142",577827
260069634,"ASST_NON_CA1059L9T001806_086","CA1059L9T001806","SANTA CLARA, COUNTY OF","CA","2019-01-31","2019-01-31190310077594",160057
260070932,"ASST_NON_CA1086L9T131806_086","CA1086L9T131806","FAMILY SERVICES OF TULARE COUNTY","CA","2019-01-31","2019-01-31190310076784",103409
260083042,"ASST_NON_CA1469L9T031803_086","CA1469L9T031803","SACRAMENTO STEPS FORWARD","CA","2019-01-31","2019-01-31190310076064",722454
260073567,"ASST_NON_CA1155L9T051807_086","CA1155L9T051807","HOUSING AUTHORITY OF CONTRA COSTA COUNTY","CA","2019-01-31","2019-01-31190310076771",115731
260079686,"ASST_NON_CA1320L9T141804_086","CA1320L9T141804","TURNING POINT OF CENTRAL CALIFORNIA INC","CA","2019-01-31","2019-01-31190310076093",866656
260064257,"ASST_NON_CA0892L9T051809_086","CA0892L9T051809","HOUSING AUTHORITY OF CONTRA COSTA COUNTY","CA","2019-01-31","2019-01-31190310077788",92676
260081456,"ASST_NON_CA1403L9T131803_086","CA1403L9T131803","TURNING POINT OF CENTRAL CALIFORNIA INC","CA","2019-01-31","2019-01-31190310076202",165240
260078342,"ASST_NON_CA1276L9T051804_086","CA1276L9T051804","HOUSING AUTHORITY OF CONTRA COSTA COUNTY","CA","2019-01-31","2019-01-31190310076380",161312
260078331,"ASST_NON_CA1275L9T051803_086","CA1275L9T051803","HOUSING AUTHORITY OF CONTRA COSTA COUNTY","CA","2019-01-31","2019-01-31190310076374",6962943
260077214,"ASST_NON_CA1255L9T141804_086","CA1255L9T141804","TURNING POINT OF CENTRAL CALIFORNIA INC","CA","2019-01-31","2019-01-31190310076898",185984
260061643,"ASST_NON_CA0841L9T141807_086","CA0841L9T141807","TURNING POINT OF CENTRAL CALIFORNIA INC","CA","2019-01-31","2019-01-31190310077839",663060
260059581,"ASST_NON_CA0773L9T141810_086","CA0773L9T141810","TURNING POINT OF CENTRAL CALIFORNIA INC","CA","2019-01-31","2019-01-31190310077911",462809
260079190,"ASST_NON_CA1317L9T131803_086","CA1317L9T131803","TURNING POINT OF CENTRAL CALIFORNIA INC","CA","2019-01-31","2019-01-31190310076081",79991
260079186,"ASST_NON_CA1316L9T131803_086","CA1316L9T131803","TURNING POINT OF CENTRAL CALIFORNIA INC","CA","2019-01-31","2019-01-31190310076075",188404
260062303,"ASST_NON_CA0850L9T201807_086","CA0850L9T201807","TURNING POINT COMMUNITY PROGRAMS","CA","2019-01-31","2019-01-31190310077863",41567
260083340,"ASST_NON_CA1484L9T181803_086","CA1484L9T181803","COMMUNITY ACTION PARTNERSHIP OF SOLANO JPA","CA","2019-01-31","2019-01-31190310076130",219614
260083212,"ASST_NON_CA1479L9T131803_086","CA1479L9T131803","CENTRAL CALIFORNIA FAMILY CRISIS CENTER, INC.","CA","2019-01-31","2019-01-31190310076021",157166
260061751,"ASST_NON_CA0848L9T201807_086","CA0848L9T201807","TURNING POINT COMMUNITY PROGRAMS","CA","2019-01-31","2019-01-31190310077857",93424
260058751,"ASST_NON_CA0763L9T111808_086","CA0763L9T111808","SAN JOAQUIN COUNTY - HUMAN SERVICES AGENCY","CA","2019-01-31","2019-01-31190310077893",157581
260064331,"ASST_NON_CA0902L9T111809_086","CA0902L9T111809","SAN JOAQUIN COUNTY - HUMAN SERVICES AGENCY","CA","2019-01-31","2019-01-31190310077782",420483
260032380,"ASST_NON_CA0250L9T111810_086","CA0250L9T111810","SAN JOAQUIN COUNTY - HUMAN SERVICES AGENCY","CA","2019-01-31","2019-01-31190310078135",302390
260032432,"ASST_NON_CA0253L9T111811_086","CA0253L9T111811","SAN JOAQUIN COUNTY - HUMAN SERVICES AGENCY","CA","2019-01-31","2019-01-31190310078153",2194755
260032395,"ASST_NON_CA0251L9T111809_086","CA0251L9T111809","SAN JOAQUIN COUNTY - HUMAN SERVICES AGENCY","CA","2019-01-31","2019-01-31190310078141",153214
260058734,"ASST_NON_CA0761L9T111808_086","CA0761L9T111808","SAN JOAQUIN COUNTY - HUMAN SERVICES AGENCY","CA","2019-01-31","2019-01-31190310078031",152820
260058743,"ASST_NON_CA0762L9T111809_086","CA0762L9T111809","SAN JOAQUIN COUNTY - HUMAN SERVICES AGENCY","CA","2019-01-31","2019-01-31190310078037",211599
260031686,"ASST_NON_CA0248L9T111809_086","CA0248L9T111809","SAN JOAQUIN COUNTY - HUMAN SERVICES AGENCY","CA","2019-01-31","2019-01-31190310078129",98540
260061580,"ASST_NON_CA0835L9T111804_086","CA0835L9T111804","SAN JOAQUIN COUNTY - HUMAN SERVICES AGENCY","CA","2019-01-31","2019-01-31190310077827",248416
260032415,"ASST_NON_CA0252L9T111810_086","CA0252L9T111810","SAN JOAQUIN COUNTY - HUMAN SERVICES AGENCY","CA","2019-01-31","2019-01-31190310078147",412206
260078431,"ASST_NON_CA1283L9T121802_086","CA1283L9T121802","HOUSING AUTHORITY OF COUNTY OF SAN M","CA","2019-01-31","2019-01-31190310076211",301033
260080314,"ASST_NON_CA1332L9T261803_086","CA1332L9T261803","AMADOR TUOLUMNE COMMUNITY ACTION AGENCY","CA","2019-01-31","2019-01-31190310076111",34305
260029242,"ASST_NON_CA0205L9T061811_086","CA0205L9T061811","COMMUNITY HOMELESS SOLUTIONS","CA","2019-01-31","2019-01-31190310076462",169772
260085329,"ASST_NON_CA1587L9T261802_086","CA1587L9T261802","AMADOR TUOLUMNE COMMUNITY ACTION AGENCY","CA","2019-01-31","2019-01-31190310075800",50000
260022259,"ASST_NON_CA0101L9T021811_086","CA0101L9T021811","ALAMEDA COUNTY HOUSING & COMMUNITY DEVELOPMENT","CA","2019-01-31","2019-01-31190310076994",391907
260022951,"ASST_NON_CA0118L9T021811_086","CA0118L9T021811","ALAMEDA COUNTY HOUSING & COMMUNITY DEVELOPMENT","CA","2019-01-31","2019-01-31190310076420",1580130
260020905,"ASST_NON_CA0083L9T021811_086","CA0083L9T021811","ALAMEDA COUNTY HOUSING & COMMUNITY DEVELOPMENT","CA","2019-01-31","2019-01-31190310077379",505432
260020939,"ASST_NON_CA0085L9T021811_086","CA0085L9T021811","ALAMEDA COUNTY HOUSING & COMMUNITY DEVELOPMENT","CA","2019-01-31","2019-01-31190310077367",7253459
260079096,"ASST_NON_CA1298L9T021804_086","CA1298L9T021804","ALAMEDA COUNTY HOUSING & COMMUNITY DEVELOPMENT","CA","2019-01-31","2019-01-31190310076241",723228
260084733,"ASST_NON_CA1539L9T021802_086","CA1539L9T021802","ALAMEDA COUNTY HOUSING & COMMUNITY DEVELOPMENT","CA","2019-01-31","2019-01-31190310075862",1038171
260083032,"ASST_NON_CA1468L9T021803_086","CA1468L9T021803","ALAMEDA COUNTY HOUSING & COMMUNITY DEVELOPMENT","CA","2019-01-31","2019-01-31190310076058",978092
260022656,"ASST_NON_CA0110L9T021811_086","CA0110L9T021811","ALAMEDA COUNTY HOUSING & COMMUNITY DEVELOPMENT","CA","2019-01-31","2019-01-31190310076402",160183
260030853,"ASST_NON_CA0234L9T081811_086","CA0234L9T081811","HOUSING AUTHORITY OF THE COUNTY OF SANTA CRUZ","CA","2019-01-31","2019-01-31190310078169",747994
260079168,"ASST_NON_CA1312L9T121804_086","CA1312L9T121804","HOUSING AUTHORITY OF COUNTY OF SAN M","CA","2019-01-31","2019-01-31190310076284",2007598
260022276,"ASST_NON_CA0102L9T021811_086","CA0102L9T021811","ALAMEDA COUNTY HOUSING & COMMUNITY DEVELOPMENT","CA","2019-01-31","2019-01-31190310076958",315501
260116749,"ASST_NON_CA1751L9T081800_086","CA1751L9T081800","HOUSING AUTHORITY OF THE COUNTY OF SANTA CRUZ","CA","2019-01-31","2019-01-31190310075651",57067
260085338,"ASST_NON_CA1588L9T261802_086","CA1588L9T261802","AMADOR TUOLUMNE COMMUNITY ACTION AGENCY","CA","2019-01-31","2019-01-31190310075806",59504
260021835,"ASST_NON_CA0094L9T021811_086","CA0094L9T021811","ALAMEDA COUNTY HOUSING & COMMUNITY DEVELOPMENT","CA","2019-01-31","2019-01-31190310077000",81320
260020922,"ASST_NON_CA0084L9T021811_086","CA0084L9T021811","ALAMEDA COUNTY HOUSING & COMMUNITY DEVELOPMENT","CA","2019-01-31","2019-01-31190310077373",1403732
260079138,"ASST_NON_CA1307L9T071804_086","CA1307L9T071804","HOMEWARD BOUND OF MARIN","CA","2019-01-31","2019-01-31190310076266",696128
260029256,"ASST_NON_CA0206L9T061811_086","CA0206L9T061811","COMMUNITY HOMELESS SOLUTIONS","CA","2019-01-31","2019-01-31190310076468",101336
260022987,"ASST_NON_CA0119L9T021811_086","CA0119L9T021811","ALAMEDA COUNTY HOUSING & COMMUNITY DEVELOPMENT","CA","2019-01-31","2019-01-31190310076426",388651
260067562,"ASST_NON_CA0989L9T261806_086","CA0989L9T261806","AMADOR TUOLUMNE COMMUNITY ACTION AGENCY","CA","2019-01-31","2019-01-31190310077553",17400
260023855,"ASST_NON_CA0125L9T021811_086","CA0125L9T021811","ALAMEDA COUNTY HOUSING & COMMUNITY DEVELOPMENT","CA","2019-01-31","2019-01-31190310076568",42973
260029522,"ASST_NON_CA0218L9T071811_086","CA0218L9T071811","HOMEWARD BOUND OF MARIN","CA","2019-01-31","2019-01-31190310075380",413665
260032654,"ASST_NON_CA0265L9T121811_086","CA0265L9T121811","HOUSING AUTHORITY OF COUNTY OF SAN M","CA","2019-01-31","2019-01-31190310077997",1537446
260085249,"ASST_NON_CA1564L9T121802_086","CA1564L9T121802","HOUSING AUTHORITY OF COUNTY OF SAN M","CA","2019-01-31","2019-01-31190310075825",523111
260073538,"ASST_NON_CA1151L9T021807_086","CA1151L9T021807","ALAMEDA COUNTY HOUSING & COMMUNITY DEVELOPMENT","CA","2019-01-31","2019-01-31190310076759",2707400
260058767,"ASST_NON_CA0764L9T121810_086","CA0764L9T121810","HOUSING AUTHORITY OF COUNTY OF SAN M","CA","2019-01-31","2019-01-31190310077899",275947
260083185,"ASST_NON_CA1473L9T071803_086","CA1473L9T071803","HOMEWARD BOUND OF MARIN","CA","2019-01-31","2019-01-31190310076003",455396
260057725,"ASST_NON_CA0747L9T021810_086","CA0747L9T021810","ALAMEDA COUNTY HOUSING & COMMUNITY DEVELOPMENT","CA","2019-01-31","2019-01-31190310076357",670716
260083206,"ASST_NON_CA1477L9T121802_086","CA1477L9T121802","HOUSING AUTHORITY OF COUNTY OF SAN M","CA","2019-01-31","2019-01-31190310076015",758300
260066901,"ASST_NON_CA0968L9T121803_086","CA0968L9T121803","HOUSING AUTHORITY OF COUNTY OF SAN M","CA","2019-01-31","2019-01-31190310077636",4440931
260020966,"ASST_NON_CA0087L9T021811_086","CA0087L9T021811","ALAMEDA COUNTY HOUSING & COMMUNITY DEVELOPMENT","CA","2019-01-31","2019-01-31190310077018",1111092
260067699,"ASST_NON_CA1002L9D021806_086","CA1002L9D021806","AMERICAN FAMILY HOUSING","CA","2019-02-04","2019-02-04190350514782",518276
260045671,"ASST_NON_CA0562L9D021809_086","CA0562L9D021809","AMERICAN FAMILY HOUSING","CA","2019-02-04","2019-02-04190350516544",342087
260076548,"ASST_NON_CA1235L9D021805_086","CA1235L9D021805","SERVING PEOPLE IN NEED, INC","CA","2019-02-04","2019-02-04190350515383",437242
260065254,"ASST_NON_CA0938L9D091809_086","CA0938L9D091809","LUTHERAN SOCIAL SERVICES OF SOUTHERN CALIFORNIA","CA","2019-02-04","2019-02-04190350514923",76700
260095175,"ASST_NON_CA1692L9D011801_086","CA1692L9D011801","VIETNAM VETERANS OF SAN DIEGO","CA","2019-02-04","2019-02-04190350516039",205208
260081027,"ASST_NON_CA1372L9D111804_086","CA1372L9D111804","COUNTY OF VENTURA","CA","2019-02-04","2019-02-04190350516467",42990
260092992,"ASST_NON_CA1619L9D111802_086","CA1619L9D111802","COUNTY OF VENTURA","CA","2019-02-04","2019-02-04190350516124",180863
260081703,"ASST_NON_CA1434L9D011803_086","CA1434L9D011803","VIETNAM VETERANS OF SAN DIEGO","CA","2019-02-04","2019-02-04190350516527",242621
260081005,"ASST_NON_CA1370L9D091804_086","CA1370L9D091804","INLAND VALLEY COUNCIL OF CHURCHES","CA","2019-02-04","2019-02-04190350516353",138533
260069589,"ASST_NON_CA1053L9D111808_086","CA1053L9D111808","COUNTY OF VENTURA","CA","2019-02-04","2019-02-04190350514701",334865
260043663,"ASST_NON_CA0520L9D001811_086","CA0520L9D001811","UNITED STATES VETERANS INITIATIVE","CA","2019-02-04","2019-02-04190350515410",295315
260075407,"ASST_NON_CA1200L9D041805_086","CA1200L9D041805","BETHANY SERVICES","CA","2019-02-04","2019-02-04190350515319",121805
260084096,"ASST_NON_CA1513L9D021803_086","CA1513L9D021803","1736 FAMILY CRISIS CENTER","CA","2019-02-04","2019-02-04190350516214",371609
260048158,"ASST_NON_CA0607L9D041811_086","CA0607L9D041811","BETHANY SERVICES","CA","2019-02-04","2019-02-04190350515976",386810
260055004,"ASST_NON_CA0703L9D011811_086","CA0703L9D011811","COMMUNITY HOUSINGWORKS","CA","2019-02-04","2019-02-04190350515991",56144
260067746,"ASST_NON_CA1011L9D041807_086","CA1011L9D041807","BETHANY SERVICES","CA","2019-02-04","2019-02-04190350514807",45858
260084126,"ASST_NON_CA1517L9D041803_086","CA1517L9D041803","BETHANY SERVICES","CA","2019-02-04","2019-02-04190350516241",66463
260076540,"ASST_NON_CA1232L9D041805_086","CA1232L9D041805","BETHANY SERVICES","CA","2019-02-04","2019-02-04190350515377",100924
260077863,"ASST_NON_CA1269L9D021805_086","CA1269L9D021805","INTERVAL HOUSE","CA","2019-02-04","2019-02-04190350515185",89879
260055068,"ASST_NON_CA0709L9D011811_086","CA0709L9D011811","COMMUNITY HOUSINGWORKS","CA","2019-02-04","2019-02-04190350515225",80049
260072863,"ASST_NON_CA1126L9D041805_086","CA1126L9D041805","BETHANY SERVICES","CA","2019-02-04","2019-02-04190350514632",48500
260067816,"ASST_NON_CA1025L9D011804_086","CA1025L9D011804","COMMUNITY HOUSINGWORKS","CA","2019-02-04","2019-02-04190350514758",68468
260042658,"ASST_NON_CA0485L9D001811_086","CA0485L9D001811","1736 FAMILY CRISIS CENTER","CA","2019-02-04","2019-02-04190350514863",531763
260065180,"ASST_NON_CA0936L9D081809_086","CA0936L9D081809","RIVERSIDE, COUNTY OF","CA","2019-02-04","2019-02-04190350514917",124285
260116599,"ASST_NON_CA1708L9D081801_086","CA1708L9D081801","RIVERSIDE, COUNTY OF","CA","2019-02-04","2019-02-04190350515985",328302
260052268,"ASST_NON_CA0665L9D081808_086","CA0665L9D081808","RIVERSIDE, COUNTY OF","CA","2019-02-04","2019-02-04190350515854",233891
260084042,"ASST_NON_CA1505L9D001803_086","CA1505L9D001803","LOS ANGELES COUNTY DEVELOPMENT AUTHORITY LACDA","CA","2019-02-04","2019-02-04190350516309",910376
260064415,"ASST_NON_CA0914L9D001809_086","CA0914L9D001809","LOS ANGELES COUNTY DEVELOPMENT AUTHORITY LACDA","CA","2019-02-04","2019-02-04190350514988",291484
260060185,"ASST_NON_CA0792L9D001810_086","CA0792L9D001810","LOS ANGELES COUNTY DEVELOPMENT AUTHORITY LACDA","CA","2019-02-04","2019-02-04190350515106",447258
260080608,"ASST_NON_CA1364L9D081804_086","CA1364L9D081804","RIVERSIDE, COUNTY OF","CA","2019-02-04","2019-02-04190350516335",1297890
260052726,"ASST_NON_CA0675L9D081811_086","CA0675L9D081811","RIVERSIDE, COUNTY OF","CA","2019-02-04","2019-02-04190350515802",128286
260085376,"ASST_NON_CA1597L9D001802_086","CA1597L9D001802","LOS ANGELES COUNTY DEVELOPMENT AUTHORITY LACDA","CA","2019-02-04","2019-02-04190350516270",867728
260080627,"ASST_NON_CA1367L9D081804_086","CA1367L9D081804","RIVERSIDE, COUNTY OF","CA","2019-02-04","2019-02-04190350516347",258690
260052696,"ASST_NON_CA0672L9D081811_086","CA0672L9D081811","RIVERSIDE, COUNTY OF","CA","2019-02-04","2019-02-04190350515672",344072
260068836,"ASST_NON_CA1046L9D001808_086","CA1046L9D001808","LOS ANGELES COUNTY DEVELOPMENT AUTHORITY LACDA","CA","2019-02-04","2019-02-04190350514764",3056748
260092966,"ASST_NON_CA1613L9D081802_086","CA1613L9D081802","RIVERSIDE, COUNTY OF","CA","2019-02-04","2019-02-04190350516195",874885
260057688,"ASST_NON_CA0742L9D001811_086","CA0742L9D001811","LOS ANGELES COUNTY DEVELOPMENT AUTHORITY LACDA","CA","2019-02-04","2019-02-04190350515239",857972
260080397,"ASST_NON_CA1342L9D001804_086","CA1342L9D001804","LOS ANGELES COUNTY DEVELOPMENT AUTHORITY LACDA","CA","2019-02-04","2019-02-04190350516473",1191643
260073578,"ASST_NON_CA1157L9D001807_086","CA1157L9D001807","LOS ANGELES COUNTY DEVELOPMENT AUTHORITY LACDA","CA","2019-02-04","2019-02-04190350515275",243851
260080417,"ASST_NON_CA1344L9D001804_086","CA1344L9D001804","LOS ANGELES COUNTY DEVELOPMENT AUTHORITY LACDA","CA","2019-02-04","2019-02-04190350516485",1182458
260042431,"ASST_NON_CA0465L9D001811_086","CA0465L9D001811","LOS ANGELES COUNTY DEVELOPMENT AUTHORITY LACDA","CA","2019-02-04","2019-02-04190350515696",3069068
260067641,"ASST_NON_CA0998L9D001803_086","CA0998L9D001803","LOS ANGELES COUNTY DEVELOPMENT AUTHORITY LACDA","CA","2019-02-04","2019-02-04190350514972",572640
260082830,"ASST_NON_CA1450L9D081803_086","CA1450L9D081803","RIVERSIDE, COUNTY OF","CA","2019-02-04","2019-02-04190350516390",371386
260064430,"ASST_NON_CA0915L9D001809_086","CA0915L9D001809","LOS ANGELES COUNTY DEVELOPMENT AUTHORITY LACDA","CA","2019-02-04","2019-02-04190350514994",346636
260071918,"ASST_NON_CA1109L9D001802_086","CA1109L9D001802","LOS ANGELES COUNTY DEVELOPMENT AUTHORITY LACDA","CA","2019-02-04","2019-02-04190350514734",409434
260040712,"ASST_NON_CA0421L9D001811_086","CA0421L9D001811","LOS ANGELES COUNTY DEVELOPMENT AUTHORITY LACDA","CA","2019-02-04","2019-02-04190350515633",964103
260071894,"ASST_NON_CA1104L9D001802_086","CA1104L9D001802","LOS ANGELES COUNTY DEVELOPMENT AUTHORITY LACDA","CA","2019-02-04","2019-02-04190350514719",409041
260054442,"ASST_NON_CA0693L9D011811_086","CA0693L9D011811","MENTAL HEALTH SYSTEMS, INC.","CA","2019-02-04","2019-02-04190350515759",375620
260082430,"ASST_NON_CA1449L9D081803_086","CA1449L9D081803","RIVERSIDE, COUNTY OF","CA","2019-02-04","2019-02-04190350516384",5e+05
260075888,"ASST_NON_CA1218L9D001806_086","CA1218L9D001806","LOS ANGELES COUNTY DEVELOPMENT AUTHORITY LACDA","CA","2019-02-04","2019-02-04190350515343",110577
260072902,"ASST_NON_CA1136L9D081807_086","CA1136L9D081807","RIVERSIDE, COUNTY OF","CA","2019-02-04","2019-02-04190350514638",485130
260084022,"ASST_NON_CA1503L9D001803_086","CA1503L9D001803","LOS ANGELES COUNTY DEVELOPMENT AUTHORITY LACDA","CA","2019-02-04","2019-02-04190350516296",404180
260052257,"ASST_NON_CA0664L9D081805_086","CA0664L9D081805","RIVERSIDE, COUNTY OF","CA","2019-02-04","2019-02-04190350515449",995913
260093230,"ASST_NON_CA1634L9D081802_086","CA1634L9D081802","RIVERSIDE, COUNTY OF","CA","2019-02-04","2019-02-04190350516081",517921
260082402,"ASST_NON_CA1442L9D031803_086","CA1442L9D031803","SANTA BARBARA COMMUNITY HOUSING CORPORATION","CA","2019-02-04","2019-02-04190350516372",79444
260064400,"ASST_NON_CA0913L9D001809_086","CA0913L9D001809","LOS ANGELES COUNTY DEVELOPMENT AUTHORITY LACDA","CA","2019-02-04","2019-02-04190350514982",1502900
260095144,"ASST_NON_CA1687L9D001801_086","CA1687L9D001801","LOS ANGELES COUNTY DEVELOPMENT AUTHORITY LACDA","CA","2019-02-04","2019-02-04190350516105",1127549
260069607,"ASST_NON_CA1055L9D081808_086","CA1055L9D081808","RIVERSIDE, COUNTY OF","CA","2019-02-04","2019-02-04190350514707",126264
260095150,"ASST_NON_CA1688L9D001801_086","CA1688L9D001801","LOS ANGELES COUNTY DEVELOPMENT AUTHORITY LACDA","CA","2019-02-04","2019-02-04190350516111",3275472
260037646,"ASST_NON_CA0339L9D001811_086","CA0339L9D001811","LOS ANGELES COUNTY DEVELOPMENT AUTHORITY LACDA","CA","2019-02-04","2019-02-04190350515578",512228
260073591,"ASST_NON_CA1158L9D001807_086","CA1158L9D001807","LOS ANGELES COUNTY DEVELOPMENT AUTHORITY LACDA","CA","2019-02-04","2019-02-04190350515281",375085
260052675,"ASST_NON_CA0670L9D081811_086","CA0670L9D081811","RIVERSIDE, COUNTY OF","CA","2019-02-04","2019-02-04190350515945",1647760
260095207,"ASST_NON_CA1698L9D011801_086","CA1698L9D011801","MENTAL HEALTH SYSTEMS, INC.","CA","2019-02-04","2019-02-04190350516069",170324
260085370,"ASST_NON_CA1596L9D001802_086","CA1596L9D001802","LOS ANGELES COUNTY DEVELOPMENT AUTHORITY LACDA","CA","2019-02-04","2019-02-04190350516264",1097283
260052813,"ASST_NON_CA0679L9D081811_086","CA0679L9D081811","RIVERSIDE, COUNTY OF","CA","2019-02-04","2019-02-04190350515796",360127
260060787,"ASST_NON_CA0800L9D001810_086","CA0800L9D001810","LOS ANGELES COUNTY DEVELOPMENT AUTHORITY LACDA","CA","2019-02-04","2019-02-04190350515130",212130
260065165,"ASST_NON_CA0935L9D081809_086","CA0935L9D081809","RIVERSIDE, COUNTY OF","CA","2019-02-04","2019-02-04190350514911",499496
260075900,"ASST_NON_CA1219L9D001806_086","CA1219L9D001806","LOS ANGELES COUNTY DEVELOPMENT AUTHORITY LACDA","CA","2019-02-04","2019-02-04190350515349",349949
260048778,"ASST_NON_CA0618L9D111811_086","CA0618L9D111811","HOUSING AUTHORITY OF CITY OF SAN BUE","CA","2019-02-04","2019-02-04190350516024",98169
260084015,"ASST_NON_CA1502L9D001803_086","CA1502L9D001803","LOS ANGELES COUNTY DEVELOPMENT AUTHORITY LACDA","CA","2019-02-04","2019-02-04190350515564",1180582
260080619,"ASST_NON_CA1365L9D081804_086","CA1365L9D081804","RIVERSIDE, COUNTY OF","CA","2019-02-04","2019-02-04190350516341",338913
260042390,"ASST_NON_CA0462L9D001811_086","CA0462L9D001811","CITY OF POMONA","CA","2019-02-04","2019-02-04190350515741",1158655
260084032,"ASST_NON_CA1504L9D001803_086","CA1504L9D001803","LOS ANGELES COUNTY DEVELOPMENT AUTHORITY LACDA","CA","2019-02-04","2019-02-04190350516303",443989
260055051,"ASST_NON_CA0708L9D011811_086","CA0708L9D011811","MENTAL HEALTH SYSTEMS, INC.","CA","2019-02-04","2019-02-04190350515219",282511
260062949,"ASST_NON_CA0860L9D001804_086","CA0860L9D001804","LOS ANGELES COUNTY DEVELOPMENT AUTHORITY LACDA","CA","2019-02-04","2019-02-04190350515087",299054
260053691,"ASST_NON_CA0689L9D011805_086","CA0689L9D011805","MENTAL HEALTH SYSTEMS, INC.","CA","2019-02-04","2019-02-04190350516574",374689
260080406,"ASST_NON_CA1343L9D001804_086","CA1343L9D001804","LOS ANGELES COUNTY DEVELOPMENT AUTHORITY LACDA","CA","2019-02-04","2019-02-04190350516479",478195
260067774,"ASST_NON_CA1017L9D081803_086","CA1017L9D081803","RIVERSIDE, COUNTY OF","CA","2019-02-04","2019-02-04190350514819",71435
260039343,"ASST_NON_CA0365L9D001811_086","CA0365L9D001811","LOS ANGELES COUNTY DEVELOPMENT AUTHORITY LACDA","CA","2019-02-04","2019-02-04190350515814",3277050
260073604,"ASST_NON_CA1159L9D001807_086","CA1159L9D001807","LOS ANGELES COUNTY DEVELOPMENT AUTHORITY LACDA","CA","2019-02-04","2019-02-04190350515287",199972
260048128,"ASST_NON_CA0605L9D041811_086","CA0605L9D041811","GREATER BAKERSFIELD LEGAL ASSISTANCE INC","CA","2019-02-04","2019-02-04190350515678",117643
260077237,"ASST_NON_CA1257L9D011804_086","CA1257L9D011804","THE ASSOCIATION FOR COMMUNITY HOUSING SOLUTIONS","CA","2019-02-04","2019-02-04190350515173",165507
260064653,"ASST_NON_CA0926L9D011809_086","CA0926L9D011809","THE ASSOCIATION FOR COMMUNITY HOUSING SOLUTIONS","CA","2019-02-04","2019-02-04190350514899",169161
260060828,"ASST_NON_CA0803L9D011810_086","CA0803L9D011810","THE ASSOCIATION FOR COMMUNITY HOUSING SOLUTIONS","CA","2019-02-04","2019-02-04190350515051",469340
260072910,"ASST_NON_CA1137L9D091807_086","CA1137L9D091807","TIME FOR CHANGE FOUNDATION","CA","2019-02-04","2019-02-04190350514644",363162
260067793,"ASST_NON_CA1019L9D091806_086","CA1019L9D091806","LIGHTHOUSE SOCIAL SERVICE CENTERS","CA","2019-02-04","2019-02-04190350514750",490878
260081693,"ASST_NON_CA1433L9D011803_086","CA1433L9D011803","CRISIS HOUSE","CA","2019-02-04","2019-02-04190350516521",486459
260072934,"ASST_NON_CA1139L9D091807_086","CA1139L9D091807","LIGHTHOUSE SOCIAL SERVICE CENTERS","CA","2019-02-04","2019-02-04190350514666",330835
260054987,"ASST_NON_CA0702L9D011811_086","CA0702L9D011811","REGIONAL TASK FORCE ON THE HOMELESS, INC","CA","2019-02-04","2019-02-04190350515621",734003
260095166,"ASST_NON_CA1690L9D011801_086","CA1690L9D011801","CRISIS HOUSE","CA","2019-02-04","2019-02-04190350516033",384630
260047055,"ASST_NON_CA0595L9D031811_086","CA0595L9D031811","COUNTY OF SANTA BARBARA ALCOHOL, DRUG, MENTAL HEALTH","CA","2019-02-04","2019-02-04190350514826",115315
260084076,"ASST_NON_CA1511L9D011803_086","CA1511L9D011803","REGIONAL TASK FORCE ON THE HOMELESS, INC","CA","2019-02-04","2019-02-04190350516407",707000
260095191,"ASST_NON_CA1694L9D011801_086","CA1694L9D011801","VOLUNTEERS OF AMERICA, SOUTHWEST CALIFORNIA, INCORPORATION","CA","2019-02-04","2019-02-04190350516051",324361
260095193,"ASST_NON_CA1695L9D011801_086","CA1695L9D011801","VOLUNTEERS OF AMERICA, SOUTHWEST CALIFORNIA, INCORPORATION","CA","2019-02-04","2019-02-04190350516057",314390
260116572,"ASST_NON_CA1700L9D031801_086","CA1700L9D031801","COUNTY OF SANTA BARBARA","CA","2019-02-04","2019-02-04190350515958",130675
260047177,"ASST_NON_CA0598L9D031811_086","CA0598L9D031811","COUNTY OF SANTA BARBARA","CA","2019-02-04","2019-02-04190350514629",169050
260048177,"ASST_NON_CA0609L9D041811_086","CA0609L9D041811","CLINICA SIERRA VISTA","CA","2019-02-04","2019-02-04190350516129",99098
260074998,"ASST_NON_CA1198L9D041805_086","CA1198L9D041805","CLINICA SIERRA VISTA","CA","2019-02-04","2019-02-04190350515313",136468
260050976,"ASST_NON_CA0646U9D061811_086","CA0646U9D061811","CITY OF LONG BEACH","CA","2019-02-04","2019-02-04190350515708",619808
260051811,"ASST_NON_CA0659L9D071811_086","CA0659L9D071811","CITY OF PASADENA","CA","2019-02-04","2019-02-04190350514789",140378
260077293,"ASST_NON_CA1259L9D071805_086","CA1259L9D071805","CITY OF PASADENA","CA","2019-02-04","2019-02-04190350515179",183407
260051768,"ASST_NON_CA0655L9D071811_086","CA0655L9D071811","CITY OF PASADENA","CA","2019-02-04","2019-02-04190350515690",175355
260080597,"ASST_NON_CA1363L9D071804_086","CA1363L9D071804","CITY OF PASADENA","CA","2019-02-04","2019-02-04190350516329",940997
260116581,"ASST_NON_CA1702L9D031801_086","CA1702L9D031801","NBCC, A CALIFORNIA PUBLIC BENEFIT NONPROFIT CORPORATION","CA","2019-02-04","2019-02-04190350515964",103787
260049884,"ASST_NON_CA0632U9D061811_086","CA0632U9D061811","CITY OF LONG BEACH","CA","2019-02-04","2019-02-04190350515892",725807
260050982,"ASST_NON_CA0647U9D061811_086","CA0647U9D061811","CITY OF LONG BEACH","CA","2019-02-04","2019-02-04190350515720",227320
260051747,"ASST_NON_CA0652U9D061810_086","CA0652U9D061810","CITY OF LONG BEACH","CA","2019-02-04","2019-02-04190350515702",221888
260050967,"ASST_NON_CA0644U9D061811_086","CA0644U9D061811","CITY OF LONG BEACH","CA","2019-02-04","2019-02-04190350515910",1275875
260065148,"ASST_NON_CA0932U9D061809_086","CA0932U9D061809","CITY OF LONG BEACH","CA","2019-02-04","2019-02-04190350514905",122010
260072962,"ASST_NON_CA1143L9D091807_086","CA1143L9D091807","UNITED STATES VETERANS INITIATIVE","CA","2019-02-04","2019-02-04190350514678",1028277
260076531,"ASST_NON_CA1231L9D021805_086","CA1231L9D021805","PATHWAYS OF HOPE","CA","2019-02-04","2019-02-04190350515371",285875
260051794,"ASST_NON_CA0658L9D071811_086","CA0658L9D071811","CITY OF PASADENA","CA","2019-02-04","2019-02-04190350514795",262516
260080483,"ASST_NON_CA1359U9D061802_086","CA1359U9D061802","CITY OF LONG BEACH","CA","2019-02-04","2019-02-04190350516323",380948
260063552,"ASST_NON_CA0873L9D071804_086","CA0873L9D071804","CITY OF PASADENA","CA","2019-02-04","2019-02-04190350515021",356585
260052238,"ASST_NON_CA0662L9D071811_086","CA0662L9D071811","CITY OF PASADENA","CA","2019-02-04","2019-02-04190350515455",857170
260051740,"ASST_NON_CA0651U9D061811_086","CA0651U9D061811","CITY OF LONG BEACH","CA","2019-02-04","2019-02-04190350515726",249665
260049901,"ASST_NON_CA0635U9D061811_086","CA0635U9D061811","CITY OF LONG BEACH","CA","2019-02-04","2019-02-04190350515859",332030
260051734,"ASST_NON_CA0650U9D061811_086","CA0650U9D061811","CITY OF LONG BEACH","CA","2019-02-04","2019-02-04190350515783",298380
260049890,"ASST_NON_CA0633U9D061811_086","CA0633U9D061811","CITY OF LONG BEACH","CA","2019-02-04","2019-02-04190350515885",226963
260052217,"ASST_NON_CA0660L9D071811_086","CA0660L9D071811","CITY OF PASADENA","CA","2019-02-04","2019-02-04190350514679",46226
260092880,"ASST_NON_CA1608U9D061802_086","CA1608U9D061802","CITY OF LONG BEACH","CA","2019-02-04","2019-02-04190350516189",385333
260039562,"ASST_NON_CA0387L9D001811_086","CA0387L9D001811","HOMES FOR LIFE FOUNDATION","CA","2019-02-04","2019-02-04190350515768",77963
260051039,"ASST_NON_CA0649U9D061811_086","CA0649U9D061811","CITY OF LONG BEACH","CA","2019-02-04","2019-02-04190350515714",230137
260049302,"ASST_NON_CA0627U9D061811_086","CA0627U9D061811","CITY OF LONG BEACH","CA","2019-02-04","2019-02-04190350515904",489879
260050951,"ASST_NON_CA0641U9D061811_086","CA0641U9D061811","CITY OF LONG BEACH","CA","2019-02-04","2019-02-04190350515837",842737
260116590,"ASST_NON_CA1706L9D071801_086","CA1706L9D071801","CITY OF PASADENA","CA","2019-02-04","2019-02-04190350515970",150221
260049291,"ASST_NON_CA0625U9D061811_086","CA0625U9D061811","CITY OF LONG BEACH","CA","2019-02-04","2019-02-04190350515873",397668
260048102,"ASST_NON_CA0603L9D031811_086","CA0603L9D031811","HOUSING AUTHORITY OF THE CITY OF SANTA BARBARA","CA","2019-02-04","2019-02-04190350515590",846288
260049277,"ASST_NON_CA0622U9D061811_086","CA0622U9D061811","CITY OF LONG BEACH","CA","2019-02-04","2019-02-04190350516012",224843
260067710,"ASST_NON_CA1004L9D031804_086","CA1004L9D031804","HOUSING AUTHORITY OF THE CITY OF SANTA BARBARA","CA","2019-02-04","2019-02-04190350514801",105655
260082412,"ASST_NON_CA1447L9D071803_086","CA1447L9D071803","CITY OF PASADENA","CA","2019-02-04","2019-02-04190350516378",124423
260049313,"ASST_NON_CA0629U9D061811_086","CA0629U9D061811","CITY OF LONG BEACH","CA","2019-02-04","2019-02-04190350515898",168270
260084169,"ASST_NON_CA1518U9D061803_086","CA1518U9D061803","CITY OF LONG BEACH","CA","2019-02-04","2019-02-04190350516281",299503
260080434,"ASST_NON_CA1348L9D011804_086","CA1348L9D011804","ST. VINCENT DE PAUL VILLAGE, INC.","CA","2019-02-04","2019-02-04190350516491",806622
260084053,"ASST_NON_CA1508L9D011803_086","CA1508L9D011803","ALPHA PROJECT FOR THE HOMELESS","CA","2019-02-04","2019-02-04190350516315",525598
260080452,"ASST_NON_CA1350L9D021804_086","CA1350L9D021804","FAMILIES FORWARD, INC.","CA","2019-02-04","2019-02-04190350516503",393565
260093105,"ASST_NON_CA1625L9D131802_086","CA1625L9D131802","IMPERIAL COUNTY","CA","2019-02-04","2019-02-04190350516143",44000
260084086,"ASST_NON_CA1512L9D021803_086","CA1512L9D021803","THE ILLUMINATION FOUNDATION","CA","2019-02-04","2019-02-04190350516413",1727704
260092672,"ASST_NON_CA1600L9D011802_086","CA1600L9D011802","ALPHA PROJECT FOR THE HOMELESS","CA","2019-02-04","2019-02-04190350516167",1254398
260081715,"ASST_NON_CA1436L9D011803_086","CA1436L9D011803","SALVATION ARMY, THE","CA","2019-02-04","2019-02-04190350516533",390637
260060812,"ASST_NON_CA0802L9D011810_086","CA0802L9D011810","ST. VINCENT DE PAUL VILLAGE, INC.","CA","2019-02-04","2019-02-04190350515136",51230
260084066,"ASST_NON_CA1510L9D011803_086","CA1510L9D011803","ST. VINCENT DE PAUL VILLAGE, INC.","CA","2019-02-04","2019-02-04190350516362",1723829
260072841,"ASST_NON_CA1121L9D021806_086","CA1121L9D021806","THE ILLUMINATION FOUNDATION","CA","2019-02-04","2019-02-04190350514619",406749
260081689,"ASST_NON_CA1432L9D011803_086","CA1432L9D011803","ST. VINCENT DE PAUL VILLAGE, INC.","CA","2019-02-04","2019-02-04190350516515",737121
260093206,"ASST_NON_CA1628L9D141802_086","CA1628L9D141802","COUNTY OF SAN LUIS OBISPO","CA","2019-02-04","2019-02-04190350516155",220554
260093215,"ASST_NON_CA1629L9D141802_086","CA1629L9D141802","COUNTY OF SAN LUIS OBISPO","CA","2019-02-04","2019-02-04190350516161",59126
260073626,"ASST_NON_CA1164L9D021807_086","CA1164L9D021807","COLETTE'S CHILDREN HOME, INC.","CA","2019-02-04","2019-02-04190350515293",107934
260063049,"ASST_NON_CA0869L9D041806_086","CA0869L9D041806","THE OPEN DOOR NETWORK","CA","2019-02-04","2019-02-04190350515015",133139
260056965,"ASST_NON_CA0737L9D141810_086","CA0737L9D141810","COUNTY OF SAN LUIS OBISPO","CA","2019-02-04","2019-02-04190350515213",61160
260065269,"ASST_NON_CA0939L9D091809_086","CA0939L9D091809","COUNTY OF SAN BERNARDINO","CA","2019-02-04","2019-02-04190350514939",250158
260057076,"ASST_NON_CA0739L9D141810_086","CA0739L9D141810","COUNTY OF SAN LUIS OBISPO","CA","2019-02-04","2019-02-04190350515233",335832
260093142,"ASST_NON_CA1627L9D141802_086","CA1627L9D141802","COUNTY OF SAN LUIS OBISPO","CA","2019-02-04","2019-02-04190350516149",263021
260076354,"ASST_NON_CA1228L9D021805_086","CA1228L9D021805","COLETTE'S CHILDREN HOME, INC.","CA","2019-02-04","2019-02-04190350515365",189238
260042743,"ASST_NON_CA0489L9D001811_086","CA0489L9D001811","SU CASA ~ ENDING DOMESTIC VIOLENCE","CA","2019-02-04","2019-02-04190350514857",53462
260055521,"ASST_NON_CA0714L9D011811_086","CA0714L9D011811","CITY OF OCEANSIDE","CA","2019-02-04","2019-02-04190350515231",145091
260037512,"ASST_NON_CA0331L9D001811_086","CA0331L9D001811","A COMMUNITY OF FRIENDS","CA","2019-02-04","2019-02-04190350514845",192130
260072327,"ASST_NON_CA1119L9D021806_086","CA1119L9D021806","FRIENDSHIP SHELTER, INC.","CA","2019-02-04","2019-02-04190350514607",550552
260081016,"ASST_NON_CA1371L9D091804_086","CA1371L9D091804","KNOWLEDGE, EDUCATION FOR YOUR SUCCESS, INC.","CA","2019-02-04","2019-02-04190350516423",236425
260067757,"ASST_NON_CA1012L9D041807_086","CA1012L9D041807","FLOOD BAKERSFIELD MINISTRIES, INC","CA","2019-02-04","2019-02-04190350514813",94263
260046292,"ASST_NON_CA0577L9D021811_086","CA0577L9D021811","ORANGE COUNTY HOUSING AUTHORITY","CA","2019-02-04","2019-02-04190350515398",316318
260084640,"ASST_NON_CA1521L9D111803_086","CA1521L9D111803","VENTURA, COUNTY OF","CA","2019-02-04","2019-02-04190350516246",150000
260092974,"ASST_NON_CA1617L9D091802_086","CA1617L9D091802","KNOWLEDGE, EDUCATION FOR YOUR SUCCESS, INC.","CA","2019-02-04","2019-02-04190350516201",279624
260060909,"ASST_NON_CA0811L9D041810_086","CA0811L9D041810","HOUSING AUTHORITY OF THE COUNTY OF KERN","CA","2019-02-04","2019-02-04190350515075",2499622
260055537,"ASST_NON_CA0715L9D111811_086","CA0715L9D111811","VENTURA, COUNTY OF","CA","2019-02-04","2019-02-04190350515246",90778
260062989,"ASST_NON_CA0865L9D021805_086","CA0865L9D021805","ORANGE COUNTY HOUSING AUTHORITY","CA","2019-02-04","2019-02-04190350514980",2372281
260093095,"ASST_NON_CA1623L9D131802_086","CA1623L9D131802","WOMANHAVEN","CA","2019-02-04","2019-02-04190350516137",121691
260060845,"ASST_NON_CA0804L9D021810_086","CA0804L9D021810","ORANGE COUNTY HOUSING AUTHORITY","CA","2019-02-04","2019-02-04190350515068",1554632
260038655,"ASST_NON_CA0359L9D001811_086","CA0359L9D001811","CITY OF SANTA MONICA","CA","2019-02-04","2019-02-04190350514783",3640550
260074986,"ASST_NON_CA1197L9D041805_086","CA1197L9D041805","HOUSING AUTHORITY OF THE COUNTY OF KERN","CA","2019-02-04","2019-02-04190350515305",413480
260092983,"ASST_NON_CA1618L9D111802_086","CA1618L9D111802","VENTURA, COUNTY OF","CA","2019-02-04","2019-02-04190350516207",359979
260072320,"ASST_NON_CA1118L9D021803_086","CA1118L9D021803","ORANGE COUNTY HOUSING AUTHORITY","CA","2019-02-04","2019-02-04190350514601",66861
260046349,"ASST_NON_CA0581L9D021811_086","CA0581L9D021811","ORANGE COUNTY HOUSING AUTHORITY","CA","2019-02-04","2019-02-04190350515386",3589979
260067687,"ASST_NON_CA1000L9D021804_086","CA1000L9D021804","ORANGE COUNTY HOUSING AUTHORITY","CA","2019-02-04","2019-02-04190350514776",257139
260077134,"ASST_NON_CA1240L9D111805_086","CA1240L9D111805","VENTURA, COUNTY OF","CA","2019-02-04","2019-02-04190350515155",81829
260084122,"ASST_NON_CA1516L9D041803_086","CA1516L9D041803","HOUSING AUTHORITY OF THE COUNTY OF KERN","CA","2019-02-04","2019-02-04190350516235",1164563
260045649,"ASST_NON_CA0560L9D021806_086","CA0560L9D021806","ORANGE COUNTY HOUSING AUTHORITY","CA","2019-02-04","2019-02-04190350516550",1851486
260040814,"ASST_NON_CA0430L9D001811_086","CA0430L9D001811","LOS ANGELES HOMELESS SERVICES AUTHORITY","CA","2019-02-04","2019-02-04190350515659",444463
260038365,"ASST_NON_CA0347L9D001811_086","CA0347L9D001811","LOS ANGELES HOMELESS SERVICES AUTHORITY","CA","2019-02-04","2019-02-04190350515501",460356
260074973,"ASST_NON_CA1195L9D001805_086","CA1195L9D001805","LOS ANGELES HOMELESS SERVICES AUTHORITY","CA","2019-02-04","2019-02-04190350515299",479058
260039551,"ASST_NON_CA0386L9D001811_086","CA0386L9D001811","LOS ANGELES HOMELESS SERVICES AUTHORITY","CA","2019-02-04","2019-02-04190350514869",114239
260081827,"ASST_NON_CA1439L9D021803_086","CA1439L9D021803","COUNTY OF ORANGE","CA","2019-02-04","2019-02-04190350516366",907239
260040275,"ASST_NON_CA0414L9D001811_086","CA0414L9D001811","LOS ANGELES HOMELESS SERVICES AUTHORITY","CA","2019-02-04","2019-02-04190350515994",1141640
260067595,"ASST_NON_CA0994L9D001805_086","CA0994L9D001805","LOS ANGELES HOMELESS SERVICES AUTHORITY","CA","2019-02-04","2019-02-04190350514934",956836
260067583,"ASST_NON_CA0993L9D001806_086","CA0993L9D001806","LOS ANGELES HOMELESS SERVICES AUTHORITY","CA","2019-02-04","2019-02-04190350514928",395880
260039431,"ASST_NON_CA0373L9D001811_086","CA0373L9D001811","LOS ANGELES HOMELESS SERVICES AUTHORITY","CA","2019-02-04","2019-02-04190350515765",35666
260038286,"ASST_NON_CA0340L9D001811_086","CA0340L9D001811","LOS ANGELES HOMELESS SERVICES AUTHORITY","CA","2019-02-04","2019-02-04190350515780",233625
260043734,"ASST_NON_CA0527L9D001811_086","CA0527L9D001811","LOS ANGELES HOMELESS SERVICES AUTHORITY","CA","2019-02-04","2019-02-04190350515440",584327
260038638,"ASST_NON_CA0358L9D001811_086","CA0358L9D001811","LOS ANGELES HOMELESS SERVICES AUTHORITY","CA","2019-02-04","2019-02-04190350515479",865913
260080338,"ASST_NON_CA1336L9D001804_086","CA1336L9D001804","LOS ANGELES HOMELESS SERVICES AUTHORITY","CA","2019-02-04","2019-02-04190350516439",430683
260042448,"ASST_NON_CA0466L9D001811_086","CA0466L9D001811","LOS ANGELES HOMELESS SERVICES AUTHORITY","CA","2019-02-04","2019-02-04190350515569",264648
260095132,"ASST_NON_CA1685L9D001801_086","CA1685L9D001801","LOS ANGELES HOMELESS SERVICES AUTHORITY","CA","2019-02-04","2019-02-04190350516093",1239795
260095136,"ASST_NON_CA1686L9D001801_086","CA1686L9D001801","LOS ANGELES HOMELESS SERVICES AUTHORITY","CA","2019-02-04","2019-02-04190350516099",1609957
260043692,"ASST_NON_CA0523L9D001811_086","CA0523L9D001811","LOS ANGELES HOMELESS SERVICES AUTHORITY","CA","2019-02-04","2019-02-04190350515404",354546
260068950,"ASST_NON_CA1048L9D001808_086","CA1048L9D001808","LOS ANGELES HOMELESS SERVICES AUTHORITY","CA","2019-02-04","2019-02-04190350514770",311287
260038300,"ASST_NON_CA0341L9D001811_086","CA0341L9D001811","LOS ANGELES HOMELESS SERVICES AUTHORITY","CA","2019-02-04","2019-02-04190350515774",276862
260048141,"ASST_NON_CA0606L9D041811_086","CA0606L9D041811","COUNTY OF KERN","CA","2019-02-04","2019-02-04190350516000",80409
260095124,"ASST_NON_CA1684L9D001801_086","CA1684L9D001801","LOS ANGELES HOMELESS SERVICES AUTHORITY","CA","2019-02-04","2019-02-04190350516087",1113660
260080327,"ASST_NON_CA1335L9D001804_086","CA1335L9D001804","LOS ANGELES HOMELESS SERVICES AUTHORITY","CA","2019-02-04","2019-02-04190350516433",1756827
260039414,"ASST_NON_CA0372L9D001811_086","CA0372L9D001811","LOS ANGELES HOMELESS SERVICES AUTHORITY","CA","2019-02-04","2019-02-04190350514570",292583
260040874,"ASST_NON_CA0435L9D001811_086","CA0435L9D001811","LOS ANGELES HOMELESS SERVICES AUTHORITY","CA","2019-02-04","2019-02-04190350515651",112935
260040197,"ASST_NON_CA0409L9D001811_086","CA0409L9D001811","LOS ANGELES HOMELESS SERVICES AUTHORITY","CA","2019-02-04","2019-02-04190350515871",285646
260043548,"ASST_NON_CA0515L9D001811_086","CA0515L9D001811","LOS ANGELES HOMELESS SERVICES AUTHORITY","CA","2019-02-04","2019-02-04190350515434",253721
260038382,"ASST_NON_CA0348L9D001811_086","CA0348L9D001811","LOS ANGELES HOMELESS SERVICES AUTHORITY","CA","2019-02-04","2019-02-04190350515467",60021
260041571,"ASST_NON_CA0442L9D001811_086","CA0442L9D001811","LOS ANGELES HOMELESS SERVICES AUTHORITY","CA","2019-02-04","2019-02-04190350515495",292466
260038520,"ASST_NON_CA0353L9D001811_086","CA0353L9D001811","LOS ANGELES HOMELESS SERVICES AUTHORITY","CA","2019-02-04","2019-02-04190350515826",586118
260039386,"ASST_NON_CA0370L9D001811_086","CA0370L9D001811","LOS ANGELES HOMELESS SERVICES AUTHORITY","CA","2019-02-04","2019-02-04190350515808",140104
260042314,"ASST_NON_CA0457L9D001811_086","CA0457L9D001811","LOS ANGELES HOMELESS SERVICES AUTHORITY","CA","2019-02-04","2019-02-04190350515602",116142
260038338,"ASST_NON_CA0345L9D001811_086","CA0345L9D001811","LOS ANGELES HOMELESS SERVICES AUTHORITY","CA","2019-02-04","2019-02-04190350515507",343623
260039448,"ASST_NON_CA0374L9D001811_086","CA0374L9D001811","LOS ANGELES HOMELESS SERVICES AUTHORITY","CA","2019-02-04","2019-02-04190350516568",148510
260038557,"ASST_NON_CA0356L9D001810_086","CA0356L9D001810","ALLIANCE FOR HOUSING AND HEALING","CA","2019-02-04","2019-02-04190350515820",349763
260043351,"ASST_NON_CA0494L9D001811_086","CA0494L9D001811","LOS ANGELES HOMELESS SERVICES AUTHORITY","CA","2019-02-04","2019-02-04190350515422",143106
260038574,"ASST_NON_CA0357L9D001811_086","CA0357L9D001811","ALLIANCE FOR HOUSING AND HEALING","CA","2019-02-04","2019-02-04190350515461",377581
260083363,"ASST_NON_CA1487L9D001803_086","CA1487L9D001803","LOS ANGELES HOMELESS SERVICES AUTHORITY","CA","2019-02-04","2019-02-04190350515526",2251351
260040259,"ASST_NON_CA0413L9D001811_086","CA0413L9D001811","LOS ANGELES HOMELESS SERVICES AUTHORITY","CA","2019-02-04","2019-02-04190350515951",60177
260038503,"ASST_NON_CA0352L9D001811_086","CA0352L9D001811","LOS ANGELES HOMELESS SERVICES AUTHORITY","CA","2019-02-04","2019-02-04190350515832",120600
260042572,"ASST_NON_CA0479L9D001811_086","CA0479L9D001811","LOS ANGELES HOMELESS SERVICES AUTHORITY","CA","2019-02-04","2019-02-04190350515513",178205
260037013,"ASST_NON_CA0325L9D001810_086","CA0325L9D001810","LOS ANGELES HOMELESS SERVICES AUTHORITY","CA","2019-02-04","2019-02-04190350514650",407620
260039521,"ASST_NON_CA0383L9D001811_086","CA0383L9D001811","LOS ANGELES HOMELESS SERVICES AUTHORITY","CA","2019-02-04","2019-02-04190350515473",779189
260043723,"ASST_NON_CA0526L9D001811_086","CA0526L9D001811","LOS ANGELES HOMELESS SERVICES AUTHORITY","CA","2019-02-04","2019-02-04190350514839",485775
260062963,"ASST_NON_CA0861L9D001807_086","CA0861L9D001807","LOS ANGELES HOMELESS SERVICES AUTHORITY","CA","2019-02-04","2019-02-04190350515093",442399
260077226,"ASST_NON_CA1256L9D091805_086","CA1256L9D091805","INLAND TEMPORARY HOMES","CA","2019-02-04","2019-02-04190350515167",511366
260039328,"ASST_NON_CA0364L9D001811_086","CA0364L9D001811","LOS ANGELES HOMELESS SERVICES AUTHORITY","CA","2019-02-04","2019-02-04190350514685",160790
260040314,"ASST_NON_CA0419L9D001811_086","CA0419L9D001811","LOS ANGELES HOMELESS SERVICES AUTHORITY","CA","2019-02-04","2019-02-04190350516006",190171
260042258,"ASST_NON_CA0450L9D001811_086","CA0450L9D001811","LOS ANGELES HOMELESS SERVICES AUTHORITY","CA","2019-02-04","2019-02-04190350515608",175734
260040848,"ASST_NON_CA0433L9D001811_086","CA0433L9D001811","LOS ANGELES HOMELESS SERVICES AUTHORITY","CA","2019-02-04","2019-02-04190350515657",217380
260080445,"ASST_NON_CA1349L9D011804_086","CA1349L9D011804","SAN DIEGO HOUSING COMMISSION","CA","2019-02-04","2019-02-04190350516497",386730
260063042,"ASST_NON_CA0868L9D031806_086","CA0868L9D031806","GOOD SAMARITAN SHELTER","CA","2019-02-04","2019-02-04190350515009",76556
260095199,"ASST_NON_CA1697L9D011801_086","CA1697L9D011801","SBCS CORPORATION","CA","2019-02-04","2019-02-04190350516063",270176
260075429,"ASST_NON_CA1208L9D011805_086","CA1208L9D011805","SAN DIEGO HOUSING COMMISSION","CA","2019-02-04","2019-02-04190350515325",239372
260044518,"ASST_NON_CA0534L9D011811_086","CA0534L9D011811","SAN DIEGO HOUSING COMMISSION","CA","2019-02-04","2019-02-04190350514691",3566596
260092812,"ASST_NON_CA1602L9D011802_086","CA1602L9D011802","SAN DIEGO HOUSING COMMISSION","CA","2019-02-04","2019-02-04190350516182",707520
260084112,"ASST_NON_CA1515L9D031803_086","CA1515L9D031803","GOOD SAMARITAN SHELTER","CA","2019-02-04","2019-02-04190350516229",91836
260067651,"ASST_NON_CA0999L9D011805_086","CA0999L9D011805","HOME START, INCORPORATED","CA","2019-02-04","2019-02-04190350514741",269166
260047036,"ASST_NON_CA0593L9D021811_086","CA0593L9D021811","ANAHEIM SUPPORTIVE HOUSING, INC.","CA","2019-02-04","2019-02-04190350514835",148578
260082835,"ASST_NON_CA1452L9D091803_086","CA1452L9D091803","INLAND EMPIRE UNITED WAY","CA","2019-02-04","2019-02-04190350516396",403136
260085385,"ASST_NON_CA1598L9D011802_086","CA1598L9D011802","COMMUNITY RESOURCE CENTER","CA","2019-02-04","2019-02-04190350516276",256221
260040103,"ASST_NON_CA0401L9D001811_086","CA0401L9D001811","STEP UP ON SECOND STREET, INC.","CA","2019-02-04","2019-02-04190350515665",135505
260045139,"ASST_NON_CA0553L9D011811_086","CA0553L9D011811","YMCA OF SAN DIEGO COUNTY","CA","2019-02-04","2019-02-04190350516556",177096
260072307,"ASST_NON_CA1115L9D011807_086","CA1115L9D011807","PATH","CA","2019-02-04","2019-02-04190350514595",807441
260084173,"ASST_NON_CA1519L9D091803_086","CA1519L9D091803","STEP UP ON SECOND STREET, INC.","CA","2019-02-04","2019-02-04190350516287",2059332
260072972,"ASST_NON_CA1144L9D121803_086","CA1144L9D121803","CITY OF GLENDALE","CA","2019-02-04","2019-02-04190350515269",59954
260069567,"ASST_NON_CA1051L9D001808_086","CA1051L9D001808","HOUSING AUTHORITY OF THE CITY OF LOS ANGELES","CA","2019-02-04","2019-02-04190350514627",541129
260040167,"ASST_NON_CA0407L9D001811_086","CA0407L9D001811","HOUSING AUTHORITY OF THE CITY OF LOS ANGELES","CA","2019-02-04","2019-02-04190350515865",167820
260067631,"ASST_NON_CA0997L9D001803_086","CA0997L9D001803","HOUSING AUTHORITY OF THE CITY OF LOS ANGELES","CA","2019-02-04","2019-02-04190350514966",305614
260080349,"ASST_NON_CA1337L9D001804_086","CA1337L9D001804","HOUSING AUTHORITY OF THE CITY OF LOS ANGELES","CA","2019-02-04","2019-02-04190350516445",1856464
260082847,"ASST_NON_CA1455L9D121803_086","CA1455L9D121803","CITY OF GLENDALE","CA","2019-02-04","2019-02-04190350516402",620951
260042524,"ASST_NON_CA0474L9D001811_086","CA0474L9D001811","HOUSING AUTHORITY OF THE CITY OF LOS ANGELES","CA","2019-02-04","2019-02-04190350515519",977329
260084002,"ASST_NON_CA1500L9D001803_086","CA1500L9D001803","HOUSING AUTHORITY OF THE CITY OF LOS ANGELES","CA","2019-02-04","2019-02-04190350515558",197912
260065942,"ASST_NON_CA0948L9D121809_086","CA0948L9D121809","CITY OF GLENDALE","CA","2019-02-04","2019-02-04190350514891",81187
260080386,"ASST_NON_CA1341L9D001804_086","CA1341L9D001804","HOUSING AUTHORITY OF THE CITY OF LOS ANGELES","CA","2019-02-04","2019-02-04190350516463",11565305
260041612,"ASST_NON_CA0445L9D001811_086","CA0445L9D001811","HOUSING AUTHORITY OF THE CITY OF LOS ANGELES","CA","2019-02-04","2019-02-04190350515596",346725
260093086,"ASST_NON_CA1622L9D121802_086","CA1622L9D121802","CITY OF GLENDALE","CA","2019-02-04","2019-02-04190350516131",109440
260036996,"ASST_NON_CA0324L9D001806_086","CA0324L9D001806","HOUSING AUTHORITY OF THE CITY OF LOS ANGELES","CA","2019-02-04","2019-02-04190350515627",1701486
260084102,"ASST_NON_CA1514L9D021803_086","CA1514L9D021803","MERCY HOUSE LIVING CENTERS","CA","2019-02-04","2019-02-04190350516220",1931611
260078296,"ASST_NON_CA1271L9D121805_086","CA1271L9D121805","CITY OF GLENDALE","CA","2019-02-04","2019-02-04190350516427",211929
260064615,"ASST_NON_CA0920L9D001809_086","CA0920L9D001809","HOUSING AUTHORITY OF THE CITY OF LOS ANGELES","CA","2019-02-04","2019-02-04190350515053",1706469
260039674,"ASST_NON_CA0393L9D001811_086","CA0393L9D001811","HOUSING AUTHORITY OF THE CITY OF LOS ANGELES","CA","2019-02-04","2019-02-04190350515939",225164
260042366,"ASST_NON_CA0460L9D001811_086","CA0460L9D001811","THE PEOPLE CONCERN","CA","2019-02-04","2019-02-04190350515747",108838
260069627,"ASST_NON_CA1057L9D121808_086","CA1057L9D121808","CITY OF GLENDALE","CA","2019-02-04","2019-02-04190350514713",127781
260080472,"ASST_NON_CA1352L9D021804_086","CA1352L9D021804","MERCY HOUSE LIVING CENTERS","CA","2019-02-04","2019-02-04190350516317",2815993
260083473,"ASST_NON_CA1499L9D001803_086","CA1499L9D001803","CITY OF BUBANK","CA","2019-02-04","2019-02-04190350515552",486416
260054459,"ASST_NON_CA0694L9D011811_086","CA0694L9D011811","COUNTY OF SAN DIEGO","CA","2019-02-04","2019-02-04190350515753",430253
260037043,"ASST_NON_CA0329L9D001805_086","CA0329L9D001805","HOUSING AUTHORITY OF THE CITY OF LOS ANGELES","CA","2019-02-04","2019-02-04190350514851",734685
260067612,"ASST_NON_CA0995L9D001803_086","CA0995L9D001803","HOUSING AUTHORITY OF THE CITY OF LOS ANGELES","CA","2019-02-04","2019-02-04190350514954",811474
260060251,"ASST_NON_CA0798L9D001810_086","CA0798L9D001810","HOUSING AUTHORITY OF THE CITY OF LOS ANGELES","CA","2019-02-04","2019-02-04190350515118",850701
260040184,"ASST_NON_CA0408L9D001811_086","CA0408L9D001811","HOUSING AUTHORITY OF THE CITY OF LOS ANGELES","CA","2019-02-04","2019-02-04190350515882",240502
260081818,"ASST_NON_CA1438L9D011803_086","CA1438L9D011803","CATHOLIC CHARITIES, DIOCESE OF SAN DIEGO","CA","2019-02-04","2019-02-04190350516539",139495
260072276,"ASST_NON_CA1110L9D001803_086","CA1110L9D001803","HOUSING AUTHORITY OF THE CITY OF LOS ANGELES","CA","2019-02-04","2019-02-04190350514583",339987
260060136,"ASST_NON_CA0783L9D001810_086","CA0783L9D001810","HOUSING AUTHORITY OF THE CITY OF LOS ANGELES","CA","2019-02-04","2019-02-04190350515100",348372
260083392,"ASST_NON_CA1492L9D001803_086","CA1492L9D001803","HOUSING AUTHORITY OF THE CITY OF LOS ANGELES","CA","2019-02-04","2019-02-04190350515546",1550062
260075870,"ASST_NON_CA1216L9D001806_086","CA1216L9D001806","HOUSING AUTHORITY OF THE CITY OF LOS ANGELES","CA","2019-02-04","2019-02-04190350515331",621058
260085355,"ASST_NON_CA1594L9D001802_086","CA1594L9D001802","HOUSING AUTHORITY OF THE CITY OF LOS ANGELES","CA","2019-02-04","2019-02-04190350516252",340913
260040143,"ASST_NON_CA0405L9D001811_086","CA0405L9D001811","HOUSING AUTHORITY OF THE CITY OF LOS ANGELES","CA","2019-02-04","2019-02-04190350515843",4739765
260080364,"ASST_NON_CA1339L9D001804_086","CA1339L9D001804","HOUSING AUTHORITY OF THE CITY OF LOS ANGELES","CA","2019-02-04","2019-02-04190350516451",940906
260056904,"ASST_NON_CA0731L9D121811_086","CA0731L9D121811","CITY OF GLENDALE","CA","2019-02-04","2019-02-04190350515200",174318
260080375,"ASST_NON_CA1340L9D001804_086","CA1340L9D001804","HOUSING AUTHORITY OF THE CITY OF LOS ANGELES","CA","2019-02-04","2019-02-04190350516457",381674
260046309,"ASST_NON_CA0578L9D021811_086","CA0578L9D021811","MERCY HOUSE LIVING CENTERS","CA","2019-02-04","2019-02-04190350515392",260018
260085364,"ASST_NON_CA1595L9D001802_086","CA1595L9D001802","HOUSING AUTHORITY OF THE CITY OF LOS ANGELES","CA","2019-02-04","2019-02-04190350516258",590081
260060267,"ASST_NON_CA0799L9D001810_086","CA0799L9D001810","HOUSING AUTHORITY OF THE CITY OF LOS ANGELES","CA","2019-02-04","2019-02-04190350515124",517078
260092742,"ASST_NON_CA1601L9D011802_086","CA1601L9D011802","INTERFAITH COMMUNITY SERVICES, INC","CA","2019-02-04","2019-02-04190350516173",540625
260083382,"ASST_NON_CA1491L9D001803_086","CA1491L9D001803","HOUSING AUTHORITY OF THE CITY OF LOS ANGELES","CA","2019-02-04","2019-02-04190350515540",850998
260037561,"ASST_NON_CA0336L9D001811_086","CA0336L9D001811","HOUSING AUTHORITY OF THE CITY OF LOS ANGELES","CA","2019-02-04","2019-02-04190350515584",1687782
260064445,"ASST_NON_CA0916L9D001809_086","CA0916L9D001809","HOUSING AUTHORITY OF THE CITY OF LOS ANGELES","CA","2019-02-04","2019-02-04190350515000",618879
260060204,"ASST_NON_CA0797L9D001810_086","CA0797L9D001810","HOUSING AUTHORITY OF THE CITY OF LOS ANGELES","CA","2019-02-04","2019-02-04190350515112",2350520
260071907,"ASST_NON_CA1106L9D001803_086","CA1106L9D001803","HOUSING AUTHORITY OF THE CITY OF LOS ANGELES","CA","2019-02-04","2019-02-04190350514728",217592
260064460,"ASST_NON_CA0917L9D001809_086","CA0917L9D001809","HOUSING AUTHORITY OF THE CITY OF LOS ANGELES","CA","2019-02-04","2019-02-04190350515041",428801
260042507,"ASST_NON_CA0473L9D001811_086","CA0473L9D001811","HOUSING AUTHORITY OF THE CITY OF LOS ANGELES","CA","2019-02-04","2019-02-04190350515532",1959384
260040695,"ASST_NON_CA0420L9D001811_086","CA0420L9D001811","HOUSING AUTHORITY OF THE CITY OF LOS ANGELES","CA","2019-02-04","2019-02-04190350515639",237209
260039657,"ASST_NON_CA0392L9D001811_086","CA0392L9D001811","HOUSING AUTHORITY OF THE CITY OF LOS ANGELES","CA","2019-02-04","2019-02-04190350515927",161553
260043579,"ASST_NON_CA0518L9D001811_086","CA0518L9D001811","UPWARD BOUND HOUSE","CA","2019-02-04","2019-02-04190350515428",286785
260072289,"ASST_NON_CA1112L9D001803_086","CA1112L9D001803","HOUSING AUTHORITY OF THE CITY OF LOS ANGELES","CA","2019-02-04","2019-02-04190350514589",312788
260065858,"ASST_NON_CA0944L9D011809_086","CA0944L9D011809","INTERFAITH COMMUNITY SERVICES, INC","CA","2019-02-04","2019-02-04190350514945",97984
260056930,"ASST_NON_CA0733L9D121811_086","CA0733L9D121811","CITY OF GLENDALE","CA","2019-02-04","2019-02-04190350515207",374856
260075876,"ASST_NON_CA1217L9D001806_086","CA1217L9D001806","HOUSING AUTHORITY OF THE CITY OF LOS ANGELES","CA","2019-02-04","2019-02-04190350515337",1408524
260056028,"ASST_NON_CA0726L9D121811_086","CA0726L9D121811","CITY OF GLENDALE","CA","2019-02-04","2019-02-04190350515145",182500
260037034,"ASST_NON_CA0328L9D001805_086","CA0328L9D001805","HOUSING AUTHORITY OF THE CITY OF LOS ANGELES","CA","2019-02-04","2019-02-04190350515485",76160
260062971,"ASST_NON_CA0862L9D001804_086","CA0862L9D001804","HOUSING AUTHORITY OF THE CITY OF LOS ANGELES","CA","2019-02-04","2019-02-04190350515137",1009359
260095158,"ASST_NON_CA1689L9D001801_086","CA1689L9D001801","HOUSING AUTHORITY OF THE CITY OF LOS ANGELES","CA","2019-02-04","2019-02-04190350516117",1292945
260095183,"ASST_NON_CA1693L9D011801_086","CA1693L9D011801","INTERFAITH COMMUNITY SERVICES, INC","CA","2019-02-04","2019-02-04190350516045",220240
260076337,"ASST_NON_CA1224L9D001806_086","CA1224L9D001806","HOUSING AUTHORITY OF THE CITY OF LOS ANGELES","CA","2019-02-04","2019-02-04190350515359",180000
260072828,"ASST_NON_CA1120L9D021806_086","CA1120L9D021806","MERCY HOUSE LIVING CENTERS","CA","2019-02-04","2019-02-04190350514613",451971
260037544,"ASST_NON_CA0335L9D001811_086","CA0335L9D001811","HOUSING AUTHORITY OF THE CITY OF LOS ANGELES","CA","2019-02-04","2019-02-04190350514876",146570
260068962,"ASST_NON_CA1049L9D001808_086","CA1049L9D001808","HOUSING AUTHORITY OF THE CITY OF LOS ANGELES","CA","2019-02-04","2019-02-04190350514882",565179
260080461,"ASST_NON_CA1351L9D021804_086","CA1351L9D021804","MERCY HOUSE LIVING CENTERS","CA","2019-02-04","2019-02-04190350516509",482906
260077203,"ASST_NON_CA1253L9D011805_086","CA1253L9D011805","INTERFAITH COMMUNITY SERVICES, INC","CA","2019-02-04","2019-02-04190350515161",260880
260039696,"ASST_NON_CA0395L9D001811_086","CA0395L9D001811","HOUSING AUTHORITY OF THE CITY OF LOS ANGELES","CA","2019-02-04","2019-02-04190350515933",1635319
260076314,"ASST_NON_CA1220L9D001806_086","CA1220L9D001806","HOUSING AUTHORITY OF THE CITY OF LOS ANGELES","CA","2019-02-04","2019-02-04190350515263",469604
260083374,"ASST_NON_CA1490L9D001803_086","CA1490L9D001803","HOUSING AUTHORITY OF THE CITY OF LOS ANGELES","CA","2019-02-04","2019-02-04190350515534",1153052
260069553,"ASST_NON_CA1050L9D001808_086","CA1050L9D001808","HOUSING AUTHORITY OF THE CITY OF LOS ANGELES","CA","2019-02-04","2019-02-04190350514888",697288
260056011,"ASST_NON_CA0724L9D121811_086","CA0724L9D121811","CITY OF GLENDALE","CA","2019-02-04","2019-02-04190350515262",347485
260067621,"ASST_NON_CA0996L9D001804_086","CA0996L9D001804","HOUSING AUTHORITY OF THE CITY OF LOS ANGELES","CA","2019-02-04","2019-02-04190350514960",638722
260056134,"ASST_NON_CA0728L9D121811_086","CA0728L9D121811","CITY OF GLENDALE","CA","2019-02-04","2019-02-04190350515194",88577
260040906,"ASST_NON_CA0438L9D001811_086","CA0438L9D001811","HOUSING AUTHORITY OF THE CITY OF LOS ANGELES","CA","2019-02-04","2019-02-04190350515645",319628
260041595,"ASST_NON_CA0444L9D001811_086","CA0444L9D001811","HOUSING AUTHORITY OF THE CITY OF LOS ANGELES","CA","2019-02-04","2019-02-04190350515614",549072
260042414,"ASST_NON_CA0464L9D001811_086","CA0464L9D001811","HOUSING AUTHORITY OF THE CITY OF LOS ANGELES","CA","2019-02-04","2019-02-04190350515735",2479290
260043596,"ASST_NON_CA0519L9D001811_086","CA0519L9D001811","HOUSING AUTHORITY OF THE CITY OF LOS ANGELES","CA","2019-02-04","2019-02-04190350515416",667738
260039640,"ASST_NON_CA0391L9D001811_086","CA0391L9D001811","HOUSING AUTHORITY OF THE CITY OF LOS ANGELES","CA","2019-02-04","2019-02-04190350515684",295575
260064638,"ASST_NON_CA0923L9D001809_086","CA0923L9D001809","HOUSING AUTHORITY OF THE CITY OF LOS ANGELES","CA","2019-02-04","2019-02-04190350515063",383900
260044598,"ASST_NON_CA0539L9D011811_086","CA0539L9D011811","CATHOLIC CHARITIES, DIOCESE OF SAN DIEGO","CA","2019-02-04","2019-02-04190350516562",33167
260063597,"ASST_NON_CA0879L9D091807_086","CA0879L9D091807","NEW HOPE VILLAGE, INC.","CA","2019-02-04","2019-02-04190350515039",39344
260048664,"ASST_NON_CA0611L9D111811_086","CA0611L9D111811","MANY MANSIONS, A CALIFORNIA NONPROFIT CORPORATION","CA","2019-02-04","2019-02-04190350516071",128714
260067780,"ASST_NON_CA1018L9D091803_086","CA1018L9D091803","HOUSING AUTHORITY OF THE COUNTY OF SAN BERNARDINO","CA","2019-02-04","2019-02-04190350514744",220126
260076621,"ASST_NON_CA1239L9D111805_086","CA1239L9D111805","TURNING POINT FOUNDATION","CA","2019-02-04","2019-02-04190350515149",34234
260084630,"ASST_NON_CA1520L9D111803_086","CA1520L9D111803","TURNING POINT FOUNDATION","CA","2019-02-04","2019-02-04190350516223",140044
260048707,"ASST_NON_CA0615L9D111811_086","CA0615L9D111811","TURNING POINT FOUNDATION","CA","2019-02-04","2019-02-04190350515915",168977
260060935,"ASST_NON_CA0816L9D091810_086","CA0816L9D091810","HOUSING AUTHORITY OF THE COUNTY OF SAN BERNARDINO","CA","2019-02-04","2019-02-04190350515081",334799
260063568,"ASST_NON_CA0876L9D091804_086","CA0876L9D091804","HOUSING AUTHORITY OF THE COUNTY OF SAN BERNARDINO","CA","2019-02-04","2019-02-04190350515027",361188
260055987,"ASST_NON_CA0721L9D111811_086","CA0721L9D111811","TURNING POINT FOUNDATION","CA","2019-02-04","2019-02-04190350515254",39566
260072941,"ASST_NON_CA1140L9D091803_086","CA1140L9D091803","HOUSING AUTHORITY OF THE COUNTY OF SAN BERNARDINO","CA","2019-02-04","2019-02-04190350514672",190493
260048789,"ASST_NON_CA0619L9D111811_086","CA0619L9D111811","TURNING POINT FOUNDATION","CA","2019-02-04","2019-02-04190350516018",30280
260048686,"ASST_NON_CA0613L9D111811_086","CA0613L9D111811","MANY MANSIONS, A CALIFORNIA NONPROFIT CORPORATION","CA","2019-02-04","2019-02-04190350515921",166945
260046271,"ASST_NON_CA0575L9D021811_086","CA0575L9D021811","PEOPLE FOR IRVINE COMMUNITY HEALTH","CA","2019-02-04","2019-02-04190350515792",650575
260063583,"ASST_NON_CA0878L9D091804_086","CA0878L9D091804","HOUSING AUTHORITY OF THE COUNTY OF SAN BERNARDINO","CA","2019-02-04","2019-02-04190350515033",178086
260072920,"ASST_NON_CA1138L9D091803_086","CA1138L9D091803","HOUSING AUTHORITY OF THE COUNTY OF SAN BERNARDINO","CA","2019-02-04","2019-02-04190350514660",392891
260076329,"ASST_NON_CA1223L9D091806_086","CA1223L9D091806","HOUSING AUTHORITY OF THE COUNTY OF SAN BERNARDINO","CA","2019-02-04","2019-02-04190350515353",1882272
260095123,"ASST_NON_CA1684L9D001700_086","CA1684L9D001700","LOS ANGELES HOMELESS SERVICES AUTHORITY","CA","2019-02-05","2019-02-05190360053544",1041036
260095135,"ASST_NON_CA1686L9D001700_086","CA1686L9D001700","LOS ANGELES HOMELESS SERVICES AUTHORITY","CA","2019-02-05","2019-02-05190360053552",1504357
260095122,"ASST_NON_CA1683L9D001700_086","CA1683L9D001700","LOS ANGELES HOMELESS SERVICES AUTHORITY","CA","2019-02-05","2019-02-05190360053556",1250000
260095131,"ASST_NON_CA1685L9D001700_086","CA1685L9D001700","LOS ANGELES HOMELESS SERVICES AUTHORITY","CA","2019-02-05","2019-02-05190360053548",1158315
260093331,"ASST_NON_CA1667L9T141700_086","CA1667L9T141700","HOUSING AUTHORITY OF THE CITY OF FRESNO","CA","2019-02-12","2019-02-12190430053565",266808
260093307,"ASST_NON_CA1655L9T071700_086","CA1655L9T071700","COUNTY OF MARIN","CA","2019-02-20","2019-02-20190510029140",96989
260116597,"ASST_NON_CA1707L9D071700_086","CA1707L9D071700","CITY OF PASADENA","CA","2019-02-20","2019-02-20190510030478",92521
260093306,"ASST_NON_CA1654L9T061700_086","CA1654L9T061700","COALITION OF HOMELESS SERVICES PROVIDERS","CA","2019-02-26","2019-02-26190570023670",62100
260093269,"ASST_NON_CA1642L9T011700_086","CA1642L9T011700","CITY & COUNTY OF SAN FRANCISCO","CA","2019-03-11","2019-03-11190700077566",944592
260093261,"ASST_NON_CA1641L9T011700_086","CA1641L9T011700","CITY & COUNTY OF SAN FRANCISCO","CA","2019-03-20","2019-03-20190790022504",271668
260093323,"ASST_NON_CA1661L9T101700_086","CA1661L9T101700","CITY OF MODESTO","CA","2019-03-26","2019-03-26190850026403",96288
260065148,"ASST_NON_CA0932U9D061809_086","CA0932U9D061809","CITY OF LONG BEACH","CA","2019-04-08","2019-04-08190980019967",-122010
260050967,"ASST_NON_CA0644U9D061811_086","CA0644U9D061811","CITY OF LONG BEACH","CA","2019-04-08","2019-04-08190980019980",-1275875
260049302,"ASST_NON_CA0627U9D061811_086","CA0627U9D061811","CITY OF LONG BEACH","CA","2019-04-08","2019-04-08190980020018",-489879
260050982,"ASST_NON_CA0647U9D061811_086","CA0647U9D061811","CITY OF LONG BEACH","CA","2019-04-08","2019-04-08190980020030",-227320
260084169,"ASST_NON_CA1518U9D061803_086","CA1518U9D061803","CITY OF LONG BEACH","CA","2019-04-08","2019-04-08190980019929",-299503
260051039,"ASST_NON_CA0649U9D061811_086","CA0649U9D061811","CITY OF LONG BEACH","CA","2019-04-08","2019-04-08190980020024",-230137
260051734,"ASST_NON_CA0650U9D061811_086","CA0650U9D061811","CITY OF LONG BEACH","CA","2019-04-08","2019-04-08190980019998",-298380
260049884,"ASST_NON_CA0632U9D061811_086","CA0632U9D061811","CITY OF LONG BEACH","CA","2019-04-08","2019-04-08190980020006",-725807
260092880,"ASST_NON_CA1608U9D061802_086","CA1608U9D061802","CITY OF LONG BEACH","CA","2019-04-08","2019-04-08190980019935",-385333
260080483,"ASST_NON_CA1359U9D061802_086","CA1359U9D061802","CITY OF LONG BEACH","CA","2019-04-08","2019-04-08190980019973",-380948
260049901,"ASST_NON_CA0635U9D061811_086","CA0635U9D061811","CITY OF LONG BEACH","CA","2019-04-08","2019-04-08190980019992",-332030
260050951,"ASST_NON_CA0641U9D061811_086","CA0641U9D061811","CITY OF LONG BEACH","CA","2019-04-08","2019-04-08190980019986",-842737
260051747,"ASST_NON_CA0652U9D061810_086","CA0652U9D061810","CITY OF LONG BEACH","CA","2019-04-08","2019-04-08190980019961",-221888
260051740,"ASST_NON_CA0651U9D061811_086","CA0651U9D061811","CITY OF LONG BEACH","CA","2019-04-08","2019-04-08190980019941",-249665
260049890,"ASST_NON_CA0633U9D061811_086","CA0633U9D061811","CITY OF LONG BEACH","CA","2019-04-08","2019-04-08190980020000",-226963
260050976,"ASST_NON_CA0646U9D061811_086","CA0646U9D061811","CITY OF LONG BEACH","CA","2019-04-08","2019-04-08190980020036",-619808
260049291,"ASST_NON_CA0625U9D061811_086","CA0625U9D061811","CITY OF LONG BEACH","CA","2019-04-08","2019-04-08190980019948",-397668
260049277,"ASST_NON_CA0622U9D061811_086","CA0622U9D061811","CITY OF LONG BEACH","CA","2019-04-08","2019-04-08190980019954",-224843
260049313,"ASST_NON_CA0629U9D061811_086","CA0629U9D061811","CITY OF LONG BEACH","CA","2019-04-08","2019-04-08190980020012",-168270
260070075,"ASST_NON_CA1062L9T011807_086","CA1062L9T011807","CITY & COUNTY OF SAN FRANCISCO","CA","2019-04-15","2019-04-15191050023920",210000
260033589,"ASST_NON_CA0278L9T141811_086","CA0278L9T141811","HOUSING AUTHORITY OF THE CITY OF FRESNO","CA","2019-04-15","2019-04-15191050023926",108070
260051811,"ASST_NON_CA0659L9D071811_086","CA0659L9D071811","CITY OF PASADENA","CA","2019-04-15","2019-04-15191050026441",85000
260093289,"ASST_NON_CA1651L9T051700_086","CA1651L9T051700","COUNTY OF CONTRA COSTA","CA","2019-04-22","2019-04-22191120014512",966573
260116813,"ASST_NON_CA1774L9T191800_086","CA1774L9T191800","CATALYST DOMESTIC VIOLENCE SERVICES","CA","2019-04-23","2019-04-23191130021656",60401
260093346,"ASST_NON_CA1676L9T211700_086","CA1676L9T211700","YOLO COMMUNITY CARE CONTINUUM","CA","2019-05-01","2019-05-01191210012230",14737
260064615,"ASST_NON_CA0920L9D001809_086","CA0920L9D001809","HOUSING AUTHORITY OF THE CITY OF LOS ANGELES","CA","2019-05-02","2019-05-02191220443951",1006476
260024071,"ASST_NON_CA0145L9T031811_086","CA0145L9T031811","TLCS INC","CA","2019-05-13","2019-05-13191330019280",222163
260116740,"ASST_NON_CA1748L9T061800_086","CA1748L9T061800","COALITION OF HOMELESS SERVICES PROVIDERS","CA","2019-05-14","2019-05-14191340048792",54082
260116750,"ASST_NON_CA1752L9T081800_086","CA1752L9T081800","COUNTY OF SANTA CRUZ","CA","2019-05-14","2019-05-14191340048788",76682
260069629,"ASST_NON_CA1059L9T001301_086","CA1059L9T001301","COUNTY OF SANTA CLARA","CA","2019-05-14","2019-05-14191340048064",-18787.16
260116827,"ASST_NON_CA1783L9T251800_086","CA1783L9T251800","THE CENTER FOR VIOLENCE-FREE RELATIONSHIPS","CA","2019-05-15","2019-05-15191350076896",10200
260093277,"ASST_NON_CA1645L9T021700_086","CA1645L9T021700","ALAMEDA COUNTY HOUSING & COMMUNITY DEVELOPMENT","CA","2019-05-15","2019-05-15191350076852",998188
269289275,"ASST_NON_OR0221L0E011600_086","OR0221L0E011600","THE SALVATION ARMY","CA","2019-05-16","2019-05-16191360003770",-21144
260068354,"ASST_NON_CA1034L9T061505_086","CA1034L9T061505","COMMUNITY HUMAN SERVICES","CA","2019-05-16","2019-05-16191360063359",-1703
260068355,"ASST_NON_CA1034L9T061606_086","CA1034L9T061606","COMMUNITY HUMAN SERVICES","CA","2019-05-16","2019-05-16191360063692",-10253
260079068,"ASST_NON_CA1292L9T001400_086","CA1292L9T001400","YWCA GOLDEN GATE SILICON VALLEY","CA","2019-05-16","2019-05-16191360062967",-349409.61
260081148,"ASST_NON_CA1382L9T001500_086","CA1382L9T001500","YWCA GOLDEN GATE SILICON VALLEY","CA","2019-05-16","2019-05-16191360063210",-259110.49
260079069,"ASST_NON_CA1292L9T001501_086","CA1292L9T001501","YWCA GOLDEN GATE SILICON VALLEY","CA","2019-05-16","2019-05-16191360063459",-316726.24
260012380,"ASST_NON_CA0019L9T001609_086","CA0019L9T001609","COMMUNITY WORKING GROUP, INC.","CA","2019-05-16","2019-05-16191360063874",-0.14
260030318,"ASST_NON_CA0225L9T081508_086","CA0225L9T081508","PAJARO VALLEY SHELTER SERVICES","CA","2019-05-16","2019-05-16191360063308",-1
260116903,"ASST_NON_CA1807L9D081800_086","CA1807L9D081800","RIVERSIDE, COUNTY OF","CA","2019-05-16","2019-05-16191360066294",352157
260075858,"ASST_NON_CA1215L9T191402_086","CA1215L9T191402","HOUSING AUTHORITY OF THE COUNTY OF BUTTE","CA","2019-05-16","2019-05-16191360063074",-549.4
260075859,"ASST_NON_CA1215L9T191503_086","CA1215L9T191503","HOUSING AUTHORITY OF THE COUNTY OF BUTTE","CA","2019-05-16","2019-05-16191360063217",-966.72
260057700,"ASST_NON_CA0745L9T001406_086","CA0745L9T001406","ABODE SERVICES","CA","2019-05-16","2019-05-16191360063112",-269779
260014256,"ASST_NON_CA0026L9T001508_086","CA0026L9T001508","ABODE SERVICES","CA","2019-05-16","2019-05-16191360063525",-82356
260066697,"ASST_NON_CA0950L9T001402_086","CA0950L9T001402","ABODE SERVICES","CA","2019-05-16","2019-05-16191360063041",-140055
260075860,"ASST_NON_CA1215L9T191604_086","CA1215L9T191604","HOUSING AUTHORITY OF THE COUNTY OF BUTTE","CA","2019-05-16","2019-05-16191360063857",-2200.73
260014257,"ASST_NON_CA0026L9T001609_086","CA0026L9T001609","ABODE SERVICES","CA","2019-05-16","2019-05-16191360063653",-32589
260057702,"ASST_NON_CA0745L9T001608_086","CA0745L9T001608","ABODE SERVICES","CA","2019-05-16","2019-05-16191360063673",-140404
260057701,"ASST_NON_CA0745L9T001507_086","CA0745L9T001507","ABODE SERVICES","CA","2019-05-16","2019-05-16191360063259",-252323
260070671,"ASST_NON_CA1072L9T061604_086","CA1072L9T061604","SAN BENITO, COUNTY OF","CA","2019-05-16","2019-05-16191360063801",-29996
260058299,"ASST_NON_CA0755L9T061608_086","CA0755L9T061608","INTERIM, INC.","CA","2019-05-16","2019-05-16191360063641",-47459
260070670,"ASST_NON_CA1072L9T061503_086","CA1072L9T061503","SAN BENITO, COUNTY OF","CA","2019-05-16","2019-05-16191360063377",-30123
260068332,"ASST_NON_CA1032L9T001404_086","CA1032L9T001404","BILL WILSON CENTER","CA","2019-05-16","2019-05-16191360062944",-30972
260015517,"ASST_NON_CA0032L9T001508_086","CA0032L9T001508","BILL WILSON CENTER","CA","2019-05-16","2019-05-16191360063408",-3553
260068333,"ASST_NON_CA1032L9T001505_086","CA1032L9T001505","BILL WILSON CENTER","CA","2019-05-16","2019-05-16191360063545",-27562
260084848,"ASST_NON_CA1556L9T081600_086","CA1556L9T081600","ENCOMPASS COMMUNITY SERVICES","CA","2019-05-16","2019-05-16191360064071",-21710
260015500,"ASST_NON_CA0031L9T001609_086","CA0031L9T001609","BILL WILSON CENTER","CA","2019-05-16","2019-05-16191360063826",-4868
260081047,"ASST_NON_CA1379L9T001500_086","CA1379L9T001500","BILL WILSON CENTER","CA","2019-05-16","2019-05-16191360063557",-313937
260084851,"ASST_NON_CA1557L9T081600_086","CA1557L9T081600","ENCOMPASS COMMUNITY SERVICES","CA","2019-05-16","2019-05-16191360064065",-4022
260012273,"ASST_NON_CA0013L9T001508_086","CA0013L9T001508","LIFEMOVES","CA","2019-05-16","2019-05-16191360063270",-2214
260034547,"ASST_NON_CA0285L9T151407_086","CA0285L9T151407","PLACER COUNTY- ADULT SYSTEM OF CARE","CA","2019-05-16","2019-05-16191360063029",-3221.19
260011880,"ASST_NON_CA0009L9T001508_086","CA0009L9T001508","LIFEMOVES","CA","2019-05-16","2019-05-16191360063539",-20257
260014201,"ASST_NON_CA0020L9T001508_086","CA0020L9T001508","LIFEMOVES","CA","2019-05-16","2019-05-16191360063513",-8710
260011879,"ASST_NON_CA0009L9T001407_086","CA0009L9T001407","LIFEMOVES","CA","2019-05-16","2019-05-16191360063035",-12797
260012304,"ASST_NON_CA0016L9T001407_086","CA0016L9T001407","LIFEMOVES","CA","2019-05-16","2019-05-16191360063092",-22075
260012255,"ASST_NON_CA0011L9T001508_086","CA0011L9T001508","LIFEMOVES","CA","2019-05-16","2019-05-16191360063341",-541
260043517,"ASST_NON_CA0512L9D001407_086","CA0512L9D001407","LOS ANGELES HOMELESS SERVICES AUTHORITY","CA","2019-05-16","2019-05-16191360065760",-631.68
260043340,"ASST_NON_CA0493L9D001407_086","CA0493L9D001407","LOS ANGELES HOMELESS SERVICES AUTHORITY","CA","2019-05-16","2019-05-16191360065754",-1609.46
260043480,"ASST_NON_CA0508L9D001407_086","CA0508L9D001407","LOS ANGELES HOMELESS SERVICES AUTHORITY","CA","2019-05-16","2019-05-16191360065791",-6685.83
260041557,"ASST_NON_CA0441L9D001306_086","CA0441L9D001306","LOS ANGELES HOMELESS SERVICES AUTHORITY","CA","2019-05-16","2019-05-16191360065680",-8254
260039480,"ASST_NON_CA0377L9D001306_086","CA0377L9D001306","LOS ANGELES HOMELESS SERVICES AUTHORITY","CA","2019-05-16","2019-05-16191360065690",-1508
260038313,"ASST_NON_CA0342L9D001407_086","CA0342L9D001407","LOS ANGELES HOMELESS SERVICES AUTHORITY","CA","2019-05-16","2019-05-16191360065802",-1694
260042286,"ASST_NON_CA0454L9D001306_086","CA0454L9D001306","LOS ANGELES HOMELESS SERVICES AUTHORITY","CA","2019-05-16","2019-05-16191360065699",-4005
260043346,"ASST_NON_CA0494L9D001306_086","CA0494L9D001306","LOS ANGELES HOMELESS SERVICES AUTHORITY","CA","2019-05-16","2019-05-16191360065705",-4929
260038634,"ASST_NON_CA0358L9D001407_086","CA0358L9D001407","LOS ANGELES HOMELESS SERVICES AUTHORITY","CA","2019-05-16","2019-05-16191360065796",-20.85
260043498,"ASST_NON_CA0510L9D001407_086","CA0510L9D001407","LOS ANGELES HOMELESS SERVICES AUTHORITY","CA","2019-05-16","2019-05-16191360065766",-533.15
260040894,"ASST_NON_CA0437L9D001306_086","CA0437L9D001306","LOS ANGELES HOMELESS SERVICES AUTHORITY","CA","2019-05-16","2019-05-16191360065696",-534.51
260040725,"ASST_NON_CA0422L9D001407_086","CA0422L9D001407","LOS ANGELES HOMELESS SERVICES AUTHORITY","CA","2019-05-16","2019-05-16191360065784",-8772
260037526,"ASST_NON_CA0332L9D001407_086","CA0332L9D001407","LOS ANGELES HOMELESS SERVICES AUTHORITY","CA","2019-05-16","2019-05-16191360065808",-122
260043718,"ASST_NON_CA0526L9D001306_086","CA0526L9D001306","LOS ANGELES HOMELESS SERVICES AUTHORITY","CA","2019-05-16","2019-05-16191360065689",-102.61
260043427,"ASST_NON_CA0501L9D001407_086","CA0501L9D001407","LOS ANGELES HOMELESS SERVICES AUTHORITY","CA","2019-05-16","2019-05-16191360065785",-1500
260043489,"ASST_NON_CA0509L9D001407_086","CA0509L9D001407","LOS ANGELES HOMELESS SERVICES AUTHORITY","CA","2019-05-16","2019-05-16191360065772",-320.79
260066713,"ASST_NON_CA0951L9T001605_086","CA0951L9T001605","COUNTY OF SANTA CLARA","CA","2019-05-16","2019-05-16191360063777",-22019.71
260011789,"ASST_NON_CA0001L9T001606_086","CA0001L9T001606","COUNTY OF SANTA CLARA","CA","2019-05-16","2019-05-16191360063647",-142415
260075419,"ASST_NON_CA1204L9T001502_086","CA1204L9T001502","COUNTY OF SANTA CLARA","CA","2019-05-16","2019-05-16191360063551",-55246
260012281,"ASST_NON_CA0014L9T001508_086","CA0014L9T001508","COUNTY OF SANTA CLARA","CA","2019-05-16","2019-05-16191360063253",-209164
260081145,"ASST_NON_CA1381L9T001500_086","CA1381L9T001500","COUNTY OF SANTA CLARA","CA","2019-05-16","2019-05-16191360063445",-165478
260012370,"ASST_NON_CA0018L9T001508_086","CA0018L9T001508","COUNTY OF SANTA CLARA","CA","2019-05-16","2019-05-16191360063519",-470508
260066712,"ASST_NON_CA0951L9T001504_086","CA0951L9T001504","COUNTY OF SANTA CLARA","CA","2019-05-16","2019-05-16191360063501",-29937.38
260014272,"ASST_NON_CA0027L9T001407_086","CA0027L9T001407","COUNTY OF SANTA CLARA","CA","2019-05-16","2019-05-16191360062950",-1397
260081153,"ASST_NON_CA1384L9T001500_086","CA1384L9T001500","COUNTY OF SANTA CLARA","CA","2019-05-16","2019-05-16191360063321",-392022.62
260069631,"ASST_NON_CA1059L9T001503_086","CA1059L9T001503","COUNTY OF SANTA CLARA","CA","2019-05-16","2019-05-16191360063211",-7865.79
260069630,"ASST_NON_CA1059L9T001402_086","CA1059L9T001402","COUNTY OF SANTA CLARA","CA","2019-05-16","2019-05-16191360063098",-22673
260063625,"ASST_NON_CA0887L9T001405_086","CA0887L9T001405","COUNTY OF SANTA CLARA","CA","2019-05-16","2019-05-16191360063053",-83040
260011820,"ASST_NON_CA0003L9T001506_086","CA0003L9T001506","COUNTY OF SANTA CLARA","CA","2019-05-16","2019-05-16191360063383",-169886
260011821,"ASST_NON_CA0003L9T001607_086","CA0003L9T001607","COUNTY OF SANTA CLARA","CA","2019-05-16","2019-05-16191360063629",-137734
260081162,"ASST_NON_CA1385L9T001500_086","CA1385L9T001500","COUNTY OF SANTA CLARA","CA","2019-05-16","2019-05-16191360063532",-1106425.31
260060983,"ASST_NON_CA0825L9T001503_086","CA0825L9T001503","COUNTY OF SANTA CLARA","CA","2019-05-16","2019-05-16191360063507",-245505
260012280,"ASST_NON_CA0014L9T001407_086","CA0014L9T001407","COUNTY OF SANTA CLARA","CA","2019-05-16","2019-05-16191360063080",-75757
260011788,"ASST_NON_CA0001L9T001505_086","CA0001L9T001505","COUNTY OF SANTA CLARA","CA","2019-05-16","2019-05-16191360063438",-235177
260014273,"ASST_NON_CA0027L9T001508_086","CA0027L9T001508","COUNTY OF SANTA CLARA","CA","2019-05-16","2019-05-16191360063229",-8298.19
260012371,"ASST_NON_CA0018L9T001609_086","CA0018L9T001609","COUNTY OF SANTA CLARA","CA","2019-05-16","2019-05-16191360063789",-505221.58
260079073,"ASST_NON_CA1293L9T001501_086","CA1293L9T001501","COUNTY OF SANTA CLARA","CA","2019-05-16","2019-05-16191360063353",-2039812
260060984,"ASST_NON_CA0825L9T001604_086","CA0825L9T001604","COUNTY OF SANTA CLARA","CA","2019-05-16","2019-05-16191360063783",-37845.75
260012296,"ASST_NON_CA0015L9T001508_086","CA0015L9T001508","COUNTY OF SANTA CLARA","CA","2019-05-16","2019-05-16191360063241",-58180.4
260011849,"ASST_NON_CA0006L9T001507_086","CA0006L9T001507","COUNTY OF SANTA CLARA","CA","2019-05-16","2019-05-16191360063347",-181648
260012295,"ASST_NON_CA0015L9T001407_086","CA0015L9T001407","COUNTY OF SANTA CLARA","CA","2019-05-16","2019-05-16191360063086",-3669
260012297,"ASST_NON_CA0015L9T001609_086","CA0015L9T001609","SANTA CLARA, COUNTY OF","CA","2019-05-16","2019-05-16191360063851",-245349
260030816,"ASST_NON_CA0231L9T081609_086","CA0231L9T081609","COUNTY OF SANTA CRUZ","CA","2019-05-16","2019-05-16191360063868",-19299.58
260070690,"ASST_NON_CA1074L9T081604_086","CA1074L9T081604","COUNTY OF SANTA CRUZ","CA","2019-05-16","2019-05-16191360063667",-6238.29
260030815,"ASST_NON_CA0231L9T081508_086","CA0231L9T081508","COUNTY OF SANTA CRUZ","CA","2019-05-16","2019-05-16191360063420",-729.78
260078320,"ASST_NON_CA1274L9T001602_086","CA1274L9T001602","SANTA CLARA, COUNTY OF","CA","2019-05-16","2019-05-16191360063710",-333841.95
260011860,"ASST_NON_CA0007L9T001608_086","CA0007L9T001608","SOUTH COUNTY COMMUNITY SERVICES","CA","2019-05-16","2019-05-16191360063807",-44328
260014210,"ASST_NON_CA0021L9T001609_086","CA0021L9T001609","SANTA CLARA, COUNTY OF","CA","2019-05-16","2019-05-16191360063635",-1113598.12
260011805,"ASST_NON_CA0002L9T001607_086","CA0002L9T001607","SOUTH COUNTY COMMUNITY SERVICES","CA","2019-05-16","2019-05-16191360063686",-72422
260011859,"ASST_NON_CA0007L9T001507_086","CA0007L9T001507","SOUTH COUNTY COMMUNITY SERVICES","CA","2019-05-16","2019-05-16191360063414",-31919
269025391,"ASST_NON_NV0016L9T011508_086","NV0016L9T011508","VOLUNTEERS OF AMERICA NORTHERN CALIFORNIA AND NORTHERN NEVADA, INC.","CA","2019-05-16","2019-05-16191360063453",-58729.04
260084667,"ASST_NON_CA1528L9T001600_086","CA1528L9T001600","SANTA CLARA, COUNTY OF","CA","2019-05-16","2019-05-16191360063661",-331576.88
269025392,"ASST_NON_NV0016L9T011609_086","NV0016L9T011609","VOLUNTEERS OF AMERICA NORTHERN CALIFORNIA AND NORTHERN NEVADA, INC.","CA","2019-05-16","2019-05-16191360063753",-93375.2
260011850,"ASST_NON_CA0006L9T001608_086","CA0006L9T001608","SANTA CLARA, COUNTY OF","CA","2019-05-16","2019-05-16191360063698",-3365.72
260012282,"ASST_NON_CA0014L9T001609_086","CA0014L9T001609","SANTA CLARA, COUNTY OF","CA","2019-05-16","2019-05-16191360063839",-153582
260070689,"ASST_NON_CA1074L9T081503_086","CA1074L9T081503","COUNTY OF SANTA CRUZ","CA","2019-05-16","2019-05-16191360063235",-9008.55
260011804,"ASST_NON_CA0002L9T001506_086","CA0002L9T001506","SOUTH COUNTY COMMUNITY SERVICES","CA","2019-05-16","2019-05-16191360063335",-46385
260079074,"ASST_NON_CA1293L9T001602_086","CA1293L9T001602","SANTA CLARA, COUNTY OF","CA","2019-05-16","2019-05-16191360063704",-1773976
260066806,"ASST_NON_CA0960L9T081603_086","CA0960L9T081603","COUNTY OF SANTA CRUZ","CA","2019-05-16","2019-05-16191360063771",-20.7
269026791,"ASST_NON_NV0109L9T011600_086","NV0109L9T011600","VOLUNTEERS OF AMERICA NORTHERN CALIFORNIA AND NORTHERN NEVADA, INC.","CA","2019-05-16","2019-05-16191360063655",-57892.58
260025624,"ASST_NON_CA0195L9T051508_086","CA0195L9T051508","HOUSING AUTHORITY OF CONTRA COSTA COUNTY","CA","2019-05-16","2019-05-16191360063365",-87290.83
260014225,"ASST_NON_CA0022L9T001407_086","CA0022L9T001407","HOMEFIRST SERVICES OF SANTA CLARA COUNTY","CA","2019-05-16","2019-05-16191360062973",-4985
260014226,"ASST_NON_CA0022L9T001508_086","CA0022L9T001508","HOMEFIRST SERVICES OF SANTA CLARA COUNTY","CA","2019-05-16","2019-05-16191360063465",-5219
260030335,"ASST_NON_CA0227L9T081609_086","CA0227L9T081609","HOUSING AUTHORITY OF THE COUNTY OF SANTA CRUZ","CA","2019-05-16","2019-05-16191360063845",-3135.59
260030334,"ASST_NON_CA0227L9T081508_086","CA0227L9T081508","HOUSING AUTHORITY OF THE COUNTY OF SANTA CRUZ","CA","2019-05-16","2019-05-16191360063223",-4007.85
260067549,"ASST_NON_CA0987L9T221402_086","CA0987L9T221402","HUMBOLDT BAY HOUSING DEVELOPMENT","CA","2019-05-16","2019-05-16191360062961",-1346.94
260076542,"ASST_NON_CA1234L9T011300_086","CA1234L9T011300","CITY & COUNTY OF SAN FRANCISCO","CA","2019-05-22","2019-05-22191420021732",-81509.56
260062959,"ASST_NON_CA0861L9D001403_086","CA0861L9D001403","LOS ANGELES HOMELESS SERVICES AUTHORITY","CA","2019-05-22","2019-05-22191420022858",-410
260093288,"ASST_NON_CA1650L9T051700_086","CA1650L9T051700","COUNTY OF CONTRA COSTA","CA","2019-05-24","2019-05-24191440020750",382602
260116852,"ASST_NON_CA1792L9D011800_086","CA1792L9D011800","ALPHA PROJECT FOR THE HOMELESS","CA","2019-05-28","2019-05-28191480024200",366897
260080452,"ASST_NON_CA1350L9D021804_086","CA1350L9D021804","FAMILIES FORWARD, INC.","CA","2019-05-28","2019-05-28191480024204",101512
260116859,"ASST_NON_CA1793D9D011800_086","CA1793D9D011800","COMMUNITY RESOURCE CENTER","CA","2019-05-28","2019-05-28191480024196",351462
260116753,"ASST_NON_CA1755L9T111800_086","CA1755L9T111800","SAN JOAQUIN COUNTY - HUMAN SERVICES AGENCY","CA","2019-05-28","2019-05-28191480022414",138000
260116667,"ASST_NON_CA1729L9T001800_086","CA1729L9T001800","SANTA CLARA, COUNTY OF","CA","2019-06-03","2019-06-03191540016979",670911
260116678,"ASST_NON_CA1730L9T001800_086","CA1730L9T001800","SANTA CLARA, COUNTY OF","CA","2019-06-03","2019-06-03191540016975",656500
260116814,"ASST_NON_CA1775L9T191800_086","CA1775L9T191800","COMMUNITY ACTION AGENCY OF BUTTE COUNTY, INC.","CA","2019-06-06","2019-06-06191570024890",36241
260082430,"ASST_NON_CA1449L9D081803_086","CA1449L9D081803","RIVERSIDE, COUNTY OF","CA","2019-06-07","2019-06-07191580075228",-5e+05
260082420,"ASST_NON_CA1449D9D081803_086","CA1449D9D081803","RIVERSIDE, COUNTY OF","CA","2019-06-13","2019-06-13191640052134",5e+05
260116752,"ASST_NON_CA1754L9T101800_086","CA1754L9T101800","COMMUNITY SERVICES AGENCY","CA","2019-06-14","2019-06-14191650022129",102947
260082420,"ASST_NON_CA1449D9D081803_086","CA1449D9D081803","RIVERSIDE, COUNTY OF","CA","2019-06-17","2019-06-17191680026366",250000
260084841,"ASST_NON_CA1555L9T081802_086","CA1555L9T081802","COUNTY OF SANTA CRUZ","CA","2019-06-17","2019-06-17191680025440",153362
260116887,"ASST_NON_CA1799L9D041800_086","CA1799L9D041800","COMMUNITY ACTION PARTNERSHIP OF KERN","CA","2019-06-21","2019-06-21191720026021",236838
260084009,"ASST_NON_CA1501L9D001500_086","CA1501L9D001500","LOS ANGELES COUNTY DEVELOPMENT AUTHORITY LACDA","CA","2019-06-27","2019-06-27191780030350",74434
260116866,"ASST_NON_CA1794L9D011800_086","CA1794L9D011800","SALVATION ARMY, THE","CA","2019-06-27","2019-06-27191780031325",443230
260116729,"ASST_NON_CA1745L9T041800_086","CA1745L9T041800","THE YOUNG WOMENS CHRISTIAN ASSOCIATION OF SONOMA COUNTY CALIFORNIA","CA","2019-06-28","2019-06-28191790047834",143656
260093325,"ASST_NON_CA1663L9T121700_086","CA1663L9T121700","SAN MATEO, COUNTY OF","CA","2019-06-28","2019-06-28191790047760",256339
260116766,"ASST_NON_CA1759L9T131800_086","CA1759L9T131800","KINGS/TULARE CONTINUUM OF CARE ON HOMELESSNESS, INC.","CA","2019-06-28","2019-06-28191790047764",67723
260093345,"ASST_NON_CA1675L9T201700_086","CA1675L9T201700","COUNTY OF MERCED","CA","2019-07-09","2019-07-09191900023416",26533
260079168,"ASST_NON_CA1312L9T121804_086","CA1312L9T121804","HOUSING AUTHORITY OF COUNTY OF SAN M","CA","2019-07-11","2019-07-11191920025362",717248
260116802,"ASST_NON_CA1770D9T181800_086","CA1770D9T181800","COMMUNITY ACTION PARTNERSHIP OF SOLANO JPA","CA","2019-07-16","2019-07-16191970022246",84718
260116812,"ASST_NON_CA1773L9T181800_086","CA1773L9T181800","COMMUNITY ACTION PARTNERSHIP OF SOLANO JPA","CA","2019-07-16","2019-07-16191970022298",38668
260116694,"ASST_NON_CA1734L9T011800_086","CA1734L9T011800","CITY & COUNTY OF SAN FRANCISCO","CA","2019-07-22","2019-07-22192030018749",256014
260116693,"ASST_NON_CA1733L9T011800_086","CA1733L9T011800","CITY & COUNTY OF SAN FRANCISCO","CA","2019-07-22","2019-07-22192030018757",1215971
260116679,"ASST_NON_CA1731L9T011800_086","CA1731L9T011800","CITY & COUNTY OF SAN FRANCISCO","CA","2019-07-22","2019-07-22192030018753",368386
260116686,"ASST_NON_CA1732D9T011800_086","CA1732D9T011800","CITY & COUNTY OF SAN FRANCISCO","CA","2019-07-22","2019-07-22192030018716",882911
260116723,"ASST_NON_CA1743L9T041800_086","CA1743L9T041800","SONOMA COUNTY COMMUNITY DEVELOPMENT COMMISSION","CA","2019-07-23","2019-07-23192040024044",96683
260093282,"ASST_NON_CA1647L9T031700_086","CA1647L9T031700","SACRAMENTO STEPS FORWARD","CA","2019-07-25","2019-07-25192060022086",581035
260081155,"ASST_NON_CA1384L9T001802_086","CA1384L9T001802","SANTA CLARA, COUNTY OF","CA","2019-07-29","2019-07-29192100022650",632491
260016858,"ASST_NON_CA0042L9T011205_086","CA0042L9T011205","CITY & COUNTY OF SAN FRANCISCO","CA","2019-08-06","2019-08-06192180030072",-7325
260063643,"ASST_NON_CA0889L9T011202_086","CA0889L9T011202","CITY & COUNTY OF SAN FRANCISCO","CA","2019-08-06","2019-08-06192180030042",-3169
260018756,"ASST_NON_CA0068L9T011205_086","CA0068L9T011205","CITY & COUNTY OF SAN FRANCISCO","CA","2019-08-06","2019-08-06192180030018",-1373
260031577,"ASST_NON_CA0244L9T101205_086","CA0244L9T101205","STANISLAUS REGIONAL HOUSING AUTHORITY","CA","2019-08-06","2019-08-06192180030004",-932
260032409,"ASST_NON_CA0252L9T111204_086","CA0252L9T111204","SAN JOAQUIN COUNTY - HUMAN SERVICES AGENCY","CA","2019-08-06","2019-08-06192180030048",-38606
260032374,"ASST_NON_CA0250L9T111204_086","CA0250L9T111204","SAN JOAQUIN COUNTY - HUMAN SERVICES AGENCY","CA","2019-08-06","2019-08-06192180030036",-371883
260031696,"ASST_NON_CA0249L9T111204_086","CA0249L9T111204","SAN JOAQUIN COUNTY - HUMAN SERVICES AGENCY","CA","2019-08-06","2019-08-06192180030024",-291955
260032389,"ASST_NON_CA0251L9T111203_086","CA0251L9T111203","SAN JOAQUIN COUNTY - HUMAN SERVICES AGENCY","CA","2019-08-06","2019-08-06192180030030",-35143
260064325,"ASST_NON_CA0902L9T111203_086","CA0902L9T111203","SAN JOAQUIN COUNTY - HUMAN SERVICES AGENCY","CA","2019-08-06","2019-08-06192180030054",-232463
260040128,"ASST_NON_CA0404L9D001205_086","CA0404L9D001205","LOS ANGELES HOMELESS SERVICES AUTHORITY","CA","2019-08-07","2019-08-07192190061358",-68
260040191,"ASST_NON_CA0409L9D001205_086","CA0409L9D001205","LOS ANGELES HOMELESS SERVICES AUTHORITY","CA","2019-08-07","2019-08-07192190061364",-125.95
260041556,"ASST_NON_CA0441L9D001205_086","CA0441L9D001205","LOS ANGELES HOMELESS SERVICES AUTHORITY","CA","2019-08-07","2019-08-07192190061370",-1605
260042285,"ASST_NON_CA0454L9D001205_086","CA0454L9D001205","LOS ANGELES HOMELESS SERVICES AUTHORITY","CA","2019-08-07","2019-08-07192190061352",-1405.56
260043566,"ASST_NON_CA0517L9D001205_086","CA0517L9D001205","LOS ANGELES HOMELESS SERVICES AUTHORITY","CA","2019-08-07","2019-08-07192190061346",-424
260116873,"ASST_NON_CA1795L9D021800_086","CA1795L9D021800","COUNTY OF ORANGE","CA","2019-08-08","2019-08-08192200025842",684222
260082995,"ASST_NON_CA1463L9T011803_086","CA1463L9T011803","CITY & COUNTY OF SAN FRANCISCO","CA","2019-08-19","2019-08-19192310056820",865206
260116742,"ASST_NON_CA1750D9T071800_086","CA1750D9T071800","CENTER FOR DOMESTIC PEACE","CA","2019-08-20","2019-08-20192320022233",51236
260116774,"ASST_NON_CA1761L9T141800_086","CA1761L9T141800","FRESNO COUNTY ECONOMIC OPPORTUNITIES COMMISSION","CA","2019-08-26","2019-08-26192380021358",306142
260077863,"ASST_NON_CA1269L9D021805_086","CA1269L9D021805","INTERVAL HOUSE","CA","2019-08-29","2019-08-29192410027665",102016
260071918,"ASST_NON_CA1109L9D001802_086","CA1109L9D001802","LOS ANGELES COUNTY DEVELOPMENT AUTHORITY LACDA","CA","2019-08-29","2019-08-29192410027672",589470
260116851,"ASST_NON_CA1791L9D011800_086","CA1791L9D011800","REGIONAL TASK FORCE ON THE HOMELESS, INC","CA","2019-08-29","2019-08-29192410027656",585129
260022351,"ASST_NON_CA0109L9T021811_086","CA0109L9T021811","SATELLITE AFFORDABLE HOUSING ASSOCIATES","CA","2019-08-29","2019-08-29192410026311",61626
260116904,"ASST_NON_CA1808L9D091800_086","CA1808L9D091800","COUNTY OF SAN BERNARDINO","CA","2019-08-29","2019-08-29192410027660",373831
260116914,"ASST_NON_CA1813L9D141800_086","CA1813L9D141800","COUNTY OF SAN LUIS OBISPO","CA","2019-08-29","2019-08-29192410027669",40304
260116824,"ASST_NON_CA1779L9T221800_086","CA1779L9T221800","DEPARTMENT OF HEALTH & HUMAN S","CA","2019-09-03","2019-09-03192460051462",25031
260074463,"ASST_NON_CA1186L9T151401_086","CA1186L9T151401","THE SALVATION ARMY","CA","2019-09-05","2019-09-05192480030830",-2431
260079243,"ASST_NON_CA1318L9T131501_086","CA1318L9T131501","KINGS COMMUNITY ACTION ORGANIZATION, INCORPORATED","CA","2019-09-05","2019-09-05192480031922",-30404.95
260066779,"ASST_NON_CA0957L9T051402_086","CA0957L9T051402","SHELTER, INC.","CA","2019-09-05","2019-09-05192480030744",-2106
260074441,"ASST_NON_CA1183L9T131502_086","CA1183L9T131502","KINGS COMMUNITY ACTION ORGANIZATION, INCORPORATED","CA","2019-09-05","2019-09-05192480031940",-38979.65
260064241,"ASST_NON_CA0891L9T041506_086","CA0891L9T041506","SONOMA COUNTY COMMUNITY DEVELOPMENT COMMISSION","CA","2019-09-05","2019-09-05192480032096",-22531.51
260025584,"ASST_NON_CA0190L9T051508_086","CA0190L9T051508","SHELTER, INC.","CA","2019-09-05","2019-09-05192480031377",-2
260070655,"ASST_NON_CA1071L9T051503_086","CA1071L9T051503","COUNTY OF CONTRA COSTA","CA","2019-09-05","2019-09-05192480032048",-19537.56
260077839,"ASST_NON_CA1264L9T131300_086","CA1264L9T131300","KINGS COMMUNITY ACTION ORGANIZATION, INCORPORATED","CA","2019-09-05","2019-09-05192480030613",-19026
260064228,"ASST_NON_CA0890L9T041506_086","CA0890L9T041506","SONOMA COUNTY COMMUNITY DEVELOPMENT COMMISSION","CA","2019-09-05","2019-09-05192480032342",-12291.45
260066834,"ASST_NON_CA0965L9T101502_086","CA0965L9T101502","STANISLAUS COUNTY AFFORDABLE HOUSING CORP","CA","2019-09-05","2019-09-05192480032060",-10082.99
260030870,"ASST_NON_CA0236L9T091406_086","CA0236L9T091406","COUNTY OF MENDOCINO","CA","2019-09-05","2019-09-05192480031120",-186
260068371,"ASST_NON_CA1037L9T101505_086","CA1037L9T101505","STANISLAUS COUNTY AFFORDABLE HOUSING CORP","CA","2019-09-05","2019-09-05192480032036",-43566.45
260068384,"ASST_NON_CA1038L9T101404_086","CA1038L9T101404","THE SALVATION ARMY","CA","2019-09-05","2019-09-05192480030781",-20850
260079242,"ASST_NON_CA1318L9T131400_086","CA1318L9T131400","KINGS COMMUNITY ACTION ORGANIZATION, INCORPORATED","CA","2019-09-05","2019-09-05192480030929",-33544.84
260025305,"ASST_NON_CA0170L9T041508_086","CA0170L9T041508","SONOMA COUNTY COMMUNITY DEVELOPMENT COMMISSION","CA","2019-09-05","2019-09-05192480031529",-4835.01
260070654,"ASST_NON_CA1071L9T051402_086","CA1071L9T051402","COUNTY OF CONTRA COSTA","CA","2019-09-05","2019-09-05192480030793",-37675.44
260060977,"ASST_NON_CA0822L9T091406_086","CA0822L9T091406","COUNTY OF MENDOCINO","CA","2019-09-05","2019-09-05192480030874",-4859
260025738,"ASST_NON_CA0198L9T051508_086","CA0198L9T051508","SHELTER, INC.","CA","2019-09-05","2019-09-05192480031365",-19601
260071848,"ASST_NON_CA1096L9T181503_086","CA1096L9T181503","CHANGE AND NEW BEGINNINGS","CA","2019-09-05","2019-09-05192480031988",-1
260079133,"ASST_NON_CA1306L9T051400_086","CA1306L9T051400","COUNTY OF CONTRA COSTA","CA","2019-09-05","2019-09-05192480030854",-345.75
260030878,"ASST_NON_CA0237L9T091508_086","CA0237L9T091508","COUNTY OF MENDOCINO SOCIAL SERVICES","CA","2019-09-05","2019-09-05192480031354",-1920
260083301,"ASST_NON_CA1480L9T141500_086","CA1480L9T141500","MARJAREE MASON CENTER, INC","CA","2019-09-05","2019-09-05192480032298",-39911.33
260058296,"ASST_NON_CA0755L9T061305_086","CA0755L9T061305","HOUSING AUTHORITY OF COUNTY OF MONTE","CA","2019-09-05","2019-09-05192480030636",-12246
260081488,"ASST_NON_CA1411L9T141500_086","CA1411L9T141500","MARJAREE MASON CENTER, INC","CA","2019-09-05","2019-09-05192480032392",-9993.49
260058298,"ASST_NON_CA0755L9T061507_086","CA0755L9T061507","HOUSING AUTHORITY OF COUNTY OF MONTE","CA","2019-09-05","2019-09-05192480031652",-32775
260081478,"ASST_NON_CA1410L9T141500_086","CA1410L9T141500","MARJAREE MASON CENTER, INC","CA","2019-09-05","2019-09-05192480031880",-48381.98
260016917,"ASST_NON_CA0047L9T011407_086","CA0047L9T011407","CITY & COUNTY OF SAN FRANCISCO","CA","2019-09-05","2019-09-05192480031009",-25705.19
260017025,"ASST_NON_CA0049L9T011507_086","CA0049L9T011507","CITY & COUNTY OF SAN FRANCISCO","CA","2019-09-05","2019-09-05192480031683",-22706.19
260019638,"ASST_NON_CA0070L9T011508_086","CA0070L9T011508","CITY & COUNTY OF SAN FRANCISCO","CA","2019-09-05","2019-09-05192480032200",-2378.1
260063631,"ASST_NON_CA0888L9T011506_086","CA0888L9T011506","CITY & COUNTY OF SAN FRANCISCO","CA","2019-09-05","2019-09-05192480032336",-27771.8
260018627,"ASST_NON_CA0064L9T011508_086","CA0064L9T011508","CITY & COUNTY OF SAN FRANCISCO","CA","2019-09-05","2019-09-05192480032188",-1643.85
260018661,"ASST_NON_CA0067L9T011507_086","CA0067L9T011507","CITY & COUNTY OF SAN FRANCISCO","CA","2019-09-05","2019-09-05192480031820",-29324.29
260048775,"ASST_NON_CA0618L9D111508_086","CA0618L9D111508","HOUSING AUTHORITY OF CITY OF SAN BUE","CA","2019-09-05","2019-09-05192480034280",-44039
260018759,"ASST_NON_CA0068L9T011508_086","CA0068L9T011508","CITY & COUNTY OF SAN FRANCISCO","CA","2019-09-05","2019-09-05192480031814",-8176.26
260018384,"ASST_NON_CA0054L9T011407_086","CA0054L9T011407","CITY & COUNTY OF SAN FRANCISCO","CA","2019-09-05","2019-09-05192480031021",-2245.97
260083002,"ASST_NON_CA1464L9T011500_086","CA1464L9T011500","CITY & COUNTY OF SAN FRANCISCO","CA","2019-09-05","2019-09-05192480032274",-11060.05
260061658,"ASST_NON_CA0843L9T141402_086","CA0843L9T141402","MENTAL HEALTH SYSTEMS, INC.","CA","2019-09-05","2019-09-05192480030880",-26426
260018408,"ASST_NON_CA0056L9T011407_086","CA0056L9T011407","CITY & COUNTY OF SAN FRANCISCO","CA","2019-09-05","2019-09-05192480031028",-23351.62
260081186,"ASST_NON_CA1388L9T011500_086","CA1388L9T011500","CITY & COUNTY OF SAN FRANCISCO","CA","2019-09-05","2019-09-05192480031856",-26744.8
260084009,"ASST_NON_CA1501L9D001500_086","CA1501L9D001500","LOS ANGELES COUNTY DEVELOPMENT AUTHORITY LACDA","CA","2019-09-05","2019-09-05192480034022",-47824.36
260018328,"ASST_NON_CA0050L9T011508_086","CA0050L9T011508","CITY & COUNTY OF SAN FRANCISCO","CA","2019-09-05","2019-09-05192480031695",-23284.35
260019689,"ASST_NON_CA0075L9T011508_086","CA0075L9T011508","CITY & COUNTY OF SAN FRANCISCO","CA","2019-09-05","2019-09-05192480032212",-21947.99
260077143,"ASST_NON_CA1242L9T011501_086","CA1242L9T011501","CITY & COUNTY OF SAN FRANCISCO","CA","2019-09-05","2019-09-05192480031952",-7533.89
260061657,"ASST_NON_CA0843L9T141301_086","CA0843L9T141301","MENTAL HEALTH SYSTEMS, INC.","CA","2019-09-05","2019-09-05192480030642",-44007
260018392,"ASST_NON_CA0055L9T011508_086","CA0055L9T011508","CITY & COUNTY OF SAN FRANCISCO","CA","2019-09-05","2019-09-05192480031707",-34609.81
260018758,"ASST_NON_CA0068L9T011407_086","CA0068L9T011407","CITY & COUNTY OF SAN FRANCISCO","CA","2019-09-05","2019-09-05192480031034",-28761.39
260061659,"ASST_NON_CA0843L9T141503_086","CA0843L9T141503","MENTAL HEALTH SYSTEMS, INC.","CA","2019-09-05","2019-09-05192480032448",-42848
260018575,"ASST_NON_CA0060L9T011508_086","CA0060L9T011508","CITY & COUNTY OF SAN FRANCISCO","CA","2019-09-05","2019-09-05192480032361",-37898.78
260018440,"ASST_NON_CA0059L9T011508_086","CA0059L9T011508","CITY & COUNTY OF SAN FRANCISCO","CA","2019-09-05","2019-09-05192480032367",-21362.22
260018327,"ASST_NON_CA0050L9T011407_086","CA0050L9T011407","CITY & COUNTY OF SAN FRANCISCO","CA","2019-09-05","2019-09-05192480031015",-42212
260019637,"ASST_NON_CA0070L9T011407_086","CA0070L9T011407","CITY & COUNTY OF SAN FRANCISCO","CA","2019-09-05","2019-09-05192480031040",-8587.19
260025135,"ASST_NON_CA0152L9T031407_086","CA0152L9T031407","RESOURCES FOR INDEPENDENT LIVING, INC.","CA","2019-09-05","2019-09-05192480031114",-9854.04
260075423,"ASST_NON_CA1206L9T211401_086","CA1206L9T211401","CITY OF WOODLAND","CA","2019-09-05","2019-09-05192480030836",-13416.04
260067406,"ASST_NON_CA0970L9T131502_086","CA0970L9T131502","KINGS UNITED WAY","CA","2019-09-05","2019-09-05192480032066",-386.51
260025136,"ASST_NON_CA0152L9T031508_086","CA0152L9T031508","RESOURCES FOR INDEPENDENT LIVING, INC.","CA","2019-09-05","2019-09-05192480031615",-3475
260057708,"ASST_NON_CA0746L9T001406_086","CA0746L9T001406","SANTA CLARA COUNTY HOUSING AUTHORITY","CA","2019-09-05","2019-09-05192480031187",-34535.74
260082856,"ASST_NON_CA1458L9T151500_086","CA1458L9T151500","INYO MONO ADVOCATES FOR COMMUNITY ACTION, INC.","CA","2019-09-05","2019-09-05192480032268",-54.18
260060112,"ASST_NON_CA0780L9T201507_086","CA0780L9T201507","COUNTY OF MERCED","CA","2019-09-05","2019-09-05192480031547",-27040
260033439,"ASST_NON_CA0273L9T131405_086","CA0273L9T131405","KINGS UNITED WAY","CA","2019-09-05","2019-09-05192480031150",-2189.43
260071860,"ASST_NON_CA1099L9T201501_086","CA1099L9T201501","SIERRA SVING GRACE HMELESS PRJ","CA","2019-09-05","2019-09-05192480031994",-356
260057770,"ASST_NON_CA0748L9T021506_086","CA0748L9T021506","ABODE HOUSING DEVELOPMENT","CA","2019-09-05","2019-09-05192480031433",-1
260033440,"ASST_NON_CA0273L9T131506_086","CA0273L9T131506","KINGS UNITED WAY","CA","2019-09-05","2019-09-05192480032373",-316.85
260079781,"ASST_NON_CA1329L9T211400_086","CA1329L9T211400","CITY OF WOODLAND","CA","2019-09-05","2019-09-05192480031850",-9070
260036355,"ASST_NON_CA0319L9T261505_086","CA0319L9T261505","SIERRA HOPE","CA","2019-09-05","2019-09-05192480031439",-691
260067523,"ASST_NON_CA0984L9T201503_086","CA0984L9T201503","COUNTY OF MERCED","CA","2019-09-05","2019-09-05192480032024",-7292
260022866,"ASST_NON_CA0117L9T021407_086","CA0117L9T021407","BUILDING OPPORTUNITIES FOR SELF-SUFFICIENCY","CA","2019-09-05","2019-09-05192480031089",-2980.55
260067805,"ASST_NON_CA1021L9D091502_086","CA1021L9D091502","CENTRAL CITY LUTHERAN MISSION","CA","2019-09-05","2019-09-05192480034321",-11825.24
260067506,"ASST_NON_CA0982L9T191503_086","CA0982L9T191503","BUTTE COUNTY BEHAVIORAL HEALTH","CA","2019-09-05","2019-09-05192480032012",-4613.29
260074056,"ASST_NON_CA1171L9T021200_086","CA1171L9T021200","ALAMEDA COUNTY BHCS","CA","2019-09-05","2019-09-05192480030648",-1115.1
260021847,"ASST_NON_CA0095L9T021407_086","CA0095L9T021407","BUILDING OPPORTUNITIES FOR SELF-SUFFICIENCY","CA","2019-09-05","2019-09-05192480031052",-1725.23
260064385,"ASST_NON_CA0908L9T191506_086","CA0908L9T191506","BUTTE COUNTY BEHAVIORAL HEALTH","CA","2019-09-05","2019-09-05192480032120",-10037.83
260066734,"ASST_NON_CA0953L9T021403_086","CA0953L9T021403","ABODE SERVICES","CA","2019-09-05","2019-09-05192480030738",-11791
260061680,"ASST_NON_CA0846L9T191504_086","CA0846L9T191504","BUTTE COUNTY BEHAVIORAL HEALTH","CA","2019-09-05","2019-09-05192480032180",-5116.91
260022246,"ASST_NON_CA0100L9T021508_086","CA0100L9T021508","BUILDING OPPORTUNITIES FOR SELF-SUFFICIENCY","CA","2019-09-05","2019-09-05192480032169",-5792.23
260083019,"ASST_NON_CA1467L9T021500_086","CA1467L9T021500","CORNERSTONE COMMUNITY DEVELOPMENT CORPORATION","CA","2019-09-05","2019-09-05192480032280",-33363
260023794,"ASST_NON_CA0120L9T021508_086","CA0120L9T021508","ABODE SERVICES","CA","2019-09-05","2019-09-05192480032261",-675
260022298,"ASST_NON_CA0104L9T021407_086","CA0104L9T021407","BUILDING OPPORTUNITIES FOR SELF-SUFFICIENCY","CA","2019-09-05","2019-09-05192480031064",-1.91
260061687,"ASST_NON_CA0847L9T191504_086","CA0847L9T191504","BUTTE COUNTY BEHAVIORAL HEALTH","CA","2019-09-05","2019-09-05192480032312",-5159.03
260067515,"ASST_NON_CA0983L9T191503_086","CA0983L9T191503","BUTTE COUNTY BEHAVIORAL HEALTH","CA","2019-09-05","2019-09-05192480032018",-13820.74
260023793,"ASST_NON_CA0120L9T021407_086","CA0120L9T021407","ABODE SERVICES","CA","2019-09-05","2019-09-05192480031095",-531
260081340,"ASST_NON_CA1397L9T071500_086","CA1397L9T071500","COUNTY OF MARIN","CA","2019-09-05","2019-09-05192480031868",-0.4
260033427,"ASST_NON_CA0272L9T131503_086","CA0272L9T131503","TULARE, CITY OF","CA","2019-09-05","2019-09-05192480032385",-19304
260023881,"ASST_NON_CA0127L9T031502_086","CA0127L9T031502","HOUSING AUTHORITY OF THE COUNTY OF SACRAMENTO","CA","2019-09-05","2019-09-05192480031787",-11124.11
260067452,"ASST_NON_CA0976L9T141403_086","CA0976L9T141403","HOUSING AUTHORITY OF THE CITY OF FRESNO","CA","2019-09-05","2019-09-05192480030756",-1243.69
260033449,"ASST_NON_CA0275L9T141401_086","CA0275L9T141401","HOUSING AUTHORITY OF THE CITY OF FRESNO","CA","2019-09-05","2019-09-05192480031157",-25717
260033463,"ASST_NON_CA0276L9T141503_086","CA0276L9T141503","HOUSING AUTHORITY OF THE CITY OF FRESNO","CA","2019-09-05","2019-09-05192480032157",-48397
260071803,"ASST_NON_CA1090L9T141401_086","CA1090L9T141401","FRESNO COUNTY ECONOMIC OPPORTUNITIES COMMISSION","CA","2019-09-05","2019-09-05192480030805",-42931.44
260071804,"ASST_NON_CA1090L9T141502_086","CA1090L9T141502","FRESNO COUNTY ECONOMIC OPPORTUNITIES COMMISSION","CA","2019-09-05","2019-09-05192480031976",-27084.61
260067453,"ASST_NON_CA0976L9T141504_086","CA0976L9T141504","HOUSING AUTHORITY OF THE CITY OF FRESNO","CA","2019-09-05","2019-09-05192480032072",-15215.9
260079693,"ASST_NON_CA1321L9T141400_086","CA1321L9T141400","HOUSING AUTHORITY OF THE CITY OF FRESNO","CA","2019-09-05","2019-09-05192480030935",-32524
260057785,"ASST_NON_CA0749L9T021405_086","CA0749L9T021405","CITY OF BERKELEY","CA","2019-09-05","2019-09-05192480031193",-5388.58
260067465,"ASST_NON_CA0977L9T141502_086","CA0977L9T141502","HOUSING AUTHORITY OF THE CITY OF FRESNO","CA","2019-09-05","2019-09-05192480032078",-25298
260067464,"ASST_NON_CA0977L9T141401_086","CA0977L9T141401","HOUSING AUTHORITY OF THE CITY OF FRESNO","CA","2019-09-05","2019-09-05192480030762",-21845
260078514,"ASST_NON_CA1289L9T141300_086","CA1289L9T141300","HOUSING AUTHORITY OF THE CITY OF FRESNO","CA","2019-09-05","2019-09-05192480030625",-605
260033586,"ASST_NON_CA0278L9T141508_086","CA0278L9T141508","HOUSING AUTHORITY OF THE CITY OF FRESNO","CA","2019-09-05","2019-09-05192480032145",-12606.09
260033426,"ASST_NON_CA0272L9T131402_086","CA0272L9T131402","TULARE, CITY OF","CA","2019-09-05","2019-09-05192480031144",-13608
260061006,"ASST_NON_CA0827L9T021502_086","CA0827L9T021502","CITY OF BERKELEY","CA","2019-09-05","2019-09-05192480031541",-63.8
260025121,"ASST_NON_CA0151L9T031508_086","CA0151L9T031508","HOUSING AUTHORITY OF THE COUNTY OF SACRAMENTO","CA","2019-09-05","2019-09-05192480031621",-27826.02
260033450,"ASST_NON_CA0275L9T141502_086","CA0275L9T141502","HOUSING AUTHORITY OF THE CITY OF FRESNO","CA","2019-09-05","2019-09-05192480032163",-24245
260057786,"ASST_NON_CA0749L9T021506_086","CA0749L9T021506","CITY OF BERKELEY","CA","2019-09-05","2019-09-05192480031427",-4960.66
260059548,"ASST_NON_CA0770L9T141507_086","CA0770L9T141507","FRESNO COUNTY ECONOMIC OPPORTUNITIES COMMISSION","CA","2019-09-05","2019-09-05192480031838",-43588.57
260077290,"ASST_NON_CA1259L9D071502_086","CA1259L9D071502","CITY OF PASADENA","CA","2019-09-05","2019-09-05192480034309",-997.34
260011780,"ASST_NON_CA0000U9D061806_086","CA0000U9D061806","CITY OF LONG BEACH","CA","2019-09-05","2019-09-05192480034992",8109162
260078308,"ASST_NON_CA1273L9T131501_086","CA1273L9T131501","COMMUNITY SERVICES AND EMPLOYMENT TRAINING, INCORPORATED","CA","2019-09-05","2019-09-05192480031892",-4490.79
260067476,"ASST_NON_CA0978L9T151501_086","CA0978L9T151501","COUNTY OF NEVADA","CA","2019-09-05","2019-09-05192480032084",-2982.07
260071025,"ASST_NON_CA1088L9T131401_086","CA1088L9T131401","COMMUNITY SERVICES AND EMPLOYMENT TRAINING, INCORPORATED","CA","2019-09-05","2019-09-05192480030799",-2602.8
260080587,"ASST_NON_CA1361L9D071400_086","CA1361L9D071400","CITY OF PASADENA","CA","2019-09-05","2019-09-05192480034228",-31523.47
260079146,"ASST_NON_CA1309L9T071400_086","CA1309L9T071400","RITTER CENTER","CA","2019-09-05","2019-09-05192480030899",-19046.89
260051750,"ASST_NON_CA0653L9D071502_086","CA0653L9D071502","CITY OF PASADENA","CA","2019-09-05","2019-09-05192480034388",-22765
260065154,"ASST_NON_CA0933L9D071506_086","CA0933L9D071506","CITY OF PASADENA","CA","2019-09-05","2019-09-05192480034327",-17836.24
260063549,"ASST_NON_CA0873L9D071501_086","CA0873L9D071501","CITY OF PASADENA","CA","2019-09-05","2019-09-05192480034339",-20903.9
260080591,"ASST_NON_CA1362L9D071501_086","CA1362L9D071501","CITY OF PASADENA","CA","2019-09-05","2019-09-05192480034418",-42960.3
260024068,"ASST_NON_CA0145L9T031508_086","CA0145L9T031508","TLCS INC","CA","2019-09-05","2019-09-05192480031633",-32173.83
260080588,"ASST_NON_CA1361L9D071501_086","CA1361L9D071501","CITY OF PASADENA","CA","2019-09-05","2019-09-05192480034424",-22911.84
260025187,"ASST_NON_CA0158L9T031508_086","CA0158L9T031508","TLCS INC","CA","2019-09-05","2019-09-05192480031566",-6023.62
260051807,"ASST_NON_CA0659L9D071407_086","CA0659L9D071407","CITY OF PASADENA","CA","2019-09-05","2019-09-05192480034139",-7224.91
260052214,"ASST_NON_CA0660L9D071508_086","CA0660L9D071508","CITY OF PASADENA","CA","2019-09-05","2019-09-05192480034376",-209.79
260051791,"ASST_NON_CA0658L9D071508_086","CA0658L9D071508","CITY OF PASADENA","CA","2019-09-05","2019-09-05192480034382",-13088.52
260071836,"ASST_NON_CA1093L9T151403_086","CA1093L9T151403","COUNTY OF NEVADA","CA","2019-09-05","2019-09-05192480030811",-16166.9
260080590,"ASST_NON_CA1362L9D071400_086","CA1362L9D071400","CITY OF PASADENA","CA","2019-09-05","2019-09-05192480034222",-49613.58
260071837,"ASST_NON_CA1093L9T151504_086","CA1093L9T151504","COUNTY OF NEVADA","CA","2019-09-05","2019-09-05192480031982",-64.65
260082409,"ASST_NON_CA1447L9D071500_086","CA1447L9D071500","CITY OF PASADENA","CA","2019-09-05","2019-09-05192480034400",-1522.99
260058314,"ASST_NON_CA0756L9T071507_086","CA0756L9T071507","HOUSING AUTHORITY OF THE COUNTY OF MARIN","CA","2019-09-05","2019-09-05192480031713",-5912
260082408,"ASST_NON_CA1446L9D071500_086","CA1446L9D071500","CITY OF PASADENA","CA","2019-09-05","2019-09-05192480034406",-32111.93
260143639,"ASST_NON_CA9004U9D061800_086","CA9004U9D061800","CITY OF LONG BEACH","CA","2019-09-05","2019-09-05192480033952",358691
260035307,"ASST_NON_CA0300L9T181407_086","CA0300L9T181407","CAMINAR","CA","2019-09-05","2019-09-05192480031169",-36887.05
260048090,"ASST_NON_CA0602L9D031508_086","CA0602L9D031508","DOMESTIC VIOLENCE SOLUTIONS FOR SANTA BARBARA COUNTY","CA","2019-09-05","2019-09-05192480034292",-15144
260035308,"ASST_NON_CA0300L9T181508_086","CA0300L9T181508","CAMINAR","CA","2019-09-05","2019-09-05192480032194",-29934.93
260067497,"ASST_NON_CA0981L9T181504_086","CA0981L9T181504","CAMINAR","CA","2019-09-05","2019-09-05192480032090",-5676.8
260061566,"ASST_NON_CA0833L9T101503_086","CA0833L9T101503","COMMUNITY HOUSING AND SHELTER SERVICES OF STANISLAUS COUNTY","CA","2019-09-05","2019-09-05192480032436",-41843.88
260067496,"ASST_NON_CA0981L9T181403_086","CA0981L9T181403","CAMINAR","CA","2019-09-05","2019-09-05192480030768",-8455.47
260064291,"ASST_NON_CA0896L9T101506_086","CA0896L9T101506","COMMUNITY IMPACT CENTRAL VALLEY","CA","2019-09-05","2019-09-05192480032108",-20164.4
260064305,"ASST_NON_CA0897L9T101405_086","CA0897L9T101405","COMMUNITY HOUSING AND SHELTER SERVICES OF STANISLAUS COUNTY","CA","2019-09-05","2019-09-05192480030892",-3944.29
260064290,"ASST_NON_CA0896L9T101405_086","CA0896L9T101405","COMMUNITY IMPACT CENTRAL VALLEY","CA","2019-09-05","2019-09-05192480030886",-29005.49
260031572,"ASST_NON_CA0243L9T101506_086","CA0243L9T101506","COMMUNITY HOUSING AND SHELTER SERVICES OF STANISLAUS COUNTY","CA","2019-09-05","2019-09-05192480031336",-1591.33
260031536,"ASST_NON_CA0240L9T101504_086","CA0240L9T101504","COMMUNITY IMPACT CENTRAL VALLEY","CA","2019-09-05","2019-09-05192480031342",-19612.19
260079157,"ASST_NON_CA1310L9T081400_086","CA1310L9T081400","HOUSING MATTERS","CA","2019-09-05","2019-09-05192480030905",-35655.73
260035193,"ASST_NON_CA0298L9T181508_086","CA0298L9T181508","CAMINAR","CA","2019-09-05","2019-09-05192480032218",-22232.08
260077196,"ASST_NON_CA1252L9T081300_086","CA1252L9T081300","HOUSING MATTERS","CA","2019-09-05","2019-09-05192480030660",-4652.16
260035165,"ASST_NON_CA0294L9T181507_086","CA0294L9T181507","CAMINAR","CA","2019-09-05","2019-09-05192480032225",-8660.25
260078413,"ASST_NON_CA1280L9T041300_086","CA1280L9T041300","CATHOLIC CHARITIES OF THE DIOCESE OF SANTA ROSA","CA","2019-09-05","2019-09-05192480030619",-10646
260031595,"ASST_NON_CA0245L9T101506_086","CA0245L9T101506","CENTER FOR HUMAN SERVICES","CA","2019-09-05","2019-09-05192480031389",-1233
260078439,"ASST_NON_CA1284L9T121501_086","CA1284L9T121501","LIFEMOVES","CA","2019-09-05","2019-09-05192480031898",-17220
260079172,"ASST_NON_CA1313L9T121501_086","CA1313L9T121501","LIFEMOVES","CA","2019-09-05","2019-09-05192480031916",-697
260079123,"ASST_NON_CA1305L9T041400_086","CA1305L9T041400","INDIVIDUALS, NOW","CA","2019-09-05","2019-09-05192480030848",-20140
260031594,"ASST_NON_CA0245L9T101405_086","CA0245L9T101405","CENTER FOR HUMAN SERVICES","CA","2019-09-05","2019-09-05192480031126",-1294
260059692,"ASST_NON_CA0778L9T181508_086","CA0778L9T181508","REYNAISSANCE FAMILY CENTER","CA","2019-09-05","2019-09-05192480031474",-262.01
260079171,"ASST_NON_CA1313L9T121400_086","CA1313L9T121400","LIFEMOVES","CA","2019-09-05","2019-09-05192480030911",-47090
260022316,"ASST_NON_CA0106L9T021508_086","CA0106L9T021508","CITY OF OAKLAND","CA","2019-09-05","2019-09-05192480032355",-1
260022315,"ASST_NON_CA0106L9T021407_086","CA0106L9T021407","CITY OF OAKLAND","CA","2019-09-05","2019-09-05192480031071",-7671
260035151,"ASST_NON_CA0293L9T171508_086","CA0293L9T171508","COUNTY OF NAPA","CA","2019-09-05","2019-09-05192480032231",-10079.74
260081505,"ASST_NON_CA1416L9T171500_086","CA1416L9T171500","COUNTY OF NAPA","CA","2019-09-05","2019-09-05192480032398",-19437
260022685,"ASST_NON_CA0111L9T021507_086","CA0111L9T021507","RESOURCES FOR COMMUNITY DEVELOPMENT","CA","2019-09-05","2019-09-05192480032139",-23732
260035134,"ASST_NON_CA0292L9T171508_086","CA0292L9T171508","THE HOUSING DEVELOPMENT CORPORATION OF THE CITY OF NAPA","CA","2019-09-05","2019-09-05192480032243",-15364
260023868,"ASST_NON_CA0126L9T021407_086","CA0126L9T021407","FRED FINCH YOUTH CENTER","CA","2019-09-05","2019-09-05192480031101",-45492
260023869,"ASST_NON_CA0126L9T021508_086","CA0126L9T021508","FRED FINCH YOUTH CENTER","CA","2019-09-05","2019-09-05192480032249",-5980
260037028,"ASST_NON_CA0327L9D001402_086","CA0327L9D001402","CITY OF SANTA MONICA","CA","2019-09-05","2019-09-05192480034176",-34974
260083172,"ASST_NON_CA1472L9T051500_086","CA1472L9T051500","CONTRA COSTA INTERFAITH TRANSITIONAL HOUSING, INC","CA","2019-09-05","2019-09-05192480032286",-14226
260025438,"ASST_NON_CA0186L9T051508_086","CA0186L9T051508","RESOURCES FOR COMMUNITY DEVELOPMENT","CA","2019-09-05","2019-09-05192480031554",-46212
260022684,"ASST_NON_CA0111L9T021406_086","CA0111L9T021406","RESOURCES FOR COMMUNITY DEVELOPMENT","CA","2019-09-05","2019-09-05192480031083",-19686
260025199,"ASST_NON_CA0159L9T041302_086","CA0159L9T041302","WEST COUNTY COMMUNITY SERVICES","CA","2019-09-05","2019-09-05192480030630",-35666
260062960,"ASST_NON_CA0861L9D001504_086","CA0861L9D001504","LOS ANGELES HOMELESS SERVICES AUTHORITY","CA","2019-09-05","2019-09-05192480034345",-72
260036258,"ASST_NON_CA0311L9T221504_086","CA0311L9T221504","DEPARTMENT OF HEALTH & HUMAN S","CA","2019-09-05","2019-09-05192480031445",-2015.08
260043506,"ASST_NON_CA0511L9D001306_086","CA0511L9D001306","LOS ANGELES HOMELESS SERVICES AUTHORITY","CA","2019-09-05","2019-09-05192480034010",-36.42
260038533,"ASST_NON_CA0354L9D001407_086","CA0354L9D001407","LOS ANGELES HOMELESS SERVICES AUTHORITY","CA","2019-09-05","2019-09-05192480034205",-212
260042443,"ASST_NON_CA0466L9D001306_086","CA0466L9D001306","LOS ANGELES HOMELESS SERVICES AUTHORITY","CA","2019-09-05","2019-09-05192480033963",-1157
260042636,"ASST_NON_CA0483L9D001407_086","CA0483L9D001407","LOS ANGELES HOMELESS SERVICES AUTHORITY","CA","2019-09-05","2019-09-05192480034145",-321
260034584,"ASST_NON_CA0288L9T161407_086","CA0288L9T161407","NORTHERN VALLEY CATHOLIC SOCIAL SERVICE, INC.","CA","2019-09-05","2019-09-05192480031163",-45332.75
260040724,"ASST_NON_CA0422L9D001306_086","CA0422L9D001306","LOS ANGELES HOMELESS SERVICES AUTHORITY","CA","2019-09-05","2019-09-05192480033981",-1852
260059619,"ASST_NON_CA0777L9T171507_086","CA0777L9T171507","BUCKELEW PROGRAMS","CA","2019-09-05","2019-09-05192480031480",-38930.11
260038351,"ASST_NON_CA0346L9D001407_086","CA0346L9D001407","LOS ANGELES HOMELESS SERVICES AUTHORITY","CA","2019-09-05","2019-09-05192480034217",-222.22
260043472,"ASST_NON_CA0507L9D001306_086","CA0507L9D001306","LOS ANGELES HOMELESS SERVICES AUTHORITY","CA","2019-09-05","2019-09-05192480034004",-2913.02
260030299,"ASST_NON_CA0223L9T071508_086","CA0223L9T071508","BUCKELEW PROGRAMS","CA","2019-09-05","2019-09-05192480031307",-48269.81
260042444,"ASST_NON_CA0466L9D001407_086","CA0466L9D001407","LOS ANGELES HOMELESS SERVICES AUTHORITY","CA","2019-09-05","2019-09-05192480034151",-86
260038553,"ASST_NON_CA0356L9D001406_086","CA0356L9D001406","ALLIANCE FOR HOUSING AND HEALING","CA","2019-09-05","2019-09-05192480034193",-21021.27
260059609,"ASST_NON_CA0776L9T161406_086","CA0776L9T161406","NORTHERN VALLEY CATHOLIC SOCIAL SERVICE, INC.","CA","2019-09-05","2019-09-05192480030868",-24625.98
260038570,"ASST_NON_CA0357L9D001407_086","CA0357L9D001407","ALLIANCE FOR HOUSING AND HEALING","CA","2019-09-05","2019-09-05192480034187",-0.08
260035460,"ASST_NON_CA0308L9T211508_086","CA0308L9T211508","YOLO COMMUNITY CARE CONTINUUM","CA","2019-09-05","2019-09-05192480031451",-4950
260043435,"ASST_NON_CA0502L9D001306_086","CA0502L9D001306","LOS ANGELES HOMELESS SERVICES AUTHORITY","CA","2019-09-05","2019-09-05192480033998",-2597
260038312,"ASST_NON_CA0342L9D001306_086","CA0342L9D001306","LOS ANGELES HOMELESS SERVICES AUTHORITY","CA","2019-09-05","2019-09-05192480033987",-745.53
260048138,"ASST_NON_CA0606L9D041508_086","CA0606L9D041508","COUNTY OF KERN","CA","2019-09-05","2019-09-05192480034286",-43
260068806,"ASST_NON_CA1041L9T161505_086","CA1041L9T161505","NORTHERN VALLEY CATHOLIC SOCIAL SERVICE, INC.","CA","2019-09-05","2019-09-05192480032042",-22352.63
260042253,"ASST_NON_CA0450L9D001306_086","CA0450L9D001306","LOS ANGELES HOMELESS SERVICES AUTHORITY","CA","2019-09-05","2019-09-05192480033969",-83
260067591,"ASST_NON_CA0994L9D001401_086","CA0994L9D001401","LOS ANGELES HOMELESS SERVICES AUTHORITY","CA","2019-09-05","2019-09-05192480034133",-2295
260036279,"ASST_NON_CA0313L9T221407_086","CA0313L9T221407","DEPARTMENT OF HEALTH & HUMAN S","CA","2019-09-05","2019-09-05192480031181",-283.23
260040310,"ASST_NON_CA0419L9D001407_086","CA0419L9D001407","LOS ANGELES HOMELESS SERVICES AUTHORITY","CA","2019-09-05","2019-09-05192480034169",-1067.82
260038534,"ASST_NON_CA0354L9D001508_086","CA0354L9D001508","LOS ANGELES HOMELESS SERVICES AUTHORITY","CA","2019-09-05","2019-09-05192480034304",-54
260041550,"ASST_NON_CA0440L9D001407_086","CA0440L9D001407","LOS ANGELES HOMELESS SERVICES AUTHORITY","CA","2019-09-05","2019-09-05192480034157",-43
260031580,"ASST_NON_CA0244L9T101508_086","CA0244L9T101508","STANISLAUS REGIONAL HOUSING AUTHORITY","CA","2019-09-05","2019-09-05192480031330",-38142.4
260081513,"ASST_NON_CA1419L9T181500_086","CA1419L9T181500","SOLANO COUNTY HEALTH & SOCIAL SERVICES DEPARTMENT","CA","2019-09-05","2019-09-05192480032410",-17637
260059610,"ASST_NON_CA0776L9T161507_086","CA0776L9T161507","NORTHERN VALLEY CATHOLIC SOCIAL SERVICE, INC.","CA","2019-09-05","2019-09-05192480031826",-41579.18
260081583,"ASST_NON_CA1425L9T221500_086","CA1425L9T221500","DEPARTMENT OF HEALTH & HUMAN S","CA","2019-09-05","2019-09-05192480032422",-212.79
260081509,"ASST_NON_CA1417L9T181500_086","CA1417L9T181500","SOLANO COUNTY HEALTH & SOCIAL SERVICES DEPARTMENT","CA","2019-09-05","2019-09-05192480032404",-11001
260062312,"ASST_NON_CA0852L9T221504_086","CA0852L9T221504","DEPARTMENT OF HEALTH & HUMAN S","CA","2019-09-05","2019-09-05192480032330",-7547.67
260079709,"ASST_NON_CA1326L9T181501_086","CA1326L9T181501","SOLANO COUNTY HEALTH & SOCIAL SERVICES DEPARTMENT","CA","2019-09-05","2019-09-05192480031844",-24360
260077286,"ASST_NON_CA1258L9T221501_086","CA1258L9T221501","DEPARTMENT OF HEALTH & HUMAN S","CA","2019-09-05","2019-09-05192480031964",-11093.6
260058279,"ASST_NON_CA0752L9T041507_086","CA0752L9T041507","BUCKELEW PROGRAMS","CA","2019-09-05","2019-09-05192480031676",-14308
260074956,"ASST_NON_CA1192L9T221502_086","CA1192L9T221502","DEPARTMENT OF HEALTH & HUMAN S","CA","2019-09-05","2019-09-05192480031946",-6082.19
260040255,"ASST_NON_CA0413L9D001407_086","CA0413L9D001407","LOS ANGELES HOMELESS SERVICES AUTHORITY","CA","2019-09-05","2019-09-05192480034181",-3705
260083347,"ASST_NON_CA1485L9T221500_086","CA1485L9T221500","DEPARTMENT OF HEALTH & HUMAN S","CA","2019-09-05","2019-09-05192480032349",-46833.07
260038484,"ASST_NON_CA0350L9D001407_086","CA0350L9D001407","LOS ANGELES HOMELESS SERVICES AUTHORITY","CA","2019-09-05","2019-09-05192480034211",-181
260043543,"ASST_NON_CA0515L9D001306_086","CA0515L9D001306","LOS ANGELES HOMELESS SERVICES AUTHORITY","CA","2019-09-05","2019-09-05192480034016",-55
260039445,"ASST_NON_CA0374L9D001508_086","CA0374L9D001508","LOS ANGELES HOMELESS SERVICES AUTHORITY","CA","2019-09-05","2019-09-05192480034298",-1927.78
260081562,"ASST_NON_CA1422L9T211500_086","CA1422L9T211500","YOLO COMMUNITY CARE CONTINUUM","CA","2019-09-05","2019-09-05192480032416",-5263.34
260043392,"ASST_NON_CA0499L9D001306_086","CA0499L9D001306","LOS ANGELES HOMELESS SERVICES AUTHORITY","CA","2019-09-05","2019-09-05192480033992",-416.94
260038543,"ASST_NON_CA0355L9D001407_086","CA0355L9D001407","LOS ANGELES HOMELESS SERVICES AUTHORITY","CA","2019-09-05","2019-09-05192480034199",-46
260040861,"ASST_NON_CA0434L9D001407_086","CA0434L9D001407","LOS ANGELES HOMELESS SERVICES AUTHORITY","CA","2019-09-05","2019-09-05192480034163",-120.38
260040860,"ASST_NON_CA0434L9D001306_086","CA0434L9D001306","LOS ANGELES HOMELESS SERVICES AUTHORITY","CA","2019-09-05","2019-09-05192480033975",-1155
260034561,"ASST_NON_CA0286L9T151508_086","CA0286L9T151508","STAND UP PLACER, INC.","CA","2019-09-05","2019-09-05192480031468",-279
260016904,"ASST_NON_CA0046L9T011407_086","CA0046L9T011407","CITY & COUNTY OF SAN FRANCISCO","CA","2019-09-05","2019-09-05192480031003",-11254.87
260079182,"ASST_NON_CA1315L9T131400_086","CA1315L9T131400","KINGS/TULARE CONTINUUM OF CARE ON HOMELESSNESS, INC.","CA","2019-09-05","2019-09-05192480030917",-65.61
260016905,"ASST_NON_CA0046L9T011508_086","CA0046L9T011508","CITY & COUNTY OF SAN FRANCISCO","CA","2019-09-05","2019-09-05192480031640",-37043.04
260021864,"ASST_NON_CA0097L9T021407_086","CA0097L9T021407","CITY OF FREMONT","CA","2019-09-05","2019-09-05192480031058",-18108.54
260024046,"ASST_NON_CA0143L9T031508_086","CA0143L9T031508","SACRAMENTO STEPS FORWARD","CA","2019-09-05","2019-09-05192480031726",-30991.07
260070150,"ASST_NON_CA1069L9T041403_086","CA1069L9T041403","COMMITTEE ON THE SHELTERLESS","CA","2019-09-05","2019-09-05192480030787",-10532
260023943,"ASST_NON_CA0133L9T031508_086","CA0133L9T031508","SACRAMENTO STEPS FORWARD","CA","2019-09-05","2019-09-05192480031750",-9116.39
260025171,"ASST_NON_CA0156L9T031508_086","CA0156L9T031508","SACRAMENTO STEPS FORWARD","CA","2019-09-05","2019-09-05192480031590",-0.01
260024085,"ASST_NON_CA0147L9T031407_086","CA0147L9T031407","SACRAMENTO STEPS FORWARD","CA","2019-09-05","2019-09-05192480031107",-23.6
260079104,"ASST_NON_CA1299L9T031501_086","CA1299L9T031501","SACRAMENTO STEPS FORWARD","CA","2019-09-05","2019-09-05192480031910",-29442.86
260082832,"ASST_NON_CA1452L9D091500_086","CA1452L9D091500","INLAND EMPIRE UNITED WAY","CA","2019-09-05","2019-09-05192480034394",-5678
260061047,"ASST_NON_CA0828L9T031503_086","CA0828L9T031503","SACRAMENTO STEPS FORWARD","CA","2019-09-05","2019-09-05192480031523",-32483.21
260025104,"ASST_NON_CA0150L9T031508_086","CA0150L9T031508","SACRAMENTO STEPS FORWARD","CA","2019-09-05","2019-09-05192480031627",-366.86
260023904,"ASST_NON_CA0129L9T031508_086","CA0129L9T031508","SACRAMENTO STEPS FORWARD","CA","2019-09-05","2019-09-05192480031658",-2557.86
260058256,"ASST_NON_CA0750L9T031507_086","CA0750L9T031507","SACRAMENTO STEPS FORWARD","CA","2019-09-05","2019-09-05192480031769",-36472.05
260023926,"ASST_NON_CA0132L9T031508_086","CA0132L9T031508","SACRAMENTO STEPS FORWARD","CA","2019-09-05","2019-09-05192480031406",-2816.07
260058269,"ASST_NON_CA0751L9T031406_086","CA0751L9T031406","SACRAMENTO STEPS FORWARD","CA","2019-09-05","2019-09-05192480030730",-0.02
260036269,"ASST_NON_CA0312L9T221407_086","CA0312L9T221407","ARCATA HOUSE PARTNERSHIP","CA","2019-09-05","2019-09-05192480031175",-3.13
260061061,"ASST_NON_CA0829L9T041504_086","CA0829L9T041504","COMMITTEE ON THE SHELTERLESS","CA","2019-09-05","2019-09-05192480031517",-1564
260023960,"ASST_NON_CA0135L9T031508_086","CA0135L9T031508","SACRAMENTO STEPS FORWARD","CA","2019-09-05","2019-09-05192480031738",-2637.8
260024038,"ASST_NON_CA0142L9T031508_086","CA0142L9T031508","SACRAMENTO STEPS FORWARD","CA","2019-09-05","2019-09-05192480031732",-9598.15
260066754,"ASST_NON_CA0955L9T031502_086","CA0955L9T031502","SACRAMENTO STEPS FORWARD","CA","2019-09-05","2019-09-05192480032126",-13272.34
260073549,"ASST_NON_CA1152L9T031504_086","CA1152L9T031504","SACRAMENTO STEPS FORWARD","CA","2019-09-05","2019-09-05192480031928",-8960.76
260074440,"ASST_NON_CA1183L9T131401_086","CA1183L9T131401","TURNING POINT OF CENTRAL CALIFORNIA INC","CA","2019-09-05","2019-09-05192480030824",-44056
260064319,"ASST_NON_CA0900L9T101506_086","CA0900L9T101506","TURNING POINT COMMUNITY PROGRAMS","CA","2019-09-05","2019-09-05192480032114",-14818.56
260056901,"ASST_NON_CA0731L9D121508_086","CA0731L9D121508","CITY OF GLENDALE","CA","2019-09-05","2019-09-05192480034364",-7689.81
260073563,"ASST_NON_CA1155L9T051403_086","CA1155L9T051403","HOUSING AUTHORITY OF CONTRA COSTA COUNTY","CA","2019-09-05","2019-09-05192480030818",-14665
260081463,"ASST_NON_CA1404L9T131500_086","CA1404L9T131500","CENTRAL CALIFORNIA FAMILY CRISIS CENTER, INC.","CA","2019-09-05","2019-09-05192480031874",-43248.11
260059578,"ASST_NON_CA0773L9T141507_086","CA0773L9T141507","TURNING POINT OF CENTRAL CALIFORNIA INC","CA","2019-09-05","2019-09-05192480031832",-22332
260056008,"ASST_NON_CA0724L9D121508_086","CA0724L9D121508","CITY OF GLENDALE","CA","2019-09-05","2019-09-05192480034370",-38481.61
260064318,"ASST_NON_CA0900L9T101405_086","CA0900L9T101405","TURNING POINT COMMUNITY PROGRAMS","CA","2019-09-05","2019-09-05192480030732",-16904.39
260056927,"ASST_NON_CA0733L9D121508_086","CA0733L9D121508","CITY OF GLENDALE","CA","2019-09-05","2019-09-05192480034358",-9776
260066831,"ASST_NON_CA0964L9T101503_086","CA0964L9T101503","TURNING POINT COMMUNITY PROGRAMS","CA","2019-09-05","2019-09-05192480032054",-31824.22
260014234,"ASST_NON_CA0023L9T001407_086","CA0023L9T001407","EDEN HOUSING, INC.","CA","2019-09-05","2019-09-05192480030985",-36684
260066830,"ASST_NON_CA0964L9T101402_086","CA0964L9T101402","TURNING POINT COMMUNITY PROGRAMS","CA","2019-09-05","2019-09-05192480030750",-36088.5
260083337,"ASST_NON_CA1484L9T181500_086","CA1484L9T181500","COMMUNITY ACTION PARTNERSHIP OF SOLANO JPA","CA","2019-09-05","2019-09-05192480032304",-11347.04
260077211,"ASST_NON_CA1255L9T141501_086","CA1255L9T141501","TURNING POINT OF CENTRAL CALIFORNIA INC","CA","2019-09-05","2019-09-05192480031958",-39608
260069624,"ASST_NON_CA1057L9D121505_086","CA1057L9D121505","CITY OF GLENDALE","CA","2019-09-05","2019-09-05192480034315",-24769
260062300,"ASST_NON_CA0850L9T201504_086","CA0850L9T201504","TURNING POINT COMMUNITY PROGRAMS","CA","2019-09-05","2019-09-05192480032324",-10395.59
260061748,"ASST_NON_CA0848L9T201504_086","CA0848L9T201504","TURNING POINT COMMUNITY PROGRAMS","CA","2019-09-05","2019-09-05192480032318",-25649.48
260079187,"ASST_NON_CA1317L9T131400_086","CA1317L9T131400","TURNING POINT OF CENTRAL CALIFORNIA INC","CA","2019-09-05","2019-09-05192480030923",-18895
260061577,"ASST_NON_CA0835L9T111501_086","CA0835L9T111501","SAN JOAQUIN COUNTY - HUMAN SERVICES AGENCY","CA","2019-09-05","2019-09-05192480032442",-12926
260032412,"ASST_NON_CA0252L9T111507_086","CA0252L9T111507","SAN JOAQUIN COUNTY - HUMAN SERVICES AGENCY","CA","2019-09-05","2019-09-05192480032255",-7109
260032392,"ASST_NON_CA0251L9T111506_086","CA0251L9T111506","SAN JOAQUIN COUNTY - HUMAN SERVICES AGENCY","CA","2019-09-05","2019-09-05192480031463",-13061
260032428,"ASST_NON_CA0253L9T111407_086","CA0253L9T111407","SAN JOAQUIN COUNTY - HUMAN SERVICES AGENCY","CA","2019-09-05","2019-09-05192480031138",-29220
260058731,"ASST_NON_CA0761L9T111505_086","CA0761L9T111505","SAN JOAQUIN COUNTY - HUMAN SERVICES AGENCY","CA","2019-09-05","2019-09-05192480031701",-16708
260058730,"ASST_NON_CA0761L9T111404_086","CA0761L9T111404","SAN JOAQUIN COUNTY - HUMAN SERVICES AGENCY","CA","2019-09-05","2019-09-05192480030862",-10962
260031682,"ASST_NON_CA0248L9T111405_086","CA0248L9T111405","SAN JOAQUIN COUNTY - HUMAN SERVICES AGENCY","CA","2019-09-05","2019-09-05192480031132",-327.32
260077210,"ASST_NON_CA1255L9T141300_086","CA1255L9T141300","TURNING POINT OF CENTRAL CALIFORNIA INC","CA","2019-09-05","2019-09-05192480030607",-33899
260064254,"ASST_NON_CA0892L9T051506_086","CA0892L9T051506","HOUSING AUTHORITY OF CONTRA COSTA COUNTY","CA","2019-09-05","2019-09-05192480032102",-10179
260073564,"ASST_NON_CA1155L9T051504_086","CA1155L9T051504","HOUSING AUTHORITY OF CONTRA COSTA COUNTY","CA","2019-09-05","2019-09-05192480031934",-4142
260077854,"ASST_NON_CA1267L9T071502_086","CA1267L9T071502","HOMEWARD BOUND OF MARIN","CA","2019-09-05","2019-09-05192480031886",-2352.64
260058764,"ASST_NON_CA0764L9T121507_086","CA0764L9T121507","HOUSING AUTHORITY OF COUNTY OF SAN M","CA","2019-09-05","2019-09-05192480031689",-834.3
260020901,"ASST_NON_CA0083L9T021407_086","CA0083L9T021407","ALAMEDA COUNTY HOUSING & COMMUNITY DEVELOPMENT","CA","2019-09-05","2019-09-05192480031046",-16997.85
260066800,"ASST_NON_CA0959L9T071503_086","CA0959L9T071503","HOMEWARD BOUND OF MARIN","CA","2019-09-05","2019-09-05192480032132",-5666
260071886,"ASST_NON_CA1102L9T261502_086","CA1102L9T261502","AMADOR TUOLUMNE COMMUNITY ACTION AGENCY","CA","2019-09-05","2019-09-05192480032000",-13355
260014334,"ASST_NON_CA0028L9T001508_086","CA0028L9T001508","FAMILY SUPPORTIVE HOUSING, INC.","CA","2019-09-05","2019-09-05192480031646",-18764
260022653,"ASST_NON_CA0110L9T021508_086","CA0110L9T021508","ALAMEDA COUNTY HOUSING & COMMUNITY DEVELOPMENT","CA","2019-09-05","2019-09-05192480032379",-1255.52
260022984,"ASST_NON_CA0119L9T021508_086","CA0119L9T021508","ALAMEDA COUNTY HOUSING & COMMUNITY DEVELOPMENT","CA","2019-09-05","2019-09-05192480032237",-3.42
260022273,"ASST_NON_CA0102L9T021508_086","CA0102L9T021508","ALAMEDA COUNTY HOUSING & COMMUNITY DEVELOPMENT","CA","2019-09-05","2019-09-05192480032151",-8419.36
260079093,"ASST_NON_CA1298L9T021501_086","CA1298L9T021501","ALAMEDA COUNTY HOUSING & COMMUNITY DEVELOPMENT","CA","2019-09-05","2019-09-05192480031904",-10305.64
260022652,"ASST_NON_CA0110L9T021407_086","CA0110L9T021407","ALAMEDA COUNTY HOUSING & COMMUNITY DEVELOPMENT","CA","2019-09-05","2019-09-05192480031077",-1248.65
260067559,"ASST_NON_CA0989L9T261503_086","CA0989L9T261503","AMADOR TUOLUMNE COMMUNITY ACTION AGENCY","CA","2019-09-05","2019-09-05192480032030",-348
260020953,"ASST_NON_CA0086L9T021508_086","CA0086L9T021508","ALAMEDA COUNTY HOUSING & COMMUNITY DEVELOPMENT","CA","2019-09-05","2019-09-05192480031793",-1.46
260032651,"ASST_NON_CA0265L9T121508_086","CA0265L9T121508","HOUSING AUTHORITY OF COUNTY OF SAN M","CA","2019-09-05","2019-09-05192480031724",-37909.93
260014341,"ASST_NON_CA0029L9T001406_086","CA0029L9T001406","FAMILY SUPPORTIVE HOUSING, INC.","CA","2019-09-05","2019-09-05192480030997",-10037
260014333,"ASST_NON_CA0028L9T001407_086","CA0028L9T001407","FAMILY SUPPORTIVE HOUSING, INC.","CA","2019-09-05","2019-09-05192480030991",-10596
260020963,"ASST_NON_CA0087L9T021508_086","CA0087L9T021508","ALAMEDA COUNTY HOUSING & COMMUNITY DEVELOPMENT","CA","2019-09-05","2019-09-05192480032182",-9849.11
260083182,"ASST_NON_CA1473L9T071500_086","CA1473L9T071500","HOMEWARD BOUND OF MARIN","CA","2019-09-05","2019-09-05192480032292",-35574.67
260073535,"ASST_NON_CA1151L9T021504_086","CA1151L9T021504","ALAMEDA COUNTY HOUSING & COMMUNITY DEVELOPMENT","CA","2019-09-05","2019-09-05192480032006",-22371.79
260077853,"ASST_NON_CA1267L9T071401_086","CA1267L9T071401","HOMEWARD BOUND OF MARIN","CA","2019-09-05","2019-09-05192480030842",-4660
260020902,"ASST_NON_CA0083L9T021508_086","CA0083L9T021508","ALAMEDA COUNTY HOUSING & COMMUNITY DEVELOPMENT","CA","2019-09-05","2019-09-05192480032206",-29009.95
260021877,"ASST_NON_CA0099L9T021508_086","CA0099L9T021508","ALAMEDA COUNTY HOUSING & COMMUNITY DEVELOPMENT","CA","2019-09-05","2019-09-05192480032175",-23277.03
260063580,"ASST_NON_CA0878L9D091501_086","CA0878L9D091501","HOUSING AUTHORITY OF THE COUNTY OF SAN BERNARDINO","CA","2019-09-05","2019-09-05192480034333",-4561
260082407,"ASST_NON_CA1443L9D041500_086","CA1443L9D041500","UNITED WAY OF CENTRAL EASTERN CALIFORNIA INC","CA","2019-09-05","2019-09-05192480034412",-12137.23
260081585,"ASST_NON_CA1427L9T261500_086","CA1427L9T261500","AMADOR TUOLUMNE COMMUNITY ACTION AGENCY","CA","2019-09-05","2019-09-05192480032428",-765
260029519,"ASST_NON_CA0218L9T071508_086","CA0218L9T071508","HOMEWARD BOUND OF MARIN","CA","2019-09-05","2019-09-05192480031296",-10665
260074435,"ASST_NON_CA1181L9T121200_086","CA1181L9T121200","HOUSING AUTHORITY OF COUNTY OF SAN M","CA","2019-09-05","2019-09-05192480030654",-23788.49
260060932,"ASST_NON_CA0816L9D091507_086","CA0816L9D091507","HOUSING AUTHORITY OF THE COUNTY OF SAN BERNARDINO","CA","2019-09-05","2019-09-05192480034352",-7252
260029225,"ASST_NON_CA0204L9T061508_086","CA0204L9T061508","COMMUNITY HOMELESS SOLUTIONS","CA","2019-09-05","2019-09-05192480031498",-14586.04
260070683,"ASST_NON_CA1073L9T071503_086","CA1073L9T071503","HOMEWARD BOUND OF MARIN","CA","2019-09-05","2019-09-05192480031970",-1134
260081187,"ASST_NON_CA1389L9T021500_086","CA1389L9T021500","ALAMEDA COUNTY HOUSING & COMMUNITY DEVELOPMENT","CA","2019-09-05","2019-09-05192480031862",-37290.28
260068346,"ASST_NON_CA1033L9T021404_086","CA1033L9T021404","ALAMEDA COUNTY HOUSING & COMMUNITY DEVELOPMENT","CA","2019-09-05","2019-09-05192480030775",-49516.72
260029253,"ASST_NON_CA0206L9T061508_086","CA0206L9T061508","COMMUNITY HOMELESS SOLUTIONS","CA","2019-09-05","2019-09-05192480031309",-41898
260116781,"ASST_NON_CA1762D9T141800_086","CA1762D9T141800","MARJAREE MASON CENTER, INC","CA","2019-09-13","2019-09-13192560022810",516358
260116788,"ASST_NON_CA1764D9T141800_086","CA1764D9T141800","MARJAREE MASON CENTER, INC","CA","2019-09-13","2019-09-13192560022806",327312
260116879,"ASST_NON_CA1797L9D031800_086","CA1797L9D031800","COUNTY OF SANTA BARBARA","CA","2019-09-18","2019-09-18192610044544",50583
260116801,"ASST_NON_CA1769L9T171800_086","CA1769L9T171800","COUNTY OF NAPA","CA","2019-09-18","2019-09-18192610043130",21751
260093348,"ASST_NON_CA1678L9T231700_086","CA1678L9T231700","GLENN COUNTY HEALTH AND HUMAN SERVICES AGENCY","CA","2019-09-25","2019-09-25192680026702",6469
260081490,"ASST_NON_CA1411L9T141702_086","CA1411L9T141702","MARJAREE MASON CENTER, INC","CA","2019-10-21","2019-10-21192940806145",-5137.13
260081480,"ASST_NON_CA1410L9T141702_086","CA1410L9T141702","MARJAREE MASON CENTER, INC","CA","2019-10-21","2019-10-21192940806139",-41322.89
260083303,"ASST_NON_CA1480L9T141702_086","CA1480L9T141702","MARJAREE MASON CENTER, INC","CA","2019-10-21","2019-10-21192940806133",-32424.71
260116709,"ASST_NON_CA1738D9T021800_086","CA1738D9T021800","CORNERSTONE COMMUNITY DEVELOPMENT CORPORATION","CA","2019-10-21","2019-10-21192940812502",160137
260116830,"ASST_NON_CA1787L9D001800_086","CA1787L9D001800","LOS ANGELES HOMELESS SERVICES AUTHORITY","CA","2019-10-21","2019-10-21192940868234",1071844
260116894,"ASST_NON_CA1800L9D041800_086","CA1800L9D041800","UNITED WAY OF CENTRAL EASTERN CALIFORNIA INC","CA","2019-10-21","2019-10-21192940868231",175575
260116844,"ASST_NON_CA1790D9D001800_086","CA1790D9D001800","LOS ANGELES HOMELESS SERVICES AUTHORITY","CA","2019-10-23","2019-10-23192960024322",1e+06
260116836,"ASST_NON_CA1788L9D001800_086","CA1788L9D001800","LOS ANGELES HOMELESS SERVICES AUTHORITY","CA","2019-10-23","2019-10-23192960024326",1250000
260042390,"ASST_NON_CA0462L9D001811_086","CA0462L9D001811","CITY OF POMONA","CA","2019-10-29","2019-10-29193020031036",589470
260116821,"ASST_NON_CA1776L9T191800_086","CA1776L9T191800","COMMUNITY ACTION AGENCY OF BUTTE COUNTY, INC.","CA","2019-11-01","2019-11-01193050016092",18120
260116717,"ASST_NON_CA1740L9T021800_086","CA1740L9T021800","ALAMEDA COUNTY HOUSING & COMMUNITY DEVELOPMENT","CA","2019-11-05","2019-11-05193090032483",636432
260116793,"ASST_NON_CA1767L9T161800_086","CA1767L9T161800","SHASTA, COUNTY OF","CA","2019-11-07","2019-11-07193110071416",61809
260116800,"ASST_NON_CA1768L9T161800_086","CA1768L9T161800","SHASTA, COUNTY OF","CA","2019-11-07","2019-11-07193110071412",30905
260076548,"ASST_NON_CA1235L9D021805_086","CA1235L9D021805","SERVING PEOPLE IN NEED, INC","CA","2019-11-13","2019-11-13193170037110",107104
260057789,"ASST_NON_CA0749L9T021809_086","CA0749L9T021809","CITY OF BERKELEY","CA","2019-11-14","2019-11-14193180029628",1583136
260116722,"ASST_NON_CA1742L9T031800_086","CA1742L9T031800","SACRAMENTO STEPS FORWARD","CA","2019-11-14","2019-11-14193180029624",587971
260116880,"ASST_NON_CA1798L9D031800_086","CA1798L9D031800","GOOD SAMARITAN SHELTER","CA","2019-11-15","2019-11-15193190027392",114197
260116874,"ASST_NON_CA1796L9D031800_086","CA1796L9D031800","PATH","CA","2019-11-15","2019-11-15193190027396",112433
260116809,"ASST_NON_CA1771L9T181800_086","CA1771L9T181800","EDGE COMMUNITY CHURCH OF SUISUN, INC.","CA","2019-11-19","2019-11-19193230077444",102210
260116724,"ASST_NON_CA1744L9T041800_086","CA1744L9T041800","COMMUNITY SUPPORT NETWORK","CA","2019-11-20","2019-11-20193240079237",61557
260116661,"ASST_NON_CA1728D9T001800_086","CA1728D9T001800","SANTA CLARA, COUNTY OF","CA","2019-11-29","2019-11-29193330033190",1000650
260116911,"ASST_NON_CA1810L9D111800_086","CA1810L9D111800","COUNTY OF VENTURA","CA","2019-12-10","2019-12-10193440028928",109871
260116912,"ASST_NON_CA1811L9D121800_086","CA1811L9D121800","CITY OF GLENDALE","CA","2019-12-11","2019-12-11193450028992",70422
260116837,"ASST_NON_CA1789D9D001800_086","CA1789D9D001800","LOS ANGELES HOMELESS SERVICES AUTHORITY","CA","2019-12-12","2019-12-12193460034130",4131700
260116823,"ASST_NON_CA1778L9T221800_086","CA1778L9T221800","ARCATA HOUSE PARTNERSHIP","CA","2019-12-19","2019-12-19193530033323",50062
260116826,"ASST_NON_CA1782L9T241800_086","CA1782L9T241800","SUTTER YUBA HOMELESS CONSORTIUM","CA","2019-12-31","2019-12-31193650046830",15455
260084830,"ASST_NON_CA1552L9T071802_086","CA1552L9T071802","COUNTY OF MARIN","CA","2019-12-31","2019-12-31193650046826",135000
