"internal_id","generated_internal_id","award_id","recipient_name","recipient_state","action_date","modification_number","federal_action_obligation"
260117157,"ASST_NON_CA1919L9T032000_086","CA1919L9T032000","SACRAMENTO STEPS FORWARD","CA","2022-01-19","2022-01-19220190040136",682184
260067410,"ASST_NON_CA0970L9T131906_086","CA0970L9T131906","KINGS UNITED WAY","CA","2022-01-20","2022-01-20220200032754",-0.54
260012285,"ASST_NON_CA0014L9T001912_086","CA0014L9T001912","SANTA CLARA, COUNTY OF","CA","2022-01-20","2022-01-20220200032700",-282177
260081156,"ASST_NON_CA1384L9T001903_086","CA1384L9T001903","SANTA CLARA, COUNTY OF","CA","2022-01-20","2022-01-20220200032682",-183055
260084670,"ASST_NON_CA1528L9T001903_086","CA1528L9T001903","SANTA CLARA, COUNTY OF","CA","2022-01-20","2022-01-20220200032688",-63900
260022277,"ASST_NON_CA0102L9T021912_086","CA0102L9T021912","ALAMEDA COUNTY HOUSING & COMMUNITY DEVELOPMENT","CA","2022-01-20","2022-01-20220200032748",-33345.27
260079096,"ASST_NON_CA1298L9T021804_086","CA1298L9T021804","ALAMEDA COUNTY HOUSING & COMMUNITY DEVELOPMENT","CA","2022-01-20","2022-01-20220200032548",-137801.96
260093278,"ASST_NON_CA1646L9T031700_086","CA1646L9T031700","TLCS INC","CA","2022-02-10","2022-02-10220410029844",-221872.26
260024071,"ASST_NON_CA0145L9T031811_086","CA0145L9T031811","TLCS INC","CA","2022-02-10","2022-02-10220410029850",-286522.37
260081326,"ASST_NON_CA1392L9T031702_086","CA1392L9T031702","TLCS INC","CA","2022-02-10","2022-02-10220410029822",-41992.47
260093279,"ASST_NON_CA1646L9T031801_086","CA1646L9T031801","TLCS INC","CA","2022-02-10","2022-02-10220410029862",-132635.24
260025190,"ASST_NON_CA0158L9T031811_086","CA0158L9T031811","TLCS INC","CA","2022-02-10","2022-02-10220410029856",-299239.06
260024070,"ASST_NON_CA0145L9T031710_086","CA0145L9T031710","TLCS INC","CA","2022-02-10","2022-02-10220410029816",-127645.51
260084861,"ASST_NON_CA1558L9T091903_086","CA1558L9T091903","COUNTY OF MENDOCINO SOCIAL SERVICES","CA","2022-02-18","2022-02-18220490038643",-92271.32
260030924,"ASST_NON_CA0239L9T091912_086","CA0239L9T091912","COUNTY OF MENDOCINO SOCIAL SERVICES","CA","2022-02-18","2022-02-18220490038637",-287207.95
260030923,"ASST_NON_CA0239L9T091811_086","CA0239L9T091811","COUNTY OF MENDOCINO SOCIAL SERVICES","CA","2022-02-18","2022-02-18220490037783",-274075.5
260084860,"ASST_NON_CA1558L9T091802_086","CA1558L9T091802","COUNTY OF MENDOCINO SOCIAL SERVICES","CA","2022-02-18","2022-02-18220490037781",-89158.47
260030922,"ASST_NON_CA0239L9T091710_086","CA0239L9T091710","COUNTY OF MENDOCINO SOCIAL SERVICES","CA","2022-02-18","2022-02-18220490037542",-326155.63
260084859,"ASST_NON_CA1558L9T091701_086","CA1558L9T091701","COUNTY OF MENDOCINO SOCIAL SERVICES","CA","2022-02-18","2022-02-18220490037537",-59702.46
260030921,"ASST_NON_CA0239L9T091609_086","CA0239L9T091609","COUNTY OF MENDOCINO SOCIAL SERVICES","CA","2022-02-18","2022-02-18220490037400",-421140
260011790,"ASST_NON_CA0001L9T001707_086","CA0001L9T001707","SANTA CLARA, COUNTY OF","CA","2022-03-03","2022-03-03220620060838",-137723
260011822,"ASST_NON_CA0003L9T001708_086","CA0003L9T001708","SANTA CLARA, COUNTY OF","CA","2022-03-03","2022-03-03220620060844",-198966
260012283,"ASST_NON_CA0014L9T001710_086","CA0014L9T001710","SANTA CLARA, COUNTY OF","CA","2022-03-03","2022-03-03220620060850",-151000
260025191,"ASST_NON_CA0158L9T031912_086","CA0158L9T031912","TLCS INC","CA","2022-03-04","2022-03-04220630125828",-514697.33
260014211,"ASST_NON_CA0021L9T001710_086","CA0021L9T001710","SANTA CLARA, COUNTY OF","CA","2022-03-04","2022-03-04220630125748",-1530394
260081164,"ASST_NON_CA1385L9T001702_086","CA1385L9T001702","SANTA CLARA, COUNTY OF","CA","2022-03-04","2022-03-04220630125790",-791343.5
260081144,"ASST_NON_CA1380L9T001702_086","CA1380L9T001702","SANTA CLARA, COUNTY OF","CA","2022-03-04","2022-03-04220630125778",-2014
260078321,"ASST_NON_CA1274L9T001703_086","CA1274L9T001703","SANTA CLARA, COUNTY OF","CA","2022-03-04","2022-03-04220630125772",-315113
260081154,"ASST_NON_CA1384L9T001701_086","CA1384L9T001701","SANTA CLARA, COUNTY OF","CA","2022-03-04","2022-03-04220630125784",-279383
260084659,"ASST_NON_CA1527L9T001701_086","CA1527L9T001701","SANTA CLARA, COUNTY OF","CA","2022-03-04","2022-03-04220630125796",-32843
260084668,"ASST_NON_CA1528L9T001701_086","CA1528L9T001701","SANTA CLARA, COUNTY OF","CA","2022-03-04","2022-03-04220630125755",-209843
260057711,"ASST_NON_CA0746L9T001709_086","CA0746L9T001709","SANTA CLARA, COUNTY OF","CA","2022-03-04","2022-03-04220630125760",-148636
260060985,"ASST_NON_CA0825L9T001705_086","CA0825L9T001705","SANTA CLARA, COUNTY OF","CA","2022-03-04","2022-03-04220630125766",-2214097.01
260021834,"ASST_NON_CA0094L9T021710_086","CA0094L9T021710","ALAMEDA COUNTY HOUSING & COMMUNITY DEVELOPMENT","CA","2022-03-17","2022-03-17220760052977",-500
260020920,"ASST_NON_CA0084L9T021609_086","CA0084L9T021609","ALAMEDA COUNTY HOUSING & COMMUNITY DEVELOPMENT","CA","2022-03-17","2022-03-17220760052970",-410485.37
260020904,"ASST_NON_CA0083L9T021710_086","CA0083L9T021710","ALAMEDA COUNTY HOUSING & COMMUNITY DEVELOPMENT","CA","2022-03-17","2022-03-17220760052978",-86368.54
260020966,"ASST_NON_CA0087L9T021811_086","CA0087L9T021811","ALAMEDA COUNTY HOUSING & COMMUNITY DEVELOPMENT","CA","2022-03-17","2022-03-17220760053050",-14355.83
260020905,"ASST_NON_CA0083L9T021811_086","CA0083L9T021811","ALAMEDA COUNTY HOUSING & COMMUNITY DEVELOPMENT","CA","2022-03-17","2022-03-17220760053056",-60133.34
260020938,"ASST_NON_CA0085L9T021710_086","CA0085L9T021710","ALAMEDA COUNTY HOUSING & COMMUNITY DEVELOPMENT","CA","2022-03-17","2022-03-17220760052984",-580827.83
260020922,"ASST_NON_CA0084L9T021811_086","CA0084L9T021811","ALAMEDA COUNTY HOUSING & COMMUNITY DEVELOPMENT","CA","2022-03-17","2022-03-17220760053062",-84358.31
260020939,"ASST_NON_CA0085L9T021811_086","CA0085L9T021811","ALAMEDA COUNTY HOUSING & COMMUNITY DEVELOPMENT","CA","2022-03-17","2022-03-17220760053044",-499692.26
260020967,"ASST_NON_CA0087L9T021912_086","CA0087L9T021912","ALAMEDA COUNTY HOUSING & COMMUNITY DEVELOPMENT","CA","2022-03-17","2022-03-17220760053151",-13234.96
260025442,"ASST_NON_CA0186L9T051912_086","CA0186L9T051912","RESOURCES FOR COMMUNITY DEVELOPMENT","CA","2022-03-21","2022-03-21220800026116",-12743
260023855,"ASST_NON_CA0125L9T021811_086","CA0125L9T021811","ALAMEDA COUNTY HOUSING & COMMUNITY DEVELOPMENT","CA","2022-03-21","2022-03-21220800026100",-6220.7
260022656,"ASST_NON_CA0110L9T021811_086","CA0110L9T021811","ALAMEDA COUNTY HOUSING & COMMUNITY DEVELOPMENT","CA","2022-03-21","2022-03-21220800026104",-32050.67
260022949,"ASST_NON_CA0118L9T021609_086","CA0118L9T021609","ALAMEDA COUNTY HOUSING & COMMUNITY DEVELOPMENT","CA","2022-03-21","2022-03-21220800026001",-270968.99
260083031,"ASST_NON_CA1468L9T021702_086","CA1468L9T021702","ALAMEDA COUNTY HOUSING & COMMUNITY DEVELOPMENT","CA","2022-03-21","2022-03-21220800026048",-481605.15
260073537,"ASST_NON_CA1151L9T021706_086","CA1151L9T021706","ALAMEDA COUNTY HOUSING & COMMUNITY DEVELOPMENT","CA","2022-03-21","2022-03-21220800026039",-102863.33
260079094,"ASST_NON_CA1298L9T021602_086","CA1298L9T021602","ALAMEDA COUNTY HOUSING & COMMUNITY DEVELOPMENT","CA","2022-03-21","2022-03-21220800026012",-51971.58
260022276,"ASST_NON_CA0102L9T021811_086","CA0102L9T021811","ALAMEDA COUNTY HOUSING & COMMUNITY DEVELOPMENT","CA","2022-03-21","2022-03-21220800026094",-16756.93
260022950,"ASST_NON_CA0118L9T021710_086","CA0118L9T021710","ALAMEDA COUNTY HOUSING & COMMUNITY DEVELOPMENT","CA","2022-03-21","2022-03-21220800026050",-253964.26
260068349,"ASST_NON_CA1033L9T021707_086","CA1033L9T021707","ALAMEDA COUNTY HOUSING & COMMUNITY DEVELOPMENT","CA","2022-03-21","2022-03-21220800026058",-219873.07
260068348,"ASST_NON_CA1033L9T021606_086","CA1033L9T021606","ALAMEDA COUNTY HOUSING & COMMUNITY DEVELOPMENT","CA","2022-03-21","2022-03-21220800025978",-244919.52
260093277,"ASST_NON_CA1645L9T021700_086","CA1645L9T021700","ALAMEDA COUNTY HOUSING & COMMUNITY DEVELOPMENT","CA","2022-03-21","2022-03-21220800026064",-4.42
260083032,"ASST_NON_CA1468L9T021803_086","CA1468L9T021803","ALAMEDA COUNTY HOUSING & COMMUNITY DEVELOPMENT","CA","2022-03-21","2022-03-21220800026087",-125486.27
260073536,"ASST_NON_CA1151L9T021605_086","CA1151L9T021605","ALAMEDA COUNTY HOUSING & COMMUNITY DEVELOPMENT","CA","2022-03-21","2022-03-21220800026009",-130835.17
260023856,"ASST_NON_CA0125L9T021912_086","CA0125L9T021912","ALAMEDA COUNTY HOUSING & COMMUNITY DEVELOPMENT","CA","2022-03-21","2022-03-21220800026110",-7154.69
260084731,"ASST_NON_CA1539L9T021600_086","CA1539L9T021600","ALAMEDA COUNTY HOUSING & COMMUNITY DEVELOPMENT","CA","2022-03-21","2022-03-21220800026018",-312415.73
260079175,"ASST_NON_CA1313L9T121804_086","CA1313L9T121804","LIFEMOVES","CA","2022-03-25","2022-03-25220840030750",-12389
260067419,"ASST_NON_CA0971L9T131803_086","CA0971L9T131803","FAMILY SERVICES OF TULARE COUNTY","CA","2022-03-25","2022-03-25220840030756",-56570
260070908,"ASST_NON_CA1080L9T101606_086","CA1080L9T101606","CITY OF MODESTO","CA","2022-03-25","2022-03-25220840030260",-64800.79
260083211,"ASST_NON_CA1479L9T131702_086","CA1479L9T131702","CENTRAL CALIFORNIA FAMILY CRISIS CENTER, INC.","CA","2022-03-25","2022-03-25220840030622",-53671.72
260081465,"ASST_NON_CA1404L9T131702_086","CA1404L9T131702","CENTRAL CALIFORNIA FAMILY CRISIS CENTER, INC.","CA","2022-03-25","2022-03-25220840030616",-46760.74
260066782,"ASST_NON_CA0957L9T051705_086","CA0957L9T051705","SHELTER, INC.","CA","2022-04-05","2022-04-05220950060820",-24327.79
260093284,"ASST_NON_CA1649L9T041700_086","CA1649L9T041700","SONOMA COUNTY COMMUNITY DEVELOPMENT COMMISSION","CA","2022-04-05","2022-04-05220950060875",-195163.75
260077843,"ASST_NON_CA1264L9T131904_086","CA1264L9T131904","KINGS COMMUNITY ACTION ORGANIZATION, INCORPORATED","CA","2022-04-05","2022-04-05220950062456",-4019.18
260093285,"ASST_NON_CA1649L9T041801_086","CA1649L9T041801","SONOMA COUNTY COMMUNITY DEVELOPMENT COMMISSION","CA","2022-04-05","2022-04-05220950061349",-32959.85
260078351,"ASST_NON_CA1277L9T051704_086","CA1277L9T051704","SHELTER, INC.","CA","2022-04-05","2022-04-05220950060901",-159961.76
260093289,"ASST_NON_CA1651L9T051700_086","CA1651L9T051700","COUNTY OF CONTRA COSTA","CA","2022-04-05","2022-04-05220950061284",-672747.19
260084766,"ASST_NON_CA1547L9T051802_086","CA1547L9T051802","SHELTER, INC.","CA","2022-04-05","2022-04-05220950061376",-39871
260025308,"ASST_NON_CA0170L9T041811_086","CA0170L9T041811","SONOMA COUNTY COMMUNITY DEVELOPMENT COMMISSION","CA","2022-04-05","2022-04-05220950061399",-43065.55
260064231,"ASST_NON_CA0890L9T041809_086","CA0890L9T041809","SONOMA COUNTY COMMUNITY DEVELOPMENT COMMISSION","CA","2022-04-05","2022-04-05220950061459",-3052.43
260064244,"ASST_NON_CA0891L9T041809_086","CA0891L9T041809","SONOMA COUNTY COMMUNITY DEVELOPMENT COMMISSION","CA","2022-04-05","2022-04-05220950061465",-2171.73
260116905,"ASST_NON_CA1809L9D111800_086","CA1809L9D111800","THE SALVATION ARMY","CA","2022-04-05","2022-04-05220950064482",-33550.64
260030920,"ASST_NON_CA0239L9T091508_086","CA0239L9T091508","COUNTY OF MENDOCINO SOCIAL SERVICES","CA","2022-04-05","2022-04-05220950060037",-377762.19
260052267,"ASST_NON_CA0665L9D081707_086","CA0665L9D081707","RIVERSIDE, COUNTY OF","CA","2022-04-05","2022-04-05220950064244",-400.5
260081566,"ASST_NON_CA1423L9T211803_086","CA1423L9T211803","CITY OF WOODLAND","CA","2022-04-05","2022-04-05220950061576",-15575
260081040,"ASST_NON_CA1378L9T001500_086","CA1378L9T001500","WEST VALLEY COMMUNITY SERVICES OF SANTA CLARA COUNTY, INC.","CA","2022-04-05","2022-04-05220950060086",-536920
260081563,"ASST_NON_CA1423L9T211500_086","CA1423L9T211500","CITY OF WOODLAND","CA","2022-04-05","2022-04-05220950060111",-54855
260070087,"ASST_NON_CA1063L9T021705_086","CA1063L9T021705","ABODE SERVICES","CA","2022-04-05","2022-04-05220950060856",-184707
260023796,"ASST_NON_CA0120L9T021710_086","CA0120L9T021710","ABODE SERVICES","CA","2022-04-05","2022-04-05220950060986",-160216
260064388,"ASST_NON_CA0908L9T191809_086","CA0908L9T191809","BUTTE COUNTY BEHAVIORAL HEALTH","CA","2022-04-05","2022-04-05220950061477",-10956.25
260067509,"ASST_NON_CA0982L9T191806_086","CA0982L9T191806","BUTTE COUNTY BEHAVIORAL HEALTH","CA","2022-04-05","2022-04-05220950061526",-23488.54
260061690,"ASST_NON_CA0847L9T191807_086","CA0847L9T191807","BUTTE COUNTY BEHAVIORAL HEALTH","CA","2022-04-05","2022-04-05220950061610",-24875.23
260083021,"ASST_NON_CA1467L9T021702_086","CA1467L9T021702","CORNERSTONE COMMUNITY DEVELOPMENT CORPORATION","CA","2022-04-05","2022-04-05220950060781",-7273.4
260116709,"ASST_NON_CA1738D9T021800_086","CA1738D9T021800","CORNERSTONE COMMUNITY DEVELOPMENT CORPORATION","CA","2022-04-05","2022-04-05220950062216",-6391.49
260075861,"ASST_NON_CA1215L9T191705_086","CA1215L9T191705","HOUSING AUTHORITY OF THE COUNTY OF BUTTE","CA","2022-04-05","2022-04-05220950060884",-11651.25
260066737,"ASST_NON_CA0953L9T021706_086","CA0953L9T021706","ABODE SERVICES","CA","2022-04-05","2022-04-05220950060970",-139732.96
260066738,"ASST_NON_CA0953L9T021807_086","CA0953L9T021807","ABODE SERVICES","CA","2022-04-05","2022-04-05220950061538",-23959
260067518,"ASST_NON_CA0983L9T191806_086","CA0983L9T191806","BUTTE COUNTY BEHAVIORAL HEALTH","CA","2022-04-05","2022-04-05220950061532",-21728.35
260075862,"ASST_NON_CA1215L9T191806_086","CA1215L9T191806","HOUSING AUTHORITY OF THE COUNTY OF BUTTE","CA","2022-04-05","2022-04-05220950061496",-2853.2
260083022,"ASST_NON_CA1467L9T021803_086","CA1467L9T021803","CORNERSTONE COMMUNITY DEVELOPMENT CORPORATION","CA","2022-04-05","2022-04-05220950061361",-21710
260023797,"ASST_NON_CA0120L9T021811_086","CA0120L9T021811","ABODE SERVICES","CA","2022-04-05","2022-04-05220950061770",-95407
260025148,"ASST_NON_CA0153L9T031811_086","CA0153L9T031811","HOUSING AUTHORITY OF THE COUNTY OF SACRAMENTO","CA","2022-04-05","2022-04-05220950061393",-356989.58
260025124,"ASST_NON_CA0151L9T031811_086","CA0151L9T031811","HOUSING AUTHORITY OF THE COUNTY OF SACRAMENTO","CA","2022-04-05","2022-04-05220950061503",-41842
260023884,"ASST_NON_CA0127L9T031805_086","CA0127L9T031805","HOUSING AUTHORITY OF THE COUNTY OF SACRAMENTO","CA","2022-04-05","2022-04-05220950061635",-4763.47
260025149,"ASST_NON_CA0153L9T031912_086","CA0153L9T031912","HOUSING AUTHORITY OF THE COUNTY OF SACRAMENTO","CA","2022-04-05","2022-04-05220950062408",-345150.84
260025123,"ASST_NON_CA0151L9T031710_086","CA0151L9T031710","HOUSING AUTHORITY OF THE COUNTY OF SACRAMENTO","CA","2022-04-05","2022-04-05220950060808",-24868.04
260025145,"ASST_NON_CA0153L9T031508_086","CA0153L9T031508","HOUSING AUTHORITY OF THE COUNTY OF SACRAMENTO","CA","2022-04-05","2022-04-05220950060057",-337344.88
260074999,"ASST_NON_CA1198L9D041906_086","CA1198L9D041906","CLINICA SIERRA VISTA","CA","2022-04-05","2022-04-05220950064494",-6175.94
260025188,"ASST_NON_CA0158L9T031609_086","CA0158L9T031609","TLCS INC","CA","2022-04-05","2022-04-05220950060247",-75467.79
260083350,"ASST_NON_CA1486L9T261500_086","CA1486L9T261500","COUNTY OF MARIPOSA","CA","2022-04-05","2022-04-05220950060018",-53912.3
260081324,"ASST_NON_CA1392L9T031500_086","CA1392L9T031500","TLCS INC","CA","2022-04-05","2022-04-05220950060076",-397064.04
260051795,"ASST_NON_CA0658L9D071912_086","CA0658L9D071912","CITY OF PASADENA","CA","2022-04-05","2022-04-05220950064513",-253.71
260078312,"ASST_NON_CA1273L9T131905_086","CA1273L9T131905","COMMUNITY SERVICES AND EMPLOYMENT TRAINING, INCORPORATED","CA","2022-04-05","2022-04-05220950062449",-27186.82
260070674,"ASST_NON_CA1072L9T061907_086","CA1072L9T061907","SAN BENITO, COUNTY OF","CA","2022-04-05","2022-04-05220950062474",-14437.8
260071839,"ASST_NON_CA1093L9T151706_086","CA1093L9T151706","COUNTY OF NEVADA","CA","2022-04-05","2022-04-05220950060878",-795.87
260084757,"ASST_NON_CA1546L9T051802_086","CA1546L9T051802","SATELLITE AFFORDABLE HOUSING ASSOCIATES","CA","2022-04-05","2022-04-05220950061444",-38965.84
260116729,"ASST_NON_CA1745L9T041800_086","CA1745L9T041800","THE YOUNG WOMENS CHRISTIAN ASSOCIATION OF SONOMA COUNTY CALIFORNIA","CA","2022-04-05","2022-04-05220950061662",-26927.51
260093310,"ASST_NON_CA1658L9T081700_086","CA1658L9T081700","HOUSING MATTERS","CA","2022-04-05","2022-04-05220950061296",-21853.09
260030356,"ASST_NON_CA0229L9T081811_086","CA0229L9T081811","ENCOMPASS COMMUNITY SERVICES","CA","2022-04-05","2022-04-05220950061411",-4453
260085297,"ASST_NON_CA1576L9T181600_086","CA1576L9T181600","CITY OF FAIRFIELD","CA","2022-04-05","2022-04-05220950060687",-58280
260022754,"ASST_NON_CA0113L9T021508_086","CA0113L9T021508","RUBICON PROGRAMS INC","CA","2022-04-05","2022-04-05220950059952",-218471
260058326,"ASST_NON_CA0758L9T101505_086","CA0758L9T101505","COMMUNITY IMPACT CENTRAL VALLEY","CA","2022-04-05","2022-04-05220950060032",-72077.31
260093315,"ASST_NON_CA1660L9T101700_086","CA1660L9T101700","COMMUNITY IMPACT CENTRAL VALLEY","CA","2022-04-05","2022-04-05220950060788",-86218.47
260084852,"ASST_NON_CA1557L9T081701_086","CA1557L9T081701","ENCOMPASS COMMUNITY SERVICES","CA","2022-04-05","2022-04-05220950060749",-25071
260083018,"ASST_NON_CA1466L9T021500_086","CA1466L9T021500","SATELLITE AFFORDABLE HOUSING ASSOCIATES","CA","2022-04-05","2022-04-05220950060002",-109873.28
260084850,"ASST_NON_CA1556L9T081802_086","CA1556L9T081802","ENCOMPASS COMMUNITY SERVICES","CA","2022-04-05","2022-04-05220950061382",-2288
260084849,"ASST_NON_CA1556L9T081701_086","CA1556L9T081701","ENCOMPASS COMMUNITY SERVICES","CA","2022-04-05","2022-04-05220950060743",-18137
260079158,"ASST_NON_CA1310L9T081501_086","CA1310L9T081501","HOUSING MATTERS","CA","2022-04-05","2022-04-05220950060069",-112559.01
260117023,"ASST_NON_CA1863L9T191900_086","CA1863L9T191900","CAMINAR","CA","2022-04-05","2022-04-05220950062436",-10589.53
260031557,"ASST_NON_CA0242L9T101506_086","CA0242L9T101506","COMMUNITY IMPACT CENTRAL VALLEY","CA","2022-04-05","2022-04-05220950060049",-50165.9
260093311,"ASST_NON_CA1658L9T081801_086","CA1658L9T081801","HOUSING MATTERS","CA","2022-04-05","2022-04-05220950061336",-11280
260116700,"ASST_NON_CA1736L9T021901_086","CA1736L9T021901","CITY OF OAKLAND","CA","2022-04-05","2022-04-05220950062338",-10081
260078284,"ASST_NON_CA1270L9T021804_086","CA1270L9T021804","CITY OF OAKLAND","CA","2022-04-05","2022-04-05220950061513",-63185.14
260083009,"ASST_NON_CA1465L9T021601_086","CA1465L9T021601","CITY OF OAKLAND","CA","2022-04-05","2022-04-05220950060246",-856232
260116706,"ASST_NON_CA1737L9T021800_086","CA1737L9T021800","CITY OF OAKLAND","CA","2022-04-05","2022-04-05220950062272",-111900.06
260059597,"ASST_NON_CA0774L9T151809_086","CA0774L9T151809","PLACER COUNTY- ADULT SYSTEM OF CARE","CA","2022-04-05","2022-04-05220950061634",-220.51
260031597,"ASST_NON_CA0245L9T101708_086","CA0245L9T101708","CENTER FOR HUMAN SERVICES","CA","2022-04-05","2022-04-05220950060954",-1233
260061665,"ASST_NON_CA0844L9T151804_086","CA0844L9T151804","PLACER COUNTY- ADULT SYSTEM OF CARE","CA","2022-04-05","2022-04-05220950061604",-3682.74
260064347,"ASST_NON_CA0903L9T121910_086","CA0903L9T121910","LIFEMOVES","CA","2022-04-05","2022-04-05220950062389",-15327
260093271,"ASST_NON_CA1643L9T021801_086","CA1643L9T021801","CITY OF OAKLAND","CA","2022-04-05","2022-04-05220950061355",-91784.24
260083008,"ASST_NON_CA1465L9T021500_086","CA1465L9T021500","CITY OF OAKLAND","CA","2022-04-05","2022-04-05220950059992",-940436.72
260078283,"ASST_NON_CA1270L9T021703_086","CA1270L9T021703","CITY OF OAKLAND","CA","2022-04-05","2022-04-05220950060833",-154609.5
260083011,"ASST_NON_CA1465L9T021803_086","CA1465L9T021803","CITY OF OAKLAND","CA","2022-04-05","2022-04-05220950061367",-89299
260093276,"ASST_NON_CA1644L9T021801_086","CA1644L9T021801","CITY OF OAKLAND","CA","2022-04-05","2022-04-05220950061343",-10368
260093270,"ASST_NON_CA1643L9T021700_086","CA1643L9T021700","CITY OF OAKLAND","CA","2022-04-05","2022-04-05220950060869",-127076.75
260093275,"ASST_NON_CA1644L9T021700_086","CA1644L9T021700","CITY OF OAKLAND","CA","2022-04-05","2022-04-05220950060863",-44402.92
260022319,"ASST_NON_CA0106L9T021811_086","CA0106L9T021811","CITY OF OAKLAND","CA","2022-04-05","2022-04-05220950061738",-23080.77
260022318,"ASST_NON_CA0106L9T021710_086","CA0106L9T021710","CITY OF OAKLAND","CA","2022-04-05","2022-04-05220950061008",-170074
260083010,"ASST_NON_CA1465L9T021702_086","CA1465L9T021702","CITY OF OAKLAND","CA","2022-04-05","2022-04-05220950060775",-557005.93
260035155,"ASST_NON_CA0293L9T171912_086","CA0293L9T171912","COUNTY OF NAPA","CA","2022-04-05","2022-04-05220950062361",-63824.05
260022687,"ASST_NON_CA0111L9T021709_086","CA0111L9T021709","RESOURCES FOR COMMUNITY DEVELOPMENT","CA","2022-04-05","2022-04-05220950060980",-10817
260081508,"ASST_NON_CA1416L9T171803_086","CA1416L9T171803","COUNTY OF NAPA","CA","2022-04-05","2022-04-05220950061570",-20026.46
260081495,"ASST_NON_CA1415L9T171500_086","CA1415L9T171500","COUNTY OF NAPA","CA","2022-04-05","2022-04-05220950060101",-69163.24
260035154,"ASST_NON_CA0293L9T171811_086","CA0293L9T171811","COUNTY OF NAPA","CA","2022-04-05","2022-04-05220950061589",-96461.25
260081498,"ASST_NON_CA1415L9T171803_086","CA1415L9T171803","COUNTY OF NAPA","CA","2022-04-05","2022-04-05220950061564",-41215.66
260023871,"ASST_NON_CA0126L9T021710_086","CA0126L9T021710","FRED FINCH YOUTH CENTER","CA","2022-04-05","2022-04-05220950060978",-96426
260022688,"ASST_NON_CA0111L9T021810_086","CA0111L9T021810","RESOURCES FOR COMMUNITY DEVELOPMENT","CA","2022-04-05","2022-04-05220950061776",-10415
260081497,"ASST_NON_CA1415L9T171702_086","CA1415L9T171702","COUNTY OF NAPA","CA","2022-04-05","2022-04-05220950060961",-59009.01
260023870,"ASST_NON_CA0126L9T021609_086","CA0126L9T021609","FRED FINCH YOUTH CENTER","CA","2022-04-05","2022-04-05220950060255",-174100.31
260035153,"ASST_NON_CA0293L9T171710_086","CA0293L9T171710","COUNTY OF NAPA","CA","2022-04-05","2022-04-05220950060948",-83271
260023872,"ASST_NON_CA0126L9T021811_086","CA0126L9T021811","FRED FINCH YOUTH CENTER","CA","2022-04-05","2022-04-05220950061545",-72544
260021810,"ASST_NON_CA0092L9T021911_086","CA0092L9T021911","RESOURCES FOR COMMUNITY DEVELOPMENT","CA","2022-04-05","2022-04-05220950062416",-44195
260021809,"ASST_NON_CA0092L9T021810_086","CA0092L9T021810","RESOURCES FOR COMMUNITY DEVELOPMENT","CA","2022-04-05","2022-04-05220950061732",-16589
260025441,"ASST_NON_CA0186L9T051811_086","CA0186L9T051811","RESOURCES FOR COMMUNITY DEVELOPMENT","CA","2022-04-05","2022-04-05220950061405",-12804
260058283,"ASST_NON_CA0752L9T041911_086","CA0752L9T041911","BUCKELEW PROGRAMS","CA","2022-04-05","2022-04-05220950062463",-31990.49
260083349,"ASST_NON_CA1485L9T221702_086","CA1485L9T221702","DEPARTMENT OF HEALTH & HUMAN S","CA","2022-04-05","2022-04-05220950060807",-12514.85
260040260,"ASST_NON_CA0413L9D001912_086","CA0413L9D001912","LOS ANGELES HOMELESS SERVICES AUTHORITY","CA","2022-04-05","2022-04-05220950064507",-159
260059620,"ASST_NON_CA0777L9T171608_086","CA0777L9T171608","BUCKELEW PROGRAMS","CA","2022-04-05","2022-04-05220950060219",-78635.02
260035463,"ASST_NON_CA0308L9T211811_086","CA0308L9T211811","YOLO COMMUNITY CARE CONTINUUM","CA","2022-04-05","2022-04-05220950061583",-16840
260116825,"ASST_NON_CA1780L9T221800_086","CA1780L9T221800","DEPARTMENT OF HEALTH & HUMAN S","CA","2022-04-05","2022-04-05220950061656",-22022.64
260039449,"ASST_NON_CA0374L9D001912_086","CA0374L9D001912","LOS ANGELES HOMELESS SERVICES AUTHORITY","CA","2022-04-05","2022-04-05220950064530",-14015
260074959,"ASST_NON_CA1192L9T221805_086","CA1192L9T221805","DEPARTMENT OF HEALTH & HUMAN S","CA","2022-04-05","2022-04-05220950061490",-35061.94
260038366,"ASST_NON_CA0347L9D001912_086","CA0347L9D001912","LOS ANGELES HOMELESS SERVICES AUTHORITY","CA","2022-04-05","2022-04-05220950064518",-1089
260068808,"ASST_NON_CA1041L9T161707_086","CA1041L9T161707","NORTHERN VALLEY CATHOLIC SOCIAL SERVICE, INC.","CA","2022-04-05","2022-04-05220950060814",-61711.46
260036283,"ASST_NON_CA0313L9T221811_086","CA0313L9T221811","DEPARTMENT OF HEALTH & HUMAN S","CA","2022-04-05","2022-04-05220950061425",-4648.12
260048142,"ASST_NON_CA0606L9D041912_086","CA0606L9D041912","COUNTY OF KERN","CA","2022-04-05","2022-04-05220950064527",-15312
260093346,"ASST_NON_CA1676L9T211700_086","CA1676L9T211700","YOLO COMMUNITY CARE CONTINUUM","CA","2022-04-05","2022-04-05220950061282",-4954.12
260043549,"ASST_NON_CA0515L9D001912_086","CA0515L9D001912","LOS ANGELES HOMELESS SERVICES AUTHORITY","CA","2022-04-05","2022-04-05220950064488",-4454
260059612,"ASST_NON_CA0776L9T161709_086","CA0776L9T161709","NORTHERN VALLEY CATHOLIC SOCIAL SERVICE, INC.","CA","2022-04-05","2022-04-05220950060908",-65329.79
260034587,"ASST_NON_CA0288L9T161710_086","CA0288L9T161710","NORTHERN VALLEY CATHOLIC SOCIAL SERVICE, INC.","CA","2022-04-05","2022-04-05220950060942",-77490.35
260036260,"ASST_NON_CA0311L9T221706_086","CA0311L9T221706","DEPARTMENT OF HEALTH & HUMAN S","CA","2022-04-05","2022-04-05220950060768",-4220
260059621,"ASST_NON_CA0777L9T171709_086","CA0777L9T171709","BUCKELEW PROGRAMS","CA","2022-04-05","2022-04-05220950060914",-70164.97
260059622,"ASST_NON_CA0777L9T171810_086","CA0777L9T171810","BUCKELEW PROGRAMS","CA","2022-04-05","2022-04-05220950061598",-42545.28
260062314,"ASST_NON_CA0852L9T221706_086","CA0852L9T221706","DEPARTMENT OF HEALTH & HUMAN S","CA","2022-04-05","2022-04-05220950060964",-10628.55
260068809,"ASST_NON_CA1041L9T161808_086","CA1041L9T161808","NORTHERN VALLEY CATHOLIC SOCIAL SERVICE, INC.","CA","2022-04-05","2022-04-05220950061387",-163273.26
260025214,"ASST_NON_CA0160L9T041912_086","CA0160L9T041912","BUCKELEW PROGRAMS","CA","2022-04-05","2022-04-05220950062443",-29276.42
260085324,"ASST_NON_CA1585L9T221701_086","CA1585L9T221701","DEPARTMENT OF HEALTH & HUMAN S","CA","2022-04-05","2022-04-05220950060737",-8227.17
260079710,"ASST_NON_CA1326L9T181602_086","CA1326L9T181602","SOLANO COUNTY HEALTH & SOCIAL SERVICES DEPARTMENT","CA","2022-04-05","2022-04-05220950060193",-78284
260058271,"ASST_NON_CA0751L9T031608_086","CA0751L9T031608","SACRAMENTO STEPS FORWARD","CA","2022-04-05","2022-04-05220950060221",-113287.61
260058259,"ASST_NON_CA0750L9T031810_086","CA0750L9T031810","SACRAMENTO STEPS FORWARD","CA","2022-04-05","2022-04-05220950061431",-64215.35
260073552,"ASST_NON_CA1152L9T031807_086","CA1152L9T031807","SACRAMENTO STEPS FORWARD","CA","2022-04-05","2022-04-05220950061502",-12275.84
260079105,"ASST_NON_CA1299L9T031602_086","CA1299L9T031602","SACRAMENTO STEPS FORWARD","CA","2022-04-05","2022-04-05220950060212",-106828.97
260081322,"ASST_NON_CA1391L9T031601_086","CA1391L9T031601","SACRAMENTO STEPS FORWARD","CA","2022-04-05","2022-04-05220950060187",-105199.77
260081320,"ASST_NON_CA1390L9T031500_086","CA1390L9T031500","SACRAMENTO STEPS FORWARD","CA","2022-04-05","2022-04-05220950060092",-84000
260066758,"ASST_NON_CA0955L9T031906_086","CA0955L9T031906","SACRAMENTO STEPS FORWARD","CA","2022-04-05","2022-04-05220950062375",-10349.85
260079109,"ASST_NON_CA1302L9T031501_086","CA1302L9T031501","SACRAMENTO STEPS FORWARD","CA","2022-04-05","2022-04-05220950060056",-180012.82
260084746,"ASST_NON_CA1542L9T031701_086","CA1542L9T031701","SACRAMENTO STEPS FORWARD","CA","2022-04-05","2022-04-05220950060698",-154398.65
260081323,"ASST_NON_CA1391L9T031702_086","CA1391L9T031702","SACRAMENTO STEPS FORWARD","CA","2022-04-05","2022-04-05220950060935",-147703.89
260070151,"ASST_NON_CA1069L9T041504_086","CA1069L9T041504","COMMITTEE ON THE SHELTERLESS","CA","2022-04-05","2022-04-05220950060025",-89519
260023930,"ASST_NON_CA0132L9T031912_086","CA0132L9T031912","SACRAMENTO STEPS FORWARD","CA","2022-04-05","2022-04-05220950062369",-6798.81
260058257,"ASST_NON_CA0750L9T031608_086","CA0750L9T031608","SACRAMENTO STEPS FORWARD","CA","2022-04-05","2022-04-05220950060232",-51045.36
260023929,"ASST_NON_CA0132L9T031811_086","CA0132L9T031811","SACRAMENTO STEPS FORWARD","CA","2022-04-05","2022-04-05220950061649",-201.57
260030818,"ASST_NON_CA0231L9T081811_086","CA0231L9T081811","COUNTY OF SANTA CRUZ","CA","2022-04-05","2022-04-05220950061551",-40206.09
260084740,"ASST_NON_CA1540L9T031600_086","CA1540L9T031600","SACRAMENTO STEPS FORWARD","CA","2022-04-05","2022-04-05220950060692",-198551.21
260084747,"ASST_NON_CA1542L9T031802_086","CA1542L9T031802","SACRAMENTO STEPS FORWARD","CA","2022-04-05","2022-04-05220950061438",-31917.49
260083040,"ASST_NON_CA1469L9T031601_086","CA1469L9T031601","SACRAMENTO STEPS FORWARD","CA","2022-04-05","2022-04-05220950060239",-87841.22
260079110,"ASST_NON_CA1302L9T031602_086","CA1302L9T031602","SACRAMENTO STEPS FORWARD","CA","2022-04-05","2022-04-05220950060200",-236007.41
260061050,"ASST_NON_CA0828L9T031806_086","CA0828L9T031806","SACRAMENTO STEPS FORWARD","CA","2022-04-05","2022-04-05220950061596",-15823.85
260058272,"ASST_NON_CA0751L9T031709_086","CA0751L9T031709","SACRAMENTO STEPS FORWARD","CA","2022-04-05","2022-04-05220950060902",-167737
260084744,"ASST_NON_CA1541L9T031701_086","CA1541L9T031701","SACRAMENTO STEPS FORWARD","CA","2022-04-05","2022-04-05220950060760",-67566.19
260030819,"ASST_NON_CA0231L9T081912_086","CA0231L9T081912","COUNTY OF SANTA CRUZ","CA","2022-04-05","2022-04-05220950062368",-113707.42
260116718,"ASST_NON_CA1741L9T031800_086","CA1741L9T031800","SACRAMENTO STEPS FORWARD","CA","2022-04-05","2022-04-05220950062266",-260268.11
260067431,"ASST_NON_CA0972L9T131904_086","CA0972L9T131904","FAMILY SERVICES OF TULARE COUNTY","CA","2022-04-05","2022-04-05220950062468",-8369
260079159,"ASST_NON_CA1310L9T081702_086","CA1310L9T081702","COUNTY OF SANTA CRUZ","CA","2022-04-05","2022-04-05220950060921",-258341.87
260081321,"ASST_NON_CA1391L9T031500_086","CA1391L9T031500","SACRAMENTO STEPS FORWARD","CA","2022-04-05","2022-04-05220950060098",-255897.87
260058260,"ASST_NON_CA0750L9T031911_086","CA0750L9T031911","SACRAMENTO STEPS FORWARD","CA","2022-04-05","2022-04-05220950062382",-154593.65
260083039,"ASST_NON_CA1469L9T031500_086","CA1469L9T031500","SACRAMENTO STEPS FORWARD","CA","2022-04-05","2022-04-05220950060005",-261325.3
260079160,"ASST_NON_CA1310L9T081803_086","CA1310L9T081803","COUNTY OF SANTA CRUZ","CA","2022-04-05","2022-04-05220950061623",-43903.58
260083041,"ASST_NON_CA1469L9T031702_086","CA1469L9T031702","SACRAMENTO STEPS FORWARD","CA","2022-04-05","2022-04-05220950060795",-40527.19
260084741,"ASST_NON_CA1540L9T031701_086","CA1540L9T031701","SACRAMENTO STEPS FORWARD","CA","2022-04-05","2022-04-05220950060754",-77994.53
260025108,"ASST_NON_CA0150L9T031912_086","CA0150L9T031912","SACRAMENTO STEPS FORWARD","CA","2022-04-05","2022-04-05220950062409",-12582.27
260083042,"ASST_NON_CA1469L9T031803_086","CA1469L9T031803","SACRAMENTO STEPS FORWARD","CA","2022-04-05","2022-04-05220950061418",-93984.28
260066757,"ASST_NON_CA0955L9T031805_086","CA0955L9T031805","SACRAMENTO STEPS FORWARD","CA","2022-04-05","2022-04-05220950061544",-11939.86
260070102,"ASST_NON_CA1066L9T031905_086","CA1066L9T031905","SACRAMENTO STEPS FORWARD","CA","2022-04-05","2022-04-05220950062396",-2070.05
260079113,"ASST_NON_CA1303L9T031602_086","CA1303L9T031602","SACRAMENTO STEPS FORWARD","CA","2022-04-05","2022-04-05220950060206",-133212.05
260070691,"ASST_NON_CA1074L9T081705_086","CA1074L9T081705","COUNTY OF SANTA CRUZ","CA","2022-04-05","2022-04-05220950060846",-10637.43
260079114,"ASST_NON_CA1303L9T031703_086","CA1303L9T031703","SACRAMENTO STEPS FORWARD","CA","2022-04-05","2022-04-05220950060923",-66386.26
260061051,"ASST_NON_CA0828L9T031907_086","CA0828L9T031907","SACRAMENTO STEPS FORWARD","CA","2022-04-05","2022-04-05220950062349",-18816.72
260030817,"ASST_NON_CA0231L9T081710_086","CA0231L9T081710","COUNTY OF SANTA CRUZ","CA","2022-04-05","2022-04-05220950060962",-5706.94
260031550,"ASST_NON_CA0241L9T101504_086","CA0241L9T101504","TURNING POINT COMMUNITY PROGRAMS","CA","2022-04-05","2022-04-05220950060043",-52137.61
260078341,"ASST_NON_CA1276L9T051703_086","CA1276L9T051703","HOUSING AUTHORITY OF CONTRA COSTA COUNTY","CA","2022-04-05","2022-04-05220950060839",-32203
260060135,"ASST_NON_CA0783L9D001709_086","CA0783L9D001709","HOUSING AUTHORITY OF THE CITY OF LOS ANGELES","CA","2022-04-05","2022-04-05220950064198",-85996.12
260068961,"ASST_NON_CA1049L9D001707_086","CA1049L9D001707","HOUSING AUTHORITY OF THE CITY OF LOS ANGELES","CA","2022-04-05","2022-04-05220950064225",-139709.08
260075875,"ASST_NON_CA1217L9D001705_086","CA1217L9D001705","HOUSING AUTHORITY OF THE CITY OF LOS ANGELES","CA","2022-04-05","2022-04-05220950064186",-206777.03
260073566,"ASST_NON_CA1155L9T051706_086","CA1155L9T051706","HOUSING AUTHORITY OF CONTRA COSTA COUNTY","CA","2022-04-05","2022-04-05220950060890",-3092
260078330,"ASST_NON_CA1275L9T051702_086","CA1275L9T051702","HOUSING AUTHORITY OF CONTRA COSTA COUNTY","CA","2022-04-05","2022-04-05220950060827",-479063.24
260081817,"ASST_NON_CA1438L9D011702_086","CA1438L9D011702","CATHOLIC CHARITIES, DIOCESE OF SAN DIEGO","CA","2022-04-05","2022-04-05220950064218",-5709.9
260064257,"ASST_NON_CA0892L9T051809_086","CA0892L9T051809","HOUSING AUTHORITY OF CONTRA COSTA COUNTY","CA","2022-04-05","2022-04-05220950061471",-12237.78
260060203,"ASST_NON_CA0797L9D001709_086","CA0797L9D001709","HOUSING AUTHORITY OF THE CITY OF LOS ANGELES","CA","2022-04-05","2022-04-05220950064204",-579043.95
260069552,"ASST_NON_CA1050L9D001707_086","CA1050L9D001707","HOUSING AUTHORITY OF THE CITY OF LOS ANGELES","CA","2022-04-05","2022-04-05220950064231",-186511.19
260040694,"ASST_NON_CA0420L9D001710_086","CA0420L9D001710","HOUSING AUTHORITY OF THE CITY OF LOS ANGELES","CA","2022-04-05","2022-04-05220950064238",-41565.48
260078342,"ASST_NON_CA1276L9T051804_086","CA1276L9T051804","HOUSING AUTHORITY OF CONTRA COSTA COUNTY","CA","2022-04-05","2022-04-05220950061643",-41775.81
260095182,"ASST_NON_CA1693L9D011700_086","CA1693L9D011700","INTERFAITH COMMUNITY SERVICES, INC","CA","2022-04-05","2022-04-05220950064211",-26620
260083339,"ASST_NON_CA1484L9T181702_086","CA1484L9T181702","COMMUNITY ACTION PARTNERSHIP OF SOLANO JPA","CA","2022-04-05","2022-04-05220950060801",-55243.53
260078331,"ASST_NON_CA1275L9T051803_086","CA1275L9T051803","HOUSING AUTHORITY OF CONTRA COSTA COUNTY","CA","2022-04-05","2022-04-05220950061519",-621215.86
260073567,"ASST_NON_CA1155L9T051807_086","CA1155L9T051807","HOUSING AUTHORITY OF CONTRA COSTA COUNTY","CA","2022-04-05","2022-04-05220950061484",-9212.92
260076336,"ASST_NON_CA1224L9D001705_086","CA1224L9D001705","HOUSING AUTHORITY OF THE CITY OF LOS ANGELES","CA","2022-04-05","2022-04-05220950064192",-63257.32
260116802,"ASST_NON_CA1770D9T181800_086","CA1770D9T181800","COMMUNITY ACTION PARTNERSHIP OF SOLANO JPA","CA","2022-04-05","2022-04-05220950061274",-36458.09
260079168,"ASST_NON_CA1312L9T121804_086","CA1312L9T121804","HOUSING AUTHORITY OF COUNTY OF SAN M","CA","2022-04-05","2022-04-05220950061617",-527429.91
260078431,"ASST_NON_CA1283L9T121802_086","CA1283L9T121802","HOUSING AUTHORITY OF COUNTY OF SAN M","CA","2022-04-05","2022-04-05220950061641",-141155.49
260080315,"ASST_NON_CA1332L9T261904_086","CA1332L9T261904","AMADOR TUOLUMNE COMMUNITY ACTION AGENCY","CA","2022-04-05","2022-04-05220950062342",-1831
260032664,"ASST_NON_CA0266L9T121508_086","CA0266L9T121508","HOUSING AUTHORITY OF COUNTY OF SAN M","CA","2022-04-05","2022-04-05220950060115",-256517.31
260085249,"ASST_NON_CA1564L9T121802_086","CA1564L9T121802","HOUSING AUTHORITY OF COUNTY OF SAN M","CA","2022-04-05","2022-04-05220950061374",-37072.33
260063584,"ASST_NON_CA0878L9D091905_086","CA0878L9D091905","HOUSING AUTHORITY OF THE COUNTY OF SAN BERNARDINO","CA","2022-04-05","2022-04-05220950064500",-23686
260079165,"ASST_NON_CA1312L9T121501_086","CA1312L9T121501","HOUSING AUTHORITY OF COUNTY OF SAN M","CA","2022-04-05","2022-04-05220950060063",-177787.03
260083204,"ASST_NON_CA1477L9T121500_086","CA1477L9T121500","HOUSING AUTHORITY OF COUNTY OF SAN M","CA","2022-04-05","2022-04-05220950060015",-228758.93
260085338,"ASST_NON_CA1588L9T261802_086","CA1588L9T261802","AMADOR TUOLUMNE COMMUNITY ACTION AGENCY","CA","2022-04-05","2022-04-05220950061337",-13
260093309,"ASST_NON_CA1657L9T081700_086","CA1657L9T081700","HOUSING AUTHORITY OF THE COUNTY OF SANTA CRUZ","CA","2022-04-05","2022-04-05220950061290",-141340
260030853,"ASST_NON_CA0234L9T081811_086","CA0234L9T081811","HOUSING AUTHORITY OF THE COUNTY OF SANTA CRUZ","CA","2022-04-05","2022-04-05220950061557",-135204.19
269285127,"ASST_NON_OR0135L0E011908_086","OR0135L0E011908","THE SALVATION ARMY","CA","2022-05-09","2022-05-09221290002811",-42968
260081334,"ASST_NON_CA1394L9T052106_086","CA1394L9T052106","COUNTY OF CONTRA COSTA","CA","2022-05-12","2022-05-12221320055991",1217035
260076551,"ASST_NON_CA1235L9D022108_086","CA1235L9D022108","SERVING PEOPLE IN NEED, INC","CA","2022-05-12","2022-05-12221320058778",629234
260078355,"ASST_NON_CA1277L9T052108_086","CA1277L9T052108","SHELTER, INC.","CA","2022-05-12","2022-05-12221320056065",489067
260117019,"ASST_NON_CA1861L9T182102_086","CA1861L9T182102","SHELTER, INC.","CA","2022-05-12","2022-05-12221320055652",191062
260081008,"ASST_NON_CA1370L9D092107_086","CA1370L9D092107","INLAND VALLEY COUNCIL OF CHURCHES","CA","2022-05-12","2022-05-12221320057875",170621
260070661,"ASST_NON_CA1071L9T052109_086","CA1071L9T052109","COUNTY OF CONTRA COSTA","CA","2022-05-12","2022-05-12221320055611",429457
260081030,"ASST_NON_CA1372L9D112107_086","CA1372L9D112107","COUNTY OF VENTURA","CA","2022-05-12","2022-05-12221320057879",54222
260095178,"ASST_NON_CA1692L9D012104_086","CA1692L9D012104","VIETNAM VETERANS OF SAN DIEGO","CA","2022-05-12","2022-05-12221320058119",208496
260068377,"ASST_NON_CA1037L9T102111_086","CA1037L9T102111","STANISLAUS COUNTY AFFORDABLE HOUSING CORP","CA","2022-05-12","2022-05-12221320055455",123853
260064234,"ASST_NON_CA0890L9T042112_086","CA0890L9T042112","SONOMA COUNTY COMMUNITY DEVELOPMENT COMMISSION","CA","2022-05-12","2022-05-12221320056161",80666
260093226,"ASST_NON_CA1633L9T132105_086","CA1633L9T132105","KINGS COMMUNITY ACTION ORGANIZATION, INCORPORATED","CA","2022-05-12","2022-05-12221320055755",121903
260069592,"ASST_NON_CA1053L9D112111_086","CA1053L9D112111","COUNTY OF VENTURA","CA","2022-05-12","2022-05-12221320058850",441137
260067702,"ASST_NON_CA1002L9D022109_086","CA1002L9D022109","AMERICAN FAMILY HOUSING","CA","2022-05-12","2022-05-12221320058809",593107
260079777,"ASST_NON_CA1328L9T182107_086","CA1328L9T182107","CHANGE AND NEW BEGINNINGS","CA","2022-05-12","2022-05-12221320055948",148374
269285129,"ASST_NON_OR0135L0E012110_086","OR0135L0E012110","THE SALVATION ARMY","CA","2022-05-12","2022-05-12221320003337",674363
260093293,"ASST_NON_CA1651L9T052104_086","CA1651L9T052104","COUNTY OF CONTRA COSTA","CA","2022-05-12","2022-05-12221320055775",1064712
260092995,"ASST_NON_CA1619L9D112104_086","CA1619L9D112104","COUNTY OF VENTURA","CA","2022-05-12","2022-05-12221320058067",205763
260025472,"ASST_NON_CA0189L9T052113_086","CA0189L9T052113","COUNTY OF CONTRA COSTA","CA","2022-05-12","2022-05-12221320055184",274606
260116738,"ASST_NON_CA1746D9T052103_086","CA1746D9T052103","SHELTER, INC.","CA","2022-05-12","2022-05-12221320055661",412221
260065257,"ASST_NON_CA0938L9D092112_086","CA0938L9D092112","LUTHERAN SOCIAL SERVICES OF SOUTHERN CALIFORNIA","CA","2022-05-12","2022-05-12221320057805",84696
260043666,"ASST_NON_CA0520L9D002114_086","CA0520L9D002114","UNITED STATES VETERANS INITIATIVE","CA","2022-05-12","2022-05-12221320058503",295315
260081706,"ASST_NON_CA1434L9D012106_086","CA1434L9D012106","VIETNAM VETERANS OF SAN DIEGO","CA","2022-05-12","2022-05-12221320057887",267314
260025311,"ASST_NON_CA0170L9T042114_086","CA0170L9T042114","SONOMA COUNTY COMMUNITY DEVELOPMENT COMMISSION","CA","2022-05-12","2022-05-12221320055320",655414
260068360,"ASST_NON_CA1034L9T062111_086","CA1034L9T062111","COMMUNITY HUMAN SERVICES","CA","2022-05-12","2022-05-12221320055451",130574
260074447,"ASST_NON_CA1183L9T132108_086","CA1183L9T132108","KINGS COMMUNITY ACTION ORGANIZATION, INCORPORATED","CA","2022-05-12","2022-05-12221320056089",97218
260070648,"ASST_NON_CA1070L9T052110_086","CA1070L9T052110","COUNTY OF CONTRA COSTA","CA","2022-05-12","2022-05-12221320055607",175596
260083158,"ASST_NON_CA1470L9T042106_086","CA1470L9T042106","SONOMA COUNTY COMMUNITY DEVELOPMENT COMMISSION","CA","2022-05-12","2022-05-12221320055865",327157
260077845,"ASST_NON_CA1264L9T132106_086","CA1264L9T132106","KINGS COMMUNITY ACTION ORGANIZATION, INCORPORATED","CA","2022-05-12","2022-05-12221320056131",90556
260083168,"ASST_NON_CA1471L9T042106_086","CA1471L9T042106","SONOMA COUNTY COMMUNITY DEVELOPMENT COMMISSION","CA","2022-05-12","2022-05-12221320055869",349991
260025744,"ASST_NON_CA0198L9T052114_086","CA0198L9T052114","SHELTER, INC.","CA","2022-05-12","2022-05-12221320055188",660119
260045674,"ASST_NON_CA0562L9D022112_086","CA0562L9D022112","AMERICAN FAMILY HOUSING","CA","2022-05-12","2022-05-12221320058442",384629
260093339,"ASST_NON_CA1671L9T182104_086","CA1671L9T182104","CHANGE AND NEW BEGINNINGS","CA","2022-05-12","2022-05-12221320055702",44891
260066840,"ASST_NON_CA0965L9T102108_086","CA0965L9T102108","STANISLAUS COUNTY AFFORDABLE HOUSING CORP","CA","2022-05-12","2022-05-12221320056290",91037
260116907,"ASST_NON_CA1809L9D112102_086","CA1809L9D112102","THE SALVATION ARMY","CA","2022-05-12","2022-05-12221320058208",158048
260084769,"ASST_NON_CA1547L9T052105_086","CA1547L9T052105","SHELTER, INC.","CA","2022-05-12","2022-05-12221320055918",591440
260076363,"ASST_NON_CA1229L9T182108_086","CA1229L9T182108","CHANGE AND NEW BEGINNINGS","CA","2022-05-12","2022-05-12221320056111",164097
260029231,"ASST_NON_CA0204L9T062114_086","CA0204L9T062114","HOUSING AUTHORITY OF COUNTY OF MONTE","CA","2022-05-12","2022-05-12221320055192",118209
260067819,"ASST_NON_CA1025L9D012107_086","CA1025L9D012107","COMMUNITY HOUSINGWORKS","CA","2022-05-12","2022-05-12221320058825",74210
260117093,"ASST_NON_CA1887D9D022102_086","CA1887D9D022102","INTERVAL HOUSE","CA","2022-05-12","2022-05-12221320058156",946775
260029259,"ASST_NON_CA0206L9T062114_086","CA0206L9T062114","HOUSING AUTHORITY OF COUNTY OF MONTE","CA","2022-05-12","2022-05-12221320055201",101336
260117210,"ASST_NON_CA1970Y9T012100_086","CA1970Y9T012100","DEPARTMENT OF HOMELESSNESS & SUPPORTIVE HOUSING","CA","2022-05-12","2022-05-12221320056413",443708
260042661,"ASST_NON_CA0485L9D002114_086","CA0485L9D002114","1736 FAMILY CRISIS CENTER","CA","2022-05-12","2022-05-12221320058575",531763
260055007,"ASST_NON_CA0703L9D012114_086","CA0703L9D012114","COMMUNITY HOUSINGWORKS","CA","2022-05-12","2022-05-12221320058333",64593
260012385,"ASST_NON_CA0019L9T002114_086","CA0019L9T002114","COMMUNITY WORKING GROUP, INC.","CA","2022-05-12","2022-05-12221320055009",43936
260030926,"ASST_NON_CA0239L9T092114_086","CA0239L9T092114","COUNTY OF MENDOCINO SOCIAL SERVICES","CA","2022-05-12","2022-05-12221320055437",1750963
260084863,"ASST_NON_CA1558L9T092105_086","CA1558L9T092105","COUNTY OF MENDOCINO SOCIAL SERVICES","CA","2022-05-12","2022-05-12221320055826",93312
260036346,"ASST_NON_CA0318L9T252113_086","CA0318L9T252113","EL DORADO COUNTY GOVERNMENT","CA","2022-05-12","2022-05-12221320055253",9817
260067444,"ASST_NON_CA0974L9T142108_086","CA0974L9T142108","MARJAREE MASON CENTER, INC","CA","2022-05-12","2022-05-12221320056236",222501
260029273,"ASST_NON_CA0207L9T062114_086","CA0207L9T062114","HOUSING AUTHORITY OF COUNTY OF MONTE","CA","2022-05-12","2022-05-12221320055205",111241
260081484,"ASST_NON_CA1410L9T142106_086","CA1410L9T142106","MARJAREE MASON CENTER, INC","CA","2022-05-12","2022-05-12221320056033",257164
260077866,"ASST_NON_CA1269L9D022108_086","CA1269L9D022108","INTERVAL HOUSE","CA","2022-05-12","2022-05-12221320058046",234783
260116622,"ASST_NON_CA1718Y9T012103_086","CA1718Y9T012103","DEPARTMENT OF HOMELESSNESS & SUPPORTIVE HOUSING","CA","2022-05-12","2022-05-12221320056440",225000
260116629,"ASST_NON_CA1719Y9T012103_086","CA1719Y9T012103","DEPARTMENT OF HOMELESSNESS & SUPPORTIVE HOUSING","CA","2022-05-12","2022-05-12221320056444",547848
260117144,"ASST_NON_CA1912L9T042102_086","CA1912L9T042102","REACH FOR HOME","CA","2022-05-12","2022-05-12221320055788",87931
260117008,"ASST_NON_CA1854L9T142102_086","CA1854L9T142102","MARJAREE MASON CENTER, INC","CA","2022-05-12","2022-05-12221320055648",459927
260055071,"ASST_NON_CA0709L9D012114_086","CA0709L9D012114","COMMUNITY HOUSINGWORKS","CA","2022-05-12","2022-05-12221320058341",86909
260116784,"ASST_NON_CA1762D9T142103_086","CA1762D9T142103","MARJAREE MASON CENTER, INC","CA","2022-05-12","2022-05-12221320055685",516358
260116745,"ASST_NON_CA1750D9T072103_086","CA1750D9T072103","CENTER FOR DOMESTIC PEACE","CA","2022-05-12","2022-05-12221320055665",103084
260074458,"ASST_NON_CA1185L9T142108_086","CA1185L9T142108","MARJAREE MASON CENTER, INC","CA","2022-05-12","2022-05-12221320056099",182559
260083307,"ASST_NON_CA1480L9T142106_086","CA1480L9T142106","MARJAREE MASON CENTER, INC","CA","2022-05-12","2022-05-12221320055895",306573
260084716,"ASST_NON_CA1535L9T012105_086","CA1535L9T012105","CITY & COUNTY OF SAN FRANCISCO","CA","2022-05-12","2022-05-12221320055864",33909
260062952,"ASST_NON_CA0860L9D002107_086","CA0860L9D002107","LOS ANGELES COUNTY DEVELOPMENT AUTHORITY LACDA","CA","2022-05-12","2022-05-12221320057842",349454
260077152,"ASST_NON_CA1243L9T012107_086","CA1243L9T012107","CITY & COUNTY OF SAN FRANCISCO","CA","2022-05-12","2022-05-12221320056115",626991
260064433,"ASST_NON_CA0915L9D002112_086","CA0915L9D002112","LOS ANGELES COUNTY DEVELOPMENT AUTHORITY LACDA","CA","2022-05-12","2022-05-12221320057785",389944
260042434,"ASST_NON_CA0465L9D002114_086","CA0465L9D002114","LOS ANGELES COUNTY DEVELOPMENT AUTHORITY LACDA","CA","2022-05-12","2022-05-12221320058541",3753044
260080400,"ASST_NON_CA1342L9D002107_086","CA1342L9D002107","LOS ANGELES COUNTY DEVELOPMENT AUTHORITY LACDA","CA","2022-05-12","2022-05-12221320058084",1457251
260116682,"ASST_NON_CA1731L9T012103_086","CA1731L9T012103","CITY & COUNTY OF SAN FRANCISCO","CA","2022-05-12","2022-05-12221320055714",387394
260063637,"ASST_NON_CA0888L9T012112_086","CA0888L9T012112","CITY & COUNTY OF SAN FRANCISCO","CA","2022-05-12","2022-05-12221320056157",712602
260067644,"ASST_NON_CA0998L9D002106_086","CA0998L9D002106","LOS ANGELES COUNTY DEVELOPMENT AUTHORITY LACDA","CA","2022-05-12","2022-05-12221320058801",699840
260068839,"ASST_NON_CA1046L9D002111_086","CA1046L9D002111","LOS ANGELES COUNTY DEVELOPMENT AUTHORITY LACDA","CA","2022-05-12","2022-05-12221320058829",3634548
260018429,"ASST_NON_CA0058L9T012114_086","CA0058L9T012114","CITY & COUNTY OF SAN FRANCISCO","CA","2022-05-12","2022-05-12221320054927",3604870
260018581,"ASST_NON_CA0060L9T012114_086","CA0060L9T012114","CITY & COUNTY OF SAN FRANCISCO","CA","2022-05-12","2022-05-12221320054931",993797
260075903,"ASST_NON_CA1219L9D002109_086","CA1219L9D002109","LOS ANGELES COUNTY DEVELOPMENT AUTHORITY LACDA","CA","2022-05-12","2022-05-12221320058762",427901
260084726,"ASST_NON_CA1537L9T012105_086","CA1537L9T012105","CITY & COUNTY OF SAN FRANCISCO","CA","2022-05-12","2022-05-12221320055886",1029208
260095147,"ASST_NON_CA1687L9D002104_086","CA1687L9D002104","LOS ANGELES COUNTY DEVELOPMENT AUTHORITY LACDA","CA","2022-05-12","2022-05-12221320058259",1379909
260095210,"ASST_NON_CA1698L9D012104_086","CA1698L9D012104","MENTAL HEALTH SYSTEMS, INC.","CA","2022-05-12","2022-05-12221320058165",192290
260060790,"ASST_NON_CA0800L9D002113_086","CA0800L9D002113","LOS ANGELES COUNTY DEVELOPMENT AUTHORITY LACDA","CA","2022-05-12","2022-05-12221320058482",262206
260055054,"ASST_NON_CA0708L9D012114_086","CA0708L9D012114","MENTAL HEALTH SYSTEMS, INC.","CA","2022-05-12","2022-05-12221320058337",282511
260084018,"ASST_NON_CA1502L9D002106_086","CA1502L9D002106","LOS ANGELES COUNTY DEVELOPMENT AUTHORITY LACDA","CA","2022-05-12","2022-05-12221320058021",1434442
260060188,"ASST_NON_CA0792L9D002113_086","CA0792L9D002113","LOS ANGELES COUNTY DEVELOPMENT AUTHORITY LACDA","CA","2022-05-12","2022-05-12221320058439",545658
260082998,"ASST_NON_CA1463L9T012106_086","CA1463L9T012106","CITY & COUNTY OF SAN FRANCISCO","CA","2022-05-12","2022-05-12221320055973",997570
260017031,"ASST_NON_CA0049L9T012113_086","CA0049L9T012113","CITY & COUNTY OF SAN FRANCISCO","CA","2022-05-12","2022-05-12221320054911",354974
260019672,"ASST_NON_CA0073L9T012114_086","CA0073L9T012114","CITY & COUNTY OF SAN FRANCISCO","CA","2022-05-12","2022-05-12221320054943",1572524
260018650,"ASST_NON_CA0066L9T012113_086","CA0066L9T012113","CITY & COUNTY OF SAN FRANCISCO","CA","2022-05-12","2022-05-12221320054939",1143806
260077173,"ASST_NON_CA1246L9T012113_086","CA1246L9T012113","CITY & COUNTY OF SAN FRANCISCO","CA","2022-05-12","2022-05-12221320056119",15174151
260073607,"ASST_NON_CA1159L9D002110_086","CA1159L9D002110","LOS ANGELES COUNTY DEVELOPMENT AUTHORITY LACDA","CA","2022-05-12","2022-05-12221320058909",244204
260066729,"ASST_NON_CA0952L9T012106_086","CA0952L9T012106","CITY & COUNTY OF SAN FRANCISCO","CA","2022-05-12","2022-05-12221320056262",398491
260057691,"ASST_NON_CA0742L9D002114_086","CA0742L9D002114","LOS ANGELES COUNTY DEVELOPMENT AUTHORITY LACDA","CA","2022-05-12","2022-05-12221320058350",1056992
260071897,"ASST_NON_CA1104L9D002105_086","CA1104L9D002105","LOS ANGELES COUNTY DEVELOPMENT AUTHORITY LACDA","CA","2022-05-12","2022-05-12221320058858",493041
260061000,"ASST_NON_CA0826L9T012107_086","CA0826L9T012107","CITY & COUNTY OF SAN FRANCISCO","CA","2022-05-12","2022-05-12221320056331",979302
260042393,"ASST_NON_CA0462L9D002114_086","CA0462L9D002114","CITY OF POMONA","CA","2022-05-12","2022-05-12221320058533",2129641
260117209,"ASST_NON_CA1969Y9T012100_086","CA1969Y9T012100","CITY & COUNTY OF SAN FRANCISCO","CA","2022-05-12","2022-05-12221320056409",368177
260095153,"ASST_NON_CA1688L9D002104_086","CA1688L9D002104","LOS ANGELES COUNTY DEVELOPMENT AUTHORITY LACDA","CA","2022-05-12","2022-05-12221320058263",4045872
260060968,"ASST_NON_CA0821L9T012112_086","CA0821L9T012112","CITY & COUNTY OF SAN FRANCISCO","CA","2022-05-12","2022-05-12221320056323",577716
260070064,"ASST_NON_CA1061L9T012105_086","CA1061L9T012105","CITY & COUNTY OF SAN FRANCISCO","CA","2022-05-12","2022-05-12221320055467",359287
260053694,"ASST_NON_CA0689L9D012108_086","CA0689L9D012108","MENTAL HEALTH SYSTEMS, INC.","CA","2022-05-12","2022-05-12221320058321",409777
260020893,"ASST_NON_CA0082L9T012114_086","CA0082L9T012114","CITY & COUNTY OF SAN FRANCISCO","CA","2022-05-12","2022-05-12221320054854",358694
260054445,"ASST_NON_CA0693L9D012114_086","CA0693L9D012114","MENTAL HEALTH SYSTEMS, INC.","CA","2022-05-12","2022-05-12221320058325",410708
260073581,"ASST_NON_CA1157L9D002110_086","CA1157L9D002110","LOS ANGELES COUNTY DEVELOPMENT AUTHORITY LACDA","CA","2022-05-12","2022-05-12221320058898",297623
260079082,"ASST_NON_CA1295L9T012106_086","CA1295L9T012106","CITY & COUNTY OF SAN FRANCISCO","CA","2022-05-12","2022-05-12221320056139",4315621
260093265,"ASST_NON_CA1641L9T012104_086","CA1641L9T012104","CITY & COUNTY OF SAN FRANCISCO","CA","2022-05-12","2022-05-12221320055767",287892
260064418,"ASST_NON_CA0914L9D002112_086","CA0914L9D002112","LOS ANGELES COUNTY DEVELOPMENT AUTHORITY LACDA","CA","2022-05-12","2022-05-12221320057781",355948
260081178,"ASST_NON_CA1386L9T012106_086","CA1386L9T012106","CITY & COUNTY OF SAN FRANCISCO","CA","2022-05-12","2022-05-12221320055987",493474
260040715,"ASST_NON_CA0421L9D002114_086","CA0421L9D002114","LOS ANGELES COUNTY DEVELOPMENT AUTHORITY LACDA","CA","2022-05-12","2022-05-12221320058583",1177847
260018374,"ASST_NON_CA0053L9T012113_086","CA0053L9T012113","CITY & COUNTY OF SAN FRANCISCO","CA","2022-05-12","2022-05-12221320054919",578559
260037649,"ASST_NON_CA0339L9D002114_086","CA0339L9D002114","LOS ANGELES COUNTY DEVELOPMENT AUTHORITY LACDA","CA","2022-05-12","2022-05-12221320058674",626396
260039346,"ASST_NON_CA0365L9D002114_086","CA0365L9D002114","LOS ANGELES COUNTY DEVELOPMENT AUTHORITY LACDA","CA","2022-05-12","2022-05-12221320058727",4006470
260015532,"ASST_NON_CA0033L9T012108_086","CA0033L9T012108","CITY & COUNTY OF SAN FRANCISCO","CA","2022-05-12","2022-05-12221320055071",448467
260085379,"ASST_NON_CA1597L9D002105_086","CA1597L9D002105","LOS ANGELES COUNTY DEVELOPMENT AUTHORITY LACDA","CA","2022-05-12","2022-05-12221320057996",1074476
260116689,"ASST_NON_CA1732D9T012103_086","CA1732D9T012103","CITY & COUNTY OF SAN FRANCISCO","CA","2022-05-12","2022-05-12221320055718",882911
260064403,"ASST_NON_CA0913L9D002112_086","CA0913L9D002112","LOS ANGELES COUNTY DEVELOPMENT AUTHORITY LACDA","CA","2022-05-12","2022-05-12221320057777",1861172
260085373,"ASST_NON_CA1596L9D002105_086","CA1596L9D002105","LOS ANGELES COUNTY DEVELOPMENT AUTHORITY LACDA","CA","2022-05-12","2022-05-12221320057992",1354563
260080409,"ASST_NON_CA1343L9D002107_086","CA1343L9D002107","LOS ANGELES COUNTY DEVELOPMENT AUTHORITY LACDA","CA","2022-05-12","2022-05-12221320058088",584575
260071921,"ASST_NON_CA1109L9D002105_086","CA1109L9D002105","LOS ANGELES COUNTY DEVELOPMENT AUTHORITY LACDA","CA","2022-05-12","2022-05-12221320058866",1188264
260075891,"ASST_NON_CA1218L9D002109_086","CA1218L9D002109","LOS ANGELES COUNTY DEVELOPMENT AUTHORITY LACDA","CA","2022-05-12","2022-05-12221320058758",105105
260084706,"ASST_NON_CA1533L9T012105_086","CA1533L9T012105","CITY & COUNTY OF SAN FRANCISCO","CA","2022-05-12","2022-05-12221320055860",2280285
260116697,"ASST_NON_CA1734L9T012103_086","CA1734L9T012103","CITY & COUNTY OF SAN FRANCISCO","CA","2022-05-12","2022-05-12221320055722",266358
260016894,"ASST_NON_CA0045L9T012114_086","CA0045L9T012114","CITY & COUNTY OF SAN FRANCISCO","CA","2022-05-12","2022-05-12221320054906",1440751
260084025,"ASST_NON_CA1503L9D002106_086","CA1503L9D002106","LOS ANGELES COUNTY DEVELOPMENT AUTHORITY LACDA","CA","2022-05-12","2022-05-12221320057850",501464
260020869,"ASST_NON_CA0080L9T012114_086","CA0080L9T012114","CITY & COUNTY OF SAN FRANCISCO","CA","2022-05-12","2022-05-12221320054850",2562272
260023828,"ASST_NON_CA0122L9T022114_086","CA0122L9T022114","LIFELONG MEDICAL CARE","CA","2022-05-12","2022-05-12221320055218",549672
260084035,"ASST_NON_CA1504L9D002106_086","CA1504L9D002106","LOS ANGELES COUNTY DEVELOPMENT AUTHORITY LACDA","CA","2022-05-12","2022-05-12221320057920",543829
260093257,"ASST_NON_CA1640L9T012104_086","CA1640L9T012104","CITY & COUNTY OF SAN FRANCISCO","CA","2022-05-12","2022-05-12221320055763",477120
260084045,"ASST_NON_CA1505L9D002106_086","CA1505L9D002106","LOS ANGELES COUNTY DEVELOPMENT AUTHORITY LACDA","CA","2022-05-12","2022-05-12221320057924",1124876
260080420,"ASST_NON_CA1344L9D002107_086","CA1344L9D002107","LOS ANGELES COUNTY DEVELOPMENT AUTHORITY LACDA","CA","2022-05-12","2022-05-12221320058092",1460810
260073594,"ASST_NON_CA1158L9D002110_086","CA1158L9D002110","LOS ANGELES COUNTY DEVELOPMENT AUTHORITY LACDA","CA","2022-05-12","2022-05-12221320058905",458461
260018398,"ASST_NON_CA0055L9T012114_086","CA0055L9T012114","CITY & COUNTY OF SAN FRANCISCO","CA","2022-05-12","2022-05-12221320054923",256091
260070078,"ASST_NON_CA1062L9T012110_086","CA1062L9T012110","CITY & COUNTY OF SAN FRANCISCO","CA","2022-05-12","2022-05-12221320055471",716712
260116944,"ASST_NON_CA1826D9T012102_086","CA1826D9T012102","CITY & COUNTY OF SAN FRANCISCO","CA","2022-05-12","2022-05-12221320055616",1342758
260117153,"ASST_NON_CA1914L9T212102_086","CA1914L9T212102","CITY OF WOODLAND","CA","2022-05-12","2022-05-12221320055796",152174
260077240,"ASST_NON_CA1257L9D012107_086","CA1257L9D012107","THE ASSOCIATION FOR COMMUNITY HOUSING SOLUTIONS","CA","2022-05-12","2022-05-12221320058038",176991
260060118,"ASST_NON_CA0780L9T202113_086","CA0780L9T202113","COUNTY OF MERCED","CA","2022-05-12","2022-05-12221320056319",167267
260093240,"ASST_NON_CA1637Y9T082102_086","CA1637Y9T082102","COVENANT HOUSE CALIFORNIA","CA","2022-05-12","2022-05-12221320056436",230531
260085292,"ASST_NON_CA1574L9T162105_086","CA1574L9T162105","SHASTA, COUNTY OF","CA","2022-05-12","2022-05-12221320055850",30000
260093274,"ASST_NON_CA1643L9T022104_086","CA1643L9T022104","CITY OF OAKLAND","CA","2022-05-12","2022-05-12221320055771",542936
260067529,"ASST_NON_CA0984L9T202109_086","CA0984L9T202109","COUNTY OF MERCED","CA","2022-05-12","2022-05-12221320056252",192609
260116796,"ASST_NON_CA1767L9T162103_086","CA1767L9T162103","SHASTA, COUNTY OF","CA","2022-05-12","2022-05-12221320055689",61809
260036970,"ASST_NON_CA0320L9T262111_086","CA0320L9T262111","SIERRA HOPE","CA","2022-05-12","2022-05-12221320055263",50015
260057776,"ASST_NON_CA0748L9T022112_086","CA0748L9T022112","ABODE HOUSING DEVELOPMENT","CA","2022-05-12","2022-05-12221320055275",36166
260067541,"ASST_NON_CA0985L9T202108_086","CA0985L9T202108","SIERRA SVING GRACE HMELESS PRJ","CA","2022-05-12","2022-05-12221320056292",52631
260060831,"ASST_NON_CA0803L9D012113_086","CA0803L9D012113","THE ASSOCIATION FOR COMMUNITY HOUSING SOLUTIONS","CA","2022-05-12","2022-05-12221320057834",517316
260081569,"ASST_NON_CA1423L9T212106_086","CA1423L9T212106","CITY OF WOODLAND","CA","2022-05-12","2022-05-12221320055940",196000
260085305,"ASST_NON_CA1579L9T192104_086","CA1579L9T192104","TRUE NORTH HOUSING ALLIANCE, INC","CA","2022-05-12","2022-05-12221320055854",48983
260081590,"ASST_NON_CA1428L9T262104_086","CA1428L9T262104","SIERRA HOPE","CA","2022-05-12","2022-05-12221320055969",129741
260116702,"ASST_NON_CA1736L9T022103_086","CA1736L9T022103","CITY OF OAKLAND","CA","2022-05-12","2022-05-12221320055726",2448465
260081046,"ASST_NON_CA1378L9T002106_086","CA1378L9T002106","WEST VALLEY COMMUNITY SERVICES OF SANTA CLARA COUNTY, INC.","CA","2022-05-12","2022-05-12221320055956",829615
260068812,"ASST_NON_CA1041L9T162111_086","CA1041L9T162111","SHASTA, COUNTY OF","CA","2022-05-12","2022-05-12221320055459",290822
260083014,"ASST_NON_CA1465L9T022106_086","CA1465L9T022106","CITY OF OAKLAND","CA","2022-05-12","2022-05-12221320055977",980001
260067412,"ASST_NON_CA0970L9T132108_086","CA0970L9T132108","KINGS UNITED WAY","CA","2022-05-12","2022-05-12221320056192",157533
260117031,"ASST_NON_CA1864L9T202102_086","CA1864L9T202102","SIERRA SVING GRACE HMELESS PRJ","CA","2022-05-12","2022-05-12221320055583",170775
260071866,"ASST_NON_CA1099L9T202107_086","CA1099L9T202107","SIERRA SVING GRACE HMELESS PRJ","CA","2022-05-12","2022-05-12221320056215",105669
260117278,"ASST_NON_CA1993Y9T082100_086","CA1993Y9T082100","COVENANT HOUSE CALIFORNIA","CA","2022-05-12","2022-05-12221320056421",197505
260078287,"ASST_NON_CA1270L9T022107_086","CA1270L9T022107","CITY OF OAKLAND","CA","2022-05-12","2022-05-12221320056036",847623
260116951,"ASST_NON_CA1828D9T022102_086","CA1828D9T022102","RUBY'S PLACE","CA","2022-05-12","2022-05-12221320055620",733164
260064656,"ASST_NON_CA0926L9D012112_086","CA0926L9D012112","THE ASSOCIATION FOR COMMUNITY HOUSING SOLUTIONS","CA","2022-05-12","2022-05-12221320057821",185436
260022322,"ASST_NON_CA0106L9T022114_086","CA0106L9T022114","CITY OF OAKLAND","CA","2022-05-12","2022-05-12221320054896",713095
260032640,"ASST_NON_CA0264L9T122114_086","CA0264L9T122114","MENTAL HEALTH ASSOCIATION OF SAN MATEO COUNTY","CA","2022-05-12","2022-05-12221320055397",74666
260117067,"ASST_NON_CA1880D9D012102_086","CA1880D9D012102","REGIONAL TASK FORCE ON THE HOMELESS, INC","CA","2022-05-12","2022-05-12221320058140",377336
260067796,"ASST_NON_CA1019L9D092109_086","CA1019L9D092109","LIGHTHOUSE SOCIAL SERVICE CENTERS","CA","2022-05-12","2022-05-12221320058821",1003477
260117481,"ASST_NON_CA2029Y9D012100_086","CA2029Y9D012100","REGIONAL TASK FORCE ON THE HOMELESS, INC","CA","2022-05-12","2022-05-12221320058408",167582
260066741,"ASST_NON_CA0953L9T022110_086","CA0953L9T022110","ABODE SERVICES","CA","2022-05-12","2022-05-12221320056266",691973
260117114,"ASST_NON_CA1900L9D082102_086","CA1900L9D082102","COUNTY OF RIVERSIDE","CA","2022-05-12","2022-05-12221320058164",1169646
260117499,"ASST_NON_CA2034Y9D012100_086","CA2034Y9D012100","REGIONAL TASK FORCE ON THE HOMELESS, INC","CA","2022-05-12","2022-05-12221320058424",2100767
260083025,"ASST_NON_CA1467L9T022106_086","CA1467L9T022106","CORNERSTONE COMMUNITY DEVELOPMENT CORPORATION","CA","2022-05-12","2022-05-12221320055981",267166
260084079,"ASST_NON_CA1511L9D012106_086","CA1511L9D012106","REGIONAL TASK FORCE ON THE HOMELESS, INC","CA","2022-05-12","2022-05-12221320057936",707000
260054990,"ASST_NON_CA0702L9D012114_086","CA0702L9D012114","REGIONAL TASK FORCE ON THE HOMELESS, INC","CA","2022-05-12","2022-05-12221320058329",734003
260081696,"ASST_NON_CA1433L9D012106_086","CA1433L9D012106","CRISIS HOUSE","CA","2022-05-12","2022-05-12221320057883",538203
260052678,"ASST_NON_CA0670L9D082114_086","CA0670L9D082114","COUNTY OF RIVERSIDE","CA","2022-05-12","2022-05-12221320058433",2017571
260066704,"ASST_NON_CA0950L9T002109_086","CA0950L9T002109","ABODE SERVICES","CA","2022-05-12","2022-05-12221320056189",653152
260116712,"ASST_NON_CA1738D9T022103_086","CA1738D9T022103","CORNERSTONE COMMUNITY DEVELOPMENT CORPORATION","CA","2022-05-12","2022-05-12221320055730",160137
260117485,"ASST_NON_CA2030Y9D012100_086","CA2030Y9D012100","REGIONAL TASK FORCE ON THE HOMELESS, INC","CA","2022-05-12","2022-05-12221320058412",630000
260052271,"ASST_NON_CA0665L9D082111_086","CA0665L9D082111","COUNTY OF RIVERSIDE","CA","2022-05-12","2022-05-12221320058429",290622
260116764,"ASST_NON_CA1758L9T132103_086","CA1758L9T132103","CHAMPIONS RECOVERY ALTERNATIVE PROGRAMS, INC.","CA","2022-05-12","2022-05-12221320055673",241102
260014262,"ASST_NON_CA0026L9T002114_086","CA0026L9T002114","ABODE SERVICES","CA","2022-05-12","2022-05-12221320055017",300614
260065168,"ASST_NON_CA0935L9D082112_086","CA0935L9D082112","COUNTY OF RIVERSIDE","CA","2022-05-12","2022-05-12221320057825",1672596
260070091,"ASST_NON_CA1063L9T022109_086","CA1063L9T022109","ABODE SERVICES","CA","2022-05-12","2022-05-12221320055490",1397584
260065183,"ASST_NON_CA0936L9D082112_086","CA0936L9D082112","COUNTY OF RIVERSIDE","CA","2022-05-12","2022-05-12221320057801",148023
260082423,"ASST_NON_CA1449D9D082106_086","CA1449D9D082106","COUNTY OF RIVERSIDE","CA","2022-05-12","2022-05-12221320057961",1150000
260052699,"ASST_NON_CA0672L9D082114_086","CA0672L9D082114","COUNTY OF RIVERSIDE","CA","2022-05-12","2022-05-12221320058437",344072
260117495,"ASST_NON_CA2033Y9D012100_086","CA2033Y9D012100","REGIONAL TASK FORCE ON THE HOMELESS, INC","CA","2022-05-12","2022-05-12221320058420",650000
260072913,"ASST_NON_CA1137L9D092110_086","CA1137L9D092110","TIME FOR CHANGE FOUNDATION","CA","2022-05-12","2022-05-12221320058886",433560
260023800,"ASST_NON_CA0120L9T022114_086","CA0120L9T022114","ABODE SERVICES","CA","2022-05-12","2022-05-12221320055214",870778
260095169,"ASST_NON_CA1690L9D012104_086","CA1690L9D012104","CRISIS HOUSE","CA","2022-05-12","2022-05-12221320058271",393192
260080611,"ASST_NON_CA1364L9D082107_086","CA1364L9D082107","COUNTY OF RIVERSIDE","CA","2022-05-12","2022-05-12221320057851",1574754
260069610,"ASST_NON_CA1055L9D082111_086","CA1055L9D082111","COUNTY OF RIVERSIDE","CA","2022-05-12","2022-05-12221320058854",147954
260083476,"ASST_NON_CA1499L9D002106_086","CA1499L9D002106","CITY OF BURBANK","CA","2022-05-12","2022-05-12221320058013",567848
260117491,"ASST_NON_CA2032Y9D012100_086","CA2032Y9D012100","REGIONAL TASK FORCE ON THE HOMELESS, INC","CA","2022-05-12","2022-05-12221320058416",164949
260080630,"ASST_NON_CA1367L9D082107_086","CA1367L9D082107","COUNTY OF RIVERSIDE","CA","2022-05-12","2022-05-12221320057871",309006
260116933,"ASST_NON_CA1820Y9D012102_086","CA1820Y9D012102","REGIONAL TASK FORCE ON THE HOMELESS, INC","CA","2022-05-12","2022-05-12221320058404",153816
260116602,"ASST_NON_CA1708L9D082104_086","CA1708L9D082104","COUNTY OF RIVERSIDE","CA","2022-05-12","2022-05-12221320058223",404862
260070676,"ASST_NON_CA1072L9T062109_086","CA1072L9T062109","COUNTY OF SAN BENITO","CA","2022-05-12","2022-05-12221320056136",308619
260116927,"ASST_NON_CA1819Y9D012102_086","CA1819Y9D012102","REGIONAL TASK FORCE ON THE HOMELESS, INC","CA","2022-05-12","2022-05-12221320058400",82500
260022839,"ASST_NON_CA0116L9T022114_086","CA0116L9T022114","CITY OF BERKELEY","CA","2022-05-12","2022-05-12221320055167",3949021
260033469,"ASST_NON_CA0276L9T142109_086","CA0276L9T142109","HOUSING AUTHORITY OF THE CITY OF FRESNO","CA","2022-05-12","2022-05-12221320055346",64783
260057792,"ASST_NON_CA0749L9T022112_086","CA0749L9T022112","CITY OF BERKELEY","CA","2022-05-12","2022-05-12221320055279",2327914
260085280,"ASST_NON_CA1570L9T142105_086","CA1570L9T142105","FRESNO COUNTY ECONOMIC OPPORTUNITIES COMMISSION","CA","2022-05-12","2022-05-12221320055846",525000
260025127,"ASST_NON_CA0151L9T032114_086","CA0151L9T032114","HOUSING AUTHORITY OF THE COUNTY OF SACRAMENTO","CA","2022-05-12","2022-05-12221320055304",197691
260116777,"ASST_NON_CA1761L9T142103_086","CA1761L9T142103","FRESNO COUNTY ECONOMIC OPPORTUNITIES COMMISSION","CA","2022-05-12","2022-05-12221320055681",51178
260117147,"ASST_NON_CA1913L9T082102_086","CA1913L9T082102","WALNUT AVENUE FAMILY & WOMEN'S CENTER","CA","2022-05-12","2022-05-12221320055792",112219
260064372,"ASST_NON_CA0906L9T142112_086","CA0906L9T142112","VALLEY TEEN RANCH","CA","2022-05-12","2022-05-12221320056185",30620
260033456,"ASST_NON_CA0275L9T142108_086","CA0275L9T142108","HOUSING AUTHORITY OF THE CITY OF FRESNO","CA","2022-05-12","2022-05-12221320055405",44130
260083317,"ASST_NON_CA1481L9T142106_086","CA1481L9T142106","FRESNO COUNTY ECONOMIC OPPORTUNITIES COMMISSION","CA","2022-05-12","2022-05-12221320055899",306962
260095196,"ASST_NON_CA1695L9D012104_086","CA1695L9D012104","VOLUNTEERS OF AMERICA, SOUTHWEST CALIFORNIA, INCORPORATION","CA","2022-05-12","2022-05-12221320058128",667215
260117047,"ASST_NON_CA1872D9T272102_086","CA1872D9T272102","EMPOWER TEHAMA","CA","2022-05-12","2022-05-12221320055591",53420
260079252,"ASST_NON_CA1319L9T142106_086","CA1319L9T142106","HOUSING AUTHORITY OF THE CITY OF FRESNO","CA","2022-05-12","2022-05-12221320056053",261725
260067471,"ASST_NON_CA0977L9T142108_086","CA0977L9T142108","HOUSING AUTHORITY OF THE CITY OF FRESNO","CA","2022-05-12","2022-05-12221320056244",88390
260025151,"ASST_NON_CA0153L9T032114_086","CA0153L9T032114","HOUSING AUTHORITY OF THE COUNTY OF SACRAMENTO","CA","2022-05-12","2022-05-12221320055308",6301155
260075001,"ASST_NON_CA1198L9D042108_086","CA1198L9D042108","CLINICA SIERRA VISTA","CA","2022-05-12","2022-05-12221320058742",136468
260048180,"ASST_NON_CA0609L9D042114_086","CA0609L9D042114","CLINICA SIERRA VISTA","CA","2022-05-12","2022-05-12221320058518",103787
260071810,"ASST_NON_CA1090L9T142108_086","CA1090L9T142108","FRESNO COUNTY ECONOMIC OPPORTUNITIES COMMISSION","CA","2022-05-12","2022-05-12221320056203",452264
260047180,"ASST_NON_CA0598L9D032114_086","CA0598L9D032114","COUNTY OF SANTA BARBARA","CA","2022-05-12","2022-05-12221320058462",169050
260116575,"ASST_NON_CA1700L9D032104_086","CA1700L9D032104","COUNTY OF SANTA BARBARA","CA","2022-05-12","2022-05-12221320058169",130675
260067459,"ASST_NON_CA0976L9T142110_086","CA0976L9T142110","HOUSING AUTHORITY OF THE CITY OF FRESNO","CA","2022-05-12","2022-05-12221320056240",76500
260093301,"ASST_NON_CA1652L9T062104_086","CA1652L9T062104","MIDPEN HOUSING CORPORATION","CA","2022-05-12","2022-05-12221320055779",269440
260085274,"ASST_NON_CA1569L9T142105_086","CA1569L9T142105","HOUSING AUTHORITY OF THE CITY OF FRESNO","CA","2022-05-12","2022-05-12221320055842",155735
260023887,"ASST_NON_CA0127L9T032108_086","CA0127L9T032108","HOUSING AUTHORITY OF THE COUNTY OF SACRAMENTO","CA","2022-05-12","2022-05-12221320055230",203906
260081579,"ASST_NON_CA1424L9T222106_086","CA1424L9T222106","2-1-1 HUMBOLDT INFORMATION AND RESOURCE CENTER","CA","2022-05-12","2022-05-12221320055944",31549
260071858,"ASST_NON_CA1098L9T202106_086","CA1098L9T202106","HOUSING AUTHORITY OF THE COUNTY OF MERCED","CA","2022-05-12","2022-05-12221320056211",77010
260034519,"ASST_NON_CA0281L9T142114_086","CA0281L9T142114","HOUSING AUTHORITY OF THE CITY OF FRESNO","CA","2022-05-12","2022-05-12221320055358",784050
260033592,"ASST_NON_CA0278L9T142114_086","CA0278L9T142114","HOUSING AUTHORITY OF THE CITY OF FRESNO","CA","2022-05-12","2022-05-12221320055354",245770
260033481,"ASST_NON_CA0277L9T142108_086","CA0277L9T142108","HOUSING AUTHORITY OF THE CITY OF FRESNO","CA","2022-05-12","2022-05-12221320055350",432943
260035331,"ASST_NON_CA0301L9T182114_086","CA0301L9T182114","LUTHERAN SOCIAL SERVICES OF NORTHERN CALIFORNIA","CA","2022-05-12","2022-05-12221320055389",277962
260084824,"ASST_NON_CA1551L9T072105_086","CA1551L9T072105","HOUSING AUTHORITY OF THE COUNTY OF MARIN","CA","2022-05-12","2022-05-12221320055804",224844
260080600,"ASST_NON_CA1363L9D072107_086","CA1363L9D072107","CITY OF PASADENA","CA","2022-05-12","2022-05-12221320058112",1100958
260082415,"ASST_NON_CA1447L9D072106_086","CA1447L9D072106","CITY OF PASADENA","CA","2022-05-12","2022-05-12221320057907",124423
260029245,"ASST_NON_CA0205L9T062114_086","CA0205L9T062114","INTERIM, INC.","CA","2022-05-12","2022-05-12221320055197",169772
260116890,"ASST_NON_CA1799L9D042103_086","CA1799L9D042103","COMMUNITY ACTION PARTNERSHIP OF KERN","CA","2022-05-12","2022-05-12221320058200",236838
260067482,"ASST_NON_CA0978L9T312107_086","CA0978L9T312107","COUNTY OF NEVADA","CA","2022-05-12","2022-05-12221320056248",32190
260066793,"ASST_NON_CA0958L9T062109_086","CA0958L9T062109","INTERIM, INC.","CA","2022-05-12","2022-05-12221320056278",144404
260030280,"ASST_NON_CA0221L9T072114_086","CA0221L9T072114","HOUSING AUTHORITY OF THE COUNTY OF MARIN","CA","2022-05-12","2022-05-12221320055413",1692561
260079153,"ASST_NON_CA1309L9T072107_086","CA1309L9T072107","RITTER CENTER","CA","2022-05-12","2022-05-12221320056030",202758
260029287,"ASST_NON_CA0208L9T062114_086","CA0208L9T062114","INTERIM, INC.","CA","2022-05-12","2022-05-12221320055257",132173
260025193,"ASST_NON_CA0158L9T032114_086","CA0158L9T032114","TLCS INC","CA","2022-05-12","2022-05-12221320055312",2804461
260052241,"ASST_NON_CA0662L9D072114_086","CA0662L9D072114","CITY OF PASADENA","CA","2022-05-12","2022-05-12221320058425",909286
260116899,"ASST_NON_CA1806D9D072103_086","CA1806D9D072103","CITY OF PASADENA","CA","2022-05-12","2022-05-12221320058204",144511
260058304,"ASST_NON_CA0755L9T062113_086","CA0755L9T062113","INTERIM, INC.","CA","2022-05-12","2022-05-12221320056358",191237
260083356,"ASST_NON_CA1486L9T262106_086","CA1486L9T262106","COUNTY OF MARIPOSA","CA","2022-05-12","2022-05-12221320055927",72590
260072965,"ASST_NON_CA1143L9D092110_086","CA1143L9D092110","UNITED STATES VETERANS INITIATIVE","CA","2022-05-12","2022-05-12221320058894",1255841
260052220,"ASST_NON_CA0660L9D072114_086","CA0660L9D072114","CITY OF PASADENA","CA","2022-05-12","2022-05-12221320058393",46226
260078314,"ASST_NON_CA1273L9T132107_086","CA1273L9T132107","COMMUNITY SERVICES AND EMPLOYMENT TRAINING, INCORPORATED","CA","2022-05-12","2022-05-12221320056040",168360
260076534,"ASST_NON_CA1231L9D022108_086","CA1231L9D022108","PATHWAYS OF HOPE","CA","2022-05-12","2022-05-12221320058774",346067
260071032,"ASST_NON_CA1088L9T132108_086","CA1088L9T132108","COMMUNITY SERVICES AND EMPLOYMENT TRAINING, INCORPORATED","CA","2022-05-12","2022-05-12221320056156",371671
260051797,"ASST_NON_CA0658L9D072114_086","CA0658L9D072114","CITY OF PASADENA","CA","2022-05-12","2022-05-12221320058385",297175
260051814,"ASST_NON_CA0659L9D072114_086","CA0659L9D072114","CITY OF PASADENA","CA","2022-05-12","2022-05-12221320058389",225378
260025420,"ASST_NON_CA0184L9T052114_086","CA0184L9T052114","GARDEN PARK APARTMENTS COMMUNITY","CA","2022-05-12","2022-05-12221320055176",352150
260051771,"ASST_NON_CA0655L9D072114_086","CA0655L9D072114","CITY OF PASADENA","CA","2022-05-12","2022-05-12221320058381",204697
260077296,"ASST_NON_CA1259L9D072108_086","CA1259L9D072108","CITY OF PASADENA","CA","2022-05-12","2022-05-12221320058042",206617
260067713,"ASST_NON_CA1004L9D032107_086","CA1004L9D032107","HOUSING AUTHORITY OF THE CITY OF SANTA BARBARA","CA","2022-05-12","2022-05-12221320058813",138343
260077831,"ASST_NON_CA1262L9T312107_086","CA1262L9T312107","COUNTY OF NEVADA","CA","2022-05-12","2022-05-12221320056127",155139
260116593,"ASST_NON_CA1706L9D072104_086","CA1706L9D072104","CITY OF PASADENA","CA","2022-05-12","2022-05-12221320058219",192065
260058320,"ASST_NON_CA0756L9T072113_086","CA0756L9T072113","HOUSING AUTHORITY OF THE COUNTY OF MARIN","CA","2022-05-12","2022-05-12221320056362",98302
260063555,"ASST_NON_CA0873L9D072107_086","CA0873L9D072107","CITY OF PASADENA","CA","2022-05-12","2022-05-12221320058292",441029
260084760,"ASST_NON_CA1546L9T052105_086","CA1546L9T052105","SATELLITE AFFORDABLE HOUSING ASSOCIATES","CA","2022-05-12","2022-05-12221320055914",299535
260080437,"ASST_NON_CA1348L9D012107_086","CA1348L9D012107","ST. VINCENT DE PAUL VILLAGE, INC.","CA","2022-05-12","2022-05-12221320058096",1647639
260081053,"ASST_NON_CA1379L9T002106_086","CA1379L9T002106","BILL WILSON CENTER","CA","2022-05-12","2022-05-12221320055960",587272
260116855,"ASST_NON_CA1792L9D012103_086","CA1792L9D012103","ALPHA PROJECT FOR THE HOMELESS","CA","2022-05-12","2022-05-12221320058180",382899
260117080,"ASST_NON_CA1883L9D012102_086","CA1883L9D012102","ST. VINCENT DE PAUL VILLAGE, INC.","CA","2022-05-12","2022-05-12221320058148",352375
260035199,"ASST_NON_CA0298L9T182114_086","CA0298L9T182114","CAMINAR","CA","2022-05-12","2022-05-12221320055381",48824
260084089,"ASST_NON_CA1512L9D022106_086","CA1512L9D022106","THE ILLUMINATION FOUNDATION","CA","2022-05-12","2022-05-12221320057940",1956881
260080455,"ASST_NON_CA1350L9D022107_086","CA1350L9D022107","FAMILIES FORWARD, INC.","CA","2022-05-12","2022-05-12221320058100",579869
260116732,"ASST_NON_CA1745L9T042103_086","CA1745L9T042103","THE YOUNG WOMENS CHRISTIAN ASSOCIATION OF SONOMA COUNTY CALIFORNIA","CA","2022-05-12","2022-05-12221320055742",260040
260061572,"ASST_NON_CA0833L9T102109_086","CA0833L9T102109","COMMUNITY HOUSING AND SHELTER SERVICES OF STANISLAUS COUNTY","CA","2022-05-12","2022-05-12221320056339",236812
260036253,"ASST_NON_CA0310L9T212114_086","CA0310L9T212114","CITY OF DAVIS, CALIFORNIA","CA","2022-05-12","2022-05-12221320055245",66282
260015505,"ASST_NON_CA0031L9T002114_086","CA0031L9T002114","BILL WILSON CENTER","CA","2022-05-12","2022-05-12221320055021",558923
260117025,"ASST_NON_CA1863L9T192102_086","CA1863L9T192102","CAMINAR","CA","2022-05-12","2022-05-12221320055656",86718
260093319,"ASST_NON_CA1660L9T102104_086","CA1660L9T102104","COMMUNITY IMPACT CENTRAL VALLEY","CA","2022-05-12","2022-05-12221320055783",231629
260035314,"ASST_NON_CA0300L9T182114_086","CA0300L9T182114","CAMINAR","CA","2022-05-12","2022-05-12221320055385",180890
260068339,"ASST_NON_CA1032L9T002111_086","CA1032L9T002111","BILL WILSON CENTER","CA","2022-05-12","2022-05-12221320056300",352567
260060815,"ASST_NON_CA0802L9D012113_086","CA0802L9D012113","ST. VINCENT DE PAUL VILLAGE, INC.","CA","2022-05-12","2022-05-12221320057830",55781
260081718,"ASST_NON_CA1436L9D012106_086","CA1436L9D012106","SALVATION ARMY, THE","CA","2022-05-12","2022-05-12221320057891",417781
260031542,"ASST_NON_CA0240L9T102110_086","CA0240L9T102110","COMMUNITY IMPACT CENTRAL VALLEY","CA","2022-05-12","2022-05-12221320055441",116077
260066814,"ASST_NON_CA0962L9T102106_086","CA0962L9T102106","COMMUNITY IMPACT CENTRAL VALLEY","CA","2022-05-12","2022-05-12221320056282",112851
260064297,"ASST_NON_CA0896L9T102112_086","CA0896L9T102112","COMMUNITY IMPACT CENTRAL VALLEY","CA","2022-05-12","2022-05-12221320056173",152619
260085233,"ASST_NON_CA1561L9T102105_086","CA1561L9T102105","COMMUNITY HOUSING AND SHELTER SERVICES OF STANISLAUS COUNTY","CA","2022-05-12","2022-05-12221320055834",115180
260092675,"ASST_NON_CA1600L9D012105_086","CA1600L9D012105","ALPHA PROJECT FOR THE HOMELESS","CA","2022-05-12","2022-05-12221320058004",1342346
260093249,"ASST_NON_CA1639L9T002104_086","CA1639L9T002104","BILL WILSON CENTER","CA","2022-05-12","2022-05-12221320055759",310660
260066824,"ASST_NON_CA0963L9T102106_086","CA0963L9T102106","COMMUNITY IMPACT CENTRAL VALLEY","CA","2022-05-12","2022-05-12221320056286",117910
260116656,"ASST_NON_CA1725Y9T082102_086","CA1725Y9T082102","ENCOMPASS COMMUNITY SERVICES","CA","2022-05-12","2022-05-12221320056456",296903
260015523,"ASST_NON_CA0032L9T002114_086","CA0032L9T002114","BILL WILSON CENTER","CA","2022-05-12","2022-05-12221320055067",309348
260093108,"ASST_NON_CA1625L9D132105_086","CA1625L9D132105","IMPERIAL COUNTY","CA","2022-05-12","2022-05-12221320058239",44000
260117086,"ASST_NON_CA1885L9D012102_086","CA1885L9D012102","SALVATION ARMY, THE","CA","2022-05-12","2022-05-12221320058152",195343
260031563,"ASST_NON_CA0242L9T102112_086","CA0242L9T102112","COMMUNITY IMPACT CENTRAL VALLEY","CA","2022-05-12","2022-05-12221320055445",251049
260084069,"ASST_NON_CA1510L9D012106_086","CA1510L9D012106","ST. VINCENT DE PAUL VILLAGE, INC.","CA","2022-05-12","2022-05-12221320057932",1847525
260078425,"ASST_NON_CA1281L9T042107_086","CA1281L9T042107","CATHOLIC CHARITIES OF THE DIOCESE OF SANTA ROSA","CA","2022-05-12","2022-05-12221320056069",784961
260030359,"ASST_NON_CA0229L9T082114_086","CA0229L9T082114","ENCOMPASS COMMUNITY SERVICES","CA","2022-05-12","2022-05-12221320055421",15645
260022354,"ASST_NON_CA0109L9T022114_086","CA0109L9T022114","SATELLITE AFFORDABLE HOUSING ASSOCIATES","CA","2022-05-12","2022-05-12221320055159",89947
260059568,"ASST_NON_CA0772L9T142113_086","CA0772L9T142113","COMMUNITY ACTION PARTNERSHIP OF MADERA COUNTY, INC.","CA","2022-05-12","2022-05-12221320056378",604468
260058332,"ASST_NON_CA0758L9T102111_086","CA0758L9T102111","COMMUNITY IMPACT CENTRAL VALLEY","CA","2022-05-12","2022-05-12221320056366",283256
260085224,"ASST_NON_CA1560L9T102105_086","CA1560L9T102105","COMMUNITY HOUSING AND SHELTER SERVICES OF STANISLAUS COUNTY","CA","2022-05-12","2022-05-12221320055830",71304
260116869,"ASST_NON_CA1794L9D012103_086","CA1794L9D012103","SALVATION ARMY, THE","CA","2022-05-12","2022-05-12221320058188",467878
260117274,"ASST_NON_CA1992Y9T082100_086","CA1992Y9T082100","BILL WILSON CENTER","CA","2022-05-12","2022-05-12221320056417",137767
260084056,"ASST_NON_CA1508L9D012106_086","CA1508L9D012106","ALPHA PROJECT FOR THE HOMELESS","CA","2022-05-12","2022-05-12221320057928",562311
260072844,"ASST_NON_CA1121L9D022109_086","CA1121L9D022109","THE ILLUMINATION FOUNDATION","CA","2022-05-12","2022-05-12221320058787",472533
260084856,"ASST_NON_CA1557L9T082105_086","CA1557L9T082105","ENCOMPASS COMMUNITY SERVICES","CA","2022-05-12","2022-05-12221320055822",90429
260059706,"ASST_NON_CA0779L9T192113_086","CA0779L9T192113","CAMINAR","CA","2022-05-12","2022-05-12221320056313",87981
260042746,"ASST_NON_CA0489L9D002114_086","CA0489L9D002114","SU CASA ~ ENDING DOMESTIC VIOLENCE","CA","2022-05-12","2022-05-12221320058601",53462
260055524,"ASST_NON_CA0714L9D012114_086","CA0714L9D012114","CITY OF OCEANSIDE","CA","2022-05-12","2022-05-12221320058345",145091
260037515,"ASST_NON_CA0331L9D002114_086","CA0331L9D002114","A COMMUNITY OF FRIENDS","CA","2022-05-12","2022-05-12221320057762",192130
260072866,"ASST_NON_CA1126L9D042108_086","CA1126L9D042108","THE OPEN DOOR NETWORK","CA","2022-05-12","2022-05-12221320058843",94358
260064282,"ASST_NON_CA0895L9T102112_086","CA0895L9T102112","CENTER FOR HUMAN SERVICES","CA","2022-05-12","2022-05-12221320056169",43241
260084129,"ASST_NON_CA1517L9D042106_086","CA1517L9D042106","THE OPEN DOOR NETWORK","CA","2022-05-12","2022-05-12221320057952",288219
260075410,"ASST_NON_CA1200L9D042108_086","CA1200L9D042108","THE OPEN DOOR NETWORK","CA","2022-05-12","2022-05-12221320058746",128285
260079178,"ASST_NON_CA1313L9T122107_086","CA1313L9T122107","LIFEMOVES","CA","2022-05-12","2022-05-12221320056045",513540
260063052,"ASST_NON_CA0869L9D042109_086","CA0869L9D042109","THE OPEN DOOR NETWORK","CA","2022-05-12","2022-05-12221320058288",133139
260116997,"ASST_NON_CA1845L9T102102_086","CA1845L9T102102","CENTER FOR HUMAN SERVICES","CA","2022-05-12","2022-05-12221320055644",78976
260079129,"ASST_NON_CA1305L9T042106_086","CA1305L9T042106","INDIVIDUALS, NOW","CA","2022-05-12","2022-05-12221320056022",305329
260065272,"ASST_NON_CA0939L9D092112_086","CA0939L9D092112","COUNTY OF SAN BERNARDINO","CA","2022-05-12","2022-05-12221320057809",250158
260057079,"ASST_NON_CA0739L9D142113_086","CA0739L9D142113","COUNTY OF SAN LUIS OBISPO","CA","2022-05-12","2022-05-12221320058314",485333
260059600,"ASST_NON_CA0774L9T152112_086","CA0774L9T152112","PLACER COUNTY- ADULT SYSTEM OF CARE","CA","2022-05-12","2022-05-12221320056386",421628
260032609,"ASST_NON_CA0261L9T122114_086","CA0261L9T122114","LIFEMOVES","CA","2022-05-12","2022-05-12221320055393",133750
260061668,"ASST_NON_CA0844L9T152107_086","CA0844L9T152107","PLACER COUNTY- ADULT SYSTEM OF CARE","CA","2022-05-12","2022-05-12221320056142",49860
260093145,"ASST_NON_CA1627L9D142105_086","CA1627L9D142105","COUNTY OF SAN LUIS OBISPO","CA","2022-05-12","2022-05-12221320058243",299790
260056968,"ASST_NON_CA0737L9D142113_086","CA0737L9D142113","COUNTY OF SAN LUIS OBISPO","CA","2022-05-12","2022-05-12221320058310",61160
260081559,"ASST_NON_CA1421L9T192106_086","CA1421L9T192106","CATALYST DOMESTIC VIOLENCE SERVICES","CA","2022-05-12","2022-05-12221320055936",95765
260078445,"ASST_NON_CA1284L9T122107_086","CA1284L9T122107","LIFEMOVES","CA","2022-05-12","2022-05-12221320056092",186231
260079701,"ASST_NON_CA1322L9T152107_086","CA1322L9T152107","PLACER COUNTY- ADULT SYSTEM OF CARE","CA","2022-05-12","2022-05-12221320056082",524039
260093209,"ASST_NON_CA1628L9D142105_086","CA1628L9D142105","COUNTY OF SAN LUIS OBISPO","CA","2022-05-12","2022-05-12221320058247",220554
260064349,"ASST_NON_CA0903L9T122112_086","CA0903L9T122112","LIFEMOVES","CA","2022-05-12","2022-05-12221320056181",269948
260083178,"ASST_NON_CA1472L9T052106_086","CA1472L9T052106","CONTRA COSTA INTERFAITH TRANSITIONAL HOUSING, INC","CA","2022-05-12","2022-05-12221320055873",1087325
260066773,"ASST_NON_CA0956L9T042109_086","CA0956L9T042109","WEST COUNTY COMMUNITY SERVICES","CA","2022-05-12","2022-05-12221320056274",97842
260022691,"ASST_NON_CA0111L9T022113_086","CA0111L9T022113","RESOURCES FOR COMMUNITY DEVELOPMENT","CA","2022-05-12","2022-05-12221320055163",72317
260035157,"ASST_NON_CA0293L9T172114_086","CA0293L9T172114","COUNTY OF NAPA","CA","2022-05-12","2022-05-12221320055377",81920
260025444,"ASST_NON_CA0186L9T052114_086","CA0186L9T052114","RESOURCES FOR COMMUNITY DEVELOPMENT","CA","2022-05-12","2022-05-12221320055180",194836
260116727,"ASST_NON_CA1744L9T042103_086","CA1744L9T042103","COMMUNITY SUPPORT NETWORK","CA","2022-05-12","2022-05-12221320055738",62554
260083200,"ASST_NON_CA1475L9T082106_086","CA1475L9T082106","FAMILIES IN TRANSITION OF SANTA CRUZ INC","CA","2022-05-12","2022-05-12221320055881",560228
260035140,"ASST_NON_CA0292L9T172114_086","CA0292L9T172114","THE HOUSING DEVELOPMENT CORPORATION OF THE CITY OF NAPA","CA","2022-05-12","2022-05-12221320055370",167287
260034600,"ASST_NON_CA0289L9T172112_086","CA0289L9T172112","COUNTY OF NAPA","CA","2022-05-12","2022-05-12221320055366",35887
260074470,"ASST_NON_CA1186L9T152108_086","CA1186L9T152108","HOMELESS RESOURCE COUNCIL OF THE SIERRAS","CA","2022-05-12","2022-05-12221320056103",51266
260046295,"ASST_NON_CA0577L9D022114_086","CA0577L9D022114","ORANGE COUNTY HOUSING AUTHORITY","CA","2022-05-12","2022-05-12221320058450",389050
260025338,"ASST_NON_CA0173L9T042114_086","CA0173L9T042114","COMMUNITY SUPPORT NETWORK","CA","2022-05-12","2022-05-12221320055343",59334
260060848,"ASST_NON_CA0804L9D022113_086","CA0804L9D022113","ORANGE COUNTY HOUSING AUTHORITY","CA","2022-05-12","2022-05-12221320057838",1938248
260045652,"ASST_NON_CA0560L9D022109_086","CA0560L9D022109","ORANGE COUNTY HOUSING AUTHORITY","CA","2022-05-12","2022-05-12221320058572",2304462
260038658,"ASST_NON_CA0359L9D002114_086","CA0359L9D002114","CITY OF SANTA MONICA","CA","2022-05-12","2022-05-12221320058719",4447586
260081501,"ASST_NON_CA1415L9T172106_086","CA1415L9T172106","COUNTY OF NAPA","CA","2022-05-12","2022-05-12221320055932",267501
260074989,"ASST_NON_CA1197L9D042108_086","CA1197L9D042108","HOUSING AUTHORITY OF THE COUNTY OF KERN","CA","2022-05-12","2022-05-12221320058917",4778834
260021812,"ASST_NON_CA0092L9T022113_086","CA0092L9T022113","RESOURCES FOR COMMUNITY DEVELOPMENT","CA","2022-05-12","2022-05-12221320054874",99943
260116757,"ASST_NON_CA1757D9T122103_086","CA1757D9T122103","CORA COMMUNITY OVERCOMING RELATIONSHIP ABUSE","CA","2022-05-12","2022-05-12221320055669",279965
260083327,"ASST_NON_CA1482L9T172106_086","CA1482L9T172106","COUNTY OF NAPA","CA","2022-05-12","2022-05-12221320055903",19054
260093098,"ASST_NON_CA1623L9D132105_086","CA1623L9D132105","WOMANHAVEN","CA","2022-05-12","2022-05-12221320058235",129803
260062992,"ASST_NON_CA0865L9D022108_086","CA0865L9D022108","ORANGE COUNTY HOUSING AUTHORITY","CA","2022-05-12","2022-05-12221320058284",2957977
260025384,"ASST_NON_CA0180L9T052114_086","CA0180L9T052114","CONTRA COSTA INTERFAITH TRANSITIONAL HOUSING, INC","CA","2022-05-12","2022-05-12221320055172",1059055
260072330,"ASST_NON_CA1119L9D022109_086","CA1119L9D022109","FRIENDSHIP SHELTER, INC.","CA","2022-05-12","2022-05-12221320058882",632877
260046352,"ASST_NON_CA0581L9D022114_086","CA0581L9D022114","ORANGE COUNTY HOUSING AUTHORITY","CA","2022-05-12","2022-05-12221320058454",4472267
260117284,"ASST_NON_CA1995Y9T082100_086","CA1995Y9T082100","FAMILIES IN TRANSITION OF SANTA CRUZ INC","CA","2022-05-12","2022-05-12221320056425",263387
260043695,"ASST_NON_CA0523L9D002114_086","CA0523L9D002114","LOS ANGELES HOMELESS SERVICES AUTHORITY","CA","2022-05-12","2022-05-12221320058507",354546
260040877,"ASST_NON_CA0435L9D002114_086","CA0435L9D002114","LOS ANGELES HOMELESS SERVICES AUTHORITY","CA","2022-05-12","2022-05-12221320058595",112935
260077229,"ASST_NON_CA1256L9D092108_086","CA1256L9D092108","INLAND TEMPORARY HOMES","CA","2022-05-12","2022-05-12221320058034",581602
260068953,"ASST_NON_CA1048L9D002111_086","CA1048L9D002111","LOS ANGELES HOMELESS SERVICES AUTHORITY","CA","2022-05-12","2022-05-12221320058833",322182
260095139,"ASST_NON_CA1686L9D002104_086","CA1686L9D002104","LOS ANGELES HOMELESS SERVICES AUTHORITY","CA","2022-05-12","2022-05-12221320058255",1993597
260042575,"ASST_NON_CA0479L9D002114_086","CA0479L9D002114","LOS ANGELES HOMELESS SERVICES AUTHORITY","CA","2022-05-12","2022-05-12221320058557",178205
260037016,"ASST_NON_CA0325L9D002113_086","CA0325L9D002113","LOS ANGELES HOMELESS SERVICES AUTHORITY","CA","2022-05-12","2022-05-12221320057750",1247620
260031612,"ASST_NON_CA0246L9T102114_086","CA0246L9T102114","STANISLAUS REGIONAL HOUSING AUTHORITY","CA","2022-05-12","2022-05-12221320055323",1361960
260042261,"ASST_NON_CA0450L9D002114_086","CA0450L9D002114","LOS ANGELES HOMELESS SERVICES AUTHORITY","CA","2022-05-12","2022-05-12221320058661",175734
260116647,"ASST_NON_CA1723Y9T082102_086","CA1723Y9T082102","COUNTY OF SANTA CRUZ","CA","2022-05-12","2022-05-12221320056452",60000
260039434,"ASST_NON_CA0373L9D002114_086","CA0373L9D002114","LOS ANGELES HOMELESS SERVICES AUTHORITY","CA","2022-05-12","2022-05-12221320058739",35666
260084844,"ASST_NON_CA1555L9T082105_086","CA1555L9T082105","COUNTY OF SANTA CRUZ","CA","2022-05-12","2022-05-12221320055818",228362
260039389,"ASST_NON_CA0370L9D002114_086","CA0370L9D002114","LOS ANGELES HOMELESS SERVICES AUTHORITY","CA","2022-05-12","2022-05-12221320058731",140104
260041574,"ASST_NON_CA0442L9D002114_086","CA0442L9D002114","LOS ANGELES HOMELESS SERVICES AUTHORITY","CA","2022-05-12","2022-05-12221320058607",292466
260036286,"ASST_NON_CA0313L9T222114_086","CA0313L9T222114","DEPARTMENT OF HEALTH & HUMAN S","CA","2022-05-12","2022-05-12221320055249",69500
260059625,"ASST_NON_CA0777L9T172113_086","CA0777L9T172113","BUCKELEW PROGRAMS","CA","2022-05-12","2022-05-12221320056390",314661
260038303,"ASST_NON_CA0341L9D002114_086","CA0341L9D002114","LOS ANGELES HOMELESS SERVICES AUTHORITY","CA","2022-05-12","2022-05-12221320058682",276862
260074962,"ASST_NON_CA1192L9T222108_086","CA1192L9T222108","DEPARTMENT OF HEALTH & HUMAN S","CA","2022-05-12","2022-05-12221320056107",250051
260116832,"ASST_NON_CA1787L9D002102_086","CA1787L9D002102","LOS ANGELES HOMELESS SERVICES AUTHORITY","CA","2022-05-12","2022-05-12221320058227",1331020
260025216,"ASST_NON_CA0160L9T042114_086","CA0160L9T042114","BUCKELEW PROGRAMS","CA","2022-05-12","2022-05-12221320055316",266270
260040278,"ASST_NON_CA0414L9D002114_086","CA0414L9D002114","LOS ANGELES HOMELESS SERVICES AUTHORITY","CA","2022-05-12","2022-05-12221320058649",1141640
260095127,"ASST_NON_CA1684L9D002104_086","CA1684L9D002104","LOS ANGELES HOMELESS SERVICES AUTHORITY","CA","2022-05-12","2022-05-12221320058251",2893071
260040262,"ASST_NON_CA0413L9D002114_086","CA0413L9D002114","LOS ANGELES HOMELESS SERVICES AUTHORITY","CA","2022-05-12","2022-05-12221320058645",60177
260043551,"ASST_NON_CA0515L9D002114_086","CA0515L9D002114","LOS ANGELES HOMELESS SERVICES AUTHORITY","CA","2022-05-12","2022-05-12221320058491",253721
260117061,"ASST_NON_CA1879D9D002102_086","CA1879D9D002102","LOS ANGELES HOMELESS SERVICES AUTHORITY","CA","2022-05-12","2022-05-12221320058136",2983486
260038368,"ASST_NON_CA0347L9D002114_086","CA0347L9D002114","LOS ANGELES HOMELESS SERVICES AUTHORITY","CA","2022-05-12","2022-05-12221320058696",460356
260116638,"ASST_NON_CA1721Y9T082102_086","CA1721Y9T082102","COMMUNITY ACTION BOARD OF SANTA CRUZ COUNTY, INC","CA","2022-05-12","2022-05-12221320056448",99175
260038506,"ASST_NON_CA0352L9D002114_086","CA0352L9D002114","LOS ANGELES HOMELESS SERVICES AUTHORITY","CA","2022-05-12","2022-05-12221320058704",120600
260038641,"ASST_NON_CA0358L9D002114_086","CA0358L9D002114","LOS ANGELES HOMELESS SERVICES AUTHORITY","CA","2022-05-12","2022-05-12221320058688",1002329
260058285,"ASST_NON_CA0752L9T042113_086","CA0752L9T042113","BUCKELEW PROGRAMS","CA","2022-05-12","2022-05-12221320056318",108926
260039331,"ASST_NON_CA0364L9D002114_086","CA0364L9D002114","LOS ANGELES HOMELESS SERVICES AUTHORITY","CA","2022-05-12","2022-05-12221320058723",50410
260043737,"ASST_NON_CA0527L9D002114_086","CA0527L9D002114","LOS ANGELES HOMELESS SERVICES AUTHORITY","CA","2022-05-12","2022-05-12221320058511",584327
260043354,"ASST_NON_CA0494L9D002114_086","CA0494L9D002114","LOS ANGELES HOMELESS SERVICES AUTHORITY","CA","2022-05-12","2022-05-12221320058487",143106
260040851,"ASST_NON_CA0433L9D002114_086","CA0433L9D002114","LOS ANGELES HOMELESS SERVICES AUTHORITY","CA","2022-05-12","2022-05-12221320058591",222397
260038385,"ASST_NON_CA0348L9D002114_086","CA0348L9D002114","LOS ANGELES HOMELESS SERVICES AUTHORITY","CA","2022-05-12","2022-05-12221320058700",66297
260039451,"ASST_NON_CA0374L9D002114_086","CA0374L9D002114","LOS ANGELES HOMELESS SERVICES AUTHORITY","CA","2022-05-12","2022-05-12221320058790",148510
260080341,"ASST_NON_CA1336L9D002107_086","CA1336L9D002107","LOS ANGELES HOMELESS SERVICES AUTHORITY","CA","2022-05-12","2022-05-12221320058058",513159
260074976,"ASST_NON_CA1195L9D002108_086","CA1195L9D002108","LOS ANGELES HOMELESS SERVICES AUTHORITY","CA","2022-05-12","2022-05-12221320058913",2039058
260062966,"ASST_NON_CA0861L9D002110_086","CA0861L9D002110","LOS ANGELES HOMELESS SERVICES AUTHORITY","CA","2022-05-12","2022-05-12221320058276",528641
260117058,"ASST_NON_CA1878D9D002102_086","CA1878D9D002102","LOS ANGELES HOMELESS SERVICES AUTHORITY","CA","2022-05-12","2022-05-12221320058212",2759758
260038523,"ASST_NON_CA0353L9D002114_086","CA0353L9D002114","LOS ANGELES HOMELESS SERVICES AUTHORITY","CA","2022-05-12","2022-05-12221320058708",695837
260042451,"ASST_NON_CA0466L9D002114_086","CA0466L9D002114","LOS ANGELES HOMELESS SERVICES AUTHORITY","CA","2022-05-12","2022-05-12221320058545",264648
260042317,"ASST_NON_CA0457L9D002114_086","CA0457L9D002114","LOS ANGELES HOMELESS SERVICES AUTHORITY","CA","2022-05-12","2022-05-12221320058665",116142
260040817,"ASST_NON_CA0430L9D002114_086","CA0430L9D002114","LOS ANGELES HOMELESS SERVICES AUTHORITY","CA","2022-05-12","2022-05-12221320058587",498364
260039524,"ASST_NON_CA0383L9D002114_086","CA0383L9D002114","LOS ANGELES HOMELESS SERVICES AUTHORITY","CA","2022-05-12","2022-05-12221320058794",779189
260062318,"ASST_NON_CA0852L9T222110_086","CA0852L9T222110","DEPARTMENT OF HEALTH & HUMAN S","CA","2022-05-12","2022-05-12221320056146",93404
260030305,"ASST_NON_CA0223L9T072114_086","CA0223L9T072114","BUCKELEW PROGRAMS","CA","2022-05-12","2022-05-12221320055417",423457
260030804,"ASST_NON_CA0230L9T082114_086","CA0230L9T082114","COUNTY OF SANTA CRUZ","CA","2022-05-12","2022-05-12221320055425",91699
260048144,"ASST_NON_CA0606L9D042114_086","CA0606L9D042114","COUNTY OF KERN","CA","2022-05-12","2022-05-12221320058514",80409
260039417,"ASST_NON_CA0372L9D002114_086","CA0372L9D002114","LOS ANGELES HOMELESS SERVICES AUTHORITY","CA","2022-05-12","2022-05-12221320058735",292583
260116847,"ASST_NON_CA1790D9D002102_086","CA1790D9D002102","LOS ANGELES HOMELESS SERVICES AUTHORITY","CA","2022-05-12","2022-05-12221320058176",1e+06
260038341,"ASST_NON_CA0345L9D002114_086","CA0345L9D002114","LOS ANGELES HOMELESS SERVICES AUTHORITY","CA","2022-05-12","2022-05-12221320058692",388444
260067598,"ASST_NON_CA0994L9D002108_086","CA0994L9D002108","LOS ANGELES HOMELESS SERVICES AUTHORITY","CA","2022-05-12","2022-05-12221320057855",1180348
260081830,"ASST_NON_CA1439L9D022106_086","CA1439L9D022106","ORANGE COUNTY HEALTH CARE AGENCY","CA","2022-05-12","2022-05-12221320057899",1231239
260080330,"ASST_NON_CA1335L9D002107_086","CA1335L9D002107","LOS ANGELES HOMELESS SERVICES AUTHORITY","CA","2022-05-12","2022-05-12221320058054",2092719
260116840,"ASST_NON_CA1789D9D002103_086","CA1789D9D002103","LOS ANGELES HOMELESS SERVICES AUTHORITY","CA","2022-05-12","2022-05-12221320058172",4587916
260031586,"ASST_NON_CA0244L9T102114_086","CA0244L9T102114","STANISLAUS REGIONAL HOUSING AUTHORITY","CA","2022-05-12","2022-05-12221320055449",189126
260040200,"ASST_NON_CA0409L9D002114_086","CA0409L9D002114","LOS ANGELES HOMELESS SERVICES AUTHORITY","CA","2022-05-12","2022-05-12221320058641",305951
260038289,"ASST_NON_CA0340L9D002114_086","CA0340L9D002114","LOS ANGELES HOMELESS SERVICES AUTHORITY","CA","2022-05-12","2022-05-12221320058678",233625
260083366,"ASST_NON_CA1487L9D002106_086","CA1487L9D002106","LOS ANGELES HOMELESS SERVICES AUTHORITY","CA","2022-05-12","2022-05-12221320057973",2696779
260067586,"ASST_NON_CA0993L9D002109_086","CA0993L9D002109","LOS ANGELES HOMELESS SERVICES AUTHORITY","CA","2022-05-12","2022-05-12221320057847",468239
260040317,"ASST_NON_CA0419L9D002114_086","CA0419L9D002114","LOS ANGELES HOMELESS SERVICES AUTHORITY","CA","2022-05-12","2022-05-12221320058653",190171
260044521,"ASST_NON_CA0534L9D012114_086","CA0534L9D012114","SAN DIEGO HOUSING COMMISSION","CA","2022-05-12","2022-05-12221320058560",3912268
260085242,"ASST_NON_CA1562L9T102105_086","CA1562L9T102105","WE CARE PROGRAM - TURLOCK","CA","2022-05-12","2022-05-12221320055838",134683
260092815,"ASST_NON_CA1602L9D012105_086","CA1602L9D012105","SAN DIEGO HOUSING COMMISSION","CA","2022-05-12","2022-05-12221320058012",751944
260116770,"ASST_NON_CA1760L9T142103_086","CA1760L9T142103","WESTCARE CALIFORNIA, INC.","CA","2022-05-12","2022-05-12221320055677",534169
260081448,"ASST_NON_CA1401L9T122106_086","CA1401L9T122106","SAN MATEO, COUNTY OF","CA","2022-05-12","2022-05-12221320056004",80110
260116976,"ASST_NON_CA1833D9T032102_086","CA1833D9T032102","OPENING DOORS, INC","CA","2022-05-12","2022-05-12221320055636",698024
260116883,"ASST_NON_CA1798L9D032103_086","CA1798L9D032103","GOOD SAMARITAN SHELTER","CA","2022-05-12","2022-05-12221320058196",134393
260018357,"ASST_NON_CA0052L9T012114_086","CA0052L9T012114","LARKIN STREET YOUTH SERVICES","CA","2022-05-12","2022-05-12221320054915",445538
260034567,"ASST_NON_CA0286L9T152114_086","CA0286L9T152114","STAND UP PLACER, INC.","CA","2022-05-12","2022-05-12221320055362",298899
260084115,"ASST_NON_CA1515L9D032106_086","CA1515L9D032106","GOOD SAMARITAN SHELTER","CA","2022-05-12","2022-05-12221320057948",200828
260023875,"ASST_NON_CA0126L9T022114_086","CA0126L9T022114","LARKIN STREET YOUTH SERVICES","CA","2022-05-12","2022-05-12221320055226",422579
260095202,"ASST_NON_CA1697L9D012104_086","CA1697L9D012104","SBCS CORPORATION","CA","2022-05-12","2022-05-12221320058132",378522
260067654,"ASST_NON_CA0999L9D012108_086","CA0999L9D012108","HOME START, INCORPORATED","CA","2022-05-12","2022-05-12221320058805",289414
260117074,"ASST_NON_CA1882L9D012102_086","CA1882L9D012102","HOME START, INCORPORATED","CA","2022-05-12","2022-05-12221320058144",375789
260116584,"ASST_NON_CA1702L9D032104_086","CA1702L9D032104","NBCC","CA","2022-05-12","2022-05-12221320058215",113315
260071822,"ASST_NON_CA1091L9T142108_086","CA1091L9T142108","WESTCARE CALIFORNIA, INC.","CA","2022-05-12","2022-05-12221320056207",532886
260075432,"ASST_NON_CA1208L9D012108_086","CA1208L9D012108","SAN DIEGO HOUSING COMMISSION","CA","2022-05-12","2022-05-12221320058750",665774
269025397,"ASST_NON_NV0016L9T012114_086","NV0016L9T012114","VOLUNTEERS OF AMERICA NORTHERN CALIFORNIA AND NORTHERN NEVADA, INC.","CA","2022-05-12","2022-05-12221320055497",1059790
260082405,"ASST_NON_CA1442L9D032106_086","CA1442L9D032106","PATH","CA","2022-05-12","2022-05-12221320057903",79444
260012287,"ASST_NON_CA0014L9T002114_086","CA0014L9T002114","SANTA CLARA, COUNTY OF","CA","2022-05-12","2022-05-12221320055005",823551
269026796,"ASST_NON_NV0109L9T012105_086","NV0109L9T012105","VOLUNTEERS OF AMERICA NORTHERN CALIFORNIA AND NORTHERN NEVADA, INC.","CA","2022-05-12","2022-05-12221320055533",114383
260058262,"ASST_NON_CA0750L9T032113_086","CA0750L9T032113","SACRAMENTO STEPS FORWARD","CA","2022-05-12","2022-05-12221320056303",1857967
260035387,"ASST_NON_CA0306L9T202112_086","CA0306L9T202112","MERCED COUNTY COMMUNITY ACTION BOARD","CA","2022-05-12","2022-05-12221320055241",82709
260116877,"ASST_NON_CA1796L9D032103_086","CA1796L9D032103","PATH","CA","2022-05-12","2022-05-12221320058192",130001
260071880,"ASST_NON_CA1101L9T222109_086","CA1101L9T222109","ARCATA HOUSE PARTNERSHIP","CA","2022-05-12","2022-05-12221320056219",436370
260047039,"ASST_NON_CA0593L9D022114_086","CA0593L9D022114","ANAHEIM SUPPORTIVE HOUSING, INC.","CA","2022-05-12","2022-05-12221320058458",231212
260078325,"ASST_NON_CA1274L9T002107_086","CA1274L9T002107","SANTA CLARA, COUNTY OF","CA","2022-05-12","2022-05-12221320056044",850235
260085388,"ASST_NON_CA1598L9D012105_086","CA1598L9D012105","COMMUNITY RESOURCE CENTER","CA","2022-05-12","2022-05-12221320058000",268581
260117036,"ASST_NON_CA1866D9T222102_086","CA1866D9T222102","ARCATA HOUSE PARTNERSHIP","CA","2022-05-12","2022-05-12221320055587",72789
260066718,"ASST_NON_CA0951L9T002110_086","CA0951L9T002110","SANTA CLARA, COUNTY OF","CA","2022-05-12","2022-05-12221320056258",964321
260116987,"ASST_NON_CA1839L9T062102_086","CA1839L9T062102","VETERANS TRANSITION CENTER OF CALIFORNIA","CA","2022-05-12","2022-05-12221320055640",111262
260084176,"ASST_NON_CA1519L9D092106_086","CA1519L9D092106","STEP UP ON SECOND STREET, INC.","CA","2022-05-12","2022-05-12221320057956",2681672
260084672,"ASST_NON_CA1528L9T002105_086","CA1528L9T002105","SANTA CLARA, COUNTY OF","CA","2022-05-12","2022-05-12221320055856",540604
260067433,"ASST_NON_CA0972L9T132106_086","CA0972L9T132106","FAMILY SERVICES OF TULARE COUNTY","CA","2022-05-12","2022-05-12221320056200",48293
260011826,"ASST_NON_CA0003L9T002112_086","CA0003L9T002112","SANTA CLARA, COUNTY OF","CA","2022-05-12","2022-05-12221320054956",678430
260069637,"ASST_NON_CA1059L9T002109_086","CA1059L9T002109","SANTA CLARA, COUNTY OF","CA","2022-05-12","2022-05-12221320055463",217259
260024052,"ASST_NON_CA0143L9T032114_086","CA0143L9T032114","SACRAMENTO STEPS FORWARD","CA","2022-05-12","2022-05-12221320055292",452641
260081168,"ASST_NON_CA1385L9T002106_086","CA1385L9T002106","SANTA CLARA, COUNTY OF","CA","2022-05-12","2022-05-12221320055968",2428984
260116670,"ASST_NON_CA1729L9T002103_086","CA1729L9T002103","SANTA CLARA, COUNTY OF","CA","2022-05-12","2022-05-12221320055710",670911
260061632,"ASST_NON_CA0840L9T132108_086","CA0840L9T132108","FAMILY SERVICES OF TULARE COUNTY","CA","2022-05-12","2022-05-12221320056347",73816
260057715,"ASST_NON_CA0746L9T002113_086","CA0746L9T002113","SANTA CLARA, COUNTY OF","CA","2022-05-12","2022-05-12221320055267",511293
260070935,"ASST_NON_CA1086L9T132109_086","CA1086L9T132109","FAMILY SERVICES OF TULARE COUNTY","CA","2022-05-12","2022-05-12221320056152",121016
260066760,"ASST_NON_CA0955L9T032108_086","CA0955L9T032108","SACRAMENTO STEPS FORWARD","CA","2022-05-12","2022-05-12221320056270",437908
260045142,"ASST_NON_CA0553L9D012114_086","CA0553L9D012114","YMCA OF SAN DIEGO COUNTY","CA","2022-05-12","2022-05-12221320058568",177096
260116721,"ASST_NON_CA1741L9T032103_086","CA1741L9T032103","SACRAMENTO STEPS FORWARD","CA","2022-05-12","2022-05-12221320055734",933156
260084654,"ASST_NON_CA1526L9T002104_086","CA1526L9T002104","SANTA CLARA, COUNTY OF","CA","2022-05-12","2022-05-12221320055807",577827
260070104,"ASST_NON_CA1066L9T032107_086","CA1066L9T032107","SACRAMENTO STEPS FORWARD","CA","2022-05-12","2022-05-12221320055603",273194
260033433,"ASST_NON_CA0272L9T132109_086","CA0272L9T132109","FAMILY SERVICES OF TULARE COUNTY","CA","2022-05-12","2022-05-12221320055401",71236
260030821,"ASST_NON_CA0231L9T082114_086","CA0231L9T082114","COUNTY OF SANTA CRUZ","CA","2022-05-12","2022-05-12221320055429",1028918
266915503,"ASST_NON_GA0402L4B002102_086","GA0402L4B002102","STEP UP ON SECOND STREET, INC.","CA","2022-05-12","2022-05-12221320021001",430404
260011810,"ASST_NON_CA0002L9T002112_086","CA0002L9T002112","SOUTH COUNTY COMMUNITY SERVICES","CA","2022-05-12","2022-05-12221320054952",539372
260082838,"ASST_NON_CA1452L9D092106_086","CA1452L9D092106","INLAND EMPIRE UNITED WAY","CA","2022-05-12","2022-05-12221320057965",403136
260116664,"ASST_NON_CA1728D9T002103_086","CA1728D9T002103","SANTA CLARA, COUNTY OF","CA","2022-05-12","2022-05-12221320055706",301785
260117127,"ASST_NON_CA1909L9T002102_086","CA1909L9T002102","SANTA CLARA, COUNTY OF","CA","2022-05-12","2022-05-12221320055595",573590
260018598,"ASST_NON_CA0061L9T012114_086","CA0061L9T012114","COMMUNITY HOUSING PARTNERSHIP","CA","2022-05-12","2022-05-12221320054935",158804
260081158,"ASST_NON_CA1384L9T002105_086","CA1384L9T002105","SANTA CLARA, COUNTY OF","CA","2022-05-12","2022-05-12221320055964",1308870
260083045,"ASST_NON_CA1469L9T032106_086","CA1469L9T032106","SACRAMENTO STEPS FORWARD","CA","2022-05-12","2022-05-12221320056000",930999
260048105,"ASST_NON_CA0603L9D032114_086","CA0603L9D032114","PATH","CA","2022-05-12","2022-05-12221320058466",1072608
260011865,"ASST_NON_CA0007L9T002113_086","CA0007L9T002113","SOUTH COUNTY COMMUNITY SERVICES","CA","2022-05-12","2022-05-12221320055001",493013
260014215,"ASST_NON_CA0021L9T002114_086","CA0021L9T002114","SANTA CLARA, COUNTY OF","CA","2022-05-12","2022-05-12221320055013",4515855
260025110,"ASST_NON_CA0150L9T032114_086","CA0150L9T032114","SACRAMENTO STEPS FORWARD","CA","2022-05-12","2022-05-12221320055300",575765
260067422,"ASST_NON_CA0971L9T132106_086","CA0971L9T132106","FAMILY SERVICES OF TULARE COUNTY","CA","2022-05-12","2022-05-12221320056196",157031
260060989,"ASST_NON_CA0825L9T002109_086","CA0825L9T002109","SANTA CLARA, COUNTY OF","CA","2022-05-12","2022-05-12221320056327",6389971
260011794,"ASST_NON_CA0001L9T002111_086","CA0001L9T002111","SANTA CLARA, COUNTY OF","CA","2022-05-12","2022-05-12221320054947",745879
260117133,"ASST_NON_CA1910L9T002102_086","CA1910L9T002102","SANTA CLARA, COUNTY OF","CA","2022-05-12","2022-05-12221320055599",696682
260023932,"ASST_NON_CA0132L9T032114_086","CA0132L9T032114","SACRAMENTO STEPS FORWARD","CA","2022-05-12","2022-05-12221320055284",373680
260116862,"ASST_NON_CA1793D9D012103_086","CA1793D9D012103","COMMUNITY RESOURCE CENTER","CA","2022-05-12","2022-05-12221320058184",365970
260040106,"ASST_NON_CA0401L9D002114_086","CA0401L9D002114","STEP UP ON SECOND STREET, INC.","CA","2022-05-12","2022-05-12221320058629",144410
260116963,"ASST_NON_CA1830L9T032102_086","CA1830L9T032102","SACRAMENTO STEPS FORWARD","CA","2022-05-12","2022-05-12221320055628",592804
260084750,"ASST_NON_CA1542L9T032105_086","CA1542L9T032105","SACRAMENTO STEPS FORWARD","CA","2022-05-12","2022-05-12221320055910",3443499
260024092,"ASST_NON_CA0147L9T032114_086","CA0147L9T032114","SACRAMENTO STEPS FORWARD","CA","2022-05-12","2022-05-12221320055296",318083
260079118,"ASST_NON_CA1303L9T032107_086","CA1303L9T032107","SACRAMENTO STEPS FORWARD","CA","2022-05-12","2022-05-12221320056018",3275215
260061053,"ASST_NON_CA0828L9T032109_086","CA0828L9T032109","SACRAMENTO STEPS FORWARD","CA","2022-05-12","2022-05-12221320056335",507275
260116957,"ASST_NON_CA1829L9T032102_086","CA1829L9T032102","SACRAMENTO STEPS FORWARD","CA","2022-05-12","2022-05-12221320055624",409918
260073555,"ASST_NON_CA1152L9T032110_086","CA1152L9T032110","SACRAMENTO STEPS FORWARD","CA","2022-05-12","2022-05-12221320056227",441789
260116970,"ASST_NON_CA1832D9T032102_086","CA1832D9T032102","SACRAMENTO STEPS FORWARD","CA","2022-05-12","2022-05-12221320055632",291557
260023966,"ASST_NON_CA0135L9T032114_086","CA0135L9T032114","SACRAMENTO STEPS FORWARD","CA","2022-05-12","2022-05-12221320055288",550602
260072310,"ASST_NON_CA1115L9D012110_086","CA1115L9D012110","PATH","CA","2022-05-12","2022-05-12221320058878",938206
260084663,"ASST_NON_CA1527L9T002105_086","CA1527L9T002105","SANTA CLARA, COUNTY OF","CA","2022-05-12","2022-05-12221320055811",130241
260117139,"ASST_NON_CA1911D9T002102_086","CA1911D9T002102","SANTA CLARA, COUNTY OF","CA","2022-05-12","2022-05-12221320055658",955488
260060254,"ASST_NON_CA0798L9D002113_086","CA0798L9D002113","HOUSING AUTHORITY OF THE CITY OF LOS ANGELES","CA","2022-05-12","2022-05-12221320058474",1033245
260073570,"ASST_NON_CA1155L9T052110_086","CA1155L9T052110","HOUSING AUTHORITY OF CONTRA COSTA COUNTY","CA","2022-05-12","2022-05-12221320056231",115671
260041598,"ASST_NON_CA0444L9D002114_086","CA0444L9D002114","HOUSING AUTHORITY OF THE CITY OF LOS ANGELES","CA","2022-05-12","2022-05-12221320058611",667128
260060139,"ASST_NON_CA0783L9D002113_086","CA0783L9D002113","HOUSING AUTHORITY OF THE CITY OF LOS ANGELES","CA","2022-05-12","2022-05-12221320058354",390400
260081459,"ASST_NON_CA1403L9T132106_086","CA1403L9T132106","TURNING POINT OF CENTRAL CALIFORNIA INC","CA","2022-05-12","2022-05-12221320056008",189248
260116817,"ASST_NON_CA1775L9T192103_086","CA1775L9T192103","BUTTE, COUNTY OF","CA","2022-05-12","2022-05-12221320055697",36241
260084105,"ASST_NON_CA1514L9D022106_086","CA1514L9D022106","MERCY HOUSE LIVING CENTERS","CA","2022-05-12","2022-05-12221320057944",2298858
260040146,"ASST_NON_CA0405L9D002114_086","CA0405L9D002114","HOUSING AUTHORITY OF THE CITY OF LOS ANGELES","CA","2022-05-12","2022-05-12221320058633",5757605
260060207,"ASST_NON_CA0797L9D002113_086","CA0797L9D002113","HOUSING AUTHORITY OF THE CITY OF LOS ANGELES","CA","2022-05-12","2022-05-12221320058470",2855264
260056907,"ASST_NON_CA0731L9D122114_086","CA0731L9D122114","CITY OF GLENDALE","CA","2022-05-12","2022-05-12221320058302",198923
260083385,"ASST_NON_CA1491L9D002106_086","CA1491L9D002106","HOUSING AUTHORITY OF THE CITY OF LOS ANGELES","CA","2022-05-12","2022-05-12221320057981",1033974
260079193,"ASST_NON_CA1317L9T132106_086","CA1317L9T132106","TURNING POINT OF CENTRAL CALIFORNIA INC","CA","2022-05-12","2022-05-12221320056049",302762
260037564,"ASST_NON_CA0336L9D002114_086","CA0336L9D002114","HOUSING AUTHORITY OF THE CITY OF LOS ANGELES","CA","2022-05-12","2022-05-12221320058670",1891210
260085367,"ASST_NON_CA1595L9D002105_086","CA1595L9D002105","HOUSING AUTHORITY OF THE CITY OF LOS ANGELES","CA","2022-05-12","2022-05-12221320057958",716501
260036999,"ASST_NON_CA0324L9D002109_086","CA0324L9D002109","HOUSING AUTHORITY OF THE CITY OF LOS ANGELES","CA","2022-05-12","2022-05-12221320057746",2077158
260078299,"ASST_NON_CA1271L9D122108_086","CA1271L9D122108","CITY OF GLENDALE","CA","2022-05-12","2022-05-12221320058050",248997
260082850,"ASST_NON_CA1455L9D122106_086","CA1455L9D122106","CITY OF GLENDALE","CA","2022-05-12","2022-05-12221320057969",620951
260085358,"ASST_NON_CA1594L9D002105_086","CA1594L9D002105","HOUSING AUTHORITY OF THE CITY OF LOS ANGELES","CA","2022-05-12","2022-05-12221320057916",415757
260068965,"ASST_NON_CA1049L9D002111_086","CA1049L9D002111","HOUSING AUTHORITY OF THE CITY OF LOS ANGELES","CA","2022-05-12","2022-05-12221320058837",648793
260039660,"ASST_NON_CA0392L9D002114_086","CA0392L9D002114","HOUSING AUTHORITY OF THE CITY OF LOS ANGELES","CA","2022-05-12","2022-05-12221320058617",175901
260076340,"ASST_NON_CA1224L9D002109_086","CA1224L9D002109","HOUSING AUTHORITY OF THE CITY OF LOS ANGELES","CA","2022-05-12","2022-05-12221320058770",218700
260067615,"ASST_NON_CA0995L9D002106_086","CA0995L9D002106","HOUSING AUTHORITY OF THE CITY OF LOS ANGELES","CA","2022-05-12","2022-05-12221320057859",985510
260043599,"ASST_NON_CA0519L9D002114_086","CA0519L9D002114","HOUSING AUTHORITY OF THE CITY OF LOS ANGELES","CA","2022-05-12","2022-05-12221320058499",811066
260078345,"ASST_NON_CA1276L9T052107_086","CA1276L9T052107","HOUSING AUTHORITY OF CONTRA COSTA COUNTY","CA","2022-05-12","2022-05-12221320056061",159920
260077217,"ASST_NON_CA1255L9T142107_086","CA1255L9T142107","TURNING POINT OF CENTRAL CALIFORNIA INC","CA","2022-05-12","2022-05-12221320056123",205042
260077206,"ASST_NON_CA1253L9D012108_086","CA1253L9D012108","INTERFAITH COMMUNITY SERVICES, INC","CA","2022-05-12","2022-05-12221320058030",286440
260067634,"ASST_NON_CA0997L9D002106_086","CA0997L9D002106","HOUSING AUTHORITY OF THE CITY OF LOS ANGELES","CA","2022-05-12","2022-05-12221320057867",371230
260039699,"ASST_NON_CA0395L9D002114_086","CA0395L9D002114","HOUSING AUTHORITY OF THE CITY OF LOS ANGELES","CA","2022-05-12","2022-05-12221320058625",1851854
260060270,"ASST_NON_CA0799L9D002113_086","CA0799L9D002113","HOUSING AUTHORITY OF THE CITY OF LOS ANGELES","CA","2022-05-12","2022-05-12221320058478",594799
260117098,"ASST_NON_CA1888L9D022102_086","CA1888L9D022102","MERCY HOUSE LIVING CENTERS","CA","2022-05-12","2022-05-12221320058160",295784
260042369,"ASST_NON_CA0460L9D002114_086","CA0460L9D002114","THE PEOPLE CONCERN","CA","2022-05-12","2022-05-12221320058529",108838
260056014,"ASST_NON_CA0724L9D122114_086","CA0724L9D122114","CITY OF GLENDALE","CA","2022-05-12","2022-05-12221320058360",876012
260064448,"ASST_NON_CA0916L9D002112_086","CA0916L9D002112","HOUSING AUTHORITY OF THE CITY OF LOS ANGELES","CA","2022-05-12","2022-05-12221320057789",751599
260080378,"ASST_NON_CA1340L9D002107_086","CA1340L9D002107","HOUSING AUTHORITY OF THE CITY OF LOS ANGELES","CA","2022-05-12","2022-05-12221320058074",463418
260069556,"ASST_NON_CA1050L9D002111_086","CA1050L9D002111","HOUSING AUTHORITY OF THE CITY OF LOS ANGELES","CA","2022-05-12","2022-05-12221320058841",830327
260080389,"ASST_NON_CA1341L9D002107_086","CA1341L9D002107","HOUSING AUTHORITY OF THE CITY OF LOS ANGELES","CA","2022-05-12","2022-05-12221320058078",14050649
260064641,"ASST_NON_CA0923L9D002112_086","CA0923L9D002112","HOUSING AUTHORITY OF THE CITY OF LOS ANGELES","CA","2022-05-12","2022-05-12221320057817",466268
260078334,"ASST_NON_CA1275L9T052106_086","CA1275L9T052106","HOUSING AUTHORITY OF CONTRA COSTA COUNTY","CA","2022-05-12","2022-05-12221320056057",6830871
260056933,"ASST_NON_CA0733L9D122114_086","CA0733L9D122114","CITY OF GLENDALE","CA","2022-05-12","2022-05-12221320058306",423713
260037046,"ASST_NON_CA0329L9D002108_086","CA0329L9D002108","HOUSING AUTHORITY OF THE CITY OF LOS ANGELES","CA","2022-05-12","2022-05-12221320057758",892665
260064260,"ASST_NON_CA0892L9T052112_086","CA0892L9T052112","HOUSING AUTHORITY OF CONTRA COSTA COUNTY","CA","2022-05-12","2022-05-12221320056165",92628
260080367,"ASST_NON_CA1339L9D002107_086","CA1339L9D002107","HOUSING AUTHORITY OF THE CITY OF LOS ANGELES","CA","2022-05-12","2022-05-12221320058079",1086886
260080464,"ASST_NON_CA1351L9D022107_086","CA1351L9D022107","MERCY HOUSE LIVING CENTERS","CA","2022-05-12","2022-05-12221320058104",574790
260083343,"ASST_NON_CA1484L9T182106_086","CA1484L9T182106","COMMUNITY ACTION PARTNERSHIP OF SOLANO JPA","CA","2022-05-12","2022-05-12221320055923",219614
260095161,"ASST_NON_CA1689L9D002104_086","CA1689L9D002104","HOUSING AUTHORITY OF THE CITY OF LOS ANGELES","CA","2022-05-12","2022-05-12221320058267",1570709
260065945,"ASST_NON_CA0948L9D122112_086","CA0948L9D122112","CITY OF GLENDALE","CA","2022-05-12","2022-05-12221320057843",88382
260072831,"ASST_NON_CA1120L9D022109_086","CA1120L9D022109","MERCY HOUSE LIVING CENTERS","CA","2022-05-12","2022-05-12221320058783",539006
260044601,"ASST_NON_CA0539L9D012114_086","CA0539L9D012114","CATHOLIC CHARITIES, DIOCESE OF SAN DIEGO","CA","2022-05-12","2022-05-12221320058564",33277
260039643,"ASST_NON_CA0391L9D002114_086","CA0391L9D002114","HOUSING AUTHORITY OF THE CITY OF LOS ANGELES","CA","2022-05-12","2022-05-12221320058798",359055
260083377,"ASST_NON_CA1490L9D002106_086","CA1490L9D002106","HOUSING AUTHORITY OF THE CITY OF LOS ANGELES","CA","2022-05-12","2022-05-12221320057977",1400588
260040698,"ASST_NON_CA0420L9D002114_086","CA0420L9D002114","HOUSING AUTHORITY OF THE CITY OF LOS ANGELES","CA","2022-05-12","2022-05-12221320058579",288089
260080352,"ASST_NON_CA1337L9D002107_086","CA1337L9D002107","HOUSING AUTHORITY OF THE CITY OF LOS ANGELES","CA","2022-05-12","2022-05-12221320058062",2254588
260037037,"ASST_NON_CA0328L9D002108_086","CA0328L9D002108","HOUSING AUTHORITY OF THE CITY OF LOS ANGELES","CA","2022-05-12","2022-05-12221320057754",92540
260071910,"ASST_NON_CA1106L9D002106_086","CA1106L9D002106","HOUSING AUTHORITY OF THE CITY OF LOS ANGELES","CA","2022-05-12","2022-05-12221320058862",232022
260093089,"ASST_NON_CA1622L9D122105_086","CA1622L9D122105","CITY OF GLENDALE","CA","2022-05-12","2022-05-12221320058231",115776
260042417,"ASST_NON_CA0464L9D002114_086","CA0464L9D002114","HOUSING AUTHORITY OF THE CITY OF LOS ANGELES","CA","2022-05-12","2022-05-12221320058537",3010590
260042527,"ASST_NON_CA0474L9D002114_086","CA0474L9D002114","HOUSING AUTHORITY OF THE CITY OF LOS ANGELES","CA","2022-05-12","2022-05-12221320058553",1187065
260079689,"ASST_NON_CA1320L9T142107_086","CA1320L9T142107","TURNING POINT OF CENTRAL CALIFORNIA INC","CA","2022-05-12","2022-05-12221320056078",970860
260059584,"ASST_NON_CA0773L9T142113_086","CA0773L9T142113","TURNING POINT OF CENTRAL CALIFORNIA INC","CA","2022-05-12","2022-05-12221320056382",493112
260061646,"ASST_NON_CA0841L9T142110_086","CA0841L9T142110","TURNING POINT OF CENTRAL CALIFORNIA INC","CA","2022-05-12","2022-05-12221320056351",754607
260072292,"ASST_NON_CA1112L9D002106_086","CA1112L9D002106","HOUSING AUTHORITY OF THE CITY OF LOS ANGELES","CA","2022-05-12","2022-05-12221320058874",379856
260081821,"ASST_NON_CA1438L9D012106_086","CA1438L9D012106","CATHOLIC CHARITIES, DIOCESE OF SAN DIEGO","CA","2022-05-12","2022-05-12221320057895",151003
260083215,"ASST_NON_CA1479L9T132106_086","CA1479L9T132106","CENTRAL CALIFORNIA FAMILY CRISIS CENTER, INC.","CA","2022-05-12","2022-05-12221320055891",178963
260062974,"ASST_NON_CA0862L9D002107_086","CA0862L9D002107","HOUSING AUTHORITY OF THE CITY OF LOS ANGELES","CA","2022-05-12","2022-05-12221320058280",1217439
260056137,"ASST_NON_CA0728L9D122114_086","CA0728L9D122114","CITY OF GLENDALE","CA","2022-05-12","2022-05-12221320058364",88577
260092745,"ASST_NON_CA1601L9D012105_086","CA1601L9D012105","INTERFAITH COMMUNITY SERVICES, INC","CA","2022-05-12","2022-05-12221320058008",567505
260035355,"ASST_NON_CA0303L9T192114_086","CA0303L9T192114","BUTTE, COUNTY OF","CA","2022-05-12","2022-05-12221320055237",144080
260037547,"ASST_NON_CA0335L9D002114_086","CA0335L9D002114","HOUSING AUTHORITY OF THE CITY OF LOS ANGELES","CA","2022-05-12","2022-05-12221320057766",177998
260042510,"ASST_NON_CA0473L9D002114_086","CA0473L9D002114","HOUSING AUTHORITY OF THE CITY OF LOS ANGELES","CA","2022-05-12","2022-05-12221320058549",2377944
260075879,"ASST_NON_CA1217L9D002109_086","CA1217L9D002109","HOUSING AUTHORITY OF THE CITY OF LOS ANGELES","CA","2022-05-12","2022-05-12221320058754",1710132
260041615,"ASST_NON_CA0445L9D002114_086","CA0445L9D002114","HOUSING AUTHORITY OF THE CITY OF LOS ANGELES","CA","2022-05-12","2022-05-12221320058657",354510
260083395,"ASST_NON_CA1492L9D002106_086","CA1492L9D002106","HOUSING AUTHORITY OF THE CITY OF LOS ANGELES","CA","2022-05-12","2022-05-12221320057985",1882426
260069570,"ASST_NON_CA1051L9D002111_086","CA1051L9D002111","HOUSING AUTHORITY OF THE CITY OF LOS ANGELES","CA","2022-05-12","2022-05-12221320058846",603837
260080475,"ASST_NON_CA1352L9D022107_086","CA1352L9D022107","MERCY HOUSE LIVING CENTERS","CA","2022-05-12","2022-05-12221320058108",3641354
260072279,"ASST_NON_CA1110L9D002106_086","CA1110L9D002106","HOUSING AUTHORITY OF THE CITY OF LOS ANGELES","CA","2022-05-12","2022-05-12221320058870",412887
260076317,"ASST_NON_CA1220L9D002109_086","CA1220L9D002109","HOUSING AUTHORITY OF THE CITY OF LOS ANGELES","CA","2022-05-12","2022-05-12221320058766",569972
260064463,"ASST_NON_CA0917L9D002112_086","CA0917L9D002112","HOUSING AUTHORITY OF THE CITY OF LOS ANGELES","CA","2022-05-12","2022-05-12221320057793",520985
260039677,"ASST_NON_CA0393L9D002114_086","CA0393L9D002114","HOUSING AUTHORITY OF THE CITY OF LOS ANGELES","CA","2022-05-12","2022-05-12221320058621",273548
260116805,"ASST_NON_CA1770D9T182103_086","CA1770D9T182103","COMMUNITY ACTION PARTNERSHIP OF SOLANO JPA","CA","2022-05-12","2022-05-12221320055693",84718
260065861,"ASST_NON_CA0944L9D012112_086","CA0944L9D012112","INTERFAITH COMMUNITY SERVICES, INC","CA","2022-05-12","2022-05-12221320057813",106313
260067624,"ASST_NON_CA0996L9D002107_086","CA0996L9D002107","HOUSING AUTHORITY OF THE CITY OF LOS ANGELES","CA","2022-05-12","2022-05-12221320057863",776098
260064334,"ASST_NON_CA0902L9T112112_086","CA0902L9T112112","SAN JOAQUIN COUNTY - HUMAN SERVICES AGENCY","CA","2022-05-12","2022-05-12221320056177",1059441
260058754,"ASST_NON_CA0763L9T112111_086","CA0763L9T112111","SAN JOAQUIN COUNTY - HUMAN SERVICES AGENCY","CA","2022-05-12","2022-05-12221320056370",193751
260032418,"ASST_NON_CA0252L9T112113_086","CA0252L9T112113","SAN JOAQUIN COUNTY - HUMAN SERVICES AGENCY","CA","2022-05-12","2022-05-12221320055339",482869
260061583,"ASST_NON_CA0835L9T112107_086","CA0835L9T112107","SAN JOAQUIN COUNTY - HUMAN SERVICES AGENCY","CA","2022-05-12","2022-05-12221320056343",336496
260031689,"ASST_NON_CA0248L9T112112_086","CA0248L9T112112","SAN JOAQUIN COUNTY - HUMAN SERVICES AGENCY","CA","2022-05-12","2022-05-12221320055327",98540
260032435,"ASST_NON_CA0253L9T112114_086","CA0253L9T112114","SAN JOAQUIN COUNTY - HUMAN SERVICES AGENCY","CA","2022-05-12","2022-05-12221320055372",3151787
260032383,"ASST_NON_CA0250L9T112113_086","CA0250L9T112113","SAN JOAQUIN COUNTY - HUMAN SERVICES AGENCY","CA","2022-05-12","2022-05-12221320055331",376190
260032398,"ASST_NON_CA0251L9T112112_086","CA0251L9T112112","SAN JOAQUIN COUNTY - HUMAN SERVICES AGENCY","CA","2022-05-12","2022-05-12221320055335",182734
260095186,"ASST_NON_CA1693L9D012104_086","CA1693L9D012104","INTERFAITH COMMUNITY SERVICES, INC","CA","2022-05-12","2022-05-12221320058123",225856
260040170,"ASST_NON_CA0407L9D002114_086","CA0407L9D002114","HOUSING AUTHORITY OF THE CITY OF LOS ANGELES","CA","2022-05-12","2022-05-12221320058637",203940
260043582,"ASST_NON_CA0518L9D002114_086","CA0518L9D002114","UPWARD BOUND HOUSE","CA","2022-05-12","2022-05-12221320058495",286785
260064618,"ASST_NON_CA0920L9D002112_086","CA0920L9D002112","HOUSING AUTHORITY OF THE CITY OF LOS ANGELES","CA","2022-05-12","2022-05-12221320057797",3292497
260084005,"ASST_NON_CA1500L9D002106_086","CA1500L9D002106","HOUSING AUTHORITY OF THE CITY OF LOS ANGELES","CA","2022-05-12","2022-05-12221320058017",239864
260040909,"ASST_NON_CA0438L9D002114_086","CA0438L9D002114","HOUSING AUTHORITY OF THE CITY OF LOS ANGELES","CA","2022-05-12","2022-05-12221320058599",388172
260048689,"ASST_NON_CA0613L9D112114_086","CA0613L9D112114","MANY MANSIONS, A CALIFORNIA NONPROFIT CORPORATION","CA","2022-05-12","2022-05-12221320058369",182423
260020942,"ASST_NON_CA0085L9T022114_086","CA0085L9T022114","ALAMEDA COUNTY HOUSING & COMMUNITY DEVELOPMENT","CA","2022-05-12","2022-05-12221320054866",7234650
260084633,"ASST_NON_CA1520L9D112106_086","CA1520L9D112106","TURNING POINT FOUNDATION","CA","2022-05-12","2022-05-12221320057912",162760
260022990,"ASST_NON_CA0119L9T022114_086","CA0119L9T022114","ALAMEDA COUNTY HOUSING & COMMUNITY DEVELOPMENT","CA","2022-05-12","2022-05-12221320055210",411055
260020925,"ASST_NON_CA0084L9T022114_086","CA0084L9T022114","ALAMEDA COUNTY HOUSING & COMMUNITY DEVELOPMENT","CA","2022-05-12","2022-05-12221320054862",1375520
260055990,"ASST_NON_CA0721L9D112114_086","CA0721L9D112114","TURNING POINT FOUNDATION","CA","2022-05-12","2022-05-12221320058349",44635
260021838,"ASST_NON_CA0094L9T022114_086","CA0094L9T022114","ALAMEDA COUNTY HOUSING & COMMUNITY DEVELOPMENT","CA","2022-05-12","2022-05-12221320054878",81320
260078434,"ASST_NON_CA1283L9T122105_086","CA1283L9T122105","HOUSING AUTHORITY OF COUNTY OF SAN M","CA","2022-05-12","2022-05-12221320056073",315577
260030856,"ASST_NON_CA0234L9T082114_086","CA0234L9T082114","HOUSING AUTHORITY OF THE COUNTY OF SANTA CRUZ","CA","2022-05-12","2022-05-12221320055433",1342434
260048667,"ASST_NON_CA0611L9D112114_086","CA0611L9D112114","MANY MANSIONS, A CALIFORNIA NONPROFIT CORPORATION","CA","2022-05-12","2022-05-12221320058522",138080
260083188,"ASST_NON_CA1473L9T072106_086","CA1473L9T072106","HOMEWARD BOUND OF MARIN","CA","2022-05-12","2022-05-12221320055877",504227
260063586,"ASST_NON_CA0878L9D092107_086","CA0878L9D092107","HOUSING AUTHORITY OF THE COUNTY OF SAN BERNARDINO","CA","2022-05-12","2022-05-12221320057769",228918
260023858,"ASST_NON_CA0125L9T022114_086","CA0125L9T022114","ALAMEDA COUNTY HOUSING & COMMUNITY DEVELOPMENT","CA","2022-05-12","2022-05-12221320055222",42973
260085332,"ASST_NON_CA1587L9T262105_086","CA1587L9T262105","AMADOR TUOLUMNE COMMUNITY ACTION AGENCY","CA","2022-05-12","2022-05-12221320055747",50000
260085341,"ASST_NON_CA1588L9T262105_086","CA1588L9T262105","AMADOR TUOLUMNE COMMUNITY ACTION AGENCY","CA","2022-05-12","2022-05-12221320055751",66704
260072923,"ASST_NON_CA1138L9D092106_086","CA1138L9D092106","HOUSING AUTHORITY OF THE COUNTY OF SAN BERNARDINO","CA","2022-05-12","2022-05-12221320058890",3633423
260080317,"ASST_NON_CA1332L9T262106_086","CA1332L9T262106","AMADOR TUOLUMNE COMMUNITY ACTION AGENCY","CA","2022-05-12","2022-05-12221320055952",39627
260067783,"ASST_NON_CA1018L9D092106_086","CA1018L9D092106","HOUSING AUTHORITY OF THE COUNTY OF SAN BERNARDINO","CA","2022-05-12","2022-05-12221320058817",186134
260067565,"ASST_NON_CA0989L9T262109_086","CA0989L9T262109","AMADOR TUOLUMNE COMMUNITY ACTION AGENCY","CA","2022-05-12","2022-05-12221320056296",22080
260079141,"ASST_NON_CA1307L9T072107_086","CA1307L9T072107","HOMEWARD BOUND OF MARIN","CA","2022-05-12","2022-05-12221320056026",769848
260022262,"ASST_NON_CA0101L9T022114_086","CA0101L9T022114","ALAMEDA COUNTY HOUSING & COMMUNITY DEVELOPMENT","CA","2022-05-12","2022-05-12221320054882",391907
260020908,"ASST_NON_CA0083L9T022114_086","CA0083L9T022114","ALAMEDA COUNTY HOUSING & COMMUNITY DEVELOPMENT","CA","2022-05-12","2022-05-12221320054858",479164
260073541,"ASST_NON_CA1151L9T022110_086","CA1151L9T022110","ALAMEDA COUNTY HOUSING & COMMUNITY DEVELOPMENT","CA","2022-05-12","2022-05-12221320056223",3342116
260063600,"ASST_NON_CA0879L9D092110_086","CA0879L9D092110","NEW HOPE VILLAGE, INC.","CA","2022-05-12","2022-05-12221320057773",45843
260084736,"ASST_NON_CA1539L9T022105_086","CA1539L9T022105","ALAMEDA COUNTY HOUSING & COMMUNITY DEVELOPMENT","CA","2022-05-12","2022-05-12221320055906",1038171
260058770,"ASST_NON_CA0764L9T122113_086","CA0764L9T122113","HOUSING AUTHORITY OF COUNTY OF SAN M","CA","2022-05-12","2022-05-12221320056374",289279
260022279,"ASST_NON_CA0102L9T022114_086","CA0102L9T022114","ALAMEDA COUNTY HOUSING & COMMUNITY DEVELOPMENT","CA","2022-05-12","2022-05-12221320054886",312153
260046274,"ASST_NON_CA0575L9D022114_086","CA0575L9D022114","PEOPLE FOR IRVINE COMMUNITY HEALTH","CA","2022-05-12","2022-05-12221320058446",650575
260083035,"ASST_NON_CA1468L9T022106_086","CA1468L9T022106","ALAMEDA COUNTY HOUSING & COMMUNITY DEVELOPMENT","CA","2022-05-12","2022-05-12221320055996",977636
260022954,"ASST_NON_CA0118L9T022114_086","CA0118L9T022114","ALAMEDA COUNTY HOUSING & COMMUNITY DEVELOPMENT","CA","2022-05-12","2022-05-12221320055206",1405314
260038577,"ASST_NON_CA0357L9D002114_086","CA0357L9D002114","APLA HEALTH & WELLNESS","CA","2022-05-12","2022-05-12221320058667",446653
260076624,"ASST_NON_CA1239L9D112108_086","CA1239L9D112108","TURNING POINT FOUNDATION","CA","2022-05-12","2022-05-12221320058026",38216
260063571,"ASST_NON_CA0876L9D092107_086","CA0876L9D092107","HOUSING AUTHORITY OF THE COUNTY OF SAN BERNARDINO","CA","2022-05-12","2022-05-12221320058296",443004
260020969,"ASST_NON_CA0087L9T022114_086","CA0087L9T022114","ALAMEDA COUNTY HOUSING & COMMUNITY DEVELOPMENT","CA","2022-05-12","2022-05-12221320054870",1111092
260048710,"ASST_NON_CA0615L9D112114_086","CA0615L9D112114","TURNING POINT FOUNDATION","CA","2022-05-12","2022-05-12221320058373",168977
260029525,"ASST_NON_CA0218L9T072114_086","CA0218L9T072114","HOMEWARD BOUND OF MARIN","CA","2022-05-12","2022-05-12221320055409",462573
260079099,"ASST_NON_CA1298L9T022107_086","CA1298L9T022107","ALAMEDA COUNTY HOUSING & COMMUNITY DEVELOPMENT","CA","2022-05-12","2022-05-12221320056014",722928
260066904,"ASST_NON_CA0968L9T122106_086","CA0968L9T122106","HOUSING AUTHORITY OF COUNTY OF SAN M","CA","2022-05-12","2022-05-12221320056306",10554130
260048792,"ASST_NON_CA0619L9D112114_086","CA0619L9D112114","TURNING POINT FOUNDATION","CA","2022-05-12","2022-05-12221320058377",35679
260057728,"ASST_NON_CA0747L9T022113_086","CA0747L9T022113","ALAMEDA COUNTY HOUSING & COMMUNITY DEVELOPMENT","CA","2022-05-12","2022-05-12221320055271",670164
260038560,"ASST_NON_CA0356L9D002113_086","CA0356L9D002113","APLA HEALTH & WELLNESS","CA","2022-05-12","2022-05-12221320058712",413073
260068337,"ASST_NON_CA1032L9T001909_086","CA1032L9T001909","BILL WILSON CENTER","CA","2022-05-24","2022-05-24221440041857",-107356
260057713,"ASST_NON_CA0746L9T001911_086","CA0746L9T001911","SANTA CLARA, COUNTY OF","CA","2022-05-24","2022-05-24221440041845",-208588
260020937,"ASST_NON_CA0085L9T021609_086","CA0085L9T021609","ALAMEDA COUNTY HOUSING & COMMUNITY DEVELOPMENT","CA","2022-05-24","2022-05-24221440041684",-1264487.51
260020923,"ASST_NON_CA0084L9T021912_086","CA0084L9T021912","ALAMEDA COUNTY HOUSING & COMMUNITY DEVELOPMENT","CA","2022-05-24","2022-05-24221440041851",-1.34
260078306,"ASST_NON_CA1272L9T021703_086","CA1272L9T021703","ALAMEDA COUNTY HOUSING & COMMUNITY DEVELOPMENT","CA","2022-05-24","2022-05-24221440041751",-29004.43
260057723,"ASST_NON_CA0747L9T021608_086","CA0747L9T021608","ALAMEDA COUNTY HOUSING & COMMUNITY DEVELOPMENT","CA","2022-05-24","2022-05-24221440041690",-346492.53
260081051,"ASST_NON_CA1379L9T001904_086","CA1379L9T001904","BILL WILSON CENTER","CA","2022-05-25","2022-05-25221450034458",-306683
260093247,"ASST_NON_CA1639L9T001902_086","CA1639L9T001902","BILL WILSON CENTER","CA","2022-05-25","2022-05-25221450034446",-82091
260117123,"ASST_NON_CA1907L9T001900_086","CA1907L9T001900","SANTA CLARA, COUNTY OF","CA","2022-05-25","2022-05-25221450034902",-132777
260117125,"ASST_NON_CA1909L9T001900_086","CA1909L9T001900","SANTA CLARA, COUNTY OF","CA","2022-05-25","2022-05-25221450034908",-420692
260116662,"ASST_NON_CA1728D9T001901_086","CA1728D9T001901","SANTA CLARA, COUNTY OF","CA","2022-05-25","2022-05-25221450034452",-495800
260117131,"ASST_NON_CA1910L9T001900_086","CA1910L9T001900","SANTA CLARA, COUNTY OF","CA","2022-05-25","2022-05-25221450034914",-645387
260084661,"ASST_NON_CA1527L9T001903_086","CA1527L9T001903","SANTA CLARA, COUNTY OF","CA","2022-05-25","2022-05-25221450034440",-6417
260117137,"ASST_NON_CA1911D9T001900_086","CA1911D9T001900","SANTA CLARA, COUNTY OF","CA","2022-05-25","2022-05-25221450034672",-855027
260066812,"ASST_NON_CA0962L9T101904_086","CA0962L9T101904","COMMUNITY IMPACT CENTRAL VALLEY","CA","2022-05-26","2022-05-26221460058582",-29071.41
260061570,"ASST_NON_CA0833L9T101907_086","CA0833L9T101907","COMMUNITY HOUSING AND SHELTER SERVICES OF STANISLAUS COUNTY","CA","2022-05-26","2022-05-26221460058576",-58723.25
260085231,"ASST_NON_CA1561L9T101903_086","CA1561L9T101903","COMMUNITY HOUSING AND SHELTER SERVICES OF STANISLAUS COUNTY","CA","2022-05-26","2022-05-26221460058594",-21437.91
260085222,"ASST_NON_CA1560L9T101903_086","CA1560L9T101903","COMMUNITY HOUSING AND SHELTER SERVICES OF STANISLAUS COUNTY","CA","2022-05-26","2022-05-26221460058588",-16105.39
260025611,"ASST_NON_CA0193L9T051508_086","CA0193L9T051508","SHELTER, INC.","CA","2022-06-03","2022-06-03221540044483",-114235
260018368,"ASST_NON_CA0053L9T011507_086","CA0053L9T011507","CITY & COUNTY OF SAN FRANCISCO","CA","2022-06-03","2022-06-03221540044640",-165781.83
260077146,"ASST_NON_CA1243L9T011501_086","CA1243L9T011501","CITY & COUNTY OF SAN FRANCISCO","CA","2022-06-03","2022-06-03221540044466",-132649.01
260072982,"ASST_NON_CA1147L9T011504_086","CA1147L9T011504","CITY & COUNTY OF SAN FRANCISCO","CA","2022-06-03","2022-06-03221540044603",-114316.05
260060994,"ASST_NON_CA0826L9T011501_086","CA0826L9T011501","CITY & COUNTY OF SAN FRANCISCO","CA","2022-06-03","2022-06-03221540044579",-137471.87
260016848,"ASST_NON_CA0041L9T011508_086","CA0041L9T011508","CITY & COUNTY OF SAN FRANCISCO","CA","2022-06-03","2022-06-03221540044634",-110980.98
260075854,"ASST_NON_CA1213L9T011503_086","CA1213L9T011503","CITY & COUNTY OF SAN FRANCISCO","CA","2022-06-03","2022-06-03221540044460",-98599.16
260018614,"ASST_NON_CA0063L9T011508_086","CA0063L9T011508","CITY & COUNTY OF SAN FRANCISCO","CA","2022-06-03","2022-06-03221540044524",-73033.43
260019697,"ASST_NON_CA0076L9T011508_086","CA0076L9T011508","CITY & COUNTY OF SAN FRANCISCO","CA","2022-06-03","2022-06-03221540044536",-411237.51
260020863,"ASST_NON_CA0080L9T011508_086","CA0080L9T011508","CITY & COUNTY OF SAN FRANCISCO","CA","2022-06-03","2022-06-03221540044542",-472800.09
260060962,"ASST_NON_CA0821L9T011506_086","CA0821L9T011506","CITY & COUNTY OF SAN FRANCISCO","CA","2022-06-03","2022-06-03221540044573",-118478.97
260077167,"ASST_NON_CA1246L9T011507_086","CA1246L9T011507","CITY & COUNTY OF SAN FRANCISCO","CA","2022-06-03","2022-06-03221540044472",-233109.82
260015652,"ASST_NON_CA0039L9T011508_086","CA0039L9T011508","CITY & COUNTY OF SAN FRANCISCO","CA","2022-06-03","2022-06-03221540044628",-289902.45
260073037,"ASST_NON_CA1148L9T011504_086","CA1148L9T011504","CITY & COUNTY OF SAN FRANCISCO","CA","2022-06-03","2022-06-03221540044454",-55882.31
260015526,"ASST_NON_CA0033L9T011502_086","CA0033L9T011502","CITY & COUNTY OF SAN FRANCISCO","CA","2022-06-03","2022-06-03221540044622",-83961.97
260018644,"ASST_NON_CA0066L9T011507_086","CA0066L9T011507","CITY & COUNTY OF SAN FRANCISCO","CA","2022-06-03","2022-06-03221540044530",-163382.67
260078319,"ASST_NON_CA1274L9T001501_086","CA1274L9T001501","SANTA CLARA COUNTY HOUSING AUTHORITY","CA","2022-06-03","2022-06-03221540044478",-31130.05
260014209,"ASST_NON_CA0021L9T001508_086","CA0021L9T001508","SANTA CLARA COUNTY HOUSING AUTHORITY","CA","2022-06-03","2022-06-03221540044616",-150268.15
260034513,"ASST_NON_CA0281L9T141508_086","CA0281L9T141508","HOUSING AUTHORITY OF THE CITY OF FRESNO","CA","2022-06-03","2022-06-03221540044519",-433930
260033475,"ASST_NON_CA0277L9T141502_086","CA0277L9T141502","HOUSING AUTHORITY OF THE CITY OF FRESNO","CA","2022-06-03","2022-06-03221540044513",-138530
260071026,"ASST_NON_CA1088L9T131502_086","CA1088L9T131502","COMMUNITY SERVICES AND EMPLOYMENT TRAINING, INCORPORATED","CA","2022-06-03","2022-06-03221540044597",-88335.87
260070907,"ASST_NON_CA1080L9T101502_086","CA1080L9T101502","STANISLAUS REGIONAL HOUSING AUTHORITY","CA","2022-06-03","2022-06-03221540044591",-82345.46
260031606,"ASST_NON_CA0246L9T101508_086","CA0246L9T101508","STANISLAUS REGIONAL HOUSING AUTHORITY","CA","2022-06-03","2022-06-03221540044501",-368482.24
260061640,"ASST_NON_CA0841L9T141504_086","CA0841L9T141504","TURNING POINT OF CENTRAL CALIFORNIA INC","CA","2022-06-03","2022-06-03221540044585",-70650
260032377,"ASST_NON_CA0250L9T111507_086","CA0250L9T111507","SAN JOAQUIN COUNTY - HUMAN SERVICES AGENCY","CA","2022-06-03","2022-06-03221540044507",-57130
260058740,"ASST_NON_CA0762L9T111506_086","CA0762L9T111506","SAN JOAQUIN COUNTY - HUMAN SERVICES AGENCY","CA","2022-06-03","2022-06-03221540044567",-53256
260022948,"ASST_NON_CA0118L9T021508_086","CA0118L9T021508","ALAMEDA COUNTY HOUSING & COMMUNITY DEVELOPMENT","CA","2022-06-03","2022-06-03221540044560",-161888.44
260029239,"ASST_NON_CA0205L9T061508_086","CA0205L9T061508","COMMUNITY HOMELESS SOLUTIONS","CA","2022-06-03","2022-06-03221540044495",-71389
260029210,"ASST_NON_CA0202L9T061508_086","CA0202L9T061508","COMMUNITY HOMELESS SOLUTIONS","CA","2022-06-03","2022-06-03221540044489",-195744
260020936,"ASST_NON_CA0085L9T021508_086","CA0085L9T021508","ALAMEDA COUNTY HOUSING & COMMUNITY DEVELOPMENT","CA","2022-06-03","2022-06-03221540044554",-134775.42
260020919,"ASST_NON_CA0084L9T021508_086","CA0084L9T021508","ALAMEDA COUNTY HOUSING & COMMUNITY DEVELOPMENT","CA","2022-06-03","2022-06-03221540044548",-353539.56
260066838,"ASST_NON_CA0965L9T101906_086","CA0965L9T101906","STANISLAUS COUNTY AFFORDABLE HOUSING CORP","CA","2022-06-08","2022-06-08221590035756",-14154.95
260068375,"ASST_NON_CA1037L9T101909_086","CA1037L9T101909","STANISLAUS COUNTY AFFORDABLE HOUSING CORP","CA","2022-06-08","2022-06-08221590035762",-11507.63
260012384,"ASST_NON_CA0019L9T002013_086","CA0019L9T002013","COMMUNITY WORKING GROUP, INC.","CA","2022-06-08","2022-06-08221590035901",-3295
260093317,"ASST_NON_CA1660L9T101902_086","CA1660L9T101902","COMMUNITY IMPACT CENTRAL VALLEY","CA","2022-06-08","2022-06-08221590035768",-21743.74
260031540,"ASST_NON_CA0240L9T101908_086","CA0240L9T101908","COMMUNITY IMPACT CENTRAL VALLEY","CA","2022-06-08","2022-06-08221590035729",-24681.93
260058330,"ASST_NON_CA0758L9T101909_086","CA0758L9T101909","COMMUNITY IMPACT CENTRAL VALLEY","CA","2022-06-08","2022-06-08221590035741",-88873.88
260066822,"ASST_NON_CA0963L9T101904_086","CA0963L9T101904","COMMUNITY IMPACT CENTRAL VALLEY","CA","2022-06-08","2022-06-08221590035750",-46960.38
260064295,"ASST_NON_CA0896L9T101910_086","CA0896L9T101910","COMMUNITY IMPACT CENTRAL VALLEY","CA","2022-06-08","2022-06-08221590035747",-24300.94
260031561,"ASST_NON_CA0242L9T101910_086","CA0242L9T101910","COMMUNITY IMPACT CENTRAL VALLEY","CA","2022-06-08","2022-06-08221590035735",-49031.72
260064321,"ASST_NON_CA0900L9T101708_086","CA0900L9T101708","TURNING POINT COMMUNITY PROGRAMS","CA","2022-06-08","2022-06-08221590035571",-10528.1
260077137,"ASST_NON_CA1240L9D112108_086","CA1240L9D112108","COUNTY OF VENTURA","CA","2022-06-14","2022-06-14221650033405",81829
260084643,"ASST_NON_CA1521L9D112106_086","CA1521L9D112106","COUNTY OF VENTURA","CA","2022-06-14","2022-06-14221650033410",402631
260067760,"ASST_NON_CA1012L9D042110_086","CA1012L9D042110","FLOOD BAKERSFIELD MINISTRIES, INC","CA","2022-06-15","2022-06-15221660033404",94263
260081019,"ASST_NON_CA1371L9D092107_086","CA1371L9D092107","KNOWLEDGE, EDUCATION FOR YOUR SUCCESS, INC.","CA","2022-06-30","2022-06-30221810052688",281281
260092977,"ASST_NON_CA1617L9D092105_086","CA1617L9D092105","KNOWLEDGE, EDUCATION FOR YOUR SUCCESS, INC.","CA","2022-06-30","2022-06-30221810052692",341736
260117205,"ASST_NON_CA1968D9T012100_086","CA1968D9T012100","CITY & COUNTY OF SAN FRANCISCO","CA","2022-07-01","2022-07-01221820024726",2309776
260117465,"ASST_NON_CA2022D9T292100_086","CA2022D9T292100","SUNRISE SPECIAL SERVICES FOUNDATION","CA","2022-07-01","2022-07-01221820024723",48608
260092986,"ASST_NON_CA1618L9D112105_086","CA1618L9D112105","COUNTY OF VENTURA","CA","2022-07-08","2022-07-08221890031816",450363
260070913,"ASST_NON_CA1080L9T102111_086","CA1080L9T102111","COMMUNITY SERVICES AGENCY","CA","2022-07-12","2022-07-12221930031026",173533
260117518,"ASST_NON_CA2041D9D042100_086","CA2041D9D042100","THE OPEN DOOR NETWORK","CA","2022-07-12","2022-07-12221930032086",490725
260116757,"ASST_NON_CA1757D9T122103_086","CA1757D9T122103","CORA COMMUNITY OVERCOMING RELATIONSHIP ABUSE","CA","2022-07-12","2022-07-12221930030986",456510
260117199,"ASST_NON_CA1965L9T002100_086","CA1965L9T002100","SANTA CLARA, COUNTY OF","CA","2022-07-13","2022-07-13221940026650",924471
260084672,"ASST_NON_CA1528L9T002105_086","CA1528L9T002105","SANTA CLARA, COUNTY OF","CA","2022-07-13","2022-07-13221940026646",563221
260117261,"ASST_NON_CA1986L9T052100_086","CA1986L9T052100","COUNTY OF CONTRA COSTA","CA","2022-07-15","2022-07-15221960029348",475606
260117585,"ASST_NON_CA2056D9D092100_086","CA2056D9D092100","FAMILY ASSISTANCE PROGRAM","CA","2022-07-19","2022-07-19222000026804",2352206
260064348,"ASST_NON_CA0903L9T122011_086","CA0903L9T122011","LIFEMOVES","CA","2022-07-22","2022-07-22222030025227",-45630
260116756,"ASST_NON_CA1757D9T121901_086","CA1757D9T121901","CORA COMMUNITY OVERCOMING RELATIONSHIP ABUSE","CA","2022-07-22","2022-07-22222030024803",-2929.04
260032655,"ASST_NON_CA0265L9T121912_086","CA0265L9T121912","HOUSING AUTHORITY OF COUNTY OF SAN M","CA","2022-07-22","2022-07-22222030024797",-44194.53
260117508,"ASST_NON_CA2037L9D022100_086","CA2037L9D022100","ORANGE COUNTY HEALTH CARE AGENCY","CA","2022-07-25","2022-07-25222060026950",846952
260117507,"ASST_NON_CA2036L9D012100_086","CA2036L9D012100","REGIONAL TASK FORCE ON THE HOMELESS, INC","CA","2022-07-26","2022-07-26222070032706",839947
260117294,"ASST_NON_CA2002L9T142100_086","CA2002L9T142100","POVERELLO HOUSE","CA","2022-08-01","2022-08-01222130057776",619103
260021794,"ASST_NON_CA0091L9T022114_086","CA0091L9T022114","BONITA HOUSE, INC.","CA","2022-08-04","2022-08-04222160035448",41933
260116745,"ASST_NON_CA1750D9T072103_086","CA1750D9T072103","CENTER FOR DOMESTIC PEACE","CA","2022-08-05","2022-08-05222170028389",69621
260143899,"ASST_NON_CA9999U9D062108_086","CA9999U9D062108","CITY OF LONG BEACH","CA","2022-08-05","2022-08-05222170030420",10045189
260117292,"ASST_NON_CA2000L9T122100_086","CA2000L9T122100","SAN MATEO, COUNTY OF","CA","2022-08-05","2022-08-05222170028393",410553
260117298,"ASST_NON_CA2003L9T142100_086","CA2003L9T142100","POVERELLO HOUSE","CA","2022-08-15","2022-08-15222270023838",311886
260074062,"ASST_NON_CA1171L9T022106_086","CA1171L9T022106","ALAMEDA COUNTY BHCS","CA","2022-08-15","2022-08-15222270023842",184312
260081441,"ASST_NON_CA1400L9T091500_086","CA1400L9T091500","COUNTY OF MENDOCINO","CA","2022-08-16","2022-08-16222280042230",-64000
260076357,"ASST_NON_CA1229L9T181502_086","CA1229L9T181502","CHANGE AND NEW BEGINNINGS","CA","2022-08-16","2022-08-16222280042243",-2687
260082980,"ASST_NON_CA1461L9T011500_086","CA1461L9T011500","CITY & COUNTY OF SAN FRANCISCO","CA","2022-08-16","2022-08-16222280042350",-398143.54
260081172,"ASST_NON_CA1386L9T011500_086","CA1386L9T011500","CITY & COUNTY OF SAN FRANCISCO","CA","2022-08-16","2022-08-16222280042212",-157508.61
260018440,"ASST_NON_CA0059L9T011508_086","CA0059L9T011508","CITY & COUNTY OF SAN FRANCISCO","CA","2022-08-16","2022-08-16222280042282",-6862.01
260082974,"ASST_NON_CA1460L9T011500_086","CA1460L9T011500","CITY & COUNTY OF SAN FRANCISCO","CA","2022-08-16","2022-08-16222280042343",-441224.7
260082986,"ASST_NON_CA1462L9T011500_086","CA1462L9T011500","CITY & COUNTY OF SAN FRANCISCO","CA","2022-08-16","2022-08-16222280042356",-1561319.3
260018337,"ASST_NON_CA0051L9T011507_086","CA0051L9T011507","CITY & COUNTY OF SAN FRANCISCO","CA","2022-08-16","2022-08-16222280042276",-323905.5
260073637,"ASST_NON_CA1168L9T011503_086","CA1168L9T011503","CITY & COUNTY OF SAN FRANCISCO","CA","2022-08-16","2022-08-16222280042237",-77749.8
260063646,"ASST_NON_CA0889L9T011505_086","CA0889L9T011505","CITY & COUNTY OF SAN FRANCISCO","CA","2022-08-16","2022-08-16222280042409",-193178.33
260019666,"ASST_NON_CA0073L9T011508_086","CA0073L9T011508","CITY & COUNTY OF SAN FRANCISCO","CA","2022-08-16","2022-08-16222280042294",-718156.22
260081180,"ASST_NON_CA1387L9T011500_086","CA1387L9T011500","CITY & COUNTY OF SAN FRANCISCO","CA","2022-08-16","2022-08-16222280042218",-180510.14
260018759,"ASST_NON_CA0068L9T011508_086","CA0068L9T011508","CITY & COUNTY OF SAN FRANCISCO","CA","2022-08-16","2022-08-16222280042288",-24375.08
260082992,"ASST_NON_CA1463L9T011500_086","CA1463L9T011500","CITY & COUNTY OF SAN FRANCISCO","CA","2022-08-16","2022-08-16222280042362",-6815.25
260081186,"ASST_NON_CA1388L9T011500_086","CA1388L9T011500","CITY & COUNTY OF SAN FRANCISCO","CA","2022-08-16","2022-08-16222280042224",-88713.15
260079085,"ASST_NON_CA1296L9T011501_086","CA1296L9T011501","CITY & COUNTY OF SAN FRANCISCO","CA","2022-08-16","2022-08-16222280042261",-872902.14
260016861,"ASST_NON_CA0042L9T011508_086","CA0042L9T011508","CITY & COUNTY OF SAN FRANCISCO","CA","2022-08-16","2022-08-16222280042264",-441274.13
260078319,"ASST_NON_CA1274L9T001501_086","CA1274L9T001501","SANTA CLARA COUNTY HOUSING AUTHORITY","CA","2022-08-16","2022-08-16222280042255",-340583.3
260015491,"ASST_NON_CA0030L9T001508_086","CA0030L9T001508","WEST VALLEY COMMUNITY SERVICES OF SANTA CLARA COUNTY, INC.","CA","2022-08-16","2022-08-16222280042438",-84105
260057709,"ASST_NON_CA0746L9T001507_086","CA0746L9T001507","SANTA CLARA COUNTY HOUSING AUTHORITY","CA","2022-08-16","2022-08-16222280042397",-70251.3
260081468,"ASST_NON_CA1407L9T141500_086","CA1407L9T141500","HOUSING AUTHORITY OF THE CITY OF FRESNO","CA","2022-08-16","2022-08-16222280042319",-82891
260081474,"ASST_NON_CA1409L9T141500_086","CA1409L9T141500","FRESNO COUNTY ECONOMIC OPPORTUNITIES COMMISSION","CA","2022-08-16","2022-08-16222280042331",-127029.7
260081471,"ASST_NON_CA1408L9T141500_086","CA1408L9T141500","HOUSING AUTHORITY OF THE CITY OF FRESNO","CA","2022-08-16","2022-08-16222280042325",-303100
260081492,"ASST_NON_CA1412L9T141500_086","CA1412L9T141500","HOUSING AUTHORITY OF THE CITY OF FRESNO","CA","2022-08-16","2022-08-16222280042337",-73410
260083311,"ASST_NON_CA1481L9T141500_086","CA1481L9T141500","FRESNO COUNTY ECONOMIC OPPORTUNITIES COMMISSION","CA","2022-08-16","2022-08-16222280042386",-91803.36
260081466,"ASST_NON_CA1405L9T131500_086","CA1405L9T131500","COMMUNITY SERVICES AND EMPLOYMENT TRAINING, INCORPORATED","CA","2022-08-16","2022-08-16222280042313",-52314.92
260083207,"ASST_NON_CA1478L9T131500_086","CA1478L9T131500","COMMUNITY SERVICES AND EMPLOYMENT TRAINING, INCORPORATED","CA","2022-08-16","2022-08-16222280042374",-68870.25
260034585,"ASST_NON_CA0288L9T161508_086","CA0288L9T161508","NORTHERN VALLEY CATHOLIC SOCIAL SERVICE, INC.","CA","2022-08-16","2022-08-16222280042391",-64135.77
260016888,"ASST_NON_CA0045L9T011508_086","CA0045L9T011508","CITY & COUNTY OF SAN FRANCISCO","CA","2022-08-16","2022-08-16222280042270",-391322.81
260071816,"ASST_NON_CA1091L9T141502_086","CA1091L9T141502","WESTCARE CALIFORNIA, INC.","CA","2022-08-16","2022-08-16222280042427",-107441.68
260063605,"ASST_NON_CA0880L9D011501_086","CA0880L9D011501","COUNTY OF SAN DIEGO HOUSING AUTHORITY","CA","2022-08-16","2022-08-16222280046172",-54473
260081453,"ASST_NON_CA1403L9T131500_086","CA1403L9T131500","TURNING POINT OF CENTRAL CALIFORNIA INC","CA","2022-08-16","2022-08-16222280042307",-93992
260083209,"ASST_NON_CA1479L9T131500_086","CA1479L9T131500","CENTRAL CALIFORNIA FAMILY CRISIS CENTER, INC.","CA","2022-08-16","2022-08-16222280042380",-85416.64
260064328,"ASST_NON_CA0902L9T111506_086","CA0902L9T111506","SAN JOAQUIN COUNTY - HUMAN SERVICES AGENCY","CA","2022-08-16","2022-08-16222280042415",-74497
260032429,"ASST_NON_CA0253L9T111508_086","CA0253L9T111508","SAN JOAQUIN COUNTY - HUMAN SERVICES AGENCY","CA","2022-08-16","2022-08-16222280042300",-160138
260083029,"ASST_NON_CA1468L9T021500_086","CA1468L9T021500","ALAMEDA COUNTY HOUSING & COMMUNITY DEVELOPMENT","CA","2022-08-16","2022-08-16222280042368",-555246.19
260078304,"ASST_NON_CA1272L9T021501_086","CA1272L9T021501","ALAMEDA COUNTY HOUSING & COMMUNITY DEVELOPMENT","CA","2022-08-16","2022-08-16222280042249",-186155.1
260057722,"ASST_NON_CA0747L9T021507_086","CA0747L9T021507","ALAMEDA COUNTY HOUSING & COMMUNITY DEVELOPMENT","CA","2022-08-16","2022-08-16222280042403",-167650.65
260068347,"ASST_NON_CA1033L9T021505_086","CA1033L9T021505","ALAMEDA COUNTY HOUSING & COMMUNITY DEVELOPMENT","CA","2022-08-16","2022-08-16222280042421",-184336.13
260117257,"ASST_NON_CA1985L9T052100_086","CA1985L9T052100","CONTRA COSTA INTERFAITH TRANSITIONAL HOUSING, INC","CA","2022-08-17","2022-08-17222290027203",150220
260117253,"ASST_NON_CA1984D9T052100_086","CA1984D9T052100","CONTRA COSTA INTERFAITH TRANSITIONAL HOUSING, INC","CA","2022-08-17","2022-08-17222290027199",716332
260117302,"ASST_NON_CA2004L9T142100_086","CA2004L9T142100","VALLEY TEEN RANCH","CA","2022-08-19","2022-08-19222310033832",84144
260084833,"ASST_NON_CA1552L9T072105_086","CA1552L9T072105","COUNTY OF MARIN","CA","2022-08-23","2022-08-23222350057052",248493
260085238,"ASST_NON_CA1562L9T101701_086","CA1562L9T101701","WE CARE PROGRAM - TURLOCK","CA","2022-08-29","2022-08-29222410012846",-6423.56
260085240,"ASST_NON_CA1562L9T101903_086","CA1562L9T101903","WE CARE PROGRAM - TURLOCK","CA","2022-08-29","2022-08-29222410012874",-31481.5
260117638,"ASST_NON_CA2060L9D112100_086","CA2060L9D112100","COUNTY OF VENTURA","CA","2022-08-30","2022-08-30222420044974",129088
260117245,"ASST_NON_CA1981D9T032100_086","CA1981D9T032100","SHELTER, INC.","CA","2022-09-01","2022-09-01222440037348",716409
260117347,"ASST_NON_CA2009L9T182100_086","CA2009L9T182100","LUTHERAN SOCIAL SERVICES OF NORTHERN CALIFORNIA","CA","2022-09-01","2022-09-01222440037353",115026
260079150,"ASST_NON_CA1309L9T071804_086","CA1309L9T071804","RITTER CENTER","CA","2022-09-08","2022-09-08222510122136",-19128.5
260117290,"ASST_NON_CA1998L9T102100_086","CA1998L9T102100","COMMUNITY SERVICES AGENCY","CA","2022-09-08","2022-09-08222510122842",119895
260117293,"ASST_NON_CA2001L9T132100_086","CA2001L9T132100","KINGS/TULARE CONTINUUM OF CARE ON HOMELESSNESS, INC.","CA","2022-09-08","2022-09-08222510122846",80168
260085256,"ASST_NON_CA1566L9T132105_086","CA1566L9T132105","KINGS/TULARE CONTINUUM OF CARE ON HOMELESSNESS, INC.","CA","2022-09-08","2022-09-08222510122838",169590
260117509,"ASST_NON_CA2038D9D022100_086","CA2038D9D022100","HUMAN OPTIONS, INC","CA","2022-09-09","2022-09-09222520080536",1641376
260117366,"ASST_NON_CA2010L9T182100_086","CA2010L9T182100","COMMUNITY ACTION PARTNERSHIP OF SOLANO JPA","CA","2022-09-14","2022-09-14222570034476",43472
260030301,"ASST_NON_CA0223L9T071710_086","CA0223L9T071710","BUCKELEW PROGRAMS","CA","2022-09-19","2022-09-19222620162098",-116150.96
260030302,"ASST_NON_CA0223L9T071811_086","CA0223L9T071811","BUCKELEW PROGRAMS","CA","2022-09-19","2022-09-19222620162120",-113877.72
260030303,"ASST_NON_CA0223L9T071912_086","CA0223L9T071912","BUCKELEW PROGRAMS","CA","2022-09-19","2022-09-19222620162198",-105662.76
260117487,"ASST_NON_CA2031D9D012100_086","CA2031D9D012100","HOME START, INCORPORATED","CA","2022-09-20","2022-09-20222630042416",556717
260117214,"ASST_NON_CA1971D9T022100_086","CA1971D9T022100","RUBY'S PLACE","CA","2022-09-22","2022-09-22222650041722",1000328
260095169,"ASST_NON_CA1690L9D012104_086","CA1690L9D012104","CRISIS HOUSE","CA","2022-09-23","2022-09-23222660097568",450122
260117386,"ASST_NON_CA2011L9T192100_086","CA2011L9T192100","CATALYST DOMESTIC VIOLENCE SERVICES","CA","2022-09-27","2022-09-27222700136278",110843
260117248,"ASST_NON_CA1982L9T042100_086","CA1982L9T042100","SONOMA COUNTY COMMUNITY DEVELOPMENT COMMISSION","CA","2022-09-28","2022-09-28222710194566",119898
260117464,"ASST_NON_CA2021L9T292100_086","CA2021L9T292100","LAKE, COUNTY OF","CA","2022-09-28","2022-09-28222710194555",7272
260117291,"ASST_NON_CA1999L9T112100_086","CA1999L9T112100","SAN JOAQUIN COUNTY - HUMAN SERVICES AGENCY","CA","2022-09-28","2022-09-28222710194562",172305
260018596,"ASST_NON_CA0061L9T011912_086","CA0061L9T011912","COMMUNITY HOUSING PARTNERSHIP","CA","2022-09-29","2022-09-29222720146417",-5246.18
269026793,"ASST_NON_NV0109L9T011802_086","NV0109L9T011802","VOLUNTEERS OF AMERICA NORTHERN CALIFORNIA AND NORTHERN NEVADA, INC.","CA","2022-09-29","2022-09-29222720146319",-47168.81
269025394,"ASST_NON_NV0016L9T011811_086","NV0016L9T011811","VOLUNTEERS OF AMERICA NORTHERN CALIFORNIA AND NORTHERN NEVADA, INC.","CA","2022-09-29","2022-09-29222720146313",-159181.23
260066903,"ASST_NON_CA0968L9T122005_086","CA0968L9T122005","HOUSING AUTHORITY OF COUNTY OF SAN M","CA","2022-09-29","2022-09-29222720146664",-669156.6
260084822,"ASST_NON_CA1551L9T071903_086","CA1551L9T071903","HOUSING AUTHORITY OF THE COUNTY OF MARIN","CA","2022-10-19","2022-10-19222920034103",-9041.06
260030276,"ASST_NON_CA0221L9T071710_086","CA0221L9T071710","HOUSING AUTHORITY OF THE COUNTY OF MARIN","CA","2022-10-19","2022-10-19222920034030",-52033.59
260031608,"ASST_NON_CA0246L9T101710_086","CA0246L9T101710","STANISLAUS REGIONAL HOUSING AUTHORITY","CA","2022-10-19","2022-10-19222920034015",-282137.23
260031584,"ASST_NON_CA0244L9T101912_086","CA0244L9T101912","STANISLAUS REGIONAL HOUSING AUTHORITY","CA","2022-10-19","2022-10-19222920034114",-16484.7
260031609,"ASST_NON_CA0246L9T101811_086","CA0246L9T101811","STANISLAUS REGIONAL HOUSING AUTHORITY","CA","2022-10-19","2022-10-19222920034043",-444514.47
260031611,"ASST_NON_CA0246L9T102013_086","CA0246L9T102013","STANISLAUS REGIONAL HOUSING AUTHORITY","CA","2022-10-19","2022-10-19222920034217",-495283.65
260031582,"ASST_NON_CA0244L9T101710_086","CA0244L9T101710","STANISLAUS REGIONAL HOUSING AUTHORITY","CA","2022-10-19","2022-10-19222920034036",-48760.77
260031583,"ASST_NON_CA0244L9T101811_086","CA0244L9T101811","STANISLAUS REGIONAL HOUSING AUTHORITY","CA","2022-10-19","2022-10-19222920034048",-23114.48
260031607,"ASST_NON_CA0246L9T101609_086","CA0246L9T101609","STANISLAUS REGIONAL HOUSING AUTHORITY","CA","2022-10-19","2022-10-19222920033996",-280643.02
260031610,"ASST_NON_CA0246L9T101912_086","CA0246L9T101912","STANISLAUS REGIONAL HOUSING AUTHORITY","CA","2022-10-19","2022-10-19222920034097",-349416.76
260011864,"ASST_NON_CA0007L9T002012_086","CA0007L9T002012","SOUTH COUNTY COMMUNITY SERVICES","CA","2022-10-19","2022-10-19222920034224",-32395
260032396,"ASST_NON_CA0251L9T111910_086","CA0251L9T111910","SAN JOAQUIN COUNTY - HUMAN SERVICES AGENCY","CA","2022-10-19","2022-10-19222920034109",-41995
260079095,"ASST_NON_CA1298L9T021703_086","CA1298L9T021703","ALAMEDA COUNTY HOUSING & COMMUNITY DEVELOPMENT","CA","2022-10-19","2022-10-19222920034021",-11684.65
260117272,"ASST_NON_CA1990L9T062100_086","CA1990L9T062100","COALITION OF HOMELESS SERVICES PROVIDERS","CA","2022-10-20","2022-10-20222930076192",76638
260117204,"ASST_NON_CA1967L9T012100_086","CA1967L9T012100","CITY & COUNTY OF SAN FRANCISCO","CA","2022-10-20","2022-10-20222930076194",1250000
260117218,"ASST_NON_CA1972D9T022100_086","CA1972D9T022100","COUNTY OF ALAMEDA","CA","2022-10-20","2022-10-20222930076188",921563
260117624,"ASST_NON_CA2059D9D112100_086","CA2059D9D112100","COALITION FOR FAMILY HARMONY","CA","2022-10-26","2022-10-26222990044062",696622
260117532,"ASST_NON_CA2048L9D082100_086","CA2048L9D082100","COUNTY OF RIVERSIDE","CA","2022-10-28","2022-10-28223010052070",406804
260117200,"ASST_NON_CA1966L9T002100_086","CA1966L9T002100","SANTA CLARA, COUNTY OF","CA","2022-10-31","2022-10-31223040061576",888177
260117559,"ASST_NON_CA2054L9D082100_086","CA2054L9D082100","COUNTY OF RIVERSIDE","CA","2022-11-02","2022-11-02223060585259",135392
260117540,"ASST_NON_CA2051L9D082100_086","CA2051L9D082100","COUNTY OF RIVERSIDE","CA","2022-11-02","2022-11-02223060585247",433030
260117543,"ASST_NON_CA2052L9D082100_086","CA2052L9D082100","COUNTY OF RIVERSIDE","CA","2022-11-02","2022-11-02223060585251",208762
260117537,"ASST_NON_CA2050L9D082100_086","CA2050L9D082100","COUNTY OF RIVERSIDE","CA","2022-11-02","2022-11-02223060585242",64099
260117546,"ASST_NON_CA2053L9D082100_086","CA2053L9D082100","COUNTY OF RIVERSIDE","CA","2022-11-02","2022-11-02223060585255",830423
260117610,"ASST_NON_CA2058L9D112100_086","CA2058L9D112100","MANY MANSIONS, A CALIFORNIA NONPROFIT CORPORATION","CA","2022-11-02","2022-11-02223060585263",44592
260117503,"ASST_NON_CA2035L9D012100_086","CA2035L9D012100","HOPE THROUGH HOUSING FOUNDATION","CA","2022-11-02","2022-11-02223060585266",250000
260117524,"ASST_NON_CA2046D9D072100_086","CA2046D9D072100","CITY OF PASADENA","CA","2022-11-04","2022-11-04223080053718",270817
260117528,"ASST_NON_CA2047L9D072100_086","CA2047L9D072100","CITY OF PASADENA","CA","2022-11-04","2022-11-04223080053722",150000
260117444,"ASST_NON_CA2015L9T222100_086","CA2015L9T222100","DEPARTMENT OF HEALTH & HUMAN S","CA","2022-11-04","2022-11-04223080052276",28620
260117463,"ASST_NON_CA2020L9T272100_086","CA2020L9T272100","EMPOWER TEHAMA","CA","2022-11-08","2022-11-08223120046260",7734
260117533,"ASST_NON_CA2049L9D082100_086","CA2049L9D082100","COUNTY OF RIVERSIDE","CA","2022-11-15","2022-11-15223190063112",371258
260117289,"ASST_NON_CA1997L9T092100_086","CA1997L9T092100","COUNTY OF MENDOCINO","CA","2022-11-15","2022-11-15223190061192",54622
260117262,"ASST_NON_CA1987L9T062100_086","CA1987L9T062100","HOUSING RESOURCE CENTER OF MONTEREY COUNTY","CA","2022-11-15","2022-11-15223190061200",139311
260117264,"ASST_NON_CA1988D9T062100_086","CA1988D9T062100","COMMUNITY HOMELESS SOLUTIONS","CA","2022-11-15","2022-11-15223190061188",131168
260117572,"ASST_NON_CA2055D9D082100_086","CA2055D9D082100","COUNTY OF RIVERSIDE","CA","2022-11-16","2022-11-16223200042588",2084563
260034567,"ASST_NON_CA0286L9T152114_086","CA0286L9T152114","STAND UP PLACER, INC.","CA","2022-11-17","2022-11-17223210038056",114125
260117599,"ASST_NON_CA2057L9D092100_086","CA2057L9D092100","COUNTY OF SAN BERNARDINO","CA","2022-11-18","2022-11-18223220037212",447807
260117671,"ASST_NON_CA2063L9D142100_086","CA2063L9D142100","COUNTY OF SAN LUIS OBISPO","CA","2022-11-18","2022-11-18223220037208",42059
260117473,"ASST_NON_CA2027D9D002100_086","CA2027D9D002100","LOS ANGELES HOMELESS SERVICES AUTHORITY","CA","2022-11-18","2022-11-18223220037204",861319
260081167,"ASST_NON_CA1385L9T002005_086","CA1385L9T002005","SANTA CLARA, COUNTY OF","CA","2022-11-21","2022-11-21223250033718",-830269
260011793,"ASST_NON_CA0001L9T002010_086","CA0001L9T002010","SANTA CLARA, COUNTY OF","CA","2022-11-21","2022-11-21223250033700",-300503
260066717,"ASST_NON_CA0951L9T002009_086","CA0951L9T002009","SANTA CLARA, COUNTY OF","CA","2022-11-21","2022-11-21223250033712",-27577
260014214,"ASST_NON_CA0021L9T002013_086","CA0021L9T002013","SANTA CLARA, COUNTY OF","CA","2022-11-21","2022-11-21223250033706",-441282
260057789,"ASST_NON_CA0749L9T021809_086","CA0749L9T021809","CITY OF BERKELEY","CA","2022-11-22","2022-11-22223260044016",-83183
260057789,"ASST_NON_CA0749L9T021809_086","CA0749L9T021809","CITY OF BERKELEY","CA","2022-11-22","2022-11-22223260043968",-749062
260022837,"ASST_NON_CA0116L9T021912_086","CA0116L9T021912","CITY OF BERKELEY","CA","2022-11-22","2022-11-22223260044038",-36067.79
260117682,"ASST_NON_CA2064L9T162100_086","CA2064L9T162100","SHASTA, COUNTY OF","CA","2022-11-23","2022-11-23223270036150",30624
260117522,"ASST_NON_CA2042L9D042100_086","CA2042L9D042100","BAKERSFIELD-KERN REGIONAL HOME","CA","2022-11-23","2022-11-23223270038678",233917
260117315,"ASST_NON_CA2007L9T152100_086","CA2007L9T152100","HOMELESS RESOURCE COUNCIL OF THE SIERRAS","CA","2022-11-23","2022-11-23223270036146",39247
260117462,"ASST_NON_CA2019L9T252100_086","CA2019L9T252100","EL DORADO COUNTY GOVERNMENT","CA","2022-11-29","2022-11-29223330046034",12592
260117036,"ASST_NON_CA1866D9T222102_086","CA1866D9T222102","ARCATA HOUSE PARTNERSHIP","CA","2022-11-29","2022-11-29223330046032",126263
260081151,"ASST_NON_CA1382L9T001803_086","CA1382L9T001803","YWCA GOLDEN GATE SILICON VALLEY","CA","2022-11-30","2022-11-30223340110495",-310936.99
260095174,"ASST_NON_CA1692L9D011700_086","CA1692L9D011700","VIETNAM VETERANS OF SAN DIEGO","CA","2022-11-30","2022-11-30223340114970",-20530.69
260079071,"ASST_NON_CA1292L9T001703_086","CA1292L9T001703","YWCA GOLDEN GATE SILICON VALLEY","CA","2022-11-30","2022-11-30223340109783",-182612.66
260076348,"ASST_NON_CA1227L9D111704_086","CA1227L9D111704","COUNTY OF VENTURA","CA","2022-11-30","2022-11-30223340114729",-58998.68
260078352,"ASST_NON_CA1277L9T051805_086","CA1277L9T051805","SHELTER, INC.","CA","2022-11-30","2022-11-30223340110310",-5202
260043663,"ASST_NON_CA0520L9D001811_086","CA0520L9D001811","UNITED STATES VETERANS INITIATIVE","CA","2022-11-30","2022-11-30223340115666",-746.16
260092993,"ASST_NON_CA1619L9D111902_086","CA1619L9D111902","COUNTY OF VENTURA","CA","2022-11-30","2022-11-30223340116838",-665
260081005,"ASST_NON_CA1370L9D091804_086","CA1370L9D091804","INLAND VALLEY COUNCIL OF CHURCHES","CA","2022-11-30","2022-11-30223340116301",-47712.95
260092992,"ASST_NON_CA1619L9D111802_086","CA1619L9D111802","COUNTY OF VENTURA","CA","2022-11-30","2022-11-30223340116021",-47292.04
260025470,"ASST_NON_CA0189L9T051911_086","CA0189L9T051911","COUNTY OF CONTRA COSTA","CA","2022-11-30","2022-11-30223340111284",-1571
260074444,"ASST_NON_CA1183L9T131805_086","CA1183L9T131805","KINGS COMMUNITY ACTION ORGANIZATION, INCORPORATED","CA","2022-11-30","2022-11-30223340110843",-8206.44
260116981,"ASST_NON_CA1835L9T041900_086","CA1835L9T041900","SONOMA COUNTY COMMUNITY DEVELOPMENT COMMISSION","CA","2022-11-30","2022-11-30223340111556",-57192.78
260081702,"ASST_NON_CA1434L9D011702_086","CA1434L9D011702","VIETNAM VETERANS OF SAN DIEGO","CA","2022-11-30","2022-11-30223340115160",-61599.94
260093336,"ASST_NON_CA1671L9T181801_086","CA1671L9T181801","CHANGE AND NEW BEGINNINGS","CA","2022-11-30","2022-11-30223340110177",-5422.65
260083166,"ASST_NON_CA1471L9T041904_086","CA1471L9T041904","SONOMA COUNTY COMMUNITY DEVELOPMENT COMMISSION","CA","2022-11-30","2022-11-30223340111074",-69053.82
260095175,"ASST_NON_CA1692L9D011801_086","CA1692L9D011801","VIETNAM VETERANS OF SAN DIEGO","CA","2022-11-30","2022-11-30223340116070",-2208.58
260070657,"ASST_NON_CA1071L9T051705_086","CA1071L9T051705","COUNTY OF CONTRA COSTA","CA","2022-11-30","2022-11-30223340109921",-59173.38
260084764,"ASST_NON_CA1547L9T051600_086","CA1547L9T051600","SHELTER, INC.","CA","2022-11-30","2022-11-30223340109588",-244189.37
260116608,"ASST_NON_CA1711L9D111700_086","CA1711L9D111700","COUNTY OF VENTURA","CA","2022-11-30","2022-11-30223340114982",-0.33
260069588,"ASST_NON_CA1053L9D111707_086","CA1053L9D111707","COUNTY OF VENTURA","CA","2022-11-30","2022-11-30223340115093",-29279.1
260076360,"ASST_NON_CA1229L9T181805_086","CA1229L9T181805","CHANGE AND NEW BEGINNINGS","CA","2022-11-30","2022-11-30223340110831",-29284
260093223,"ASST_NON_CA1633L9T131802_086","CA1633L9T131802","KINGS COMMUNITY ACTION ORGANIZATION, INCORPORATED","CA","2022-11-30","2022-11-30223340110152",-10430.87
260077842,"ASST_NON_CA1264L9T131803_086","CA1264L9T131803","KINGS COMMUNITY ACTION ORGANIZATION, INCORPORATED","CA","2022-11-30","2022-11-30223340110314",-2330
260081026,"ASST_NON_CA1372L9D111703_086","CA1372L9D111703","COUNTY OF VENTURA","CA","2022-11-30","2022-11-30223340115142",-20608
260083305,"ASST_NON_CA1480L9T141904_086","CA1480L9T141904","MARJAREE MASON CENTER, INC","CA","2022-11-30","2022-11-30223340111062",-123436.34
260081481,"ASST_NON_CA1410L9T141803_086","CA1410L9T141803","MARJAREE MASON CENTER, INC","CA","2022-11-30","2022-11-30223340110280",-25879.2
260067816,"ASST_NON_CA1025L9D011804_086","CA1025L9D011804","COMMUNITY HOUSINGWORKS","CA","2022-11-30","2022-11-30223340116228",-8504.05
260084096,"ASST_NON_CA1513L9D021803_086","CA1513L9D021803","1736 FAMILY CRISIS CENTER","CA","2022-11-30","2022-11-30223340115901",-1331
260116788,"ASST_NON_CA1764D9T141800_086","CA1764D9T141800","MARJAREE MASON CENTER, INC","CA","2022-11-30","2022-11-30223340110060",-201938.42
260074455,"ASST_NON_CA1185L9T141805_086","CA1185L9T141805","MARJAREE MASON CENTER, INC","CA","2022-11-30","2022-11-30223340110825",-39198.39
260083304,"ASST_NON_CA1480L9T141803_086","CA1480L9T141803","MARJAREE MASON CENTER, INC","CA","2022-11-30","2022-11-30223340110255",-36366.7
260067442,"ASST_NON_CA0974L9T141906_086","CA0974L9T141906","MARJAREE MASON CENTER, INC","CA","2022-11-30","2022-11-30223340111405",-39354.58
260081482,"ASST_NON_CA1410L9T141904_086","CA1410L9T141904","MARJAREE MASON CENTER, INC","CA","2022-11-30","2022-11-30223340111055",-120667.78
260055068,"ASST_NON_CA0709L9D011811_086","CA0709L9D011811","COMMUNITY HOUSINGWORKS","CA","2022-11-30","2022-11-30223340115685",-4665.53
260084095,"ASST_NON_CA1513L9D021702_086","CA1513L9D021702","1736 FAMILY CRISIS CENTER","CA","2022-11-30","2022-11-30223340114939",-139330
260055067,"ASST_NON_CA0709L9D011710_086","CA0709L9D011710","COMMUNITY HOUSINGWORKS","CA","2022-11-30","2022-11-30223340114822",-5413.25
260116781,"ASST_NON_CA1762D9T141800_086","CA1762D9T141800","MARJAREE MASON CENTER, INC","CA","2022-11-30","2022-11-30223340110063",-192056.89
260081491,"ASST_NON_CA1411L9T141803_086","CA1411L9T141803","MARJAREE MASON CENTER, INC","CA","2022-11-30","2022-11-30223340110290",-3808
260074454,"ASST_NON_CA1185L9T141704_086","CA1185L9T141704","MARJAREE MASON CENTER, INC","CA","2022-11-30","2022-11-30223340109737",-12033.04
260076540,"ASST_NON_CA1232L9D041805_086","CA1232L9D041805","BETHANY SERVICES","CA","2022-11-30","2022-11-30223340116195",-22258.13
260018329,"ASST_NON_CA0050L9T011609_086","CA0050L9T011609","CITY & COUNTY OF SAN FRANCISCO","CA","2022-11-30","2022-11-30223340109434",-26667.24
260075888,"ASST_NON_CA1218L9D001806_086","CA1218L9D001806","LOS ANGELES COUNTY DEVELOPMENT AUTHORITY LACDA","CA","2022-11-30","2022-11-30223340116117",-17949
260070061,"ASST_NON_CA1061L9T011802_086","CA1061L9T011802","CITY & COUNTY OF SAN FRANCISCO","CA","2022-11-30","2022-11-30223340110684",-13369.9
260016864,"ASST_NON_CA0042L9T011811_086","CA0042L9T011811","CITY & COUNTY OF SAN FRANCISCO","CA","2022-11-30","2022-11-30223340110605",-157216.27
260016906,"ASST_NON_CA0046L9T011609_086","CA0046L9T011609","CITY & COUNTY OF SAN FRANCISCO","CA","2022-11-30","2022-11-30223340109460",-60125.59
260054442,"ASST_NON_CA0693L9D011811_086","CA0693L9D011811","MENTAL HEALTH SYSTEMS, INC.","CA","2022-11-30","2022-11-30223340115790",-86235.17
260060996,"ASST_NON_CA0826L9T011703_086","CA0826L9T011703","CITY & COUNTY OF SAN FRANCISCO","CA","2022-11-30","2022-11-30223340110011",-100146.07
260018578,"ASST_NON_CA0060L9T011811_086","CA0060L9T011811","CITY & COUNTY OF SAN FRANCISCO","CA","2022-11-30","2022-11-30223340110540",-136159.65
260073640,"ASST_NON_CA1168L9T011806_086","CA1168L9T011806","CITY & COUNTY OF SAN FRANCISCO","CA","2022-11-30","2022-11-30223340110809",-62476.06
260066726,"ASST_NON_CA0952L9T011803_086","CA0952L9T011803","CITY & COUNTY OF SAN FRANCISCO","CA","2022-11-30","2022-11-30223340110578",-52160.6
260072985,"ASST_NON_CA1147L9T011807_086","CA1147L9T011807","CITY & COUNTY OF SAN FRANCISCO","CA","2022-11-30","2022-11-30223340110748",-200449.27
260080416,"ASST_NON_CA1344L9D001703_086","CA1344L9D001703","LOS ANGELES COUNTY DEVELOPMENT AUTHORITY LACDA","CA","2022-11-30","2022-11-30223340115074",-434638.47
260084042,"ASST_NON_CA1505L9D001803_086","CA1505L9D001803","LOS ANGELES COUNTY DEVELOPMENT AUTHORITY LACDA","CA","2022-11-30","2022-11-30223340115839",-390926.92
260093253,"ASST_NON_CA1640L9T011700_086","CA1640L9T011700","CITY & COUNTY OF SAN FRANCISCO","CA","2022-11-30","2022-11-30223340110119",-120.64
260080619,"ASST_NON_CA1365L9D081804_086","CA1365L9D081804","RIVERSIDE, COUNTY OF","CA","2022-11-30","2022-11-30223340116289",-146837.35
260084041,"ASST_NON_CA1505L9D001702_086","CA1505L9D001702","LOS ANGELES COUNTY DEVELOPMENT AUTHORITY LACDA","CA","2022-11-30","2022-11-30223340114921",-691200.12
260018424,"ASST_NON_CA0058L9T011609_086","CA0058L9T011609","CITY & COUNTY OF SAN FRANCISCO","CA","2022-11-30","2022-11-30223340109423",-13508.02
260055052,"ASST_NON_CA0708L9D011912_086","CA0708L9D011912","MENTAL HEALTH SYSTEMS, INC.","CA","2022-11-30","2022-11-30223340116646",-86395.26
260018616,"ASST_NON_CA0063L9T011710_086","CA0063L9T011710","CITY & COUNTY OF SAN FRANCISCO","CA","2022-11-30","2022-11-30223340110005",-51371.48
260075900,"ASST_NON_CA1219L9D001806_086","CA1219L9D001806","LOS ANGELES COUNTY DEVELOPMENT AUTHORITY LACDA","CA","2022-11-30","2022-11-30223340116171",-225368.79
260084015,"ASST_NON_CA1502L9D001803_086","CA1502L9D001803","LOS ANGELES COUNTY DEVELOPMENT AUTHORITY LACDA","CA","2022-11-30","2022-11-30223340115821",-148839.33
260017029,"ASST_NON_CA0049L9T011911_086","CA0049L9T011911","CITY & COUNTY OF SAN FRANCISCO","CA","2022-11-30","2022-11-30223340111166",-54547.19
260020864,"ASST_NON_CA0080L9T011609_086","CA0080L9T011609","CITY & COUNTY OF SAN FRANCISCO","CA","2022-11-30","2022-11-30223340109360",-583093.01
260063648,"ASST_NON_CA0889L9T011707_086","CA0889L9T011707","CITY & COUNTY OF SAN FRANCISCO","CA","2022-11-30","2022-11-30223340109897",-95003.73
260084711,"ASST_NON_CA1534L9T011701_086","CA1534L9T011701","CITY & COUNTY OF SAN FRANCISCO","CA","2022-11-30","2022-11-30223340109666",-178589.68
260082983,"ASST_NON_CA1461L9T011803_086","CA1461L9T011803","CITY & COUNTY OF SAN FRANCISCO","CA","2022-11-30","2022-11-30223340110227",-205452.15
260093255,"ASST_NON_CA1640L9T011902_086","CA1640L9T011902","CITY & COUNTY OF SAN FRANCISCO","CA","2022-11-30","2022-11-30223340111095",-29864.13
260082982,"ASST_NON_CA1461L9T011702_086","CA1461L9T011702","CITY & COUNTY OF SAN FRANCISCO","CA","2022-11-30","2022-11-30223340109642",-522026.2
260018371,"ASST_NON_CA0053L9T011810_086","CA0053L9T011810","CITY & COUNTY OF SAN FRANCISCO","CA","2022-11-30","2022-11-30223340110634",-87983.48
260080405,"ASST_NON_CA1343L9D001703_086","CA1343L9D001703","LOS ANGELES COUNTY DEVELOPMENT AUTHORITY LACDA","CA","2022-11-30","2022-11-30223340115068",-73661.27
260085260,"ASST_NON_CA1567L9T141600_086","CA1567L9T141600","MENTAL HEALTH SYSTEMS, INC.","CA","2022-11-30","2022-11-30223340109557",-168884.31
260015530,"ASST_NON_CA0033L9T011906_086","CA0033L9T011906","CITY & COUNTY OF SAN FRANCISCO","CA","2022-11-30","2022-11-30223340111114",-31301
260042431,"ASST_NON_CA0465L9D001811_086","CA0465L9D001811","LOS ANGELES COUNTY DEVELOPMENT AUTHORITY LACDA","CA","2022-11-30","2022-11-30223340115482",-182032.66
260084690,"ASST_NON_CA1530L9T011802_086","CA1530L9T011802","CITY & COUNTY OF SAN FRANCISCO","CA","2022-11-30","2022-11-30223340110471",-28593.91
260073577,"ASST_NON_CA1157L9D001706_086","CA1157L9D001706","LOS ANGELES COUNTY DEVELOPMENT AUTHORITY LACDA","CA","2022-11-30","2022-11-30223340114914",-46732.82
260077149,"ASST_NON_CA1243L9T011804_086","CA1243L9T011804","CITY & COUNTY OF SAN FRANCISCO","CA","2022-11-30","2022-11-30223340110837",-95653.38
260095207,"ASST_NON_CA1698L9D011801_086","CA1698L9D011801","MENTAL HEALTH SYSTEMS, INC.","CA","2022-11-30","2022-11-30223340115978",-109564.3
260070062,"ASST_NON_CA1061L9T011903_086","CA1061L9T011903","CITY & COUNTY OF SAN FRANCISCO","CA","2022-11-30","2022-11-30223340111205",-14526.02
260073038,"ASST_NON_CA1148L9T011605_086","CA1148L9T011605","CITY & COUNTY OF SAN FRANCISCO","CA","2022-11-30","2022-11-30223340109477",-606
260018370,"ASST_NON_CA0053L9T011709_086","CA0053L9T011709","CITY & COUNTY OF SAN FRANCISCO","CA","2022-11-30","2022-11-30223340109725",-154.03
260016852,"ASST_NON_CA0041L9T011912_086","CA0041L9T011912","CITY & COUNTY OF SAN FRANCISCO","CA","2022-11-30","2022-11-30223340111103",-51934.24
260018646,"ASST_NON_CA0066L9T011709_086","CA0066L9T011709","CITY & COUNTY OF SAN FRANCISCO","CA","2022-11-30","2022-11-30223340109995",-160827.15
260057688,"ASST_NON_CA0742L9D001811_086","CA0742L9D001811","LOS ANGELES COUNTY DEVELOPMENT AUTHORITY LACDA","CA","2022-11-30","2022-11-30223340115703",-182694.08
260042390,"ASST_NON_CA0462L9D001811_086","CA0462L9D001811","CITY OF POMONA","CA","2022-11-30","2022-11-30223340115470",-733.94
260067641,"ASST_NON_CA0998L9D001803_086","CA0998L9D001803","LOS ANGELES COUNTY DEVELOPMENT AUTHORITY LACDA","CA","2022-11-30","2022-11-30223340115959",-91590.58
260016908,"ASST_NON_CA0046L9T011811_086","CA0046L9T011811","CITY & COUNTY OF SAN FRANCISCO","CA","2022-11-30","2022-11-30223340110595",-2594.26
260018645,"ASST_NON_CA0066L9T011608_086","CA0066L9T011608","CITY & COUNTY OF SAN FRANCISCO","CA","2022-11-30","2022-11-30223340109340",-91644.56
260073591,"ASST_NON_CA1158L9D001807_086","CA1158L9D001807","LOS ANGELES COUNTY DEVELOPMENT AUTHORITY LACDA","CA","2022-11-30","2022-11-30223340115376",-13444.67
260080397,"ASST_NON_CA1342L9D001804_086","CA1342L9D001804","LOS ANGELES COUNTY DEVELOPMENT AUTHORITY LACDA","CA","2022-11-30","2022-11-30223340116320",-65455.35
260064431,"ASST_NON_CA0915L9D001910_086","CA0915L9D001910","LOS ANGELES COUNTY DEVELOPMENT AUTHORITY LACDA","CA","2022-11-30","2022-11-30223340116533",-88023.82
260085370,"ASST_NON_CA1596L9D001802_086","CA1596L9D001802","LOS ANGELES COUNTY DEVELOPMENT AUTHORITY LACDA","CA","2022-11-30","2022-11-30223340115931",-152050.65
260079087,"ASST_NON_CA1296L9T011703_086","CA1296L9T011703","CITY & COUNTY OF SAN FRANCISCO","CA","2022-11-30","2022-11-30223340109589",-778121.61
260019670,"ASST_NON_CA0073L9T011912_086","CA0073L9T011912","CITY & COUNTY OF SAN FRANCISCO","CA","2022-11-30","2022-11-30223340111467",-163050.9
260020888,"ASST_NON_CA0082L9T011609_086","CA0082L9T011609","CITY & COUNTY OF SAN FRANCISCO","CA","2022-11-30","2022-11-30223340109381",-1
260018426,"ASST_NON_CA0058L9T011811_086","CA0058L9T011811","CITY & COUNTY OF SAN FRANCISCO","CA","2022-11-30","2022-11-30223340110544",-217754.7
260018340,"ASST_NON_CA0051L9T011810_086","CA0051L9T011810","CITY & COUNTY OF SAN FRANCISCO","CA","2022-11-30","2022-11-30223340110516",-245675.71
260084723,"ASST_NON_CA1537L9T011802_086","CA1537L9T011802","CITY & COUNTY OF SAN FRANCISCO","CA","2022-11-30","2022-11-30223340110212",-80958.13
260066727,"ASST_NON_CA0952L9T011904_086","CA0952L9T011904","CITY & COUNTY OF SAN FRANCISCO","CA","2022-11-30","2022-11-30223340111420",-88953.68
260095206,"ASST_NON_CA1698L9D011700_086","CA1698L9D011700","MENTAL HEALTH SYSTEMS, INC.","CA","2022-11-30","2022-11-30223340114976",-77129.8
260060174,"ASST_NON_CA0791L9D001709_086","CA0791L9D001709","LOS ANGELES COUNTY DEVELOPMENT AUTHORITY LACDA","CA","2022-11-30","2022-11-30223340114987",-138697.88
260084023,"ASST_NON_CA1503L9D001904_086","CA1503L9D001904","LOS ANGELES COUNTY DEVELOPMENT AUTHORITY LACDA","CA","2022-11-30","2022-11-30223340116814",-138277.92
260060787,"ASST_NON_CA0800L9D001810_086","CA0800L9D001810","LOS ANGELES COUNTY DEVELOPMENT AUTHORITY LACDA","CA","2022-11-30","2022-11-30223340116134",-32912.12
260071894,"ASST_NON_CA1104L9D001802_086","CA1104L9D001802","LOS ANGELES COUNTY DEVELOPMENT AUTHORITY LACDA","CA","2022-11-30","2022-11-30223340116422",-18231.18
260073639,"ASST_NON_CA1168L9T011705_086","CA1168L9T011705","CITY & COUNTY OF SAN FRANCISCO","CA","2022-11-30","2022-11-30223340109743",-60576.34
260018664,"ASST_NON_CA0067L9T011810_086","CA0067L9T011810","CITY & COUNTY OF SAN FRANCISCO","CA","2022-11-30","2022-11-30223340110713",-24537.69
260064430,"ASST_NON_CA0915L9D001809_086","CA0915L9D001809","LOS ANGELES COUNTY DEVELOPMENT AUTHORITY LACDA","CA","2022-11-30","2022-11-30223340116333",-27561.66
260018665,"ASST_NON_CA0067L9T011911_086","CA0067L9T011911","CITY & COUNTY OF SAN FRANCISCO","CA","2022-11-30","2022-11-30223340111195",-485.32
260016892,"ASST_NON_CA0045L9T011912_086","CA0045L9T011912","CITY & COUNTY OF SAN FRANCISCO","CA","2022-11-30","2022-11-30223340111173",-401724.86
260020866,"ASST_NON_CA0080L9T011811_086","CA0080L9T011811","CITY & COUNTY OF SAN FRANCISCO","CA","2022-11-30","2022-11-30223340110524",-309109.8
260077150,"ASST_NON_CA1243L9T011905_086","CA1243L9T011905","CITY & COUNTY OF SAN FRANCISCO","CA","2022-11-30","2022-11-30223340110988",-113134.76
260015655,"ASST_NON_CA0039L9T011811_086","CA0039L9T011811","CITY & COUNTY OF SAN FRANCISCO","CA","2022-11-30","2022-11-30223340110617",-211034.09
260116694,"ASST_NON_CA1734L9T011800_086","CA1734L9T011800","CITY & COUNTY OF SAN FRANCISCO","CA","2022-11-30","2022-11-30223340110454",-71131.78
260064415,"ASST_NON_CA0914L9D001809_086","CA0914L9D001809","LOS ANGELES COUNTY DEVELOPMENT AUTHORITY LACDA","CA","2022-11-30","2022-11-30223340116327",-49009.03
260060786,"ASST_NON_CA0800L9D001709_086","CA0800L9D001709","LOS ANGELES COUNTY DEVELOPMENT AUTHORITY LACDA","CA","2022-11-30","2022-11-30223340114999",-15198
260093217,"ASST_NON_CA1632L9T011600_086","CA1632L9T011600","CITY & COUNTY OF SAN FRANCISCO","CA","2022-11-30","2022-11-30223340109616",-164632.08
260084702,"ASST_NON_CA1533L9T011701_086","CA1533L9T011701","CITY & COUNTY OF SAN FRANCISCO","CA","2022-11-30","2022-11-30223340109654",-67761.91
260080425,"ASST_NON_CA1345L9D001703_086","CA1345L9D001703","LOS ANGELES COUNTY DEVELOPMENT AUTHORITY LACDA","CA","2022-11-30","2022-11-30223340115080",-24220.75
260084698,"ASST_NON_CA1532L9T011802_086","CA1532L9T011802","CITY & COUNTY OF SAN FRANCISCO","CA","2022-11-30","2022-11-30223340110200",-107915.95
260019699,"ASST_NON_CA0076L9T011710_086","CA0076L9T011710","CITY & COUNTY OF SAN FRANCISCO","CA","2022-11-30","2022-11-30223340109994",-229.27
260071918,"ASST_NON_CA1109L9D001802_086","CA1109L9D001802","LOS ANGELES COUNTY DEVELOPMENT AUTHORITY LACDA","CA","2022-11-30","2022-11-30223340116434",-409434
260018577,"ASST_NON_CA0060L9T011710_086","CA0060L9T011710","CITY & COUNTY OF SAN FRANCISCO","CA","2022-11-30","2022-11-30223340109977",-0.02
260085261,"ASST_NON_CA1567L9T141701_086","CA1567L9T141701","MENTAL HEALTH SYSTEMS, INC.","CA","2022-11-30","2022-11-30223340109832",-169992.97
260018369,"ASST_NON_CA0053L9T011608_086","CA0053L9T011608","CITY & COUNTY OF SAN FRANCISCO","CA","2022-11-30","2022-11-30223340109428",-155417.31
260084692,"ASST_NON_CA1531L9T011701_086","CA1531L9T011701","CITY & COUNTY OF SAN FRANCISCO","CA","2022-11-30","2022-11-30223340109790",-80206.43
260067640,"ASST_NON_CA0998L9D001702_086","CA0998L9D001702","LOS ANGELES COUNTY DEVELOPMENT AUTHORITY LACDA","CA","2022-11-30","2022-11-30223340115025",-64169.26
260019641,"ASST_NON_CA0070L9T011811_086","CA0070L9T011811","CITY & COUNTY OF SAN FRANCISCO","CA","2022-11-30","2022-11-30223340110528",-15906.2
260093261,"ASST_NON_CA1641L9T011700_086","CA1641L9T011700","CITY & COUNTY OF SAN FRANCISCO","CA","2022-11-30","2022-11-30223340110113",-50610.96
260016907,"ASST_NON_CA0046L9T011710_086","CA0046L9T011710","CITY & COUNTY OF SAN FRANCISCO","CA","2022-11-30","2022-11-30223340109721",-144757.49
260069606,"ASST_NON_CA1055L9D081707_086","CA1055L9D081707","RIVERSIDE, COUNTY OF","CA","2022-11-30","2022-11-30223340115099",-10476.69
260072986,"ASST_NON_CA1147L9T011908_086","CA1147L9T011908","CITY & COUNTY OF SAN FRANCISCO","CA","2022-11-30","2022-11-30223340110918",-224472.49
260039343,"ASST_NON_CA0365L9D001811_086","CA0365L9D001811","LOS ANGELES COUNTY DEVELOPMENT AUTHORITY LACDA","CA","2022-11-30","2022-11-30223340115599",-246938.13
260048777,"ASST_NON_CA0618L9D111710_086","CA0618L9D111710","HOUSING AUTHORITY OF CITY OF SAN BUE","CA","2022-11-30","2022-11-30223340114798",-19882.5
260015653,"ASST_NON_CA0039L9T011609_086","CA0039L9T011609","CITY & COUNTY OF SAN FRANCISCO","CA","2022-11-30","2022-11-30223340109465",-82557.11
260016863,"ASST_NON_CA0042L9T011710_086","CA0042L9T011710","CITY & COUNTY OF SAN FRANCISCO","CA","2022-11-30","2022-11-30223340109714",-210033.55
260015654,"ASST_NON_CA0039L9T011710_086","CA0039L9T011710","CITY & COUNTY OF SAN FRANCISCO","CA","2022-11-30","2022-11-30223340109708",-125473.09
260062949,"ASST_NON_CA0860L9D001804_086","CA0860L9D001804","LOS ANGELES COUNTY DEVELOPMENT AUTHORITY LACDA","CA","2022-11-30","2022-11-30223340116158",-98853.11
260082995,"ASST_NON_CA1463L9T011803_086","CA1463L9T011803","CITY & COUNTY OF SAN FRANCISCO","CA","2022-11-30","2022-11-30223340110249",-7315.17
260095149,"ASST_NON_CA1688L9D001700_086","CA1688L9D001700","LOS ANGELES COUNTY DEVELOPMENT AUTHORITY LACDA","CA","2022-11-30","2022-11-30223340114770",-3048038.38
260116686,"ASST_NON_CA1732D9T011800_086","CA1732D9T011800","CITY & COUNTY OF SAN FRANCISCO","CA","2022-11-30","2022-11-30223340110071",-625898.13
260081183,"ASST_NON_CA1387L9T011803_086","CA1387L9T011803","CITY & COUNTY OF SAN FRANCISCO","CA","2022-11-30","2022-11-30223340110337",-236744.04
260095150,"ASST_NON_CA1688L9D001801_086","CA1688L9D001801","LOS ANGELES COUNTY DEVELOPMENT AUTHORITY LACDA","CA","2022-11-30","2022-11-30223340116052",-2406475.11
260116599,"ASST_NON_CA1708L9D081801_086","CA1708L9D081801","RIVERSIDE, COUNTY OF","CA","2022-11-30","2022-11-30223340115990",-11330.42
260069607,"ASST_NON_CA1055L9D081808_086","CA1055L9D081808","RIVERSIDE, COUNTY OF","CA","2022-11-30","2022-11-30223340116416",-7757.73
260085376,"ASST_NON_CA1597L9D001802_086","CA1597L9D001802","LOS ANGELES COUNTY DEVELOPMENT AUTHORITY LACDA","CA","2022-11-30","2022-11-30223340115997",-277415.99
260080627,"ASST_NON_CA1367L9D081804_086","CA1367L9D081804","RIVERSIDE, COUNTY OF","CA","2022-11-30","2022-11-30223340116295",-3986.1
260064414,"ASST_NON_CA0914L9D001708_086","CA0914L9D001708","LOS ANGELES COUNTY DEVELOPMENT AUTHORITY LACDA","CA","2022-11-30","2022-11-30223340115178",-20265.22
260042432,"ASST_NON_CA0465L9D001912_086","CA0465L9D001912","LOS ANGELES COUNTY DEVELOPMENT AUTHORITY LACDA","CA","2022-11-30","2022-11-30223340116695",-588304.29
260063635,"ASST_NON_CA0888L9T011910_086","CA0888L9T011910","CITY & COUNTY OF SAN FRANCISCO","CA","2022-11-30","2022-11-30223340111337",-43754.26
260065180,"ASST_NON_CA0936L9D081809_086","CA0936L9D081809","RIVERSIDE, COUNTY OF","CA","2022-11-30","2022-11-30223340116412",-554.69
260080628,"ASST_NON_CA1367L9D081905_086","CA1367L9D081905","RIVERSIDE, COUNTY OF","CA","2022-11-30","2022-11-30223340116796",-1270.96
260018444,"ASST_NON_CA0059L9T011912_086","CA0059L9T011912","CITY & COUNTY OF SAN FRANCISCO","CA","2022-11-30","2022-11-30223340111240",-11770.69
260060998,"ASST_NON_CA0826L9T011905_086","CA0826L9T011905","CITY & COUNTY OF SAN FRANCISCO","CA","2022-11-30","2022-11-30223340111449",-108106.95
260018648,"ASST_NON_CA0066L9T011911_086","CA0066L9T011911","CITY & COUNTY OF SAN FRANCISCO","CA","2022-11-30","2022-11-30223340111189",-234816.96
260018372,"ASST_NON_CA0053L9T011911_086","CA0053L9T011911","CITY & COUNTY OF SAN FRANCISCO","CA","2022-11-30","2022-11-30223340111134",-100332.25
260063634,"ASST_NON_CA0888L9T011809_086","CA0888L9T011809","CITY & COUNTY OF SAN FRANCISCO","CA","2022-11-30","2022-11-30223340110741",-64754.73
260082989,"ASST_NON_CA1462L9T011803_086","CA1462L9T011803","CITY & COUNTY OF SAN FRANCISCO","CA","2022-11-30","2022-11-30223340110243",-1226884.52
260080406,"ASST_NON_CA1343L9D001804_086","CA1343L9D001804","LOS ANGELES COUNTY DEVELOPMENT AUTHORITY LACDA","CA","2022-11-30","2022-11-30223340116343",-66609.53
260037646,"ASST_NON_CA0339L9D001811_086","CA0339L9D001811","LOS ANGELES COUNTY DEVELOPMENT AUTHORITY LACDA","CA","2022-11-30","2022-11-30223340115758",-46799.01
260093263,"ASST_NON_CA1641L9T011902_086","CA1641L9T011902","CITY & COUNTY OF SAN FRANCISCO","CA","2022-11-30","2022-11-30223340110978",-25936.5
260084697,"ASST_NON_CA1532L9T011701_086","CA1532L9T011701","CITY & COUNTY OF SAN FRANCISCO","CA","2022-11-30","2022-11-30223340109658",-119275.85
260053692,"ASST_NON_CA0689L9D011906_086","CA0689L9D011906","MENTAL HEALTH SYSTEMS, INC.","CA","2022-11-30","2022-11-30223340116634",-156421.07
260073605,"ASST_NON_CA1159L9D001908_086","CA1159L9D001908","LOS ANGELES COUNTY DEVELOPMENT AUTHORITY LACDA","CA","2022-11-30","2022-11-30223340116727",-52810.94
260079080,"ASST_NON_CA1295L9T011904_086","CA1295L9T011904","CITY & COUNTY OF SAN FRANCISCO","CA","2022-11-30","2022-11-30223340111023",-37069.02
260095143,"ASST_NON_CA1687L9D001700_086","CA1687L9D001700","LOS ANGELES COUNTY DEVELOPMENT AUTHORITY LACDA","CA","2022-11-30","2022-11-30223340114764",-1025138.73
260116679,"ASST_NON_CA1731L9T011800_086","CA1731L9T011800","CITY & COUNTY OF SAN FRANCISCO","CA","2022-11-30","2022-11-30223340110165",-128649.82
260077170,"ASST_NON_CA1246L9T011810_086","CA1246L9T011810","CITY & COUNTY OF SAN FRANCISCO","CA","2022-11-30","2022-11-30223340110484",-103250.3
260018425,"ASST_NON_CA0058L9T011710_086","CA0058L9T011710","CITY & COUNTY OF SAN FRANCISCO","CA","2022-11-30","2022-11-30223340109695",-2717.04
260018647,"ASST_NON_CA0066L9T011810_086","CA0066L9T011810","CITY & COUNTY OF SAN FRANCISCO","CA","2022-11-30","2022-11-30223340110441",-181029.31
260067448,"ASST_NON_CA0975L9T141701_086","CA0975L9T141701","MENTAL HEALTH SYSTEMS, INC.","CA","2022-11-30","2022-11-30223340109938",-59136.88
260060964,"ASST_NON_CA0821L9T011708_086","CA0821L9T011708","CITY & COUNTY OF SAN FRANCISCO","CA","2022-11-30","2022-11-30223340109999",-88588.26
260055051,"ASST_NON_CA0708L9D011811_086","CA0708L9D011811","MENTAL HEALTH SYSTEMS, INC.","CA","2022-11-30","2022-11-30223340115802",-89637.74
260018663,"ASST_NON_CA0067L9T011709_086","CA0067L9T011709","CITY & COUNTY OF SAN FRANCISCO","CA","2022-11-30","2022-11-30223340109912",-909.95
260018761,"ASST_NON_CA0068L9T011710_086","CA0068L9T011710","CITY & COUNTY OF SAN FRANCISCO","CA","2022-11-30","2022-11-30223340109906",-25267.87
260062948,"ASST_NON_CA0860L9D001703_086","CA0860L9D001703","LOS ANGELES COUNTY DEVELOPMENT AUTHORITY LACDA","CA","2022-11-30","2022-11-30223340115005",-82052.07
260015656,"ASST_NON_CA0039L9T011912_086","CA0039L9T011912","CITY & COUNTY OF SAN FRANCISCO","CA","2022-11-30","2022-11-30223340111109",-229204.13
260018395,"ASST_NON_CA0055L9T011811_086","CA0055L9T011811","CITY & COUNTY OF SAN FRANCISCO","CA","2022-11-30","2022-11-30223340110628",-53105.19
260063649,"ASST_NON_CA0889L9T011808_086","CA0889L9T011808","CITY & COUNTY OF SAN FRANCISCO","CA","2022-11-30","2022-11-30223340110725",-115660.87
260085262,"ASST_NON_CA1567L9T141802_086","CA1567L9T141802","MENTAL HEALTH SYSTEMS, INC.","CA","2022-11-30","2022-11-30223340110303",-118399.33
260081175,"ASST_NON_CA1386L9T011803_086","CA1386L9T011803","CITY & COUNTY OF SAN FRANCISCO","CA","2022-11-30","2022-11-30223340110329",-169646.46
260018341,"ASST_NON_CA0051L9T011911_086","CA0051L9T011911","CITY & COUNTY OF SAN FRANCISCO","CA","2022-11-30","2022-11-30223340111162",-207368.22
260064400,"ASST_NON_CA0913L9D001809_086","CA0913L9D001809","LOS ANGELES COUNTY DEVELOPMENT AUTHORITY LACDA","CA","2022-11-30","2022-11-30223340115888",-61966.05
260072984,"ASST_NON_CA1147L9T011706_086","CA1147L9T011706","CITY & COUNTY OF SAN FRANCISCO","CA","2022-11-30","2022-11-30223340109882",-141996.91
260081181,"ASST_NON_CA1387L9T011601_086","CA1387L9T011601","CITY & COUNTY OF SAN FRANCISCO","CA","2022-11-30","2022-11-30223340109515",-1114.45
260077171,"ASST_NON_CA1246L9T011911_086","CA1246L9T011911","CITY & COUNTY OF SAN FRANCISCO","CA","2022-11-30","2022-11-30223340110994",-146465.54
260016891,"ASST_NON_CA0045L9T011811_086","CA0045L9T011811","CITY & COUNTY OF SAN FRANCISCO","CA","2022-11-30","2022-11-30223340110611",-390064.07
260080417,"ASST_NON_CA1344L9D001804_086","CA1344L9D001804","LOS ANGELES COUNTY DEVELOPMENT AUTHORITY LACDA","CA","2022-11-30","2022-11-30223340116349",-364296.73
260092966,"ASST_NON_CA1613L9D081802_086","CA1613L9D081802","RIVERSIDE, COUNTY OF","CA","2022-11-30","2022-11-30223340116015",-59120.82
260019669,"ASST_NON_CA0073L9T011811_086","CA0073L9T011811","CITY & COUNTY OF SAN FRANCISCO","CA","2022-11-30","2022-11-30223340110534",-171646.44
260079088,"ASST_NON_CA1296L9T011804_086","CA1296L9T011804","CITY & COUNTY OF SAN FRANCISCO","CA","2022-11-30","2022-11-30223340110352",-1047971.66
260093218,"ASST_NON_CA1632L9T011802_086","CA1632L9T011802","CITY & COUNTY OF SAN FRANCISCO","CA","2022-11-30","2022-11-30223340110146",-53506.5
260082988,"ASST_NON_CA1462L9T011702_086","CA1462L9T011702","CITY & COUNTY OF SAN FRANCISCO","CA","2022-11-30","2022-11-30223340109683",-1644059.35
260060966,"ASST_NON_CA0821L9T011910_086","CA0821L9T011910","CITY & COUNTY OF SAN FRANCISCO","CA","2022-11-30","2022-11-30223340111435",-38500.32
260080608,"ASST_NON_CA1364L9D081804_086","CA1364L9D081804","RIVERSIDE, COUNTY OF","CA","2022-11-30","2022-11-30223340116283",-22426.85
260018396,"ASST_NON_CA0055L9T011912_086","CA0055L9T011912","CITY & COUNTY OF SAN FRANCISCO","CA","2022-11-30","2022-11-30223340111140",-36600.73
260077169,"ASST_NON_CA1246L9T011709_086","CA1246L9T011709","CITY & COUNTY OF SAN FRANCISCO","CA","2022-11-30","2022-11-30223340109812",-127159.36
260082976,"ASST_NON_CA1460L9T011702_086","CA1460L9T011702","CITY & COUNTY OF SAN FRANCISCO","CA","2022-11-30","2022-11-30223340109648",-182001.63
260081174,"ASST_NON_CA1386L9T011702_086","CA1386L9T011702","CITY & COUNTY OF SAN FRANCISCO","CA","2022-11-30","2022-11-30223340109820",-134722.86
260018339,"ASST_NON_CA0051L9T011709_086","CA0051L9T011709","CITY & COUNTY OF SAN FRANCISCO","CA","2022-11-30","2022-11-30223340109689",-56.53
260082977,"ASST_NON_CA1460L9T011803_086","CA1460L9T011803","CITY & COUNTY OF SAN FRANCISCO","CA","2022-11-30","2022-11-30223340110221",-76923.67
260084022,"ASST_NON_CA1503L9D001803_086","CA1503L9D001803","LOS ANGELES COUNTY DEVELOPMENT AUTHORITY LACDA","CA","2022-11-30","2022-11-30223340115827",-33326.89
260018617,"ASST_NON_CA0063L9T011811_086","CA0063L9T011811","CITY & COUNTY OF SAN FRANCISCO","CA","2022-11-30","2022-11-30223340110435",-96190.33
260084703,"ASST_NON_CA1533L9T011802_086","CA1533L9T011802","CITY & COUNTY OF SAN FRANCISCO","CA","2022-11-30","2022-11-30223340110206",-61787.51
260018394,"ASST_NON_CA0055L9T011710_086","CA0055L9T011710","CITY & COUNTY OF SAN FRANCISCO","CA","2022-11-30","2022-11-30223340109701",-1060.66
260020891,"ASST_NON_CA0082L9T011912_086","CA0082L9T011912","CITY & COUNTY OF SAN FRANCISCO","CA","2022-11-30","2022-11-30223340111233",-1879.21
260018579,"ASST_NON_CA0060L9T011912_086","CA0060L9T011912","CITY & COUNTY OF SAN FRANCISCO","CA","2022-11-30","2022-11-30223340111252",-73967.12
260048776,"ASST_NON_CA0618L9D111609_086","CA0618L9D111609","HOUSING AUTHORITY OF CITY OF SAN BUE","CA","2022-11-30","2022-11-30223340114569",-31405
260018762,"ASST_NON_CA0068L9T011811_086","CA0068L9T011811","CITY & COUNTY OF SAN FRANCISCO","CA","2022-11-30","2022-11-30223340110719",-61009.36
260073592,"ASST_NON_CA1158L9D001908_086","CA1158L9D001908","LOS ANGELES COUNTY DEVELOPMENT AUTHORITY LACDA","CA","2022-11-30","2022-11-30223340116721",-46399.4
260016851,"ASST_NON_CA0041L9T011811_086","CA0041L9T011811","CITY & COUNTY OF SAN FRANCISCO","CA","2022-11-30","2022-11-30223340110635",-59509.3
260040712,"ASST_NON_CA0421L9D001811_086","CA0421L9D001811","LOS ANGELES COUNTY DEVELOPMENT AUTHORITY LACDA","CA","2022-11-30","2022-11-30223340115427",-132256.68
260082830,"ASST_NON_CA1450L9D081803_086","CA1450L9D081803","RIVERSIDE, COUNTY OF","CA","2022-11-30","2022-11-30223340115266",-205949.11
260018443,"ASST_NON_CA0059L9T011811_086","CA0059L9T011811","CITY & COUNTY OF SAN FRANCISCO","CA","2022-11-30","2022-11-30223340110550",-14495.47
260018427,"ASST_NON_CA0058L9T011912_086","CA0058L9T011912","CITY & COUNTY OF SAN FRANCISCO","CA","2022-11-30","2022-11-30223340111246",-48884.23
260020890,"ASST_NON_CA0082L9T011811_086","CA0082L9T011811","CITY & COUNTY OF SAN FRANCISCO","CA","2022-11-30","2022-11-30223340110666",-1338.04
260071918,"ASST_NON_CA1109L9D001802_086","CA1109L9D001802","LOS ANGELES COUNTY DEVELOPMENT AUTHORITY LACDA","CA","2022-11-30","2022-11-30223340115395",-101768.31
260015527,"ASST_NON_CA0033L9T011603_086","CA0033L9T011603","CITY & COUNTY OF SAN FRANCISCO","CA","2022-11-30","2022-11-30223340109468",-1156
260080620,"ASST_NON_CA1365L9D081905_086","CA1365L9D081905","RIVERSIDE, COUNTY OF","CA","2022-11-30","2022-11-30223340116779",-100452.14
260084032,"ASST_NON_CA1504L9D001803_086","CA1504L9D001803","LOS ANGELES COUNTY DEVELOPMENT AUTHORITY LACDA","CA","2022-11-30","2022-11-30223340115833",-63900.76
260095144,"ASST_NON_CA1687L9D001801_086","CA1687L9D001801","LOS ANGELES COUNTY DEVELOPMENT AUTHORITY LACDA","CA","2022-11-30","2022-11-30223340116046",-676185.15
260015529,"ASST_NON_CA0033L9T011805_086","CA0033L9T011805","CITY & COUNTY OF SAN FRANCISCO","CA","2022-11-30","2022-11-30223340110647",-38938.22
260060965,"ASST_NON_CA0821L9T011809_086","CA0821L9T011809","CITY & COUNTY OF SAN FRANCISCO","CA","2022-11-30","2022-11-30223340110422",-65258.53
260018618,"ASST_NON_CA0063L9T011912_086","CA0063L9T011912","CITY & COUNTY OF SAN FRANCISCO","CA","2022-11-30","2022-11-30223340111371",-94917.86
260018615,"ASST_NON_CA0063L9T011609_086","CA0063L9T011609","CITY & COUNTY OF SAN FRANCISCO","CA","2022-11-30","2022-11-30223340109327",-0.35
260079079,"ASST_NON_CA1295L9T011803_086","CA1295L9T011803","CITY & COUNTY OF SAN FRANCISCO","CA","2022-11-30","2022-11-30223340110356",-22572.32
260073578,"ASST_NON_CA1157L9D001807_086","CA1157L9D001807","LOS ANGELES COUNTY DEVELOPMENT AUTHORITY LACDA","CA","2022-11-30","2022-11-30223340115319",-119846.86
260054443,"ASST_NON_CA0693L9D011912_086","CA0693L9D011912","MENTAL HEALTH SYSTEMS, INC.","CA","2022-11-30","2022-11-30223340116640",-121584.41
260084721,"ASST_NON_CA1537L9T011600_086","CA1537L9T011600","CITY & COUNTY OF SAN FRANCISCO","CA","2022-11-30","2022-11-30223340109619",-6759.82
260080396,"ASST_NON_CA1342L9D001703_086","CA1342L9D001703","LOS ANGELES COUNTY DEVELOPMENT AUTHORITY LACDA","CA","2022-11-30","2022-11-30223340115062",-132559.59
260020867,"ASST_NON_CA0080L9T011912_086","CA0080L9T011912","CITY & COUNTY OF SAN FRANCISCO","CA","2022-11-30","2022-11-30223340111473",-380053.75
260053691,"ASST_NON_CA0689L9D011805_086","CA0689L9D011805","MENTAL HEALTH SYSTEMS, INC.","CA","2022-11-30","2022-11-30223340115784",-161280.01
260017028,"ASST_NON_CA0049L9T011810_086","CA0049L9T011810","CITY & COUNTY OF SAN FRANCISCO","CA","2022-11-30","2022-11-30223340110601",-29927.58
260019640,"ASST_NON_CA0070L9T011710_086","CA0070L9T011710","CITY & COUNTY OF SAN FRANCISCO","CA","2022-11-30","2022-11-30223340109918",-9963.43
260084693,"ASST_NON_CA1531L9T011802_086","CA1531L9T011802","CITY & COUNTY OF SAN FRANCISCO","CA","2022-11-30","2022-11-30223340110477",-352390.26
260060185,"ASST_NON_CA0792L9D001810_086","CA0792L9D001810","LOS ANGELES COUNTY DEVELOPMENT AUTHORITY LACDA","CA","2022-11-30","2022-11-30223340115715",-120274.62
260068836,"ASST_NON_CA1046L9D001808_086","CA1046L9D001808","LOS ANGELES COUNTY DEVELOPMENT AUTHORITY LACDA","CA","2022-11-30","2022-11-30223340116234",-1149714.89
260073604,"ASST_NON_CA1159L9D001807_086","CA1159L9D001807","LOS ANGELES COUNTY DEVELOPMENT AUTHORITY LACDA","CA","2022-11-30","2022-11-30223340115382",-33080.49
260060184,"ASST_NON_CA0792L9D001709_086","CA0792L9D001709","LOS ANGELES COUNTY DEVELOPMENT AUTHORITY LACDA","CA","2022-11-30","2022-11-30223340114993",-77492.22
260060997,"ASST_NON_CA0826L9T011804_086","CA0826L9T011804","CITY & COUNTY OF SAN FRANCISCO","CA","2022-11-30","2022-11-30223340110416",-122088.22
260081184,"ASST_NON_CA1387L9T011904_086","CA1387L9T011904","CITY & COUNTY OF SAN FRANCISCO","CA","2022-11-30","2022-11-30223340110970",-264976.59
260060115,"ASST_NON_CA0780L9T201810_086","CA0780L9T201810","COUNTY OF MERCED","CA","2022-11-30","2022-11-30223340110402",-29128
260077194,"ASST_NON_CA1250L9T211905_086","CA1250L9T211905","CITY OF WOODLAND","CA","2022-11-30","2022-11-30223340111000",-11183.04
260085302,"ASST_NON_CA1579L9T191701_086","CA1579L9T191701","TRUE NORTH HOUSING ALLIANCE, INC","CA","2022-11-30","2022-11-30223340109673",-6061
260085316,"ASST_NON_CA1582L9T211802_086","CA1582L9T211802","CITY OF WOODLAND","CA","2022-11-30","2022-11-30223340110140",-12340
260081567,"ASST_NON_CA1423L9T211904_086","CA1423L9T211904","CITY OF WOODLAND","CA","2022-11-30","2022-11-30223340111085",-48176.14
260093344,"ASST_NON_CA1674L9T191700_086","CA1674L9T191700","TRUE NORTH HOUSING ALLIANCE, INC","CA","2022-11-30","2022-11-30223340110127",-8702.88
260071863,"ASST_NON_CA1099L9T201804_086","CA1099L9T201804","SIERRA SVING GRACE HMELESS PRJ","CA","2022-11-30","2022-11-30223340110766",-969
260077237,"ASST_NON_CA1257L9D011804_086","CA1257L9D011804","THE ASSOCIATION FOR COMMUNITY HOUSING SOLUTIONS","CA","2022-11-30","2022-11-30223340116201",-582.55
260057774,"ASST_NON_CA0748L9T021910_086","CA0748L9T021910","ABODE HOUSING DEVELOPMENT","CA","2022-11-30","2022-11-30223340111323",-0.46
260060116,"ASST_NON_CA0780L9T201911_086","CA0780L9T201911","COUNTY OF MERCED","CA","2022-11-30","2022-11-30223340111385",-30565
260067527,"ASST_NON_CA0984L9T201907_086","CA0984L9T201907","COUNTY OF MERCED","CA","2022-11-30","2022-11-30223340111350",-12466
260085301,"ASST_NON_CA1579L9T191600_086","CA1579L9T191600","TRUE NORTH HOUSING ALLIANCE, INC","CA","2022-11-30","2022-11-30223340109609",-3508.33
260067526,"ASST_NON_CA0984L9T201806_086","CA0984L9T201806","COUNTY OF MERCED","CA","2022-11-30","2022-11-30223340110677",-54642
260067510,"ASST_NON_CA0982L9T191907_086","CA0982L9T191907","BUTTE COUNTY BEHAVIORAL HEALTH","CA","2022-11-30","2022-11-30223340111358",-11872.43
260081693,"ASST_NON_CA1433L9D011803_086","CA1433L9D011803","CRISIS HOUSE","CA","2022-11-30","2022-11-30223340116319",-40578.1
260116761,"ASST_NON_CA1758L9T131800_086","CA1758L9T131800","CHAMPIONS RECOVERY ALTERNATIVE PROGRAMS, INC.","CA","2022-11-30","2022-11-30223340110872",-2085
260084830,"ASST_NON_CA1552L9T071802_086","CA1552L9T071802","COUNTY OF MARIN","CA","2022-11-30","2022-11-30223340110345",-52025.07
260095165,"ASST_NON_CA1690L9D011700_086","CA1690L9D011700","CRISIS HOUSE","CA","2022-11-30","2022-11-30223340114964",-19091.92
260095166,"ASST_NON_CA1690L9D011801_086","CA1690L9D011801","CRISIS HOUSE","CA","2022-11-30","2022-11-30223340116064",-8082
260061691,"ASST_NON_CA0847L9T191908_086","CA0847L9T191908","BUTTE COUNTY BEHAVIORAL HEALTH","CA","2022-11-30","2022-11-30223340111228",-26233.66
260081692,"ASST_NON_CA1433L9D011702_086","CA1433L9D011702","CRISIS HOUSE","CA","2022-11-30","2022-11-30223340115154",-26696.61
260070089,"ASST_NON_CA1063L9T021907_086","CA1063L9T021907","ABODE SERVICES","CA","2022-11-30","2022-11-30223340111211",-41360
260093307,"ASST_NON_CA1655L9T071700_086","CA1655L9T071700","COUNTY OF MARIN","CA","2022-11-30","2022-11-30223340110106",-5959.24
260074059,"ASST_NON_CA1171L9T021803_086","CA1171L9T021803","ALAMEDA COUNTY BHCS","CA","2022-11-30","2022-11-30223340110815",-18004.74
260074060,"ASST_NON_CA1171L9T021904_086","CA1171L9T021904","ALAMEDA COUNTY BHCS","CA","2022-11-30","2022-11-30223340110923",-29.39
260033453,"ASST_NON_CA0275L9T141805_086","CA0275L9T141805","HOUSING AUTHORITY OF THE CITY OF FRESNO","CA","2022-11-30","2022-11-30223340110707",-19252
260072948,"ASST_NON_CA1141L9D091604_086","CA1141L9D091604","GLOBAL ONE DEVELOPMENT CENTER","CA","2022-11-30","2022-11-30223340114545",-8160.37
260093297,"ASST_NON_CA1652L9T061700_086","CA1652L9T061700","MIDPEN HOUSING CORPORATION","CA","2022-11-30","2022-11-30223340110094",-138223.75
260093328,"ASST_NON_CA1665L9T141801_086","CA1665L9T141801","FRESNO COUNTY ECONOMIC OPPORTUNITIES COMMISSION","CA","2022-11-30","2022-11-30223340110236",-263594.94
260095194,"ASST_NON_CA1695L9D011902_086","CA1695L9D011902","VOLUNTEERS OF AMERICA, SOUTHWEST CALIFORNIA, INCORPORATION","CA","2022-11-30","2022-11-30223340116850",-435431.33
260071807,"ASST_NON_CA1090L9T141805_086","CA1090L9T141805","FRESNO COUNTY ECONOMIC OPPORTUNITIES COMMISSION","CA","2022-11-30","2022-11-30223340110778",-63686.29
260033590,"ASST_NON_CA0278L9T141912_086","CA0278L9T141912","HOUSING AUTHORITY OF THE CITY OF FRESNO","CA","2022-11-30","2022-11-30223340111392",-176429.44
260083314,"ASST_NON_CA1481L9T141803_086","CA1481L9T141803","FRESNO COUNTY ECONOMIC OPPORTUNITIES COMMISSION","CA","2022-11-30","2022-11-30223340110465",-19659.53
260116791,"ASST_NON_CA1765L9T141800_086","CA1765L9T141800","HOUSING AUTHORITY OF THE CITY OF FRESNO","CA","2022-11-30","2022-11-30223340110883",-62654
260085275,"ASST_NON_CA1570L9T141600_086","CA1570L9T141600","FRESNO COUNTY ECONOMIC OPPORTUNITIES COMMISSION","CA","2022-11-30","2022-11-30223340109484",-118088.32
260095191,"ASST_NON_CA1694L9D011801_086","CA1694L9D011801","VOLUNTEERS OF AMERICA, SOUTHWEST CALIFORNIA, INCORPORATION","CA","2022-11-30","2022-11-30223340115770",-4824
260085276,"ASST_NON_CA1570L9T141701_086","CA1570L9T141701","FRESNO COUNTY ECONOMIC OPPORTUNITIES COMMISSION","CA","2022-11-30","2022-11-30223340109679",-318546.51
260033464,"ASST_NON_CA0276L9T141604_086","CA0276L9T141604","HOUSING AUTHORITY OF THE CITY OF FRESNO","CA","2022-11-30","2022-11-30223340109396",-64890.81
260116774,"ASST_NON_CA1761L9T141800_086","CA1761L9T141800","FRESNO COUNTY ECONOMIC OPPORTUNITIES COMMISSION","CA","2022-11-30","2022-11-30223340110460",-174848.07
260081477,"ASST_NON_CA1409L9T141803_086","CA1409L9T141803","FRESNO COUNTY ECONOMIC OPPORTUNITIES COMMISSION","CA","2022-11-30","2022-11-30223340110274",-27247.74
260033479,"ASST_NON_CA0277L9T141906_086","CA0277L9T141906","HOUSING AUTHORITY OF THE CITY OF FRESNO","CA","2022-11-30","2022-11-30223340111398",-113645
260085284,"ASST_NON_CA1571L9T141600_086","CA1571L9T141600","HOUSING AUTHORITY OF THE CITY OF FRESNO","CA","2022-11-30","2022-11-30223340109603",-174649
260034516,"ASST_NON_CA0281L9T141811_086","CA0281L9T141811","HOUSING AUTHORITY OF THE CITY OF FRESNO","CA","2022-11-30","2022-11-30223340110443",-509917.94
260093327,"ASST_NON_CA1665L9T141700_086","CA1665L9T141700","FRESNO COUNTY ECONOMIC OPPORTUNITIES COMMISSION","CA","2022-11-30","2022-11-30223340109774",-229554.99
260071806,"ASST_NON_CA1090L9T141704_086","CA1090L9T141704","FRESNO COUNTY ECONOMIC OPPORTUNITIES COMMISSION","CA","2022-11-30","2022-11-30223340109760",-23857.07
260033465,"ASST_NON_CA0276L9T141705_086","CA0276L9T141705","HOUSING AUTHORITY OF THE CITY OF FRESNO","CA","2022-11-30","2022-11-30223340109933",-67585
260083313,"ASST_NON_CA1481L9T141702_086","CA1481L9T141702","FRESNO COUNTY ECONOMIC OPPORTUNITIES COMMISSION","CA","2022-11-30","2022-11-30223340109781",-39743.9
260095193,"ASST_NON_CA1695L9D011801_086","CA1695L9D011801","VOLUNTEERS OF AMERICA, SOUTHWEST CALIFORNIA, INCORPORATION","CA","2022-11-30","2022-11-30223340115972",-152413.37
260067467,"ASST_NON_CA0977L9T141704_086","CA0977L9T141704","HOUSING AUTHORITY OF THE CITY OF FRESNO","CA","2022-11-30","2022-11-30223340109944",-25123
260081476,"ASST_NON_CA1409L9T141702_086","CA1409L9T141702","FRESNO COUNTY ECONOMIC OPPORTUNITIES COMMISSION","CA","2022-11-30","2022-11-30223340109866",-47729.1
260033476,"ASST_NON_CA0277L9T141603_086","CA0277L9T141603","HOUSING AUTHORITY OF THE CITY OF FRESNO","CA","2022-11-30","2022-11-30223340109413",-113500
260023885,"ASST_NON_CA0127L9T031906_086","CA0127L9T031906","HOUSING AUTHORITY OF THE COUNTY OF SACRAMENTO","CA","2022-11-30","2022-11-30223340111294",-10766
260033589,"ASST_NON_CA0278L9T141811_086","CA0278L9T141811","HOUSING AUTHORITY OF THE CITY OF FRESNO","CA","2022-11-30","2022-11-30223340110771",-144634.81
260033429,"ASST_NON_CA0272L9T131705_086","CA0272L9T131705","TULARE, CITY OF","CA","2022-11-30","2022-11-30223340109965",-16508
260033477,"ASST_NON_CA0277L9T141704_086","CA0277L9T141704","HOUSING AUTHORITY OF THE CITY OF FRESNO","CA","2022-11-30","2022-11-30223340109889",-104384
260085265,"ASST_NON_CA1568L9T141600_086","CA1568L9T141600","FRESNO COUNTY ECONOMIC OPPORTUNITIES COMMISSION","CA","2022-11-30","2022-11-30223340109532",-184448.87
260071855,"ASST_NON_CA1098L9T201803_086","CA1098L9T201803","HOUSING AUTHORITY OF THE COUNTY OF MERCED","CA","2022-11-30","2022-11-30223340110760",-34657
260033454,"ASST_NON_CA0275L9T141906_086","CA0275L9T141906","HOUSING AUTHORITY OF THE CITY OF FRESNO","CA","2022-11-30","2022-11-30223340111455",-260
260067468,"ASST_NON_CA0977L9T141805_086","CA0977L9T141805","HOUSING AUTHORITY OF THE CITY OF FRESNO","CA","2022-11-30","2022-11-30223340110660",-25287
260033466,"ASST_NON_CA0276L9T141806_086","CA0276L9T141806","HOUSING AUTHORITY OF THE CITY OF FRESNO","CA","2022-11-30","2022-11-30223340110697",-39148
260035329,"ASST_NON_CA0301L9T181912_086","CA0301L9T181912","LUTHERAN SOCIAL SERVICES OF NORTHERN CALIFORNIA","CA","2022-11-30","2022-11-30223340111427",-43307
260093329,"ASST_NON_CA1666L9T141700_086","CA1666L9T141700","FRESNO COUNTY ECONOMIC OPPORTUNITIES COMMISSION","CA","2022-11-30","2022-11-30223340109799",-57826.95
260093330,"ASST_NON_CA1666L9T141801_086","CA1666L9T141801","FRESNO COUNTY ECONOMIC OPPORTUNITIES COMMISSION","CA","2022-11-30","2022-11-30223340110171",-70319.12
260071856,"ASST_NON_CA1098L9T201904_086","CA1098L9T201904","HOUSING AUTHORITY OF THE COUNTY OF MERCED","CA","2022-11-30","2022-11-30223340110930",-36680
260081473,"ASST_NON_CA1408L9T141702_086","CA1408L9T141702","HOUSING AUTHORITY OF THE CITY OF FRESNO","CA","2022-11-30","2022-11-30223340109860",-284025
260067456,"ASST_NON_CA0976L9T141807_086","CA0976L9T141807","HOUSING AUTHORITY OF THE CITY OF FRESNO","CA","2022-11-30","2022-11-30223340110671",-3985.86
260079249,"ASST_NON_CA1319L9T141803_086","CA1319L9T141803","HOUSING AUTHORITY OF THE CITY OF FRESNO","CA","2022-11-30","2022-11-30223340110363",-114499
260034517,"ASST_NON_CA0281L9T141912_086","CA0281L9T141912","HOUSING AUTHORITY OF THE CITY OF FRESNO","CA","2022-11-30","2022-11-30223340111444",-340427
260093331,"ASST_NON_CA1667L9T141700_086","CA1667L9T141700","HOUSING AUTHORITY OF THE CITY OF FRESNO","CA","2022-11-30","2022-11-30223340110121",-110087
260085266,"ASST_NON_CA1568L9T141701_086","CA1568L9T141701","FRESNO COUNTY ECONOMIC OPPORTUNITIES COMMISSION","CA","2022-11-30","2022-11-30223340109838",-147192.64
260033478,"ASST_NON_CA0277L9T141805_086","CA0277L9T141805","HOUSING AUTHORITY OF THE CITY OF FRESNO","CA","2022-11-30","2022-11-30223340110735",-157078
260085270,"ASST_NON_CA1569L9T141600_086","CA1569L9T141600","HOUSING AUTHORITY OF THE CITY OF FRESNO","CA","2022-11-30","2022-11-30223340109563",-157625
260085267,"ASST_NON_CA1568L9T141802_086","CA1568L9T141802","FRESNO COUNTY ECONOMIC OPPORTUNITIES COMMISSION","CA","2022-11-30","2022-11-30223340110297",-132398.65
260034514,"ASST_NON_CA0281L9T141609_086","CA0281L9T141609","HOUSING AUTHORITY OF THE CITY OF FRESNO","CA","2022-11-30","2022-11-30223340109419",-302461.42
260093305,"ASST_NON_CA1653L9T061700_086","CA1653L9T061700","MIDPEN HOUSING CORPORATION","CA","2022-11-30","2022-11-30223340110100",-59604
260079248,"ASST_NON_CA1319L9T141702_086","CA1319L9T141702","HOUSING AUTHORITY OF THE CITY OF FRESNO","CA","2022-11-30","2022-11-30223340109845",-173232
260093298,"ASST_NON_CA1652L9T061801_086","CA1652L9T061801","MIDPEN HOUSING CORPORATION","CA","2022-11-30","2022-11-30223340110213",-80458.26
260034515,"ASST_NON_CA0281L9T141710_086","CA0281L9T141710","HOUSING AUTHORITY OF THE CITY OF FRESNO","CA","2022-11-30","2022-11-30223340110029",-385383
260085277,"ASST_NON_CA1570L9T141802_086","CA1570L9T141802","FRESNO COUNTY ECONOMIC OPPORTUNITIES COMMISSION","CA","2022-11-30","2022-11-30223340110186",-166445.41
260095191,"ASST_NON_CA1694L9D011801_086","CA1694L9D011801","VOLUNTEERS OF AMERICA, SOUTHWEST CALIFORNIA, INCORPORATION","CA","2022-11-30","2022-11-30223340115966",-67552.17
260033467,"ASST_NON_CA0276L9T141907_086","CA0276L9T141907","HOUSING AUTHORITY OF THE CITY OF FRESNO","CA","2022-11-30","2022-11-30223340111461",-29295
260085271,"ASST_NON_CA1569L9T141802_086","CA1569L9T141802","HOUSING AUTHORITY OF THE CITY OF FRESNO","CA","2022-11-30","2022-11-30223340110192",-130515
260085271,"ASST_NON_CA1569L9T141802_086","CA1569L9T141802","HOUSING AUTHORITY OF THE CITY OF FRESNO","CA","2022-11-30","2022-11-30223340110192",-130515
260079247,"ASST_NON_CA1319L9T141601_086","CA1319L9T141601","HOUSING AUTHORITY OF THE CITY OF FRESNO","CA","2022-11-30","2022-11-30223340109537",-150299
260051811,"ASST_NON_CA0659L9D071811_086","CA0659L9D071811","CITY OF PASADENA","CA","2022-11-30","2022-11-30223340115550",-41438.79
260116589,"ASST_NON_CA1706L9D071700_086","CA1706L9D071700","CITY OF PASADENA","CA","2022-11-30","2022-11-30223340115208",-111751.83
260051769,"ASST_NON_CA0655L9D071912_086","CA0655L9D071912","CITY OF PASADENA","CA","2022-11-30","2022-11-30223340116622",-65353.34
260116888,"ASST_NON_CA1799L9D041901_086","CA1799L9D041901","COMMUNITY ACTION PARTNERSHIP OF KERN","CA","2022-11-30","2022-11-30223340116827",-0.31
260116590,"ASST_NON_CA1706L9D071801_086","CA1706L9D071801","CITY OF PASADENA","CA","2022-11-30","2022-11-30223340115984",-51090.79
260077293,"ASST_NON_CA1259L9D071805_086","CA1259L9D071805","CITY OF PASADENA","CA","2022-11-30","2022-11-30223340116208",-1130.3
260082412,"ASST_NON_CA1447L9D071803_086","CA1447L9D071803","CITY OF PASADENA","CA","2022-11-30","2022-11-30223340115260",-12203.78
260080597,"ASST_NON_CA1363L9D071804_086","CA1363L9D071804","CITY OF PASADENA","CA","2022-11-30","2022-11-30223340116379",-148905.98
260116896,"ASST_NON_CA1806D9D071800_086","CA1806D9D071800","CITY OF PASADENA","CA","2022-11-30","2022-11-30223340116482",-136612.55
260011780,"ASST_NON_CA0000U9D061806_086","CA0000U9D061806","CITY OF LONG BEACH","CA","2022-11-30","2022-11-30223340115405",-296698
260071030,"ASST_NON_CA1088L9T131906_086","CA1088L9T131906","COMMUNITY SERVICES AND EMPLOYMENT TRAINING, INCORPORATED","CA","2022-11-30","2022-11-30223340111330",-97517.9
260051794,"ASST_NON_CA0658L9D071811_086","CA0658L9D071811","CITY OF PASADENA","CA","2022-11-30","2022-11-30223340115549",-45642.38
260143639,"ASST_NON_CA9004U9D061800_086","CA9004U9D061800","CITY OF LONG BEACH","CA","2022-11-30","2022-11-30223340114501",-286295
260051768,"ASST_NON_CA0655L9D071811_086","CA0655L9D071811","CITY OF PASADENA","CA","2022-11-30","2022-11-30223340115543",-35427.38
260070673,"ASST_NON_CA1072L9T061806_086","CA1072L9T061806","SAN BENITO, COUNTY OF","CA","2022-11-30","2022-11-30223340110690",-6429.35
260078311,"ASST_NON_CA1273L9T131804_086","CA1273L9T131804","COMMUNITY SERVICES AND EMPLOYMENT TRAINING, INCORPORATED","CA","2022-11-30","2022-11-30223340110259",-23550.69
260052216,"ASST_NON_CA0660L9D071710_086","CA0660L9D071710","CITY OF PASADENA","CA","2022-11-30","2022-11-30223340114810",-12757.4
260067710,"ASST_NON_CA1004L9D031804_086","CA1004L9D031804","HOUSING AUTHORITY OF THE CITY OF SANTA BARBARA","CA","2022-11-30","2022-11-30223340116216",-2758
260052238,"ASST_NON_CA0662L9D071811_086","CA0662L9D071811","CITY OF PASADENA","CA","2022-11-30","2022-11-30223340115778",-232633.49
260063552,"ASST_NON_CA0873L9D071804_086","CA0873L9D071804","CITY OF PASADENA","CA","2022-11-30","2022-11-30223340115852",-69006.44
260078310,"ASST_NON_CA1273L9T131703_086","CA1273L9T131703","COMMUNITY SERVICES AND EMPLOYMENT TRAINING, INCORPORATED","CA","2022-11-30","2022-11-30223340109742",-70048.15
260072888,"ASST_NON_CA1133L9D071702_086","CA1133L9D071702","CITY OF PASADENA","CA","2022-11-30","2022-11-30223340114908",-32763.43
260071029,"ASST_NON_CA1088L9T131805_086","CA1088L9T131805","COMMUNITY SERVICES AND EMPLOYMENT TRAINING, INCORPORATED","CA","2022-11-30","2022-11-30223340110802",-81418.64
260071027,"ASST_NON_CA1088L9T131603_086","CA1088L9T131603","COMMUNITY SERVICES AND EMPLOYMENT TRAINING, INCORPORATED","CA","2022-11-30","2022-11-30223340109404",-51134.92
260116887,"ASST_NON_CA1799L9D041800_086","CA1799L9D041800","COMMUNITY ACTION PARTNERSHIP OF KERN","CA","2022-11-30","2022-11-30223340115388",-6867.45
260051810,"ASST_NON_CA0659L9D071710_086","CA0659L9D071710","CITY OF PASADENA","CA","2022-11-30","2022-11-30223340114804",-3791.83
260052217,"ASST_NON_CA0660L9D071811_086","CA0660L9D071811","CITY OF PASADENA","CA","2022-11-30","2022-11-30223340115772",-157.65
260071028,"ASST_NON_CA1088L9T131704_086","CA1088L9T131704","COMMUNITY SERVICES AND EMPLOYMENT TRAINING, INCORPORATED","CA","2022-11-30","2022-11-30223340109754",-93473.24
260048102,"ASST_NON_CA0603L9D031811_086","CA0603L9D031811","HOUSING AUTHORITY OF THE CITY OF SANTA BARBARA","CA","2022-11-30","2022-11-30223340115531",-13914
260052239,"ASST_NON_CA0662L9D071912_086","CA0662L9D071912","CITY OF PASADENA","CA","2022-11-30","2022-11-30223340116628",-278901.92
260011781,"ASST_NON_CA0000U9D061907_086","CA0000U9D061907","CITY OF LONG BEACH","CA","2022-11-30","2022-11-30223340116946",-523010
260080596,"ASST_NON_CA1363L9D071703_086","CA1363L9D071703","CITY OF PASADENA","CA","2022-11-30","2022-11-30223340115136",-43222.43
260063553,"ASST_NON_CA0873L9D071905_086","CA0873L9D071905","CITY OF PASADENA","CA","2022-11-30","2022-11-30223340116521",-109917.57
260080434,"ASST_NON_CA1348L9D011804_086","CA1348L9D011804","ST. VINCENT DE PAUL VILLAGE, INC.","CA","2022-11-30","2022-11-30223340116355",-185655.76
260080433,"ASST_NON_CA1348L9D011703_086","CA1348L9D011703","ST. VINCENT DE PAUL VILLAGE, INC.","CA","2022-11-30","2022-11-30223340115130",-127.43
260022351,"ASST_NON_CA0109L9T021811_086","CA0109L9T021811","SATELLITE AFFORDABLE HOUSING ASSOCIATES","CA","2022-11-30","2022-11-30223340110793",-17981.03
260022352,"ASST_NON_CA0109L9T021912_086","CA0109L9T021912","SATELLITE AFFORDABLE HOUSING ASSOCIATES","CA","2022-11-30","2022-11-30223340110937",-10108.46
260116853,"ASST_NON_CA1792L9D011901_086","CA1792L9D011901","ALPHA PROJECT FOR THE HOMELESS","CA","2022-11-30","2022-11-30223340116856",-17882.22
260116866,"ASST_NON_CA1794L9D011800_086","CA1794L9D011800","SALVATION ARMY, THE","CA","2022-11-30","2022-11-30223340115414",-129166
260084066,"ASST_NON_CA1510L9D011803_086","CA1510L9D011803","ST. VINCENT DE PAUL VILLAGE, INC.","CA","2022-11-30","2022-11-30223340115845",-254333.89
260084065,"ASST_NON_CA1510L9D011702_086","CA1510L9D011702","ST. VINCENT DE PAUL VILLAGE, INC.","CA","2022-11-30","2022-11-30223340114933",-335824.73
260084086,"ASST_NON_CA1512L9D021803_086","CA1512L9D021803","THE ILLUMINATION FOUNDATION","CA","2022-11-30","2022-11-30223340115895",-1389.98
260072840,"ASST_NON_CA1121L9D021705_086","CA1121L9D021705","THE ILLUMINATION FOUNDATION","CA","2022-11-30","2022-11-30223340114902",-18484.25
260081689,"ASST_NON_CA1432L9D011803_086","CA1432L9D011803","ST. VINCENT DE PAUL VILLAGE, INC.","CA","2022-11-30","2022-11-30223340116313",-192322.55
260072841,"ASST_NON_CA1121L9D021806_086","CA1121L9D021806","THE ILLUMINATION FOUNDATION","CA","2022-11-30","2022-11-30223340115313",-1214.75
260092672,"ASST_NON_CA1600L9D011802_086","CA1600L9D011802","ALPHA PROJECT FOR THE HOMELESS","CA","2022-11-30","2022-11-30223340116003",-27600.76
260116852,"ASST_NON_CA1792L9D011800_086","CA1792L9D011800","ALPHA PROJECT FOR THE HOMELESS","CA","2022-11-30","2022-11-30223340115406",-24473.23
260081688,"ASST_NON_CA1432L9D011702_086","CA1432L9D011702","ST. VINCENT DE PAUL VILLAGE, INC.","CA","2022-11-30","2022-11-30223340115148",-43644.61
260030357,"ASST_NON_CA0229L9T081912_086","CA0229L9T081912","ENCOMPASS COMMUNITY SERVICES","CA","2022-11-30","2022-11-30223340111265",-699.49
260092673,"ASST_NON_CA1600L9D011903_086","CA1600L9D011903","ALPHA PROJECT FOR THE HOMELESS","CA","2022-11-30","2022-11-30223340116786",-78488.52
260081714,"ASST_NON_CA1436L9D011702_086","CA1436L9D011702","SALVATION ARMY, THE","CA","2022-11-30","2022-11-30223340115166",-32805
260036251,"ASST_NON_CA0310L9T211912_086","CA0310L9T211912","CITY OF DAVIS, CALIFORNIA","CA","2022-11-30","2022-11-30223340111317",-1196.93
260060812,"ASST_NON_CA0802L9D011810_086","CA0802L9D011810","ST. VINCENT DE PAUL VILLAGE, INC.","CA","2022-11-30","2022-11-30223340116140",-14873.6
260035197,"ASST_NON_CA0298L9T181912_086","CA0298L9T181912","CAMINAR","CA","2022-11-30","2022-11-30223340111410",-6218.5
260056965,"ASST_NON_CA0737L9D141810_086","CA0737L9D141810","COUNTY OF SAN LUIS OBISPO","CA","2022-11-30","2022-11-30223340115691",-19209.84
260076354,"ASST_NON_CA1228L9D021805_086","CA1228L9D021805","COLETTE'S CHILDREN HOME, INC.","CA","2022-11-30","2022-11-30223340116189",-42489
260116707,"ASST_NON_CA1737L9T021901_086","CA1737L9T021901","CITY OF OAKLAND","CA","2022-11-30","2022-11-30223340110898",-88245
260055522,"ASST_NON_CA0714L9D011912_086","CA0714L9D011912","CITY OF OCEANSIDE","CA","2022-11-30","2022-11-30223340116654",-28799.66
260093214,"ASST_NON_CA1629L9D141701_086","CA1629L9D141701","COUNTY OF SAN LUIS OBISPO","CA","2022-11-30","2022-11-30223340114787",-8540
260057076,"ASST_NON_CA0739L9D141810_086","CA0739L9D141810","COUNTY OF SAN LUIS OBISPO","CA","2022-11-30","2022-11-30223340115697",-4339.35
260093206,"ASST_NON_CA1628L9D141802_086","CA1628L9D141802","COUNTY OF SAN LUIS OBISPO","CA","2022-11-30","2022-11-30223340116027",-599.97
260079126,"ASST_NON_CA1305L9T041803_086","CA1305L9T041803","INDIVIDUALS, NOW","CA","2022-11-30","2022-11-30223340110362",-20730
260093215,"ASST_NON_CA1629L9D141802_086","CA1629L9D141802","COUNTY OF SAN LUIS OBISPO","CA","2022-11-30","2022-11-30223340116033",-10270
260093207,"ASST_NON_CA1628L9D141903_086","CA1628L9D141903","COUNTY OF SAN LUIS OBISPO","CA","2022-11-30","2022-11-30223340116844",-1254.35
260042742,"ASST_NON_CA0489L9D001710_086","CA0489L9D001710","SU CASA ~ ENDING DOMESTIC VIOLENCE","CA","2022-11-30","2022-11-30223340114688",-3886
260022320,"ASST_NON_CA0106L9T021912_086","CA0106L9T021912","CITY OF OAKLAND","CA","2022-11-30","2022-11-30223340110963",-33267.86
260073626,"ASST_NON_CA1164L9D021807_086","CA1164L9D021807","COLETTE'S CHILDREN HOME, INC.","CA","2022-11-30","2022-11-30223340115960",-19840
260076353,"ASST_NON_CA1228L9D021704_086","CA1228L9D021704","COLETTE'S CHILDREN HOME, INC.","CA","2022-11-30","2022-11-30223340114735",-14994
260045707,"ASST_NON_CA0566L9D021710_086","CA0566L9D021710","ORANGE COUNTY HOUSING AUTHORITY","CA","2022-11-30","2022-11-30223340114792",-85118.18
260046350,"ASST_NON_CA0581L9D021912_086","CA0581L9D021912","ORANGE COUNTY HOUSING AUTHORITY","CA","2022-11-30","2022-11-30223340116748",-23689.4
260062988,"ASST_NON_CA0865L9D021704_086","CA0865L9D021704","ORANGE COUNTY HOUSING AUTHORITY","CA","2022-11-30","2022-11-30223340115172",-18402.51
260062989,"ASST_NON_CA0865L9D021805_086","CA0865L9D021805","ORANGE COUNTY HOUSING AUTHORITY","CA","2022-11-30","2022-11-30223340115846",-4784.23
260067687,"ASST_NON_CA1000L9D021804_086","CA1000L9D021804","ORANGE COUNTY HOUSING AUTHORITY","CA","2022-11-30","2022-11-30223340116165",-84429.81
260045648,"ASST_NON_CA0560L9D021705_086","CA0560L9D021705","ORANGE COUNTY HOUSING AUTHORITY","CA","2022-11-30","2022-11-30223340114706",-16033.71
260045661,"ASST_NON_CA0561L9D021705_086","CA0561L9D021705","ORANGE COUNTY HOUSING AUTHORITY","CA","2022-11-30","2022-11-30223340114712",-54125.9
260092981,"ASST_NON_CA1618L9D111600_086","CA1618L9D111600","VENTURA, COUNTY OF","CA","2022-11-30","2022-11-30223340114528",-79785
260045649,"ASST_NON_CA0560L9D021806_086","CA0560L9D021806","ORANGE COUNTY HOUSING AUTHORITY","CA","2022-11-30","2022-11-30223340115678",-1159.21
260081016,"ASST_NON_CA1371L9D091804_086","CA1371L9D091804","KNOWLEDGE, EDUCATION FOR YOUR SUCCESS, INC.","CA","2022-11-30","2022-11-30223340116307",-0.01
260072319,"ASST_NON_CA1118L9D021702_086","CA1118L9D021702","ORANGE COUNTY HOUSING AUTHORITY","CA","2022-11-30","2022-11-30223340114884",-17694.67
260064671,"ASST_NON_CA0929L9D021708_086","CA0929L9D021708","ORANGE COUNTY HOUSING AUTHORITY","CA","2022-11-30","2022-11-30223340114760",-68511.71
260060909,"ASST_NON_CA0811L9D041810_086","CA0811L9D041810","HOUSING AUTHORITY OF THE COUNTY OF KERN","CA","2022-11-30","2022-11-30223340116152",-392181.61
260038656,"ASST_NON_CA0359L9D001912_086","CA0359L9D001912","CITY OF SANTA MONICA","CA","2022-11-30","2022-11-30223340116544",-466563
260035137,"ASST_NON_CA0292L9T171811_086","CA0292L9T171811","THE HOUSING DEVELOPMENT CORPORATION OF THE CITY OF NAPA","CA","2022-11-30","2022-11-30223340110449",-18508
260074986,"ASST_NON_CA1197L9D041805_086","CA1197L9D041805","HOUSING AUTHORITY OF THE COUNTY OF KERN","CA","2022-11-30","2022-11-30223340116086",-62387.48
260060845,"ASST_NON_CA0804L9D021810_086","CA0804L9D021810","ORANGE COUNTY HOUSING AUTHORITY","CA","2022-11-30","2022-11-30223340116146",-2296.21
260084122,"ASST_NON_CA1516L9D041803_086","CA1516L9D041803","HOUSING AUTHORITY OF THE COUNTY OF KERN","CA","2022-11-30","2022-11-30223340115913",-58863.48
260081499,"ASST_NON_CA1415L9T171904_086","CA1415L9T171904","COUNTY OF NAPA","CA","2022-11-30","2022-11-30223340111079",-22027.59
260046349,"ASST_NON_CA0581L9D021811_086","CA0581L9D021811","ORANGE COUNTY HOUSING AUTHORITY","CA","2022-11-30","2022-11-30223340115519",-78679.23
260072320,"ASST_NON_CA1118L9D021803_086","CA1118L9D021803","ORANGE COUNTY HOUSING AUTHORITY","CA","2022-11-30","2022-11-30223340115301",-24047.56
260062983,"ASST_NON_CA0864L9D021704_086","CA0864L9D021704","ORANGE COUNTY HOUSING AUTHORITY","CA","2022-11-30","2022-11-30223340115040",-25949.26
260067686,"ASST_NON_CA1000L9D021703_086","CA1000L9D021703","ORANGE COUNTY HOUSING AUTHORITY","CA","2022-11-30","2022-11-30223340115031",-75533.29
260035138,"ASST_NON_CA0292L9T171912_086","CA0292L9T171912","THE HOUSING DEVELOPMENT CORPORATION OF THE CITY OF NAPA","CA","2022-11-30","2022-11-30223340111379",-18994
260072326,"ASST_NON_CA1119L9D021705_086","CA1119L9D021705","FRIENDSHIP SHELTER, INC.","CA","2022-11-30","2022-11-30223340114890",-3856.14
260038655,"ASST_NON_CA0359L9D001811_086","CA0359L9D001811","CITY OF SANTA MONICA","CA","2022-11-30","2022-11-30223340115592",-349059
260069581,"ASST_NON_CA1052L9D021707_086","CA1052L9D021707","ORANGE COUNTY HOUSING AUTHORITY","CA","2022-11-30","2022-11-30223340115087",-161051.45
260062964,"ASST_NON_CA0861L9D001908_086","CA0861L9D001908","LOS ANGELES HOMELESS SERVICES AUTHORITY","CA","2022-11-30","2022-11-30223340116509",-100819
260039521,"ASST_NON_CA0383L9D001811_086","CA0383L9D001811","LOS ANGELES HOMELESS SERVICES AUTHORITY","CA","2022-11-30","2022-11-30223340115611",-15185
260040848,"ASST_NON_CA0433L9D001811_086","CA0433L9D001811","LOS ANGELES HOMELESS SERVICES AUTHORITY","CA","2022-11-30","2022-11-30223340115433",-7810
260038556,"ASST_NON_CA0356L9D001709_086","CA0356L9D001709","ALLIANCE FOR HOUSING AND HEALING","CA","2022-11-30","2022-11-30223340115186",-8949
260043548,"ASST_NON_CA0515L9D001811_086","CA0515L9D001811","LOS ANGELES HOMELESS SERVICES AUTHORITY","CA","2022-11-30","2022-11-30223340115648",-1209
260040276,"ASST_NON_CA0414L9D001912_086","CA0414L9D001912","LOS ANGELES HOMELESS SERVICES AUTHORITY","CA","2022-11-30","2022-11-30223340116586",-147455
260083409,"ASST_NON_CA1497L9D001702_086","CA1497L9D001702","LOS ANGELES HOMELESS SERVICES AUTHORITY","CA","2022-11-30","2022-11-30223340114859",-1557
260116873,"ASST_NON_CA1795L9D021800_086","CA1795L9D021800","COUNTY OF ORANGE","CA","2022-11-30","2022-11-30223340115420",-153806.51
260042448,"ASST_NON_CA0466L9D001811_086","CA0466L9D001811","LOS ANGELES HOMELESS SERVICES AUTHORITY","CA","2022-11-30","2022-11-30223340115488",-611
260040849,"ASST_NON_CA0433L9D001912_086","CA0433L9D001912","LOS ANGELES HOMELESS SERVICES AUTHORITY","CA","2022-11-30","2022-11-30223340116592",-4592
260074973,"ASST_NON_CA1195L9D001805_086","CA1195L9D001805","LOS ANGELES HOMELESS SERVICES AUTHORITY","CA","2022-11-30","2022-11-30223340116080",-5788
260080337,"ASST_NON_CA1336L9D001703_086","CA1336L9D001703","LOS ANGELES HOMELESS SERVICES AUTHORITY","CA","2022-11-30","2022-11-30223340114747",-31476
260058282,"ASST_NON_CA0752L9T041810_086","CA0752L9T041810","BUCKELEW PROGRAMS","CA","2022-11-30","2022-11-30223340110158",-31597.51
260042572,"ASST_NON_CA0479L9D001811_086","CA0479L9D001811","LOS ANGELES HOMELESS SERVICES AUTHORITY","CA","2022-11-30","2022-11-30223340115506",-23221
260038504,"ASST_NON_CA0352L9D001912_086","CA0352L9D001912","LOS ANGELES HOMELESS SERVICES AUTHORITY","CA","2022-11-30","2022-11-30223340116497",-39639
260083370,"ASST_NON_CA1489L9D001601_086","CA1489L9D001601","LOS ANGELES HOMELESS SERVICES AUTHORITY","CA","2022-11-30","2022-11-30223340114594",-788.71
260080326,"ASST_NON_CA1335L9D001703_086","CA1335L9D001703","LOS ANGELES HOMELESS SERVICES AUTHORITY","CA","2022-11-30","2022-11-30223340114741",-37003
260042259,"ASST_NON_CA0450L9D001912_086","CA0450L9D001912","LOS ANGELES HOMELESS SERVICES AUTHORITY","CA","2022-11-30","2022-11-30223340116616",-1019
260043500,"ASST_NON_CA0510L9D001609_086","CA0510L9D001609","LOS ANGELES HOMELESS SERVICES AUTHORITY","CA","2022-11-30","2022-11-30223340114557",-9403
260043722,"ASST_NON_CA0526L9D001710_086","CA0526L9D001710","LOS ANGELES HOMELESS SERVICES AUTHORITY","CA","2022-11-30","2022-11-30223340114700",-61694
260062963,"ASST_NON_CA0861L9D001807_086","CA0861L9D001807","LOS ANGELES HOMELESS SERVICES AUTHORITY","CA","2022-11-30","2022-11-30223340115289",-41439
260095136,"ASST_NON_CA1686L9D001801_086","CA1686L9D001801","LOS ANGELES HOMELESS SERVICES AUTHORITY","CA","2022-11-30","2022-11-30223340116040",-792980
260043692,"ASST_NON_CA0523L9D001811_086","CA0523L9D001811","LOS ANGELES HOMELESS SERVICES AUTHORITY","CA","2022-11-30","2022-11-30223340115672",-27907
260039474,"ASST_NON_CA0376L9D001710_086","CA0376L9D001710","LOS ANGELES HOMELESS SERVICES AUTHORITY","CA","2022-11-30","2022-11-30223340114651",-22566
260084049,"ASST_NON_CA1507L9D001702_086","CA1507L9D001702","LOS ANGELES HOMELESS SERVICES AUTHORITY","CA","2022-11-30","2022-11-30223340114927",-46275
260067582,"ASST_NON_CA0993L9D001705_086","CA0993L9D001705","LOS ANGELES HOMELESS SERVICES AUTHORITY","CA","2022-11-30","2022-11-30223340114874",-24830
260039629,"ASST_NON_CA0390L9D001710_086","CA0390L9D001710","LOS ANGELES HOMELESS SERVICES AUTHORITY","CA","2022-11-30","2022-11-30223340114663",-98
260081828,"ASST_NON_CA1439L9D021904_086","CA1439L9D021904","COUNTY OF ORANGE","CA","2022-11-30","2022-11-30223340116802",-127378.28
260038556,"ASST_NON_CA0356L9D001709_086","CA0356L9D001709","ALLIANCE FOR HOUSING AND HEALING","CA","2022-11-30","2022-11-30223340114645",-23787
260067595,"ASST_NON_CA0994L9D001805_086","CA0994L9D001805","LOS ANGELES HOMELESS SERVICES AUTHORITY","CA","2022-11-30","2022-11-30223340115878",-659537
260041584,"ASST_NON_CA0443L9D001710_086","CA0443L9D001710","LOS ANGELES HOMELESS SERVICES AUTHORITY","CA","2022-11-30","2022-11-30223340114682",-78062
260042258,"ASST_NON_CA0450L9D001811_086","CA0450L9D001811","LOS ANGELES HOMELESS SERVICES AUTHORITY","CA","2022-11-30","2022-11-30223340115463",-1013
260039448,"ASST_NON_CA0374L9D001811_086","CA0374L9D001811","LOS ANGELES HOMELESS SERVICES AUTHORITY","CA","2022-11-30","2022-11-30223340115605",-2673
260040275,"ASST_NON_CA0414L9D001811_086","CA0414L9D001811","LOS ANGELES HOMELESS SERVICES AUTHORITY","CA","2022-11-30","2022-11-30223340115368",-24505
260038301,"ASST_NON_CA0341L9D001912_086","CA0341L9D001912","LOS ANGELES HOMELESS SERVICES AUTHORITY","CA","2022-11-30","2022-11-30223340116766",-2563
260039522,"ASST_NON_CA0383L9D001912_086","CA0383L9D001912","LOS ANGELES HOMELESS SERVICES AUTHORITY","CA","2022-11-30","2022-11-30223340116550",-7051
260083362,"ASST_NON_CA1487L9D001702_086","CA1487L9D001702","LOS ANGELES HOMELESS SERVICES AUTHORITY","CA","2022-11-30","2022-11-30223340114835",-145219
260060151,"ASST_NON_CA0784L9D001709_086","CA0784L9D001709","LOS ANGELES HOMELESS SERVICES AUTHORITY","CA","2022-11-30","2022-11-30223340114828",-7128
260048141,"ASST_NON_CA0606L9D041811_086","CA0606L9D041811","COUNTY OF KERN","CA","2022-11-30","2022-11-30223340115537",-6526
260038574,"ASST_NON_CA0357L9D001811_086","CA0357L9D001811","ALLIANCE FOR HOUSING AND HEALING","CA","2022-11-30","2022-11-30223340115580",-39426
260025213,"ASST_NON_CA0160L9T041811_086","CA0160L9T041811","BUCKELEW PROGRAMS","CA","2022-11-30","2022-11-30223340110409",-27487.67
260042449,"ASST_NON_CA0466L9D001912_086","CA0466L9D001912","LOS ANGELES HOMELESS SERVICES AUTHORITY","CA","2022-11-30","2022-11-30223340116701",-17094
260042573,"ASST_NON_CA0479L9D001912_086","CA0479L9D001912","LOS ANGELES HOMELESS SERVICES AUTHORITY","CA","2022-11-30","2022-11-30223340116679",-52599
260038638,"ASST_NON_CA0358L9D001811_086","CA0358L9D001811","LOS ANGELES HOMELESS SERVICES AUTHORITY","CA","2022-11-30","2022-11-30223340115586",-302642
260035464,"ASST_NON_CA0308L9T211912_086","CA0308L9T211912","YOLO COMMUNITY CARE CONTINUUM","CA","2022-11-30","2022-11-30223340111311",-33000
260095131,"ASST_NON_CA1685L9D001700_086","CA1685L9D001700","LOS ANGELES HOMELESS SERVICES AUTHORITY","CA","2022-11-30","2022-11-30223340115226",-94314
260043351,"ASST_NON_CA0494L9D001811_086","CA0494L9D001811","LOS ANGELES HOMELESS SERVICES AUTHORITY","CA","2022-11-30","2022-11-30223340115642",-1200
260039498,"ASST_NON_CA0379L9D001710_086","CA0379L9D001710","LOS ANGELES HOMELESS SERVICES AUTHORITY","CA","2022-11-30","2022-11-30223340114657",-884
260038557,"ASST_NON_CA0356L9D001810_086","CA0356L9D001810","ALLIANCE FOR HOUSING AND HEALING","CA","2022-11-30","2022-11-30223340115574",-74189
260038546,"ASST_NON_CA0355L9D001710_086","CA0355L9D001710","LOS ANGELES HOMELESS SERVICES AUTHORITY","CA","2022-11-30","2022-11-30223340114639",-8224
260038300,"ASST_NON_CA0341L9D001811_086","CA0341L9D001811","LOS ANGELES HOMELESS SERVICES AUTHORITY","CA","2022-11-30","2022-11-30223340115764",-404
260081827,"ASST_NON_CA1439L9D021803_086","CA1439L9D021803","COUNTY OF ORANGE","CA","2022-11-30","2022-11-30223340115254",-264246.41
260038365,"ASST_NON_CA0347L9D001811_086","CA0347L9D001811","LOS ANGELES HOMELESS SERVICES AUTHORITY","CA","2022-11-30","2022-11-30223340115556",-3312
260038521,"ASST_NON_CA0353L9D001912_086","CA0353L9D001912","LOS ANGELES HOMELESS SERVICES AUTHORITY","CA","2022-11-30","2022-11-30223340116503",-80518
260095123,"ASST_NON_CA1684L9D001700_086","CA1684L9D001700","LOS ANGELES HOMELESS SERVICES AUTHORITY","CA","2022-11-30","2022-11-30223340115220",-113053
260080327,"ASST_NON_CA1335L9D001804_086","CA1335L9D001804","LOS ANGELES HOMELESS SERVICES AUTHORITY","CA","2022-11-30","2022-11-30223340116248",-27265
260117090,"ASST_NON_CA1886L9D021900_086","CA1886L9D021900","COUNTY OF ORANGE","CA","2022-11-30","2022-11-30223340116573",-36017.77
260040197,"ASST_NON_CA0409L9D001811_086","CA0409L9D001811","LOS ANGELES HOMELESS SERVICES AUTHORITY","CA","2022-11-30","2022-11-30223340115362",-11296
260059611,"ASST_NON_CA0776L9T161608_086","CA0776L9T161608","NORTHERN VALLEY CATHOLIC SOCIAL SERVICE, INC.","CA","2022-11-30","2022-11-30223340109338",-54529.68
260040874,"ASST_NON_CA0435L9D001811_086","CA0435L9D001811","LOS ANGELES HOMELESS SERVICES AUTHORITY","CA","2022-11-30","2022-11-30223340115439",-673
260038520,"ASST_NON_CA0353L9D001811_086","CA0353L9D001811","LOS ANGELES HOMELESS SERVICES AUTHORITY","CA","2022-11-30","2022-11-30223340115568",-67894
260043519,"ASST_NON_CA0512L9D001609_086","CA0512L9D001609","LOS ANGELES HOMELESS SERVICES AUTHORITY","CA","2022-11-30","2022-11-30223340114563",-197257
260095135,"ASST_NON_CA1686L9D001700_086","CA1686L9D001700","LOS ANGELES HOMELESS SERVICES AUTHORITY","CA","2022-11-30","2022-11-30223340115232",-1335625
260043350,"ASST_NON_CA0494L9D001710_086","CA0494L9D001710","LOS ANGELES HOMELESS SERVICES AUTHORITY","CA","2022-11-30","2022-11-30223340114694",-17432
260067594,"ASST_NON_CA0994L9D001704_086","CA0994L9D001704","LOS ANGELES HOMELESS SERVICES AUTHORITY","CA","2022-11-30","2022-11-30223340115013",-676001
260067583,"ASST_NON_CA0993L9D001806_086","CA0993L9D001806","LOS ANGELES HOMELESS SERVICES AUTHORITY","CA","2022-11-30","2022-11-30223340115872",-36440
260038503,"ASST_NON_CA0352L9D001811_086","CA0352L9D001811","LOS ANGELES HOMELESS SERVICES AUTHORITY","CA","2022-11-30","2022-11-30223340115562",-10366
260038354,"ASST_NON_CA0346L9D001710_086","CA0346L9D001710","LOS ANGELES HOMELESS SERVICES AUTHORITY","CA","2022-11-30","2022-11-30223340114627",-19426
260075430,"ASST_NON_CA1208L9D011906_086","CA1208L9D011906","SAN DIEGO HOUSING COMMISSION","CA","2022-11-30","2022-11-30223340116733",-78236.67
260071818,"ASST_NON_CA1091L9T141704_086","CA1091L9T141704","WESTCARE CALIFORNIA, INC.","CA","2022-11-30","2022-11-30223340109876",-104969.43
260071819,"ASST_NON_CA1091L9T141805_086","CA1091L9T141805","WESTCARE CALIFORNIA, INC.","CA","2022-11-30","2022-11-30223340110754",-61415.17
260075429,"ASST_NON_CA1208L9D011805_086","CA1208L9D011805","SAN DIEGO HOUSING COMMISSION","CA","2022-11-30","2022-11-30223340116098",-6477.59
260071817,"ASST_NON_CA1091L9T141603_086","CA1091L9T141603","WESTCARE CALIFORNIA, INC.","CA","2022-11-30","2022-11-30223340109471",-116259.99
260092813,"ASST_NON_CA1602L9D011903_086","CA1602L9D011903","SAN DIEGO HOUSING COMMISSION","CA","2022-11-30","2022-11-30223340116832",-152486.45
260116767,"ASST_NON_CA1760L9T141800_086","CA1760L9T141800","WESTCARE CALIFORNIA, INC.","CA","2022-11-30","2022-11-30223340110878",-235444.76
260085254,"ASST_NON_CA1566L9T131903_086","CA1566L9T131903","KINGS/TULARE CONTINUUM OF CARE ON HOMELESSNESS, INC.","CA","2022-11-30","2022-11-30223340111015",-6440.32
260044519,"ASST_NON_CA0534L9D011912_086","CA0534L9D011912","SAN DIEGO HOUSING COMMISSION","CA","2022-11-30","2022-11-30223340116691",-40076.27
260080445,"ASST_NON_CA1349L9D011804_086","CA1349L9D011804","SAN DIEGO HOUSING COMMISSION","CA","2022-11-30","2022-11-30223340116361",-73071.55
260061630,"ASST_NON_CA0840L9T131906_086","CA0840L9T131906","FAMILY SERVICES OF TULARE COUNTY","CA","2022-11-30","2022-11-30223340111216",-4172
260057710,"ASST_NON_CA0746L9T001608_086","CA0746L9T001608","SANTA CLARA, COUNTY OF","CA","2022-11-30","2022-11-30223340109318",-52703.17
260092968,"ASST_NON_CA1614L9D091701_086","CA1614L9D091701","STEP UP ON SECOND STREET, INC.","CA","2022-11-30","2022-11-30223340114775",-50304.35
260024050,"ASST_NON_CA0143L9T031912_086","CA0143L9T031912","SACRAMENTO STEPS FORWARD","CA","2022-11-30","2022-11-30223340111306",-6249.25
260061629,"ASST_NON_CA0840L9T131805_086","CA0840L9T131805","FAMILY SERVICES OF TULARE COUNTY","CA","2022-11-30","2022-11-30223340110428",-4489
260092971,"ASST_NON_CA1616L9D091701_086","CA1616L9D091701","STEP UP ON SECOND STREET, INC.","CA","2022-11-30","2022-11-30223340114781",-27476.96
260079116,"ASST_NON_CA1303L9T031905_086","CA1303L9T031905","SACRAMENTO STEPS FORWARD","CA","2022-11-30","2022-11-30223340111093",-158064.37
260084650,"ASST_NON_CA1526L9T001600_086","CA1526L9T001600","SANTA CLARA, COUNTY OF","CA","2022-11-30","2022-11-30223340109596",-252187
260070931,"ASST_NON_CA1086L9T131705_086","CA1086L9T131705","FAMILY SERVICES OF TULARE COUNTY","CA","2022-11-30","2022-11-30223340109927",-6536.69
260067430,"ASST_NON_CA0972L9T131803_086","CA0972L9T131803","FAMILY SERVICES OF TULARE COUNTY","CA","2022-11-30","2022-11-30223340110653",-10216
269026794,"ASST_NON_NV0109L9T011903_086","NV0109L9T011903","VOLUNTEERS OF AMERICA NORTHERN CALIFORNIA AND NORTHERN NEVADA, INC.","CA","2022-11-30","2022-11-30223340111022",-978.79
260082836,"ASST_NON_CA1452L9D091904_086","CA1452L9D091904","INLAND EMPIRE UNITED WAY","CA","2022-11-30","2022-11-30223340116808",-39092
260116874,"ASST_NON_CA1796L9D031800_086","CA1796L9D031800","PATH","CA","2022-11-30","2022-11-30223340116475",-44832
260067420,"ASST_NON_CA0971L9T131904_086","CA0971L9T131904","FAMILY SERVICES OF TULARE COUNTY","CA","2022-11-30","2022-11-30223340111426",-76751
260084675,"ASST_NON_CA1529L9T001600_086","CA1529L9T001600","SANTA CLARA, COUNTY OF","CA","2022-11-30","2022-11-30223340109508",-132304
260023964,"ASST_NON_CA0135L9T031912_086","CA0135L9T031912","SACRAMENTO STEPS FORWARD","CA","2022-11-30","2022-11-30223340111300",-12942.52
260040104,"ASST_NON_CA0401L9D001912_086","CA0401L9D001912","STEP UP ON SECOND STREET, INC.","CA","2022-11-30","2022-11-30223340116562",-38730.61
260084742,"ASST_NON_CA1540L9T031802_086","CA1540L9T031802","SACRAMENTO STEPS FORWARD","CA","2022-11-30","2022-11-30223340110323",-212997.42
260040103,"ASST_NON_CA0401L9D001811_086","CA0401L9D001811","STEP UP ON SECOND STREET, INC.","CA","2022-11-30","2022-11-30223340115338",-28292.25
260073553,"ASST_NON_CA1152L9T031908_086","CA1152L9T031908","SACRAMENTO STEPS FORWARD","CA","2022-11-30","2022-11-30223340110912",-0.02
260084172,"ASST_NON_CA1519L9D091702_086","CA1519L9D091702","STEP UP ON SECOND STREET, INC.","CA","2022-11-30","2022-11-30223340114945",-65412.16
260079161,"ASST_NON_CA1310L9T081904_086","CA1310L9T081904","COUNTY OF SANTA CRUZ","CA","2022-11-30","2022-11-30223340111005",-60462.17
260033430,"ASST_NON_CA0272L9T131806_086","CA0272L9T131806","FAMILY SERVICES OF TULARE COUNTY","CA","2022-11-30","2022-11-30223340110701",-24982
260084745,"ASST_NON_CA1542L9T031600_086","CA1542L9T031600","SACRAMENTO STEPS FORWARD","CA","2022-11-30","2022-11-30223340109582",-1305141.04
260047036,"ASST_NON_CA0593L9D021811_086","CA0593L9D021811","ANAHEIM SUPPORTIVE HOUSING, INC.","CA","2022-11-30","2022-11-30223340115525",-12130
260058258,"ASST_NON_CA0750L9T031709_086","CA0750L9T031709","SACRAMENTO STEPS FORWARD","CA","2022-11-30","2022-11-30223340110037",-419169.3
260075420,"ASST_NON_CA1204L9T001603_086","CA1204L9T001603","SANTA CLARA, COUNTY OF","CA","2022-11-30","2022-11-30223340109501",-117897
260048103,"ASST_NON_CA0603L9D031912_086","CA0603L9D031912","PATH","CA","2022-11-30","2022-11-30223340116754",-546504.99
260072307,"ASST_NON_CA1115L9D011807_086","CA1115L9D011807","PATH","CA","2022-11-30","2022-11-30223340115295",-112083
260092743,"ASST_NON_CA1601L9D011903_086","CA1601L9D011903","INTERFAITH COMMUNITY SERVICES, INC","CA","2022-11-30","2022-11-30223340116792",-340427
260069568,"ASST_NON_CA1051L9D001909_086","CA1051L9D001909","HOUSING AUTHORITY OF THE CITY OF LOS ANGELES","CA","2022-11-30","2022-11-30223340116715",-36055.27
260085364,"ASST_NON_CA1595L9D001802_086","CA1595L9D001802","HOUSING AUTHORITY OF THE CITY OF LOS ANGELES","CA","2022-11-30","2022-11-30223340115925",-186607.01
260081818,"ASST_NON_CA1438L9D011803_086","CA1438L9D011803","CATHOLIC CHARITIES, DIOCESE OF SAN DIEGO","CA","2022-11-30","2022-11-30223340115248",-16195.18
260084001,"ASST_NON_CA1500L9D001702_086","CA1500L9D001702","HOUSING AUTHORITY OF THE CITY OF LOS ANGELES","CA","2022-11-30","2022-11-30223340114871",-164394.62
260084002,"ASST_NON_CA1500L9D001803_086","CA1500L9D001803","HOUSING AUTHORITY OF THE CITY OF LOS ANGELES","CA","2022-11-30","2022-11-30223340115815",-43807.72
260039696,"ASST_NON_CA0395L9D001811_086","CA0395L9D001811","HOUSING AUTHORITY OF THE CITY OF LOS ANGELES","CA","2022-11-30","2022-11-30223340115635",-189439.67
260083374,"ASST_NON_CA1490L9D001803_086","CA1490L9D001803","HOUSING AUTHORITY OF THE CITY OF LOS ANGELES","CA","2022-11-30","2022-11-30223340115272",-495975.02
260036995,"ASST_NON_CA0324L9D001705_086","CA0324L9D001705","HOUSING AUTHORITY OF THE CITY OF LOS ANGELES","CA","2022-11-30","2022-11-30223340114715",-117773.27
260037034,"ASST_NON_CA0328L9D001805_086","CA0328L9D001805","HOUSING AUTHORITY OF THE CITY OF LOS ANGELES","CA","2022-11-30","2022-11-30223340115734",-31758.55
260060136,"ASST_NON_CA0783L9D001810_086","CA0783L9D001810","HOUSING AUTHORITY OF THE CITY OF LOS ANGELES","CA","2022-11-30","2022-11-30223340115709",-37727.94
260083472,"ASST_NON_CA1499L9D001702_086","CA1499L9D001702","CITY OF BUBANK","CA","2022-11-30","2022-11-30223340114865",-195542.45
260040695,"ASST_NON_CA0420L9D001811_086","CA0420L9D001811","HOUSING AUTHORITY OF THE CITY OF LOS ANGELES","CA","2022-11-30","2022-11-30223340115374",-9205.75
260083392,"ASST_NON_CA1492L9D001803_086","CA1492L9D001803","HOUSING AUTHORITY OF THE CITY OF LOS ANGELES","CA","2022-11-30","2022-11-30223340115284",-650267.55
260039640,"ASST_NON_CA0391L9D001811_086","CA0391L9D001811","HOUSING AUTHORITY OF THE CITY OF LOS ANGELES","CA","2022-11-30","2022-11-30223340115617",-27575.41
260062971,"ASST_NON_CA0862L9D001804_086","CA0862L9D001804","HOUSING AUTHORITY OF THE CITY OF LOS ANGELES","CA","2022-11-30","2022-11-30223340115329",-223391.68
260060204,"ASST_NON_CA0797L9D001810_086","CA0797L9D001810","HOUSING AUTHORITY OF THE CITY OF LOS ANGELES","CA","2022-11-30","2022-11-30223340115721",-282512.47
260080462,"ASST_NON_CA1351L9D021905_086","CA1351L9D021905","MERCY HOUSE LIVING CENTERS","CA","2022-11-30","2022-11-30223340116745",-27483
260043597,"ASST_NON_CA0519L9D001912_086","CA0519L9D001912","HOUSING AUTHORITY OF THE CITY OF LOS ANGELES","CA","2022-11-30","2022-11-30223340116685",-80020.81
260080473,"ASST_NON_CA1352L9D021905_086","CA1352L9D021905","MERCY HOUSE LIVING CENTERS","CA","2022-11-30","2022-11-30223340116773",-156391.57
260072289,"ASST_NON_CA1112L9D001803_086","CA1112L9D001803","HOUSING AUTHORITY OF THE CITY OF LOS ANGELES","CA","2022-11-30","2022-11-30223340116446",-83459.89
260040906,"ASST_NON_CA0438L9D001811_086","CA0438L9D001811","HOUSING AUTHORITY OF THE CITY OF LOS ANGELES","CA","2022-11-30","2022-11-30223340115445",-69480.96
260080461,"ASST_NON_CA1351L9D021804_086","CA1351L9D021804","MERCY HOUSE LIVING CENTERS","CA","2022-11-30","2022-11-30223340116367",-20889.71
260040166,"ASST_NON_CA0407L9D001710_086","CA0407L9D001710","HOUSING AUTHORITY OF THE CITY OF LOS ANGELES","CA","2022-11-30","2022-11-30223340114676",-36248.79
260037043,"ASST_NON_CA0329L9D001805_086","CA0329L9D001805","HOUSING AUTHORITY OF THE CITY OF LOS ANGELES","CA","2022-11-30","2022-11-30223340115740",-232074.65
260039658,"ASST_NON_CA0392L9D001912_086","CA0392L9D001912","HOUSING AUTHORITY OF THE CITY OF LOS ANGELES","CA","2022-11-30","2022-11-30223340116556",-14500.7
260062303,"ASST_NON_CA0850L9T201807_086","CA0850L9T201807","TURNING POINT COMMUNITY PROGRAMS","CA","2022-11-30","2022-11-30223340110729",-19031.82
260081456,"ASST_NON_CA1403L9T131803_086","CA1403L9T131803","TURNING POINT OF CENTRAL CALIFORNIA INC","CA","2022-11-30","2022-11-30223340110284",-3438
260095183,"ASST_NON_CA1693L9D011801_086","CA1693L9D011801","INTERFAITH COMMUNITY SERVICES, INC","CA","2022-11-30","2022-11-30223340116076",-45875
260067621,"ASST_NON_CA0996L9D001804_086","CA0996L9D001804","HOUSING AUTHORITY OF THE CITY OF LOS ANGELES","CA","2022-11-30","2022-11-30223340115942",-138726.89
260039639,"ASST_NON_CA0391L9D001710_086","CA0391L9D001710","HOUSING AUTHORITY OF THE CITY OF LOS ANGELES","CA","2022-11-30","2022-11-30223340114669",-20650.64
260042414,"ASST_NON_CA0464L9D001811_086","CA0464L9D001811","HOUSING AUTHORITY OF THE CITY OF LOS ANGELES","CA","2022-11-30","2022-11-30223340115476",-703903.64
260080375,"ASST_NON_CA1340L9D001804_086","CA1340L9D001804","HOUSING AUTHORITY OF THE CITY OF LOS ANGELES","CA","2022-11-30","2022-11-30223340116266",-56650.25
260061641,"ASST_NON_CA0841L9T141605_086","CA0841L9T141605","TURNING POINT OF CENTRAL CALIFORNIA INC","CA","2022-11-30","2022-11-30223340109366",-95319
260083391,"ASST_NON_CA1492L9D001702_086","CA1492L9D001702","HOUSING AUTHORITY OF THE CITY OF LOS ANGELES","CA","2022-11-30","2022-11-30223340114853",-897251.95
260079185,"ASST_NON_CA1316L9T131702_086","CA1316L9T131702","TURNING POINT OF CENTRAL CALIFORNIA INC","CA","2022-11-30","2022-11-30223340109871",-107927
260069553,"ASST_NON_CA1050L9D001808_086","CA1050L9D001808","HOUSING AUTHORITY OF THE CITY OF LOS ANGELES","CA","2022-11-30","2022-11-30223340116246",-76595.88
260069567,"ASST_NON_CA1051L9D001808_086","CA1051L9D001808","HOUSING AUTHORITY OF THE CITY OF LOS ANGELES","CA","2022-11-30","2022-11-30223340116386",-111536.8
260064445,"ASST_NON_CA0916L9D001809_086","CA0916L9D001809","HOUSING AUTHORITY OF THE CITY OF LOS ANGELES","CA","2022-11-30","2022-11-30223340116380",-111321.28
260095157,"ASST_NON_CA1689L9D001700_086","CA1689L9D001700","HOUSING AUTHORITY OF THE CITY OF LOS ANGELES","CA","2022-11-30","2022-11-30223340115214",-1129489.21
260064639,"ASST_NON_CA0923L9D001910_086","CA0923L9D001910","HOUSING AUTHORITY OF THE CITY OF LOS ANGELES","CA","2022-11-30","2022-11-30223340116599",-62733.52
260079191,"ASST_NON_CA1317L9T131904_086","CA1317L9T131904","TURNING POINT OF CENTRAL CALIFORNIA INC","CA","2022-11-30","2022-11-30223340110985",-121823
260079190,"ASST_NON_CA1317L9T131803_086","CA1317L9T131803","TURNING POINT OF CENTRAL CALIFORNIA INC","CA","2022-11-30","2022-11-30223340110375",-4731
260071906,"ASST_NON_CA1106L9D001702_086","CA1106L9D001702","HOUSING AUTHORITY OF THE CITY OF LOS ANGELES","CA","2022-11-30","2022-11-30223340115111",-64358.03
260040167,"ASST_NON_CA0407L9D001811_086","CA0407L9D001811","HOUSING AUTHORITY OF THE CITY OF LOS ANGELES","CA","2022-11-30","2022-11-30223340115350",-135675.2
260061642,"ASST_NON_CA0841L9T141706_086","CA0841L9T141706","TURNING POINT OF CENTRAL CALIFORNIA INC","CA","2022-11-30","2022-11-30223340109972",-64358
260039674,"ASST_NON_CA0393L9D001811_086","CA0393L9D001811","HOUSING AUTHORITY OF THE CITY OF LOS ANGELES","CA","2022-11-30","2022-11-30223340115629",-71899.3
260041612,"ASST_NON_CA0445L9D001811_086","CA0445L9D001811","HOUSING AUTHORITY OF THE CITY OF LOS ANGELES","CA","2022-11-30","2022-11-30223340115457",-117720.98
260036996,"ASST_NON_CA0324L9D001806_086","CA0324L9D001806","HOUSING AUTHORITY OF THE CITY OF LOS ANGELES","CA","2022-11-30","2022-11-30223340115728",-126299.9
260042525,"ASST_NON_CA0474L9D001912_086","CA0474L9D001912","HOUSING AUTHORITY OF THE CITY OF LOS ANGELES","CA","2022-11-30","2022-11-30223340116673",-166080.41
260080364,"ASST_NON_CA1339L9D001804_086","CA1339L9D001804","HOUSING AUTHORITY OF THE CITY OF LOS ANGELES","CA","2022-11-30","2022-11-30223340116260",-70021.21
260065859,"ASST_NON_CA0944L9D011910_086","CA0944L9D011910","INTERFAITH COMMUNITY SERVICES, INC","CA","2022-11-30","2022-11-30223340116709",-3188
260064258,"ASST_NON_CA0892L9T051910_086","CA0892L9T051910","HOUSING AUTHORITY OF CONTRA COSTA COUNTY","CA","2022-11-30","2022-11-30223340111343",-2918.7
260042507,"ASST_NON_CA0473L9D001811_086","CA0473L9D001811","HOUSING AUTHORITY OF THE CITY OF LOS ANGELES","CA","2022-11-30","2022-11-30223340115494",-351148.25
260080374,"ASST_NON_CA1340L9D001703_086","CA1340L9D001703","HOUSING AUTHORITY OF THE CITY OF LOS ANGELES","CA","2022-11-30","2022-11-30223340115056",-156310.49
260084103,"ASST_NON_CA1514L9D021904_086","CA1514L9D021904","MERCY HOUSE LIVING CENTERS","CA","2022-11-30","2022-11-30223340116820",-51255.79
260092742,"ASST_NON_CA1601L9D011802_086","CA1601L9D011802","INTERFAITH COMMUNITY SERVICES, INC","CA","2022-11-30","2022-11-30223340116009",-267309
260076314,"ASST_NON_CA1220L9D001806_086","CA1220L9D001806","HOUSING AUTHORITY OF THE CITY OF LOS ANGELES","CA","2022-11-30","2022-11-30223340116177",-82102.95
260037561,"ASST_NON_CA0336L9D001811_086","CA0336L9D001811","HOUSING AUTHORITY OF THE CITY OF LOS ANGELES","CA","2022-11-30","2022-11-30223340115752",-190099.88
260075876,"ASST_NON_CA1217L9D001806_086","CA1217L9D001806","HOUSING AUTHORITY OF THE CITY OF LOS ANGELES","CA","2022-11-30","2022-11-30223340116110",-88273.86
260072828,"ASST_NON_CA1120L9D021806_086","CA1120L9D021806","MERCY HOUSE LIVING CENTERS","CA","2022-11-30","2022-11-30223340115307",-6764.5
260076337,"ASST_NON_CA1224L9D001806_086","CA1224L9D001806","HOUSING AUTHORITY OF THE CITY OF LOS ANGELES","CA","2022-11-30","2022-11-30223340116183",-27190.38
260062972,"ASST_NON_CA0862L9D001905_086","CA0862L9D001905","HOUSING AUTHORITY OF THE CITY OF LOS ANGELES","CA","2022-11-30","2022-11-30223340116515",-80370.72
260040143,"ASST_NON_CA0405L9D001811_086","CA0405L9D001811","HOUSING AUTHORITY OF THE CITY OF LOS ANGELES","CA","2022-11-30","2022-11-30223340115344",-698780.42
260061644,"ASST_NON_CA0841L9T141908_086","CA0841L9T141908","TURNING POINT OF CENTRAL CALIFORNIA INC","CA","2022-11-30","2022-11-30223340111222",-77382
260085363,"ASST_NON_CA1595L9D001701_086","CA1595L9D001701","HOUSING AUTHORITY OF THE CITY OF LOS ANGELES","CA","2022-11-30","2022-11-30223340114957",-233141.64
260065858,"ASST_NON_CA0944L9D011809_086","CA0944L9D011809","INTERFAITH COMMUNITY SERVICES, INC","CA","2022-11-30","2022-11-30223340115866",-2687
260037025,"ASST_NON_CA0326L9D001705_086","CA0326L9D001705","HOUSING AUTHORITY OF THE CITY OF LOS ANGELES","CA","2022-11-30","2022-11-30223340114721",-13158.05
260085355,"ASST_NON_CA1594L9D001802_086","CA1594L9D001802","HOUSING AUTHORITY OF THE CITY OF LOS ANGELES","CA","2022-11-30","2022-11-30223340115919",-160103.27
260072276,"ASST_NON_CA1110L9D001803_086","CA1110L9D001803","HOUSING AUTHORITY OF THE CITY OF LOS ANGELES","CA","2022-11-30","2022-11-30223340116440",-196130.32
260037545,"ASST_NON_CA0335L9D001912_086","CA0335L9D001912","HOUSING AUTHORITY OF THE CITY OF LOS ANGELES","CA","2022-11-30","2022-11-30223340116760",-27163.07
260117102,"ASST_NON_CA1888T9D021900_086","CA1888T9D021900","MERCY HOUSE LIVING CENTERS","CA","2022-11-30","2022-11-30223340116579",-149484.68
260080386,"ASST_NON_CA1341L9D001804_086","CA1341L9D001804","HOUSING AUTHORITY OF THE CITY OF LOS ANGELES","CA","2022-11-30","2022-11-30223340116272",-1056528.65
260071907,"ASST_NON_CA1106L9D001803_086","CA1106L9D001803","HOUSING AUTHORITY OF THE CITY OF LOS ANGELES","CA","2022-11-30","2022-11-30223340116428",-72799.37
260054458,"ASST_NON_CA0694L9D011710_086","CA0694L9D011710","COUNTY OF SAN DIEGO","CA","2022-11-30","2022-11-30223340114816",-373508.29
260083382,"ASST_NON_CA1491L9D001803_086","CA1491L9D001803","HOUSING AUTHORITY OF THE CITY OF LOS ANGELES","CA","2022-11-30","2022-11-30223340115278",-161060.99
260067620,"ASST_NON_CA0996L9D001703_086","CA0996L9D001703","HOUSING AUTHORITY OF THE CITY OF LOS ANGELES","CA","2022-11-30","2022-11-30223340115019",-85187.85
260072275,"ASST_NON_CA1110L9D001702_086","CA1110L9D001702","HOUSING AUTHORITY OF THE CITY OF LOS ANGELES","CA","2022-11-30","2022-11-30223340115117",-134898.37
260080472,"ASST_NON_CA1352L9D021804_086","CA1352L9D021804","MERCY HOUSE LIVING CENTERS","CA","2022-11-30","2022-11-30223340116373",-46933.42
260064460,"ASST_NON_CA0917L9D001809_086","CA0917L9D001809","HOUSING AUTHORITY OF THE CITY OF LOS ANGELES","CA","2022-11-30","2022-11-30223340116394",-156797.21
260084102,"ASST_NON_CA1514L9D021803_086","CA1514L9D021803","MERCY HOUSE LIVING CENTERS","CA","2022-11-30","2022-11-30223340115907",-42241.09
260054459,"ASST_NON_CA0694L9D011811_086","CA0694L9D011811","COUNTY OF SAN DIEGO","CA","2022-11-30","2022-11-30223340115796",-336023.17
260083373,"ASST_NON_CA1490L9D001702_086","CA1490L9D001702","HOUSING AUTHORITY OF THE CITY OF LOS ANGELES","CA","2022-11-30","2022-11-30223340114841",-852194.11
260083381,"ASST_NON_CA1491L9D001702_086","CA1491L9D001702","HOUSING AUTHORITY OF THE CITY OF LOS ANGELES","CA","2022-11-30","2022-11-30223340114847",-384414.21
260040184,"ASST_NON_CA0408L9D001811_086","CA0408L9D001811","HOUSING AUTHORITY OF THE CITY OF LOS ANGELES","CA","2022-11-30","2022-11-30223340115356",-182744.94
260075870,"ASST_NON_CA1216L9D001806_086","CA1216L9D001806","HOUSING AUTHORITY OF THE CITY OF LOS ANGELES","CA","2022-11-30","2022-11-30223340116104",-128838.57
260039657,"ASST_NON_CA0392L9D001811_086","CA0392L9D001811","HOUSING AUTHORITY OF THE CITY OF LOS ANGELES","CA","2022-11-30","2022-11-30223340115623",-35835.96
260040144,"ASST_NON_CA0405L9D001912_086","CA0405L9D001912","HOUSING AUTHORITY OF THE CITY OF LOS ANGELES","CA","2022-11-30","2022-11-30223340116568",-749116.85
260068962,"ASST_NON_CA1049L9D001808_086","CA1049L9D001808","HOUSING AUTHORITY OF THE CITY OF LOS ANGELES","CA","2022-11-30","2022-11-30223340116240",-31542.21
260085354,"ASST_NON_CA1594L9D001701_086","CA1594L9D001701","HOUSING AUTHORITY OF THE CITY OF LOS ANGELES","CA","2022-11-30","2022-11-30223340114951",-213695.69
260116803,"ASST_NON_CA1770D9T181901_086","CA1770D9T181901","COMMUNITY ACTION PARTNERSHIP OF SOLANO JPA","CA","2022-11-30","2022-11-30223340110903",-7043.04
260072827,"ASST_NON_CA1120L9D021705_086","CA1120L9D021705","MERCY HOUSE LIVING CENTERS","CA","2022-11-30","2022-11-30223340114896",-12685.83
260060267,"ASST_NON_CA0799L9D001810_086","CA0799L9D001810","HOUSING AUTHORITY OF THE CITY OF LOS ANGELES","CA","2022-11-30","2022-11-30223340116128",-122766.58
260072284,"ASST_NON_CA1111L9D001702_086","CA1111L9D001702","HOUSING AUTHORITY OF THE CITY OF LOS ANGELES","CA","2022-11-30","2022-11-30223340115123",-135078.07
260072288,"ASST_NON_CA1112L9D001702_086","CA1112L9D001702","HOUSING AUTHORITY OF THE CITY OF LOS ANGELES","CA","2022-11-30","2022-11-30223340114878",-62438.05
260064638,"ASST_NON_CA0923L9D001809_086","CA0923L9D001809","HOUSING AUTHORITY OF THE CITY OF LOS ANGELES","CA","2022-11-30","2022-11-30223340116406",-105472.19
260042524,"ASST_NON_CA0474L9D001811_086","CA0474L9D001811","HOUSING AUTHORITY OF THE CITY OF LOS ANGELES","CA","2022-11-30","2022-11-30223340115500",-283506.31
260095158,"ASST_NON_CA1689L9D001801_086","CA1689L9D001801","HOUSING AUTHORITY OF THE CITY OF LOS ANGELES","CA","2022-11-30","2022-11-30223340116058",-811982.07
260061643,"ASST_NON_CA0841L9T141807_086","CA0841L9T141807","TURNING POINT OF CENTRAL CALIFORNIA INC","CA","2022-11-30","2022-11-30223340110579",-81246
260080349,"ASST_NON_CA1337L9D001804_086","CA1337L9D001804","HOUSING AUTHORITY OF THE CITY OF LOS ANGELES","CA","2022-11-30","2022-11-30223340116254",-195683.5
260041596,"ASST_NON_CA0444L9D001912_086","CA0444L9D001912","HOUSING AUTHORITY OF THE CITY OF LOS ANGELES","CA","2022-11-30","2022-11-30223340116610",-60277.85
260075869,"ASST_NON_CA1216L9D001705_086","CA1216L9D001705","HOUSING AUTHORITY OF THE CITY OF LOS ANGELES","CA","2022-11-30","2022-11-30223340114616",-171077.93
260077213,"ASST_NON_CA1255L9T141703_086","CA1255L9T141703","TURNING POINT OF CENTRAL CALIFORNIA INC","CA","2022-11-30","2022-11-30223340109806",-26927
260064615,"ASST_NON_CA0920L9D001809_086","CA0920L9D001809","HOUSING AUTHORITY OF THE CITY OF LOS ANGELES","CA","2022-11-30","2022-11-30223340116400",-1232907.28
260080359,"ASST_NON_CA1338L9D001703_086","CA1338L9D001703","HOUSING AUTHORITY OF THE CITY OF LOS ANGELES","CA","2022-11-30","2022-11-30223340115044",-149357.49
260043596,"ASST_NON_CA0519L9D001811_086","CA0519L9D001811","HOUSING AUTHORITY OF THE CITY OF LOS ANGELES","CA","2022-11-30","2022-11-30223340115660",-154703.62
260078329,"ASST_NON_CA1275L9T051601_086","CA1275L9T051601","HOUSING AUTHORITY OF CONTRA COSTA COUNTY","CA","2022-11-30","2022-11-30223340109489",-676984.93
260071903,"ASST_NON_CA1105L9D001702_086","CA1105L9D001702","HOUSING AUTHORITY OF THE CITY OF LOS ANGELES","CA","2022-11-30","2022-11-30223340115105",-25056.05
260037544,"ASST_NON_CA0335L9D001811_086","CA0335L9D001811","HOUSING AUTHORITY OF THE CITY OF LOS ANGELES","CA","2022-11-30","2022-11-30223340115746",-42962.08
260083341,"ASST_NON_CA1484L9T181904_086","CA1484L9T181904","COMMUNITY ACTION PARTNERSHIP OF SOLANO JPA","CA","2022-11-30","2022-11-30223340110973",-24152.65
260076313,"ASST_NON_CA1220L9D001705_086","CA1220L9D001705","HOUSING AUTHORITY OF THE CITY OF LOS ANGELES","CA","2022-11-30","2022-11-30223340114623",-133794.62
260080363,"ASST_NON_CA1339L9D001703_086","CA1339L9D001703","HOUSING AUTHORITY OF THE CITY OF LOS ANGELES","CA","2022-11-30","2022-11-30223340115050",-85886.54
260041595,"ASST_NON_CA0444L9D001811_086","CA0444L9D001811","HOUSING AUTHORITY OF THE CITY OF LOS ANGELES","CA","2022-11-30","2022-11-30223340115451",-73648.56
260079184,"ASST_NON_CA1316L9T131601_086","CA1316L9T131601","TURNING POINT OF CENTRAL CALIFORNIA INC","CA","2022-11-30","2022-11-30223340109523",-104111
260080387,"ASST_NON_CA1341L9D001905_086","CA1341L9D001905","HOUSING AUTHORITY OF THE CITY OF LOS ANGELES","CA","2022-11-30","2022-11-30223340116739",-1879136.6
260043579,"ASST_NON_CA0518L9D001811_086","CA0518L9D001811","UPWARD BOUND HOUSE","CA","2022-11-30","2022-11-30223340115654",-11363
260067631,"ASST_NON_CA0997L9D001803_086","CA0997L9D001803","HOUSING AUTHORITY OF THE CITY OF LOS ANGELES","CA","2022-11-30","2022-11-30223340115948",-47719.43
260061751,"ASST_NON_CA0848L9T201807_086","CA0848L9T201807","TURNING POINT COMMUNITY PROGRAMS","CA","2022-11-30","2022-11-30223340110585",-46527.81
260079186,"ASST_NON_CA1316L9T131803_086","CA1316L9T131803","TURNING POINT OF CENTRAL CALIFORNIA INC","CA","2022-11-30","2022-11-30223340110369",-96531
260040907,"ASST_NON_CA0438L9D001912_086","CA0438L9D001912","HOUSING AUTHORITY OF THE CITY OF LOS ANGELES","CA","2022-11-30","2022-11-30223340116604",-57914.99
260032379,"ASST_NON_CA0250L9T111709_086","CA0250L9T111709","SAN JOAQUIN COUNTY - HUMAN SERVICES AGENCY","CA","2022-11-30","2022-11-30223340109959",-51597
260064329,"ASST_NON_CA0902L9T111607_086","CA0902L9T111607","SAN JOAQUIN COUNTY - HUMAN SERVICES AGENCY","CA","2022-11-30","2022-11-30223340109400",-66816
260064330,"ASST_NON_CA0902L9T111708_086","CA0902L9T111708","SAN JOAQUIN COUNTY - HUMAN SERVICES AGENCY","CA","2022-11-30","2022-11-30223340109954",-32057
260064331,"ASST_NON_CA0902L9T111809_086","CA0902L9T111809","SAN JOAQUIN COUNTY - HUMAN SERVICES AGENCY","CA","2022-11-30","2022-11-30223340110572",-5615
260058743,"ASST_NON_CA0762L9T111809_086","CA0762L9T111809","SAN JOAQUIN COUNTY - HUMAN SERVICES AGENCY","CA","2022-11-30","2022-11-30223340110390",-6
260058734,"ASST_NON_CA0761L9T111808_086","CA0761L9T111808","SAN JOAQUIN COUNTY - HUMAN SERVICES AGENCY","CA","2022-11-30","2022-11-30223340110384",-3935
260032415,"ASST_NON_CA0252L9T111810_086","CA0252L9T111810","SAN JOAQUIN COUNTY - HUMAN SERVICES AGENCY","CA","2022-11-30","2022-11-30223340110559",-14506.47
260032378,"ASST_NON_CA0250L9T111608_086","CA0250L9T111608","SAN JOAQUIN COUNTY - HUMAN SERVICES AGENCY","CA","2022-11-30","2022-11-30223340109347",-56354
260058751,"ASST_NON_CA0763L9T111808_086","CA0763L9T111808","SAN JOAQUIN COUNTY - HUMAN SERVICES AGENCY","CA","2022-11-30","2022-11-30223340110396",-241
260032381,"ASST_NON_CA0250L9T111911_086","CA0250L9T111911","SAN JOAQUIN COUNTY - HUMAN SERVICES AGENCY","CA","2022-11-30","2022-11-30223340111365",-124889
260032430,"ASST_NON_CA0253L9T111609_086","CA0253L9T111609","SAN JOAQUIN COUNTY - HUMAN SERVICES AGENCY","CA","2022-11-30","2022-11-30223340109376",-79167
260032416,"ASST_NON_CA0252L9T111911_086","CA0252L9T111911","SAN JOAQUIN COUNTY - HUMAN SERVICES AGENCY","CA","2022-11-30","2022-11-30223340111378",-29994.26
260032432,"ASST_NON_CA0253L9T111811_086","CA0253L9T111811","SAN JOAQUIN COUNTY - HUMAN SERVICES AGENCY","CA","2022-11-30","2022-11-30223340110565",-1970
260058733,"ASST_NON_CA0761L9T111707_086","CA0761L9T111707","SAN JOAQUIN COUNTY - HUMAN SERVICES AGENCY","CA","2022-11-30","2022-11-30223340110017",-21842
260080348,"ASST_NON_CA1337L9D001703_086","CA1337L9D001703","HOUSING AUTHORITY OF THE CITY OF LOS ANGELES","CA","2022-11-30","2022-11-30223340114753",-201185.5
260083473,"ASST_NON_CA1499L9D001803_086","CA1499L9D001803","CITY OF BUBANK","CA","2022-11-30","2022-11-30223340115809",-147774.59
260060252,"ASST_NON_CA0798L9D001911_086","CA0798L9D001911","HOUSING AUTHORITY OF THE CITY OF LOS ANGELES","CA","2022-11-30","2022-11-30223340116660",-164501.49
260060251,"ASST_NON_CA0798L9D001810_086","CA0798L9D001810","HOUSING AUTHORITY OF THE CITY OF LOS ANGELES","CA","2022-11-30","2022-11-30223340116122",-207815.44
260046309,"ASST_NON_CA0578L9D021811_086","CA0578L9D021811","MERCY HOUSE LIVING CENTERS","CA","2022-11-30","2022-11-30223340115513",-1312.98
260064461,"ASST_NON_CA0917L9D001910_086","CA0917L9D001910","HOUSING AUTHORITY OF THE CITY OF LOS ANGELES","CA","2022-11-30","2022-11-30223340116580",-85398.26
260042508,"ASST_NON_CA0473L9D001912_086","CA0473L9D001912","HOUSING AUTHORITY OF THE CITY OF LOS ANGELES","CA","2022-11-30","2022-11-30223340116667",-256562.13
260077214,"ASST_NON_CA1255L9T141804_086","CA1255L9T141804","TURNING POINT OF CENTRAL CALIFORNIA INC","CA","2022-11-30","2022-11-30223340110490",-38551
260067612,"ASST_NON_CA0995L9D001803_086","CA0995L9D001803","HOUSING AUTHORITY OF THE CITY OF LOS ANGELES","CA","2022-11-30","2022-11-30223340115936",-265955.24
260020903,"ASST_NON_CA0083L9T021609_086","CA0083L9T021609","ALAMEDA COUNTY HOUSING & COMMUNITY DEVELOPMENT","CA","2022-11-30","2022-11-30223340109387",-118124
260060933,"ASST_NON_CA0816L9D091608_086","CA0816L9D091608","HOUSING AUTHORITY OF THE COUNTY OF SAN BERNARDINO","CA","2022-11-30","2022-11-30223340114575",-45864
260029256,"ASST_NON_CA0206L9T061811_086","CA0206L9T061811","COMMUNITY HOMELESS SOLUTIONS","CA","2022-11-30","2022-11-30223340110508",-15553.32
260067780,"ASST_NON_CA1018L9D091803_086","CA1018L9D091803","HOUSING AUTHORITY OF THE COUNTY OF SAN BERNARDINO","CA","2022-11-30","2022-11-30223340116222",-93785
260057724,"ASST_NON_CA0747L9T021709_086","CA0747L9T021709","ALAMEDA COUNTY HOUSING & COMMUNITY DEVELOPMENT","CA","2022-11-30","2022-11-30223340110025",-384276.54
260063566,"ASST_NON_CA0876L9D091602_086","CA0876L9D091602","HOUSING AUTHORITY OF THE COUNTY OF SAN BERNARDINO","CA","2022-11-30","2022-11-30223340114581",-79954
260067779,"ASST_NON_CA1018L9D091702_086","CA1018L9D091702","HOUSING AUTHORITY OF THE COUNTY OF SAN BERNARDINO","CA","2022-11-30","2022-11-30223340115037",-97615
260063569,"ASST_NON_CA0876L9D091905_086","CA0876L9D091905","HOUSING AUTHORITY OF THE COUNTY OF SAN BERNARDINO","CA","2022-11-30","2022-11-30223340116527",-45422
260029242,"ASST_NON_CA0205L9T061811_086","CA0205L9T061811","COMMUNITY HOMELESS SOLUTIONS","CA","2022-11-30","2022-11-30223340110502",-39923.34
260063581,"ASST_NON_CA0878L9D091602_086","CA0878L9D091602","HOUSING AUTHORITY OF THE COUNTY OF SAN BERNARDINO","CA","2022-11-30","2022-11-30223340114587",-45794
260022655,"ASST_NON_CA0110L9T021710_086","CA0110L9T021710","ALAMEDA COUNTY HOUSING & COMMUNITY DEVELOPMENT","CA","2022-11-30","2022-11-30223340109766",-3170.55
260063568,"ASST_NON_CA0876L9D091804_086","CA0876L9D091804","HOUSING AUTHORITY OF THE COUNTY OF SAN BERNARDINO","CA","2022-11-30","2022-11-30223340115858",-59235
260078305,"ASST_NON_CA1272L9T021602_086","CA1272L9T021602","ALAMEDA COUNTY HOUSING & COMMUNITY DEVELOPMENT","CA","2022-11-30","2022-11-30223340109498",-169113.35
260076327,"ASST_NON_CA1223L9D091604_086","CA1223L9D091604","HOUSING AUTHORITY OF THE COUNTY OF SAN BERNARDINO","CA","2022-11-30","2022-11-30223340114551",-173320.4
260020921,"ASST_NON_CA0084L9T021710_086","CA0084L9T021710","ALAMEDA COUNTY HOUSING & COMMUNITY DEVELOPMENT","CA","2022-11-30","2022-11-30223340109949",-332287.79
260084732,"ASST_NON_CA1539L9T021701_086","CA1539L9T021701","ALAMEDA COUNTY HOUSING & COMMUNITY DEVELOPMENT","CA","2022-11-30","2022-11-30223340109825",-51519.28
260029211,"ASST_NON_CA0202L9T061609_086","CA0202L9T061609","COMMUNITY HOMELESS SOLUTIONS","CA","2022-11-30","2022-11-30223340109325",-186769
260072918,"ASST_NON_CA1138L9D091601_086","CA1138L9D091601","HOUSING AUTHORITY OF THE COUNTY OF SAN BERNARDINO","CA","2022-11-30","2022-11-30223340114539",-146270
260020906,"ASST_NON_CA0083L9T021912_086","CA0083L9T021912","ALAMEDA COUNTY HOUSING & COMMUNITY DEVELOPMENT","CA","2022-11-30","2022-11-30223340111277",-3117.89
260063583,"ASST_NON_CA0878L9D091804_086","CA0878L9D091804","HOUSING AUTHORITY OF THE COUNTY OF SAN BERNARDINO","CA","2022-11-30","2022-11-30223340115882",-25453
260067563,"ASST_NON_CA0989L9T261907_086","CA0989L9T261907","AMADOR TUOLUMNE COMMUNITY ACTION AGENCY","CA","2022-11-30","2022-11-30223340111199",-2486
260084733,"ASST_NON_CA1539L9T021802_086","CA1539L9T021802","ALAMEDA COUNTY HOUSING & COMMUNITY DEVELOPMENT","CA","2022-11-30","2022-11-30223340110317",-100566.4
260020940,"ASST_NON_CA0085L9T021912_086","CA0085L9T021912","ALAMEDA COUNTY HOUSING & COMMUNITY DEVELOPMENT","CA","2022-11-30","2022-11-30223340111258",-86672.34
260029227,"ASST_NON_CA0204L9T061710_086","CA0204L9T061710","COMMUNITY HOMELESS SOLUTIONS","CA","2022-11-30","2022-11-30223340109984",-10322.01
260022952,"ASST_NON_CA0118L9T021912_086","CA0118L9T021912","ALAMEDA COUNTY HOUSING & COMMUNITY DEVELOPMENT","CA","2022-11-30","2022-11-30223340110943",-13393.8
260116716,"ASST_NON_CA1739L9T021800_086","CA1739L9T021800","ALAMEDA COUNTY HOUSING & COMMUNITY DEVELOPMENT","CA","2022-11-30","2022-11-30223340110866",-5967.48
260083033,"ASST_NON_CA1468L9T021904_086","CA1468L9T021904","ALAMEDA COUNTY HOUSING & COMMUNITY DEVELOPMENT","CA","2022-11-30","2022-11-30223340111068",-16147.87
260030854,"ASST_NON_CA0234L9T081912_086","CA0234L9T081912","HOUSING AUTHORITY OF THE COUNTY OF SANTA CRUZ","CA","2022-11-30","2022-11-30223340111271",-248943.29
260073538,"ASST_NON_CA1151L9T021807_086","CA1151L9T021807","ALAMEDA COUNTY HOUSING & COMMUNITY DEVELOPMENT","CA","2022-11-30","2022-11-30223340110821",-160550.18
260022987,"ASST_NON_CA0119L9T021811_086","CA0119L9T021811","ALAMEDA COUNTY HOUSING & COMMUNITY DEVELOPMENT","CA","2022-11-30","2022-11-30223340110799",-0.18
260029240,"ASST_NON_CA0205L9T061609_086","CA0205L9T061609","COMMUNITY HOMELESS SOLUTIONS","CA","2022-11-30","2022-11-30223340109353",-62812.12
260022951,"ASST_NON_CA0118L9T021811_086","CA0118L9T021811","ALAMEDA COUNTY HOUSING & COMMUNITY DEVELOPMENT","CA","2022-11-30","2022-11-30223340110787",-372851.82
260022988,"ASST_NON_CA0119L9T021912_086","CA0119L9T021912","ALAMEDA COUNTY HOUSING & COMMUNITY DEVELOPMENT","CA","2022-11-30","2022-11-30223340111288",-220.16
260067778,"ASST_NON_CA1018L9D091601_086","CA1018L9D091601","HOUSING AUTHORITY OF THE COUNTY OF SAN BERNARDINO","CA","2022-11-30","2022-11-30223340114533",-87095
260068376,"ASST_NON_CA1037L9T102010_086","CA1037L9T102010","STANISLAUS COUNTY AFFORDABLE HOUSING CORP","CA","2022-12-02","2022-12-02223360541343",-12517.47
260066839,"ASST_NON_CA0965L9T102007_086","CA0965L9T102007","STANISLAUS COUNTY AFFORDABLE HOUSING CORP","CA","2022-12-02","2022-12-02223360541337",-24458.17
260117268,"ASST_NON_CA1989D9T062100_086","CA1989D9T062100","THE YWCA OF MONTEREY COUNTY","CA","2022-12-05","2022-12-05223390043146",274920
260061067,"ASST_NON_CA0829L9T042110_086","CA0829L9T042110","COMMITTEE ON THE SHELTERLESS","CA","2022-12-05","2022-12-05223390043150",292843
260031562,"ASST_NON_CA0242L9T102011_086","CA0242L9T102011","COMMUNITY IMPACT CENTRAL VALLEY","CA","2022-12-06","2022-12-06223400160371",-61575.22
260058331,"ASST_NON_CA0758L9T102010_086","CA0758L9T102010","COMMUNITY IMPACT CENTRAL VALLEY","CA","2022-12-06","2022-12-06223400160377",-93549.35
260064296,"ASST_NON_CA0896L9T102011_086","CA0896L9T102011","COMMUNITY IMPACT CENTRAL VALLEY","CA","2022-12-06","2022-12-06223400160383",-26827.54
260031541,"ASST_NON_CA0240L9T102009_086","CA0240L9T102009","COMMUNITY IMPACT CENTRAL VALLEY","CA","2022-12-06","2022-12-06223400160388",-27824.82
260117513,"ASST_NON_CA2039L9D032100_086","CA2039L9D032100","COUNTY OF SANTA BARBARA","CA","2022-12-07","2022-12-07223410043126",58357
260117466,"ASST_NON_CA2023L9T302100_086","CA2023L9T302100","COUNTY OF INYO","CA","2022-12-07","2022-12-07223410040500",3446
260117238,"ASST_NON_CA1979D9T032100_086","CA1979D9T032100","SACRAMENTO STEPS FORWARD","CA","2022-12-07","2022-12-07223410040496",454465
260061571,"ASST_NON_CA0833L9T102008_086","CA0833L9T102008","COMMUNITY HOUSING AND SHELTER SERVICES OF STANISLAUS COUNTY","CA","2022-12-12","2022-12-12223460069734",-85669.88
260085232,"ASST_NON_CA1561L9T102004_086","CA1561L9T102004","COMMUNITY HOUSING AND SHELTER SERVICES OF STANISLAUS COUNTY","CA","2022-12-12","2022-12-12223460069744",-21235.39
260085223,"ASST_NON_CA1560L9T102004_086","CA1560L9T102004","COMMUNITY HOUSING AND SHELTER SERVICES OF STANISLAUS COUNTY","CA","2022-12-12","2022-12-12223460069740",-15675.46
260117477,"ASST_NON_CA2028D9D002100_086","CA2028D9D002100","LOS ANGELES HOMELESS SERVICES AUTHORITY","CA","2022-12-12","2022-12-12223460072218",705158
260117469,"ASST_NON_CA2026D9D002100_086","CA2026D9D002100","LOS ANGELES HOMELESS SERVICES AUTHORITY","CA","2022-12-12","2022-12-12223460072214",987992
260117249,"ASST_NON_CA1983L9T042100_086","CA1983L9T042100","THE SOCIETY OF ST VINCENT DE PAUL DISTRICT COUNCIL OF SONOMA COUNTY","CA","2022-12-14","2022-12-14223480074188",303360
260117523,"ASST_NON_CA2045L9D072100_086","CA2045L9D072100","CITY OF PASADENA","CA","2022-12-15","2022-12-15223490040066",121014
260117234,"ASST_NON_CA1978L9T032100_086","CA1978L9T032100","SACRAMENTO STEPS FORWARD","CA","2022-12-16","2022-12-16223500037050",310961
260117227,"ASST_NON_CA1975L9T032100_086","CA1975L9T032100","SACRAMENTO STEPS FORWARD","CA","2022-12-16","2022-12-16223500037046",791446
260117223,"ASST_NON_CA1974L9T032100_086","CA1974L9T032100","SACRAMENTO STEPS FORWARD","CA","2022-12-16","2022-12-16223500037042",3e+05
260117241,"ASST_NON_CA1980D9T032100_086","CA1980D9T032100","SACRAMENTO STEPS FORWARD","CA","2022-12-16","2022-12-16223500037038",325658
260117309,"ASST_NON_CA2006L9T142100_086","CA2006L9T142100","HOUSING AUTHORITY OF THE CITY OF FRESNO","CA","2022-12-21","2022-12-21223550044740",326648
260117306,"ASST_NON_CA2005L9T142100_086","CA2005L9T142100","WESTSIDE FAMILY PRESERVATION SERVICES NETWORK","CA","2022-12-21","2022-12-21223550044736",607008
260117228,"ASST_NON_CA1976L9T032100_086","CA1976L9T032100","TURNING POINT COMMUNITY PROGRAMS","CA","2022-12-22","2022-12-22223560039984",555345
260117231,"ASST_NON_CA1977L9T032100_086","CA1977L9T032100","TURNING POINT COMMUNITY PROGRAMS","CA","2022-12-23","2022-12-23223570040884",206384
260117660,"ASST_NON_CA2062L9D132100_086","CA2062L9D132100","IMPERIAL COUNTY","CA","2022-12-30","2022-12-30223640045464",23107
