"model","lambda_rule","fold","validation_year","term","coefficient","lambda"
"pooled_lasso","min",1,2017,"(Intercept)",42.8824847939109,0.651484478321249
"pooled_lasso","min",1,2017,"control_state_florida",1.42774226435343,0.651484478321249
"pooled_lasso","min",1,2017,"control_time_index",-3.14218484328993,0.651484478321249
"pooled_lasso","min",1,2017,"coc_log_estimated_population",-8.73309826756357,0.651484478321249
"pooled_lasso","min",1,2017,"coc_population_density_per_sq_mile",-3.58802576366424,0.651484478321249
"pooled_lasso","min",1,2017,"coc_contributing_counties",-0.339430270708087,0.651484478321249
"pooled_lasso","min",1,2017,"coc_contains_split_county_flag",0,0.651484478321249
"pooled_lasso","min",1,2017,"coc_housing_units_per_1000_residents",0,0.651484478321249
"pooled_lasso","min",1,2017,"coc_permits_per_1000_housing_units",0,0.651484478321249
"pooled_lasso","min",1,2017,"coc_multifamily_permit_share_pct",0,0.651484478321249
"pooled_lasso","min",1,2017,"coc_permits_value_per_1000_housing_units_2025_usd",0.74336632193291,0.651484478321249
"pooled_lasso","min",1,2017,"coc_birth_rate_per_1000",0,0.651484478321249
"pooled_lasso","min",1,2017,"coc_death_rate_per_1000",0,0.651484478321249
"pooled_lasso","min",1,2017,"coc_international_migration_rate_per_1000",-3.25612714815587,0.651484478321249
"pooled_lasso","min",1,2017,"coc_domestic_migration_rate_per_1000",0,0.651484478321249
"pooled_lasso","min",1,2017,"coc_group_quarters_per_1000_residents",0,0.651484478321249
"pooled_lasso","min",1,2017,"coc_population_growth_rate_pct",-0.646477159548811,0.651484478321249
"pooled_lasso","min",1,2017,"coc_housing_supply_growth_rate_pct",0.346881097176804,0.651484478321249
"pooled_lasso","min",1,2017,"coc_poverty_all_pct",0,0.651484478321249
"pooled_lasso","min",1,2017,"coc_poverty_child_pct",0,0.651484478321249
"pooled_lasso","min",1,2017,"coc_real_median_household_income_2025_usd",0,0.651484478321249
"pooled_lasso","min",1,2017,"coc_real_per_capita_personal_income_2025_usd",0,0.651484478321249
"pooled_lasso","min",1,2017,"coc_unemployment_rate_pct",-2.49477870037192,0.651484478321249
"pooled_lasso","min",1,2017,"coc_high_school_graduate_pct",0,0.651484478321249
"pooled_lasso","min",1,2017,"coc_homeownership_rate_pct",0,0.651484478321249
"pooled_lasso","min",1,2017,"coc_housing_cost_burdened_households_pct",3.96960087841114,0.651484478321249
"pooled_lasso","min",1,2017,"coc_income_inequality_ratio",-2.89740085542533,0.651484478321249
"pooled_lasso","min",1,2017,"coc_annual_hpi_change_pct",-0.253593489455802,0.651484478321249
"pooled_lasso","min",1,2017,"coc_real_gdp_per_capita_2017_usd",0,0.651484478321249
"pooled_lasso","min",1,2017,"coc_real_gdp_quantity_index",2.08374403853805,0.651484478321249
"pooled_lasso","min",1,2017,"coc_relative_home_price_index_2000_base",0.206518006570604,0.651484478321249
"pooled_lasso","min",1,2017,"state_real_minimum_wage_2025_usd",0,0.651484478321249
"pooled_lasso","min",1,2017,"state_medicaid_expansion",0,0.651484478321249
"pooled_lasso","min",1,2017,"coc_hic_temporary_beds_per_10k",4.01737868225667,0.651484478321249
"pooled_lasso","min",1,2017,"coc_hic_psh_beds_per_10k",15.0897977123164,0.651484478321249
"pooled_lasso","min",1,2017,"state_anticamping_strictness",0,0.651484478321249
"pooled_lasso","min",1,2017,"state_tanf_max_benefit_3person",0,0.651484478321249
"pooled_lasso","min",1,2017,"state_ssi_state_supplement",0,0.651484478321249
"pooled_lasso","min",1,2017,"state_labor_force_participation_pct",0,0.651484478321249
"pooled_lasso","min",1,2017,"state_real_median_rent_2025_usd",0,0.651484478321249
"pooled_lasso","min",1,2017,"state_rental_vacancy_rate",0,0.651484478321249
"pooled_lasso","1se",1,2017,"(Intercept)",43.4568786074396,4.59609420305808
"pooled_lasso","1se",1,2017,"control_state_florida",-5.11319882081356,4.59609420305808
"pooled_lasso","1se",1,2017,"control_time_index",-2.48256124830974,4.59609420305808
"pooled_lasso","1se",1,2017,"coc_log_estimated_population",-5.01648277517285,4.59609420305808
"pooled_lasso","1se",1,2017,"coc_population_density_per_sq_mile",0,4.59609420305808
"pooled_lasso","1se",1,2017,"coc_contributing_counties",0,4.59609420305808
"pooled_lasso","1se",1,2017,"coc_contains_split_county_flag",0,4.59609420305808
"pooled_lasso","1se",1,2017,"coc_housing_units_per_1000_residents",0,4.59609420305808
"pooled_lasso","1se",1,2017,"coc_permits_per_1000_housing_units",0,4.59609420305808
"pooled_lasso","1se",1,2017,"coc_multifamily_permit_share_pct",0,4.59609420305808
"pooled_lasso","1se",1,2017,"coc_permits_value_per_1000_housing_units_2025_usd",0,4.59609420305808
"pooled_lasso","1se",1,2017,"coc_birth_rate_per_1000",0,4.59609420305808
"pooled_lasso","1se",1,2017,"coc_death_rate_per_1000",0,4.59609420305808
"pooled_lasso","1se",1,2017,"coc_international_migration_rate_per_1000",0,4.59609420305808
"pooled_lasso","1se",1,2017,"coc_domestic_migration_rate_per_1000",0,4.59609420305808
"pooled_lasso","1se",1,2017,"coc_group_quarters_per_1000_residents",0,4.59609420305808
"pooled_lasso","1se",1,2017,"coc_population_growth_rate_pct",0,4.59609420305808
"pooled_lasso","1se",1,2017,"coc_housing_supply_growth_rate_pct",0,4.59609420305808
"pooled_lasso","1se",1,2017,"coc_poverty_all_pct",0,4.59609420305808
"pooled_lasso","1se",1,2017,"coc_poverty_child_pct",0,4.59609420305808
"pooled_lasso","1se",1,2017,"coc_real_median_household_income_2025_usd",0,4.59609420305808
"pooled_lasso","1se",1,2017,"coc_real_per_capita_personal_income_2025_usd",0,4.59609420305808
"pooled_lasso","1se",1,2017,"coc_unemployment_rate_pct",0,4.59609420305808
"pooled_lasso","1se",1,2017,"coc_high_school_graduate_pct",0,4.59609420305808
"pooled_lasso","1se",1,2017,"coc_homeownership_rate_pct",0,4.59609420305808
"pooled_lasso","1se",1,2017,"coc_housing_cost_burdened_households_pct",0,4.59609420305808
"pooled_lasso","1se",1,2017,"coc_income_inequality_ratio",0,4.59609420305808
"pooled_lasso","1se",1,2017,"coc_annual_hpi_change_pct",0,4.59609420305808
"pooled_lasso","1se",1,2017,"coc_real_gdp_per_capita_2017_usd",0,4.59609420305808
"pooled_lasso","1se",1,2017,"coc_real_gdp_quantity_index",0,4.59609420305808
"pooled_lasso","1se",1,2017,"coc_relative_home_price_index_2000_base",0,4.59609420305808
"pooled_lasso","1se",1,2017,"state_real_minimum_wage_2025_usd",0,4.59609420305808
"pooled_lasso","1se",1,2017,"state_medicaid_expansion",0,4.59609420305808
"pooled_lasso","1se",1,2017,"coc_hic_temporary_beds_per_10k",4.58940443443082,4.59609420305808
"pooled_lasso","1se",1,2017,"coc_hic_psh_beds_per_10k",5.64875473756609,4.59609420305808
"pooled_lasso","1se",1,2017,"state_anticamping_strictness",0,4.59609420305808
"pooled_lasso","1se",1,2017,"state_tanf_max_benefit_3person",0,4.59609420305808
"pooled_lasso","1se",1,2017,"state_ssi_state_supplement",0,4.59609420305808
"pooled_lasso","1se",1,2017,"state_labor_force_participation_pct",0,4.59609420305808
"pooled_lasso","1se",1,2017,"state_real_median_rent_2025_usd",0,4.59609420305808
"pooled_lasso","1se",1,2017,"state_rental_vacancy_rate",0,4.59609420305808
"pooled_lasso_state_interactions","min",1,2017,"(Intercept)",37.9045901249196,0.554742419761636
"pooled_lasso_state_interactions","min",1,2017,"control_state_florida",2.75476916121465,0.554742419761636
"pooled_lasso_state_interactions","min",1,2017,"control_time_index",-2.10603690480547,0.554742419761636
"pooled_lasso_state_interactions","min",1,2017,"coc_log_estimated_population",-7.62100627701281,0.554742419761636
"pooled_lasso_state_interactions","min",1,2017,"coc_population_density_per_sq_mile",-5.37461410416301,0.554742419761636
"pooled_lasso_state_interactions","min",1,2017,"coc_contributing_counties",0,0.554742419761636
"pooled_lasso_state_interactions","min",1,2017,"coc_contains_split_county_flag",0,0.554742419761636
"pooled_lasso_state_interactions","min",1,2017,"coc_housing_units_per_1000_residents",0,0.554742419761636
"pooled_lasso_state_interactions","min",1,2017,"coc_permits_per_1000_housing_units",0,0.554742419761636
"pooled_lasso_state_interactions","min",1,2017,"coc_multifamily_permit_share_pct",0,0.554742419761636
"pooled_lasso_state_interactions","min",1,2017,"coc_permits_value_per_1000_housing_units_2025_usd",0,0.554742419761636
"pooled_lasso_state_interactions","min",1,2017,"coc_birth_rate_per_1000",0,0.554742419761636
"pooled_lasso_state_interactions","min",1,2017,"coc_death_rate_per_1000",0,0.554742419761636
"pooled_lasso_state_interactions","min",1,2017,"coc_international_migration_rate_per_1000",-1.82946523522672,0.554742419761636
"pooled_lasso_state_interactions","min",1,2017,"coc_domestic_migration_rate_per_1000",0,0.554742419761636
"pooled_lasso_state_interactions","min",1,2017,"coc_group_quarters_per_1000_residents",0.258920459653413,0.554742419761636
"pooled_lasso_state_interactions","min",1,2017,"coc_population_growth_rate_pct",-2.37149081281227,0.554742419761636
"pooled_lasso_state_interactions","min",1,2017,"coc_housing_supply_growth_rate_pct",0,0.554742419761636
"pooled_lasso_state_interactions","min",1,2017,"coc_poverty_all_pct",0,0.554742419761636
"pooled_lasso_state_interactions","min",1,2017,"coc_poverty_child_pct",0,0.554742419761636
"pooled_lasso_state_interactions","min",1,2017,"coc_real_median_household_income_2025_usd",0,0.554742419761636
"pooled_lasso_state_interactions","min",1,2017,"coc_real_per_capita_personal_income_2025_usd",0,0.554742419761636
"pooled_lasso_state_interactions","min",1,2017,"coc_unemployment_rate_pct",-2.97783372349519,0.554742419761636
"pooled_lasso_state_interactions","min",1,2017,"coc_high_school_graduate_pct",0,0.554742419761636
"pooled_lasso_state_interactions","min",1,2017,"coc_homeownership_rate_pct",-0.404648116633754,0.554742419761636
"pooled_lasso_state_interactions","min",1,2017,"coc_housing_cost_burdened_households_pct",7.23662319564641,0.554742419761636
"pooled_lasso_state_interactions","min",1,2017,"coc_income_inequality_ratio",-2.71080750037659,0.554742419761636
"pooled_lasso_state_interactions","min",1,2017,"coc_annual_hpi_change_pct",-0.10727311845026,0.554742419761636
"pooled_lasso_state_interactions","min",1,2017,"coc_real_gdp_per_capita_2017_usd",0,0.554742419761636
"pooled_lasso_state_interactions","min",1,2017,"coc_real_gdp_quantity_index",2.47453673890776,0.554742419761636
"pooled_lasso_state_interactions","min",1,2017,"coc_relative_home_price_index_2000_base",0,0.554742419761636
"pooled_lasso_state_interactions","min",1,2017,"state_real_minimum_wage_2025_usd",0,0.554742419761636
"pooled_lasso_state_interactions","min",1,2017,"state_medicaid_expansion",0,0.554742419761636
"pooled_lasso_state_interactions","min",1,2017,"coc_hic_temporary_beds_per_10k",7.13630547229956,0.554742419761636
"pooled_lasso_state_interactions","min",1,2017,"coc_hic_psh_beds_per_10k",15.6356509450077,0.554742419761636
"pooled_lasso_state_interactions","min",1,2017,"state_anticamping_strictness",0,0.554742419761636
"pooled_lasso_state_interactions","min",1,2017,"state_tanf_max_benefit_3person",0,0.554742419761636
"pooled_lasso_state_interactions","min",1,2017,"state_ssi_state_supplement",0,0.554742419761636
"pooled_lasso_state_interactions","min",1,2017,"state_labor_force_participation_pct",0,0.554742419761636
"pooled_lasso_state_interactions","min",1,2017,"state_real_median_rent_2025_usd",0,0.554742419761636
"pooled_lasso_state_interactions","min",1,2017,"state_rental_vacancy_rate",0,0.554742419761636
"pooled_lasso_state_interactions","min",1,2017,"coc_log_estimated_population:FL",-3.25620312036081,0.554742419761636
"pooled_lasso_state_interactions","min",1,2017,"coc_population_density_per_sq_mile:FL",0,0.554742419761636
"pooled_lasso_state_interactions","min",1,2017,"coc_contributing_counties:FL",0,0.554742419761636
"pooled_lasso_state_interactions","min",1,2017,"coc_contains_split_county_flag:FL",-0.302076895190971,0.554742419761636
"pooled_lasso_state_interactions","min",1,2017,"coc_housing_units_per_1000_residents:FL",0,0.554742419761636
"pooled_lasso_state_interactions","min",1,2017,"coc_permits_per_1000_housing_units:FL",0,0.554742419761636
"pooled_lasso_state_interactions","min",1,2017,"coc_multifamily_permit_share_pct:FL",0,0.554742419761636
"pooled_lasso_state_interactions","min",1,2017,"coc_permits_value_per_1000_housing_units_2025_usd:FL",3.3513105726174,0.554742419761636
"pooled_lasso_state_interactions","min",1,2017,"coc_birth_rate_per_1000:FL",0,0.554742419761636
"pooled_lasso_state_interactions","min",1,2017,"coc_death_rate_per_1000:FL",0,0.554742419761636
"pooled_lasso_state_interactions","min",1,2017,"coc_international_migration_rate_per_1000:FL",-1.2332191087877,0.554742419761636
"pooled_lasso_state_interactions","min",1,2017,"coc_domestic_migration_rate_per_1000:FL",0,0.554742419761636
"pooled_lasso_state_interactions","min",1,2017,"coc_group_quarters_per_1000_residents:FL",-1.53496394527709,0.554742419761636
"pooled_lasso_state_interactions","min",1,2017,"coc_population_growth_rate_pct:FL",0,0.554742419761636
"pooled_lasso_state_interactions","min",1,2017,"coc_housing_supply_growth_rate_pct:FL",0,0.554742419761636
"pooled_lasso_state_interactions","min",1,2017,"coc_poverty_all_pct:FL",0,0.554742419761636
"pooled_lasso_state_interactions","min",1,2017,"coc_poverty_child_pct:FL",0,0.554742419761636
"pooled_lasso_state_interactions","min",1,2017,"coc_real_median_household_income_2025_usd:FL",0,0.554742419761636
"pooled_lasso_state_interactions","min",1,2017,"coc_real_per_capita_personal_income_2025_usd:FL",0,0.554742419761636
"pooled_lasso_state_interactions","min",1,2017,"coc_unemployment_rate_pct:FL",0,0.554742419761636
"pooled_lasso_state_interactions","min",1,2017,"coc_high_school_graduate_pct:FL",-3.27861534440647,0.554742419761636
"pooled_lasso_state_interactions","min",1,2017,"coc_homeownership_rate_pct:FL",2.92960991416353,0.554742419761636
"pooled_lasso_state_interactions","min",1,2017,"coc_housing_cost_burdened_households_pct:FL",-1.55594116888361,0.554742419761636
"pooled_lasso_state_interactions","min",1,2017,"coc_income_inequality_ratio:FL",-0.81635536042296,0.554742419761636
"pooled_lasso_state_interactions","min",1,2017,"coc_annual_hpi_change_pct:FL",-1.71855392770541,0.554742419761636
"pooled_lasso_state_interactions","min",1,2017,"coc_real_gdp_per_capita_2017_usd:FL",0,0.554742419761636
"pooled_lasso_state_interactions","min",1,2017,"coc_real_gdp_quantity_index:FL",-1.36845805358468,0.554742419761636
"pooled_lasso_state_interactions","min",1,2017,"coc_relative_home_price_index_2000_base:FL",0,0.554742419761636
"pooled_lasso_state_interactions","min",1,2017,"state_real_minimum_wage_2025_usd:FL",0,0.554742419761636
"pooled_lasso_state_interactions","min",1,2017,"state_medicaid_expansion:FL",0,0.554742419761636
"pooled_lasso_state_interactions","min",1,2017,"coc_hic_temporary_beds_per_10k:FL",-4.92370796603184,0.554742419761636
"pooled_lasso_state_interactions","min",1,2017,"coc_hic_psh_beds_per_10k:FL",0,0.554742419761636
"pooled_lasso_state_interactions","min",1,2017,"state_anticamping_strictness:FL",0,0.554742419761636
"pooled_lasso_state_interactions","min",1,2017,"state_tanf_max_benefit_3person:FL",0,0.554742419761636
"pooled_lasso_state_interactions","min",1,2017,"state_ssi_state_supplement:FL",0,0.554742419761636
"pooled_lasso_state_interactions","min",1,2017,"state_labor_force_participation_pct:FL",0,0.554742419761636
"pooled_lasso_state_interactions","min",1,2017,"state_real_median_rent_2025_usd:FL",0,0.554742419761636
"pooled_lasso_state_interactions","min",1,2017,"state_rental_vacancy_rate:FL",0,0.554742419761636
"pooled_lasso_state_interactions","1se",1,2017,"(Intercept)",44.3061393433205,1.40647423436272
"pooled_lasso_state_interactions","1se",1,2017,"control_state_florida",-2.0394318362705,1.40647423436272
"pooled_lasso_state_interactions","1se",1,2017,"control_time_index",-3.1669340407815,1.40647423436272
"pooled_lasso_state_interactions","1se",1,2017,"coc_log_estimated_population",-7.56635354929218,1.40647423436272
"pooled_lasso_state_interactions","1se",1,2017,"coc_population_density_per_sq_mile",-1.74170046323929,1.40647423436272
"pooled_lasso_state_interactions","1se",1,2017,"coc_contributing_counties",0,1.40647423436272
"pooled_lasso_state_interactions","1se",1,2017,"coc_contains_split_county_flag",0,1.40647423436272
"pooled_lasso_state_interactions","1se",1,2017,"coc_housing_units_per_1000_residents",0,1.40647423436272
"pooled_lasso_state_interactions","1se",1,2017,"coc_permits_per_1000_housing_units",0,1.40647423436272
"pooled_lasso_state_interactions","1se",1,2017,"coc_multifamily_permit_share_pct",0,1.40647423436272
"pooled_lasso_state_interactions","1se",1,2017,"coc_permits_value_per_1000_housing_units_2025_usd",0,1.40647423436272
"pooled_lasso_state_interactions","1se",1,2017,"coc_birth_rate_per_1000",0,1.40647423436272
"pooled_lasso_state_interactions","1se",1,2017,"coc_death_rate_per_1000",0,1.40647423436272
"pooled_lasso_state_interactions","1se",1,2017,"coc_international_migration_rate_per_1000",-2.49861304552478,1.40647423436272
"pooled_lasso_state_interactions","1se",1,2017,"coc_domestic_migration_rate_per_1000",0,1.40647423436272
"pooled_lasso_state_interactions","1se",1,2017,"coc_group_quarters_per_1000_residents",0,1.40647423436272
"pooled_lasso_state_interactions","1se",1,2017,"coc_population_growth_rate_pct",0,1.40647423436272
"pooled_lasso_state_interactions","1se",1,2017,"coc_housing_supply_growth_rate_pct",0,1.40647423436272
"pooled_lasso_state_interactions","1se",1,2017,"coc_poverty_all_pct",0,1.40647423436272
"pooled_lasso_state_interactions","1se",1,2017,"coc_poverty_child_pct",0,1.40647423436272
"pooled_lasso_state_interactions","1se",1,2017,"coc_real_median_household_income_2025_usd",0,1.40647423436272
"pooled_lasso_state_interactions","1se",1,2017,"coc_real_per_capita_personal_income_2025_usd",0,1.40647423436272
"pooled_lasso_state_interactions","1se",1,2017,"coc_unemployment_rate_pct",-1.28279833519265,1.40647423436272
"pooled_lasso_state_interactions","1se",1,2017,"coc_high_school_graduate_pct",0,1.40647423436272
"pooled_lasso_state_interactions","1se",1,2017,"coc_homeownership_rate_pct",0,1.40647423436272
"pooled_lasso_state_interactions","1se",1,2017,"coc_housing_cost_burdened_households_pct",0.911693638540816,1.40647423436272
"pooled_lasso_state_interactions","1se",1,2017,"coc_income_inequality_ratio",-0.286828408825295,1.40647423436272
"pooled_lasso_state_interactions","1se",1,2017,"coc_annual_hpi_change_pct",0,1.40647423436272
"pooled_lasso_state_interactions","1se",1,2017,"coc_real_gdp_per_capita_2017_usd",0,1.40647423436272
"pooled_lasso_state_interactions","1se",1,2017,"coc_real_gdp_quantity_index",1.46219562483837,1.40647423436272
"pooled_lasso_state_interactions","1se",1,2017,"coc_relative_home_price_index_2000_base",0,1.40647423436272
"pooled_lasso_state_interactions","1se",1,2017,"state_real_minimum_wage_2025_usd",0,1.40647423436272
"pooled_lasso_state_interactions","1se",1,2017,"state_medicaid_expansion",0,1.40647423436272
"pooled_lasso_state_interactions","1se",1,2017,"coc_hic_temporary_beds_per_10k",4.88383409884642,1.40647423436272
"pooled_lasso_state_interactions","1se",1,2017,"coc_hic_psh_beds_per_10k",11.4290758105415,1.40647423436272
"pooled_lasso_state_interactions","1se",1,2017,"state_anticamping_strictness",0,1.40647423436272
"pooled_lasso_state_interactions","1se",1,2017,"state_tanf_max_benefit_3person",0,1.40647423436272
"pooled_lasso_state_interactions","1se",1,2017,"state_ssi_state_supplement",0,1.40647423436272
"pooled_lasso_state_interactions","1se",1,2017,"state_labor_force_participation_pct",0,1.40647423436272
"pooled_lasso_state_interactions","1se",1,2017,"state_real_median_rent_2025_usd",0,1.40647423436272
"pooled_lasso_state_interactions","1se",1,2017,"state_rental_vacancy_rate",0,1.40647423436272
"pooled_lasso_state_interactions","1se",1,2017,"coc_log_estimated_population:FL",0,1.40647423436272
"pooled_lasso_state_interactions","1se",1,2017,"coc_population_density_per_sq_mile:FL",0,1.40647423436272
"pooled_lasso_state_interactions","1se",1,2017,"coc_contributing_counties:FL",0,1.40647423436272
"pooled_lasso_state_interactions","1se",1,2017,"coc_contains_split_county_flag:FL",-0.685960987748434,1.40647423436272
"pooled_lasso_state_interactions","1se",1,2017,"coc_housing_units_per_1000_residents:FL",0,1.40647423436272
"pooled_lasso_state_interactions","1se",1,2017,"coc_permits_per_1000_housing_units:FL",0,1.40647423436272
"pooled_lasso_state_interactions","1se",1,2017,"coc_multifamily_permit_share_pct:FL",0,1.40647423436272
"pooled_lasso_state_interactions","1se",1,2017,"coc_permits_value_per_1000_housing_units_2025_usd:FL",0.097372967395004,1.40647423436272
"pooled_lasso_state_interactions","1se",1,2017,"coc_birth_rate_per_1000:FL",0,1.40647423436272
"pooled_lasso_state_interactions","1se",1,2017,"coc_death_rate_per_1000:FL",0,1.40647423436272
"pooled_lasso_state_interactions","1se",1,2017,"coc_international_migration_rate_per_1000:FL",0,1.40647423436272
"pooled_lasso_state_interactions","1se",1,2017,"coc_domestic_migration_rate_per_1000:FL",0,1.40647423436272
"pooled_lasso_state_interactions","1se",1,2017,"coc_group_quarters_per_1000_residents:FL",0,1.40647423436272
"pooled_lasso_state_interactions","1se",1,2017,"coc_population_growth_rate_pct:FL",0,1.40647423436272
"pooled_lasso_state_interactions","1se",1,2017,"coc_housing_supply_growth_rate_pct:FL",0,1.40647423436272
"pooled_lasso_state_interactions","1se",1,2017,"coc_poverty_all_pct:FL",0,1.40647423436272
"pooled_lasso_state_interactions","1se",1,2017,"coc_poverty_child_pct:FL",0,1.40647423436272
"pooled_lasso_state_interactions","1se",1,2017,"coc_real_median_household_income_2025_usd:FL",0,1.40647423436272
"pooled_lasso_state_interactions","1se",1,2017,"coc_real_per_capita_personal_income_2025_usd:FL",0,1.40647423436272
"pooled_lasso_state_interactions","1se",1,2017,"coc_unemployment_rate_pct:FL",0,1.40647423436272
"pooled_lasso_state_interactions","1se",1,2017,"coc_high_school_graduate_pct:FL",0,1.40647423436272
"pooled_lasso_state_interactions","1se",1,2017,"coc_homeownership_rate_pct:FL",0,1.40647423436272
"pooled_lasso_state_interactions","1se",1,2017,"coc_housing_cost_burdened_households_pct:FL",0,1.40647423436272
"pooled_lasso_state_interactions","1se",1,2017,"coc_income_inequality_ratio:FL",0,1.40647423436272
"pooled_lasso_state_interactions","1se",1,2017,"coc_annual_hpi_change_pct:FL",0,1.40647423436272
"pooled_lasso_state_interactions","1se",1,2017,"coc_real_gdp_per_capita_2017_usd:FL",0,1.40647423436272
"pooled_lasso_state_interactions","1se",1,2017,"coc_real_gdp_quantity_index:FL",0,1.40647423436272
"pooled_lasso_state_interactions","1se",1,2017,"coc_relative_home_price_index_2000_base:FL",0,1.40647423436272
"pooled_lasso_state_interactions","1se",1,2017,"state_real_minimum_wage_2025_usd:FL",0,1.40647423436272
"pooled_lasso_state_interactions","1se",1,2017,"state_medicaid_expansion:FL",0,1.40647423436272
"pooled_lasso_state_interactions","1se",1,2017,"coc_hic_temporary_beds_per_10k:FL",0,1.40647423436272
"pooled_lasso_state_interactions","1se",1,2017,"coc_hic_psh_beds_per_10k:FL",0,1.40647423436272
"pooled_lasso_state_interactions","1se",1,2017,"state_anticamping_strictness:FL",0,1.40647423436272
"pooled_lasso_state_interactions","1se",1,2017,"state_tanf_max_benefit_3person:FL",0,1.40647423436272
"pooled_lasso_state_interactions","1se",1,2017,"state_ssi_state_supplement:FL",0,1.40647423436272
"pooled_lasso_state_interactions","1se",1,2017,"state_labor_force_participation_pct:FL",0,1.40647423436272
"pooled_lasso_state_interactions","1se",1,2017,"state_real_median_rent_2025_usd:FL",0,1.40647423436272
"pooled_lasso_state_interactions","1se",1,2017,"state_rental_vacancy_rate:FL",0,1.40647423436272
"separate_lasso_CA","min",1,2017,"(Intercept)",36.4824703899452,0.986086150426308
"separate_lasso_CA","min",1,2017,"control_time_index",0.248966382994243,0.986086150426308
"separate_lasso_CA","min",1,2017,"coc_log_estimated_population",-6.44995118536918,0.986086150426308
"separate_lasso_CA","min",1,2017,"coc_population_density_per_sq_mile",-7.65181363199766,0.986086150426308
"separate_lasso_CA","min",1,2017,"coc_contributing_counties",-0.48259469945929,0.986086150426308
"separate_lasso_CA","min",1,2017,"coc_contains_split_county_flag",0,0.986086150426308
"separate_lasso_CA","min",1,2017,"coc_housing_units_per_1000_residents",0.611660128525376,0.986086150426308
"separate_lasso_CA","min",1,2017,"coc_permits_per_1000_housing_units",0,0.986086150426308
"separate_lasso_CA","min",1,2017,"coc_multifamily_permit_share_pct",0,0.986086150426308
"separate_lasso_CA","min",1,2017,"coc_permits_value_per_1000_housing_units_2025_usd",-0.421603699547337,0.986086150426308
"separate_lasso_CA","min",1,2017,"coc_birth_rate_per_1000",0,0.986086150426308
"separate_lasso_CA","min",1,2017,"coc_death_rate_per_1000",0,0.986086150426308
"separate_lasso_CA","min",1,2017,"coc_international_migration_rate_per_1000",0,0.986086150426308
"separate_lasso_CA","min",1,2017,"coc_domestic_migration_rate_per_1000",0,0.986086150426308
"separate_lasso_CA","min",1,2017,"coc_group_quarters_per_1000_residents",1.76028512085669,0.986086150426308
"separate_lasso_CA","min",1,2017,"coc_population_growth_rate_pct",-1.36636648179377,0.986086150426308
"separate_lasso_CA","min",1,2017,"coc_housing_supply_growth_rate_pct",0,0.986086150426308
"separate_lasso_CA","min",1,2017,"coc_poverty_all_pct",0,0.986086150426308
"separate_lasso_CA","min",1,2017,"coc_poverty_child_pct",0,0.986086150426308
"separate_lasso_CA","min",1,2017,"coc_real_median_household_income_2025_usd",0,0.986086150426308
"separate_lasso_CA","min",1,2017,"coc_real_per_capita_personal_income_2025_usd",0,0.986086150426308
"separate_lasso_CA","min",1,2017,"coc_unemployment_rate_pct",-1.18174039106595,0.986086150426308
"separate_lasso_CA","min",1,2017,"coc_high_school_graduate_pct",0.82969616164168,0.986086150426308
"separate_lasso_CA","min",1,2017,"coc_homeownership_rate_pct",0,0.986086150426308
"separate_lasso_CA","min",1,2017,"coc_housing_cost_burdened_households_pct",7.91412475380635,0.986086150426308
"separate_lasso_CA","min",1,2017,"coc_income_inequality_ratio",-2.77046113429937,0.986086150426308
"separate_lasso_CA","min",1,2017,"coc_annual_hpi_change_pct",0,0.986086150426308
"separate_lasso_CA","min",1,2017,"coc_real_gdp_per_capita_2017_usd",0,0.986086150426308
"separate_lasso_CA","min",1,2017,"coc_real_gdp_quantity_index",2.64036603645049,0.986086150426308
"separate_lasso_CA","min",1,2017,"coc_relative_home_price_index_2000_base",0,0.986086150426308
"separate_lasso_CA","min",1,2017,"state_real_minimum_wage_2025_usd",0,0.986086150426308
"separate_lasso_CA","min",1,2017,"state_medicaid_expansion",0,0.986086150426308
"separate_lasso_CA","min",1,2017,"coc_hic_temporary_beds_per_10k",8.94364962492838,0.986086150426308
"separate_lasso_CA","min",1,2017,"coc_hic_psh_beds_per_10k",18.1383312887231,0.986086150426308
"separate_lasso_CA","min",1,2017,"state_anticamping_strictness",0,0.986086150426308
"separate_lasso_CA","min",1,2017,"state_tanf_max_benefit_3person",0,0.986086150426308
"separate_lasso_CA","min",1,2017,"state_ssi_state_supplement",0,0.986086150426308
"separate_lasso_CA","min",1,2017,"state_labor_force_participation_pct",0,0.986086150426308
"separate_lasso_CA","min",1,2017,"state_real_median_rent_2025_usd",0,0.986086150426308
"separate_lasso_CA","min",1,2017,"state_rental_vacancy_rate",0,0.986086150426308
"separate_lasso_CA","1se",1,2017,"(Intercept)",37.7258802585121,2.27798690294048
"separate_lasso_CA","1se",1,2017,"control_time_index",-0.162785737416429,2.27798690294048
"separate_lasso_CA","1se",1,2017,"coc_log_estimated_population",-4.86017532912892,2.27798690294048
"separate_lasso_CA","1se",1,2017,"coc_population_density_per_sq_mile",-3.31226600184934,2.27798690294048
"separate_lasso_CA","1se",1,2017,"coc_contributing_counties",0,2.27798690294048
"separate_lasso_CA","1se",1,2017,"coc_contains_split_county_flag",0,2.27798690294048
"separate_lasso_CA","1se",1,2017,"coc_housing_units_per_1000_residents",1.67730806614855,2.27798690294048
"separate_lasso_CA","1se",1,2017,"coc_permits_per_1000_housing_units",0,2.27798690294048
"separate_lasso_CA","1se",1,2017,"coc_multifamily_permit_share_pct",0,2.27798690294048
"separate_lasso_CA","1se",1,2017,"coc_permits_value_per_1000_housing_units_2025_usd",-0.959725712942356,2.27798690294048
"separate_lasso_CA","1se",1,2017,"coc_birth_rate_per_1000",0,2.27798690294048
"separate_lasso_CA","1se",1,2017,"coc_death_rate_per_1000",0,2.27798690294048
"separate_lasso_CA","1se",1,2017,"coc_international_migration_rate_per_1000",-0.0974555228966192,2.27798690294048
"separate_lasso_CA","1se",1,2017,"coc_domestic_migration_rate_per_1000",0,2.27798690294048
"separate_lasso_CA","1se",1,2017,"coc_group_quarters_per_1000_residents",0.426719989255619,2.27798690294048
"separate_lasso_CA","1se",1,2017,"coc_population_growth_rate_pct",-0.216795594916382,2.27798690294048
"separate_lasso_CA","1se",1,2017,"coc_housing_supply_growth_rate_pct",0,2.27798690294048
"separate_lasso_CA","1se",1,2017,"coc_poverty_all_pct",0,2.27798690294048
"separate_lasso_CA","1se",1,2017,"coc_poverty_child_pct",0,2.27798690294048
"separate_lasso_CA","1se",1,2017,"coc_real_median_household_income_2025_usd",0,2.27798690294048
"separate_lasso_CA","1se",1,2017,"coc_real_per_capita_personal_income_2025_usd",0,2.27798690294048
"separate_lasso_CA","1se",1,2017,"coc_unemployment_rate_pct",0,2.27798690294048
"separate_lasso_CA","1se",1,2017,"coc_high_school_graduate_pct",0,2.27798690294048
"separate_lasso_CA","1se",1,2017,"coc_homeownership_rate_pct",0,2.27798690294048
"separate_lasso_CA","1se",1,2017,"coc_housing_cost_burdened_households_pct",4.62677126993653,2.27798690294048
"separate_lasso_CA","1se",1,2017,"coc_income_inequality_ratio",0,2.27798690294048
"separate_lasso_CA","1se",1,2017,"coc_annual_hpi_change_pct",0,2.27798690294048
"separate_lasso_CA","1se",1,2017,"coc_real_gdp_per_capita_2017_usd",0,2.27798690294048
"separate_lasso_CA","1se",1,2017,"coc_real_gdp_quantity_index",2.12237535706415,2.27798690294048
"separate_lasso_CA","1se",1,2017,"coc_relative_home_price_index_2000_base",0,2.27798690294048
"separate_lasso_CA","1se",1,2017,"state_real_minimum_wage_2025_usd",0,2.27798690294048
"separate_lasso_CA","1se",1,2017,"state_medicaid_expansion",0,2.27798690294048
"separate_lasso_CA","1se",1,2017,"coc_hic_temporary_beds_per_10k",8.37664871952732,2.27798690294048
"separate_lasso_CA","1se",1,2017,"coc_hic_psh_beds_per_10k",11.9967037518902,2.27798690294048
"separate_lasso_CA","1se",1,2017,"state_anticamping_strictness",0,2.27798690294048
"separate_lasso_CA","1se",1,2017,"state_tanf_max_benefit_3person",0,2.27798690294048
"separate_lasso_CA","1se",1,2017,"state_ssi_state_supplement",0,2.27798690294048
"separate_lasso_CA","1se",1,2017,"state_labor_force_participation_pct",0,2.27798690294048
"separate_lasso_CA","1se",1,2017,"state_real_median_rent_2025_usd",0,2.27798690294048
"separate_lasso_CA","1se",1,2017,"state_rental_vacancy_rate",0,2.27798690294048
"separate_lasso_FL","min",1,2017,"(Intercept)",42.5352968372166,1.55105999439488
"separate_lasso_FL","min",1,2017,"control_time_index",-4.53977050917732,1.55105999439488
"separate_lasso_FL","min",1,2017,"coc_log_estimated_population",-13.6775001483948,1.55105999439488
"separate_lasso_FL","min",1,2017,"coc_population_density_per_sq_mile",1.11987986925109,1.55105999439488
"separate_lasso_FL","min",1,2017,"coc_contributing_counties",0,1.55105999439488
"separate_lasso_FL","min",1,2017,"coc_contains_split_county_flag",-0.400787736235582,1.55105999439488
"separate_lasso_FL","min",1,2017,"coc_housing_units_per_1000_residents",0,1.55105999439488
"separate_lasso_FL","min",1,2017,"coc_permits_per_1000_housing_units",0,1.55105999439488
"separate_lasso_FL","min",1,2017,"coc_multifamily_permit_share_pct",0,1.55105999439488
"separate_lasso_FL","min",1,2017,"coc_permits_value_per_1000_housing_units_2025_usd",0,1.55105999439488
"separate_lasso_FL","min",1,2017,"coc_birth_rate_per_1000",0.989666676565111,1.55105999439488
"separate_lasso_FL","min",1,2017,"coc_death_rate_per_1000",0,1.55105999439488
"separate_lasso_FL","min",1,2017,"coc_international_migration_rate_per_1000",0,1.55105999439488
"separate_lasso_FL","min",1,2017,"coc_domestic_migration_rate_per_1000",0,1.55105999439488
"separate_lasso_FL","min",1,2017,"coc_group_quarters_per_1000_residents",-2.38171791318636,1.55105999439488
"separate_lasso_FL","min",1,2017,"coc_population_growth_rate_pct",0,1.55105999439488
"separate_lasso_FL","min",1,2017,"coc_housing_supply_growth_rate_pct",0,1.55105999439488
"separate_lasso_FL","min",1,2017,"coc_poverty_all_pct",0,1.55105999439488
"separate_lasso_FL","min",1,2017,"coc_poverty_child_pct",-0.715186111996505,1.55105999439488
"separate_lasso_FL","min",1,2017,"coc_real_median_household_income_2025_usd",0,1.55105999439488
"separate_lasso_FL","min",1,2017,"coc_real_per_capita_personal_income_2025_usd",0,1.55105999439488
"separate_lasso_FL","min",1,2017,"coc_unemployment_rate_pct",0,1.55105999439488
"separate_lasso_FL","min",1,2017,"coc_high_school_graduate_pct",-0.514855381008127,1.55105999439488
"separate_lasso_FL","min",1,2017,"coc_homeownership_rate_pct",0,1.55105999439488
"separate_lasso_FL","min",1,2017,"coc_housing_cost_burdened_households_pct",0,1.55105999439488
"separate_lasso_FL","min",1,2017,"coc_income_inequality_ratio",0,1.55105999439488
"separate_lasso_FL","min",1,2017,"coc_annual_hpi_change_pct",0,1.55105999439488
"separate_lasso_FL","min",1,2017,"coc_real_gdp_per_capita_2017_usd",0,1.55105999439488
"separate_lasso_FL","min",1,2017,"coc_real_gdp_quantity_index",0,1.55105999439488
"separate_lasso_FL","min",1,2017,"coc_relative_home_price_index_2000_base",0,1.55105999439488
"separate_lasso_FL","min",1,2017,"state_real_minimum_wage_2025_usd",0,1.55105999439488
"separate_lasso_FL","min",1,2017,"state_medicaid_expansion",0,1.55105999439488
"separate_lasso_FL","min",1,2017,"coc_hic_temporary_beds_per_10k",0,1.55105999439488
"separate_lasso_FL","min",1,2017,"coc_hic_psh_beds_per_10k",4.9239252958598,1.55105999439488
"separate_lasso_FL","min",1,2017,"state_anticamping_strictness",0,1.55105999439488
"separate_lasso_FL","min",1,2017,"state_tanf_max_benefit_3person",0,1.55105999439488
"separate_lasso_FL","min",1,2017,"state_ssi_state_supplement",0,1.55105999439488
"separate_lasso_FL","min",1,2017,"state_labor_force_participation_pct",0,1.55105999439488
"separate_lasso_FL","min",1,2017,"state_real_median_rent_2025_usd",0,1.55105999439488
"separate_lasso_FL","min",1,2017,"state_rental_vacancy_rate",0,1.55105999439488
"separate_lasso_FL","1se",1,2017,"(Intercept)",41.8004234372825,3.26483261058858
"separate_lasso_FL","1se",1,2017,"control_time_index",-4.29481270919927,3.26483261058858
"separate_lasso_FL","1se",1,2017,"coc_log_estimated_population",-9.31107759658683,3.26483261058858
"separate_lasso_FL","1se",1,2017,"coc_population_density_per_sq_mile",0,3.26483261058858
"separate_lasso_FL","1se",1,2017,"coc_contributing_counties",0,3.26483261058858
"separate_lasso_FL","1se",1,2017,"coc_contains_split_county_flag",0,3.26483261058858
"separate_lasso_FL","1se",1,2017,"coc_housing_units_per_1000_residents",0,3.26483261058858
"separate_lasso_FL","1se",1,2017,"coc_permits_per_1000_housing_units",0,3.26483261058858
"separate_lasso_FL","1se",1,2017,"coc_multifamily_permit_share_pct",0,3.26483261058858
"separate_lasso_FL","1se",1,2017,"coc_permits_value_per_1000_housing_units_2025_usd",0,3.26483261058858
"separate_lasso_FL","1se",1,2017,"coc_birth_rate_per_1000",0,3.26483261058858
"separate_lasso_FL","1se",1,2017,"coc_death_rate_per_1000",0,3.26483261058858
"separate_lasso_FL","1se",1,2017,"coc_international_migration_rate_per_1000",0,3.26483261058858
"separate_lasso_FL","1se",1,2017,"coc_domestic_migration_rate_per_1000",0,3.26483261058858
"separate_lasso_FL","1se",1,2017,"coc_group_quarters_per_1000_residents",0,3.26483261058858
"separate_lasso_FL","1se",1,2017,"coc_population_growth_rate_pct",0,3.26483261058858
"separate_lasso_FL","1se",1,2017,"coc_housing_supply_growth_rate_pct",0,3.26483261058858
"separate_lasso_FL","1se",1,2017,"coc_poverty_all_pct",0,3.26483261058858
"separate_lasso_FL","1se",1,2017,"coc_poverty_child_pct",0,3.26483261058858
"separate_lasso_FL","1se",1,2017,"coc_real_median_household_income_2025_usd",0,3.26483261058858
"separate_lasso_FL","1se",1,2017,"coc_real_per_capita_personal_income_2025_usd",0,3.26483261058858
"separate_lasso_FL","1se",1,2017,"coc_unemployment_rate_pct",0,3.26483261058858
"separate_lasso_FL","1se",1,2017,"coc_high_school_graduate_pct",0,3.26483261058858
"separate_lasso_FL","1se",1,2017,"coc_homeownership_rate_pct",0,3.26483261058858
"separate_lasso_FL","1se",1,2017,"coc_housing_cost_burdened_households_pct",0,3.26483261058858
"separate_lasso_FL","1se",1,2017,"coc_income_inequality_ratio",0,3.26483261058858
"separate_lasso_FL","1se",1,2017,"coc_annual_hpi_change_pct",0,3.26483261058858
"separate_lasso_FL","1se",1,2017,"coc_real_gdp_per_capita_2017_usd",0,3.26483261058858
"separate_lasso_FL","1se",1,2017,"coc_real_gdp_quantity_index",0,3.26483261058858
"separate_lasso_FL","1se",1,2017,"coc_relative_home_price_index_2000_base",0,3.26483261058858
"separate_lasso_FL","1se",1,2017,"state_real_minimum_wage_2025_usd",0,3.26483261058858
"separate_lasso_FL","1se",1,2017,"state_medicaid_expansion",0,3.26483261058858
"separate_lasso_FL","1se",1,2017,"coc_hic_temporary_beds_per_10k",2.2517623411764,3.26483261058858
"separate_lasso_FL","1se",1,2017,"coc_hic_psh_beds_per_10k",1.64735248577466,3.26483261058858
"separate_lasso_FL","1se",1,2017,"state_anticamping_strictness",0,3.26483261058858
"separate_lasso_FL","1se",1,2017,"state_tanf_max_benefit_3person",0,3.26483261058858
"separate_lasso_FL","1se",1,2017,"state_ssi_state_supplement",0,3.26483261058858
"separate_lasso_FL","1se",1,2017,"state_labor_force_participation_pct",0,3.26483261058858
"separate_lasso_FL","1se",1,2017,"state_real_median_rent_2025_usd",0,3.26483261058858
"separate_lasso_FL","1se",1,2017,"state_rental_vacancy_rate",0,3.26483261058858
"pooled_lasso","min",2,2018,"(Intercept)",40.8601349484444,0.641519665786302
"pooled_lasso","min",2,2018,"control_state_florida",0.379469110833648,0.641519665786302
"pooled_lasso","min",2,2018,"control_time_index",-2.20784187559465,0.641519665786302
"pooled_lasso","min",2,2018,"coc_log_estimated_population",-8.40815846890826,0.641519665786302
"pooled_lasso","min",2,2018,"coc_population_density_per_sq_mile",-4.6007741706399,0.641519665786302
"pooled_lasso","min",2,2018,"coc_contributing_counties",-0.570444154557156,0.641519665786302
"pooled_lasso","min",2,2018,"coc_contains_split_county_flag",0,0.641519665786302
"pooled_lasso","min",2,2018,"coc_housing_units_per_1000_residents",0,0.641519665786302
"pooled_lasso","min",2,2018,"coc_permits_per_1000_housing_units",0,0.641519665786302
"pooled_lasso","min",2,2018,"coc_multifamily_permit_share_pct",0,0.641519665786302
"pooled_lasso","min",2,2018,"coc_permits_value_per_1000_housing_units_2025_usd",0.689747348907995,0.641519665786302
"pooled_lasso","min",2,2018,"coc_birth_rate_per_1000",0,0.641519665786302
"pooled_lasso","min",2,2018,"coc_death_rate_per_1000",0,0.641519665786302
"pooled_lasso","min",2,2018,"coc_international_migration_rate_per_1000",-2.58309819808736,0.641519665786302
"pooled_lasso","min",2,2018,"coc_domestic_migration_rate_per_1000",0,0.641519665786302
"pooled_lasso","min",2,2018,"coc_group_quarters_per_1000_residents",0,0.641519665786302
"pooled_lasso","min",2,2018,"coc_population_growth_rate_pct",-0.489264219675536,0.641519665786302
"pooled_lasso","min",2,2018,"coc_housing_supply_growth_rate_pct",0,0.641519665786302
"pooled_lasso","min",2,2018,"coc_poverty_all_pct",0,0.641519665786302
"pooled_lasso","min",2,2018,"coc_poverty_child_pct",0,0.641519665786302
"pooled_lasso","min",2,2018,"coc_real_median_household_income_2025_usd",0,0.641519665786302
"pooled_lasso","min",2,2018,"coc_real_per_capita_personal_income_2025_usd",0,0.641519665786302
"pooled_lasso","min",2,2018,"coc_unemployment_rate_pct",-1.18761525456397,0.641519665786302
"pooled_lasso","min",2,2018,"coc_high_school_graduate_pct",0,0.641519665786302
"pooled_lasso","min",2,2018,"coc_homeownership_rate_pct",0,0.641519665786302
"pooled_lasso","min",2,2018,"coc_housing_cost_burdened_households_pct",3.70604193748222,0.641519665786302
"pooled_lasso","min",2,2018,"coc_income_inequality_ratio",-2.2375319745458,0.641519665786302
"pooled_lasso","min",2,2018,"coc_annual_hpi_change_pct",-0.517557370366192,0.641519665786302
"pooled_lasso","min",2,2018,"coc_real_gdp_per_capita_2017_usd",0,0.641519665786302
"pooled_lasso","min",2,2018,"coc_real_gdp_quantity_index",2.21874453141048,0.641519665786302
"pooled_lasso","min",2,2018,"coc_relative_home_price_index_2000_base",0,0.641519665786302
"pooled_lasso","min",2,2018,"state_real_minimum_wage_2025_usd",0,0.641519665786302
"pooled_lasso","min",2,2018,"state_medicaid_expansion",0,0.641519665786302
"pooled_lasso","min",2,2018,"coc_hic_temporary_beds_per_10k",4.01359373365641,0.641519665786302
"pooled_lasso","min",2,2018,"coc_hic_psh_beds_per_10k",15.6031787376438,0.641519665786302
"pooled_lasso","min",2,2018,"state_anticamping_strictness",0,0.641519665786302
"pooled_lasso","min",2,2018,"state_tanf_max_benefit_3person",0,0.641519665786302
"pooled_lasso","min",2,2018,"state_ssi_state_supplement",0,0.641519665786302
"pooled_lasso","min",2,2018,"state_labor_force_participation_pct",0,0.641519665786302
"pooled_lasso","min",2,2018,"state_real_median_rent_2025_usd",0,0.641519665786302
"pooled_lasso","min",2,2018,"state_rental_vacancy_rate",0,0.641519665786302
"pooled_lasso","1se",2,2018,"(Intercept)",42.5691765020402,3.42359750720548
"pooled_lasso","1se",2,2018,"control_state_florida",-5.9142723183389,3.42359750720548
"pooled_lasso","1se",2,2018,"control_time_index",-1.9960471017931,3.42359750720548
"pooled_lasso","1se",2,2018,"coc_log_estimated_population",-5.85019634683717,3.42359750720548
"pooled_lasso","1se",2,2018,"coc_population_density_per_sq_mile",0,3.42359750720548
"pooled_lasso","1se",2,2018,"coc_contributing_counties",0,3.42359750720548
"pooled_lasso","1se",2,2018,"coc_contains_split_county_flag",0,3.42359750720548
"pooled_lasso","1se",2,2018,"coc_housing_units_per_1000_residents",0,3.42359750720548
"pooled_lasso","1se",2,2018,"coc_permits_per_1000_housing_units",0,3.42359750720548
"pooled_lasso","1se",2,2018,"coc_multifamily_permit_share_pct",0,3.42359750720548
"pooled_lasso","1se",2,2018,"coc_permits_value_per_1000_housing_units_2025_usd",0,3.42359750720548
"pooled_lasso","1se",2,2018,"coc_birth_rate_per_1000",0,3.42359750720548
"pooled_lasso","1se",2,2018,"coc_death_rate_per_1000",0,3.42359750720548
"pooled_lasso","1se",2,2018,"coc_international_migration_rate_per_1000",0,3.42359750720548
"pooled_lasso","1se",2,2018,"coc_domestic_migration_rate_per_1000",0,3.42359750720548
"pooled_lasso","1se",2,2018,"coc_group_quarters_per_1000_residents",0,3.42359750720548
"pooled_lasso","1se",2,2018,"coc_population_growth_rate_pct",0,3.42359750720548
"pooled_lasso","1se",2,2018,"coc_housing_supply_growth_rate_pct",0,3.42359750720548
"pooled_lasso","1se",2,2018,"coc_poverty_all_pct",0,3.42359750720548
"pooled_lasso","1se",2,2018,"coc_poverty_child_pct",0,3.42359750720548
"pooled_lasso","1se",2,2018,"coc_real_median_household_income_2025_usd",0,3.42359750720548
"pooled_lasso","1se",2,2018,"coc_real_per_capita_personal_income_2025_usd",0,3.42359750720548
"pooled_lasso","1se",2,2018,"coc_unemployment_rate_pct",0,3.42359750720548
"pooled_lasso","1se",2,2018,"coc_high_school_graduate_pct",0,3.42359750720548
"pooled_lasso","1se",2,2018,"coc_homeownership_rate_pct",0,3.42359750720548
"pooled_lasso","1se",2,2018,"coc_housing_cost_burdened_households_pct",0,3.42359750720548
"pooled_lasso","1se",2,2018,"coc_income_inequality_ratio",0,3.42359750720548
"pooled_lasso","1se",2,2018,"coc_annual_hpi_change_pct",0,3.42359750720548
"pooled_lasso","1se",2,2018,"coc_real_gdp_per_capita_2017_usd",0,3.42359750720548
"pooled_lasso","1se",2,2018,"coc_real_gdp_quantity_index",0,3.42359750720548
"pooled_lasso","1se",2,2018,"coc_relative_home_price_index_2000_base",0,3.42359750720548
"pooled_lasso","1se",2,2018,"state_real_minimum_wage_2025_usd",0,3.42359750720548
"pooled_lasso","1se",2,2018,"state_medicaid_expansion",0,3.42359750720548
"pooled_lasso","1se",2,2018,"coc_hic_temporary_beds_per_10k",4.93789478979267,3.42359750720548
"pooled_lasso","1se",2,2018,"coc_hic_psh_beds_per_10k",6.80474034848,3.42359750720548
"pooled_lasso","1se",2,2018,"state_anticamping_strictness",0,3.42359750720548
"pooled_lasso","1se",2,2018,"state_tanf_max_benefit_3person",0,3.42359750720548
"pooled_lasso","1se",2,2018,"state_ssi_state_supplement",0,3.42359750720548
"pooled_lasso","1se",2,2018,"state_labor_force_participation_pct",0,3.42359750720548
"pooled_lasso","1se",2,2018,"state_real_median_rent_2025_usd",0,3.42359750720548
"pooled_lasso","1se",2,2018,"state_rental_vacancy_rate",0,3.42359750720548
"pooled_lasso_state_interactions","min",2,2018,"(Intercept)",36.0106878253351,0.546257330090195
"pooled_lasso_state_interactions","min",2,2018,"control_state_florida",-0.30243294933438,0.546257330090195
"pooled_lasso_state_interactions","min",2,2018,"control_time_index",-1.29866270264188,0.546257330090195
"pooled_lasso_state_interactions","min",2,2018,"coc_log_estimated_population",-7.8804366060471,0.546257330090195
"pooled_lasso_state_interactions","min",2,2018,"coc_population_density_per_sq_mile",-6.59735658039837,0.546257330090195
"pooled_lasso_state_interactions","min",2,2018,"coc_contributing_counties",0,0.546257330090195
"pooled_lasso_state_interactions","min",2,2018,"coc_contains_split_county_flag",0,0.546257330090195
"pooled_lasso_state_interactions","min",2,2018,"coc_housing_units_per_1000_residents",0,0.546257330090195
"pooled_lasso_state_interactions","min",2,2018,"coc_permits_per_1000_housing_units",0,0.546257330090195
"pooled_lasso_state_interactions","min",2,2018,"coc_multifamily_permit_share_pct",0,0.546257330090195
"pooled_lasso_state_interactions","min",2,2018,"coc_permits_value_per_1000_housing_units_2025_usd",0,0.546257330090195
"pooled_lasso_state_interactions","min",2,2018,"coc_birth_rate_per_1000",0,0.546257330090195
"pooled_lasso_state_interactions","min",2,2018,"coc_death_rate_per_1000",0,0.546257330090195
"pooled_lasso_state_interactions","min",2,2018,"coc_international_migration_rate_per_1000",-0.745761533626163,0.546257330090195
"pooled_lasso_state_interactions","min",2,2018,"coc_domestic_migration_rate_per_1000",0,0.546257330090195
"pooled_lasso_state_interactions","min",2,2018,"coc_group_quarters_per_1000_residents",0,0.546257330090195
"pooled_lasso_state_interactions","min",2,2018,"coc_population_growth_rate_pct",-1.92173733177837,0.546257330090195
"pooled_lasso_state_interactions","min",2,2018,"coc_housing_supply_growth_rate_pct",0,0.546257330090195
"pooled_lasso_state_interactions","min",2,2018,"coc_poverty_all_pct",0,0.546257330090195
"pooled_lasso_state_interactions","min",2,2018,"coc_poverty_child_pct",-0.179100318798197,0.546257330090195
"pooled_lasso_state_interactions","min",2,2018,"coc_real_median_household_income_2025_usd",0,0.546257330090195
"pooled_lasso_state_interactions","min",2,2018,"coc_real_per_capita_personal_income_2025_usd",0,0.546257330090195
"pooled_lasso_state_interactions","min",2,2018,"coc_unemployment_rate_pct",-1.25162715400685,0.546257330090195
"pooled_lasso_state_interactions","min",2,2018,"coc_high_school_graduate_pct",0,0.546257330090195
"pooled_lasso_state_interactions","min",2,2018,"coc_homeownership_rate_pct",0,0.546257330090195
"pooled_lasso_state_interactions","min",2,2018,"coc_housing_cost_burdened_households_pct",7.30391001354129,0.546257330090195
"pooled_lasso_state_interactions","min",2,2018,"coc_income_inequality_ratio",-2.01396609391537,0.546257330090195
"pooled_lasso_state_interactions","min",2,2018,"coc_annual_hpi_change_pct",-0.228896770954407,0.546257330090195
"pooled_lasso_state_interactions","min",2,2018,"coc_real_gdp_per_capita_2017_usd",0,0.546257330090195
"pooled_lasso_state_interactions","min",2,2018,"coc_real_gdp_quantity_index",2.74672919933784,0.546257330090195
"pooled_lasso_state_interactions","min",2,2018,"coc_relative_home_price_index_2000_base",0,0.546257330090195
"pooled_lasso_state_interactions","min",2,2018,"state_real_minimum_wage_2025_usd",0,0.546257330090195
"pooled_lasso_state_interactions","min",2,2018,"state_medicaid_expansion",0,0.546257330090195
"pooled_lasso_state_interactions","min",2,2018,"coc_hic_temporary_beds_per_10k",6.73816794601172,0.546257330090195
"pooled_lasso_state_interactions","min",2,2018,"coc_hic_psh_beds_per_10k",16.3780610335256,0.546257330090195
"pooled_lasso_state_interactions","min",2,2018,"state_anticamping_strictness",0,0.546257330090195
"pooled_lasso_state_interactions","min",2,2018,"state_tanf_max_benefit_3person",0,0.546257330090195
"pooled_lasso_state_interactions","min",2,2018,"state_ssi_state_supplement",0,0.546257330090195
"pooled_lasso_state_interactions","min",2,2018,"state_labor_force_participation_pct",0,0.546257330090195
"pooled_lasso_state_interactions","min",2,2018,"state_real_median_rent_2025_usd",0,0.546257330090195
"pooled_lasso_state_interactions","min",2,2018,"state_rental_vacancy_rate",0,0.546257330090195
"pooled_lasso_state_interactions","min",2,2018,"coc_log_estimated_population:FL",-1.64663971951272,0.546257330090195
"pooled_lasso_state_interactions","min",2,2018,"coc_population_density_per_sq_mile:FL",0,0.546257330090195
"pooled_lasso_state_interactions","min",2,2018,"coc_contributing_counties:FL",0,0.546257330090195
"pooled_lasso_state_interactions","min",2,2018,"coc_contains_split_county_flag:FL",-0.635765526211067,0.546257330090195
"pooled_lasso_state_interactions","min",2,2018,"coc_housing_units_per_1000_residents:FL",0,0.546257330090195
"pooled_lasso_state_interactions","min",2,2018,"coc_permits_per_1000_housing_units:FL",0,0.546257330090195
"pooled_lasso_state_interactions","min",2,2018,"coc_multifamily_permit_share_pct:FL",0,0.546257330090195
"pooled_lasso_state_interactions","min",2,2018,"coc_permits_value_per_1000_housing_units_2025_usd:FL",2.33423070322328,0.546257330090195
"pooled_lasso_state_interactions","min",2,2018,"coc_birth_rate_per_1000:FL",0,0.546257330090195
"pooled_lasso_state_interactions","min",2,2018,"coc_death_rate_per_1000:FL",0,0.546257330090195
"pooled_lasso_state_interactions","min",2,2018,"coc_international_migration_rate_per_1000:FL",-1.12402406724639,0.546257330090195
"pooled_lasso_state_interactions","min",2,2018,"coc_domestic_migration_rate_per_1000:FL",0,0.546257330090195
"pooled_lasso_state_interactions","min",2,2018,"coc_group_quarters_per_1000_residents:FL",-0.932770612159145,0.546257330090195
"pooled_lasso_state_interactions","min",2,2018,"coc_population_growth_rate_pct:FL",0,0.546257330090195
"pooled_lasso_state_interactions","min",2,2018,"coc_housing_supply_growth_rate_pct:FL",0,0.546257330090195
"pooled_lasso_state_interactions","min",2,2018,"coc_poverty_all_pct:FL",0,0.546257330090195
"pooled_lasso_state_interactions","min",2,2018,"coc_poverty_child_pct:FL",0,0.546257330090195
"pooled_lasso_state_interactions","min",2,2018,"coc_real_median_household_income_2025_usd:FL",0,0.546257330090195
"pooled_lasso_state_interactions","min",2,2018,"coc_real_per_capita_personal_income_2025_usd:FL",0,0.546257330090195
"pooled_lasso_state_interactions","min",2,2018,"coc_unemployment_rate_pct:FL",0,0.546257330090195
"pooled_lasso_state_interactions","min",2,2018,"coc_high_school_graduate_pct:FL",-1.54793905106469,0.546257330090195
"pooled_lasso_state_interactions","min",2,2018,"coc_homeownership_rate_pct:FL",3.78788830944705,0.546257330090195
"pooled_lasso_state_interactions","min",2,2018,"coc_housing_cost_burdened_households_pct:FL",-2.54976951306274,0.546257330090195
"pooled_lasso_state_interactions","min",2,2018,"coc_income_inequality_ratio:FL",-0.675819637602979,0.546257330090195
"pooled_lasso_state_interactions","min",2,2018,"coc_annual_hpi_change_pct:FL",-1.74885997655568,0.546257330090195
"pooled_lasso_state_interactions","min",2,2018,"coc_real_gdp_per_capita_2017_usd:FL",0,0.546257330090195
"pooled_lasso_state_interactions","min",2,2018,"coc_real_gdp_quantity_index:FL",-1.47007693851612,0.546257330090195
"pooled_lasso_state_interactions","min",2,2018,"coc_relative_home_price_index_2000_base:FL",0,0.546257330090195
"pooled_lasso_state_interactions","min",2,2018,"state_real_minimum_wage_2025_usd:FL",0,0.546257330090195
"pooled_lasso_state_interactions","min",2,2018,"state_medicaid_expansion:FL",0,0.546257330090195
"pooled_lasso_state_interactions","min",2,2018,"coc_hic_temporary_beds_per_10k:FL",-3.83772091660223,0.546257330090195
"pooled_lasso_state_interactions","min",2,2018,"coc_hic_psh_beds_per_10k:FL",0,0.546257330090195
"pooled_lasso_state_interactions","min",2,2018,"state_anticamping_strictness:FL",0,0.546257330090195
"pooled_lasso_state_interactions","min",2,2018,"state_tanf_max_benefit_3person:FL",0,0.546257330090195
"pooled_lasso_state_interactions","min",2,2018,"state_ssi_state_supplement:FL",0,0.546257330090195
"pooled_lasso_state_interactions","min",2,2018,"state_labor_force_participation_pct:FL",0,0.546257330090195
"pooled_lasso_state_interactions","min",2,2018,"state_real_median_rent_2025_usd:FL",0,0.546257330090195
"pooled_lasso_state_interactions","min",2,2018,"state_rental_vacancy_rate:FL",0,0.546257330090195
"pooled_lasso_state_interactions","1se",2,2018,"(Intercept)",42.2911739154083,1.14981931807692
"pooled_lasso_state_interactions","1se",2,2018,"control_state_florida",-2.47953308863622,1.14981931807692
"pooled_lasso_state_interactions","1se",2,2018,"control_time_index",-2.34712333165552,1.14981931807692
"pooled_lasso_state_interactions","1se",2,2018,"coc_log_estimated_population",-7.59346124925624,1.14981931807692
"pooled_lasso_state_interactions","1se",2,2018,"coc_population_density_per_sq_mile",-3.54751618007088,1.14981931807692
"pooled_lasso_state_interactions","1se",2,2018,"coc_contributing_counties",0,1.14981931807692
"pooled_lasso_state_interactions","1se",2,2018,"coc_contains_split_county_flag",0,1.14981931807692
"pooled_lasso_state_interactions","1se",2,2018,"coc_housing_units_per_1000_residents",0,1.14981931807692
"pooled_lasso_state_interactions","1se",2,2018,"coc_permits_per_1000_housing_units",0,1.14981931807692
"pooled_lasso_state_interactions","1se",2,2018,"coc_multifamily_permit_share_pct",0,1.14981931807692
"pooled_lasso_state_interactions","1se",2,2018,"coc_permits_value_per_1000_housing_units_2025_usd",0,1.14981931807692
"pooled_lasso_state_interactions","1se",2,2018,"coc_birth_rate_per_1000",0,1.14981931807692
"pooled_lasso_state_interactions","1se",2,2018,"coc_death_rate_per_1000",0,1.14981931807692
"pooled_lasso_state_interactions","1se",2,2018,"coc_international_migration_rate_per_1000",-2.17327467729861,1.14981931807692
"pooled_lasso_state_interactions","1se",2,2018,"coc_domestic_migration_rate_per_1000",0,1.14981931807692
"pooled_lasso_state_interactions","1se",2,2018,"coc_group_quarters_per_1000_residents",0,1.14981931807692
"pooled_lasso_state_interactions","1se",2,2018,"coc_population_growth_rate_pct",0,1.14981931807692
"pooled_lasso_state_interactions","1se",2,2018,"coc_housing_supply_growth_rate_pct",0,1.14981931807692
"pooled_lasso_state_interactions","1se",2,2018,"coc_poverty_all_pct",0,1.14981931807692
"pooled_lasso_state_interactions","1se",2,2018,"coc_poverty_child_pct",0,1.14981931807692
"pooled_lasso_state_interactions","1se",2,2018,"coc_real_median_household_income_2025_usd",0,1.14981931807692
"pooled_lasso_state_interactions","1se",2,2018,"coc_real_per_capita_personal_income_2025_usd",0,1.14981931807692
"pooled_lasso_state_interactions","1se",2,2018,"coc_unemployment_rate_pct",-0.329623493788548,1.14981931807692
"pooled_lasso_state_interactions","1se",2,2018,"coc_high_school_graduate_pct",0,1.14981931807692
"pooled_lasso_state_interactions","1se",2,2018,"coc_homeownership_rate_pct",0,1.14981931807692
"pooled_lasso_state_interactions","1se",2,2018,"coc_housing_cost_burdened_households_pct",1.74528812564441,1.14981931807692
"pooled_lasso_state_interactions","1se",2,2018,"coc_income_inequality_ratio",-0.123773463025318,1.14981931807692
"pooled_lasso_state_interactions","1se",2,2018,"coc_annual_hpi_change_pct",0,1.14981931807692
"pooled_lasso_state_interactions","1se",2,2018,"coc_real_gdp_per_capita_2017_usd",0,1.14981931807692
"pooled_lasso_state_interactions","1se",2,2018,"coc_real_gdp_quantity_index",1.69580036205853,1.14981931807692
"pooled_lasso_state_interactions","1se",2,2018,"coc_relative_home_price_index_2000_base",0,1.14981931807692
"pooled_lasso_state_interactions","1se",2,2018,"state_real_minimum_wage_2025_usd",0,1.14981931807692
"pooled_lasso_state_interactions","1se",2,2018,"state_medicaid_expansion",0,1.14981931807692
"pooled_lasso_state_interactions","1se",2,2018,"coc_hic_temporary_beds_per_10k",4.67895057172563,1.14981931807692
"pooled_lasso_state_interactions","1se",2,2018,"coc_hic_psh_beds_per_10k",13.0847267859055,1.14981931807692
"pooled_lasso_state_interactions","1se",2,2018,"state_anticamping_strictness",0,1.14981931807692
"pooled_lasso_state_interactions","1se",2,2018,"state_tanf_max_benefit_3person",0,1.14981931807692
"pooled_lasso_state_interactions","1se",2,2018,"state_ssi_state_supplement",0,1.14981931807692
"pooled_lasso_state_interactions","1se",2,2018,"state_labor_force_participation_pct",0,1.14981931807692
"pooled_lasso_state_interactions","1se",2,2018,"state_real_median_rent_2025_usd",0,1.14981931807692
"pooled_lasso_state_interactions","1se",2,2018,"state_rental_vacancy_rate",0,1.14981931807692
"pooled_lasso_state_interactions","1se",2,2018,"coc_log_estimated_population:FL",0,1.14981931807692
"pooled_lasso_state_interactions","1se",2,2018,"coc_population_density_per_sq_mile:FL",0,1.14981931807692
"pooled_lasso_state_interactions","1se",2,2018,"coc_contributing_counties:FL",0,1.14981931807692
"pooled_lasso_state_interactions","1se",2,2018,"coc_contains_split_county_flag:FL",-0.872589592181273,1.14981931807692
"pooled_lasso_state_interactions","1se",2,2018,"coc_housing_units_per_1000_residents:FL",0,1.14981931807692
"pooled_lasso_state_interactions","1se",2,2018,"coc_permits_per_1000_housing_units:FL",0,1.14981931807692
"pooled_lasso_state_interactions","1se",2,2018,"coc_multifamily_permit_share_pct:FL",0,1.14981931807692
"pooled_lasso_state_interactions","1se",2,2018,"coc_permits_value_per_1000_housing_units_2025_usd:FL",0,1.14981931807692
"pooled_lasso_state_interactions","1se",2,2018,"coc_birth_rate_per_1000:FL",0,1.14981931807692
"pooled_lasso_state_interactions","1se",2,2018,"coc_death_rate_per_1000:FL",0,1.14981931807692
"pooled_lasso_state_interactions","1se",2,2018,"coc_international_migration_rate_per_1000:FL",0,1.14981931807692
"pooled_lasso_state_interactions","1se",2,2018,"coc_domestic_migration_rate_per_1000:FL",0,1.14981931807692
"pooled_lasso_state_interactions","1se",2,2018,"coc_group_quarters_per_1000_residents:FL",-0.211897674925818,1.14981931807692
"pooled_lasso_state_interactions","1se",2,2018,"coc_population_growth_rate_pct:FL",0,1.14981931807692
"pooled_lasso_state_interactions","1se",2,2018,"coc_housing_supply_growth_rate_pct:FL",0,1.14981931807692
"pooled_lasso_state_interactions","1se",2,2018,"coc_poverty_all_pct:FL",0,1.14981931807692
"pooled_lasso_state_interactions","1se",2,2018,"coc_poverty_child_pct:FL",0,1.14981931807692
"pooled_lasso_state_interactions","1se",2,2018,"coc_real_median_household_income_2025_usd:FL",0,1.14981931807692
"pooled_lasso_state_interactions","1se",2,2018,"coc_real_per_capita_personal_income_2025_usd:FL",0,1.14981931807692
"pooled_lasso_state_interactions","1se",2,2018,"coc_unemployment_rate_pct:FL",0,1.14981931807692
"pooled_lasso_state_interactions","1se",2,2018,"coc_high_school_graduate_pct:FL",0,1.14981931807692
"pooled_lasso_state_interactions","1se",2,2018,"coc_homeownership_rate_pct:FL",0.596792376991777,1.14981931807692
"pooled_lasso_state_interactions","1se",2,2018,"coc_housing_cost_burdened_households_pct:FL",0,1.14981931807692
"pooled_lasso_state_interactions","1se",2,2018,"coc_income_inequality_ratio:FL",-0.284172999420338,1.14981931807692
"pooled_lasso_state_interactions","1se",2,2018,"coc_annual_hpi_change_pct:FL",0,1.14981931807692
"pooled_lasso_state_interactions","1se",2,2018,"coc_real_gdp_per_capita_2017_usd:FL",0,1.14981931807692
"pooled_lasso_state_interactions","1se",2,2018,"coc_real_gdp_quantity_index:FL",0,1.14981931807692
"pooled_lasso_state_interactions","1se",2,2018,"coc_relative_home_price_index_2000_base:FL",0,1.14981931807692
"pooled_lasso_state_interactions","1se",2,2018,"state_real_minimum_wage_2025_usd:FL",0,1.14981931807692
"pooled_lasso_state_interactions","1se",2,2018,"state_medicaid_expansion:FL",0,1.14981931807692
"pooled_lasso_state_interactions","1se",2,2018,"coc_hic_temporary_beds_per_10k:FL",0,1.14981931807692
"pooled_lasso_state_interactions","1se",2,2018,"coc_hic_psh_beds_per_10k:FL",0,1.14981931807692
"pooled_lasso_state_interactions","1se",2,2018,"state_anticamping_strictness:FL",0,1.14981931807692
"pooled_lasso_state_interactions","1se",2,2018,"state_tanf_max_benefit_3person:FL",0,1.14981931807692
"pooled_lasso_state_interactions","1se",2,2018,"state_ssi_state_supplement:FL",0,1.14981931807692
"pooled_lasso_state_interactions","1se",2,2018,"state_labor_force_participation_pct:FL",0,1.14981931807692
"pooled_lasso_state_interactions","1se",2,2018,"state_real_median_rent_2025_usd:FL",0,1.14981931807692
"pooled_lasso_state_interactions","1se",2,2018,"state_rental_vacancy_rate:FL",0,1.14981931807692
"separate_lasso_CA","min",2,2018,"(Intercept)",35.1098693708174,1.05417397560045
"separate_lasso_CA","min",2,2018,"control_time_index",0.54273315843602,1.05417397560045
"separate_lasso_CA","min",2,2018,"coc_log_estimated_population",-6.20523094094492,1.05417397560045
"separate_lasso_CA","min",2,2018,"coc_population_density_per_sq_mile",-8.95335404551072,1.05417397560045
"separate_lasso_CA","min",2,2018,"coc_contributing_counties",-0.34744232681965,1.05417397560045
"separate_lasso_CA","min",2,2018,"coc_contains_split_county_flag",0,1.05417397560045
"separate_lasso_CA","min",2,2018,"coc_housing_units_per_1000_residents",1.93177592800096,1.05417397560045
"separate_lasso_CA","min",2,2018,"coc_permits_per_1000_housing_units",0,1.05417397560045
"separate_lasso_CA","min",2,2018,"coc_multifamily_permit_share_pct",0,1.05417397560045
"separate_lasso_CA","min",2,2018,"coc_permits_value_per_1000_housing_units_2025_usd",0,1.05417397560045
"separate_lasso_CA","min",2,2018,"coc_birth_rate_per_1000",0,1.05417397560045
"separate_lasso_CA","min",2,2018,"coc_death_rate_per_1000",0,1.05417397560045
"separate_lasso_CA","min",2,2018,"coc_international_migration_rate_per_1000",0,1.05417397560045
"separate_lasso_CA","min",2,2018,"coc_domestic_migration_rate_per_1000",0,1.05417397560045
"separate_lasso_CA","min",2,2018,"coc_group_quarters_per_1000_residents",0.681995465355034,1.05417397560045
"separate_lasso_CA","min",2,2018,"coc_population_growth_rate_pct",-0.937547240159448,1.05417397560045
"separate_lasso_CA","min",2,2018,"coc_housing_supply_growth_rate_pct",-0.128692313225235,1.05417397560045
"separate_lasso_CA","min",2,2018,"coc_poverty_all_pct",0,1.05417397560045
"separate_lasso_CA","min",2,2018,"coc_poverty_child_pct",0,1.05417397560045
"separate_lasso_CA","min",2,2018,"coc_real_median_household_income_2025_usd",0,1.05417397560045
"separate_lasso_CA","min",2,2018,"coc_real_per_capita_personal_income_2025_usd",0,1.05417397560045
"separate_lasso_CA","min",2,2018,"coc_unemployment_rate_pct",0,1.05417397560045
"separate_lasso_CA","min",2,2018,"coc_high_school_graduate_pct",0.176721935780765,1.05417397560045
"separate_lasso_CA","min",2,2018,"coc_homeownership_rate_pct",0,1.05417397560045
"separate_lasso_CA","min",2,2018,"coc_housing_cost_burdened_households_pct",7.78158559019301,1.05417397560045
"separate_lasso_CA","min",2,2018,"coc_income_inequality_ratio",-1.08216883218556,1.05417397560045
"separate_lasso_CA","min",2,2018,"coc_annual_hpi_change_pct",0,1.05417397560045
"separate_lasso_CA","min",2,2018,"coc_real_gdp_per_capita_2017_usd",0,1.05417397560045
"separate_lasso_CA","min",2,2018,"coc_real_gdp_quantity_index",2.82751627502145,1.05417397560045
"separate_lasso_CA","min",2,2018,"coc_relative_home_price_index_2000_base",0,1.05417397560045
"separate_lasso_CA","min",2,2018,"state_real_minimum_wage_2025_usd",0,1.05417397560045
"separate_lasso_CA","min",2,2018,"state_medicaid_expansion",0,1.05417397560045
"separate_lasso_CA","min",2,2018,"coc_hic_temporary_beds_per_10k",8.38303088434535,1.05417397560045
"separate_lasso_CA","min",2,2018,"coc_hic_psh_beds_per_10k",17.8075561784773,1.05417397560045
"separate_lasso_CA","min",2,2018,"state_anticamping_strictness",0,1.05417397560045
"separate_lasso_CA","min",2,2018,"state_tanf_max_benefit_3person",0,1.05417397560045
"separate_lasso_CA","min",2,2018,"state_ssi_state_supplement",0,1.05417397560045
"separate_lasso_CA","min",2,2018,"state_labor_force_participation_pct",0,1.05417397560045
"separate_lasso_CA","min",2,2018,"state_real_median_rent_2025_usd",0,1.05417397560045
"separate_lasso_CA","min",2,2018,"state_rental_vacancy_rate",0,1.05417397560045
"separate_lasso_CA","1se",2,2018,"(Intercept)",36.2672831037394,2.21893517027809
"separate_lasso_CA","1se",2,2018,"control_time_index",0.21511256582239,2.21893517027809
"separate_lasso_CA","1se",2,2018,"coc_log_estimated_population",-5.01954743520253,2.21893517027809
"separate_lasso_CA","1se",2,2018,"coc_population_density_per_sq_mile",-4.15582910654842,2.21893517027809
"separate_lasso_CA","1se",2,2018,"coc_contributing_counties",0,2.21893517027809
"separate_lasso_CA","1se",2,2018,"coc_contains_split_county_flag",0,2.21893517027809
"separate_lasso_CA","1se",2,2018,"coc_housing_units_per_1000_residents",1.61651117333668,2.21893517027809
"separate_lasso_CA","1se",2,2018,"coc_permits_per_1000_housing_units",0,2.21893517027809
"separate_lasso_CA","1se",2,2018,"coc_multifamily_permit_share_pct",0,2.21893517027809
"separate_lasso_CA","1se",2,2018,"coc_permits_value_per_1000_housing_units_2025_usd",-0.346819574508627,2.21893517027809
"separate_lasso_CA","1se",2,2018,"coc_birth_rate_per_1000",0,2.21893517027809
"separate_lasso_CA","1se",2,2018,"coc_death_rate_per_1000",0,2.21893517027809
"separate_lasso_CA","1se",2,2018,"coc_international_migration_rate_per_1000",0,2.21893517027809
"separate_lasso_CA","1se",2,2018,"coc_domestic_migration_rate_per_1000",0,2.21893517027809
"separate_lasso_CA","1se",2,2018,"coc_group_quarters_per_1000_residents",0.146113818338406,2.21893517027809
"separate_lasso_CA","1se",2,2018,"coc_population_growth_rate_pct",-0.714265801882928,2.21893517027809
"separate_lasso_CA","1se",2,2018,"coc_housing_supply_growth_rate_pct",0,2.21893517027809
"separate_lasso_CA","1se",2,2018,"coc_poverty_all_pct",0,2.21893517027809
"separate_lasso_CA","1se",2,2018,"coc_poverty_child_pct",0,2.21893517027809
"separate_lasso_CA","1se",2,2018,"coc_real_median_household_income_2025_usd",0,2.21893517027809
"separate_lasso_CA","1se",2,2018,"coc_real_per_capita_personal_income_2025_usd",0,2.21893517027809
"separate_lasso_CA","1se",2,2018,"coc_unemployment_rate_pct",0,2.21893517027809
"separate_lasso_CA","1se",2,2018,"coc_high_school_graduate_pct",0,2.21893517027809
"separate_lasso_CA","1se",2,2018,"coc_homeownership_rate_pct",0,2.21893517027809
"separate_lasso_CA","1se",2,2018,"coc_housing_cost_burdened_households_pct",4.79002713562944,2.21893517027809
"separate_lasso_CA","1se",2,2018,"coc_income_inequality_ratio",0,2.21893517027809
"separate_lasso_CA","1se",2,2018,"coc_annual_hpi_change_pct",0,2.21893517027809
"separate_lasso_CA","1se",2,2018,"coc_real_gdp_per_capita_2017_usd",0,2.21893517027809
"separate_lasso_CA","1se",2,2018,"coc_real_gdp_quantity_index",1.76868241484995,2.21893517027809
"separate_lasso_CA","1se",2,2018,"coc_relative_home_price_index_2000_base",0,2.21893517027809
"separate_lasso_CA","1se",2,2018,"state_real_minimum_wage_2025_usd",0,2.21893517027809
"separate_lasso_CA","1se",2,2018,"state_medicaid_expansion",0,2.21893517027809
"separate_lasso_CA","1se",2,2018,"coc_hic_temporary_beds_per_10k",8.18859791203644,2.21893517027809
"separate_lasso_CA","1se",2,2018,"coc_hic_psh_beds_per_10k",12.2105749517863,2.21893517027809
"separate_lasso_CA","1se",2,2018,"state_anticamping_strictness",0,2.21893517027809
"separate_lasso_CA","1se",2,2018,"state_tanf_max_benefit_3person",0,2.21893517027809
"separate_lasso_CA","1se",2,2018,"state_ssi_state_supplement",0,2.21893517027809
"separate_lasso_CA","1se",2,2018,"state_labor_force_participation_pct",0,2.21893517027809
"separate_lasso_CA","1se",2,2018,"state_real_median_rent_2025_usd",0,2.21893517027809
"separate_lasso_CA","1se",2,2018,"state_rental_vacancy_rate",0,2.21893517027809
"separate_lasso_FL","min",2,2018,"(Intercept)",40.9331557664168,0.907429583867308
"separate_lasso_FL","min",2,2018,"control_time_index",-3.89305239703629,0.907429583867308
"separate_lasso_FL","min",2,2018,"coc_log_estimated_population",-14.4448857480568,0.907429583867308
"separate_lasso_FL","min",2,2018,"coc_population_density_per_sq_mile",1.65945195053621,0.907429583867308
"separate_lasso_FL","min",2,2018,"coc_contributing_counties",0,0.907429583867308
"separate_lasso_FL","min",2,2018,"coc_contains_split_county_flag",-0.13571787873496,0.907429583867308
"separate_lasso_FL","min",2,2018,"coc_housing_units_per_1000_residents",-0.0786158242645997,0.907429583867308
"separate_lasso_FL","min",2,2018,"coc_permits_per_1000_housing_units",0,0.907429583867308
"separate_lasso_FL","min",2,2018,"coc_multifamily_permit_share_pct",0,0.907429583867308
"separate_lasso_FL","min",2,2018,"coc_permits_value_per_1000_housing_units_2025_usd",0,0.907429583867308
"separate_lasso_FL","min",2,2018,"coc_birth_rate_per_1000",1.60331308575266,0.907429583867308
"separate_lasso_FL","min",2,2018,"coc_death_rate_per_1000",0,0.907429583867308
"separate_lasso_FL","min",2,2018,"coc_international_migration_rate_per_1000",0,0.907429583867308
"separate_lasso_FL","min",2,2018,"coc_domestic_migration_rate_per_1000",0,0.907429583867308
"separate_lasso_FL","min",2,2018,"coc_group_quarters_per_1000_residents",-3.4377797771486,0.907429583867308
"separate_lasso_FL","min",2,2018,"coc_population_growth_rate_pct",-1.17723762547581,0.907429583867308
"separate_lasso_FL","min",2,2018,"coc_housing_supply_growth_rate_pct",0,0.907429583867308
"separate_lasso_FL","min",2,2018,"coc_poverty_all_pct",0,0.907429583867308
"separate_lasso_FL","min",2,2018,"coc_poverty_child_pct",-3.67618226887298,0.907429583867308
"separate_lasso_FL","min",2,2018,"coc_real_median_household_income_2025_usd",0,0.907429583867308
"separate_lasso_FL","min",2,2018,"coc_real_per_capita_personal_income_2025_usd",0,0.907429583867308
"separate_lasso_FL","min",2,2018,"coc_unemployment_rate_pct",0,0.907429583867308
"separate_lasso_FL","min",2,2018,"coc_high_school_graduate_pct",-3.22919530132501,0.907429583867308
"separate_lasso_FL","min",2,2018,"coc_homeownership_rate_pct",0,0.907429583867308
"separate_lasso_FL","min",2,2018,"coc_housing_cost_burdened_households_pct",0,0.907429583867308
"separate_lasso_FL","min",2,2018,"coc_income_inequality_ratio",-0.637896090307699,0.907429583867308
"separate_lasso_FL","min",2,2018,"coc_annual_hpi_change_pct",0,0.907429583867308
"separate_lasso_FL","min",2,2018,"coc_real_gdp_per_capita_2017_usd",0,0.907429583867308
"separate_lasso_FL","min",2,2018,"coc_real_gdp_quantity_index",0,0.907429583867308
"separate_lasso_FL","min",2,2018,"coc_relative_home_price_index_2000_base",0,0.907429583867308
"separate_lasso_FL","min",2,2018,"state_real_minimum_wage_2025_usd",0,0.907429583867308
"separate_lasso_FL","min",2,2018,"state_medicaid_expansion",0,0.907429583867308
"separate_lasso_FL","min",2,2018,"coc_hic_temporary_beds_per_10k",0,0.907429583867308
"separate_lasso_FL","min",2,2018,"coc_hic_psh_beds_per_10k",5.77701687454243,0.907429583867308
"separate_lasso_FL","min",2,2018,"state_anticamping_strictness",0,0.907429583867308
"separate_lasso_FL","min",2,2018,"state_tanf_max_benefit_3person",0,0.907429583867308
"separate_lasso_FL","min",2,2018,"state_ssi_state_supplement",0,0.907429583867308
"separate_lasso_FL","min",2,2018,"state_labor_force_participation_pct",0,0.907429583867308
"separate_lasso_FL","min",2,2018,"state_real_median_rent_2025_usd",0,0.907429583867308
"separate_lasso_FL","min",2,2018,"state_rental_vacancy_rate",0,0.907429583867308
"separate_lasso_FL","1se",2,2018,"(Intercept)",40.6496036584993,2.30066474771525
"separate_lasso_FL","1se",2,2018,"control_time_index",-3.81203750905988,2.30066474771525
"separate_lasso_FL","1se",2,2018,"coc_log_estimated_population",-9.55207147980385,2.30066474771525
"separate_lasso_FL","1se",2,2018,"coc_population_density_per_sq_mile",0,2.30066474771525
"separate_lasso_FL","1se",2,2018,"coc_contributing_counties",0,2.30066474771525
"separate_lasso_FL","1se",2,2018,"coc_contains_split_county_flag",0,2.30066474771525
"separate_lasso_FL","1se",2,2018,"coc_housing_units_per_1000_residents",0,2.30066474771525
"separate_lasso_FL","1se",2,2018,"coc_permits_per_1000_housing_units",0,2.30066474771525
"separate_lasso_FL","1se",2,2018,"coc_multifamily_permit_share_pct",0,2.30066474771525
"separate_lasso_FL","1se",2,2018,"coc_permits_value_per_1000_housing_units_2025_usd",0,2.30066474771525
"separate_lasso_FL","1se",2,2018,"coc_birth_rate_per_1000",0,2.30066474771525
"separate_lasso_FL","1se",2,2018,"coc_death_rate_per_1000",0,2.30066474771525
"separate_lasso_FL","1se",2,2018,"coc_international_migration_rate_per_1000",0,2.30066474771525
"separate_lasso_FL","1se",2,2018,"coc_domestic_migration_rate_per_1000",0,2.30066474771525
"separate_lasso_FL","1se",2,2018,"coc_group_quarters_per_1000_residents",-0.719496681563397,2.30066474771525
"separate_lasso_FL","1se",2,2018,"coc_population_growth_rate_pct",0,2.30066474771525
"separate_lasso_FL","1se",2,2018,"coc_housing_supply_growth_rate_pct",0,2.30066474771525
"separate_lasso_FL","1se",2,2018,"coc_poverty_all_pct",0,2.30066474771525
"separate_lasso_FL","1se",2,2018,"coc_poverty_child_pct",-0.114576262847652,2.30066474771525
"separate_lasso_FL","1se",2,2018,"coc_real_median_household_income_2025_usd",0,2.30066474771525
"separate_lasso_FL","1se",2,2018,"coc_real_per_capita_personal_income_2025_usd",0,2.30066474771525
"separate_lasso_FL","1se",2,2018,"coc_unemployment_rate_pct",0,2.30066474771525
"separate_lasso_FL","1se",2,2018,"coc_high_school_graduate_pct",0,2.30066474771525
"separate_lasso_FL","1se",2,2018,"coc_homeownership_rate_pct",0,2.30066474771525
"separate_lasso_FL","1se",2,2018,"coc_housing_cost_burdened_households_pct",0,2.30066474771525
"separate_lasso_FL","1se",2,2018,"coc_income_inequality_ratio",0,2.30066474771525
"separate_lasso_FL","1se",2,2018,"coc_annual_hpi_change_pct",0,2.30066474771525
"separate_lasso_FL","1se",2,2018,"coc_real_gdp_per_capita_2017_usd",0,2.30066474771525
"separate_lasso_FL","1se",2,2018,"coc_real_gdp_quantity_index",0,2.30066474771525
"separate_lasso_FL","1se",2,2018,"coc_relative_home_price_index_2000_base",0,2.30066474771525
"separate_lasso_FL","1se",2,2018,"state_real_minimum_wage_2025_usd",0,2.30066474771525
"separate_lasso_FL","1se",2,2018,"state_medicaid_expansion",0,2.30066474771525
"separate_lasso_FL","1se",2,2018,"coc_hic_temporary_beds_per_10k",2.35082808351628,2.30066474771525
"separate_lasso_FL","1se",2,2018,"coc_hic_psh_beds_per_10k",2.97781475766191,2.30066474771525
"separate_lasso_FL","1se",2,2018,"state_anticamping_strictness",0,2.30066474771525
"separate_lasso_FL","1se",2,2018,"state_tanf_max_benefit_3person",0,2.30066474771525
"separate_lasso_FL","1se",2,2018,"state_ssi_state_supplement",0,2.30066474771525
"separate_lasso_FL","1se",2,2018,"state_labor_force_participation_pct",0,2.30066474771525
"separate_lasso_FL","1se",2,2018,"state_real_median_rent_2025_usd",0,2.30066474771525
"separate_lasso_FL","1se",2,2018,"state_rental_vacancy_rate",0,2.30066474771525
"pooled_lasso","min",3,2019,"(Intercept)",37.2020421213603,0.651303525503346
"pooled_lasso","min",3,2019,"control_state_florida",0.363976119367461,0.651303525503346
"pooled_lasso","min",3,2019,"control_time_index",-1.1118912935601,0.651303525503346
"pooled_lasso","min",3,2019,"coc_log_estimated_population",-8.29156685640249,0.651303525503346
"pooled_lasso","min",3,2019,"coc_population_density_per_sq_mile",-4.96567643480808,0.651303525503346
"pooled_lasso","min",3,2019,"coc_contributing_counties",-0.819376331197617,0.651303525503346
"pooled_lasso","min",3,2019,"coc_contains_split_county_flag",0,0.651303525503346
"pooled_lasso","min",3,2019,"coc_housing_units_per_1000_residents",0,0.651303525503346
"pooled_lasso","min",3,2019,"coc_permits_per_1000_housing_units",0,0.651303525503346
"pooled_lasso","min",3,2019,"coc_multifamily_permit_share_pct",0,0.651303525503346
"pooled_lasso","min",3,2019,"coc_permits_value_per_1000_housing_units_2025_usd",0,0.651303525503346
"pooled_lasso","min",3,2019,"coc_birth_rate_per_1000",-0.137954498626807,0.651303525503346
"pooled_lasso","min",3,2019,"coc_death_rate_per_1000",0,0.651303525503346
"pooled_lasso","min",3,2019,"coc_international_migration_rate_per_1000",-2.39767007466348,0.651303525503346
"pooled_lasso","min",3,2019,"coc_domestic_migration_rate_per_1000",0,0.651303525503346
"pooled_lasso","min",3,2019,"coc_group_quarters_per_1000_residents",0,0.651303525503346
"pooled_lasso","min",3,2019,"coc_population_growth_rate_pct",-0.5032965294003,0.651303525503346
"pooled_lasso","min",3,2019,"coc_housing_supply_growth_rate_pct",0,0.651303525503346
"pooled_lasso","min",3,2019,"coc_poverty_all_pct",-0.243967470052437,0.651303525503346
"pooled_lasso","min",3,2019,"coc_poverty_child_pct",0,0.651303525503346
"pooled_lasso","min",3,2019,"coc_real_median_household_income_2025_usd",0,0.651303525503346
"pooled_lasso","min",3,2019,"coc_real_per_capita_personal_income_2025_usd",0,0.651303525503346
"pooled_lasso","min",3,2019,"coc_unemployment_rate_pct",0,0.651303525503346
"pooled_lasso","min",3,2019,"coc_high_school_graduate_pct",0,0.651303525503346
"pooled_lasso","min",3,2019,"coc_homeownership_rate_pct",0,0.651303525503346
"pooled_lasso","min",3,2019,"coc_housing_cost_burdened_households_pct",3.57474573019278,0.651303525503346
"pooled_lasso","min",3,2019,"coc_income_inequality_ratio",-1.40766357244409,0.651303525503346
"pooled_lasso","min",3,2019,"coc_annual_hpi_change_pct",-0.895398771206759,0.651303525503346
"pooled_lasso","min",3,2019,"coc_real_gdp_per_capita_2017_usd",0,0.651303525503346
"pooled_lasso","min",3,2019,"coc_real_gdp_quantity_index",1.49863487112424,0.651303525503346
"pooled_lasso","min",3,2019,"coc_relative_home_price_index_2000_base",0,0.651303525503346
"pooled_lasso","min",3,2019,"state_real_minimum_wage_2025_usd",0,0.651303525503346
"pooled_lasso","min",3,2019,"state_medicaid_expansion",0,0.651303525503346
"pooled_lasso","min",3,2019,"coc_hic_temporary_beds_per_10k",4.74905571376035,0.651303525503346
"pooled_lasso","min",3,2019,"coc_hic_psh_beds_per_10k",14.8274227502998,0.651303525503346
"pooled_lasso","min",3,2019,"state_anticamping_strictness",0,0.651303525503346
"pooled_lasso","min",3,2019,"state_tanf_max_benefit_3person",0,0.651303525503346
"pooled_lasso","min",3,2019,"state_ssi_state_supplement",0,0.651303525503346
"pooled_lasso","min",3,2019,"state_labor_force_participation_pct",0,0.651303525503346
"pooled_lasso","min",3,2019,"state_real_median_rent_2025_usd",0,0.651303525503346
"pooled_lasso","min",3,2019,"state_rental_vacancy_rate",0,0.651303525503346
"pooled_lasso","1se",3,2019,"(Intercept)",41.3051513470815,2.62932357304179
"pooled_lasso","1se",3,2019,"control_state_florida",-6.49058550913885,2.62932357304179
"pooled_lasso","1se",3,2019,"control_time_index",-1.46981197599009,2.62932357304179
"pooled_lasso","1se",3,2019,"coc_log_estimated_population",-6.57448779643376,2.62932357304179
"pooled_lasso","1se",3,2019,"coc_population_density_per_sq_mile",0,2.62932357304179
"pooled_lasso","1se",3,2019,"coc_contributing_counties",0,2.62932357304179
"pooled_lasso","1se",3,2019,"coc_contains_split_county_flag",0,2.62932357304179
"pooled_lasso","1se",3,2019,"coc_housing_units_per_1000_residents",0,2.62932357304179
"pooled_lasso","1se",3,2019,"coc_permits_per_1000_housing_units",0,2.62932357304179
"pooled_lasso","1se",3,2019,"coc_multifamily_permit_share_pct",0,2.62932357304179
"pooled_lasso","1se",3,2019,"coc_permits_value_per_1000_housing_units_2025_usd",0,2.62932357304179
"pooled_lasso","1se",3,2019,"coc_birth_rate_per_1000",0,2.62932357304179
"pooled_lasso","1se",3,2019,"coc_death_rate_per_1000",0,2.62932357304179
"pooled_lasso","1se",3,2019,"coc_international_migration_rate_per_1000",0,2.62932357304179
"pooled_lasso","1se",3,2019,"coc_domestic_migration_rate_per_1000",0,2.62932357304179
"pooled_lasso","1se",3,2019,"coc_group_quarters_per_1000_residents",0,2.62932357304179
"pooled_lasso","1se",3,2019,"coc_population_growth_rate_pct",0,2.62932357304179
"pooled_lasso","1se",3,2019,"coc_housing_supply_growth_rate_pct",0,2.62932357304179
"pooled_lasso","1se",3,2019,"coc_poverty_all_pct",0,2.62932357304179
"pooled_lasso","1se",3,2019,"coc_poverty_child_pct",0,2.62932357304179
"pooled_lasso","1se",3,2019,"coc_real_median_household_income_2025_usd",0,2.62932357304179
"pooled_lasso","1se",3,2019,"coc_real_per_capita_personal_income_2025_usd",0,2.62932357304179
"pooled_lasso","1se",3,2019,"coc_unemployment_rate_pct",0,2.62932357304179
"pooled_lasso","1se",3,2019,"coc_high_school_graduate_pct",0,2.62932357304179
"pooled_lasso","1se",3,2019,"coc_homeownership_rate_pct",0,2.62932357304179
"pooled_lasso","1se",3,2019,"coc_housing_cost_burdened_households_pct",0,2.62932357304179
"pooled_lasso","1se",3,2019,"coc_income_inequality_ratio",0,2.62932357304179
"pooled_lasso","1se",3,2019,"coc_annual_hpi_change_pct",0,2.62932357304179
"pooled_lasso","1se",3,2019,"coc_real_gdp_per_capita_2017_usd",0,2.62932357304179
"pooled_lasso","1se",3,2019,"coc_real_gdp_quantity_index",0,2.62932357304179
"pooled_lasso","1se",3,2019,"coc_relative_home_price_index_2000_base",0,2.62932357304179
"pooled_lasso","1se",3,2019,"state_real_minimum_wage_2025_usd",0,2.62932357304179
"pooled_lasso","1se",3,2019,"state_medicaid_expansion",0,2.62932357304179
"pooled_lasso","1se",3,2019,"coc_hic_temporary_beds_per_10k",5.84401367631028,2.62932357304179
"pooled_lasso","1se",3,2019,"coc_hic_psh_beds_per_10k",7.08267535540908,2.62932357304179
"pooled_lasso","1se",3,2019,"state_anticamping_strictness",0,2.62932357304179
"pooled_lasso","1se",3,2019,"state_tanf_max_benefit_3person",0,2.62932357304179
"pooled_lasso","1se",3,2019,"state_ssi_state_supplement",0,2.62932357304179
"pooled_lasso","1se",3,2019,"state_labor_force_participation_pct",0,2.62932357304179
"pooled_lasso","1se",3,2019,"state_real_median_rent_2025_usd",0,2.62932357304179
"pooled_lasso","1se",3,2019,"state_rental_vacancy_rate",0,2.62932357304179
"pooled_lasso_state_interactions","min",3,2019,"(Intercept)",33.4655403892228,0.505320238102894
"pooled_lasso_state_interactions","min",3,2019,"control_state_florida",0.875580439377603,0.505320238102894
"pooled_lasso_state_interactions","min",3,2019,"control_time_index",-0.540526481098247,0.505320238102894
"pooled_lasso_state_interactions","min",3,2019,"coc_log_estimated_population",-8.15856401534656,0.505320238102894
"pooled_lasso_state_interactions","min",3,2019,"coc_population_density_per_sq_mile",-6.91429236326856,0.505320238102894
"pooled_lasso_state_interactions","min",3,2019,"coc_contributing_counties",0,0.505320238102894
"pooled_lasso_state_interactions","min",3,2019,"coc_contains_split_county_flag",0,0.505320238102894
"pooled_lasso_state_interactions","min",3,2019,"coc_housing_units_per_1000_residents",0,0.505320238102894
"pooled_lasso_state_interactions","min",3,2019,"coc_permits_per_1000_housing_units",0,0.505320238102894
"pooled_lasso_state_interactions","min",3,2019,"coc_multifamily_permit_share_pct",0,0.505320238102894
"pooled_lasso_state_interactions","min",3,2019,"coc_permits_value_per_1000_housing_units_2025_usd",0,0.505320238102894
"pooled_lasso_state_interactions","min",3,2019,"coc_birth_rate_per_1000",0,0.505320238102894
"pooled_lasso_state_interactions","min",3,2019,"coc_death_rate_per_1000",0,0.505320238102894
"pooled_lasso_state_interactions","min",3,2019,"coc_international_migration_rate_per_1000",-0.904210289645143,0.505320238102894
"pooled_lasso_state_interactions","min",3,2019,"coc_domestic_migration_rate_per_1000",0,0.505320238102894
"pooled_lasso_state_interactions","min",3,2019,"coc_group_quarters_per_1000_residents",0,0.505320238102894
"pooled_lasso_state_interactions","min",3,2019,"coc_population_growth_rate_pct",-1.7298521246949,0.505320238102894
"pooled_lasso_state_interactions","min",3,2019,"coc_housing_supply_growth_rate_pct",0,0.505320238102894
"pooled_lasso_state_interactions","min",3,2019,"coc_poverty_all_pct",0,0.505320238102894
"pooled_lasso_state_interactions","min",3,2019,"coc_poverty_child_pct",-0.553928978421363,0.505320238102894
"pooled_lasso_state_interactions","min",3,2019,"coc_real_median_household_income_2025_usd",0,0.505320238102894
"pooled_lasso_state_interactions","min",3,2019,"coc_real_per_capita_personal_income_2025_usd",0,0.505320238102894
"pooled_lasso_state_interactions","min",3,2019,"coc_unemployment_rate_pct",0,0.505320238102894
"pooled_lasso_state_interactions","min",3,2019,"coc_high_school_graduate_pct",0,0.505320238102894
"pooled_lasso_state_interactions","min",3,2019,"coc_homeownership_rate_pct",0,0.505320238102894
"pooled_lasso_state_interactions","min",3,2019,"coc_housing_cost_burdened_households_pct",6.96299684767904,0.505320238102894
"pooled_lasso_state_interactions","min",3,2019,"coc_income_inequality_ratio",-1.37983965452726,0.505320238102894
"pooled_lasso_state_interactions","min",3,2019,"coc_annual_hpi_change_pct",-0.422082705266622,0.505320238102894
"pooled_lasso_state_interactions","min",3,2019,"coc_real_gdp_per_capita_2017_usd",0,0.505320238102894
"pooled_lasso_state_interactions","min",3,2019,"coc_real_gdp_quantity_index",2.23848693910147,0.505320238102894
"pooled_lasso_state_interactions","min",3,2019,"coc_relative_home_price_index_2000_base",0,0.505320238102894
"pooled_lasso_state_interactions","min",3,2019,"state_real_minimum_wage_2025_usd",0,0.505320238102894
"pooled_lasso_state_interactions","min",3,2019,"state_medicaid_expansion",0,0.505320238102894
"pooled_lasso_state_interactions","min",3,2019,"coc_hic_temporary_beds_per_10k",6.46240465455141,0.505320238102894
"pooled_lasso_state_interactions","min",3,2019,"coc_hic_psh_beds_per_10k",16.0298726124597,0.505320238102894
"pooled_lasso_state_interactions","min",3,2019,"state_anticamping_strictness",0,0.505320238102894
"pooled_lasso_state_interactions","min",3,2019,"state_tanf_max_benefit_3person",0,0.505320238102894
"pooled_lasso_state_interactions","min",3,2019,"state_ssi_state_supplement",0,0.505320238102894
"pooled_lasso_state_interactions","min",3,2019,"state_labor_force_participation_pct",0,0.505320238102894
"pooled_lasso_state_interactions","min",3,2019,"state_real_median_rent_2025_usd",0,0.505320238102894
"pooled_lasso_state_interactions","min",3,2019,"state_rental_vacancy_rate",0,0.505320238102894
"pooled_lasso_state_interactions","min",3,2019,"coc_log_estimated_population:FL",-1.43900970850807,0.505320238102894
"pooled_lasso_state_interactions","min",3,2019,"coc_population_density_per_sq_mile:FL",0,0.505320238102894
"pooled_lasso_state_interactions","min",3,2019,"coc_contributing_counties:FL",0,0.505320238102894
"pooled_lasso_state_interactions","min",3,2019,"coc_contains_split_county_flag:FL",-1.13759482997123,0.505320238102894
"pooled_lasso_state_interactions","min",3,2019,"coc_housing_units_per_1000_residents:FL",0,0.505320238102894
"pooled_lasso_state_interactions","min",3,2019,"coc_permits_per_1000_housing_units:FL",0,0.505320238102894
"pooled_lasso_state_interactions","min",3,2019,"coc_multifamily_permit_share_pct:FL",0,0.505320238102894
"pooled_lasso_state_interactions","min",3,2019,"coc_permits_value_per_1000_housing_units_2025_usd:FL",1.43201908193184,0.505320238102894
"pooled_lasso_state_interactions","min",3,2019,"coc_birth_rate_per_1000:FL",0,0.505320238102894
"pooled_lasso_state_interactions","min",3,2019,"coc_death_rate_per_1000:FL",0,0.505320238102894
"pooled_lasso_state_interactions","min",3,2019,"coc_international_migration_rate_per_1000:FL",-1.23330112281138,0.505320238102894
"pooled_lasso_state_interactions","min",3,2019,"coc_domestic_migration_rate_per_1000:FL",0,0.505320238102894
"pooled_lasso_state_interactions","min",3,2019,"coc_group_quarters_per_1000_residents:FL",-1.65518160984559,0.505320238102894
"pooled_lasso_state_interactions","min",3,2019,"coc_population_growth_rate_pct:FL",0,0.505320238102894
"pooled_lasso_state_interactions","min",3,2019,"coc_housing_supply_growth_rate_pct:FL",0,0.505320238102894
"pooled_lasso_state_interactions","min",3,2019,"coc_poverty_all_pct:FL",0,0.505320238102894
"pooled_lasso_state_interactions","min",3,2019,"coc_poverty_child_pct:FL",0,0.505320238102894
"pooled_lasso_state_interactions","min",3,2019,"coc_real_median_household_income_2025_usd:FL",0,0.505320238102894
"pooled_lasso_state_interactions","min",3,2019,"coc_real_per_capita_personal_income_2025_usd:FL",0,0.505320238102894
"pooled_lasso_state_interactions","min",3,2019,"coc_unemployment_rate_pct:FL",0,0.505320238102894
"pooled_lasso_state_interactions","min",3,2019,"coc_high_school_graduate_pct:FL",-1.3069174914416,0.505320238102894
"pooled_lasso_state_interactions","min",3,2019,"coc_homeownership_rate_pct:FL",2.14205691200565,0.505320238102894
"pooled_lasso_state_interactions","min",3,2019,"coc_housing_cost_burdened_households_pct:FL",-2.59859370309012,0.505320238102894
"pooled_lasso_state_interactions","min",3,2019,"coc_income_inequality_ratio:FL",-0.59674557666176,0.505320238102894
"pooled_lasso_state_interactions","min",3,2019,"coc_annual_hpi_change_pct:FL",-2.2739509895362,0.505320238102894
"pooled_lasso_state_interactions","min",3,2019,"coc_real_gdp_per_capita_2017_usd:FL",0,0.505320238102894
"pooled_lasso_state_interactions","min",3,2019,"coc_real_gdp_quantity_index:FL",-1.26986136260441,0.505320238102894
"pooled_lasso_state_interactions","min",3,2019,"coc_relative_home_price_index_2000_base:FL",0,0.505320238102894
"pooled_lasso_state_interactions","min",3,2019,"state_real_minimum_wage_2025_usd:FL",0,0.505320238102894
"pooled_lasso_state_interactions","min",3,2019,"state_medicaid_expansion:FL",0,0.505320238102894
"pooled_lasso_state_interactions","min",3,2019,"coc_hic_temporary_beds_per_10k:FL",-2.66192365504273,0.505320238102894
"pooled_lasso_state_interactions","min",3,2019,"coc_hic_psh_beds_per_10k:FL",0,0.505320238102894
"pooled_lasso_state_interactions","min",3,2019,"state_anticamping_strictness:FL",0,0.505320238102894
"pooled_lasso_state_interactions","min",3,2019,"state_tanf_max_benefit_3person:FL",0,0.505320238102894
"pooled_lasso_state_interactions","min",3,2019,"state_ssi_state_supplement:FL",0,0.505320238102894
"pooled_lasso_state_interactions","min",3,2019,"state_labor_force_participation_pct:FL",0,0.505320238102894
"pooled_lasso_state_interactions","min",3,2019,"state_real_median_rent_2025_usd:FL",0,0.505320238102894
"pooled_lasso_state_interactions","min",3,2019,"state_rental_vacancy_rate:FL",0,0.505320238102894
"pooled_lasso_state_interactions","1se",3,2019,"(Intercept)",39.2592781067803,1.06365066348858
"pooled_lasso_state_interactions","1se",3,2019,"control_state_florida",-2.17099213653008,1.06365066348858
"pooled_lasso_state_interactions","1se",3,2019,"control_time_index",-1.37828951244628,1.06365066348858
"pooled_lasso_state_interactions","1se",3,2019,"coc_log_estimated_population",-7.68222049556424,1.06365066348858
"pooled_lasso_state_interactions","1se",3,2019,"coc_population_density_per_sq_mile",-3.94712303360454,1.06365066348858
"pooled_lasso_state_interactions","1se",3,2019,"coc_contributing_counties",0,1.06365066348858
"pooled_lasso_state_interactions","1se",3,2019,"coc_contains_split_county_flag",0,1.06365066348858
"pooled_lasso_state_interactions","1se",3,2019,"coc_housing_units_per_1000_residents",0,1.06365066348858
"pooled_lasso_state_interactions","1se",3,2019,"coc_permits_per_1000_housing_units",0,1.06365066348858
"pooled_lasso_state_interactions","1se",3,2019,"coc_multifamily_permit_share_pct",0,1.06365066348858
"pooled_lasso_state_interactions","1se",3,2019,"coc_permits_value_per_1000_housing_units_2025_usd",0,1.06365066348858
"pooled_lasso_state_interactions","1se",3,2019,"coc_birth_rate_per_1000",0,1.06365066348858
"pooled_lasso_state_interactions","1se",3,2019,"coc_death_rate_per_1000",0,1.06365066348858
"pooled_lasso_state_interactions","1se",3,2019,"coc_international_migration_rate_per_1000",-2.17950492229942,1.06365066348858
"pooled_lasso_state_interactions","1se",3,2019,"coc_domestic_migration_rate_per_1000",0,1.06365066348858
"pooled_lasso_state_interactions","1se",3,2019,"coc_group_quarters_per_1000_residents",0,1.06365066348858
"pooled_lasso_state_interactions","1se",3,2019,"coc_population_growth_rate_pct",-0.401829974930971,1.06365066348858
"pooled_lasso_state_interactions","1se",3,2019,"coc_housing_supply_growth_rate_pct",0,1.06365066348858
"pooled_lasso_state_interactions","1se",3,2019,"coc_poverty_all_pct",0,1.06365066348858
"pooled_lasso_state_interactions","1se",3,2019,"coc_poverty_child_pct",0,1.06365066348858
"pooled_lasso_state_interactions","1se",3,2019,"coc_real_median_household_income_2025_usd",0,1.06365066348858
"pooled_lasso_state_interactions","1se",3,2019,"coc_real_per_capita_personal_income_2025_usd",0,1.06365066348858
"pooled_lasso_state_interactions","1se",3,2019,"coc_unemployment_rate_pct",0,1.06365066348858
"pooled_lasso_state_interactions","1se",3,2019,"coc_high_school_graduate_pct",0,1.06365066348858
"pooled_lasso_state_interactions","1se",3,2019,"coc_homeownership_rate_pct",0,1.06365066348858
"pooled_lasso_state_interactions","1se",3,2019,"coc_housing_cost_burdened_households_pct",1.92151514926807,1.06365066348858
"pooled_lasso_state_interactions","1se",3,2019,"coc_income_inequality_ratio",0,1.06365066348858
"pooled_lasso_state_interactions","1se",3,2019,"coc_annual_hpi_change_pct",-0.309207921776541,1.06365066348858
"pooled_lasso_state_interactions","1se",3,2019,"coc_real_gdp_per_capita_2017_usd",0,1.06365066348858
"pooled_lasso_state_interactions","1se",3,2019,"coc_real_gdp_quantity_index",0.992392515322449,1.06365066348858
"pooled_lasso_state_interactions","1se",3,2019,"coc_relative_home_price_index_2000_base",0,1.06365066348858
"pooled_lasso_state_interactions","1se",3,2019,"state_real_minimum_wage_2025_usd",0,1.06365066348858
"pooled_lasso_state_interactions","1se",3,2019,"state_medicaid_expansion",0,1.06365066348858
"pooled_lasso_state_interactions","1se",3,2019,"coc_hic_temporary_beds_per_10k",5.27182188745617,1.06365066348858
"pooled_lasso_state_interactions","1se",3,2019,"coc_hic_psh_beds_per_10k",12.7503704340717,1.06365066348858
"pooled_lasso_state_interactions","1se",3,2019,"state_anticamping_strictness",0,1.06365066348858
"pooled_lasso_state_interactions","1se",3,2019,"state_tanf_max_benefit_3person",0,1.06365066348858
"pooled_lasso_state_interactions","1se",3,2019,"state_ssi_state_supplement",0,1.06365066348858
"pooled_lasso_state_interactions","1se",3,2019,"state_labor_force_participation_pct",0,1.06365066348858
"pooled_lasso_state_interactions","1se",3,2019,"state_real_median_rent_2025_usd",0,1.06365066348858
"pooled_lasso_state_interactions","1se",3,2019,"state_rental_vacancy_rate",0,1.06365066348858
"pooled_lasso_state_interactions","1se",3,2019,"coc_log_estimated_population:FL",0,1.06365066348858
"pooled_lasso_state_interactions","1se",3,2019,"coc_population_density_per_sq_mile:FL",0,1.06365066348858
"pooled_lasso_state_interactions","1se",3,2019,"coc_contributing_counties:FL",0,1.06365066348858
"pooled_lasso_state_interactions","1se",3,2019,"coc_contains_split_county_flag:FL",-1.14034363893407,1.06365066348858
"pooled_lasso_state_interactions","1se",3,2019,"coc_housing_units_per_1000_residents:FL",0,1.06365066348858
"pooled_lasso_state_interactions","1se",3,2019,"coc_permits_per_1000_housing_units:FL",0,1.06365066348858
"pooled_lasso_state_interactions","1se",3,2019,"coc_multifamily_permit_share_pct:FL",0,1.06365066348858
"pooled_lasso_state_interactions","1se",3,2019,"coc_permits_value_per_1000_housing_units_2025_usd:FL",0,1.06365066348858
"pooled_lasso_state_interactions","1se",3,2019,"coc_birth_rate_per_1000:FL",0,1.06365066348858
"pooled_lasso_state_interactions","1se",3,2019,"coc_death_rate_per_1000:FL",0,1.06365066348858
"pooled_lasso_state_interactions","1se",3,2019,"coc_international_migration_rate_per_1000:FL",0,1.06365066348858
"pooled_lasso_state_interactions","1se",3,2019,"coc_domestic_migration_rate_per_1000:FL",0,1.06365066348858
"pooled_lasso_state_interactions","1se",3,2019,"coc_group_quarters_per_1000_residents:FL",-0.551014652197126,1.06365066348858
"pooled_lasso_state_interactions","1se",3,2019,"coc_population_growth_rate_pct:FL",0,1.06365066348858
"pooled_lasso_state_interactions","1se",3,2019,"coc_housing_supply_growth_rate_pct:FL",0,1.06365066348858
"pooled_lasso_state_interactions","1se",3,2019,"coc_poverty_all_pct:FL",0,1.06365066348858
"pooled_lasso_state_interactions","1se",3,2019,"coc_poverty_child_pct:FL",0,1.06365066348858
"pooled_lasso_state_interactions","1se",3,2019,"coc_real_median_household_income_2025_usd:FL",0,1.06365066348858
"pooled_lasso_state_interactions","1se",3,2019,"coc_real_per_capita_personal_income_2025_usd:FL",0,1.06365066348858
"pooled_lasso_state_interactions","1se",3,2019,"coc_unemployment_rate_pct:FL",0,1.06365066348858
"pooled_lasso_state_interactions","1se",3,2019,"coc_high_school_graduate_pct:FL",0,1.06365066348858
"pooled_lasso_state_interactions","1se",3,2019,"coc_homeownership_rate_pct:FL",0,1.06365066348858
"pooled_lasso_state_interactions","1se",3,2019,"coc_housing_cost_burdened_households_pct:FL",0,1.06365066348858
"pooled_lasso_state_interactions","1se",3,2019,"coc_income_inequality_ratio:FL",-0.015749354109704,1.06365066348858
"pooled_lasso_state_interactions","1se",3,2019,"coc_annual_hpi_change_pct:FL",-0.373067525096848,1.06365066348858
"pooled_lasso_state_interactions","1se",3,2019,"coc_real_gdp_per_capita_2017_usd:FL",0,1.06365066348858
"pooled_lasso_state_interactions","1se",3,2019,"coc_real_gdp_quantity_index:FL",0,1.06365066348858
"pooled_lasso_state_interactions","1se",3,2019,"coc_relative_home_price_index_2000_base:FL",0,1.06365066348858
"pooled_lasso_state_interactions","1se",3,2019,"state_real_minimum_wage_2025_usd:FL",0,1.06365066348858
"pooled_lasso_state_interactions","1se",3,2019,"state_medicaid_expansion:FL",0,1.06365066348858
"pooled_lasso_state_interactions","1se",3,2019,"coc_hic_temporary_beds_per_10k:FL",0,1.06365066348858
"pooled_lasso_state_interactions","1se",3,2019,"coc_hic_psh_beds_per_10k:FL",0,1.06365066348858
"pooled_lasso_state_interactions","1se",3,2019,"state_anticamping_strictness:FL",0,1.06365066348858
"pooled_lasso_state_interactions","1se",3,2019,"state_tanf_max_benefit_3person:FL",0,1.06365066348858
"pooled_lasso_state_interactions","1se",3,2019,"state_ssi_state_supplement:FL",0,1.06365066348858
"pooled_lasso_state_interactions","1se",3,2019,"state_labor_force_participation_pct:FL",0,1.06365066348858
"pooled_lasso_state_interactions","1se",3,2019,"state_real_median_rent_2025_usd:FL",0,1.06365066348858
"pooled_lasso_state_interactions","1se",3,2019,"state_rental_vacancy_rate:FL",0,1.06365066348858
"separate_lasso_CA","min",3,2019,"(Intercept)",35.1371398561706,1.10633354048741
"separate_lasso_CA","min",3,2019,"control_time_index",0.473880706876504,1.10633354048741
"separate_lasso_CA","min",3,2019,"coc_log_estimated_population",-6.20494651597528,1.10633354048741
"separate_lasso_CA","min",3,2019,"coc_population_density_per_sq_mile",-8.29652594875678,1.10633354048741
"separate_lasso_CA","min",3,2019,"coc_contributing_counties",-0.598739068621694,1.10633354048741
"separate_lasso_CA","min",3,2019,"coc_contains_split_county_flag",0,1.10633354048741
"separate_lasso_CA","min",3,2019,"coc_housing_units_per_1000_residents",3.0839154883082,1.10633354048741
"separate_lasso_CA","min",3,2019,"coc_permits_per_1000_housing_units",0,1.10633354048741
"separate_lasso_CA","min",3,2019,"coc_multifamily_permit_share_pct",0,1.10633354048741
"separate_lasso_CA","min",3,2019,"coc_permits_value_per_1000_housing_units_2025_usd",-0.586498342133231,1.10633354048741
"separate_lasso_CA","min",3,2019,"coc_birth_rate_per_1000",0,1.10633354048741
"separate_lasso_CA","min",3,2019,"coc_death_rate_per_1000",0,1.10633354048741
"separate_lasso_CA","min",3,2019,"coc_international_migration_rate_per_1000",0,1.10633354048741
"separate_lasso_CA","min",3,2019,"coc_domestic_migration_rate_per_1000",0,1.10633354048741
"separate_lasso_CA","min",3,2019,"coc_group_quarters_per_1000_residents",0.385728149515937,1.10633354048741
"separate_lasso_CA","min",3,2019,"coc_population_growth_rate_pct",-0.409935769877341,1.10633354048741
"separate_lasso_CA","min",3,2019,"coc_housing_supply_growth_rate_pct",0,1.10633354048741
"separate_lasso_CA","min",3,2019,"coc_poverty_all_pct",0,1.10633354048741
"separate_lasso_CA","min",3,2019,"coc_poverty_child_pct",0,1.10633354048741
"separate_lasso_CA","min",3,2019,"coc_real_median_household_income_2025_usd",0,1.10633354048741
"separate_lasso_CA","min",3,2019,"coc_real_per_capita_personal_income_2025_usd",0,1.10633354048741
"separate_lasso_CA","min",3,2019,"coc_unemployment_rate_pct",0,1.10633354048741
"separate_lasso_CA","min",3,2019,"coc_high_school_graduate_pct",0,1.10633354048741
"separate_lasso_CA","min",3,2019,"coc_homeownership_rate_pct",0,1.10633354048741
"separate_lasso_CA","min",3,2019,"coc_housing_cost_burdened_households_pct",6.95339798410774,1.10633354048741
"separate_lasso_CA","min",3,2019,"coc_income_inequality_ratio",0,1.10633354048741
"separate_lasso_CA","min",3,2019,"coc_annual_hpi_change_pct",0,1.10633354048741
"separate_lasso_CA","min",3,2019,"coc_real_gdp_per_capita_2017_usd",0,1.10633354048741
"separate_lasso_CA","min",3,2019,"coc_real_gdp_quantity_index",2.7482953690764,1.10633354048741
"separate_lasso_CA","min",3,2019,"coc_relative_home_price_index_2000_base",0,1.10633354048741
"separate_lasso_CA","min",3,2019,"state_real_minimum_wage_2025_usd",0,1.10633354048741
"separate_lasso_CA","min",3,2019,"state_medicaid_expansion",0,1.10633354048741
"separate_lasso_CA","min",3,2019,"coc_hic_temporary_beds_per_10k",7.91166906691678,1.10633354048741
"separate_lasso_CA","min",3,2019,"coc_hic_psh_beds_per_10k",15.8410636294872,1.10633354048741
"separate_lasso_CA","min",3,2019,"state_anticamping_strictness",0,1.10633354048741
"separate_lasso_CA","min",3,2019,"state_tanf_max_benefit_3person",0,1.10633354048741
"separate_lasso_CA","min",3,2019,"state_ssi_state_supplement",0,1.10633354048741
"separate_lasso_CA","min",3,2019,"state_labor_force_participation_pct",0,1.10633354048741
"separate_lasso_CA","min",3,2019,"state_real_median_rent_2025_usd",0,1.10633354048741
"separate_lasso_CA","min",3,2019,"state_rental_vacancy_rate",0,1.10633354048741
"separate_lasso_CA","1se",3,2019,"(Intercept)",34.5651674733422,2.12184845013326
"separate_lasso_CA","1se",3,2019,"control_time_index",0.615029523619206,2.12184845013326
"separate_lasso_CA","1se",3,2019,"coc_log_estimated_population",-5.19766248811882,2.12184845013326
"separate_lasso_CA","1se",3,2019,"coc_population_density_per_sq_mile",-3.54927517400011,2.12184845013326
"separate_lasso_CA","1se",3,2019,"coc_contributing_counties",0,2.12184845013326
"separate_lasso_CA","1se",3,2019,"coc_contains_split_county_flag",0,2.12184845013326
"separate_lasso_CA","1se",3,2019,"coc_housing_units_per_1000_residents",2.20617180849276,2.12184845013326
"separate_lasso_CA","1se",3,2019,"coc_permits_per_1000_housing_units",0,2.12184845013326
"separate_lasso_CA","1se",3,2019,"coc_multifamily_permit_share_pct",0,2.12184845013326
"separate_lasso_CA","1se",3,2019,"coc_permits_value_per_1000_housing_units_2025_usd",-0.986866635158194,2.12184845013326
"separate_lasso_CA","1se",3,2019,"coc_birth_rate_per_1000",0,2.12184845013326
"separate_lasso_CA","1se",3,2019,"coc_death_rate_per_1000",0,2.12184845013326
"separate_lasso_CA","1se",3,2019,"coc_international_migration_rate_per_1000",0,2.12184845013326
"separate_lasso_CA","1se",3,2019,"coc_domestic_migration_rate_per_1000",0,2.12184845013326
"separate_lasso_CA","1se",3,2019,"coc_group_quarters_per_1000_residents",0.105236972334147,2.12184845013326
"separate_lasso_CA","1se",3,2019,"coc_population_growth_rate_pct",-0.340355833113522,2.12184845013326
"separate_lasso_CA","1se",3,2019,"coc_housing_supply_growth_rate_pct",0,2.12184845013326
"separate_lasso_CA","1se",3,2019,"coc_poverty_all_pct",0,2.12184845013326
"separate_lasso_CA","1se",3,2019,"coc_poverty_child_pct",0,2.12184845013326
"separate_lasso_CA","1se",3,2019,"coc_real_median_household_income_2025_usd",0,2.12184845013326
"separate_lasso_CA","1se",3,2019,"coc_real_per_capita_personal_income_2025_usd",0,2.12184845013326
"separate_lasso_CA","1se",3,2019,"coc_unemployment_rate_pct",0,2.12184845013326
"separate_lasso_CA","1se",3,2019,"coc_high_school_graduate_pct",0,2.12184845013326
"separate_lasso_CA","1se",3,2019,"coc_homeownership_rate_pct",0,2.12184845013326
"separate_lasso_CA","1se",3,2019,"coc_housing_cost_burdened_households_pct",4.31688398724054,2.12184845013326
"separate_lasso_CA","1se",3,2019,"coc_income_inequality_ratio",0,2.12184845013326
"separate_lasso_CA","1se",3,2019,"coc_annual_hpi_change_pct",0,2.12184845013326
"separate_lasso_CA","1se",3,2019,"coc_real_gdp_per_capita_2017_usd",0,2.12184845013326
"separate_lasso_CA","1se",3,2019,"coc_real_gdp_quantity_index",1.115980095889,2.12184845013326
"separate_lasso_CA","1se",3,2019,"coc_relative_home_price_index_2000_base",0,2.12184845013326
"separate_lasso_CA","1se",3,2019,"state_real_minimum_wage_2025_usd",0,2.12184845013326
"separate_lasso_CA","1se",3,2019,"state_medicaid_expansion",0,2.12184845013326
"separate_lasso_CA","1se",3,2019,"coc_hic_temporary_beds_per_10k",7.84375250302724,2.12184845013326
"separate_lasso_CA","1se",3,2019,"coc_hic_psh_beds_per_10k",11.171236973879,2.12184845013326
"separate_lasso_CA","1se",3,2019,"state_anticamping_strictness",0,2.12184845013326
"separate_lasso_CA","1se",3,2019,"state_tanf_max_benefit_3person",0,2.12184845013326
"separate_lasso_CA","1se",3,2019,"state_ssi_state_supplement",0,2.12184845013326
"separate_lasso_CA","1se",3,2019,"state_labor_force_participation_pct",0,2.12184845013326
"separate_lasso_CA","1se",3,2019,"state_real_median_rent_2025_usd",0,2.12184845013326
"separate_lasso_CA","1se",3,2019,"state_rental_vacancy_rate",0,2.12184845013326
"separate_lasso_FL","min",3,2019,"(Intercept)",37.5093307503801,0.823452373125847
"separate_lasso_FL","min",3,2019,"control_time_index",-2.81698574844348,0.823452373125847
"separate_lasso_FL","min",3,2019,"coc_log_estimated_population",-13.2202617007897,0.823452373125847
"separate_lasso_FL","min",3,2019,"coc_population_density_per_sq_mile",0.611497958943053,0.823452373125847
"separate_lasso_FL","min",3,2019,"coc_contributing_counties",0,0.823452373125847
"separate_lasso_FL","min",3,2019,"coc_contains_split_county_flag",-0.525639857293093,0.823452373125847
"separate_lasso_FL","min",3,2019,"coc_housing_units_per_1000_residents",0,0.823452373125847
"separate_lasso_FL","min",3,2019,"coc_permits_per_1000_housing_units",0,0.823452373125847
"separate_lasso_FL","min",3,2019,"coc_multifamily_permit_share_pct",0,0.823452373125847
"separate_lasso_FL","min",3,2019,"coc_permits_value_per_1000_housing_units_2025_usd",0,0.823452373125847
"separate_lasso_FL","min",3,2019,"coc_birth_rate_per_1000",1.43629694846394,0.823452373125847
"separate_lasso_FL","min",3,2019,"coc_death_rate_per_1000",0,0.823452373125847
"separate_lasso_FL","min",3,2019,"coc_international_migration_rate_per_1000",0,0.823452373125847
"separate_lasso_FL","min",3,2019,"coc_domestic_migration_rate_per_1000",-0.100357901078236,0.823452373125847
"separate_lasso_FL","min",3,2019,"coc_group_quarters_per_1000_residents",-4.06880257093108,0.823452373125847
"separate_lasso_FL","min",3,2019,"coc_population_growth_rate_pct",-2.40457170755911,0.823452373125847
"separate_lasso_FL","min",3,2019,"coc_housing_supply_growth_rate_pct",0,0.823452373125847
"separate_lasso_FL","min",3,2019,"coc_poverty_all_pct",0,0.823452373125847
"separate_lasso_FL","min",3,2019,"coc_poverty_child_pct",-4.00592477018757,0.823452373125847
"separate_lasso_FL","min",3,2019,"coc_real_median_household_income_2025_usd",0,0.823452373125847
"separate_lasso_FL","min",3,2019,"coc_real_per_capita_personal_income_2025_usd",0,0.823452373125847
"separate_lasso_FL","min",3,2019,"coc_unemployment_rate_pct",0,0.823452373125847
"separate_lasso_FL","min",3,2019,"coc_high_school_graduate_pct",-3.01473477556867,0.823452373125847
"separate_lasso_FL","min",3,2019,"coc_homeownership_rate_pct",0,0.823452373125847
"separate_lasso_FL","min",3,2019,"coc_housing_cost_burdened_households_pct",0,0.823452373125847
"separate_lasso_FL","min",3,2019,"coc_income_inequality_ratio",-0.45263308985155,0.823452373125847
"separate_lasso_FL","min",3,2019,"coc_annual_hpi_change_pct",-0.767479741072625,0.823452373125847
"separate_lasso_FL","min",3,2019,"coc_real_gdp_per_capita_2017_usd",0,0.823452373125847
"separate_lasso_FL","min",3,2019,"coc_real_gdp_quantity_index",0,0.823452373125847
"separate_lasso_FL","min",3,2019,"coc_relative_home_price_index_2000_base",0,0.823452373125847
"separate_lasso_FL","min",3,2019,"state_real_minimum_wage_2025_usd",0,0.823452373125847
"separate_lasso_FL","min",3,2019,"state_medicaid_expansion",0,0.823452373125847
"separate_lasso_FL","min",3,2019,"coc_hic_temporary_beds_per_10k",1.55065298836163,0.823452373125847
"separate_lasso_FL","min",3,2019,"coc_hic_psh_beds_per_10k",5.71414572936361,0.823452373125847
"separate_lasso_FL","min",3,2019,"state_anticamping_strictness",0,0.823452373125847
"separate_lasso_FL","min",3,2019,"state_tanf_max_benefit_3person",0,0.823452373125847
"separate_lasso_FL","min",3,2019,"state_ssi_state_supplement",0,0.823452373125847
"separate_lasso_FL","min",3,2019,"state_labor_force_participation_pct",0,0.823452373125847
"separate_lasso_FL","min",3,2019,"state_real_median_rent_2025_usd",0,0.823452373125847
"separate_lasso_FL","min",3,2019,"state_rental_vacancy_rate",0,0.823452373125847
"separate_lasso_FL","1se",3,2019,"(Intercept)",38.5027801139679,2.29130514311109
"separate_lasso_FL","1se",3,2019,"control_time_index",-3.06534808934042,2.29130514311109
"separate_lasso_FL","1se",3,2019,"coc_log_estimated_population",-9.0096776810649,2.29130514311109
"separate_lasso_FL","1se",3,2019,"coc_population_density_per_sq_mile",0,2.29130514311109
"separate_lasso_FL","1se",3,2019,"coc_contributing_counties",0,2.29130514311109
"separate_lasso_FL","1se",3,2019,"coc_contains_split_county_flag",0,2.29130514311109
"separate_lasso_FL","1se",3,2019,"coc_housing_units_per_1000_residents",0,2.29130514311109
"separate_lasso_FL","1se",3,2019,"coc_permits_per_1000_housing_units",0,2.29130514311109
"separate_lasso_FL","1se",3,2019,"coc_multifamily_permit_share_pct",0,2.29130514311109
"separate_lasso_FL","1se",3,2019,"coc_permits_value_per_1000_housing_units_2025_usd",0,2.29130514311109
"separate_lasso_FL","1se",3,2019,"coc_birth_rate_per_1000",0,2.29130514311109
"separate_lasso_FL","1se",3,2019,"coc_death_rate_per_1000",0,2.29130514311109
"separate_lasso_FL","1se",3,2019,"coc_international_migration_rate_per_1000",0,2.29130514311109
"separate_lasso_FL","1se",3,2019,"coc_domestic_migration_rate_per_1000",0,2.29130514311109
"separate_lasso_FL","1se",3,2019,"coc_group_quarters_per_1000_residents",-0.789791346279328,2.29130514311109
"separate_lasso_FL","1se",3,2019,"coc_population_growth_rate_pct",0,2.29130514311109
"separate_lasso_FL","1se",3,2019,"coc_housing_supply_growth_rate_pct",0,2.29130514311109
"separate_lasso_FL","1se",3,2019,"coc_poverty_all_pct",0,2.29130514311109
"separate_lasso_FL","1se",3,2019,"coc_poverty_child_pct",0,2.29130514311109
"separate_lasso_FL","1se",3,2019,"coc_real_median_household_income_2025_usd",0,2.29130514311109
"separate_lasso_FL","1se",3,2019,"coc_real_per_capita_personal_income_2025_usd",0,2.29130514311109
"separate_lasso_FL","1se",3,2019,"coc_unemployment_rate_pct",0,2.29130514311109
"separate_lasso_FL","1se",3,2019,"coc_high_school_graduate_pct",0,2.29130514311109
"separate_lasso_FL","1se",3,2019,"coc_homeownership_rate_pct",0,2.29130514311109
"separate_lasso_FL","1se",3,2019,"coc_housing_cost_burdened_households_pct",0,2.29130514311109
"separate_lasso_FL","1se",3,2019,"coc_income_inequality_ratio",0,2.29130514311109
"separate_lasso_FL","1se",3,2019,"coc_annual_hpi_change_pct",0,2.29130514311109
"separate_lasso_FL","1se",3,2019,"coc_real_gdp_per_capita_2017_usd",0,2.29130514311109
"separate_lasso_FL","1se",3,2019,"coc_real_gdp_quantity_index",0,2.29130514311109
"separate_lasso_FL","1se",3,2019,"coc_relative_home_price_index_2000_base",0,2.29130514311109
"separate_lasso_FL","1se",3,2019,"state_real_minimum_wage_2025_usd",0,2.29130514311109
"separate_lasso_FL","1se",3,2019,"state_medicaid_expansion",0,2.29130514311109
"separate_lasso_FL","1se",3,2019,"coc_hic_temporary_beds_per_10k",3.68620628420204,2.29130514311109
"separate_lasso_FL","1se",3,2019,"coc_hic_psh_beds_per_10k",3.24662731945158,2.29130514311109
"separate_lasso_FL","1se",3,2019,"state_anticamping_strictness",0,2.29130514311109
"separate_lasso_FL","1se",3,2019,"state_tanf_max_benefit_3person",0,2.29130514311109
"separate_lasso_FL","1se",3,2019,"state_ssi_state_supplement",0,2.29130514311109
"separate_lasso_FL","1se",3,2019,"state_labor_force_participation_pct",0,2.29130514311109
"separate_lasso_FL","1se",3,2019,"state_real_median_rent_2025_usd",0,2.29130514311109
"separate_lasso_FL","1se",3,2019,"state_rental_vacancy_rate",0,2.29130514311109
"pooled_lasso","min",4,2020,"(Intercept)",36.5956899256723,0.670091742505107
"pooled_lasso","min",4,2020,"control_state_florida",-3.55073037273148,0.670091742505107
"pooled_lasso","min",4,2020,"control_time_index",-0.54808489009334,0.670091742505107
"pooled_lasso","min",4,2020,"coc_log_estimated_population",-8.11373126622593,0.670091742505107
"pooled_lasso","min",4,2020,"coc_population_density_per_sq_mile",-4.83567520396655,0.670091742505107
"pooled_lasso","min",4,2020,"coc_contributing_counties",-0.361648782490761,0.670091742505107
"pooled_lasso","min",4,2020,"coc_contains_split_county_flag",0,0.670091742505107
"pooled_lasso","min",4,2020,"coc_housing_units_per_1000_residents",1.15939757817848,0.670091742505107
"pooled_lasso","min",4,2020,"coc_permits_per_1000_housing_units",0,0.670091742505107
"pooled_lasso","min",4,2020,"coc_multifamily_permit_share_pct",0,0.670091742505107
"pooled_lasso","min",4,2020,"coc_permits_value_per_1000_housing_units_2025_usd",0,0.670091742505107
"pooled_lasso","min",4,2020,"coc_birth_rate_per_1000",-0.0874873500552566,0.670091742505107
"pooled_lasso","min",4,2020,"coc_death_rate_per_1000",0,0.670091742505107
"pooled_lasso","min",4,2020,"coc_international_migration_rate_per_1000",-2.08182996179108,0.670091742505107
"pooled_lasso","min",4,2020,"coc_domestic_migration_rate_per_1000",0,0.670091742505107
"pooled_lasso","min",4,2020,"coc_group_quarters_per_1000_residents",0,0.670091742505107
"pooled_lasso","min",4,2020,"coc_population_growth_rate_pct",-0.352081983456719,0.670091742505107
"pooled_lasso","min",4,2020,"coc_housing_supply_growth_rate_pct",0,0.670091742505107
"pooled_lasso","min",4,2020,"coc_poverty_all_pct",0,0.670091742505107
"pooled_lasso","min",4,2020,"coc_poverty_child_pct",0,0.670091742505107
"pooled_lasso","min",4,2020,"coc_real_median_household_income_2025_usd",0,0.670091742505107
"pooled_lasso","min",4,2020,"coc_real_per_capita_personal_income_2025_usd",0,0.670091742505107
"pooled_lasso","min",4,2020,"coc_unemployment_rate_pct",0,0.670091742505107
"pooled_lasso","min",4,2020,"coc_high_school_graduate_pct",0,0.670091742505107
"pooled_lasso","min",4,2020,"coc_homeownership_rate_pct",0,0.670091742505107
"pooled_lasso","min",4,2020,"coc_housing_cost_burdened_households_pct",3.86035146959333,0.670091742505107
"pooled_lasso","min",4,2020,"coc_income_inequality_ratio",-1.07261597857877,0.670091742505107
"pooled_lasso","min",4,2020,"coc_annual_hpi_change_pct",-1.24744153990703,0.670091742505107
"pooled_lasso","min",4,2020,"coc_real_gdp_per_capita_2017_usd",0,0.670091742505107
"pooled_lasso","min",4,2020,"coc_real_gdp_quantity_index",0.653368256967066,0.670091742505107
"pooled_lasso","min",4,2020,"coc_relative_home_price_index_2000_base",0,0.670091742505107
"pooled_lasso","min",4,2020,"state_real_minimum_wage_2025_usd",0.0315174827743255,0.670091742505107
"pooled_lasso","min",4,2020,"state_medicaid_expansion",0,0.670091742505107
"pooled_lasso","min",4,2020,"coc_hic_temporary_beds_per_10k",4.07701047478024,0.670091742505107
"pooled_lasso","min",4,2020,"coc_hic_psh_beds_per_10k",14.155319491062,0.670091742505107
"pooled_lasso","min",4,2020,"state_anticamping_strictness",0,0.670091742505107
"pooled_lasso","min",4,2020,"state_tanf_max_benefit_3person",0,0.670091742505107
"pooled_lasso","min",4,2020,"state_ssi_state_supplement",0,0.670091742505107
"pooled_lasso","min",4,2020,"state_labor_force_participation_pct",0,0.670091742505107
"pooled_lasso","min",4,2020,"state_real_median_rent_2025_usd",0,0.670091742505107
"pooled_lasso","min",4,2020,"state_rental_vacancy_rate",0.0549248673390896,0.670091742505107
"pooled_lasso","1se",4,2020,"(Intercept)",41.3704107190822,2.70517192933615
"pooled_lasso","1se",4,2020,"control_state_florida",-8.64114810505561,2.70517192933615
"pooled_lasso","1se",4,2020,"control_time_index",-1.16617449243928,2.70517192933615
"pooled_lasso","1se",4,2020,"coc_log_estimated_population",-6.48372579880709,2.70517192933615
"pooled_lasso","1se",4,2020,"coc_population_density_per_sq_mile",0,2.70517192933615
"pooled_lasso","1se",4,2020,"coc_contributing_counties",0,2.70517192933615
"pooled_lasso","1se",4,2020,"coc_contains_split_county_flag",0,2.70517192933615
"pooled_lasso","1se",4,2020,"coc_housing_units_per_1000_residents",0,2.70517192933615
"pooled_lasso","1se",4,2020,"coc_permits_per_1000_housing_units",0,2.70517192933615
"pooled_lasso","1se",4,2020,"coc_multifamily_permit_share_pct",0,2.70517192933615
"pooled_lasso","1se",4,2020,"coc_permits_value_per_1000_housing_units_2025_usd",0,2.70517192933615
"pooled_lasso","1se",4,2020,"coc_birth_rate_per_1000",0,2.70517192933615
"pooled_lasso","1se",4,2020,"coc_death_rate_per_1000",0,2.70517192933615
"pooled_lasso","1se",4,2020,"coc_international_migration_rate_per_1000",0,2.70517192933615
"pooled_lasso","1se",4,2020,"coc_domestic_migration_rate_per_1000",0,2.70517192933615
"pooled_lasso","1se",4,2020,"coc_group_quarters_per_1000_residents",0,2.70517192933615
"pooled_lasso","1se",4,2020,"coc_population_growth_rate_pct",0,2.70517192933615
"pooled_lasso","1se",4,2020,"coc_housing_supply_growth_rate_pct",0,2.70517192933615
"pooled_lasso","1se",4,2020,"coc_poverty_all_pct",0,2.70517192933615
"pooled_lasso","1se",4,2020,"coc_poverty_child_pct",0,2.70517192933615
"pooled_lasso","1se",4,2020,"coc_real_median_household_income_2025_usd",0,2.70517192933615
"pooled_lasso","1se",4,2020,"coc_real_per_capita_personal_income_2025_usd",0,2.70517192933615
"pooled_lasso","1se",4,2020,"coc_unemployment_rate_pct",0,2.70517192933615
"pooled_lasso","1se",4,2020,"coc_high_school_graduate_pct",0,2.70517192933615
"pooled_lasso","1se",4,2020,"coc_homeownership_rate_pct",0,2.70517192933615
"pooled_lasso","1se",4,2020,"coc_housing_cost_burdened_households_pct",0,2.70517192933615
"pooled_lasso","1se",4,2020,"coc_income_inequality_ratio",0,2.70517192933615
"pooled_lasso","1se",4,2020,"coc_annual_hpi_change_pct",0,2.70517192933615
"pooled_lasso","1se",4,2020,"coc_real_gdp_per_capita_2017_usd",0,2.70517192933615
"pooled_lasso","1se",4,2020,"coc_real_gdp_quantity_index",0,2.70517192933615
"pooled_lasso","1se",4,2020,"coc_relative_home_price_index_2000_base",0,2.70517192933615
"pooled_lasso","1se",4,2020,"state_real_minimum_wage_2025_usd",0,2.70517192933615
"pooled_lasso","1se",4,2020,"state_medicaid_expansion",0,2.70517192933615
"pooled_lasso","1se",4,2020,"coc_hic_temporary_beds_per_10k",5.27544536964962,2.70517192933615
"pooled_lasso","1se",4,2020,"coc_hic_psh_beds_per_10k",6.89499034203747,2.70517192933615
"pooled_lasso","1se",4,2020,"state_anticamping_strictness",0,2.70517192933615
"pooled_lasso","1se",4,2020,"state_tanf_max_benefit_3person",0,2.70517192933615
"pooled_lasso","1se",4,2020,"state_ssi_state_supplement",0,2.70517192933615
"pooled_lasso","1se",4,2020,"state_labor_force_participation_pct",0,2.70517192933615
"pooled_lasso","1se",4,2020,"state_real_median_rent_2025_usd",0,2.70517192933615
"pooled_lasso","1se",4,2020,"state_rental_vacancy_rate",0,2.70517192933615
"pooled_lasso_state_interactions","min",4,2020,"(Intercept)",32.8399911985395,0.519897260822864
"pooled_lasso_state_interactions","min",4,2020,"control_state_florida",-3.66217268006622,0.519897260822864
"pooled_lasso_state_interactions","min",4,2020,"control_time_index",0.133981545009374,0.519897260822864
"pooled_lasso_state_interactions","min",4,2020,"coc_log_estimated_population",-7.79006433073535,0.519897260822864
"pooled_lasso_state_interactions","min",4,2020,"coc_population_density_per_sq_mile",-6.48245993150703,0.519897260822864
"pooled_lasso_state_interactions","min",4,2020,"coc_contributing_counties",0,0.519897260822864
"pooled_lasso_state_interactions","min",4,2020,"coc_contains_split_county_flag",0,0.519897260822864
"pooled_lasso_state_interactions","min",4,2020,"coc_housing_units_per_1000_residents",1.54416229036395,0.519897260822864
"pooled_lasso_state_interactions","min",4,2020,"coc_permits_per_1000_housing_units",0,0.519897260822864
"pooled_lasso_state_interactions","min",4,2020,"coc_multifamily_permit_share_pct",0,0.519897260822864
"pooled_lasso_state_interactions","min",4,2020,"coc_permits_value_per_1000_housing_units_2025_usd",0,0.519897260822864
"pooled_lasso_state_interactions","min",4,2020,"coc_birth_rate_per_1000",0,0.519897260822864
"pooled_lasso_state_interactions","min",4,2020,"coc_death_rate_per_1000",0,0.519897260822864
"pooled_lasso_state_interactions","min",4,2020,"coc_international_migration_rate_per_1000",-1.09268797441423,0.519897260822864
"pooled_lasso_state_interactions","min",4,2020,"coc_domestic_migration_rate_per_1000",0,0.519897260822864
"pooled_lasso_state_interactions","min",4,2020,"coc_group_quarters_per_1000_residents",0,0.519897260822864
"pooled_lasso_state_interactions","min",4,2020,"coc_population_growth_rate_pct",-0.906157244244485,0.519897260822864
"pooled_lasso_state_interactions","min",4,2020,"coc_housing_supply_growth_rate_pct",0,0.519897260822864
"pooled_lasso_state_interactions","min",4,2020,"coc_poverty_all_pct",0,0.519897260822864
"pooled_lasso_state_interactions","min",4,2020,"coc_poverty_child_pct",0,0.519897260822864
"pooled_lasso_state_interactions","min",4,2020,"coc_real_median_household_income_2025_usd",0,0.519897260822864
"pooled_lasso_state_interactions","min",4,2020,"coc_real_per_capita_personal_income_2025_usd",0,0.519897260822864
"pooled_lasso_state_interactions","min",4,2020,"coc_unemployment_rate_pct",0,0.519897260822864
"pooled_lasso_state_interactions","min",4,2020,"coc_high_school_graduate_pct",0,0.519897260822864
"pooled_lasso_state_interactions","min",4,2020,"coc_homeownership_rate_pct",0,0.519897260822864
"pooled_lasso_state_interactions","min",4,2020,"coc_housing_cost_burdened_households_pct",6.20587959211443,0.519897260822864
"pooled_lasso_state_interactions","min",4,2020,"coc_income_inequality_ratio",-0.916436095774731,0.519897260822864
"pooled_lasso_state_interactions","min",4,2020,"coc_annual_hpi_change_pct",-0.876916771083404,0.519897260822864
"pooled_lasso_state_interactions","min",4,2020,"coc_real_gdp_per_capita_2017_usd",0,0.519897260822864
"pooled_lasso_state_interactions","min",4,2020,"coc_real_gdp_quantity_index",1.31365171709516,0.519897260822864
"pooled_lasso_state_interactions","min",4,2020,"coc_relative_home_price_index_2000_base",0,0.519897260822864
"pooled_lasso_state_interactions","min",4,2020,"state_real_minimum_wage_2025_usd",0,0.519897260822864
"pooled_lasso_state_interactions","min",4,2020,"state_medicaid_expansion",0,0.519897260822864
"pooled_lasso_state_interactions","min",4,2020,"coc_hic_temporary_beds_per_10k",7.44301915343878,0.519897260822864
"pooled_lasso_state_interactions","min",4,2020,"coc_hic_psh_beds_per_10k",14.6511826865162,0.519897260822864
"pooled_lasso_state_interactions","min",4,2020,"state_anticamping_strictness",0,0.519897260822864
"pooled_lasso_state_interactions","min",4,2020,"state_tanf_max_benefit_3person",0,0.519897260822864
"pooled_lasso_state_interactions","min",4,2020,"state_ssi_state_supplement",0,0.519897260822864
"pooled_lasso_state_interactions","min",4,2020,"state_labor_force_participation_pct",0,0.519897260822864
"pooled_lasso_state_interactions","min",4,2020,"state_real_median_rent_2025_usd",0,0.519897260822864
"pooled_lasso_state_interactions","min",4,2020,"state_rental_vacancy_rate",0,0.519897260822864
"pooled_lasso_state_interactions","min",4,2020,"coc_log_estimated_population:FL",-1.69749763915921,0.519897260822864
"pooled_lasso_state_interactions","min",4,2020,"coc_population_density_per_sq_mile:FL",0,0.519897260822864
"pooled_lasso_state_interactions","min",4,2020,"coc_contributing_counties:FL",0,0.519897260822864
"pooled_lasso_state_interactions","min",4,2020,"coc_contains_split_county_flag:FL",-0.304315080700112,0.519897260822864
"pooled_lasso_state_interactions","min",4,2020,"coc_housing_units_per_1000_residents:FL",0,0.519897260822864
"pooled_lasso_state_interactions","min",4,2020,"coc_permits_per_1000_housing_units:FL",0,0.519897260822864
"pooled_lasso_state_interactions","min",4,2020,"coc_multifamily_permit_share_pct:FL",0,0.519897260822864
"pooled_lasso_state_interactions","min",4,2020,"coc_permits_value_per_1000_housing_units_2025_usd:FL",0.138227266832807,0.519897260822864
"pooled_lasso_state_interactions","min",4,2020,"coc_birth_rate_per_1000:FL",0,0.519897260822864
"pooled_lasso_state_interactions","min",4,2020,"coc_death_rate_per_1000:FL",0,0.519897260822864
"pooled_lasso_state_interactions","min",4,2020,"coc_international_migration_rate_per_1000:FL",-0.444037132172283,0.519897260822864
"pooled_lasso_state_interactions","min",4,2020,"coc_domestic_migration_rate_per_1000:FL",0,0.519897260822864
"pooled_lasso_state_interactions","min",4,2020,"coc_group_quarters_per_1000_residents:FL",-0.478772378554644,0.519897260822864
"pooled_lasso_state_interactions","min",4,2020,"coc_population_growth_rate_pct:FL",0,0.519897260822864
"pooled_lasso_state_interactions","min",4,2020,"coc_housing_supply_growth_rate_pct:FL",0.22784789600702,0.519897260822864
"pooled_lasso_state_interactions","min",4,2020,"coc_poverty_all_pct:FL",0,0.519897260822864
"pooled_lasso_state_interactions","min",4,2020,"coc_poverty_child_pct:FL",0,0.519897260822864
"pooled_lasso_state_interactions","min",4,2020,"coc_real_median_household_income_2025_usd:FL",0,0.519897260822864
"pooled_lasso_state_interactions","min",4,2020,"coc_real_per_capita_personal_income_2025_usd:FL",0,0.519897260822864
"pooled_lasso_state_interactions","min",4,2020,"coc_unemployment_rate_pct:FL",0,0.519897260822864
"pooled_lasso_state_interactions","min",4,2020,"coc_high_school_graduate_pct:FL",0,0.519897260822864
"pooled_lasso_state_interactions","min",4,2020,"coc_homeownership_rate_pct:FL",1.97659231882954,0.519897260822864
"pooled_lasso_state_interactions","min",4,2020,"coc_housing_cost_burdened_households_pct:FL",0,0.519897260822864
"pooled_lasso_state_interactions","min",4,2020,"coc_income_inequality_ratio:FL",-1.61535162097065,0.519897260822864
"pooled_lasso_state_interactions","min",4,2020,"coc_annual_hpi_change_pct:FL",-1.47210484144118,0.519897260822864
"pooled_lasso_state_interactions","min",4,2020,"coc_real_gdp_per_capita_2017_usd:FL",0,0.519897260822864
"pooled_lasso_state_interactions","min",4,2020,"coc_real_gdp_quantity_index:FL",-1.70480257468325,0.519897260822864
"pooled_lasso_state_interactions","min",4,2020,"coc_relative_home_price_index_2000_base:FL",0,0.519897260822864
"pooled_lasso_state_interactions","min",4,2020,"state_real_minimum_wage_2025_usd:FL",0,0.519897260822864
"pooled_lasso_state_interactions","min",4,2020,"state_medicaid_expansion:FL",0,0.519897260822864
"pooled_lasso_state_interactions","min",4,2020,"coc_hic_temporary_beds_per_10k:FL",-5.3063042553521,0.519897260822864
"pooled_lasso_state_interactions","min",4,2020,"coc_hic_psh_beds_per_10k:FL",0,0.519897260822864
"pooled_lasso_state_interactions","min",4,2020,"state_anticamping_strictness:FL",0,0.519897260822864
"pooled_lasso_state_interactions","min",4,2020,"state_tanf_max_benefit_3person:FL",0,0.519897260822864
"pooled_lasso_state_interactions","min",4,2020,"state_ssi_state_supplement:FL",0,0.519897260822864
"pooled_lasso_state_interactions","min",4,2020,"state_labor_force_participation_pct:FL",0,0.519897260822864
"pooled_lasso_state_interactions","min",4,2020,"state_real_median_rent_2025_usd:FL",0,0.519897260822864
"pooled_lasso_state_interactions","min",4,2020,"state_rental_vacancy_rate:FL",0,0.519897260822864
"pooled_lasso_state_interactions","1se",4,2020,"(Intercept)",37.8825160612115,1.09433389902649
"pooled_lasso_state_interactions","1se",4,2020,"control_state_florida",-5.26837578237656,1.09433389902649
"pooled_lasso_state_interactions","1se",4,2020,"control_time_index",-0.684763451184659,1.09433389902649
"pooled_lasso_state_interactions","1se",4,2020,"coc_log_estimated_population",-7.62259817342616,1.09433389902649
"pooled_lasso_state_interactions","1se",4,2020,"coc_population_density_per_sq_mile",-3.54634705755856,1.09433389902649
"pooled_lasso_state_interactions","1se",4,2020,"coc_contributing_counties",0,1.09433389902649
"pooled_lasso_state_interactions","1se",4,2020,"coc_contains_split_county_flag",0,1.09433389902649
"pooled_lasso_state_interactions","1se",4,2020,"coc_housing_units_per_1000_residents",0.823891801965326,1.09433389902649
"pooled_lasso_state_interactions","1se",4,2020,"coc_permits_per_1000_housing_units",0,1.09433389902649
"pooled_lasso_state_interactions","1se",4,2020,"coc_multifamily_permit_share_pct",0,1.09433389902649
"pooled_lasso_state_interactions","1se",4,2020,"coc_permits_value_per_1000_housing_units_2025_usd",0,1.09433389902649
"pooled_lasso_state_interactions","1se",4,2020,"coc_birth_rate_per_1000",0,1.09433389902649
"pooled_lasso_state_interactions","1se",4,2020,"coc_death_rate_per_1000",0,1.09433389902649
"pooled_lasso_state_interactions","1se",4,2020,"coc_international_migration_rate_per_1000",-1.78215524397458,1.09433389902649
"pooled_lasso_state_interactions","1se",4,2020,"coc_domestic_migration_rate_per_1000",0,1.09433389902649
"pooled_lasso_state_interactions","1se",4,2020,"coc_group_quarters_per_1000_residents",0,1.09433389902649
"pooled_lasso_state_interactions","1se",4,2020,"coc_population_growth_rate_pct",-0.382218754455824,1.09433389902649
"pooled_lasso_state_interactions","1se",4,2020,"coc_housing_supply_growth_rate_pct",0,1.09433389902649
"pooled_lasso_state_interactions","1se",4,2020,"coc_poverty_all_pct",0,1.09433389902649
"pooled_lasso_state_interactions","1se",4,2020,"coc_poverty_child_pct",0,1.09433389902649
"pooled_lasso_state_interactions","1se",4,2020,"coc_real_median_household_income_2025_usd",0,1.09433389902649
"pooled_lasso_state_interactions","1se",4,2020,"coc_real_per_capita_personal_income_2025_usd",0,1.09433389902649
"pooled_lasso_state_interactions","1se",4,2020,"coc_unemployment_rate_pct",0,1.09433389902649
"pooled_lasso_state_interactions","1se",4,2020,"coc_high_school_graduate_pct",0,1.09433389902649
"pooled_lasso_state_interactions","1se",4,2020,"coc_homeownership_rate_pct",0,1.09433389902649
"pooled_lasso_state_interactions","1se",4,2020,"coc_housing_cost_burdened_households_pct",2.21524524525892,1.09433389902649
"pooled_lasso_state_interactions","1se",4,2020,"coc_income_inequality_ratio",0,1.09433389902649
"pooled_lasso_state_interactions","1se",4,2020,"coc_annual_hpi_change_pct",-0.785182579173109,1.09433389902649
"pooled_lasso_state_interactions","1se",4,2020,"coc_real_gdp_per_capita_2017_usd",0,1.09433389902649
"pooled_lasso_state_interactions","1se",4,2020,"coc_real_gdp_quantity_index",0,1.09433389902649
"pooled_lasso_state_interactions","1se",4,2020,"coc_relative_home_price_index_2000_base",0,1.09433389902649
"pooled_lasso_state_interactions","1se",4,2020,"state_real_minimum_wage_2025_usd",0,1.09433389902649
"pooled_lasso_state_interactions","1se",4,2020,"state_medicaid_expansion",0,1.09433389902649
"pooled_lasso_state_interactions","1se",4,2020,"coc_hic_temporary_beds_per_10k",4.62689809101476,1.09433389902649
"pooled_lasso_state_interactions","1se",4,2020,"coc_hic_psh_beds_per_10k",11.9533989278166,1.09433389902649
"pooled_lasso_state_interactions","1se",4,2020,"state_anticamping_strictness",0,1.09433389902649
"pooled_lasso_state_interactions","1se",4,2020,"state_tanf_max_benefit_3person",0,1.09433389902649
"pooled_lasso_state_interactions","1se",4,2020,"state_ssi_state_supplement",0,1.09433389902649
"pooled_lasso_state_interactions","1se",4,2020,"state_labor_force_participation_pct",0,1.09433389902649
"pooled_lasso_state_interactions","1se",4,2020,"state_real_median_rent_2025_usd",0,1.09433389902649
"pooled_lasso_state_interactions","1se",4,2020,"state_rental_vacancy_rate",0,1.09433389902649
"pooled_lasso_state_interactions","1se",4,2020,"coc_log_estimated_population:FL",0,1.09433389902649
"pooled_lasso_state_interactions","1se",4,2020,"coc_population_density_per_sq_mile:FL",0,1.09433389902649
"pooled_lasso_state_interactions","1se",4,2020,"coc_contributing_counties:FL",0,1.09433389902649
"pooled_lasso_state_interactions","1se",4,2020,"coc_contains_split_county_flag:FL",-0.491551824938798,1.09433389902649
"pooled_lasso_state_interactions","1se",4,2020,"coc_housing_units_per_1000_residents:FL",0,1.09433389902649
"pooled_lasso_state_interactions","1se",4,2020,"coc_permits_per_1000_housing_units:FL",0,1.09433389902649
"pooled_lasso_state_interactions","1se",4,2020,"coc_multifamily_permit_share_pct:FL",0,1.09433389902649
"pooled_lasso_state_interactions","1se",4,2020,"coc_permits_value_per_1000_housing_units_2025_usd:FL",0,1.09433389902649
"pooled_lasso_state_interactions","1se",4,2020,"coc_birth_rate_per_1000:FL",0,1.09433389902649
"pooled_lasso_state_interactions","1se",4,2020,"coc_death_rate_per_1000:FL",0,1.09433389902649
"pooled_lasso_state_interactions","1se",4,2020,"coc_international_migration_rate_per_1000:FL",0,1.09433389902649
"pooled_lasso_state_interactions","1se",4,2020,"coc_domestic_migration_rate_per_1000:FL",0,1.09433389902649
"pooled_lasso_state_interactions","1se",4,2020,"coc_group_quarters_per_1000_residents:FL",0,1.09433389902649
"pooled_lasso_state_interactions","1se",4,2020,"coc_population_growth_rate_pct:FL",0,1.09433389902649
"pooled_lasso_state_interactions","1se",4,2020,"coc_housing_supply_growth_rate_pct:FL",0,1.09433389902649
"pooled_lasso_state_interactions","1se",4,2020,"coc_poverty_all_pct:FL",0,1.09433389902649
"pooled_lasso_state_interactions","1se",4,2020,"coc_poverty_child_pct:FL",0,1.09433389902649
"pooled_lasso_state_interactions","1se",4,2020,"coc_real_median_household_income_2025_usd:FL",0,1.09433389902649
"pooled_lasso_state_interactions","1se",4,2020,"coc_real_per_capita_personal_income_2025_usd:FL",0,1.09433389902649
"pooled_lasso_state_interactions","1se",4,2020,"coc_unemployment_rate_pct:FL",0,1.09433389902649
"pooled_lasso_state_interactions","1se",4,2020,"coc_high_school_graduate_pct:FL",0,1.09433389902649
"pooled_lasso_state_interactions","1se",4,2020,"coc_homeownership_rate_pct:FL",0,1.09433389902649
"pooled_lasso_state_interactions","1se",4,2020,"coc_housing_cost_burdened_households_pct:FL",0,1.09433389902649
"pooled_lasso_state_interactions","1se",4,2020,"coc_income_inequality_ratio:FL",0,1.09433389902649
"pooled_lasso_state_interactions","1se",4,2020,"coc_annual_hpi_change_pct:FL",-0.156542058280812,1.09433389902649
"pooled_lasso_state_interactions","1se",4,2020,"coc_real_gdp_per_capita_2017_usd:FL",0,1.09433389902649
"pooled_lasso_state_interactions","1se",4,2020,"coc_real_gdp_quantity_index:FL",-0.128574201284123,1.09433389902649
"pooled_lasso_state_interactions","1se",4,2020,"coc_relative_home_price_index_2000_base:FL",0,1.09433389902649
"pooled_lasso_state_interactions","1se",4,2020,"state_real_minimum_wage_2025_usd:FL",0,1.09433389902649
"pooled_lasso_state_interactions","1se",4,2020,"state_medicaid_expansion:FL",0,1.09433389902649
"pooled_lasso_state_interactions","1se",4,2020,"coc_hic_temporary_beds_per_10k:FL",0,1.09433389902649
"pooled_lasso_state_interactions","1se",4,2020,"coc_hic_psh_beds_per_10k:FL",0,1.09433389902649
"pooled_lasso_state_interactions","1se",4,2020,"state_anticamping_strictness:FL",0,1.09433389902649
"pooled_lasso_state_interactions","1se",4,2020,"state_tanf_max_benefit_3person:FL",0,1.09433389902649
"pooled_lasso_state_interactions","1se",4,2020,"state_ssi_state_supplement:FL",0,1.09433389902649
"pooled_lasso_state_interactions","1se",4,2020,"state_labor_force_participation_pct:FL",0,1.09433389902649
"pooled_lasso_state_interactions","1se",4,2020,"state_real_median_rent_2025_usd:FL",0,1.09433389902649
"pooled_lasso_state_interactions","1se",4,2020,"state_rental_vacancy_rate:FL",0,1.09433389902649
"separate_lasso_CA","min",4,2020,"(Intercept)",30.8674444987904,1.1138116237567
"separate_lasso_CA","min",4,2020,"control_time_index",1.48935692012962,1.1138116237567
"separate_lasso_CA","min",4,2020,"coc_log_estimated_population",-5.00114739573437,1.1138116237567
"separate_lasso_CA","min",4,2020,"coc_population_density_per_sq_mile",-6.93467326777852,1.1138116237567
"separate_lasso_CA","min",4,2020,"coc_contributing_counties",-1.41218468836828,1.1138116237567
"separate_lasso_CA","min",4,2020,"coc_contains_split_county_flag",0,1.1138116237567
"separate_lasso_CA","min",4,2020,"coc_housing_units_per_1000_residents",4.32865379474354,1.1138116237567
"separate_lasso_CA","min",4,2020,"coc_permits_per_1000_housing_units",0,1.1138116237567
"separate_lasso_CA","min",4,2020,"coc_multifamily_permit_share_pct",0,1.1138116237567
"separate_lasso_CA","min",4,2020,"coc_permits_value_per_1000_housing_units_2025_usd",-1.25990849790379,1.1138116237567
"separate_lasso_CA","min",4,2020,"coc_birth_rate_per_1000",0,1.1138116237567
"separate_lasso_CA","min",4,2020,"coc_death_rate_per_1000",0,1.1138116237567
"separate_lasso_CA","min",4,2020,"coc_international_migration_rate_per_1000",0,1.1138116237567
"separate_lasso_CA","min",4,2020,"coc_domestic_migration_rate_per_1000",0,1.1138116237567
"separate_lasso_CA","min",4,2020,"coc_group_quarters_per_1000_residents",1.00889965503419,1.1138116237567
"separate_lasso_CA","min",4,2020,"coc_population_growth_rate_pct",-0.842707646723492,1.1138116237567
"separate_lasso_CA","min",4,2020,"coc_housing_supply_growth_rate_pct",0,1.1138116237567
"separate_lasso_CA","min",4,2020,"coc_poverty_all_pct",0,1.1138116237567
"separate_lasso_CA","min",4,2020,"coc_poverty_child_pct",0,1.1138116237567
"separate_lasso_CA","min",4,2020,"coc_real_median_household_income_2025_usd",0,1.1138116237567
"separate_lasso_CA","min",4,2020,"coc_real_per_capita_personal_income_2025_usd",0,1.1138116237567
"separate_lasso_CA","min",4,2020,"coc_unemployment_rate_pct",0,1.1138116237567
"separate_lasso_CA","min",4,2020,"coc_high_school_graduate_pct",0,1.1138116237567
"separate_lasso_CA","min",4,2020,"coc_homeownership_rate_pct",0,1.1138116237567
"separate_lasso_CA","min",4,2020,"coc_housing_cost_burdened_households_pct",6.38029358632373,1.1138116237567
"separate_lasso_CA","min",4,2020,"coc_income_inequality_ratio",-0.136825657316321,1.1138116237567
"separate_lasso_CA","min",4,2020,"coc_annual_hpi_change_pct",0,1.1138116237567
"separate_lasso_CA","min",4,2020,"coc_real_gdp_per_capita_2017_usd",0,1.1138116237567
"separate_lasso_CA","min",4,2020,"coc_real_gdp_quantity_index",1.18086416347355,1.1138116237567
"separate_lasso_CA","min",4,2020,"coc_relative_home_price_index_2000_base",0,1.1138116237567
"separate_lasso_CA","min",4,2020,"state_real_minimum_wage_2025_usd",0,1.1138116237567
"separate_lasso_CA","min",4,2020,"state_medicaid_expansion",0,1.1138116237567
"separate_lasso_CA","min",4,2020,"coc_hic_temporary_beds_per_10k",8.80503328755759,1.1138116237567
"separate_lasso_CA","min",4,2020,"coc_hic_psh_beds_per_10k",13.2948715270224,1.1138116237567
"separate_lasso_CA","min",4,2020,"state_anticamping_strictness",0,1.1138116237567
"separate_lasso_CA","min",4,2020,"state_tanf_max_benefit_3person",0,1.1138116237567
"separate_lasso_CA","min",4,2020,"state_ssi_state_supplement",0,1.1138116237567
"separate_lasso_CA","min",4,2020,"state_labor_force_participation_pct",0,1.1138116237567
"separate_lasso_CA","min",4,2020,"state_real_median_rent_2025_usd",0,1.1138116237567
"separate_lasso_CA","min",4,2020,"state_rental_vacancy_rate",0,1.1138116237567
"separate_lasso_CA","1se",4,2020,"(Intercept)",31.1652125410432,2.13619074277307
"separate_lasso_CA","1se",4,2020,"control_time_index",1.42415223934434,2.13619074277307
"separate_lasso_CA","1se",4,2020,"coc_log_estimated_population",-4.04373007711249,2.13619074277307
"separate_lasso_CA","1se",4,2020,"coc_population_density_per_sq_mile",-2.03084622968506,2.13619074277307
"separate_lasso_CA","1se",4,2020,"coc_contributing_counties",-0.385671309614042,2.13619074277307
"separate_lasso_CA","1se",4,2020,"coc_contains_split_county_flag",0,2.13619074277307
"separate_lasso_CA","1se",4,2020,"coc_housing_units_per_1000_residents",3.16298240720296,2.13619074277307
"separate_lasso_CA","1se",4,2020,"coc_permits_per_1000_housing_units",0,2.13619074277307
"separate_lasso_CA","1se",4,2020,"coc_multifamily_permit_share_pct",0,2.13619074277307
"separate_lasso_CA","1se",4,2020,"coc_permits_value_per_1000_housing_units_2025_usd",-1.42848147588848,2.13619074277307
"separate_lasso_CA","1se",4,2020,"coc_birth_rate_per_1000",0,2.13619074277307
"separate_lasso_CA","1se",4,2020,"coc_death_rate_per_1000",0,2.13619074277307
"separate_lasso_CA","1se",4,2020,"coc_international_migration_rate_per_1000",0,2.13619074277307
"separate_lasso_CA","1se",4,2020,"coc_domestic_migration_rate_per_1000",0,2.13619074277307
"separate_lasso_CA","1se",4,2020,"coc_group_quarters_per_1000_residents",0.632095037155882,2.13619074277307
"separate_lasso_CA","1se",4,2020,"coc_population_growth_rate_pct",-0.672495704078401,2.13619074277307
"separate_lasso_CA","1se",4,2020,"coc_housing_supply_growth_rate_pct",0,2.13619074277307
"separate_lasso_CA","1se",4,2020,"coc_poverty_all_pct",0,2.13619074277307
"separate_lasso_CA","1se",4,2020,"coc_poverty_child_pct",0,2.13619074277307
"separate_lasso_CA","1se",4,2020,"coc_real_median_household_income_2025_usd",0,2.13619074277307
"separate_lasso_CA","1se",4,2020,"coc_real_per_capita_personal_income_2025_usd",0,2.13619074277307
"separate_lasso_CA","1se",4,2020,"coc_unemployment_rate_pct",0,2.13619074277307
"separate_lasso_CA","1se",4,2020,"coc_high_school_graduate_pct",0,2.13619074277307
"separate_lasso_CA","1se",4,2020,"coc_homeownership_rate_pct",0,2.13619074277307
"separate_lasso_CA","1se",4,2020,"coc_housing_cost_burdened_households_pct",3.61406463169923,2.13619074277307
"separate_lasso_CA","1se",4,2020,"coc_income_inequality_ratio",0,2.13619074277307
"separate_lasso_CA","1se",4,2020,"coc_annual_hpi_change_pct",0,2.13619074277307
"separate_lasso_CA","1se",4,2020,"coc_real_gdp_per_capita_2017_usd",0,2.13619074277307
"separate_lasso_CA","1se",4,2020,"coc_real_gdp_quantity_index",0,2.13619074277307
"separate_lasso_CA","1se",4,2020,"coc_relative_home_price_index_2000_base",0,2.13619074277307
"separate_lasso_CA","1se",4,2020,"state_real_minimum_wage_2025_usd",0,2.13619074277307
"separate_lasso_CA","1se",4,2020,"state_medicaid_expansion",0,2.13619074277307
"separate_lasso_CA","1se",4,2020,"coc_hic_temporary_beds_per_10k",8.71770168024283,2.13619074277307
"separate_lasso_CA","1se",4,2020,"coc_hic_psh_beds_per_10k",8.53448505308095,2.13619074277307
"separate_lasso_CA","1se",4,2020,"state_anticamping_strictness",0,2.13619074277307
"separate_lasso_CA","1se",4,2020,"state_tanf_max_benefit_3person",0,2.13619074277307
"separate_lasso_CA","1se",4,2020,"state_ssi_state_supplement",0,2.13619074277307
"separate_lasso_CA","1se",4,2020,"state_labor_force_participation_pct",0,2.13619074277307
"separate_lasso_CA","1se",4,2020,"state_real_median_rent_2025_usd",0,2.13619074277307
"separate_lasso_CA","1se",4,2020,"state_rental_vacancy_rate",0,2.13619074277307
"separate_lasso_FL","min",4,2020,"(Intercept)",38.7798212669017,0.843268862190074
"separate_lasso_FL","min",4,2020,"control_time_index",-3.08329328073315,0.843268862190074
"separate_lasso_FL","min",4,2020,"coc_log_estimated_population",-12.8084360300273,0.843268862190074
"separate_lasso_FL","min",4,2020,"coc_population_density_per_sq_mile",0.529179601245907,0.843268862190074
"separate_lasso_FL","min",4,2020,"coc_contributing_counties",0,0.843268862190074
"separate_lasso_FL","min",4,2020,"coc_contains_split_county_flag",-0.666253162351047,0.843268862190074
"separate_lasso_FL","min",4,2020,"coc_housing_units_per_1000_residents",0,0.843268862190074
"separate_lasso_FL","min",4,2020,"coc_permits_per_1000_housing_units",0,0.843268862190074
"separate_lasso_FL","min",4,2020,"coc_multifamily_permit_share_pct",0,0.843268862190074
"separate_lasso_FL","min",4,2020,"coc_permits_value_per_1000_housing_units_2025_usd",0,0.843268862190074
"separate_lasso_FL","min",4,2020,"coc_birth_rate_per_1000",0.561254090073645,0.843268862190074
"separate_lasso_FL","min",4,2020,"coc_death_rate_per_1000",0,0.843268862190074
"separate_lasso_FL","min",4,2020,"coc_international_migration_rate_per_1000",0,0.843268862190074
"separate_lasso_FL","min",4,2020,"coc_domestic_migration_rate_per_1000",-2.20590242294895,0.843268862190074
"separate_lasso_FL","min",4,2020,"coc_group_quarters_per_1000_residents",-3.19825478323768,0.843268862190074
"separate_lasso_FL","min",4,2020,"coc_population_growth_rate_pct",-0.601319203634862,0.843268862190074
"separate_lasso_FL","min",4,2020,"coc_housing_supply_growth_rate_pct",0,0.843268862190074
"separate_lasso_FL","min",4,2020,"coc_poverty_all_pct",0,0.843268862190074
"separate_lasso_FL","min",4,2020,"coc_poverty_child_pct",-2.9155866227732,0.843268862190074
"separate_lasso_FL","min",4,2020,"coc_real_median_household_income_2025_usd",0,0.843268862190074
"separate_lasso_FL","min",4,2020,"coc_real_per_capita_personal_income_2025_usd",0,0.843268862190074
"separate_lasso_FL","min",4,2020,"coc_unemployment_rate_pct",0,0.843268862190074
"separate_lasso_FL","min",4,2020,"coc_high_school_graduate_pct",-1.40276924058164,0.843268862190074
"separate_lasso_FL","min",4,2020,"coc_homeownership_rate_pct",0,0.843268862190074
"separate_lasso_FL","min",4,2020,"coc_housing_cost_burdened_households_pct",0,0.843268862190074
"separate_lasso_FL","min",4,2020,"coc_income_inequality_ratio",-0.731778110073845,0.843268862190074
"separate_lasso_FL","min",4,2020,"coc_annual_hpi_change_pct",-0.225401101502567,0.843268862190074
"separate_lasso_FL","min",4,2020,"coc_real_gdp_per_capita_2017_usd",0,0.843268862190074
"separate_lasso_FL","min",4,2020,"coc_real_gdp_quantity_index",0,0.843268862190074
"separate_lasso_FL","min",4,2020,"coc_relative_home_price_index_2000_base",0,0.843268862190074
"separate_lasso_FL","min",4,2020,"state_real_minimum_wage_2025_usd",0,0.843268862190074
"separate_lasso_FL","min",4,2020,"state_medicaid_expansion",0,0.843268862190074
"separate_lasso_FL","min",4,2020,"coc_hic_temporary_beds_per_10k",0.0468572679010497,0.843268862190074
"separate_lasso_FL","min",4,2020,"coc_hic_psh_beds_per_10k",6.48933011089995,0.843268862190074
"separate_lasso_FL","min",4,2020,"state_anticamping_strictness",0,0.843268862190074
"separate_lasso_FL","min",4,2020,"state_tanf_max_benefit_3person",0,0.843268862190074
"separate_lasso_FL","min",4,2020,"state_ssi_state_supplement",0,0.843268862190074
"separate_lasso_FL","min",4,2020,"state_labor_force_participation_pct",0,0.843268862190074
"separate_lasso_FL","min",4,2020,"state_real_median_rent_2025_usd",0,0.843268862190074
"separate_lasso_FL","min",4,2020,"state_rental_vacancy_rate",0,0.843268862190074
"separate_lasso_FL","1se",4,2020,"(Intercept)",38.3428073577171,2.57522126022684
"separate_lasso_FL","1se",4,2020,"control_time_index",-2.98617907869211,2.57522126022684
"separate_lasso_FL","1se",4,2020,"coc_log_estimated_population",-8.0076984473411,2.57522126022684
"separate_lasso_FL","1se",4,2020,"coc_population_density_per_sq_mile",0,2.57522126022684
"separate_lasso_FL","1se",4,2020,"coc_contributing_counties",0,2.57522126022684
"separate_lasso_FL","1se",4,2020,"coc_contains_split_county_flag",0,2.57522126022684
"separate_lasso_FL","1se",4,2020,"coc_housing_units_per_1000_residents",0,2.57522126022684
"separate_lasso_FL","1se",4,2020,"coc_permits_per_1000_housing_units",0,2.57522126022684
"separate_lasso_FL","1se",4,2020,"coc_multifamily_permit_share_pct",0,2.57522126022684
"separate_lasso_FL","1se",4,2020,"coc_permits_value_per_1000_housing_units_2025_usd",0,2.57522126022684
"separate_lasso_FL","1se",4,2020,"coc_birth_rate_per_1000",0,2.57522126022684
"separate_lasso_FL","1se",4,2020,"coc_death_rate_per_1000",0,2.57522126022684
"separate_lasso_FL","1se",4,2020,"coc_international_migration_rate_per_1000",0,2.57522126022684
"separate_lasso_FL","1se",4,2020,"coc_domestic_migration_rate_per_1000",0,2.57522126022684
"separate_lasso_FL","1se",4,2020,"coc_group_quarters_per_1000_residents",0,2.57522126022684
"separate_lasso_FL","1se",4,2020,"coc_population_growth_rate_pct",0,2.57522126022684
"separate_lasso_FL","1se",4,2020,"coc_housing_supply_growth_rate_pct",0,2.57522126022684
"separate_lasso_FL","1se",4,2020,"coc_poverty_all_pct",0,2.57522126022684
"separate_lasso_FL","1se",4,2020,"coc_poverty_child_pct",0,2.57522126022684
"separate_lasso_FL","1se",4,2020,"coc_real_median_household_income_2025_usd",0,2.57522126022684
"separate_lasso_FL","1se",4,2020,"coc_real_per_capita_personal_income_2025_usd",0,2.57522126022684
"separate_lasso_FL","1se",4,2020,"coc_unemployment_rate_pct",0,2.57522126022684
"separate_lasso_FL","1se",4,2020,"coc_high_school_graduate_pct",0,2.57522126022684
"separate_lasso_FL","1se",4,2020,"coc_homeownership_rate_pct",0,2.57522126022684
"separate_lasso_FL","1se",4,2020,"coc_housing_cost_burdened_households_pct",0,2.57522126022684
"separate_lasso_FL","1se",4,2020,"coc_income_inequality_ratio",0,2.57522126022684
"separate_lasso_FL","1se",4,2020,"coc_annual_hpi_change_pct",0,2.57522126022684
"separate_lasso_FL","1se",4,2020,"coc_real_gdp_per_capita_2017_usd",0,2.57522126022684
"separate_lasso_FL","1se",4,2020,"coc_real_gdp_quantity_index",0,2.57522126022684
"separate_lasso_FL","1se",4,2020,"coc_relative_home_price_index_2000_base",0,2.57522126022684
"separate_lasso_FL","1se",4,2020,"state_real_minimum_wage_2025_usd",0,2.57522126022684
"separate_lasso_FL","1se",4,2020,"state_medicaid_expansion",0,2.57522126022684
"separate_lasso_FL","1se",4,2020,"coc_hic_temporary_beds_per_10k",2.79914352633339,2.57522126022684
"separate_lasso_FL","1se",4,2020,"coc_hic_psh_beds_per_10k",3.62315314905773,2.57522126022684
"separate_lasso_FL","1se",4,2020,"state_anticamping_strictness",0,2.57522126022684
"separate_lasso_FL","1se",4,2020,"state_tanf_max_benefit_3person",0,2.57522126022684
"separate_lasso_FL","1se",4,2020,"state_ssi_state_supplement",0,2.57522126022684
"separate_lasso_FL","1se",4,2020,"state_labor_force_participation_pct",0,2.57522126022684
"separate_lasso_FL","1se",4,2020,"state_real_median_rent_2025_usd",0,2.57522126022684
"separate_lasso_FL","1se",4,2020,"state_rental_vacancy_rate",0,2.57522126022684
"pooled_lasso","min",5,2022,"(Intercept)",37.4343632116657,0.677350788674731
"pooled_lasso","min",5,2022,"control_state_florida",-4.72243654372493,0.677350788674731
"pooled_lasso","min",5,2022,"control_time_index",-0.582420593981859,0.677350788674731
"pooled_lasso","min",5,2022,"coc_log_estimated_population",-7.43706619622415,0.677350788674731
"pooled_lasso","min",5,2022,"coc_population_density_per_sq_mile",-4.49019655762442,0.677350788674731
"pooled_lasso","min",5,2022,"coc_contributing_counties",-0.283587421009477,0.677350788674731
"pooled_lasso","min",5,2022,"coc_contains_split_county_flag",0,0.677350788674731
"pooled_lasso","min",5,2022,"coc_housing_units_per_1000_residents",1.37022401127995,0.677350788674731
"pooled_lasso","min",5,2022,"coc_permits_per_1000_housing_units",0,0.677350788674731
"pooled_lasso","min",5,2022,"coc_multifamily_permit_share_pct",0,0.677350788674731
"pooled_lasso","min",5,2022,"coc_permits_value_per_1000_housing_units_2025_usd",0,0.677350788674731
"pooled_lasso","min",5,2022,"coc_birth_rate_per_1000",-0.0943299846013444,0.677350788674731
"pooled_lasso","min",5,2022,"coc_death_rate_per_1000",0,0.677350788674731
"pooled_lasso","min",5,2022,"coc_international_migration_rate_per_1000",-1.85017291370746,0.677350788674731
"pooled_lasso","min",5,2022,"coc_domestic_migration_rate_per_1000",0,0.677350788674731
"pooled_lasso","min",5,2022,"coc_group_quarters_per_1000_residents",0,0.677350788674731
"pooled_lasso","min",5,2022,"coc_population_growth_rate_pct",-0.470923934256789,0.677350788674731
"pooled_lasso","min",5,2022,"coc_housing_supply_growth_rate_pct",0,0.677350788674731
"pooled_lasso","min",5,2022,"coc_poverty_all_pct",0,0.677350788674731
"pooled_lasso","min",5,2022,"coc_poverty_child_pct",0,0.677350788674731
"pooled_lasso","min",5,2022,"coc_real_median_household_income_2025_usd",0,0.677350788674731
"pooled_lasso","min",5,2022,"coc_real_per_capita_personal_income_2025_usd",0,0.677350788674731
"pooled_lasso","min",5,2022,"coc_unemployment_rate_pct",0,0.677350788674731
"pooled_lasso","min",5,2022,"coc_high_school_graduate_pct",0,0.677350788674731
"pooled_lasso","min",5,2022,"coc_homeownership_rate_pct",0,0.677350788674731
"pooled_lasso","min",5,2022,"coc_housing_cost_burdened_households_pct",3.18044228065753,0.677350788674731
"pooled_lasso","min",5,2022,"coc_income_inequality_ratio",-0.320497499387421,0.677350788674731
"pooled_lasso","min",5,2022,"coc_annual_hpi_change_pct",-1.29776337170534,0.677350788674731
"pooled_lasso","min",5,2022,"coc_real_gdp_per_capita_2017_usd",-0.0809076716376567,0.677350788674731
"pooled_lasso","min",5,2022,"coc_real_gdp_quantity_index",0,0.677350788674731
"pooled_lasso","min",5,2022,"coc_relative_home_price_index_2000_base",0,0.677350788674731
"pooled_lasso","min",5,2022,"state_real_minimum_wage_2025_usd",1.13866296529346,0.677350788674731
"pooled_lasso","min",5,2022,"state_medicaid_expansion",0,0.677350788674731
"pooled_lasso","min",5,2022,"coc_hic_temporary_beds_per_10k",4.83355636221158,0.677350788674731
"pooled_lasso","min",5,2022,"coc_hic_psh_beds_per_10k",12.5176708879872,0.677350788674731
"pooled_lasso","min",5,2022,"state_anticamping_strictness",-0.154145830507106,0.677350788674731
"pooled_lasso","min",5,2022,"state_tanf_max_benefit_3person",0,0.677350788674731
"pooled_lasso","min",5,2022,"state_ssi_state_supplement",0,0.677350788674731
"pooled_lasso","min",5,2022,"state_labor_force_participation_pct",0,0.677350788674731
"pooled_lasso","min",5,2022,"state_real_median_rent_2025_usd",0,0.677350788674731
"pooled_lasso","min",5,2022,"state_rental_vacancy_rate",0,0.677350788674731
"pooled_lasso","1se",5,2022,"(Intercept)",40.8584300842248,2.73447682400388
"pooled_lasso","1se",5,2022,"control_state_florida",-10.4526831003619,2.73447682400388
"pooled_lasso","1se",5,2022,"control_time_index",-0.823538382547737,2.73447682400388
"pooled_lasso","1se",5,2022,"coc_log_estimated_population",-5.79773385197858,2.73447682400388
"pooled_lasso","1se",5,2022,"coc_population_density_per_sq_mile",0,2.73447682400388
"pooled_lasso","1se",5,2022,"coc_contributing_counties",0,2.73447682400388
"pooled_lasso","1se",5,2022,"coc_contains_split_county_flag",0,2.73447682400388
"pooled_lasso","1se",5,2022,"coc_housing_units_per_1000_residents",0,2.73447682400388
"pooled_lasso","1se",5,2022,"coc_permits_per_1000_housing_units",0,2.73447682400388
"pooled_lasso","1se",5,2022,"coc_multifamily_permit_share_pct",0,2.73447682400388
"pooled_lasso","1se",5,2022,"coc_permits_value_per_1000_housing_units_2025_usd",0,2.73447682400388
"pooled_lasso","1se",5,2022,"coc_birth_rate_per_1000",0,2.73447682400388
"pooled_lasso","1se",5,2022,"coc_death_rate_per_1000",0,2.73447682400388
"pooled_lasso","1se",5,2022,"coc_international_migration_rate_per_1000",0,2.73447682400388
"pooled_lasso","1se",5,2022,"coc_domestic_migration_rate_per_1000",0,2.73447682400388
"pooled_lasso","1se",5,2022,"coc_group_quarters_per_1000_residents",0,2.73447682400388
"pooled_lasso","1se",5,2022,"coc_population_growth_rate_pct",0,2.73447682400388
"pooled_lasso","1se",5,2022,"coc_housing_supply_growth_rate_pct",0,2.73447682400388
"pooled_lasso","1se",5,2022,"coc_poverty_all_pct",0,2.73447682400388
"pooled_lasso","1se",5,2022,"coc_poverty_child_pct",0,2.73447682400388
"pooled_lasso","1se",5,2022,"coc_real_median_household_income_2025_usd",0,2.73447682400388
"pooled_lasso","1se",5,2022,"coc_real_per_capita_personal_income_2025_usd",0,2.73447682400388
"pooled_lasso","1se",5,2022,"coc_unemployment_rate_pct",0,2.73447682400388
"pooled_lasso","1se",5,2022,"coc_high_school_graduate_pct",0,2.73447682400388
"pooled_lasso","1se",5,2022,"coc_homeownership_rate_pct",0,2.73447682400388
"pooled_lasso","1se",5,2022,"coc_housing_cost_burdened_households_pct",0,2.73447682400388
"pooled_lasso","1se",5,2022,"coc_income_inequality_ratio",0,2.73447682400388
"pooled_lasso","1se",5,2022,"coc_annual_hpi_change_pct",0,2.73447682400388
"pooled_lasso","1se",5,2022,"coc_real_gdp_per_capita_2017_usd",0,2.73447682400388
"pooled_lasso","1se",5,2022,"coc_real_gdp_quantity_index",0,2.73447682400388
"pooled_lasso","1se",5,2022,"coc_relative_home_price_index_2000_base",0,2.73447682400388
"pooled_lasso","1se",5,2022,"state_real_minimum_wage_2025_usd",0,2.73447682400388
"pooled_lasso","1se",5,2022,"state_medicaid_expansion",0,2.73447682400388
"pooled_lasso","1se",5,2022,"coc_hic_temporary_beds_per_10k",5.96834060012277,2.73447682400388
"pooled_lasso","1se",5,2022,"coc_hic_psh_beds_per_10k",5.90869575335572,2.73447682400388
"pooled_lasso","1se",5,2022,"state_anticamping_strictness",0,2.73447682400388
"pooled_lasso","1se",5,2022,"state_tanf_max_benefit_3person",0,2.73447682400388
"pooled_lasso","1se",5,2022,"state_ssi_state_supplement",0,2.73447682400388
"pooled_lasso","1se",5,2022,"state_labor_force_participation_pct",0,2.73447682400388
"pooled_lasso","1se",5,2022,"state_real_median_rent_2025_usd",0,2.73447682400388
"pooled_lasso","1se",5,2022,"state_rental_vacancy_rate",0,2.73447682400388
"pooled_lasso_state_interactions","min",5,2022,"(Intercept)",31.900272771957,0.525529263100142
"pooled_lasso_state_interactions","min",5,2022,"control_state_florida",-7.35390511417985,0.525529263100142
"pooled_lasso_state_interactions","min",5,2022,"control_time_index",0.520595013614524,0.525529263100142
"pooled_lasso_state_interactions","min",5,2022,"coc_log_estimated_population",-7.21884162158053,0.525529263100142
"pooled_lasso_state_interactions","min",5,2022,"coc_population_density_per_sq_mile",-6.11379272741191,0.525529263100142
"pooled_lasso_state_interactions","min",5,2022,"coc_contributing_counties",0,0.525529263100142
"pooled_lasso_state_interactions","min",5,2022,"coc_contains_split_county_flag",0,0.525529263100142
"pooled_lasso_state_interactions","min",5,2022,"coc_housing_units_per_1000_residents",2.02478858077933,0.525529263100142
"pooled_lasso_state_interactions","min",5,2022,"coc_permits_per_1000_housing_units",0,0.525529263100142
"pooled_lasso_state_interactions","min",5,2022,"coc_multifamily_permit_share_pct",0,0.525529263100142
"pooled_lasso_state_interactions","min",5,2022,"coc_permits_value_per_1000_housing_units_2025_usd",0,0.525529263100142
"pooled_lasso_state_interactions","min",5,2022,"coc_birth_rate_per_1000",0,0.525529263100142
"pooled_lasso_state_interactions","min",5,2022,"coc_death_rate_per_1000",0,0.525529263100142
"pooled_lasso_state_interactions","min",5,2022,"coc_international_migration_rate_per_1000",-1.26559449636869,0.525529263100142
"pooled_lasso_state_interactions","min",5,2022,"coc_domestic_migration_rate_per_1000",0,0.525529263100142
"pooled_lasso_state_interactions","min",5,2022,"coc_group_quarters_per_1000_residents",0.149528646904535,0.525529263100142
"pooled_lasso_state_interactions","min",5,2022,"coc_population_growth_rate_pct",-0.610505787323988,0.525529263100142
"pooled_lasso_state_interactions","min",5,2022,"coc_housing_supply_growth_rate_pct",0,0.525529263100142
"pooled_lasso_state_interactions","min",5,2022,"coc_poverty_all_pct",0,0.525529263100142
"pooled_lasso_state_interactions","min",5,2022,"coc_poverty_child_pct",0,0.525529263100142
"pooled_lasso_state_interactions","min",5,2022,"coc_real_median_household_income_2025_usd",0,0.525529263100142
"pooled_lasso_state_interactions","min",5,2022,"coc_real_per_capita_personal_income_2025_usd",0,0.525529263100142
"pooled_lasso_state_interactions","min",5,2022,"coc_unemployment_rate_pct",0,0.525529263100142
"pooled_lasso_state_interactions","min",5,2022,"coc_high_school_graduate_pct",0,0.525529263100142
"pooled_lasso_state_interactions","min",5,2022,"coc_homeownership_rate_pct",0,0.525529263100142
"pooled_lasso_state_interactions","min",5,2022,"coc_housing_cost_burdened_households_pct",5.70008361245904,0.525529263100142
"pooled_lasso_state_interactions","min",5,2022,"coc_income_inequality_ratio",-0.160297358868909,0.525529263100142
"pooled_lasso_state_interactions","min",5,2022,"coc_annual_hpi_change_pct",-1.13150039087248,0.525529263100142
"pooled_lasso_state_interactions","min",5,2022,"coc_real_gdp_per_capita_2017_usd",0,0.525529263100142
"pooled_lasso_state_interactions","min",5,2022,"coc_real_gdp_quantity_index",0.361199833755369,0.525529263100142
"pooled_lasso_state_interactions","min",5,2022,"coc_relative_home_price_index_2000_base",0,0.525529263100142
"pooled_lasso_state_interactions","min",5,2022,"state_real_minimum_wage_2025_usd",0,0.525529263100142
"pooled_lasso_state_interactions","min",5,2022,"state_medicaid_expansion",0,0.525529263100142
"pooled_lasso_state_interactions","min",5,2022,"coc_hic_temporary_beds_per_10k",8.20428601929784,0.525529263100142
"pooled_lasso_state_interactions","min",5,2022,"coc_hic_psh_beds_per_10k",12.9712638709889,0.525529263100142
"pooled_lasso_state_interactions","min",5,2022,"state_anticamping_strictness",0,0.525529263100142
"pooled_lasso_state_interactions","min",5,2022,"state_tanf_max_benefit_3person",0,0.525529263100142
"pooled_lasso_state_interactions","min",5,2022,"state_ssi_state_supplement",0,0.525529263100142
"pooled_lasso_state_interactions","min",5,2022,"state_labor_force_participation_pct",0,0.525529263100142
"pooled_lasso_state_interactions","min",5,2022,"state_real_median_rent_2025_usd",0,0.525529263100142
"pooled_lasso_state_interactions","min",5,2022,"state_rental_vacancy_rate",0,0.525529263100142
"pooled_lasso_state_interactions","min",5,2022,"coc_log_estimated_population:FL",0,0.525529263100142
"pooled_lasso_state_interactions","min",5,2022,"coc_population_density_per_sq_mile:FL",0,0.525529263100142
"pooled_lasso_state_interactions","min",5,2022,"coc_contributing_counties:FL",0,0.525529263100142
"pooled_lasso_state_interactions","min",5,2022,"coc_contains_split_county_flag:FL",-0.129082769909153,0.525529263100142
"pooled_lasso_state_interactions","min",5,2022,"coc_housing_units_per_1000_residents:FL",0,0.525529263100142
"pooled_lasso_state_interactions","min",5,2022,"coc_permits_per_1000_housing_units:FL",0,0.525529263100142
"pooled_lasso_state_interactions","min",5,2022,"coc_multifamily_permit_share_pct:FL",-0.825491736927435,0.525529263100142
"pooled_lasso_state_interactions","min",5,2022,"coc_permits_value_per_1000_housing_units_2025_usd:FL",0,0.525529263100142
"pooled_lasso_state_interactions","min",5,2022,"coc_birth_rate_per_1000:FL",0,0.525529263100142
"pooled_lasso_state_interactions","min",5,2022,"coc_death_rate_per_1000:FL",0,0.525529263100142
"pooled_lasso_state_interactions","min",5,2022,"coc_international_migration_rate_per_1000:FL",0,0.525529263100142
"pooled_lasso_state_interactions","min",5,2022,"coc_domestic_migration_rate_per_1000:FL",0,0.525529263100142
"pooled_lasso_state_interactions","min",5,2022,"coc_group_quarters_per_1000_residents:FL",0,0.525529263100142
"pooled_lasso_state_interactions","min",5,2022,"coc_population_growth_rate_pct:FL",0,0.525529263100142
"pooled_lasso_state_interactions","min",5,2022,"coc_housing_supply_growth_rate_pct:FL",0,0.525529263100142
"pooled_lasso_state_interactions","min",5,2022,"coc_poverty_all_pct:FL",0,0.525529263100142
"pooled_lasso_state_interactions","min",5,2022,"coc_poverty_child_pct:FL",0,0.525529263100142
"pooled_lasso_state_interactions","min",5,2022,"coc_real_median_household_income_2025_usd:FL",0,0.525529263100142
"pooled_lasso_state_interactions","min",5,2022,"coc_real_per_capita_personal_income_2025_usd:FL",0,0.525529263100142
"pooled_lasso_state_interactions","min",5,2022,"coc_unemployment_rate_pct:FL",0,0.525529263100142
"pooled_lasso_state_interactions","min",5,2022,"coc_high_school_graduate_pct:FL",0,0.525529263100142
"pooled_lasso_state_interactions","min",5,2022,"coc_homeownership_rate_pct:FL",2.40270319201095,0.525529263100142
"pooled_lasso_state_interactions","min",5,2022,"coc_housing_cost_burdened_households_pct:FL",0,0.525529263100142
"pooled_lasso_state_interactions","min",5,2022,"coc_income_inequality_ratio:FL",-1.56951748466937,0.525529263100142
"pooled_lasso_state_interactions","min",5,2022,"coc_annual_hpi_change_pct:FL",-1.13526328901547,0.525529263100142
"pooled_lasso_state_interactions","min",5,2022,"coc_real_gdp_per_capita_2017_usd:FL",0,0.525529263100142
"pooled_lasso_state_interactions","min",5,2022,"coc_real_gdp_quantity_index:FL",-2.28148846437361,0.525529263100142
"pooled_lasso_state_interactions","min",5,2022,"coc_relative_home_price_index_2000_base:FL",0,0.525529263100142
"pooled_lasso_state_interactions","min",5,2022,"state_real_minimum_wage_2025_usd:FL",0,0.525529263100142
"pooled_lasso_state_interactions","min",5,2022,"state_medicaid_expansion:FL",0,0.525529263100142
"pooled_lasso_state_interactions","min",5,2022,"coc_hic_temporary_beds_per_10k:FL",-5.08564437640949,0.525529263100142
"pooled_lasso_state_interactions","min",5,2022,"coc_hic_psh_beds_per_10k:FL",0,0.525529263100142
"pooled_lasso_state_interactions","min",5,2022,"state_anticamping_strictness:FL",0,0.525529263100142
"pooled_lasso_state_interactions","min",5,2022,"state_tanf_max_benefit_3person:FL",0,0.525529263100142
"pooled_lasso_state_interactions","min",5,2022,"state_ssi_state_supplement:FL",0,0.525529263100142
"pooled_lasso_state_interactions","min",5,2022,"state_labor_force_participation_pct:FL",0,0.525529263100142
"pooled_lasso_state_interactions","min",5,2022,"state_real_median_rent_2025_usd:FL",0,0.525529263100142
"pooled_lasso_state_interactions","min",5,2022,"state_rental_vacancy_rate:FL",0,0.525529263100142
"pooled_lasso_state_interactions","1se",5,2022,"(Intercept)",37.17754148479,1.00791796650894
"pooled_lasso_state_interactions","1se",5,2022,"control_state_florida",-7.71743119038267,1.00791796650894
"pooled_lasso_state_interactions","1se",5,2022,"control_time_index",-0.306128363364896,1.00791796650894
"pooled_lasso_state_interactions","1se",5,2022,"coc_log_estimated_population",-7.04168271629071,1.00791796650894
"pooled_lasso_state_interactions","1se",5,2022,"coc_population_density_per_sq_mile",-3.30737462338424,1.00791796650894
"pooled_lasso_state_interactions","1se",5,2022,"coc_contributing_counties",0,1.00791796650894
"pooled_lasso_state_interactions","1se",5,2022,"coc_contains_split_county_flag",0,1.00791796650894
"pooled_lasso_state_interactions","1se",5,2022,"coc_housing_units_per_1000_residents",1.19426087604431,1.00791796650894
"pooled_lasso_state_interactions","1se",5,2022,"coc_permits_per_1000_housing_units",0,1.00791796650894
"pooled_lasso_state_interactions","1se",5,2022,"coc_multifamily_permit_share_pct",0,1.00791796650894
"pooled_lasso_state_interactions","1se",5,2022,"coc_permits_value_per_1000_housing_units_2025_usd",0,1.00791796650894
"pooled_lasso_state_interactions","1se",5,2022,"coc_birth_rate_per_1000",0,1.00791796650894
"pooled_lasso_state_interactions","1se",5,2022,"coc_death_rate_per_1000",0,1.00791796650894
"pooled_lasso_state_interactions","1se",5,2022,"coc_international_migration_rate_per_1000",-1.46842702171504,1.00791796650894
"pooled_lasso_state_interactions","1se",5,2022,"coc_domestic_migration_rate_per_1000",0,1.00791796650894
"pooled_lasso_state_interactions","1se",5,2022,"coc_group_quarters_per_1000_residents",0,1.00791796650894
"pooled_lasso_state_interactions","1se",5,2022,"coc_population_growth_rate_pct",-0.475922054861937,1.00791796650894
"pooled_lasso_state_interactions","1se",5,2022,"coc_housing_supply_growth_rate_pct",0,1.00791796650894
"pooled_lasso_state_interactions","1se",5,2022,"coc_poverty_all_pct",0,1.00791796650894
"pooled_lasso_state_interactions","1se",5,2022,"coc_poverty_child_pct",0,1.00791796650894
"pooled_lasso_state_interactions","1se",5,2022,"coc_real_median_household_income_2025_usd",0,1.00791796650894
"pooled_lasso_state_interactions","1se",5,2022,"coc_real_per_capita_personal_income_2025_usd",0,1.00791796650894
"pooled_lasso_state_interactions","1se",5,2022,"coc_unemployment_rate_pct",0,1.00791796650894
"pooled_lasso_state_interactions","1se",5,2022,"coc_high_school_graduate_pct",0,1.00791796650894
"pooled_lasso_state_interactions","1se",5,2022,"coc_homeownership_rate_pct",0,1.00791796650894
"pooled_lasso_state_interactions","1se",5,2022,"coc_housing_cost_burdened_households_pct",2.07361090401762,1.00791796650894
"pooled_lasso_state_interactions","1se",5,2022,"coc_income_inequality_ratio",0,1.00791796650894
"pooled_lasso_state_interactions","1se",5,2022,"coc_annual_hpi_change_pct",-1.20753888748041,1.00791796650894
"pooled_lasso_state_interactions","1se",5,2022,"coc_real_gdp_per_capita_2017_usd",0,1.00791796650894
"pooled_lasso_state_interactions","1se",5,2022,"coc_real_gdp_quantity_index",0,1.00791796650894
"pooled_lasso_state_interactions","1se",5,2022,"coc_relative_home_price_index_2000_base",0,1.00791796650894
"pooled_lasso_state_interactions","1se",5,2022,"state_real_minimum_wage_2025_usd",0,1.00791796650894
"pooled_lasso_state_interactions","1se",5,2022,"state_medicaid_expansion",0,1.00791796650894
"pooled_lasso_state_interactions","1se",5,2022,"coc_hic_temporary_beds_per_10k",5.61108818960859,1.00791796650894
"pooled_lasso_state_interactions","1se",5,2022,"coc_hic_psh_beds_per_10k",10.8225802086097,1.00791796650894
"pooled_lasso_state_interactions","1se",5,2022,"state_anticamping_strictness",0,1.00791796650894
"pooled_lasso_state_interactions","1se",5,2022,"state_tanf_max_benefit_3person",0,1.00791796650894
"pooled_lasso_state_interactions","1se",5,2022,"state_ssi_state_supplement",0,1.00791796650894
"pooled_lasso_state_interactions","1se",5,2022,"state_labor_force_participation_pct",0,1.00791796650894
"pooled_lasso_state_interactions","1se",5,2022,"state_real_median_rent_2025_usd",0,1.00791796650894
"pooled_lasso_state_interactions","1se",5,2022,"state_rental_vacancy_rate",0,1.00791796650894
"pooled_lasso_state_interactions","1se",5,2022,"coc_log_estimated_population:FL",0,1.00791796650894
"pooled_lasso_state_interactions","1se",5,2022,"coc_population_density_per_sq_mile:FL",0,1.00791796650894
"pooled_lasso_state_interactions","1se",5,2022,"coc_contributing_counties:FL",0,1.00791796650894
"pooled_lasso_state_interactions","1se",5,2022,"coc_contains_split_county_flag:FL",-0.239025668546117,1.00791796650894
"pooled_lasso_state_interactions","1se",5,2022,"coc_housing_units_per_1000_residents:FL",0,1.00791796650894
"pooled_lasso_state_interactions","1se",5,2022,"coc_permits_per_1000_housing_units:FL",0,1.00791796650894
"pooled_lasso_state_interactions","1se",5,2022,"coc_multifamily_permit_share_pct:FL",0,1.00791796650894
"pooled_lasso_state_interactions","1se",5,2022,"coc_permits_value_per_1000_housing_units_2025_usd:FL",0,1.00791796650894
"pooled_lasso_state_interactions","1se",5,2022,"coc_birth_rate_per_1000:FL",0,1.00791796650894
"pooled_lasso_state_interactions","1se",5,2022,"coc_death_rate_per_1000:FL",0,1.00791796650894
"pooled_lasso_state_interactions","1se",5,2022,"coc_international_migration_rate_per_1000:FL",0,1.00791796650894
"pooled_lasso_state_interactions","1se",5,2022,"coc_domestic_migration_rate_per_1000:FL",0,1.00791796650894
"pooled_lasso_state_interactions","1se",5,2022,"coc_group_quarters_per_1000_residents:FL",0,1.00791796650894
"pooled_lasso_state_interactions","1se",5,2022,"coc_population_growth_rate_pct:FL",0,1.00791796650894
"pooled_lasso_state_interactions","1se",5,2022,"coc_housing_supply_growth_rate_pct:FL",0,1.00791796650894
"pooled_lasso_state_interactions","1se",5,2022,"coc_poverty_all_pct:FL",0,1.00791796650894
"pooled_lasso_state_interactions","1se",5,2022,"coc_poverty_child_pct:FL",0,1.00791796650894
"pooled_lasso_state_interactions","1se",5,2022,"coc_real_median_household_income_2025_usd:FL",0,1.00791796650894
"pooled_lasso_state_interactions","1se",5,2022,"coc_real_per_capita_personal_income_2025_usd:FL",0,1.00791796650894
"pooled_lasso_state_interactions","1se",5,2022,"coc_unemployment_rate_pct:FL",0,1.00791796650894
"pooled_lasso_state_interactions","1se",5,2022,"coc_high_school_graduate_pct:FL",0,1.00791796650894
"pooled_lasso_state_interactions","1se",5,2022,"coc_homeownership_rate_pct:FL",0,1.00791796650894
"pooled_lasso_state_interactions","1se",5,2022,"coc_housing_cost_burdened_households_pct:FL",0,1.00791796650894
"pooled_lasso_state_interactions","1se",5,2022,"coc_income_inequality_ratio:FL",0,1.00791796650894
"pooled_lasso_state_interactions","1se",5,2022,"coc_annual_hpi_change_pct:FL",0,1.00791796650894
"pooled_lasso_state_interactions","1se",5,2022,"coc_real_gdp_per_capita_2017_usd:FL",0,1.00791796650894
"pooled_lasso_state_interactions","1se",5,2022,"coc_real_gdp_quantity_index:FL",-1.26804405889707,1.00791796650894
"pooled_lasso_state_interactions","1se",5,2022,"coc_relative_home_price_index_2000_base:FL",0,1.00791796650894
"pooled_lasso_state_interactions","1se",5,2022,"state_real_minimum_wage_2025_usd:FL",0,1.00791796650894
"pooled_lasso_state_interactions","1se",5,2022,"state_medicaid_expansion:FL",0,1.00791796650894
"pooled_lasso_state_interactions","1se",5,2022,"coc_hic_temporary_beds_per_10k:FL",-0.534692094049907,1.00791796650894
"pooled_lasso_state_interactions","1se",5,2022,"coc_hic_psh_beds_per_10k:FL",0,1.00791796650894
"pooled_lasso_state_interactions","1se",5,2022,"state_anticamping_strictness:FL",0,1.00791796650894
"pooled_lasso_state_interactions","1se",5,2022,"state_tanf_max_benefit_3person:FL",0,1.00791796650894
"pooled_lasso_state_interactions","1se",5,2022,"state_ssi_state_supplement:FL",0,1.00791796650894
"pooled_lasso_state_interactions","1se",5,2022,"state_labor_force_participation_pct:FL",0,1.00791796650894
"pooled_lasso_state_interactions","1se",5,2022,"state_real_median_rent_2025_usd:FL",0,1.00791796650894
"pooled_lasso_state_interactions","1se",5,2022,"state_rental_vacancy_rate:FL",0,1.00791796650894
"separate_lasso_CA","min",5,2022,"(Intercept)",28.4798262989159,1.13753261220631
"separate_lasso_CA","min",5,2022,"control_time_index",1.9182581893828,1.13753261220631
"separate_lasso_CA","min",5,2022,"coc_log_estimated_population",-4.19637428394692,1.13753261220631
"separate_lasso_CA","min",5,2022,"coc_population_density_per_sq_mile",-5.53641426524013,1.13753261220631
"separate_lasso_CA","min",5,2022,"coc_contributing_counties",-1.68950213100151,1.13753261220631
"separate_lasso_CA","min",5,2022,"coc_contains_split_county_flag",0,1.13753261220631
"separate_lasso_CA","min",5,2022,"coc_housing_units_per_1000_residents",4.53138461523201,1.13753261220631
"separate_lasso_CA","min",5,2022,"coc_permits_per_1000_housing_units",0,1.13753261220631
"separate_lasso_CA","min",5,2022,"coc_multifamily_permit_share_pct",0,1.13753261220631
"separate_lasso_CA","min",5,2022,"coc_permits_value_per_1000_housing_units_2025_usd",-1.97282488005834,1.13753261220631
"separate_lasso_CA","min",5,2022,"coc_birth_rate_per_1000",0,1.13753261220631
"separate_lasso_CA","min",5,2022,"coc_death_rate_per_1000",0,1.13753261220631
"separate_lasso_CA","min",5,2022,"coc_international_migration_rate_per_1000",0,1.13753261220631
"separate_lasso_CA","min",5,2022,"coc_domestic_migration_rate_per_1000",0,1.13753261220631
"separate_lasso_CA","min",5,2022,"coc_group_quarters_per_1000_residents",1.47669414140946,1.13753261220631
"separate_lasso_CA","min",5,2022,"coc_population_growth_rate_pct",-0.623318395770394,1.13753261220631
"separate_lasso_CA","min",5,2022,"coc_housing_supply_growth_rate_pct",0,1.13753261220631
"separate_lasso_CA","min",5,2022,"coc_poverty_all_pct",0,1.13753261220631
"separate_lasso_CA","min",5,2022,"coc_poverty_child_pct",0,1.13753261220631
"separate_lasso_CA","min",5,2022,"coc_real_median_household_income_2025_usd",0,1.13753261220631
"separate_lasso_CA","min",5,2022,"coc_real_per_capita_personal_income_2025_usd",0,1.13753261220631
"separate_lasso_CA","min",5,2022,"coc_unemployment_rate_pct",0,1.13753261220631
"separate_lasso_CA","min",5,2022,"coc_high_school_graduate_pct",0,1.13753261220631
"separate_lasso_CA","min",5,2022,"coc_homeownership_rate_pct",0,1.13753261220631
"separate_lasso_CA","min",5,2022,"coc_housing_cost_burdened_households_pct",5.54502056228685,1.13753261220631
"separate_lasso_CA","min",5,2022,"coc_income_inequality_ratio",0,1.13753261220631
"separate_lasso_CA","min",5,2022,"coc_annual_hpi_change_pct",0,1.13753261220631
"separate_lasso_CA","min",5,2022,"coc_real_gdp_per_capita_2017_usd",0,1.13753261220631
"separate_lasso_CA","min",5,2022,"coc_real_gdp_quantity_index",0,1.13753261220631
"separate_lasso_CA","min",5,2022,"coc_relative_home_price_index_2000_base",0,1.13753261220631
"separate_lasso_CA","min",5,2022,"state_real_minimum_wage_2025_usd",0,1.13753261220631
"separate_lasso_CA","min",5,2022,"state_medicaid_expansion",0,1.13753261220631
"separate_lasso_CA","min",5,2022,"coc_hic_temporary_beds_per_10k",9.54504365392799,1.13753261220631
"separate_lasso_CA","min",5,2022,"coc_hic_psh_beds_per_10k",10.8959522353013,1.13753261220631
"separate_lasso_CA","min",5,2022,"state_anticamping_strictness",0,1.13753261220631
"separate_lasso_CA","min",5,2022,"state_tanf_max_benefit_3person",0,1.13753261220631
"separate_lasso_CA","min",5,2022,"state_ssi_state_supplement",0,1.13753261220631
"separate_lasso_CA","min",5,2022,"state_labor_force_participation_pct",0,1.13753261220631
"separate_lasso_CA","min",5,2022,"state_real_median_rent_2025_usd",0,1.13753261220631
"separate_lasso_CA","min",5,2022,"state_rental_vacancy_rate",0,1.13753261220631
"separate_lasso_CA","1se",5,2022,"(Intercept)",30.880868200325,2.18168546993759
"separate_lasso_CA","1se",5,2022,"control_time_index",1.44637712205383,2.18168546993759
"separate_lasso_CA","1se",5,2022,"coc_log_estimated_population",-3.01582104583044,2.18168546993759
"separate_lasso_CA","1se",5,2022,"coc_population_density_per_sq_mile",0,2.18168546993759
"separate_lasso_CA","1se",5,2022,"coc_contributing_counties",-0.890228814042716,2.18168546993759
"separate_lasso_CA","1se",5,2022,"coc_contains_split_county_flag",0,2.18168546993759
"separate_lasso_CA","1se",5,2022,"coc_housing_units_per_1000_residents",3.36388159614848,2.18168546993759
"separate_lasso_CA","1se",5,2022,"coc_permits_per_1000_housing_units",0,2.18168546993759
"separate_lasso_CA","1se",5,2022,"coc_multifamily_permit_share_pct",0,2.18168546993759
"separate_lasso_CA","1se",5,2022,"coc_permits_value_per_1000_housing_units_2025_usd",-2.06572902610929,2.18168546993759
"separate_lasso_CA","1se",5,2022,"coc_birth_rate_per_1000",0,2.18168546993759
"separate_lasso_CA","1se",5,2022,"coc_death_rate_per_1000",0,2.18168546993759
"separate_lasso_CA","1se",5,2022,"coc_international_migration_rate_per_1000",0,2.18168546993759
"separate_lasso_CA","1se",5,2022,"coc_domestic_migration_rate_per_1000",0,2.18168546993759
"separate_lasso_CA","1se",5,2022,"coc_group_quarters_per_1000_residents",1.24344253740502,2.18168546993759
"separate_lasso_CA","1se",5,2022,"coc_population_growth_rate_pct",-0.391869404006276,2.18168546993759
"separate_lasso_CA","1se",5,2022,"coc_housing_supply_growth_rate_pct",0,2.18168546993759
"separate_lasso_CA","1se",5,2022,"coc_poverty_all_pct",0,2.18168546993759
"separate_lasso_CA","1se",5,2022,"coc_poverty_child_pct",0,2.18168546993759
"separate_lasso_CA","1se",5,2022,"coc_real_median_household_income_2025_usd",0,2.18168546993759
"separate_lasso_CA","1se",5,2022,"coc_real_per_capita_personal_income_2025_usd",0,2.18168546993759
"separate_lasso_CA","1se",5,2022,"coc_unemployment_rate_pct",0,2.18168546993759
"separate_lasso_CA","1se",5,2022,"coc_high_school_graduate_pct",0,2.18168546993759
"separate_lasso_CA","1se",5,2022,"coc_homeownership_rate_pct",0,2.18168546993759
"separate_lasso_CA","1se",5,2022,"coc_housing_cost_burdened_households_pct",2.35023237347761,2.18168546993759
"separate_lasso_CA","1se",5,2022,"coc_income_inequality_ratio",0,2.18168546993759
"separate_lasso_CA","1se",5,2022,"coc_annual_hpi_change_pct",0,2.18168546993759
"separate_lasso_CA","1se",5,2022,"coc_real_gdp_per_capita_2017_usd",0,2.18168546993759
"separate_lasso_CA","1se",5,2022,"coc_real_gdp_quantity_index",0,2.18168546993759
"separate_lasso_CA","1se",5,2022,"coc_relative_home_price_index_2000_base",0,2.18168546993759
"separate_lasso_CA","1se",5,2022,"state_real_minimum_wage_2025_usd",0,2.18168546993759
"separate_lasso_CA","1se",5,2022,"state_medicaid_expansion",0,2.18168546993759
"separate_lasso_CA","1se",5,2022,"coc_hic_temporary_beds_per_10k",9.5940914998064,2.18168546993759
"separate_lasso_CA","1se",5,2022,"coc_hic_psh_beds_per_10k",5.6334582978888,2.18168546993759
"separate_lasso_CA","1se",5,2022,"state_anticamping_strictness",0,2.18168546993759
"separate_lasso_CA","1se",5,2022,"state_tanf_max_benefit_3person",0,2.18168546993759
"separate_lasso_CA","1se",5,2022,"state_ssi_state_supplement",0,2.18168546993759
"separate_lasso_CA","1se",5,2022,"state_labor_force_participation_pct",0,2.18168546993759
"separate_lasso_CA","1se",5,2022,"state_real_median_rent_2025_usd",0,2.18168546993759
"separate_lasso_CA","1se",5,2022,"state_rental_vacancy_rate",0,2.18168546993759
"separate_lasso_FL","min",5,2022,"(Intercept)",37.7354899227603,0.862419285384612
"separate_lasso_FL","min",5,2022,"control_time_index",-2.7920861674881,0.862419285384612
"separate_lasso_FL","min",5,2022,"coc_log_estimated_population",-10.515663035444,0.862419285384612
"separate_lasso_FL","min",5,2022,"coc_population_density_per_sq_mile",0.0121797699477024,0.862419285384612
"separate_lasso_FL","min",5,2022,"coc_contributing_counties",0,0.862419285384612
"separate_lasso_FL","min",5,2022,"coc_contains_split_county_flag",-0.861355761727037,0.862419285384612
"separate_lasso_FL","min",5,2022,"coc_housing_units_per_1000_residents",0,0.862419285384612
"separate_lasso_FL","min",5,2022,"coc_permits_per_1000_housing_units",0,0.862419285384612
"separate_lasso_FL","min",5,2022,"coc_multifamily_permit_share_pct",0,0.862419285384612
"separate_lasso_FL","min",5,2022,"coc_permits_value_per_1000_housing_units_2025_usd",0,0.862419285384612
"separate_lasso_FL","min",5,2022,"coc_birth_rate_per_1000",0.554520446148242,0.862419285384612
"separate_lasso_FL","min",5,2022,"coc_death_rate_per_1000",0,0.862419285384612
"separate_lasso_FL","min",5,2022,"coc_international_migration_rate_per_1000",0,0.862419285384612
"separate_lasso_FL","min",5,2022,"coc_domestic_migration_rate_per_1000",0,0.862419285384612
"separate_lasso_FL","min",5,2022,"coc_group_quarters_per_1000_residents",-2.50488802905051,0.862419285384612
"separate_lasso_FL","min",5,2022,"coc_population_growth_rate_pct",-1.31688137901762,0.862419285384612
"separate_lasso_FL","min",5,2022,"coc_housing_supply_growth_rate_pct",0,0.862419285384612
"separate_lasso_FL","min",5,2022,"coc_poverty_all_pct",0,0.862419285384612
"separate_lasso_FL","min",5,2022,"coc_poverty_child_pct",-2.28770284693523,0.862419285384612
"separate_lasso_FL","min",5,2022,"coc_real_median_household_income_2025_usd",0,0.862419285384612
"separate_lasso_FL","min",5,2022,"coc_real_per_capita_personal_income_2025_usd",0,0.862419285384612
"separate_lasso_FL","min",5,2022,"coc_unemployment_rate_pct",0,0.862419285384612
"separate_lasso_FL","min",5,2022,"coc_high_school_graduate_pct",-1.26409189156622,0.862419285384612
"separate_lasso_FL","min",5,2022,"coc_homeownership_rate_pct",0,0.862419285384612
"separate_lasso_FL","min",5,2022,"coc_housing_cost_burdened_households_pct",0,0.862419285384612
"separate_lasso_FL","min",5,2022,"coc_income_inequality_ratio",0,0.862419285384612
"separate_lasso_FL","min",5,2022,"coc_annual_hpi_change_pct",-0.984355015970864,0.862419285384612
"separate_lasso_FL","min",5,2022,"coc_real_gdp_per_capita_2017_usd",0,0.862419285384612
"separate_lasso_FL","min",5,2022,"coc_real_gdp_quantity_index",0,0.862419285384612
"separate_lasso_FL","min",5,2022,"coc_relative_home_price_index_2000_base",0,0.862419285384612
"separate_lasso_FL","min",5,2022,"state_real_minimum_wage_2025_usd",0,0.862419285384612
"separate_lasso_FL","min",5,2022,"state_medicaid_expansion",0,0.862419285384612
"separate_lasso_FL","min",5,2022,"coc_hic_temporary_beds_per_10k",1.38421209410982,0.862419285384612
"separate_lasso_FL","min",5,2022,"coc_hic_psh_beds_per_10k",5.96042478076813,0.862419285384612
"separate_lasso_FL","min",5,2022,"state_anticamping_strictness",0,0.862419285384612
"separate_lasso_FL","min",5,2022,"state_tanf_max_benefit_3person",0,0.862419285384612
"separate_lasso_FL","min",5,2022,"state_ssi_state_supplement",0,0.862419285384612
"separate_lasso_FL","min",5,2022,"state_labor_force_participation_pct",0,0.862419285384612
"separate_lasso_FL","min",5,2022,"state_real_median_rent_2025_usd",0,0.862419285384612
"separate_lasso_FL","min",5,2022,"state_rental_vacancy_rate",0,0.862419285384612
"separate_lasso_FL","1se",5,2022,"(Intercept)",37.1802334790805,2.89048676311585
"separate_lasso_FL","1se",5,2022,"control_time_index",-2.68103487875214,2.89048676311585
"separate_lasso_FL","1se",5,2022,"coc_log_estimated_population",-6.73120101966439,2.89048676311585
"separate_lasso_FL","1se",5,2022,"coc_population_density_per_sq_mile",0,2.89048676311585
"separate_lasso_FL","1se",5,2022,"coc_contributing_counties",0,2.89048676311585
"separate_lasso_FL","1se",5,2022,"coc_contains_split_county_flag",0,2.89048676311585
"separate_lasso_FL","1se",5,2022,"coc_housing_units_per_1000_residents",0,2.89048676311585
"separate_lasso_FL","1se",5,2022,"coc_permits_per_1000_housing_units",0,2.89048676311585
"separate_lasso_FL","1se",5,2022,"coc_multifamily_permit_share_pct",0,2.89048676311585
"separate_lasso_FL","1se",5,2022,"coc_permits_value_per_1000_housing_units_2025_usd",0,2.89048676311585
"separate_lasso_FL","1se",5,2022,"coc_birth_rate_per_1000",0,2.89048676311585
"separate_lasso_FL","1se",5,2022,"coc_death_rate_per_1000",0,2.89048676311585
"separate_lasso_FL","1se",5,2022,"coc_international_migration_rate_per_1000",0,2.89048676311585
"separate_lasso_FL","1se",5,2022,"coc_domestic_migration_rate_per_1000",0,2.89048676311585
"separate_lasso_FL","1se",5,2022,"coc_group_quarters_per_1000_residents",0,2.89048676311585
"separate_lasso_FL","1se",5,2022,"coc_population_growth_rate_pct",0,2.89048676311585
"separate_lasso_FL","1se",5,2022,"coc_housing_supply_growth_rate_pct",0,2.89048676311585
"separate_lasso_FL","1se",5,2022,"coc_poverty_all_pct",0,2.89048676311585
"separate_lasso_FL","1se",5,2022,"coc_poverty_child_pct",0,2.89048676311585
"separate_lasso_FL","1se",5,2022,"coc_real_median_household_income_2025_usd",0,2.89048676311585
"separate_lasso_FL","1se",5,2022,"coc_real_per_capita_personal_income_2025_usd",0,2.89048676311585
"separate_lasso_FL","1se",5,2022,"coc_unemployment_rate_pct",0,2.89048676311585
"separate_lasso_FL","1se",5,2022,"coc_high_school_graduate_pct",0,2.89048676311585
"separate_lasso_FL","1se",5,2022,"coc_homeownership_rate_pct",0,2.89048676311585
"separate_lasso_FL","1se",5,2022,"coc_housing_cost_burdened_households_pct",0,2.89048676311585
"separate_lasso_FL","1se",5,2022,"coc_income_inequality_ratio",0,2.89048676311585
"separate_lasso_FL","1se",5,2022,"coc_annual_hpi_change_pct",0,2.89048676311585
"separate_lasso_FL","1se",5,2022,"coc_real_gdp_per_capita_2017_usd",0,2.89048676311585
"separate_lasso_FL","1se",5,2022,"coc_real_gdp_quantity_index",0,2.89048676311585
"separate_lasso_FL","1se",5,2022,"coc_relative_home_price_index_2000_base",0,2.89048676311585
"separate_lasso_FL","1se",5,2022,"state_real_minimum_wage_2025_usd",0,2.89048676311585
"separate_lasso_FL","1se",5,2022,"state_medicaid_expansion",0,2.89048676311585
"separate_lasso_FL","1se",5,2022,"coc_hic_temporary_beds_per_10k",3.24172585202882,2.89048676311585
"separate_lasso_FL","1se",5,2022,"coc_hic_psh_beds_per_10k",2.67551681269526,2.89048676311585
"separate_lasso_FL","1se",5,2022,"state_anticamping_strictness",0,2.89048676311585
"separate_lasso_FL","1se",5,2022,"state_tanf_max_benefit_3person",0,2.89048676311585
"separate_lasso_FL","1se",5,2022,"state_ssi_state_supplement",0,2.89048676311585
"separate_lasso_FL","1se",5,2022,"state_labor_force_participation_pct",0,2.89048676311585
"separate_lasso_FL","1se",5,2022,"state_real_median_rent_2025_usd",0,2.89048676311585
"separate_lasso_FL","1se",5,2022,"state_rental_vacancy_rate",0,2.89048676311585
"pooled_lasso","min",6,2023,"(Intercept)",38.3840425517364,0.6962676298288
"pooled_lasso","min",6,2023,"control_state_florida",-7.34885891237354,0.6962676298288
"pooled_lasso","min",6,2023,"control_time_index",-0.497681298121555,0.6962676298288
"pooled_lasso","min",6,2023,"coc_log_estimated_population",-6.67562326387319,0.6962676298288
"pooled_lasso","min",6,2023,"coc_population_density_per_sq_mile",-3.67524143238743,0.6962676298288
"pooled_lasso","min",6,2023,"coc_contributing_counties",-0.286973879949408,0.6962676298288
"pooled_lasso","min",6,2023,"coc_contains_split_county_flag",-0.125102861654664,0.6962676298288
"pooled_lasso","min",6,2023,"coc_housing_units_per_1000_residents",1.12218893750728,0.6962676298288
"pooled_lasso","min",6,2023,"coc_permits_per_1000_housing_units",0,0.6962676298288
"pooled_lasso","min",6,2023,"coc_multifamily_permit_share_pct",0,0.6962676298288
"pooled_lasso","min",6,2023,"coc_permits_value_per_1000_housing_units_2025_usd",0,0.6962676298288
"pooled_lasso","min",6,2023,"coc_birth_rate_per_1000",-0.312039135840686,0.6962676298288
"pooled_lasso","min",6,2023,"coc_death_rate_per_1000",0,0.6962676298288
"pooled_lasso","min",6,2023,"coc_international_migration_rate_per_1000",-1.81289217251635,0.6962676298288
"pooled_lasso","min",6,2023,"coc_domestic_migration_rate_per_1000",0,0.6962676298288
"pooled_lasso","min",6,2023,"coc_group_quarters_per_1000_residents",0,0.6962676298288
"pooled_lasso","min",6,2023,"coc_population_growth_rate_pct",-1.22969817602525,0.6962676298288
"pooled_lasso","min",6,2023,"coc_housing_supply_growth_rate_pct",0,0.6962676298288
"pooled_lasso","min",6,2023,"coc_poverty_all_pct",0,0.6962676298288
"pooled_lasso","min",6,2023,"coc_poverty_child_pct",0,0.6962676298288
"pooled_lasso","min",6,2023,"coc_real_median_household_income_2025_usd",0,0.6962676298288
"pooled_lasso","min",6,2023,"coc_real_per_capita_personal_income_2025_usd",0,0.6962676298288
"pooled_lasso","min",6,2023,"coc_unemployment_rate_pct",0,0.6962676298288
"pooled_lasso","min",6,2023,"coc_high_school_graduate_pct",0,0.6962676298288
"pooled_lasso","min",6,2023,"coc_homeownership_rate_pct",0,0.6962676298288
"pooled_lasso","min",6,2023,"coc_housing_cost_burdened_households_pct",2.2624972162209,0.6962676298288
"pooled_lasso","min",6,2023,"coc_income_inequality_ratio",0,0.6962676298288
"pooled_lasso","min",6,2023,"coc_annual_hpi_change_pct",-1.07195356175993,0.6962676298288
"pooled_lasso","min",6,2023,"coc_real_gdp_per_capita_2017_usd",0,0.6962676298288
"pooled_lasso","min",6,2023,"coc_real_gdp_quantity_index",0,0.6962676298288
"pooled_lasso","min",6,2023,"coc_relative_home_price_index_2000_base",0,0.6962676298288
"pooled_lasso","min",6,2023,"state_real_minimum_wage_2025_usd",0.554825433537261,0.6962676298288
"pooled_lasso","min",6,2023,"state_medicaid_expansion",0,0.6962676298288
"pooled_lasso","min",6,2023,"coc_hic_temporary_beds_per_10k",5.78982137060641,0.6962676298288
"pooled_lasso","min",6,2023,"coc_hic_psh_beds_per_10k",11.1219285542894,0.6962676298288
"pooled_lasso","min",6,2023,"state_anticamping_strictness",-0.436196767247752,0.6962676298288
"pooled_lasso","min",6,2023,"state_tanf_max_benefit_3person",0,0.6962676298288
"pooled_lasso","min",6,2023,"state_ssi_state_supplement",0,0.6962676298288
"pooled_lasso","min",6,2023,"state_labor_force_participation_pct",0,0.6962676298288
"pooled_lasso","min",6,2023,"state_real_median_rent_2025_usd",0,0.6962676298288
"pooled_lasso","min",6,2023,"state_rental_vacancy_rate",0.565897422910534,0.6962676298288
"pooled_lasso","1se",6,2023,"(Intercept)",40.2972918123796,2.56113676534133
"pooled_lasso","1se",6,2023,"control_state_florida",-11.0697338826174,2.56113676534133
"pooled_lasso","1se",6,2023,"control_time_index",-0.58348809136972,2.56113676534133
"pooled_lasso","1se",6,2023,"coc_log_estimated_population",-5.34648770076994,2.56113676534133
"pooled_lasso","1se",6,2023,"coc_population_density_per_sq_mile",0,2.56113676534133
"pooled_lasso","1se",6,2023,"coc_contributing_counties",0,2.56113676534133
"pooled_lasso","1se",6,2023,"coc_contains_split_county_flag",0,2.56113676534133
"pooled_lasso","1se",6,2023,"coc_housing_units_per_1000_residents",0,2.56113676534133
"pooled_lasso","1se",6,2023,"coc_permits_per_1000_housing_units",0,2.56113676534133
"pooled_lasso","1se",6,2023,"coc_multifamily_permit_share_pct",0,2.56113676534133
"pooled_lasso","1se",6,2023,"coc_permits_value_per_1000_housing_units_2025_usd",0,2.56113676534133
"pooled_lasso","1se",6,2023,"coc_birth_rate_per_1000",0,2.56113676534133
"pooled_lasso","1se",6,2023,"coc_death_rate_per_1000",0,2.56113676534133
"pooled_lasso","1se",6,2023,"coc_international_migration_rate_per_1000",0,2.56113676534133
"pooled_lasso","1se",6,2023,"coc_domestic_migration_rate_per_1000",0,2.56113676534133
"pooled_lasso","1se",6,2023,"coc_group_quarters_per_1000_residents",0,2.56113676534133
"pooled_lasso","1se",6,2023,"coc_population_growth_rate_pct",-0.358101216370188,2.56113676534133
"pooled_lasso","1se",6,2023,"coc_housing_supply_growth_rate_pct",0,2.56113676534133
"pooled_lasso","1se",6,2023,"coc_poverty_all_pct",0,2.56113676534133
"pooled_lasso","1se",6,2023,"coc_poverty_child_pct",0,2.56113676534133
"pooled_lasso","1se",6,2023,"coc_real_median_household_income_2025_usd",0,2.56113676534133
"pooled_lasso","1se",6,2023,"coc_real_per_capita_personal_income_2025_usd",0,2.56113676534133
"pooled_lasso","1se",6,2023,"coc_unemployment_rate_pct",0,2.56113676534133
"pooled_lasso","1se",6,2023,"coc_high_school_graduate_pct",0,2.56113676534133
"pooled_lasso","1se",6,2023,"coc_homeownership_rate_pct",0,2.56113676534133
"pooled_lasso","1se",6,2023,"coc_housing_cost_burdened_households_pct",0,2.56113676534133
"pooled_lasso","1se",6,2023,"coc_income_inequality_ratio",0,2.56113676534133
"pooled_lasso","1se",6,2023,"coc_annual_hpi_change_pct",0,2.56113676534133
"pooled_lasso","1se",6,2023,"coc_real_gdp_per_capita_2017_usd",0,2.56113676534133
"pooled_lasso","1se",6,2023,"coc_real_gdp_quantity_index",0,2.56113676534133
"pooled_lasso","1se",6,2023,"coc_relative_home_price_index_2000_base",0,2.56113676534133
"pooled_lasso","1se",6,2023,"state_real_minimum_wage_2025_usd",0,2.56113676534133
"pooled_lasso","1se",6,2023,"state_medicaid_expansion",0,2.56113676534133
"pooled_lasso","1se",6,2023,"coc_hic_temporary_beds_per_10k",6.70679267522504,2.56113676534133
"pooled_lasso","1se",6,2023,"coc_hic_psh_beds_per_10k",5.75070227805017,2.56113676534133
"pooled_lasso","1se",6,2023,"state_anticamping_strictness",0,2.56113676534133
"pooled_lasso","1se",6,2023,"state_tanf_max_benefit_3person",0,2.56113676534133
"pooled_lasso","1se",6,2023,"state_ssi_state_supplement",0,2.56113676534133
"pooled_lasso","1se",6,2023,"state_labor_force_participation_pct",0,2.56113676534133
"pooled_lasso","1se",6,2023,"state_real_median_rent_2025_usd",0,2.56113676534133
"pooled_lasso","1se",6,2023,"state_rental_vacancy_rate",0,2.56113676534133
"pooled_lasso_state_interactions","min",6,2023,"(Intercept)",33.0667269536687,0.540206080132173
"pooled_lasso_state_interactions","min",6,2023,"control_state_florida",-8.07584224098405,0.540206080132173
"pooled_lasso_state_interactions","min",6,2023,"control_time_index",0.32329650200047,0.540206080132173
"pooled_lasso_state_interactions","min",6,2023,"coc_log_estimated_population",-6.47292682715721,0.540206080132173
"pooled_lasso_state_interactions","min",6,2023,"coc_population_density_per_sq_mile",-5.17177038083562,0.540206080132173
"pooled_lasso_state_interactions","min",6,2023,"coc_contributing_counties",0,0.540206080132173
"pooled_lasso_state_interactions","min",6,2023,"coc_contains_split_county_flag",0,0.540206080132173
"pooled_lasso_state_interactions","min",6,2023,"coc_housing_units_per_1000_residents",1.99932488139585,0.540206080132173
"pooled_lasso_state_interactions","min",6,2023,"coc_permits_per_1000_housing_units",0,0.540206080132173
"pooled_lasso_state_interactions","min",6,2023,"coc_multifamily_permit_share_pct",0,0.540206080132173
"pooled_lasso_state_interactions","min",6,2023,"coc_permits_value_per_1000_housing_units_2025_usd",0,0.540206080132173
"pooled_lasso_state_interactions","min",6,2023,"coc_birth_rate_per_1000",0,0.540206080132173
"pooled_lasso_state_interactions","min",6,2023,"coc_death_rate_per_1000",0,0.540206080132173
"pooled_lasso_state_interactions","min",6,2023,"coc_international_migration_rate_per_1000",-1.32955696097968,0.540206080132173
"pooled_lasso_state_interactions","min",6,2023,"coc_domestic_migration_rate_per_1000",0,0.540206080132173
"pooled_lasso_state_interactions","min",6,2023,"coc_group_quarters_per_1000_residents",0.218173199079059,0.540206080132173
"pooled_lasso_state_interactions","min",6,2023,"coc_population_growth_rate_pct",-1.32523395316152,0.540206080132173
"pooled_lasso_state_interactions","min",6,2023,"coc_housing_supply_growth_rate_pct",0,0.540206080132173
"pooled_lasso_state_interactions","min",6,2023,"coc_poverty_all_pct",0,0.540206080132173
"pooled_lasso_state_interactions","min",6,2023,"coc_poverty_child_pct",0,0.540206080132173
"pooled_lasso_state_interactions","min",6,2023,"coc_real_median_household_income_2025_usd",0,0.540206080132173
"pooled_lasso_state_interactions","min",6,2023,"coc_real_per_capita_personal_income_2025_usd",0,0.540206080132173
"pooled_lasso_state_interactions","min",6,2023,"coc_unemployment_rate_pct",0,0.540206080132173
"pooled_lasso_state_interactions","min",6,2023,"coc_high_school_graduate_pct",0,0.540206080132173
"pooled_lasso_state_interactions","min",6,2023,"coc_homeownership_rate_pct",0,0.540206080132173
"pooled_lasso_state_interactions","min",6,2023,"coc_housing_cost_burdened_households_pct",4.90445916674533,0.540206080132173
"pooled_lasso_state_interactions","min",6,2023,"coc_income_inequality_ratio",0,0.540206080132173
"pooled_lasso_state_interactions","min",6,2023,"coc_annual_hpi_change_pct",-1.14955602148048,0.540206080132173
"pooled_lasso_state_interactions","min",6,2023,"coc_real_gdp_per_capita_2017_usd",0,0.540206080132173
"pooled_lasso_state_interactions","min",6,2023,"coc_real_gdp_quantity_index",0.287204139158546,0.540206080132173
"pooled_lasso_state_interactions","min",6,2023,"coc_relative_home_price_index_2000_base",0,0.540206080132173
"pooled_lasso_state_interactions","min",6,2023,"state_real_minimum_wage_2025_usd",0,0.540206080132173
"pooled_lasso_state_interactions","min",6,2023,"state_medicaid_expansion",0,0.540206080132173
"pooled_lasso_state_interactions","min",6,2023,"coc_hic_temporary_beds_per_10k",8.84455630482082,0.540206080132173
"pooled_lasso_state_interactions","min",6,2023,"coc_hic_psh_beds_per_10k",11.7398411630551,0.540206080132173
"pooled_lasso_state_interactions","min",6,2023,"state_anticamping_strictness",0,0.540206080132173
"pooled_lasso_state_interactions","min",6,2023,"state_tanf_max_benefit_3person",0,0.540206080132173
"pooled_lasso_state_interactions","min",6,2023,"state_ssi_state_supplement",0,0.540206080132173
"pooled_lasso_state_interactions","min",6,2023,"state_labor_force_participation_pct",0,0.540206080132173
"pooled_lasso_state_interactions","min",6,2023,"state_real_median_rent_2025_usd",0,0.540206080132173
"pooled_lasso_state_interactions","min",6,2023,"state_rental_vacancy_rate",0,0.540206080132173
"pooled_lasso_state_interactions","min",6,2023,"coc_log_estimated_population:FL",0,0.540206080132173
"pooled_lasso_state_interactions","min",6,2023,"coc_population_density_per_sq_mile:FL",0,0.540206080132173
"pooled_lasso_state_interactions","min",6,2023,"coc_contributing_counties:FL",0,0.540206080132173
"pooled_lasso_state_interactions","min",6,2023,"coc_contains_split_county_flag:FL",-0.323703968400272,0.540206080132173
"pooled_lasso_state_interactions","min",6,2023,"coc_housing_units_per_1000_residents:FL",0,0.540206080132173
"pooled_lasso_state_interactions","min",6,2023,"coc_permits_per_1000_housing_units:FL",0,0.540206080132173
"pooled_lasso_state_interactions","min",6,2023,"coc_multifamily_permit_share_pct:FL",-1.2275902892686,0.540206080132173
"pooled_lasso_state_interactions","min",6,2023,"coc_permits_value_per_1000_housing_units_2025_usd:FL",0,0.540206080132173
"pooled_lasso_state_interactions","min",6,2023,"coc_birth_rate_per_1000:FL",0,0.540206080132173
"pooled_lasso_state_interactions","min",6,2023,"coc_death_rate_per_1000:FL",0,0.540206080132173
"pooled_lasso_state_interactions","min",6,2023,"coc_international_migration_rate_per_1000:FL",0,0.540206080132173
"pooled_lasso_state_interactions","min",6,2023,"coc_domestic_migration_rate_per_1000:FL",0,0.540206080132173
"pooled_lasso_state_interactions","min",6,2023,"coc_group_quarters_per_1000_residents:FL",-0.213218533785376,0.540206080132173
"pooled_lasso_state_interactions","min",6,2023,"coc_population_growth_rate_pct:FL",0,0.540206080132173
"pooled_lasso_state_interactions","min",6,2023,"coc_housing_supply_growth_rate_pct:FL",0,0.540206080132173
"pooled_lasso_state_interactions","min",6,2023,"coc_poverty_all_pct:FL",0,0.540206080132173
"pooled_lasso_state_interactions","min",6,2023,"coc_poverty_child_pct:FL",0,0.540206080132173
"pooled_lasso_state_interactions","min",6,2023,"coc_real_median_household_income_2025_usd:FL",0,0.540206080132173
"pooled_lasso_state_interactions","min",6,2023,"coc_real_per_capita_personal_income_2025_usd:FL",0,0.540206080132173
"pooled_lasso_state_interactions","min",6,2023,"coc_unemployment_rate_pct:FL",0,0.540206080132173
"pooled_lasso_state_interactions","min",6,2023,"coc_high_school_graduate_pct:FL",0,0.540206080132173
"pooled_lasso_state_interactions","min",6,2023,"coc_homeownership_rate_pct:FL",2.13648961376717,0.540206080132173
"pooled_lasso_state_interactions","min",6,2023,"coc_housing_cost_burdened_households_pct:FL",0,0.540206080132173
"pooled_lasso_state_interactions","min",6,2023,"coc_income_inequality_ratio:FL",-1.12998334096055,0.540206080132173
"pooled_lasso_state_interactions","min",6,2023,"coc_annual_hpi_change_pct:FL",-0.903417772289952,0.540206080132173
"pooled_lasso_state_interactions","min",6,2023,"coc_real_gdp_per_capita_2017_usd:FL",0,0.540206080132173
"pooled_lasso_state_interactions","min",6,2023,"coc_real_gdp_quantity_index:FL",-1.8108576016684,0.540206080132173
"pooled_lasso_state_interactions","min",6,2023,"coc_relative_home_price_index_2000_base:FL",0,0.540206080132173
"pooled_lasso_state_interactions","min",6,2023,"state_real_minimum_wage_2025_usd:FL",0,0.540206080132173
"pooled_lasso_state_interactions","min",6,2023,"state_medicaid_expansion:FL",0,0.540206080132173
"pooled_lasso_state_interactions","min",6,2023,"coc_hic_temporary_beds_per_10k:FL",-5.17221169187809,0.540206080132173
"pooled_lasso_state_interactions","min",6,2023,"coc_hic_psh_beds_per_10k:FL",0,0.540206080132173
"pooled_lasso_state_interactions","min",6,2023,"state_anticamping_strictness:FL",0,0.540206080132173
"pooled_lasso_state_interactions","min",6,2023,"state_tanf_max_benefit_3person:FL",0,0.540206080132173
"pooled_lasso_state_interactions","min",6,2023,"state_ssi_state_supplement:FL",0,0.540206080132173
"pooled_lasso_state_interactions","min",6,2023,"state_labor_force_participation_pct:FL",0,0.540206080132173
"pooled_lasso_state_interactions","min",6,2023,"state_real_median_rent_2025_usd:FL",0,0.540206080132173
"pooled_lasso_state_interactions","min",6,2023,"state_rental_vacancy_rate:FL",0,0.540206080132173
"pooled_lasso_state_interactions","1se",6,2023,"(Intercept)",38.1396873715617,1.03606678450337
"pooled_lasso_state_interactions","1se",6,2023,"control_state_florida",-8.7761181527622,1.03606678450337
"pooled_lasso_state_interactions","1se",6,2023,"control_time_index",-0.36642983602092,1.03606678450337
"pooled_lasso_state_interactions","1se",6,2023,"coc_log_estimated_population",-6.24553100955664,1.03606678450337
"pooled_lasso_state_interactions","1se",6,2023,"coc_population_density_per_sq_mile",-2.45216490581079,1.03606678450337
"pooled_lasso_state_interactions","1se",6,2023,"coc_contributing_counties",0,1.03606678450337
"pooled_lasso_state_interactions","1se",6,2023,"coc_contains_split_county_flag",0,1.03606678450337
"pooled_lasso_state_interactions","1se",6,2023,"coc_housing_units_per_1000_residents",1.21961988259499,1.03606678450337
"pooled_lasso_state_interactions","1se",6,2023,"coc_permits_per_1000_housing_units",0,1.03606678450337
"pooled_lasso_state_interactions","1se",6,2023,"coc_multifamily_permit_share_pct",0,1.03606678450337
"pooled_lasso_state_interactions","1se",6,2023,"coc_permits_value_per_1000_housing_units_2025_usd",0,1.03606678450337
"pooled_lasso_state_interactions","1se",6,2023,"coc_birth_rate_per_1000",0,1.03606678450337
"pooled_lasso_state_interactions","1se",6,2023,"coc_death_rate_per_1000",0,1.03606678450337
"pooled_lasso_state_interactions","1se",6,2023,"coc_international_migration_rate_per_1000",-1.3356765934571,1.03606678450337
"pooled_lasso_state_interactions","1se",6,2023,"coc_domestic_migration_rate_per_1000",0,1.03606678450337
"pooled_lasso_state_interactions","1se",6,2023,"coc_group_quarters_per_1000_residents",0,1.03606678450337
"pooled_lasso_state_interactions","1se",6,2023,"coc_population_growth_rate_pct",-1.2045487240812,1.03606678450337
"pooled_lasso_state_interactions","1se",6,2023,"coc_housing_supply_growth_rate_pct",0,1.03606678450337
"pooled_lasso_state_interactions","1se",6,2023,"coc_poverty_all_pct",0,1.03606678450337
"pooled_lasso_state_interactions","1se",6,2023,"coc_poverty_child_pct",0,1.03606678450337
"pooled_lasso_state_interactions","1se",6,2023,"coc_real_median_household_income_2025_usd",0,1.03606678450337
"pooled_lasso_state_interactions","1se",6,2023,"coc_real_per_capita_personal_income_2025_usd",0,1.03606678450337
"pooled_lasso_state_interactions","1se",6,2023,"coc_unemployment_rate_pct",0,1.03606678450337
"pooled_lasso_state_interactions","1se",6,2023,"coc_high_school_graduate_pct",0,1.03606678450337
"pooled_lasso_state_interactions","1se",6,2023,"coc_homeownership_rate_pct",0,1.03606678450337
"pooled_lasso_state_interactions","1se",6,2023,"coc_housing_cost_burdened_households_pct",1.36697723843294,1.03606678450337
"pooled_lasso_state_interactions","1se",6,2023,"coc_income_inequality_ratio",0,1.03606678450337
"pooled_lasso_state_interactions","1se",6,2023,"coc_annual_hpi_change_pct",-0.92667170645951,1.03606678450337
"pooled_lasso_state_interactions","1se",6,2023,"coc_real_gdp_per_capita_2017_usd",0,1.03606678450337
"pooled_lasso_state_interactions","1se",6,2023,"coc_real_gdp_quantity_index",0,1.03606678450337
"pooled_lasso_state_interactions","1se",6,2023,"coc_relative_home_price_index_2000_base",0,1.03606678450337
"pooled_lasso_state_interactions","1se",6,2023,"state_real_minimum_wage_2025_usd",0,1.03606678450337
"pooled_lasso_state_interactions","1se",6,2023,"state_medicaid_expansion",0,1.03606678450337
"pooled_lasso_state_interactions","1se",6,2023,"coc_hic_temporary_beds_per_10k",6.71609389808702,1.03606678450337
"pooled_lasso_state_interactions","1se",6,2023,"coc_hic_psh_beds_per_10k",9.56415503202542,1.03606678450337
"pooled_lasso_state_interactions","1se",6,2023,"state_anticamping_strictness",-0.114252997927858,1.03606678450337
"pooled_lasso_state_interactions","1se",6,2023,"state_tanf_max_benefit_3person",0,1.03606678450337
"pooled_lasso_state_interactions","1se",6,2023,"state_ssi_state_supplement",0,1.03606678450337
"pooled_lasso_state_interactions","1se",6,2023,"state_labor_force_participation_pct",0,1.03606678450337
"pooled_lasso_state_interactions","1se",6,2023,"state_real_median_rent_2025_usd",0,1.03606678450337
"pooled_lasso_state_interactions","1se",6,2023,"state_rental_vacancy_rate",0,1.03606678450337
"pooled_lasso_state_interactions","1se",6,2023,"coc_log_estimated_population:FL",0,1.03606678450337
"pooled_lasso_state_interactions","1se",6,2023,"coc_population_density_per_sq_mile:FL",0,1.03606678450337
"pooled_lasso_state_interactions","1se",6,2023,"coc_contributing_counties:FL",0,1.03606678450337
"pooled_lasso_state_interactions","1se",6,2023,"coc_contains_split_county_flag:FL",-0.139266816993696,1.03606678450337
"pooled_lasso_state_interactions","1se",6,2023,"coc_housing_units_per_1000_residents:FL",0,1.03606678450337
"pooled_lasso_state_interactions","1se",6,2023,"coc_permits_per_1000_housing_units:FL",0,1.03606678450337
"pooled_lasso_state_interactions","1se",6,2023,"coc_multifamily_permit_share_pct:FL",0,1.03606678450337
"pooled_lasso_state_interactions","1se",6,2023,"coc_permits_value_per_1000_housing_units_2025_usd:FL",0,1.03606678450337
"pooled_lasso_state_interactions","1se",6,2023,"coc_birth_rate_per_1000:FL",0,1.03606678450337
"pooled_lasso_state_interactions","1se",6,2023,"coc_death_rate_per_1000:FL",0,1.03606678450337
"pooled_lasso_state_interactions","1se",6,2023,"coc_international_migration_rate_per_1000:FL",0,1.03606678450337
"pooled_lasso_state_interactions","1se",6,2023,"coc_domestic_migration_rate_per_1000:FL",0,1.03606678450337
"pooled_lasso_state_interactions","1se",6,2023,"coc_group_quarters_per_1000_residents:FL",0,1.03606678450337
"pooled_lasso_state_interactions","1se",6,2023,"coc_population_growth_rate_pct:FL",0,1.03606678450337
"pooled_lasso_state_interactions","1se",6,2023,"coc_housing_supply_growth_rate_pct:FL",0,1.03606678450337
"pooled_lasso_state_interactions","1se",6,2023,"coc_poverty_all_pct:FL",0,1.03606678450337
"pooled_lasso_state_interactions","1se",6,2023,"coc_poverty_child_pct:FL",0,1.03606678450337
"pooled_lasso_state_interactions","1se",6,2023,"coc_real_median_household_income_2025_usd:FL",0,1.03606678450337
"pooled_lasso_state_interactions","1se",6,2023,"coc_real_per_capita_personal_income_2025_usd:FL",0,1.03606678450337
"pooled_lasso_state_interactions","1se",6,2023,"coc_unemployment_rate_pct:FL",0,1.03606678450337
"pooled_lasso_state_interactions","1se",6,2023,"coc_high_school_graduate_pct:FL",0,1.03606678450337
"pooled_lasso_state_interactions","1se",6,2023,"coc_homeownership_rate_pct:FL",0,1.03606678450337
"pooled_lasso_state_interactions","1se",6,2023,"coc_housing_cost_burdened_households_pct:FL",0,1.03606678450337
"pooled_lasso_state_interactions","1se",6,2023,"coc_income_inequality_ratio:FL",0,1.03606678450337
"pooled_lasso_state_interactions","1se",6,2023,"coc_annual_hpi_change_pct:FL",0,1.03606678450337
"pooled_lasso_state_interactions","1se",6,2023,"coc_real_gdp_per_capita_2017_usd:FL",0,1.03606678450337
"pooled_lasso_state_interactions","1se",6,2023,"coc_real_gdp_quantity_index:FL",-0.7809271707279,1.03606678450337
"pooled_lasso_state_interactions","1se",6,2023,"coc_relative_home_price_index_2000_base:FL",0,1.03606678450337
"pooled_lasso_state_interactions","1se",6,2023,"state_real_minimum_wage_2025_usd:FL",0,1.03606678450337
"pooled_lasso_state_interactions","1se",6,2023,"state_medicaid_expansion:FL",0,1.03606678450337
"pooled_lasso_state_interactions","1se",6,2023,"coc_hic_temporary_beds_per_10k:FL",-0.900874830561349,1.03606678450337
"pooled_lasso_state_interactions","1se",6,2023,"coc_hic_psh_beds_per_10k:FL",0,1.03606678450337
"pooled_lasso_state_interactions","1se",6,2023,"state_anticamping_strictness:FL",0,1.03606678450337
"pooled_lasso_state_interactions","1se",6,2023,"state_tanf_max_benefit_3person:FL",0,1.03606678450337
"pooled_lasso_state_interactions","1se",6,2023,"state_ssi_state_supplement:FL",0,1.03606678450337
"pooled_lasso_state_interactions","1se",6,2023,"state_labor_force_participation_pct:FL",0,1.03606678450337
"pooled_lasso_state_interactions","1se",6,2023,"state_real_median_rent_2025_usd:FL",0,1.03606678450337
"pooled_lasso_state_interactions","1se",6,2023,"state_rental_vacancy_rate:FL",0.0463936757943172,1.03606678450337
"separate_lasso_CA","min",6,2023,"(Intercept)",31.2074723979612,1.25761921311984
"separate_lasso_CA","min",6,2023,"control_time_index",1.35198640974223,1.25761921311984
"separate_lasso_CA","min",6,2023,"coc_log_estimated_population",-3.59710506696706,1.25761921311984
"separate_lasso_CA","min",6,2023,"coc_population_density_per_sq_mile",-3.49341785664906,1.25761921311984
"separate_lasso_CA","min",6,2023,"coc_contributing_counties",-1.85184606005604,1.25761921311984
"separate_lasso_CA","min",6,2023,"coc_contains_split_county_flag",0,1.25761921311984
"separate_lasso_CA","min",6,2023,"coc_housing_units_per_1000_residents",4.13119021721687,1.25761921311984
"separate_lasso_CA","min",6,2023,"coc_permits_per_1000_housing_units",0,1.25761921311984
"separate_lasso_CA","min",6,2023,"coc_multifamily_permit_share_pct",0,1.25761921311984
"separate_lasso_CA","min",6,2023,"coc_permits_value_per_1000_housing_units_2025_usd",-2.4098106504778,1.25761921311984
"separate_lasso_CA","min",6,2023,"coc_birth_rate_per_1000",0,1.25761921311984
"separate_lasso_CA","min",6,2023,"coc_death_rate_per_1000",0,1.25761921311984
"separate_lasso_CA","min",6,2023,"coc_international_migration_rate_per_1000",0,1.25761921311984
"separate_lasso_CA","min",6,2023,"coc_domestic_migration_rate_per_1000",0,1.25761921311984
"separate_lasso_CA","min",6,2023,"coc_group_quarters_per_1000_residents",1.82867765230996,1.25761921311984
"separate_lasso_CA","min",6,2023,"coc_population_growth_rate_pct",-0.644144483946136,1.25761921311984
"separate_lasso_CA","min",6,2023,"coc_housing_supply_growth_rate_pct",0,1.25761921311984
"separate_lasso_CA","min",6,2023,"coc_poverty_all_pct",0,1.25761921311984
"separate_lasso_CA","min",6,2023,"coc_poverty_child_pct",0,1.25761921311984
"separate_lasso_CA","min",6,2023,"coc_real_median_household_income_2025_usd",0,1.25761921311984
"separate_lasso_CA","min",6,2023,"coc_real_per_capita_personal_income_2025_usd",0,1.25761921311984
"separate_lasso_CA","min",6,2023,"coc_unemployment_rate_pct",0,1.25761921311984
"separate_lasso_CA","min",6,2023,"coc_high_school_graduate_pct",0,1.25761921311984
"separate_lasso_CA","min",6,2023,"coc_homeownership_rate_pct",0,1.25761921311984
"separate_lasso_CA","min",6,2023,"coc_housing_cost_burdened_households_pct",4.10638081574344,1.25761921311984
"separate_lasso_CA","min",6,2023,"coc_income_inequality_ratio",0,1.25761921311984
"separate_lasso_CA","min",6,2023,"coc_annual_hpi_change_pct",0,1.25761921311984
"separate_lasso_CA","min",6,2023,"coc_real_gdp_per_capita_2017_usd",0,1.25761921311984
"separate_lasso_CA","min",6,2023,"coc_real_gdp_quantity_index",0.109260096378984,1.25761921311984
"separate_lasso_CA","min",6,2023,"coc_relative_home_price_index_2000_base",0,1.25761921311984
"separate_lasso_CA","min",6,2023,"state_real_minimum_wage_2025_usd",0,1.25761921311984
"separate_lasso_CA","min",6,2023,"state_medicaid_expansion",0,1.25761921311984
"separate_lasso_CA","min",6,2023,"coc_hic_temporary_beds_per_10k",9.862454359596,1.25761921311984
"separate_lasso_CA","min",6,2023,"coc_hic_psh_beds_per_10k",9.06059681674616,1.25761921311984
"separate_lasso_CA","min",6,2023,"state_anticamping_strictness",0,1.25761921311984
"separate_lasso_CA","min",6,2023,"state_tanf_max_benefit_3person",0,1.25761921311984
"separate_lasso_CA","min",6,2023,"state_ssi_state_supplement",0,1.25761921311984
"separate_lasso_CA","min",6,2023,"state_labor_force_participation_pct",0,1.25761921311984
"separate_lasso_CA","min",6,2023,"state_real_median_rent_2025_usd",0,1.25761921311984
"separate_lasso_CA","min",6,2023,"state_rental_vacancy_rate",0,1.25761921311984
"separate_lasso_CA","1se",6,2023,"(Intercept)",32.662182202027,2.19772529132223
"separate_lasso_CA","1se",6,2023,"control_time_index",1.09724460073531,2.19772529132223
"separate_lasso_CA","1se",6,2023,"coc_log_estimated_population",-2.79098429161544,2.19772529132223
"separate_lasso_CA","1se",6,2023,"coc_population_density_per_sq_mile",0,2.19772529132223
"separate_lasso_CA","1se",6,2023,"coc_contributing_counties",-0.787856184915916,2.19772529132223
"separate_lasso_CA","1se",6,2023,"coc_contains_split_county_flag",0,2.19772529132223
"separate_lasso_CA","1se",6,2023,"coc_housing_units_per_1000_residents",2.91930473527266,2.19772529132223
"separate_lasso_CA","1se",6,2023,"coc_permits_per_1000_housing_units",0,2.19772529132223
"separate_lasso_CA","1se",6,2023,"coc_multifamily_permit_share_pct",0,2.19772529132223
"separate_lasso_CA","1se",6,2023,"coc_permits_value_per_1000_housing_units_2025_usd",-2.38559523086768,2.19772529132223
"separate_lasso_CA","1se",6,2023,"coc_birth_rate_per_1000",0,2.19772529132223
"separate_lasso_CA","1se",6,2023,"coc_death_rate_per_1000",0,2.19772529132223
"separate_lasso_CA","1se",6,2023,"coc_international_migration_rate_per_1000",0,2.19772529132223
"separate_lasso_CA","1se",6,2023,"coc_domestic_migration_rate_per_1000",0,2.19772529132223
"separate_lasso_CA","1se",6,2023,"coc_group_quarters_per_1000_residents",1.28486689711225,2.19772529132223
"separate_lasso_CA","1se",6,2023,"coc_population_growth_rate_pct",-0.121336046223121,2.19772529132223
"separate_lasso_CA","1se",6,2023,"coc_housing_supply_growth_rate_pct",0,2.19772529132223
"separate_lasso_CA","1se",6,2023,"coc_poverty_all_pct",0,2.19772529132223
"separate_lasso_CA","1se",6,2023,"coc_poverty_child_pct",0,2.19772529132223
"separate_lasso_CA","1se",6,2023,"coc_real_median_household_income_2025_usd",0,2.19772529132223
"separate_lasso_CA","1se",6,2023,"coc_real_per_capita_personal_income_2025_usd",0,2.19772529132223
"separate_lasso_CA","1se",6,2023,"coc_unemployment_rate_pct",0,2.19772529132223
"separate_lasso_CA","1se",6,2023,"coc_high_school_graduate_pct",0,2.19772529132223
"separate_lasso_CA","1se",6,2023,"coc_homeownership_rate_pct",0,2.19772529132223
"separate_lasso_CA","1se",6,2023,"coc_housing_cost_burdened_households_pct",1.67319537613262,2.19772529132223
"separate_lasso_CA","1se",6,2023,"coc_income_inequality_ratio",0,2.19772529132223
"separate_lasso_CA","1se",6,2023,"coc_annual_hpi_change_pct",0,2.19772529132223
"separate_lasso_CA","1se",6,2023,"coc_real_gdp_per_capita_2017_usd",0,2.19772529132223
"separate_lasso_CA","1se",6,2023,"coc_real_gdp_quantity_index",0,2.19772529132223
"separate_lasso_CA","1se",6,2023,"coc_relative_home_price_index_2000_base",0,2.19772529132223
"separate_lasso_CA","1se",6,2023,"state_real_minimum_wage_2025_usd",0,2.19772529132223
"separate_lasso_CA","1se",6,2023,"state_medicaid_expansion",0,2.19772529132223
"separate_lasso_CA","1se",6,2023,"coc_hic_temporary_beds_per_10k",9.79572234291209,2.19772529132223
"separate_lasso_CA","1se",6,2023,"coc_hic_psh_beds_per_10k",5.71159617247658,2.19772529132223
"separate_lasso_CA","1se",6,2023,"state_anticamping_strictness",0,2.19772529132223
"separate_lasso_CA","1se",6,2023,"state_tanf_max_benefit_3person",0,2.19772529132223
"separate_lasso_CA","1se",6,2023,"state_ssi_state_supplement",0,2.19772529132223
"separate_lasso_CA","1se",6,2023,"state_labor_force_participation_pct",0,2.19772529132223
"separate_lasso_CA","1se",6,2023,"state_real_median_rent_2025_usd",0,2.19772529132223
"separate_lasso_CA","1se",6,2023,"state_rental_vacancy_rate",0,2.19772529132223
"separate_lasso_FL","min",6,2023,"(Intercept)",35.5303173238322,1.4410228151504
"separate_lasso_FL","min",6,2023,"control_time_index",-2.27246512528833,1.4410228151504
"separate_lasso_FL","min",6,2023,"coc_log_estimated_population",-8.24594455963819,1.4410228151504
"separate_lasso_FL","min",6,2023,"coc_population_density_per_sq_mile",0,1.4410228151504
"separate_lasso_FL","min",6,2023,"coc_contributing_counties",0,1.4410228151504
"separate_lasso_FL","min",6,2023,"coc_contains_split_county_flag",-0.295157941519,1.4410228151504
"separate_lasso_FL","min",6,2023,"coc_housing_units_per_1000_residents",0,1.4410228151504
"separate_lasso_FL","min",6,2023,"coc_permits_per_1000_housing_units",0,1.4410228151504
"separate_lasso_FL","min",6,2023,"coc_multifamily_permit_share_pct",0,1.4410228151504
"separate_lasso_FL","min",6,2023,"coc_permits_value_per_1000_housing_units_2025_usd",0,1.4410228151504
"separate_lasso_FL","min",6,2023,"coc_birth_rate_per_1000",0,1.4410228151504
"separate_lasso_FL","min",6,2023,"coc_death_rate_per_1000",0,1.4410228151504
"separate_lasso_FL","min",6,2023,"coc_international_migration_rate_per_1000",0,1.4410228151504
"separate_lasso_FL","min",6,2023,"coc_domestic_migration_rate_per_1000",0,1.4410228151504
"separate_lasso_FL","min",6,2023,"coc_group_quarters_per_1000_residents",-1.07919053946054,1.4410228151504
"separate_lasso_FL","min",6,2023,"coc_population_growth_rate_pct",-0.606481960455465,1.4410228151504
"separate_lasso_FL","min",6,2023,"coc_housing_supply_growth_rate_pct",0,1.4410228151504
"separate_lasso_FL","min",6,2023,"coc_poverty_all_pct",0,1.4410228151504
"separate_lasso_FL","min",6,2023,"coc_poverty_child_pct",-0.27314976647974,1.4410228151504
"separate_lasso_FL","min",6,2023,"coc_real_median_household_income_2025_usd",0,1.4410228151504
"separate_lasso_FL","min",6,2023,"coc_real_per_capita_personal_income_2025_usd",0,1.4410228151504
"separate_lasso_FL","min",6,2023,"coc_unemployment_rate_pct",0,1.4410228151504
"separate_lasso_FL","min",6,2023,"coc_high_school_graduate_pct",0,1.4410228151504
"separate_lasso_FL","min",6,2023,"coc_homeownership_rate_pct",0,1.4410228151504
"separate_lasso_FL","min",6,2023,"coc_housing_cost_burdened_households_pct",0,1.4410228151504
"separate_lasso_FL","min",6,2023,"coc_income_inequality_ratio",0,1.4410228151504
"separate_lasso_FL","min",6,2023,"coc_annual_hpi_change_pct",0,1.4410228151504
"separate_lasso_FL","min",6,2023,"coc_real_gdp_per_capita_2017_usd",0,1.4410228151504
"separate_lasso_FL","min",6,2023,"coc_real_gdp_quantity_index",0,1.4410228151504
"separate_lasso_FL","min",6,2023,"coc_relative_home_price_index_2000_base",0,1.4410228151504
"separate_lasso_FL","min",6,2023,"state_real_minimum_wage_2025_usd",0,1.4410228151504
"separate_lasso_FL","min",6,2023,"state_medicaid_expansion",0,1.4410228151504
"separate_lasso_FL","min",6,2023,"coc_hic_temporary_beds_per_10k",2.83471943019553,1.4410228151504
"separate_lasso_FL","min",6,2023,"coc_hic_psh_beds_per_10k",4.20815565995378,1.4410228151504
"separate_lasso_FL","min",6,2023,"state_anticamping_strictness",0,1.4410228151504
"separate_lasso_FL","min",6,2023,"state_tanf_max_benefit_3person",0,1.4410228151504
"separate_lasso_FL","min",6,2023,"state_ssi_state_supplement",0,1.4410228151504
"separate_lasso_FL","min",6,2023,"state_labor_force_participation_pct",0,1.4410228151504
"separate_lasso_FL","min",6,2023,"state_real_median_rent_2025_usd",0,1.4410228151504
"separate_lasso_FL","min",6,2023,"state_rental_vacancy_rate",0,1.4410228151504
"separate_lasso_FL","1se",6,2023,"(Intercept)",34.9605348303727,4.00973158309171
"separate_lasso_FL","1se",6,2023,"control_time_index",-2.17071825145628,4.00973158309171
"separate_lasso_FL","1se",6,2023,"coc_log_estimated_population",-4.89297815313918,4.00973158309171
"separate_lasso_FL","1se",6,2023,"coc_population_density_per_sq_mile",0,4.00973158309171
"separate_lasso_FL","1se",6,2023,"coc_contributing_counties",0,4.00973158309171
"separate_lasso_FL","1se",6,2023,"coc_contains_split_county_flag",0,4.00973158309171
"separate_lasso_FL","1se",6,2023,"coc_housing_units_per_1000_residents",0,4.00973158309171
"separate_lasso_FL","1se",6,2023,"coc_permits_per_1000_housing_units",0,4.00973158309171
"separate_lasso_FL","1se",6,2023,"coc_multifamily_permit_share_pct",0,4.00973158309171
"separate_lasso_FL","1se",6,2023,"coc_permits_value_per_1000_housing_units_2025_usd",0,4.00973158309171
"separate_lasso_FL","1se",6,2023,"coc_birth_rate_per_1000",0,4.00973158309171
"separate_lasso_FL","1se",6,2023,"coc_death_rate_per_1000",0,4.00973158309171
"separate_lasso_FL","1se",6,2023,"coc_international_migration_rate_per_1000",0,4.00973158309171
"separate_lasso_FL","1se",6,2023,"coc_domestic_migration_rate_per_1000",0,4.00973158309171
"separate_lasso_FL","1se",6,2023,"coc_group_quarters_per_1000_residents",0,4.00973158309171
"separate_lasso_FL","1se",6,2023,"coc_population_growth_rate_pct",0,4.00973158309171
"separate_lasso_FL","1se",6,2023,"coc_housing_supply_growth_rate_pct",0,4.00973158309171
"separate_lasso_FL","1se",6,2023,"coc_poverty_all_pct",0,4.00973158309171
"separate_lasso_FL","1se",6,2023,"coc_poverty_child_pct",0,4.00973158309171
"separate_lasso_FL","1se",6,2023,"coc_real_median_household_income_2025_usd",0,4.00973158309171
"separate_lasso_FL","1se",6,2023,"coc_real_per_capita_personal_income_2025_usd",0,4.00973158309171
"separate_lasso_FL","1se",6,2023,"coc_unemployment_rate_pct",0,4.00973158309171
"separate_lasso_FL","1se",6,2023,"coc_high_school_graduate_pct",0,4.00973158309171
"separate_lasso_FL","1se",6,2023,"coc_homeownership_rate_pct",0,4.00973158309171
"separate_lasso_FL","1se",6,2023,"coc_housing_cost_burdened_households_pct",0,4.00973158309171
"separate_lasso_FL","1se",6,2023,"coc_income_inequality_ratio",0,4.00973158309171
"separate_lasso_FL","1se",6,2023,"coc_annual_hpi_change_pct",0,4.00973158309171
"separate_lasso_FL","1se",6,2023,"coc_real_gdp_per_capita_2017_usd",0,4.00973158309171
"separate_lasso_FL","1se",6,2023,"coc_real_gdp_quantity_index",0,4.00973158309171
"separate_lasso_FL","1se",6,2023,"coc_relative_home_price_index_2000_base",0,4.00973158309171
"separate_lasso_FL","1se",6,2023,"state_real_minimum_wage_2025_usd",0,4.00973158309171
"separate_lasso_FL","1se",6,2023,"state_medicaid_expansion",0,4.00973158309171
"separate_lasso_FL","1se",6,2023,"coc_hic_temporary_beds_per_10k",3.83138097587662,4.00973158309171
"separate_lasso_FL","1se",6,2023,"coc_hic_psh_beds_per_10k",0.926810877732928,4.00973158309171
"separate_lasso_FL","1se",6,2023,"state_anticamping_strictness",0,4.00973158309171
"separate_lasso_FL","1se",6,2023,"state_tanf_max_benefit_3person",0,4.00973158309171
"separate_lasso_FL","1se",6,2023,"state_ssi_state_supplement",0,4.00973158309171
"separate_lasso_FL","1se",6,2023,"state_labor_force_participation_pct",0,4.00973158309171
"separate_lasso_FL","1se",6,2023,"state_real_median_rent_2025_usd",0,4.00973158309171
"separate_lasso_FL","1se",6,2023,"state_rental_vacancy_rate",0,4.00973158309171
"pooled_lasso","min",7,2024,"(Intercept)",39.9514316447597,1.02612463816201
"pooled_lasso","min",7,2024,"control_state_florida",-11.6055086572575,1.02612463816201
"pooled_lasso","min",7,2024,"control_time_index",-0.420551352103834,1.02612463816201
"pooled_lasso","min",7,2024,"coc_log_estimated_population",-6.04016625105533,1.02612463816201
"pooled_lasso","min",7,2024,"coc_population_density_per_sq_mile",-1.99699676821976,1.02612463816201
"pooled_lasso","min",7,2024,"coc_contributing_counties",0,1.02612463816201
"pooled_lasso","min",7,2024,"coc_contains_split_county_flag",0,1.02612463816201
"pooled_lasso","min",7,2024,"coc_housing_units_per_1000_residents",0.826461963994956,1.02612463816201
"pooled_lasso","min",7,2024,"coc_permits_per_1000_housing_units",0,1.02612463816201
"pooled_lasso","min",7,2024,"coc_multifamily_permit_share_pct",0,1.02612463816201
"pooled_lasso","min",7,2024,"coc_permits_value_per_1000_housing_units_2025_usd",0,1.02612463816201
"pooled_lasso","min",7,2024,"coc_birth_rate_per_1000",-0.0455616071176034,1.02612463816201
"pooled_lasso","min",7,2024,"coc_death_rate_per_1000",0.283488777811387,1.02612463816201
"pooled_lasso","min",7,2024,"coc_international_migration_rate_per_1000",-0.113367258906486,1.02612463816201
"pooled_lasso","min",7,2024,"coc_domestic_migration_rate_per_1000",0,1.02612463816201
"pooled_lasso","min",7,2024,"coc_group_quarters_per_1000_residents",0,1.02612463816201
"pooled_lasso","min",7,2024,"coc_population_growth_rate_pct",-1.06147601185404,1.02612463816201
"pooled_lasso","min",7,2024,"coc_housing_supply_growth_rate_pct",0,1.02612463816201
"pooled_lasso","min",7,2024,"coc_poverty_all_pct",0,1.02612463816201
"pooled_lasso","min",7,2024,"coc_poverty_child_pct",0,1.02612463816201
"pooled_lasso","min",7,2024,"coc_real_median_household_income_2025_usd",0,1.02612463816201
"pooled_lasso","min",7,2024,"coc_real_per_capita_personal_income_2025_usd",0,1.02612463816201
"pooled_lasso","min",7,2024,"coc_unemployment_rate_pct",0,1.02612463816201
"pooled_lasso","min",7,2024,"coc_high_school_graduate_pct",0,1.02612463816201
"pooled_lasso","min",7,2024,"coc_homeownership_rate_pct",0,1.02612463816201
"pooled_lasso","min",7,2024,"coc_housing_cost_burdened_households_pct",0.283927041940801,1.02612463816201
"pooled_lasso","min",7,2024,"coc_income_inequality_ratio",0,1.02612463816201
"pooled_lasso","min",7,2024,"coc_annual_hpi_change_pct",-0.501259518383339,1.02612463816201
"pooled_lasso","min",7,2024,"coc_real_gdp_per_capita_2017_usd",0,1.02612463816201
"pooled_lasso","min",7,2024,"coc_real_gdp_quantity_index",0,1.02612463816201
"pooled_lasso","min",7,2024,"coc_relative_home_price_index_2000_base",0,1.02612463816201
"pooled_lasso","min",7,2024,"state_real_minimum_wage_2025_usd",0,1.02612463816201
"pooled_lasso","min",7,2024,"state_medicaid_expansion",0,1.02612463816201
"pooled_lasso","min",7,2024,"coc_hic_temporary_beds_per_10k",7.06225399321329,1.02612463816201
"pooled_lasso","min",7,2024,"coc_hic_psh_beds_per_10k",8.72411457943918,1.02612463816201
"pooled_lasso","min",7,2024,"state_anticamping_strictness",-0.292618407359359,1.02612463816201
"pooled_lasso","min",7,2024,"state_tanf_max_benefit_3person",0,1.02612463816201
"pooled_lasso","min",7,2024,"state_ssi_state_supplement",0,1.02612463816201
"pooled_lasso","min",7,2024,"state_labor_force_participation_pct",0,1.02612463816201
"pooled_lasso","min",7,2024,"state_real_median_rent_2025_usd",0,1.02612463816201
"pooled_lasso","min",7,2024,"state_rental_vacancy_rate",0.542950166108371,1.02612463816201
"pooled_lasso","1se",7,2024,"(Intercept)",40.0199266226524,2.85525275975409
"pooled_lasso","1se",7,2024,"control_state_florida",-12.1998146859326,2.85525275975409
"pooled_lasso","1se",7,2024,"control_time_index",-0.39511658958718,2.85525275975409
"pooled_lasso","1se",7,2024,"coc_log_estimated_population",-4.49555400670305,2.85525275975409
"pooled_lasso","1se",7,2024,"coc_population_density_per_sq_mile",0,2.85525275975409
"pooled_lasso","1se",7,2024,"coc_contributing_counties",0,2.85525275975409
"pooled_lasso","1se",7,2024,"coc_contains_split_county_flag",0,2.85525275975409
"pooled_lasso","1se",7,2024,"coc_housing_units_per_1000_residents",0,2.85525275975409
"pooled_lasso","1se",7,2024,"coc_permits_per_1000_housing_units",0,2.85525275975409
"pooled_lasso","1se",7,2024,"coc_multifamily_permit_share_pct",0,2.85525275975409
"pooled_lasso","1se",7,2024,"coc_permits_value_per_1000_housing_units_2025_usd",0,2.85525275975409
"pooled_lasso","1se",7,2024,"coc_birth_rate_per_1000",0,2.85525275975409
"pooled_lasso","1se",7,2024,"coc_death_rate_per_1000",0,2.85525275975409
"pooled_lasso","1se",7,2024,"coc_international_migration_rate_per_1000",0,2.85525275975409
"pooled_lasso","1se",7,2024,"coc_domestic_migration_rate_per_1000",0,2.85525275975409
"pooled_lasso","1se",7,2024,"coc_group_quarters_per_1000_residents",0,2.85525275975409
"pooled_lasso","1se",7,2024,"coc_population_growth_rate_pct",0,2.85525275975409
"pooled_lasso","1se",7,2024,"coc_housing_supply_growth_rate_pct",0,2.85525275975409
"pooled_lasso","1se",7,2024,"coc_poverty_all_pct",0,2.85525275975409
"pooled_lasso","1se",7,2024,"coc_poverty_child_pct",0,2.85525275975409
"pooled_lasso","1se",7,2024,"coc_real_median_household_income_2025_usd",0,2.85525275975409
"pooled_lasso","1se",7,2024,"coc_real_per_capita_personal_income_2025_usd",0,2.85525275975409
"pooled_lasso","1se",7,2024,"coc_unemployment_rate_pct",0,2.85525275975409
"pooled_lasso","1se",7,2024,"coc_high_school_graduate_pct",0,2.85525275975409
"pooled_lasso","1se",7,2024,"coc_homeownership_rate_pct",0,2.85525275975409
"pooled_lasso","1se",7,2024,"coc_housing_cost_burdened_households_pct",0,2.85525275975409
"pooled_lasso","1se",7,2024,"coc_income_inequality_ratio",0,2.85525275975409
"pooled_lasso","1se",7,2024,"coc_annual_hpi_change_pct",0,2.85525275975409
"pooled_lasso","1se",7,2024,"coc_real_gdp_per_capita_2017_usd",0,2.85525275975409
"pooled_lasso","1se",7,2024,"coc_real_gdp_quantity_index",0,2.85525275975409
"pooled_lasso","1se",7,2024,"coc_relative_home_price_index_2000_base",0,2.85525275975409
"pooled_lasso","1se",7,2024,"state_real_minimum_wage_2025_usd",0,2.85525275975409
"pooled_lasso","1se",7,2024,"state_medicaid_expansion",0,2.85525275975409
"pooled_lasso","1se",7,2024,"coc_hic_temporary_beds_per_10k",7.27051681793908,2.85525275975409
"pooled_lasso","1se",7,2024,"coc_hic_psh_beds_per_10k",5.08139943161889,2.85525275975409
"pooled_lasso","1se",7,2024,"state_anticamping_strictness",0,2.85525275975409
"pooled_lasso","1se",7,2024,"state_tanf_max_benefit_3person",0,2.85525275975409
"pooled_lasso","1se",7,2024,"state_ssi_state_supplement",0,2.85525275975409
"pooled_lasso","1se",7,2024,"state_labor_force_participation_pct",0,2.85525275975409
"pooled_lasso","1se",7,2024,"state_real_median_rent_2025_usd",0,2.85525275975409
"pooled_lasso","1se",7,2024,"state_rental_vacancy_rate",0,2.85525275975409
"pooled_lasso_state_interactions","min",7,2024,"(Intercept)",33.8411943673536,0.499992139339912
"pooled_lasso_state_interactions","min",7,2024,"control_state_florida",-12.3306075494032,0.499992139339912
"pooled_lasso_state_interactions","min",7,2024,"control_time_index",0.250263834059872,0.499992139339912
"pooled_lasso_state_interactions","min",7,2024,"coc_log_estimated_population",-6.1647800810341,0.499992139339912
"pooled_lasso_state_interactions","min",7,2024,"coc_population_density_per_sq_mile",-5.01409712261476,0.499992139339912
"pooled_lasso_state_interactions","min",7,2024,"coc_contributing_counties",0,0.499992139339912
"pooled_lasso_state_interactions","min",7,2024,"coc_contains_split_county_flag",0,0.499992139339912
"pooled_lasso_state_interactions","min",7,2024,"coc_housing_units_per_1000_residents",2.00990819247294,0.499992139339912
"pooled_lasso_state_interactions","min",7,2024,"coc_permits_per_1000_housing_units",0,0.499992139339912
"pooled_lasso_state_interactions","min",7,2024,"coc_multifamily_permit_share_pct",0,0.499992139339912
"pooled_lasso_state_interactions","min",7,2024,"coc_permits_value_per_1000_housing_units_2025_usd",-0.0805542061889932,0.499992139339912
"pooled_lasso_state_interactions","min",7,2024,"coc_birth_rate_per_1000",0,0.499992139339912
"pooled_lasso_state_interactions","min",7,2024,"coc_death_rate_per_1000",0,0.499992139339912
"pooled_lasso_state_interactions","min",7,2024,"coc_international_migration_rate_per_1000",-0.258401104850692,0.499992139339912
"pooled_lasso_state_interactions","min",7,2024,"coc_domestic_migration_rate_per_1000",0,0.499992139339912
"pooled_lasso_state_interactions","min",7,2024,"coc_group_quarters_per_1000_residents",0.571193025948008,0.499992139339912
"pooled_lasso_state_interactions","min",7,2024,"coc_population_growth_rate_pct",-1.30501208316801,0.499992139339912
"pooled_lasso_state_interactions","min",7,2024,"coc_housing_supply_growth_rate_pct",0,0.499992139339912
"pooled_lasso_state_interactions","min",7,2024,"coc_poverty_all_pct",0,0.499992139339912
"pooled_lasso_state_interactions","min",7,2024,"coc_poverty_child_pct",0,0.499992139339912
"pooled_lasso_state_interactions","min",7,2024,"coc_real_median_household_income_2025_usd",0,0.499992139339912
"pooled_lasso_state_interactions","min",7,2024,"coc_real_per_capita_personal_income_2025_usd",-0.06757546703764,0.499992139339912
"pooled_lasso_state_interactions","min",7,2024,"coc_unemployment_rate_pct",0,0.499992139339912
"pooled_lasso_state_interactions","min",7,2024,"coc_high_school_graduate_pct",0,0.499992139339912
"pooled_lasso_state_interactions","min",7,2024,"coc_homeownership_rate_pct",0,0.499992139339912
"pooled_lasso_state_interactions","min",7,2024,"coc_housing_cost_burdened_households_pct",4.61960746928754,0.499992139339912
"pooled_lasso_state_interactions","min",7,2024,"coc_income_inequality_ratio",0,0.499992139339912
"pooled_lasso_state_interactions","min",7,2024,"coc_annual_hpi_change_pct",-0.97162541802994,0.499992139339912
"pooled_lasso_state_interactions","min",7,2024,"coc_real_gdp_per_capita_2017_usd",0,0.499992139339912
"pooled_lasso_state_interactions","min",7,2024,"coc_real_gdp_quantity_index",0.744573389757486,0.499992139339912
"pooled_lasso_state_interactions","min",7,2024,"coc_relative_home_price_index_2000_base",0,0.499992139339912
"pooled_lasso_state_interactions","min",7,2024,"state_real_minimum_wage_2025_usd",0,0.499992139339912
"pooled_lasso_state_interactions","min",7,2024,"state_medicaid_expansion",0,0.499992139339912
"pooled_lasso_state_interactions","min",7,2024,"coc_hic_temporary_beds_per_10k",9.96138050121037,0.499992139339912
"pooled_lasso_state_interactions","min",7,2024,"coc_hic_psh_beds_per_10k",11.0353748417775,0.499992139339912
"pooled_lasso_state_interactions","min",7,2024,"state_anticamping_strictness",0,0.499992139339912
"pooled_lasso_state_interactions","min",7,2024,"state_tanf_max_benefit_3person",0,0.499992139339912
"pooled_lasso_state_interactions","min",7,2024,"state_ssi_state_supplement",0,0.499992139339912
"pooled_lasso_state_interactions","min",7,2024,"state_labor_force_participation_pct",0,0.499992139339912
"pooled_lasso_state_interactions","min",7,2024,"state_real_median_rent_2025_usd",0,0.499992139339912
"pooled_lasso_state_interactions","min",7,2024,"state_rental_vacancy_rate",0,0.499992139339912
"pooled_lasso_state_interactions","min",7,2024,"coc_log_estimated_population:FL",0,0.499992139339912
"pooled_lasso_state_interactions","min",7,2024,"coc_population_density_per_sq_mile:FL",0,0.499992139339912
"pooled_lasso_state_interactions","min",7,2024,"coc_contributing_counties:FL",0,0.499992139339912
"pooled_lasso_state_interactions","min",7,2024,"coc_contains_split_county_flag:FL",-0.146405670523575,0.499992139339912
"pooled_lasso_state_interactions","min",7,2024,"coc_housing_units_per_1000_residents:FL",0,0.499992139339912
"pooled_lasso_state_interactions","min",7,2024,"coc_permits_per_1000_housing_units:FL",0,0.499992139339912
"pooled_lasso_state_interactions","min",7,2024,"coc_multifamily_permit_share_pct:FL",-1.34240610468056,0.499992139339912
"pooled_lasso_state_interactions","min",7,2024,"coc_permits_value_per_1000_housing_units_2025_usd:FL",0,0.499992139339912
"pooled_lasso_state_interactions","min",7,2024,"coc_birth_rate_per_1000:FL",0,0.499992139339912
"pooled_lasso_state_interactions","min",7,2024,"coc_death_rate_per_1000:FL",0,0.499992139339912
"pooled_lasso_state_interactions","min",7,2024,"coc_international_migration_rate_per_1000:FL",0,0.499992139339912
"pooled_lasso_state_interactions","min",7,2024,"coc_domestic_migration_rate_per_1000:FL",0,0.499992139339912
"pooled_lasso_state_interactions","min",7,2024,"coc_group_quarters_per_1000_residents:FL",-0.0972621724247667,0.499992139339912
"pooled_lasso_state_interactions","min",7,2024,"coc_population_growth_rate_pct:FL",0,0.499992139339912
"pooled_lasso_state_interactions","min",7,2024,"coc_housing_supply_growth_rate_pct:FL",0,0.499992139339912
"pooled_lasso_state_interactions","min",7,2024,"coc_poverty_all_pct:FL",0,0.499992139339912
"pooled_lasso_state_interactions","min",7,2024,"coc_poverty_child_pct:FL",0,0.499992139339912
"pooled_lasso_state_interactions","min",7,2024,"coc_real_median_household_income_2025_usd:FL",0,0.499992139339912
"pooled_lasso_state_interactions","min",7,2024,"coc_real_per_capita_personal_income_2025_usd:FL",0,0.499992139339912
"pooled_lasso_state_interactions","min",7,2024,"coc_unemployment_rate_pct:FL",0,0.499992139339912
"pooled_lasso_state_interactions","min",7,2024,"coc_high_school_graduate_pct:FL",0,0.499992139339912
"pooled_lasso_state_interactions","min",7,2024,"coc_homeownership_rate_pct:FL",3.12138876568619,0.499992139339912
"pooled_lasso_state_interactions","min",7,2024,"coc_housing_cost_burdened_households_pct:FL",0,0.499992139339912
"pooled_lasso_state_interactions","min",7,2024,"coc_income_inequality_ratio:FL",-1.16036510283975,0.499992139339912
"pooled_lasso_state_interactions","min",7,2024,"coc_annual_hpi_change_pct:FL",0,0.499992139339912
"pooled_lasso_state_interactions","min",7,2024,"coc_real_gdp_per_capita_2017_usd:FL",0,0.499992139339912
"pooled_lasso_state_interactions","min",7,2024,"coc_real_gdp_quantity_index:FL",-0.480389953440282,0.499992139339912
"pooled_lasso_state_interactions","min",7,2024,"coc_relative_home_price_index_2000_base:FL",0,0.499992139339912
"pooled_lasso_state_interactions","min",7,2024,"state_real_minimum_wage_2025_usd:FL",0,0.499992139339912
"pooled_lasso_state_interactions","min",7,2024,"state_medicaid_expansion:FL",0,0.499992139339912
"pooled_lasso_state_interactions","min",7,2024,"coc_hic_temporary_beds_per_10k:FL",-5.91370372129905,0.499992139339912
"pooled_lasso_state_interactions","min",7,2024,"coc_hic_psh_beds_per_10k:FL",0,0.499992139339912
"pooled_lasso_state_interactions","min",7,2024,"state_anticamping_strictness:FL",0,0.499992139339912
"pooled_lasso_state_interactions","min",7,2024,"state_tanf_max_benefit_3person:FL",0,0.499992139339912
"pooled_lasso_state_interactions","min",7,2024,"state_ssi_state_supplement:FL",0,0.499992139339912
"pooled_lasso_state_interactions","min",7,2024,"state_labor_force_participation_pct:FL",0,0.499992139339912
"pooled_lasso_state_interactions","min",7,2024,"state_real_median_rent_2025_usd:FL",0,0.499992139339912
"pooled_lasso_state_interactions","min",7,2024,"state_rental_vacancy_rate:FL",2.08133989235813,0.499992139339912
"pooled_lasso_state_interactions","1se",7,2024,"(Intercept)",37.9258939389674,0.958940054795599
"pooled_lasso_state_interactions","1se",7,2024,"control_state_florida",-12.4262949361849,0.958940054795599
"pooled_lasso_state_interactions","1se",7,2024,"control_time_index",-0.196026193771517,0.958940054795599
"pooled_lasso_state_interactions","1se",7,2024,"coc_log_estimated_population",-5.99192095919293,0.958940054795599
"pooled_lasso_state_interactions","1se",7,2024,"coc_population_density_per_sq_mile",-2.52921421444181,0.958940054795599
"pooled_lasso_state_interactions","1se",7,2024,"coc_contributing_counties",0,0.958940054795599
"pooled_lasso_state_interactions","1se",7,2024,"coc_contains_split_county_flag",0,0.958940054795599
"pooled_lasso_state_interactions","1se",7,2024,"coc_housing_units_per_1000_residents",1.27040825101018,0.958940054795599
"pooled_lasso_state_interactions","1se",7,2024,"coc_permits_per_1000_housing_units",0,0.958940054795599
"pooled_lasso_state_interactions","1se",7,2024,"coc_multifamily_permit_share_pct",0,0.958940054795599
"pooled_lasso_state_interactions","1se",7,2024,"coc_permits_value_per_1000_housing_units_2025_usd",0,0.958940054795599
"pooled_lasso_state_interactions","1se",7,2024,"coc_birth_rate_per_1000",0,0.958940054795599
"pooled_lasso_state_interactions","1se",7,2024,"coc_death_rate_per_1000",0,0.958940054795599
"pooled_lasso_state_interactions","1se",7,2024,"coc_international_migration_rate_per_1000",-0.325329584665233,0.958940054795599
"pooled_lasso_state_interactions","1se",7,2024,"coc_domestic_migration_rate_per_1000",0,0.958940054795599
"pooled_lasso_state_interactions","1se",7,2024,"coc_group_quarters_per_1000_residents",0,0.958940054795599
"pooled_lasso_state_interactions","1se",7,2024,"coc_population_growth_rate_pct",-1.06986202671447,0.958940054795599
"pooled_lasso_state_interactions","1se",7,2024,"coc_housing_supply_growth_rate_pct",0,0.958940054795599
"pooled_lasso_state_interactions","1se",7,2024,"coc_poverty_all_pct",0,0.958940054795599
"pooled_lasso_state_interactions","1se",7,2024,"coc_poverty_child_pct",0,0.958940054795599
"pooled_lasso_state_interactions","1se",7,2024,"coc_real_median_household_income_2025_usd",0,0.958940054795599
"pooled_lasso_state_interactions","1se",7,2024,"coc_real_per_capita_personal_income_2025_usd",0,0.958940054795599
"pooled_lasso_state_interactions","1se",7,2024,"coc_unemployment_rate_pct",0,0.958940054795599
"pooled_lasso_state_interactions","1se",7,2024,"coc_high_school_graduate_pct",0,0.958940054795599
"pooled_lasso_state_interactions","1se",7,2024,"coc_homeownership_rate_pct",0,0.958940054795599
"pooled_lasso_state_interactions","1se",7,2024,"coc_housing_cost_burdened_households_pct",1.01756408528755,0.958940054795599
"pooled_lasso_state_interactions","1se",7,2024,"coc_income_inequality_ratio",0,0.958940054795599
"pooled_lasso_state_interactions","1se",7,2024,"coc_annual_hpi_change_pct",-0.467823207953489,0.958940054795599
"pooled_lasso_state_interactions","1se",7,2024,"coc_real_gdp_per_capita_2017_usd",0,0.958940054795599
"pooled_lasso_state_interactions","1se",7,2024,"coc_real_gdp_quantity_index",0,0.958940054795599
"pooled_lasso_state_interactions","1se",7,2024,"coc_relative_home_price_index_2000_base",0,0.958940054795599
"pooled_lasso_state_interactions","1se",7,2024,"state_real_minimum_wage_2025_usd",0,0.958940054795599
"pooled_lasso_state_interactions","1se",7,2024,"state_medicaid_expansion",0,0.958940054795599
"pooled_lasso_state_interactions","1se",7,2024,"coc_hic_temporary_beds_per_10k",8.31355558469502,0.958940054795599
"pooled_lasso_state_interactions","1se",7,2024,"coc_hic_psh_beds_per_10k",8.94842311416033,0.958940054795599
"pooled_lasso_state_interactions","1se",7,2024,"state_anticamping_strictness",0,0.958940054795599
"pooled_lasso_state_interactions","1se",7,2024,"state_tanf_max_benefit_3person",0,0.958940054795599
"pooled_lasso_state_interactions","1se",7,2024,"state_ssi_state_supplement",0,0.958940054795599
"pooled_lasso_state_interactions","1se",7,2024,"state_labor_force_participation_pct",0,0.958940054795599
"pooled_lasso_state_interactions","1se",7,2024,"state_real_median_rent_2025_usd",0,0.958940054795599
"pooled_lasso_state_interactions","1se",7,2024,"state_rental_vacancy_rate",0,0.958940054795599
"pooled_lasso_state_interactions","1se",7,2024,"coc_log_estimated_population:FL",0,0.958940054795599
"pooled_lasso_state_interactions","1se",7,2024,"coc_population_density_per_sq_mile:FL",0,0.958940054795599
"pooled_lasso_state_interactions","1se",7,2024,"coc_contributing_counties:FL",0,0.958940054795599
"pooled_lasso_state_interactions","1se",7,2024,"coc_contains_split_county_flag:FL",0,0.958940054795599
"pooled_lasso_state_interactions","1se",7,2024,"coc_housing_units_per_1000_residents:FL",0,0.958940054795599
"pooled_lasso_state_interactions","1se",7,2024,"coc_permits_per_1000_housing_units:FL",0,0.958940054795599
"pooled_lasso_state_interactions","1se",7,2024,"coc_multifamily_permit_share_pct:FL",0,0.958940054795599
"pooled_lasso_state_interactions","1se",7,2024,"coc_permits_value_per_1000_housing_units_2025_usd:FL",0,0.958940054795599
"pooled_lasso_state_interactions","1se",7,2024,"coc_birth_rate_per_1000:FL",0,0.958940054795599
"pooled_lasso_state_interactions","1se",7,2024,"coc_death_rate_per_1000:FL",0,0.958940054795599
"pooled_lasso_state_interactions","1se",7,2024,"coc_international_migration_rate_per_1000:FL",0,0.958940054795599
"pooled_lasso_state_interactions","1se",7,2024,"coc_domestic_migration_rate_per_1000:FL",0,0.958940054795599
"pooled_lasso_state_interactions","1se",7,2024,"coc_group_quarters_per_1000_residents:FL",0,0.958940054795599
"pooled_lasso_state_interactions","1se",7,2024,"coc_population_growth_rate_pct:FL",0,0.958940054795599
"pooled_lasso_state_interactions","1se",7,2024,"coc_housing_supply_growth_rate_pct:FL",0,0.958940054795599
"pooled_lasso_state_interactions","1se",7,2024,"coc_poverty_all_pct:FL",0,0.958940054795599
"pooled_lasso_state_interactions","1se",7,2024,"coc_poverty_child_pct:FL",0,0.958940054795599
"pooled_lasso_state_interactions","1se",7,2024,"coc_real_median_household_income_2025_usd:FL",0,0.958940054795599
"pooled_lasso_state_interactions","1se",7,2024,"coc_real_per_capita_personal_income_2025_usd:FL",0,0.958940054795599
"pooled_lasso_state_interactions","1se",7,2024,"coc_unemployment_rate_pct:FL",0,0.958940054795599
"pooled_lasso_state_interactions","1se",7,2024,"coc_high_school_graduate_pct:FL",0,0.958940054795599
"pooled_lasso_state_interactions","1se",7,2024,"coc_homeownership_rate_pct:FL",0.37910839347809,0.958940054795599
"pooled_lasso_state_interactions","1se",7,2024,"coc_housing_cost_burdened_households_pct:FL",0,0.958940054795599
"pooled_lasso_state_interactions","1se",7,2024,"coc_income_inequality_ratio:FL",0,0.958940054795599
"pooled_lasso_state_interactions","1se",7,2024,"coc_annual_hpi_change_pct:FL",0,0.958940054795599
"pooled_lasso_state_interactions","1se",7,2024,"coc_real_gdp_per_capita_2017_usd:FL",0,0.958940054795599
"pooled_lasso_state_interactions","1se",7,2024,"coc_real_gdp_quantity_index:FL",0,0.958940054795599
"pooled_lasso_state_interactions","1se",7,2024,"coc_relative_home_price_index_2000_base:FL",0,0.958940054795599
"pooled_lasso_state_interactions","1se",7,2024,"state_real_minimum_wage_2025_usd:FL",0,0.958940054795599
"pooled_lasso_state_interactions","1se",7,2024,"state_medicaid_expansion:FL",0,0.958940054795599
"pooled_lasso_state_interactions","1se",7,2024,"coc_hic_temporary_beds_per_10k:FL",-2.29767225610782,0.958940054795599
"pooled_lasso_state_interactions","1se",7,2024,"coc_hic_psh_beds_per_10k:FL",0,0.958940054795599
"pooled_lasso_state_interactions","1se",7,2024,"state_anticamping_strictness:FL",0,0.958940054795599
"pooled_lasso_state_interactions","1se",7,2024,"state_tanf_max_benefit_3person:FL",0,0.958940054795599
"pooled_lasso_state_interactions","1se",7,2024,"state_ssi_state_supplement:FL",0,0.958940054795599
"pooled_lasso_state_interactions","1se",7,2024,"state_labor_force_participation_pct:FL",0,0.958940054795599
"pooled_lasso_state_interactions","1se",7,2024,"state_real_median_rent_2025_usd:FL",0,0.958940054795599
"pooled_lasso_state_interactions","1se",7,2024,"state_rental_vacancy_rate:FL",1.70182935177525,0.958940054795599
"separate_lasso_CA","min",7,2024,"(Intercept)",33.8568060871501,1.27135423598507
"separate_lasso_CA","min",7,2024,"control_time_index",0.891916062044746,1.27135423598507
"separate_lasso_CA","min",7,2024,"coc_log_estimated_population",-3.20260245329873,1.27135423598507
"separate_lasso_CA","min",7,2024,"coc_population_density_per_sq_mile",-2.53270444424384,1.27135423598507
"separate_lasso_CA","min",7,2024,"coc_contributing_counties",-1.72207643710656,1.27135423598507
"separate_lasso_CA","min",7,2024,"coc_contains_split_county_flag",0,1.27135423598507
"separate_lasso_CA","min",7,2024,"coc_housing_units_per_1000_residents",3.50365999574028,1.27135423598507
"separate_lasso_CA","min",7,2024,"coc_permits_per_1000_housing_units",0,1.27135423598507
"separate_lasso_CA","min",7,2024,"coc_multifamily_permit_share_pct",0,1.27135423598507
"separate_lasso_CA","min",7,2024,"coc_permits_value_per_1000_housing_units_2025_usd",-2.53131355447126,1.27135423598507
"separate_lasso_CA","min",7,2024,"coc_birth_rate_per_1000",0,1.27135423598507
"separate_lasso_CA","min",7,2024,"coc_death_rate_per_1000",0,1.27135423598507
"separate_lasso_CA","min",7,2024,"coc_international_migration_rate_per_1000",-0.363636785949414,1.27135423598507
"separate_lasso_CA","min",7,2024,"coc_domestic_migration_rate_per_1000",0,1.27135423598507
"separate_lasso_CA","min",7,2024,"coc_group_quarters_per_1000_residents",1.88490539201045,1.27135423598507
"separate_lasso_CA","min",7,2024,"coc_population_growth_rate_pct",-0.78247560808115,1.27135423598507
"separate_lasso_CA","min",7,2024,"coc_housing_supply_growth_rate_pct",0,1.27135423598507
"separate_lasso_CA","min",7,2024,"coc_poverty_all_pct",0,1.27135423598507
"separate_lasso_CA","min",7,2024,"coc_poverty_child_pct",0,1.27135423598507
"separate_lasso_CA","min",7,2024,"coc_real_median_household_income_2025_usd",0,1.27135423598507
"separate_lasso_CA","min",7,2024,"coc_real_per_capita_personal_income_2025_usd",0,1.27135423598507
"separate_lasso_CA","min",7,2024,"coc_unemployment_rate_pct",0,1.27135423598507
"separate_lasso_CA","min",7,2024,"coc_high_school_graduate_pct",0,1.27135423598507
"separate_lasso_CA","min",7,2024,"coc_homeownership_rate_pct",0,1.27135423598507
"separate_lasso_CA","min",7,2024,"coc_housing_cost_burdened_households_pct",2.82259620149331,1.27135423598507
"separate_lasso_CA","min",7,2024,"coc_income_inequality_ratio",0,1.27135423598507
"separate_lasso_CA","min",7,2024,"coc_annual_hpi_change_pct",0,1.27135423598507
"separate_lasso_CA","min",7,2024,"coc_real_gdp_per_capita_2017_usd",0,1.27135423598507
"separate_lasso_CA","min",7,2024,"coc_real_gdp_quantity_index",0.0872276104943609,1.27135423598507
"separate_lasso_CA","min",7,2024,"coc_relative_home_price_index_2000_base",0,1.27135423598507
"separate_lasso_CA","min",7,2024,"state_real_minimum_wage_2025_usd",0,1.27135423598507
"separate_lasso_CA","min",7,2024,"state_medicaid_expansion",0,1.27135423598507
"separate_lasso_CA","min",7,2024,"coc_hic_temporary_beds_per_10k",10.3221105052155,1.27135423598507
"separate_lasso_CA","min",7,2024,"coc_hic_psh_beds_per_10k",8.2135115972662,1.27135423598507
"separate_lasso_CA","min",7,2024,"state_anticamping_strictness",0,1.27135423598507
"separate_lasso_CA","min",7,2024,"state_tanf_max_benefit_3person",0,1.27135423598507
"separate_lasso_CA","min",7,2024,"state_ssi_state_supplement",0,1.27135423598507
"separate_lasso_CA","min",7,2024,"state_labor_force_participation_pct",0,1.27135423598507
"separate_lasso_CA","min",7,2024,"state_real_median_rent_2025_usd",0,1.27135423598507
"separate_lasso_CA","min",7,2024,"state_rental_vacancy_rate",0,1.27135423598507
"separate_lasso_CA","1se",7,2024,"(Intercept)",35.329843644521,2.43834333541655
"separate_lasso_CA","1se",7,2024,"control_time_index",0.657995871225583,2.43834333541655
"separate_lasso_CA","1se",7,2024,"coc_log_estimated_population",-2.51261489929252,2.43834333541655
"separate_lasso_CA","1se",7,2024,"coc_population_density_per_sq_mile",0,2.43834333541655
"separate_lasso_CA","1se",7,2024,"coc_contributing_counties",0,2.43834333541655
"separate_lasso_CA","1se",7,2024,"coc_contains_split_county_flag",0,2.43834333541655
"separate_lasso_CA","1se",7,2024,"coc_housing_units_per_1000_residents",1.95922804588209,2.43834333541655
"separate_lasso_CA","1se",7,2024,"coc_permits_per_1000_housing_units",0,2.43834333541655
"separate_lasso_CA","1se",7,2024,"coc_multifamily_permit_share_pct",0,2.43834333541655
"separate_lasso_CA","1se",7,2024,"coc_permits_value_per_1000_housing_units_2025_usd",-2.22901841924251,2.43834333541655
"separate_lasso_CA","1se",7,2024,"coc_birth_rate_per_1000",0,2.43834333541655
"separate_lasso_CA","1se",7,2024,"coc_death_rate_per_1000",0,2.43834333541655
"separate_lasso_CA","1se",7,2024,"coc_international_migration_rate_per_1000",0,2.43834333541655
"separate_lasso_CA","1se",7,2024,"coc_domestic_migration_rate_per_1000",0,2.43834333541655
"separate_lasso_CA","1se",7,2024,"coc_group_quarters_per_1000_residents",0.94276108047451,2.43834333541655
"separate_lasso_CA","1se",7,2024,"coc_population_growth_rate_pct",-0.0236234096725356,2.43834333541655
"separate_lasso_CA","1se",7,2024,"coc_housing_supply_growth_rate_pct",0,2.43834333541655
"separate_lasso_CA","1se",7,2024,"coc_poverty_all_pct",0,2.43834333541655
"separate_lasso_CA","1se",7,2024,"coc_poverty_child_pct",0,2.43834333541655
"separate_lasso_CA","1se",7,2024,"coc_real_median_household_income_2025_usd",0,2.43834333541655
"separate_lasso_CA","1se",7,2024,"coc_real_per_capita_personal_income_2025_usd",0,2.43834333541655
"separate_lasso_CA","1se",7,2024,"coc_unemployment_rate_pct",0,2.43834333541655
"separate_lasso_CA","1se",7,2024,"coc_high_school_graduate_pct",0,2.43834333541655
"separate_lasso_CA","1se",7,2024,"coc_homeownership_rate_pct",0,2.43834333541655
"separate_lasso_CA","1se",7,2024,"coc_housing_cost_burdened_households_pct",0.463483432130178,2.43834333541655
"separate_lasso_CA","1se",7,2024,"coc_income_inequality_ratio",0,2.43834333541655
"separate_lasso_CA","1se",7,2024,"coc_annual_hpi_change_pct",0,2.43834333541655
"separate_lasso_CA","1se",7,2024,"coc_real_gdp_per_capita_2017_usd",0,2.43834333541655
"separate_lasso_CA","1se",7,2024,"coc_real_gdp_quantity_index",0,2.43834333541655
"separate_lasso_CA","1se",7,2024,"coc_relative_home_price_index_2000_base",0,2.43834333541655
"separate_lasso_CA","1se",7,2024,"state_real_minimum_wage_2025_usd",0,2.43834333541655
"separate_lasso_CA","1se",7,2024,"state_medicaid_expansion",0,2.43834333541655
"separate_lasso_CA","1se",7,2024,"coc_hic_temporary_beds_per_10k",10.0462625621251,2.43834333541655
"separate_lasso_CA","1se",7,2024,"coc_hic_psh_beds_per_10k",5.51387428603185,2.43834333541655
"separate_lasso_CA","1se",7,2024,"state_anticamping_strictness",0,2.43834333541655
"separate_lasso_CA","1se",7,2024,"state_tanf_max_benefit_3person",0,2.43834333541655
"separate_lasso_CA","1se",7,2024,"state_ssi_state_supplement",0,2.43834333541655
"separate_lasso_CA","1se",7,2024,"state_labor_force_participation_pct",0,2.43834333541655
"separate_lasso_CA","1se",7,2024,"state_real_median_rent_2025_usd",0,2.43834333541655
"separate_lasso_CA","1se",7,2024,"state_rental_vacancy_rate",0,2.43834333541655
"separate_lasso_FL","min",7,2024,"(Intercept)",33.8240824793609,1.5356508327776
"separate_lasso_FL","min",7,2024,"control_time_index",-1.87260120271855,1.5356508327776
"separate_lasso_FL","min",7,2024,"coc_log_estimated_population",-7.3290665073329,1.5356508327776
"separate_lasso_FL","min",7,2024,"coc_population_density_per_sq_mile",0,1.5356508327776
"separate_lasso_FL","min",7,2024,"coc_contributing_counties",0,1.5356508327776
"separate_lasso_FL","min",7,2024,"coc_contains_split_county_flag",-0.145901750624036,1.5356508327776
"separate_lasso_FL","min",7,2024,"coc_housing_units_per_1000_residents",0,1.5356508327776
"separate_lasso_FL","min",7,2024,"coc_permits_per_1000_housing_units",0,1.5356508327776
"separate_lasso_FL","min",7,2024,"coc_multifamily_permit_share_pct",0,1.5356508327776
"separate_lasso_FL","min",7,2024,"coc_permits_value_per_1000_housing_units_2025_usd",0,1.5356508327776
"separate_lasso_FL","min",7,2024,"coc_birth_rate_per_1000",0,1.5356508327776
"separate_lasso_FL","min",7,2024,"coc_death_rate_per_1000",0,1.5356508327776
"separate_lasso_FL","min",7,2024,"coc_international_migration_rate_per_1000",0,1.5356508327776
"separate_lasso_FL","min",7,2024,"coc_domestic_migration_rate_per_1000",0,1.5356508327776
"separate_lasso_FL","min",7,2024,"coc_group_quarters_per_1000_residents",-0.31704591477624,1.5356508327776
"separate_lasso_FL","min",7,2024,"coc_population_growth_rate_pct",0,1.5356508327776
"separate_lasso_FL","min",7,2024,"coc_housing_supply_growth_rate_pct",0,1.5356508327776
"separate_lasso_FL","min",7,2024,"coc_poverty_all_pct",0,1.5356508327776
"separate_lasso_FL","min",7,2024,"coc_poverty_child_pct",0,1.5356508327776
"separate_lasso_FL","min",7,2024,"coc_real_median_household_income_2025_usd",0,1.5356508327776
"separate_lasso_FL","min",7,2024,"coc_real_per_capita_personal_income_2025_usd",0,1.5356508327776
"separate_lasso_FL","min",7,2024,"coc_unemployment_rate_pct",0,1.5356508327776
"separate_lasso_FL","min",7,2024,"coc_high_school_graduate_pct",0,1.5356508327776
"separate_lasso_FL","min",7,2024,"coc_homeownership_rate_pct",0,1.5356508327776
"separate_lasso_FL","min",7,2024,"coc_housing_cost_burdened_households_pct",0,1.5356508327776
"separate_lasso_FL","min",7,2024,"coc_income_inequality_ratio",0,1.5356508327776
"separate_lasso_FL","min",7,2024,"coc_annual_hpi_change_pct",0,1.5356508327776
"separate_lasso_FL","min",7,2024,"coc_real_gdp_per_capita_2017_usd",0,1.5356508327776
"separate_lasso_FL","min",7,2024,"coc_real_gdp_quantity_index",0,1.5356508327776
"separate_lasso_FL","min",7,2024,"coc_relative_home_price_index_2000_base",0.412883858115344,1.5356508327776
"separate_lasso_FL","min",7,2024,"state_real_minimum_wage_2025_usd",0,1.5356508327776
"separate_lasso_FL","min",7,2024,"state_medicaid_expansion",0,1.5356508327776
"separate_lasso_FL","min",7,2024,"coc_hic_temporary_beds_per_10k",3.66667968381237,1.5356508327776
"separate_lasso_FL","min",7,2024,"coc_hic_psh_beds_per_10k",3.31720015315481,1.5356508327776
"separate_lasso_FL","min",7,2024,"state_anticamping_strictness",0,1.5356508327776
"separate_lasso_FL","min",7,2024,"state_tanf_max_benefit_3person",0,1.5356508327776
"separate_lasso_FL","min",7,2024,"state_ssi_state_supplement",0,1.5356508327776
"separate_lasso_FL","min",7,2024,"state_labor_force_participation_pct",0,1.5356508327776
"separate_lasso_FL","min",7,2024,"state_real_median_rent_2025_usd",0,1.5356508327776
"separate_lasso_FL","min",7,2024,"state_rental_vacancy_rate",0,1.5356508327776
"separate_lasso_FL","1se",7,2024,"(Intercept)",32.9487103162835,4.27303966325252
"separate_lasso_FL","1se",7,2024,"control_time_index",-1.73099688222073,4.27303966325252
"separate_lasso_FL","1se",7,2024,"coc_log_estimated_population",-4.17804047424192,4.27303966325252
"separate_lasso_FL","1se",7,2024,"coc_population_density_per_sq_mile",0,4.27303966325252
"separate_lasso_FL","1se",7,2024,"coc_contributing_counties",0,4.27303966325252
"separate_lasso_FL","1se",7,2024,"coc_contains_split_county_flag",0,4.27303966325252
"separate_lasso_FL","1se",7,2024,"coc_housing_units_per_1000_residents",0,4.27303966325252
"separate_lasso_FL","1se",7,2024,"coc_permits_per_1000_housing_units",0,4.27303966325252
"separate_lasso_FL","1se",7,2024,"coc_multifamily_permit_share_pct",0,4.27303966325252
"separate_lasso_FL","1se",7,2024,"coc_permits_value_per_1000_housing_units_2025_usd",0,4.27303966325252
"separate_lasso_FL","1se",7,2024,"coc_birth_rate_per_1000",0,4.27303966325252
"separate_lasso_FL","1se",7,2024,"coc_death_rate_per_1000",0,4.27303966325252
"separate_lasso_FL","1se",7,2024,"coc_international_migration_rate_per_1000",0,4.27303966325252
"separate_lasso_FL","1se",7,2024,"coc_domestic_migration_rate_per_1000",0,4.27303966325252
"separate_lasso_FL","1se",7,2024,"coc_group_quarters_per_1000_residents",0,4.27303966325252
"separate_lasso_FL","1se",7,2024,"coc_population_growth_rate_pct",0,4.27303966325252
"separate_lasso_FL","1se",7,2024,"coc_housing_supply_growth_rate_pct",0,4.27303966325252
"separate_lasso_FL","1se",7,2024,"coc_poverty_all_pct",0,4.27303966325252
"separate_lasso_FL","1se",7,2024,"coc_poverty_child_pct",0,4.27303966325252
"separate_lasso_FL","1se",7,2024,"coc_real_median_household_income_2025_usd",0,4.27303966325252
"separate_lasso_FL","1se",7,2024,"coc_real_per_capita_personal_income_2025_usd",0,4.27303966325252
"separate_lasso_FL","1se",7,2024,"coc_unemployment_rate_pct",0,4.27303966325252
"separate_lasso_FL","1se",7,2024,"coc_high_school_graduate_pct",0,4.27303966325252
"separate_lasso_FL","1se",7,2024,"coc_homeownership_rate_pct",0,4.27303966325252
"separate_lasso_FL","1se",7,2024,"coc_housing_cost_burdened_households_pct",0,4.27303966325252
"separate_lasso_FL","1se",7,2024,"coc_income_inequality_ratio",0,4.27303966325252
"separate_lasso_FL","1se",7,2024,"coc_annual_hpi_change_pct",0,4.27303966325252
"separate_lasso_FL","1se",7,2024,"coc_real_gdp_per_capita_2017_usd",0,4.27303966325252
"separate_lasso_FL","1se",7,2024,"coc_real_gdp_quantity_index",0,4.27303966325252
"separate_lasso_FL","1se",7,2024,"coc_relative_home_price_index_2000_base",0,4.27303966325252
"separate_lasso_FL","1se",7,2024,"state_real_minimum_wage_2025_usd",0,4.27303966325252
"separate_lasso_FL","1se",7,2024,"state_medicaid_expansion",0,4.27303966325252
"separate_lasso_FL","1se",7,2024,"coc_hic_temporary_beds_per_10k",4.19154905681964,4.27303966325252
"separate_lasso_FL","1se",7,2024,"coc_hic_psh_beds_per_10k",0.111814909676161,4.27303966325252
"separate_lasso_FL","1se",7,2024,"state_anticamping_strictness",0,4.27303966325252
"separate_lasso_FL","1se",7,2024,"state_tanf_max_benefit_3person",0,4.27303966325252
"separate_lasso_FL","1se",7,2024,"state_ssi_state_supplement",0,4.27303966325252
"separate_lasso_FL","1se",7,2024,"state_labor_force_participation_pct",0,4.27303966325252
"separate_lasso_FL","1se",7,2024,"state_real_median_rent_2025_usd",0,4.27303966325252
"separate_lasso_FL","1se",7,2024,"state_rental_vacancy_rate",0,4.27303966325252
"pooled_lasso","min",8,2025,"(Intercept)",39.8320331557404,1.0483170314737
"pooled_lasso","min",8,2025,"control_state_florida",-12.5815049658222,1.0483170314737
"pooled_lasso","min",8,2025,"control_time_index",-0.279445992183552,1.0483170314737
"pooled_lasso","min",8,2025,"coc_log_estimated_population",-5.52940472246268,1.0483170314737
"pooled_lasso","min",8,2025,"coc_population_density_per_sq_mile",-1.3858881572859,1.0483170314737
"pooled_lasso","min",8,2025,"coc_contributing_counties",0,1.0483170314737
"pooled_lasso","min",8,2025,"coc_contains_split_county_flag",0,1.0483170314737
"pooled_lasso","min",8,2025,"coc_housing_units_per_1000_residents",0.624173240614203,1.0483170314737
"pooled_lasso","min",8,2025,"coc_permits_per_1000_housing_units",0,1.0483170314737
"pooled_lasso","min",8,2025,"coc_multifamily_permit_share_pct",0,1.0483170314737
"pooled_lasso","min",8,2025,"coc_permits_value_per_1000_housing_units_2025_usd",-0.0822189657970375,1.0483170314737
"pooled_lasso","min",8,2025,"coc_birth_rate_per_1000",0,1.0483170314737
"pooled_lasso","min",8,2025,"coc_death_rate_per_1000",0.459406345540029,1.0483170314737
"pooled_lasso","min",8,2025,"coc_international_migration_rate_per_1000",0,1.0483170314737
"pooled_lasso","min",8,2025,"coc_domestic_migration_rate_per_1000",0,1.0483170314737
"pooled_lasso","min",8,2025,"coc_group_quarters_per_1000_residents",0.110190273936329,1.0483170314737
"pooled_lasso","min",8,2025,"coc_population_growth_rate_pct",-0.732122888684541,1.0483170314737
"pooled_lasso","min",8,2025,"coc_housing_supply_growth_rate_pct",0,1.0483170314737
"pooled_lasso","min",8,2025,"coc_poverty_all_pct",0,1.0483170314737
"pooled_lasso","min",8,2025,"coc_poverty_child_pct",0,1.0483170314737
"pooled_lasso","min",8,2025,"coc_real_median_household_income_2025_usd",-0.156027938447701,1.0483170314737
"pooled_lasso","min",8,2025,"coc_real_per_capita_personal_income_2025_usd",0,1.0483170314737
"pooled_lasso","min",8,2025,"coc_unemployment_rate_pct",0,1.0483170314737
"pooled_lasso","min",8,2025,"coc_high_school_graduate_pct",0,1.0483170314737
"pooled_lasso","min",8,2025,"coc_homeownership_rate_pct",0,1.0483170314737
"pooled_lasso","min",8,2025,"coc_housing_cost_burdened_households_pct",0,1.0483170314737
"pooled_lasso","min",8,2025,"coc_income_inequality_ratio",0,1.0483170314737
"pooled_lasso","min",8,2025,"coc_annual_hpi_change_pct",-0.843103187936266,1.0483170314737
"pooled_lasso","min",8,2025,"coc_real_gdp_per_capita_2017_usd",0,1.0483170314737
"pooled_lasso","min",8,2025,"coc_real_gdp_quantity_index",0,1.0483170314737
"pooled_lasso","min",8,2025,"coc_relative_home_price_index_2000_base",0,1.0483170314737
"pooled_lasso","min",8,2025,"state_real_minimum_wage_2025_usd",0,1.0483170314737
"pooled_lasso","min",8,2025,"state_medicaid_expansion",0,1.0483170314737
"pooled_lasso","min",8,2025,"coc_hic_temporary_beds_per_10k",7.85508497727795,1.0483170314737
"pooled_lasso","min",8,2025,"coc_hic_psh_beds_per_10k",7.9133023611718,1.0483170314737
"pooled_lasso","min",8,2025,"state_anticamping_strictness",-0.153847083003474,1.0483170314737
"pooled_lasso","min",8,2025,"state_tanf_max_benefit_3person",0,1.0483170314737
"pooled_lasso","min",8,2025,"state_ssi_state_supplement",0,1.0483170314737
"pooled_lasso","min",8,2025,"state_labor_force_participation_pct",0,1.0483170314737
"pooled_lasso","min",8,2025,"state_real_median_rent_2025_usd",0,1.0483170314737
"pooled_lasso","min",8,2025,"state_rental_vacancy_rate",0.436376290268504,1.0483170314737
"pooled_lasso","1se",8,2025,"(Intercept)",39.9310382649129,2.91700441242102
"pooled_lasso","1se",8,2025,"control_state_florida",-13.0014343346437,2.91700441242102
"pooled_lasso","1se",8,2025,"control_time_index",-0.27046358958932,2.91700441242102
"pooled_lasso","1se",8,2025,"coc_log_estimated_population",-3.97543648447737,2.91700441242102
"pooled_lasso","1se",8,2025,"coc_population_density_per_sq_mile",0,2.91700441242102
"pooled_lasso","1se",8,2025,"coc_contributing_counties",0,2.91700441242102
"pooled_lasso","1se",8,2025,"coc_contains_split_county_flag",0,2.91700441242102
"pooled_lasso","1se",8,2025,"coc_housing_units_per_1000_residents",0,2.91700441242102
"pooled_lasso","1se",8,2025,"coc_permits_per_1000_housing_units",0,2.91700441242102
"pooled_lasso","1se",8,2025,"coc_multifamily_permit_share_pct",0,2.91700441242102
"pooled_lasso","1se",8,2025,"coc_permits_value_per_1000_housing_units_2025_usd",0,2.91700441242102
"pooled_lasso","1se",8,2025,"coc_birth_rate_per_1000",0,2.91700441242102
"pooled_lasso","1se",8,2025,"coc_death_rate_per_1000",0,2.91700441242102
"pooled_lasso","1se",8,2025,"coc_international_migration_rate_per_1000",0,2.91700441242102
"pooled_lasso","1se",8,2025,"coc_domestic_migration_rate_per_1000",0,2.91700441242102
"pooled_lasso","1se",8,2025,"coc_group_quarters_per_1000_residents",0,2.91700441242102
"pooled_lasso","1se",8,2025,"coc_population_growth_rate_pct",0,2.91700441242102
"pooled_lasso","1se",8,2025,"coc_housing_supply_growth_rate_pct",0,2.91700441242102
"pooled_lasso","1se",8,2025,"coc_poverty_all_pct",0,2.91700441242102
"pooled_lasso","1se",8,2025,"coc_poverty_child_pct",0,2.91700441242102
"pooled_lasso","1se",8,2025,"coc_real_median_household_income_2025_usd",0,2.91700441242102
"pooled_lasso","1se",8,2025,"coc_real_per_capita_personal_income_2025_usd",0,2.91700441242102
"pooled_lasso","1se",8,2025,"coc_unemployment_rate_pct",0,2.91700441242102
"pooled_lasso","1se",8,2025,"coc_high_school_graduate_pct",0,2.91700441242102
"pooled_lasso","1se",8,2025,"coc_homeownership_rate_pct",0,2.91700441242102
"pooled_lasso","1se",8,2025,"coc_housing_cost_burdened_households_pct",0,2.91700441242102
"pooled_lasso","1se",8,2025,"coc_income_inequality_ratio",0,2.91700441242102
"pooled_lasso","1se",8,2025,"coc_annual_hpi_change_pct",0,2.91700441242102
"pooled_lasso","1se",8,2025,"coc_real_gdp_per_capita_2017_usd",0,2.91700441242102
"pooled_lasso","1se",8,2025,"coc_real_gdp_quantity_index",0,2.91700441242102
"pooled_lasso","1se",8,2025,"coc_relative_home_price_index_2000_base",0,2.91700441242102
"pooled_lasso","1se",8,2025,"state_real_minimum_wage_2025_usd",0,2.91700441242102
"pooled_lasso","1se",8,2025,"state_medicaid_expansion",0,2.91700441242102
"pooled_lasso","1se",8,2025,"coc_hic_temporary_beds_per_10k",7.85613821046678,2.91700441242102
"pooled_lasso","1se",8,2025,"coc_hic_psh_beds_per_10k",4.64603591025841,2.91700441242102
"pooled_lasso","1se",8,2025,"state_anticamping_strictness",0,2.91700441242102
"pooled_lasso","1se",8,2025,"state_tanf_max_benefit_3person",0,2.91700441242102
"pooled_lasso","1se",8,2025,"state_ssi_state_supplement",0,2.91700441242102
"pooled_lasso","1se",8,2025,"state_labor_force_participation_pct",0,2.91700441242102
"pooled_lasso","1se",8,2025,"state_real_median_rent_2025_usd",0,2.91700441242102
"pooled_lasso","1se",8,2025,"state_rental_vacancy_rate",0,2.91700441242102
"pooled_lasso_state_interactions","min",8,2025,"(Intercept)",35.3089270309144,0.510805662177509
"pooled_lasso_state_interactions","min",8,2025,"control_state_florida",-13.1201148810006,0.510805662177509
"pooled_lasso_state_interactions","min",8,2025,"control_time_index",0.105841717174132,0.510805662177509
"pooled_lasso_state_interactions","min",8,2025,"coc_log_estimated_population",-5.73549548492301,0.510805662177509
"pooled_lasso_state_interactions","min",8,2025,"coc_population_density_per_sq_mile",-4.20459761758516,0.510805662177509
"pooled_lasso_state_interactions","min",8,2025,"coc_contributing_counties",-0.160029698101357,0.510805662177509
"pooled_lasso_state_interactions","min",8,2025,"coc_contains_split_county_flag",0,0.510805662177509
"pooled_lasso_state_interactions","min",8,2025,"coc_housing_units_per_1000_residents",1.80288467199989,0.510805662177509
"pooled_lasso_state_interactions","min",8,2025,"coc_permits_per_1000_housing_units",0,0.510805662177509
"pooled_lasso_state_interactions","min",8,2025,"coc_multifamily_permit_share_pct",0,0.510805662177509
"pooled_lasso_state_interactions","min",8,2025,"coc_permits_value_per_1000_housing_units_2025_usd",-0.392577000137086,0.510805662177509
"pooled_lasso_state_interactions","min",8,2025,"coc_birth_rate_per_1000",0,0.510805662177509
"pooled_lasso_state_interactions","min",8,2025,"coc_death_rate_per_1000",0,0.510805662177509
"pooled_lasso_state_interactions","min",8,2025,"coc_international_migration_rate_per_1000",-0.216408802670099,0.510805662177509
"pooled_lasso_state_interactions","min",8,2025,"coc_domestic_migration_rate_per_1000",0,0.510805662177509
"pooled_lasso_state_interactions","min",8,2025,"coc_group_quarters_per_1000_residents",0.791308313898592,0.510805662177509
"pooled_lasso_state_interactions","min",8,2025,"coc_population_growth_rate_pct",-1.20741979044032,0.510805662177509
"pooled_lasso_state_interactions","min",8,2025,"coc_housing_supply_growth_rate_pct",0,0.510805662177509
"pooled_lasso_state_interactions","min",8,2025,"coc_poverty_all_pct",0,0.510805662177509
"pooled_lasso_state_interactions","min",8,2025,"coc_poverty_child_pct",0,0.510805662177509
"pooled_lasso_state_interactions","min",8,2025,"coc_real_median_household_income_2025_usd",0,0.510805662177509
"pooled_lasso_state_interactions","min",8,2025,"coc_real_per_capita_personal_income_2025_usd",-0.114719811659447,0.510805662177509
"pooled_lasso_state_interactions","min",8,2025,"coc_unemployment_rate_pct",0,0.510805662177509
"pooled_lasso_state_interactions","min",8,2025,"coc_high_school_graduate_pct",0,0.510805662177509
"pooled_lasso_state_interactions","min",8,2025,"coc_homeownership_rate_pct",0,0.510805662177509
"pooled_lasso_state_interactions","min",8,2025,"coc_housing_cost_burdened_households_pct",3.41577121339201,0.510805662177509
"pooled_lasso_state_interactions","min",8,2025,"coc_income_inequality_ratio",0,0.510805662177509
"pooled_lasso_state_interactions","min",8,2025,"coc_annual_hpi_change_pct",-0.57051227574469,0.510805662177509
"pooled_lasso_state_interactions","min",8,2025,"coc_real_gdp_per_capita_2017_usd",0,0.510805662177509
"pooled_lasso_state_interactions","min",8,2025,"coc_real_gdp_quantity_index",0.568637223184723,0.510805662177509
"pooled_lasso_state_interactions","min",8,2025,"coc_relative_home_price_index_2000_base",0,0.510805662177509
"pooled_lasso_state_interactions","min",8,2025,"state_real_minimum_wage_2025_usd",0,0.510805662177509
"pooled_lasso_state_interactions","min",8,2025,"state_medicaid_expansion",0,0.510805662177509
"pooled_lasso_state_interactions","min",8,2025,"coc_hic_temporary_beds_per_10k",10.6340461775666,0.510805662177509
"pooled_lasso_state_interactions","min",8,2025,"coc_hic_psh_beds_per_10k",10.0096389555738,0.510805662177509
"pooled_lasso_state_interactions","min",8,2025,"state_anticamping_strictness",0,0.510805662177509
"pooled_lasso_state_interactions","min",8,2025,"state_tanf_max_benefit_3person",0,0.510805662177509
"pooled_lasso_state_interactions","min",8,2025,"state_ssi_state_supplement",0,0.510805662177509
"pooled_lasso_state_interactions","min",8,2025,"state_labor_force_participation_pct",0,0.510805662177509
"pooled_lasso_state_interactions","min",8,2025,"state_real_median_rent_2025_usd",0,0.510805662177509
"pooled_lasso_state_interactions","min",8,2025,"state_rental_vacancy_rate",0,0.510805662177509
"pooled_lasso_state_interactions","min",8,2025,"coc_log_estimated_population:FL",0,0.510805662177509
"pooled_lasso_state_interactions","min",8,2025,"coc_population_density_per_sq_mile:FL",0,0.510805662177509
"pooled_lasso_state_interactions","min",8,2025,"coc_contributing_counties:FL",0,0.510805662177509
"pooled_lasso_state_interactions","min",8,2025,"coc_contains_split_county_flag:FL",-0.250989276962873,0.510805662177509
"pooled_lasso_state_interactions","min",8,2025,"coc_housing_units_per_1000_residents:FL",0,0.510805662177509
"pooled_lasso_state_interactions","min",8,2025,"coc_permits_per_1000_housing_units:FL",0,0.510805662177509
"pooled_lasso_state_interactions","min",8,2025,"coc_multifamily_permit_share_pct:FL",-1.34916127909139,0.510805662177509
"pooled_lasso_state_interactions","min",8,2025,"coc_permits_value_per_1000_housing_units_2025_usd:FL",0,0.510805662177509
"pooled_lasso_state_interactions","min",8,2025,"coc_birth_rate_per_1000:FL",0,0.510805662177509
"pooled_lasso_state_interactions","min",8,2025,"coc_death_rate_per_1000:FL",0,0.510805662177509
"pooled_lasso_state_interactions","min",8,2025,"coc_international_migration_rate_per_1000:FL",0,0.510805662177509
"pooled_lasso_state_interactions","min",8,2025,"coc_domestic_migration_rate_per_1000:FL",0,0.510805662177509
"pooled_lasso_state_interactions","min",8,2025,"coc_group_quarters_per_1000_residents:FL",-0.300803469594406,0.510805662177509
"pooled_lasso_state_interactions","min",8,2025,"coc_population_growth_rate_pct:FL",0,0.510805662177509
"pooled_lasso_state_interactions","min",8,2025,"coc_housing_supply_growth_rate_pct:FL",0,0.510805662177509
"pooled_lasso_state_interactions","min",8,2025,"coc_poverty_all_pct:FL",0,0.510805662177509
"pooled_lasso_state_interactions","min",8,2025,"coc_poverty_child_pct:FL",0,0.510805662177509
"pooled_lasso_state_interactions","min",8,2025,"coc_real_median_household_income_2025_usd:FL",0,0.510805662177509
"pooled_lasso_state_interactions","min",8,2025,"coc_real_per_capita_personal_income_2025_usd:FL",0,0.510805662177509
"pooled_lasso_state_interactions","min",8,2025,"coc_unemployment_rate_pct:FL",0,0.510805662177509
"pooled_lasso_state_interactions","min",8,2025,"coc_high_school_graduate_pct:FL",0,0.510805662177509
"pooled_lasso_state_interactions","min",8,2025,"coc_homeownership_rate_pct:FL",2.19792256482466,0.510805662177509
"pooled_lasso_state_interactions","min",8,2025,"coc_housing_cost_burdened_households_pct:FL",0,0.510805662177509
"pooled_lasso_state_interactions","min",8,2025,"coc_income_inequality_ratio:FL",-0.743443525432652,0.510805662177509
"pooled_lasso_state_interactions","min",8,2025,"coc_annual_hpi_change_pct:FL",0,0.510805662177509
"pooled_lasso_state_interactions","min",8,2025,"coc_real_gdp_per_capita_2017_usd:FL",0,0.510805662177509
"pooled_lasso_state_interactions","min",8,2025,"coc_real_gdp_quantity_index:FL",-0.414003168427508,0.510805662177509
"pooled_lasso_state_interactions","min",8,2025,"coc_relative_home_price_index_2000_base:FL",0,0.510805662177509
"pooled_lasso_state_interactions","min",8,2025,"state_real_minimum_wage_2025_usd:FL",0,0.510805662177509
"pooled_lasso_state_interactions","min",8,2025,"state_medicaid_expansion:FL",0,0.510805662177509
"pooled_lasso_state_interactions","min",8,2025,"coc_hic_temporary_beds_per_10k:FL",-6.05958915360102,0.510805662177509
"pooled_lasso_state_interactions","min",8,2025,"coc_hic_psh_beds_per_10k:FL",0,0.510805662177509
"pooled_lasso_state_interactions","min",8,2025,"state_anticamping_strictness:FL",0,0.510805662177509
"pooled_lasso_state_interactions","min",8,2025,"state_tanf_max_benefit_3person:FL",0,0.510805662177509
"pooled_lasso_state_interactions","min",8,2025,"state_ssi_state_supplement:FL",0,0.510805662177509
"pooled_lasso_state_interactions","min",8,2025,"state_labor_force_participation_pct:FL",0,0.510805662177509
"pooled_lasso_state_interactions","min",8,2025,"state_real_median_rent_2025_usd:FL",0,0.510805662177509
"pooled_lasso_state_interactions","min",8,2025,"state_rental_vacancy_rate:FL",2.34011342346319,0.510805662177509
"pooled_lasso_state_interactions","1se",8,2025,"(Intercept)",38.7995064291965,0.979679421210654
"pooled_lasso_state_interactions","1se",8,2025,"control_state_florida",-13.5690363720359,0.979679421210654
"pooled_lasso_state_interactions","1se",8,2025,"control_time_index",-0.195219507446244,0.979679421210654
"pooled_lasso_state_interactions","1se",8,2025,"coc_log_estimated_population",-5.55511794875032,0.979679421210654
"pooled_lasso_state_interactions","1se",8,2025,"coc_population_density_per_sq_mile",-1.91353168380178,0.979679421210654
"pooled_lasso_state_interactions","1se",8,2025,"coc_contributing_counties",0,0.979679421210654
"pooled_lasso_state_interactions","1se",8,2025,"coc_contains_split_county_flag",0,0.979679421210654
"pooled_lasso_state_interactions","1se",8,2025,"coc_housing_units_per_1000_residents",1.0112946076933,0.979679421210654
"pooled_lasso_state_interactions","1se",8,2025,"coc_permits_per_1000_housing_units",0,0.979679421210654
"pooled_lasso_state_interactions","1se",8,2025,"coc_multifamily_permit_share_pct",0,0.979679421210654
"pooled_lasso_state_interactions","1se",8,2025,"coc_permits_value_per_1000_housing_units_2025_usd",-0.0857339000924135,0.979679421210654
"pooled_lasso_state_interactions","1se",8,2025,"coc_birth_rate_per_1000",0,0.979679421210654
"pooled_lasso_state_interactions","1se",8,2025,"coc_death_rate_per_1000",0.165625419502043,0.979679421210654
"pooled_lasso_state_interactions","1se",8,2025,"coc_international_migration_rate_per_1000",0,0.979679421210654
"pooled_lasso_state_interactions","1se",8,2025,"coc_domestic_migration_rate_per_1000",0,0.979679421210654
"pooled_lasso_state_interactions","1se",8,2025,"coc_group_quarters_per_1000_residents",0.118066159132914,0.979679421210654
"pooled_lasso_state_interactions","1se",8,2025,"coc_population_growth_rate_pct",-0.819670768201534,0.979679421210654
"pooled_lasso_state_interactions","1se",8,2025,"coc_housing_supply_growth_rate_pct",0,0.979679421210654
"pooled_lasso_state_interactions","1se",8,2025,"coc_poverty_all_pct",0,0.979679421210654
"pooled_lasso_state_interactions","1se",8,2025,"coc_poverty_child_pct",0,0.979679421210654
"pooled_lasso_state_interactions","1se",8,2025,"coc_real_median_household_income_2025_usd",-0.107195796295616,0.979679421210654
"pooled_lasso_state_interactions","1se",8,2025,"coc_real_per_capita_personal_income_2025_usd",0,0.979679421210654
"pooled_lasso_state_interactions","1se",8,2025,"coc_unemployment_rate_pct",0,0.979679421210654
"pooled_lasso_state_interactions","1se",8,2025,"coc_high_school_graduate_pct",0,0.979679421210654
"pooled_lasso_state_interactions","1se",8,2025,"coc_homeownership_rate_pct",0,0.979679421210654
"pooled_lasso_state_interactions","1se",8,2025,"coc_housing_cost_burdened_households_pct",0.323758195103371,0.979679421210654
"pooled_lasso_state_interactions","1se",8,2025,"coc_income_inequality_ratio",0,0.979679421210654
"pooled_lasso_state_interactions","1se",8,2025,"coc_annual_hpi_change_pct",-0.63067882311233,0.979679421210654
"pooled_lasso_state_interactions","1se",8,2025,"coc_real_gdp_per_capita_2017_usd",0,0.979679421210654
"pooled_lasso_state_interactions","1se",8,2025,"coc_real_gdp_quantity_index",0,0.979679421210654
"pooled_lasso_state_interactions","1se",8,2025,"coc_relative_home_price_index_2000_base",0,0.979679421210654
"pooled_lasso_state_interactions","1se",8,2025,"state_real_minimum_wage_2025_usd",0,0.979679421210654
"pooled_lasso_state_interactions","1se",8,2025,"state_medicaid_expansion",0,0.979679421210654
"pooled_lasso_state_interactions","1se",8,2025,"coc_hic_temporary_beds_per_10k",9.0293003570006,0.979679421210654
"pooled_lasso_state_interactions","1se",8,2025,"coc_hic_psh_beds_per_10k",8.09519052421857,0.979679421210654
"pooled_lasso_state_interactions","1se",8,2025,"state_anticamping_strictness",0,0.979679421210654
"pooled_lasso_state_interactions","1se",8,2025,"state_tanf_max_benefit_3person",0,0.979679421210654
"pooled_lasso_state_interactions","1se",8,2025,"state_ssi_state_supplement",0,0.979679421210654
"pooled_lasso_state_interactions","1se",8,2025,"state_labor_force_participation_pct",0,0.979679421210654
"pooled_lasso_state_interactions","1se",8,2025,"state_real_median_rent_2025_usd",0,0.979679421210654
"pooled_lasso_state_interactions","1se",8,2025,"state_rental_vacancy_rate",0,0.979679421210654
"pooled_lasso_state_interactions","1se",8,2025,"coc_log_estimated_population:FL",0,0.979679421210654
"pooled_lasso_state_interactions","1se",8,2025,"coc_population_density_per_sq_mile:FL",0,0.979679421210654
"pooled_lasso_state_interactions","1se",8,2025,"coc_contributing_counties:FL",0,0.979679421210654
"pooled_lasso_state_interactions","1se",8,2025,"coc_contains_split_county_flag:FL",0,0.979679421210654
"pooled_lasso_state_interactions","1se",8,2025,"coc_housing_units_per_1000_residents:FL",0,0.979679421210654
"pooled_lasso_state_interactions","1se",8,2025,"coc_permits_per_1000_housing_units:FL",0,0.979679421210654
"pooled_lasso_state_interactions","1se",8,2025,"coc_multifamily_permit_share_pct:FL",0,0.979679421210654
"pooled_lasso_state_interactions","1se",8,2025,"coc_permits_value_per_1000_housing_units_2025_usd:FL",0,0.979679421210654
"pooled_lasso_state_interactions","1se",8,2025,"coc_birth_rate_per_1000:FL",0,0.979679421210654
"pooled_lasso_state_interactions","1se",8,2025,"coc_death_rate_per_1000:FL",0,0.979679421210654
"pooled_lasso_state_interactions","1se",8,2025,"coc_international_migration_rate_per_1000:FL",0,0.979679421210654
"pooled_lasso_state_interactions","1se",8,2025,"coc_domestic_migration_rate_per_1000:FL",0,0.979679421210654
"pooled_lasso_state_interactions","1se",8,2025,"coc_group_quarters_per_1000_residents:FL",0,0.979679421210654
"pooled_lasso_state_interactions","1se",8,2025,"coc_population_growth_rate_pct:FL",0,0.979679421210654
"pooled_lasso_state_interactions","1se",8,2025,"coc_housing_supply_growth_rate_pct:FL",0,0.979679421210654
"pooled_lasso_state_interactions","1se",8,2025,"coc_poverty_all_pct:FL",0,0.979679421210654
"pooled_lasso_state_interactions","1se",8,2025,"coc_poverty_child_pct:FL",0,0.979679421210654
"pooled_lasso_state_interactions","1se",8,2025,"coc_real_median_household_income_2025_usd:FL",0,0.979679421210654
"pooled_lasso_state_interactions","1se",8,2025,"coc_real_per_capita_personal_income_2025_usd:FL",0,0.979679421210654
"pooled_lasso_state_interactions","1se",8,2025,"coc_unemployment_rate_pct:FL",0,0.979679421210654
"pooled_lasso_state_interactions","1se",8,2025,"coc_high_school_graduate_pct:FL",0,0.979679421210654
"pooled_lasso_state_interactions","1se",8,2025,"coc_homeownership_rate_pct:FL",0,0.979679421210654
"pooled_lasso_state_interactions","1se",8,2025,"coc_housing_cost_burdened_households_pct:FL",0,0.979679421210654
"pooled_lasso_state_interactions","1se",8,2025,"coc_income_inequality_ratio:FL",0,0.979679421210654
"pooled_lasso_state_interactions","1se",8,2025,"coc_annual_hpi_change_pct:FL",0,0.979679421210654
"pooled_lasso_state_interactions","1se",8,2025,"coc_real_gdp_per_capita_2017_usd:FL",0,0.979679421210654
"pooled_lasso_state_interactions","1se",8,2025,"coc_real_gdp_quantity_index:FL",0,0.979679421210654
"pooled_lasso_state_interactions","1se",8,2025,"coc_relative_home_price_index_2000_base:FL",0,0.979679421210654
"pooled_lasso_state_interactions","1se",8,2025,"state_real_minimum_wage_2025_usd:FL",0,0.979679421210654
"pooled_lasso_state_interactions","1se",8,2025,"state_medicaid_expansion:FL",0,0.979679421210654
"pooled_lasso_state_interactions","1se",8,2025,"coc_hic_temporary_beds_per_10k:FL",-2.27693737397921,0.979679421210654
"pooled_lasso_state_interactions","1se",8,2025,"coc_hic_psh_beds_per_10k:FL",0,0.979679421210654
"pooled_lasso_state_interactions","1se",8,2025,"state_anticamping_strictness:FL",0,0.979679421210654
"pooled_lasso_state_interactions","1se",8,2025,"state_tanf_max_benefit_3person:FL",0,0.979679421210654
"pooled_lasso_state_interactions","1se",8,2025,"state_ssi_state_supplement:FL",0,0.979679421210654
"pooled_lasso_state_interactions","1se",8,2025,"state_labor_force_participation_pct:FL",0,0.979679421210654
"pooled_lasso_state_interactions","1se",8,2025,"state_real_median_rent_2025_usd:FL",0,0.979679421210654
"pooled_lasso_state_interactions","1se",8,2025,"state_rental_vacancy_rate:FL",1.63554835613629,0.979679421210654
"separate_lasso_CA","min",8,2025,"(Intercept)",35.8187471643089,1.28697822177494
"separate_lasso_CA","min",8,2025,"control_time_index",0.632696536014653,1.28697822177494
"separate_lasso_CA","min",8,2025,"coc_log_estimated_population",-2.96325009012756,1.28697822177494
"separate_lasso_CA","min",8,2025,"coc_population_density_per_sq_mile",-1.71266581338245,1.28697822177494
"separate_lasso_CA","min",8,2025,"coc_contributing_counties",-1.70154821129899,1.28697822177494
"separate_lasso_CA","min",8,2025,"coc_contains_split_county_flag",0,1.28697822177494
"separate_lasso_CA","min",8,2025,"coc_housing_units_per_1000_residents",2.98638577794431,1.28697822177494
"separate_lasso_CA","min",8,2025,"coc_permits_per_1000_housing_units",0,1.28697822177494
"separate_lasso_CA","min",8,2025,"coc_multifamily_permit_share_pct",0,1.28697822177494
"separate_lasso_CA","min",8,2025,"coc_permits_value_per_1000_housing_units_2025_usd",-2.55824855227789,1.28697822177494
"separate_lasso_CA","min",8,2025,"coc_birth_rate_per_1000",0,1.28697822177494
"separate_lasso_CA","min",8,2025,"coc_death_rate_per_1000",0,1.28697822177494
"separate_lasso_CA","min",8,2025,"coc_international_migration_rate_per_1000",-0.419984025316818,1.28697822177494
"separate_lasso_CA","min",8,2025,"coc_domestic_migration_rate_per_1000",0,1.28697822177494
"separate_lasso_CA","min",8,2025,"coc_group_quarters_per_1000_residents",2.03035381600611,1.28697822177494
"separate_lasso_CA","min",8,2025,"coc_population_growth_rate_pct",-0.794113496488063,1.28697822177494
"separate_lasso_CA","min",8,2025,"coc_housing_supply_growth_rate_pct",0,1.28697822177494
"separate_lasso_CA","min",8,2025,"coc_poverty_all_pct",0,1.28697822177494
"separate_lasso_CA","min",8,2025,"coc_poverty_child_pct",0,1.28697822177494
"separate_lasso_CA","min",8,2025,"coc_real_median_household_income_2025_usd",0,1.28697822177494
"separate_lasso_CA","min",8,2025,"coc_real_per_capita_personal_income_2025_usd",0,1.28697822177494
"separate_lasso_CA","min",8,2025,"coc_unemployment_rate_pct",0,1.28697822177494
"separate_lasso_CA","min",8,2025,"coc_high_school_graduate_pct",0,1.28697822177494
"separate_lasso_CA","min",8,2025,"coc_homeownership_rate_pct",0,1.28697822177494
"separate_lasso_CA","min",8,2025,"coc_housing_cost_burdened_households_pct",1.75755615772631,1.28697822177494
"separate_lasso_CA","min",8,2025,"coc_income_inequality_ratio",0,1.28697822177494
"separate_lasso_CA","min",8,2025,"coc_annual_hpi_change_pct",0,1.28697822177494
"separate_lasso_CA","min",8,2025,"coc_real_gdp_per_capita_2017_usd",0,1.28697822177494
"separate_lasso_CA","min",8,2025,"coc_real_gdp_quantity_index",0,1.28697822177494
"separate_lasso_CA","min",8,2025,"coc_relative_home_price_index_2000_base",0,1.28697822177494
"separate_lasso_CA","min",8,2025,"state_real_minimum_wage_2025_usd",0,1.28697822177494
"separate_lasso_CA","min",8,2025,"state_medicaid_expansion",0,1.28697822177494
"separate_lasso_CA","min",8,2025,"coc_hic_temporary_beds_per_10k",10.8615556869145,1.28697822177494
"separate_lasso_CA","min",8,2025,"coc_hic_psh_beds_per_10k",7.22674296116996,1.28697822177494
"separate_lasso_CA","min",8,2025,"state_anticamping_strictness",0,1.28697822177494
"separate_lasso_CA","min",8,2025,"state_tanf_max_benefit_3person",0,1.28697822177494
"separate_lasso_CA","min",8,2025,"state_ssi_state_supplement",0,1.28697822177494
"separate_lasso_CA","min",8,2025,"state_labor_force_participation_pct",0,1.28697822177494
"separate_lasso_CA","min",8,2025,"state_real_median_rent_2025_usd",0,1.28697822177494
"separate_lasso_CA","min",8,2025,"state_rental_vacancy_rate",0,1.28697822177494
"separate_lasso_CA","1se",8,2025,"(Intercept)",36.9093223080105,2.46830873809118
"separate_lasso_CA","1se",8,2025,"control_time_index",0.474210076282477,2.46830873809118
"separate_lasso_CA","1se",8,2025,"coc_log_estimated_population",-2.36449265873999,2.46830873809118
"separate_lasso_CA","1se",8,2025,"coc_population_density_per_sq_mile",0,2.46830873809118
"separate_lasso_CA","1se",8,2025,"coc_contributing_counties",0,2.46830873809118
"separate_lasso_CA","1se",8,2025,"coc_contains_split_county_flag",0,2.46830873809118
"separate_lasso_CA","1se",8,2025,"coc_housing_units_per_1000_residents",1.5603460385496,2.46830873809118
"separate_lasso_CA","1se",8,2025,"coc_permits_per_1000_housing_units",0,2.46830873809118
"separate_lasso_CA","1se",8,2025,"coc_multifamily_permit_share_pct",0,2.46830873809118
"separate_lasso_CA","1se",8,2025,"coc_permits_value_per_1000_housing_units_2025_usd",-2.14565217075042,2.46830873809118
"separate_lasso_CA","1se",8,2025,"coc_birth_rate_per_1000",0,2.46830873809118
"separate_lasso_CA","1se",8,2025,"coc_death_rate_per_1000",0,2.46830873809118
"separate_lasso_CA","1se",8,2025,"coc_international_migration_rate_per_1000",0,2.46830873809118
"separate_lasso_CA","1se",8,2025,"coc_domestic_migration_rate_per_1000",0,2.46830873809118
"separate_lasso_CA","1se",8,2025,"coc_group_quarters_per_1000_residents",1.02755739202206,2.46830873809118
"separate_lasso_CA","1se",8,2025,"coc_population_growth_rate_pct",-0.072636853034421,2.46830873809118
"separate_lasso_CA","1se",8,2025,"coc_housing_supply_growth_rate_pct",0,2.46830873809118
"separate_lasso_CA","1se",8,2025,"coc_poverty_all_pct",0,2.46830873809118
"separate_lasso_CA","1se",8,2025,"coc_poverty_child_pct",0,2.46830873809118
"separate_lasso_CA","1se",8,2025,"coc_real_median_household_income_2025_usd",0,2.46830873809118
"separate_lasso_CA","1se",8,2025,"coc_real_per_capita_personal_income_2025_usd",0,2.46830873809118
"separate_lasso_CA","1se",8,2025,"coc_unemployment_rate_pct",0,2.46830873809118
"separate_lasso_CA","1se",8,2025,"coc_high_school_graduate_pct",0,2.46830873809118
"separate_lasso_CA","1se",8,2025,"coc_homeownership_rate_pct",0,2.46830873809118
"separate_lasso_CA","1se",8,2025,"coc_housing_cost_burdened_households_pct",0,2.46830873809118
"separate_lasso_CA","1se",8,2025,"coc_income_inequality_ratio",0,2.46830873809118
"separate_lasso_CA","1se",8,2025,"coc_annual_hpi_change_pct",0,2.46830873809118
"separate_lasso_CA","1se",8,2025,"coc_real_gdp_per_capita_2017_usd",0,2.46830873809118
"separate_lasso_CA","1se",8,2025,"coc_real_gdp_quantity_index",0,2.46830873809118
"separate_lasso_CA","1se",8,2025,"coc_relative_home_price_index_2000_base",0,2.46830873809118
"separate_lasso_CA","1se",8,2025,"state_real_minimum_wage_2025_usd",0,2.46830873809118
"separate_lasso_CA","1se",8,2025,"state_medicaid_expansion",0,2.46830873809118
"separate_lasso_CA","1se",8,2025,"coc_hic_temporary_beds_per_10k",10.4767343501051,2.46830873809118
"separate_lasso_CA","1se",8,2025,"coc_hic_psh_beds_per_10k",5.20089731204999,2.46830873809118
"separate_lasso_CA","1se",8,2025,"state_anticamping_strictness",0,2.46830873809118
"separate_lasso_CA","1se",8,2025,"state_tanf_max_benefit_3person",0,2.46830873809118
"separate_lasso_CA","1se",8,2025,"state_ssi_state_supplement",0,2.46830873809118
"separate_lasso_CA","1se",8,2025,"state_labor_force_participation_pct",0,2.46830873809118
"separate_lasso_CA","1se",8,2025,"state_real_median_rent_2025_usd",0,2.46830873809118
"separate_lasso_CA","1se",8,2025,"state_rental_vacancy_rate",0,2.46830873809118
"separate_lasso_FL","min",8,2025,"(Intercept)",29.9169461491895,1.51537984311923
"separate_lasso_FL","min",8,2025,"control_time_index",-1.2171992035361,1.51537984311923
"separate_lasso_FL","min",8,2025,"coc_log_estimated_population",-6.75238696938873,1.51537984311923
"separate_lasso_FL","min",8,2025,"coc_population_density_per_sq_mile",0,1.51537984311923
"separate_lasso_FL","min",8,2025,"coc_contributing_counties",0,1.51537984311923
"separate_lasso_FL","min",8,2025,"coc_contains_split_county_flag",-0.117188747841281,1.51537984311923
"separate_lasso_FL","min",8,2025,"coc_housing_units_per_1000_residents",0,1.51537984311923
"separate_lasso_FL","min",8,2025,"coc_permits_per_1000_housing_units",0,1.51537984311923
"separate_lasso_FL","min",8,2025,"coc_multifamily_permit_share_pct",0,1.51537984311923
"separate_lasso_FL","min",8,2025,"coc_permits_value_per_1000_housing_units_2025_usd",0,1.51537984311923
"separate_lasso_FL","min",8,2025,"coc_birth_rate_per_1000",0,1.51537984311923
"separate_lasso_FL","min",8,2025,"coc_death_rate_per_1000",0,1.51537984311923
"separate_lasso_FL","min",8,2025,"coc_international_migration_rate_per_1000",0,1.51537984311923
"separate_lasso_FL","min",8,2025,"coc_domestic_migration_rate_per_1000",0,1.51537984311923
"separate_lasso_FL","min",8,2025,"coc_group_quarters_per_1000_residents",-0.0544163666444409,1.51537984311923
"separate_lasso_FL","min",8,2025,"coc_population_growth_rate_pct",0,1.51537984311923
"separate_lasso_FL","min",8,2025,"coc_housing_supply_growth_rate_pct",0,1.51537984311923
"separate_lasso_FL","min",8,2025,"coc_poverty_all_pct",0,1.51537984311923
"separate_lasso_FL","min",8,2025,"coc_poverty_child_pct",0,1.51537984311923
"separate_lasso_FL","min",8,2025,"coc_real_median_household_income_2025_usd",0,1.51537984311923
"separate_lasso_FL","min",8,2025,"coc_real_per_capita_personal_income_2025_usd",0,1.51537984311923
"separate_lasso_FL","min",8,2025,"coc_unemployment_rate_pct",0,1.51537984311923
"separate_lasso_FL","min",8,2025,"coc_high_school_graduate_pct",0,1.51537984311923
"separate_lasso_FL","min",8,2025,"coc_homeownership_rate_pct",0,1.51537984311923
"separate_lasso_FL","min",8,2025,"coc_housing_cost_burdened_households_pct",0.233322852853455,1.51537984311923
"separate_lasso_FL","min",8,2025,"coc_income_inequality_ratio",0,1.51537984311923
"separate_lasso_FL","min",8,2025,"coc_annual_hpi_change_pct",0,1.51537984311923
"separate_lasso_FL","min",8,2025,"coc_real_gdp_per_capita_2017_usd",0,1.51537984311923
"separate_lasso_FL","min",8,2025,"coc_real_gdp_quantity_index",0,1.51537984311923
"separate_lasso_FL","min",8,2025,"coc_relative_home_price_index_2000_base",0,1.51537984311923
"separate_lasso_FL","min",8,2025,"state_real_minimum_wage_2025_usd",0,1.51537984311923
"separate_lasso_FL","min",8,2025,"state_medicaid_expansion",0,1.51537984311923
"separate_lasso_FL","min",8,2025,"coc_hic_temporary_beds_per_10k",4.08272832932056,1.51537984311923
"separate_lasso_FL","min",8,2025,"coc_hic_psh_beds_per_10k",2.75515121453587,1.51537984311923
"separate_lasso_FL","min",8,2025,"state_anticamping_strictness",0,1.51537984311923
"separate_lasso_FL","min",8,2025,"state_tanf_max_benefit_3person",0,1.51537984311923
"separate_lasso_FL","min",8,2025,"state_ssi_state_supplement",0,1.51537984311923
"separate_lasso_FL","min",8,2025,"state_labor_force_participation_pct",0,1.51537984311923
"separate_lasso_FL","min",8,2025,"state_real_median_rent_2025_usd",0,1.51537984311923
"separate_lasso_FL","min",8,2025,"state_rental_vacancy_rate",1.13726876042766,1.51537984311923
"separate_lasso_FL","1se",8,2025,"(Intercept)",31.878244743433,4.62775108188477
"separate_lasso_FL","1se",8,2025,"control_time_index",-1.50776195823883,4.62775108188477
"separate_lasso_FL","1se",8,2025,"coc_log_estimated_population",-3.44918899619179,4.62775108188477
"separate_lasso_FL","1se",8,2025,"coc_population_density_per_sq_mile",0,4.62775108188477
"separate_lasso_FL","1se",8,2025,"coc_contributing_counties",0,4.62775108188477
"separate_lasso_FL","1se",8,2025,"coc_contains_split_county_flag",0,4.62775108188477
"separate_lasso_FL","1se",8,2025,"coc_housing_units_per_1000_residents",0,4.62775108188477
"separate_lasso_FL","1se",8,2025,"coc_permits_per_1000_housing_units",0,4.62775108188477
"separate_lasso_FL","1se",8,2025,"coc_multifamily_permit_share_pct",0,4.62775108188477
"separate_lasso_FL","1se",8,2025,"coc_permits_value_per_1000_housing_units_2025_usd",0,4.62775108188477
"separate_lasso_FL","1se",8,2025,"coc_birth_rate_per_1000",0,4.62775108188477
"separate_lasso_FL","1se",8,2025,"coc_death_rate_per_1000",0,4.62775108188477
"separate_lasso_FL","1se",8,2025,"coc_international_migration_rate_per_1000",0,4.62775108188477
"separate_lasso_FL","1se",8,2025,"coc_domestic_migration_rate_per_1000",0,4.62775108188477
"separate_lasso_FL","1se",8,2025,"coc_group_quarters_per_1000_residents",0,4.62775108188477
"separate_lasso_FL","1se",8,2025,"coc_population_growth_rate_pct",0,4.62775108188477
"separate_lasso_FL","1se",8,2025,"coc_housing_supply_growth_rate_pct",0,4.62775108188477
"separate_lasso_FL","1se",8,2025,"coc_poverty_all_pct",0,4.62775108188477
"separate_lasso_FL","1se",8,2025,"coc_poverty_child_pct",0,4.62775108188477
"separate_lasso_FL","1se",8,2025,"coc_real_median_household_income_2025_usd",0,4.62775108188477
"separate_lasso_FL","1se",8,2025,"coc_real_per_capita_personal_income_2025_usd",0,4.62775108188477
"separate_lasso_FL","1se",8,2025,"coc_unemployment_rate_pct",0,4.62775108188477
"separate_lasso_FL","1se",8,2025,"coc_high_school_graduate_pct",0,4.62775108188477
"separate_lasso_FL","1se",8,2025,"coc_homeownership_rate_pct",0,4.62775108188477
"separate_lasso_FL","1se",8,2025,"coc_housing_cost_burdened_households_pct",0,4.62775108188477
"separate_lasso_FL","1se",8,2025,"coc_income_inequality_ratio",0,4.62775108188477
"separate_lasso_FL","1se",8,2025,"coc_annual_hpi_change_pct",0,4.62775108188477
"separate_lasso_FL","1se",8,2025,"coc_real_gdp_per_capita_2017_usd",0,4.62775108188477
"separate_lasso_FL","1se",8,2025,"coc_real_gdp_quantity_index",0,4.62775108188477
"separate_lasso_FL","1se",8,2025,"coc_relative_home_price_index_2000_base",0,4.62775108188477
"separate_lasso_FL","1se",8,2025,"state_real_minimum_wage_2025_usd",0,4.62775108188477
"separate_lasso_FL","1se",8,2025,"state_medicaid_expansion",0,4.62775108188477
"separate_lasso_FL","1se",8,2025,"coc_hic_temporary_beds_per_10k",4.02881945294231,4.62775108188477
"separate_lasso_FL","1se",8,2025,"coc_hic_psh_beds_per_10k",0,4.62775108188477
"separate_lasso_FL","1se",8,2025,"state_anticamping_strictness",0,4.62775108188477
"separate_lasso_FL","1se",8,2025,"state_tanf_max_benefit_3person",0,4.62775108188477
"separate_lasso_FL","1se",8,2025,"state_ssi_state_supplement",0,4.62775108188477
"separate_lasso_FL","1se",8,2025,"state_labor_force_participation_pct",0,4.62775108188477
"separate_lasso_FL","1se",8,2025,"state_real_median_rent_2025_usd",0,4.62775108188477
"separate_lasso_FL","1se",8,2025,"state_rental_vacancy_rate",0,4.62775108188477
