"model","lambda_rule","fold","validation_year","state","state_abbr","coc_number","coc_name","predictor_year","target_year","actual","predicted","residual"
"state_time_baseline","none",1,2017,"California","CA","CA-500","San Jose/Santa Clara City & County CoC",2016,2017,38.2611215465897,29.3886560247912,8.87246552179849
"state_time_baseline","none",1,2017,"California","CA","CA-501","San Francisco CoC",2016,2017,78.1057810578106,29.3886560247912,48.7171250330194
"state_time_baseline","none",1,2017,"California","CA","CA-502","Oakland, Berkeley/Alameda County CoC",2016,2017,33.905635238249,29.3886560247912,4.51697921345779
"state_time_baseline","none",1,2017,"California","CA","CA-503","Sacramento City & County CoC",2016,2017,23.9965795871279,29.3886560247912,-5.39207643766331
"state_time_baseline","none",1,2017,"California","CA","CA-504","Santa Rosa, Petaluma/Sonoma County CoC",2016,2017,56.4213911704006,29.3886560247912,27.0327351456094
"state_time_baseline","none",1,2017,"California","CA","CA-505","Contra Costa County CoC",2016,2017,14.028379752692,29.3886560247912,-15.3602762720992
"state_time_baseline","none",1,2017,"California","CA","CA-506","Salinas/Monterey, San Benito Counties CoC",2016,2017,68.0010834893208,29.3886560247912,38.6124274645296
"state_time_baseline","none",1,2017,"California","CA","CA-507","Marin County CoC",2016,2017,43.0030529472683,29.3886560247912,13.6143969224771
"state_time_baseline","none",1,2017,"California","CA","CA-508","Watsonville/Santa Cruz City & County CoC",2016,2017,81.8246645516198,29.3886560247912,52.4360085268286
"state_time_baseline","none",1,2017,"California","CA","CA-509","Mendocino County CoC",2016,2017,141.362930483237,29.3886560247912,111.974274458446
"state_time_baseline","none",1,2017,"California","CA","CA-510","Turlock, Modesto/Stanislaus County CoC",2016,2017,30.4928981471113,29.3886560247912,1.10424212232009
"state_time_baseline","none",1,2017,"California","CA","CA-511","Stockton/San Joaquin County CoC",2016,2017,20.7454365421044,29.3886560247912,-8.64321948268681
"state_time_baseline","none",1,2017,"California","CA","CA-512","Daly City/San Mateo County CoC",2016,2017,16.2959860892365,29.3886560247912,-13.0926699355547
"state_time_baseline","none",1,2017,"California","CA","CA-513","Visalia/Kings, Tulare Counties CoC",2016,2017,13.9385234315893,29.3886560247912,-15.4501325932019
"state_time_baseline","none",1,2017,"California","CA","CA-514","Fresno City & County/Madera County CoC",2016,2017,17.6739627286284,29.3886560247912,-11.7146932961628
"state_time_baseline","none",1,2017,"California","CA","CA-515","Roseville, Rocklin/Placer County CoC",2016,2017,25.420978149384,29.3886560247912,-3.96767787540721
"state_time_baseline","none",1,2017,"California","CA","CA-516","Redding/Shasta, Siskiyou, Lassen, Plumas, Del Norte, Modoc, Sierra Counties CoC",2016,2017,29.953658419255,29.3886560247912,0.565002394463793
"state_time_baseline","none",1,2017,"California","CA","CA-517","Napa City & County CoC",2016,2017,22.519624243984,29.3886560247912,-6.8690317808072
"state_time_baseline","none",1,2017,"California","CA","CA-518","Vallejo/Solano County CoC",2016,2017,27.7783414616548,29.3886560247912,-1.61031456313641
"state_time_baseline","none",1,2017,"California","CA","CA-519","Chico, Paradise/Butte County CoC",2016,2017,52.2527722391297,29.3886560247912,22.8641162143385
"state_time_baseline","none",1,2017,"California","CA","CA-520","Merced City & County CoC",2016,2017,16.7468350694957,29.3886560247912,-12.6418209552955
"state_time_baseline","none",1,2017,"California","CA","CA-521","Davis, Woodland/Yolo County CoC",2016,2017,21.0090764702921,29.3886560247912,-8.37957955449911
"state_time_baseline","none",1,2017,"California","CA","CA-522","Humboldt County CoC",2016,2017,55.6015442431524,29.3886560247912,26.2128882183612
"state_time_baseline","none",1,2017,"California","CA","CA-523","Colusa, Glenn, Trinity Counties CoC",2016,2017,28.2817245424306,29.3886560247912,-1.10693148236061
"state_time_baseline","none",1,2017,"California","CA","CA-524","Yuba City & County/Sutter County CoC",2016,2017,43.9860633630818,29.3886560247912,14.5974073382906
"state_time_baseline","none",1,2017,"California","CA","CA-525","El Dorado County CoC",2016,2017,31.9060414778539,29.3886560247912,2.51738545306269
"state_time_baseline","none",1,2017,"California","CA","CA-526","Amador, Calaveras, Mariposa, Tuolumne Counties CoC",2016,2017,23.586118251928,29.3886560247912,-5.80253777286321
"state_time_baseline","none",1,2017,"California","CA","CA-527","Tehama County CoC",2016,2017,19.4214293545507,29.3886560247912,-9.96722667024051
"state_time_baseline","none",1,2017,"California","CA","CA-529","Lake County CoC",2016,2017,62.5477687136373,29.3886560247912,33.1591126888461
"state_time_baseline","none",1,2017,"California","CA","CA-600","Los Angeles City & County CoC",2016,2017,56.4230733446126,29.3886560247912,27.0344173198214
"state_time_baseline","none",1,2017,"California","CA","CA-601","San Diego City and County CoC",2016,2017,27.5800853718057,29.3886560247912,-1.80857065298551
"state_time_baseline","none",1,2017,"California","CA","CA-602","Santa Ana, Anaheim/Orange County CoC",2016,2017,15.0962940047362,29.3886560247912,-14.292362020055
"state_time_baseline","none",1,2017,"California","CA","CA-603","Santa Maria/Santa Barbara County CoC",2016,2017,41.7697811353296,29.3886560247912,12.3811251105384
"state_time_baseline","none",1,2017,"California","CA","CA-604","Bakersfield/Kern County CoC",2016,2017,9.12824165273013,29.3886560247912,-20.2604143720611
"state_time_baseline","none",1,2017,"California","CA","CA-606","Long Beach CoC",2016,2017,39.5403102800944,29.3886560247912,10.1516542553032
"state_time_baseline","none",1,2017,"California","CA","CA-607","Pasadena CoC",2016,2017,40.5970261817663,29.3886560247912,11.2083701569751
"state_time_baseline","none",1,2017,"California","CA","CA-608","Riverside City & County CoC",2016,2017,9.9628814342574,29.3886560247912,-19.4257745905338
"state_time_baseline","none",1,2017,"California","CA","CA-609","San Bernardino City & County CoC",2016,2017,8.67525668950159,29.3886560247912,-20.7133993352896
"state_time_baseline","none",1,2017,"California","CA","CA-611","Oxnard, San Buenaventura/Ventura County CoC",2016,2017,13.5682014124121,29.3886560247912,-15.8204546123791
"state_time_baseline","none",1,2017,"California","CA","CA-612","Glendale CoC",2016,2017,8.55024115403616,29.3886560247912,-20.838414870755
"state_time_baseline","none",1,2017,"California","CA","CA-613","Imperial County CoC",2016,2017,63.5291138404285,29.3886560247912,34.1404578156373
"state_time_baseline","none",1,2017,"California","CA","CA-614","San Luis Obispo County CoC",2016,2017,39.8256873913644,29.3886560247912,10.4370313665732
"state_time_baseline","none",1,2017,"Florida","FL","FL-500","Sarasota, Bradenton/Manatee, Sarasota Counties CoC",2016,2017,17.9710029732261,21.0182112462912,-3.04720827306513
"state_time_baseline","none",1,2017,"Florida","FL","FL-501","Tampa/Hillsborough County CoC",2016,2017,10.8569490080856,21.0182112462912,-10.1612622382056
"state_time_baseline","none",1,2017,"Florida","FL","FL-502","St. Petersburg, Clearwater, Largo/Pinellas County CoC",2016,2017,29.2355688750141,21.0182112462912,8.21735762872287
"state_time_baseline","none",1,2017,"Florida","FL","FL-503","Lakeland/Polk County CoC",2016,2017,7.4704392384821,21.0182112462912,-13.5477720078091
"state_time_baseline","none",1,2017,"Florida","FL","FL-504","Deltona, Daytona Beach/Volusia, Flagler Counties CoC",2016,2017,11.6227559051472,21.0182112462912,-9.39545534114403
"state_time_baseline","none",1,2017,"Florida","FL","FL-505","Fort Walton Beach/Okaloosa, Walton Counties CoC",2016,2017,14.7698518226586,21.0182112462912,-6.24835942363263
"state_time_baseline","none",1,2017,"Florida","FL","FL-506","Tallahassee/Leon County CoC",2016,2017,24.055135864484,21.0182112462912,3.03692461819277
"state_time_baseline","none",1,2017,"Florida","FL","FL-507","Orlando/Orange, Osceola, Seminole Counties CoC",2016,2017,9.54728645772195,21.0182112462912,-11.4709247885693
"state_time_baseline","none",1,2017,"Florida","FL","FL-508","Gainesville/Alachua, Putnam Counties CoC",2016,2017,18.2397039352823,21.0182112462912,-2.77850731100893
"state_time_baseline","none",1,2017,"Florida","FL","FL-509","Fort Pierce/St. Lucie, Indian River, Martin Counties CoC",2016,2017,27.6189792777924,21.0182112462912,6.60076803150116
"state_time_baseline","none",1,2017,"Florida","FL","FL-510","Jacksonville-Duval, Clay Counties CoC",2016,2017,14.9887317337379,21.0182112462912,-6.02947951255333
"state_time_baseline","none",1,2017,"Florida","FL","FL-511","Pensacola/Escambia, Santa Rosa Counties CoC",2016,2017,15.555163370258,21.0182112462912,-5.46304787603323
"state_time_baseline","none",1,2017,"Florida","FL","FL-512","St. Johns County CoC",2016,2017,18.2606804462992,21.0182112462912,-2.75753079999203
"state_time_baseline","none",1,2017,"Florida","FL","FL-513","Palm Bay, Melbourne/Brevard County CoC",2016,2017,14.3763961692434,21.0182112462912,-6.64181507704783
"state_time_baseline","none",1,2017,"Florida","FL","FL-514","Ocala/Marion County CoC",2016,2017,20.5185388536222,21.0182112462912,-0.499672392669034
"state_time_baseline","none",1,2017,"Florida","FL","FL-515","Panama City/Bay, Jackson Counties CoC",2016,2017,10.9257278128059,21.0182112462912,-10.0924834334853
"state_time_baseline","none",1,2017,"Florida","FL","FL-517","Hendry, Hardee, Highlands Counties CoC",2016,2017,23.0577010449796,21.0182112462912,2.03948979868836
"state_time_baseline","none",1,2017,"Florida","FL","FL-519","Pasco County CoC",2016,2017,49.3772148813366,21.0182112462912,28.3590036350454
"state_time_baseline","none",1,2017,"Florida","FL","FL-520","Citrus, Hernando, Lake, Sumter Counties CoC",2016,2017,7.91231904464043,21.0182112462912,-13.1058922016508
"state_time_baseline","none",1,2017,"Florida","FL","FL-600","Miami-Dade County CoC",2016,2017,13.7139529612519,21.0182112462912,-7.30425828503933
"state_time_baseline","none",1,2017,"Florida","FL","FL-601","Ft Lauderdale/Broward County CoC",2016,2017,12.6646665108999,21.0182112462912,-8.35354473539133
"state_time_baseline","none",1,2017,"Florida","FL","FL-602","Charlotte County CoC",2016,2017,12.2299225438239,21.0182112462912,-8.78828870246733
"state_time_baseline","none",1,2017,"Florida","FL","FL-603","Ft Myers, Cape Coral/Lee County CoC",2016,2017,5.82432432432432,21.0182112462912,-15.1938869219669
"state_time_baseline","none",1,2017,"Florida","FL","FL-604","Monroe County CoC",2016,2017,82.5019939071428,21.0182112462912,61.4837826608516
"state_time_baseline","none",1,2017,"Florida","FL","FL-605","West Palm Beach/Palm Beach County CoC",2016,2017,10.9294151572693,21.0182112462912,-10.0887960890219
"state_time_baseline","none",1,2017,"Florida","FL","FL-606","Naples/Collier County CoC",2016,2017,16.6631784006569,21.0182112462912,-4.35503284563433
"pooled_lasso","min",1,2017,"California","CA","CA-500","San Jose/Santa Clara City & County CoC",2016,2017,38.2611215465897,9.41568867742892,28.8454328691608
"pooled_lasso","min",1,2017,"California","CA","CA-501","San Francisco CoC",2016,2017,78.1057810578106,87.4945966680261,-9.38881561021552
"pooled_lasso","min",1,2017,"California","CA","CA-502","Oakland, Berkeley/Alameda County CoC",2016,2017,33.905635238249,15.5109149097646,18.3947203284844
"pooled_lasso","min",1,2017,"California","CA","CA-503","Sacramento City & County CoC",2016,2017,23.9965795871279,28.1868717109093,-4.19029212378142
"pooled_lasso","min",1,2017,"California","CA","CA-504","Santa Rosa, Petaluma/Sonoma County CoC",2016,2017,56.4213911704006,48.8613092223272,7.56008194807342
"pooled_lasso","min",1,2017,"California","CA","CA-505","Contra Costa County CoC",2016,2017,14.028379752692,12.0408343877046,1.98754536498743
"pooled_lasso","min",1,2017,"California","CA","CA-506","Salinas/Monterey, San Benito Counties CoC",2016,2017,68.0010834893208,32.1132532501526,35.8878302391682
"pooled_lasso","min",1,2017,"California","CA","CA-507","Marin County CoC",2016,2017,43.0030529472683,41.3248190062982,1.67823394097006
"pooled_lasso","min",1,2017,"California","CA","CA-508","Watsonville/Santa Cruz City & County CoC",2016,2017,81.8246645516198,49.8038308459659,32.0208337056539
"pooled_lasso","min",1,2017,"California","CA","CA-509","Mendocino County CoC",2016,2017,141.362930483237,91.8882768943364,49.4746535889006
"pooled_lasso","min",1,2017,"California","CA","CA-510","Turlock, Modesto/Stanislaus County CoC",2016,2017,30.4928981471113,27.0294396705113,3.4634584766
"pooled_lasso","min",1,2017,"California","CA","CA-511","Stockton/San Joaquin County CoC",2016,2017,20.7454365421044,30.567291583254,-9.8218550411496
"pooled_lasso","min",1,2017,"California","CA","CA-512","Daly City/San Mateo County CoC",2016,2017,16.2959860892365,16.3319298312562,-0.0359437420196862
"pooled_lasso","min",1,2017,"California","CA","CA-513","Visalia/Kings, Tulare Counties CoC",2016,2017,13.9385234315893,17.7434699494243,-3.80494651783496
"pooled_lasso","min",1,2017,"California","CA","CA-514","Fresno City & County/Madera County CoC",2016,2017,17.6739627286284,19.1082912933604,-1.43432856473203
"pooled_lasso","min",1,2017,"California","CA","CA-515","Roseville, Rocklin/Placer County CoC",2016,2017,25.420978149384,32.7927947802389,-7.37181663085494
"pooled_lasso","min",1,2017,"California","CA","CA-516","Redding/Shasta, Siskiyou, Lassen, Plumas, Del Norte, Modoc, Sierra Counties CoC",2016,2017,29.953658419255,26.2685021169266,3.68515630232843
"pooled_lasso","min",1,2017,"California","CA","CA-517","Napa City & County CoC",2016,2017,22.519624243984,35.5970389257593,-13.0774146817753
"pooled_lasso","min",1,2017,"California","CA","CA-518","Vallejo/Solano County CoC",2016,2017,27.7783414616548,26.0632963915629,1.71504507009194
"pooled_lasso","min",1,2017,"California","CA","CA-519","Chico, Paradise/Butte County CoC",2016,2017,52.2527722391297,41.8471673072666,10.4056049318631
"pooled_lasso","min",1,2017,"California","CA","CA-520","Merced City & County CoC",2016,2017,16.7468350694957,25.5138450479248,-8.76700997842905
"pooled_lasso","min",1,2017,"California","CA","CA-521","Davis, Woodland/Yolo County CoC",2016,2017,21.0090764702921,21.1142543049348,-0.105177834642685
"pooled_lasso","min",1,2017,"California","CA","CA-522","Humboldt County CoC",2016,2017,55.6015442431524,49.1100669671458,6.49147727600655
"pooled_lasso","min",1,2017,"California","CA","CA-523","Colusa, Glenn, Trinity Counties CoC",2016,2017,28.2817245424306,31.9889220326115,-3.70719749018091
"pooled_lasso","min",1,2017,"California","CA","CA-524","Yuba City & County/Sutter County CoC",2016,2017,43.9860633630818,26.4132184675049,17.5728448955769
"pooled_lasso","min",1,2017,"California","CA","CA-525","El Dorado County CoC",2016,2017,31.9060414778539,25.4200803229264,6.48596115492748
"pooled_lasso","min",1,2017,"California","CA","CA-526","Amador, Calaveras, Mariposa, Tuolumne Counties CoC",2016,2017,23.586118251928,27.7404850148522,-4.15436676292425
"pooled_lasso","min",1,2017,"California","CA","CA-527","Tehama County CoC",2016,2017,19.4214293545507,37.1066538576642,-17.6852245031135
"pooled_lasso","min",1,2017,"California","CA","CA-529","Lake County CoC",2016,2017,62.5477687136373,36.6336287151864,25.9141399984509
"pooled_lasso","min",1,2017,"California","CA","CA-600","Los Angeles City & County CoC",2016,2017,56.4230733446126,17.7204396464673,38.7026336981453
"pooled_lasso","min",1,2017,"California","CA","CA-601","San Diego City and County CoC",2016,2017,27.5800853718057,16.7634384945945,10.8166468772112
"pooled_lasso","min",1,2017,"California","CA","CA-602","Santa Ana, Anaheim/Orange County CoC",2016,2017,15.0962940047362,5.61865394495772,9.47764005977848
"pooled_lasso","min",1,2017,"California","CA","CA-603","Santa Maria/Santa Barbara County CoC",2016,2017,41.7697811353296,44.609517356079,-2.83973622074945
"pooled_lasso","min",1,2017,"California","CA","CA-604","Bakersfield/Kern County CoC",2016,2017,9.12824165273013,24.3824453472386,-15.2542036945085
"pooled_lasso","min",1,2017,"California","CA","CA-606","Long Beach CoC",2016,2017,39.5403102800944,47.4296999281987,-7.88938964810433
"pooled_lasso","min",1,2017,"California","CA","CA-607","Pasadena CoC",2016,2017,40.5970261817663,49.0727589834667,-8.47573280170036
"pooled_lasso","min",1,2017,"California","CA","CA-608","Riverside City & County CoC",2016,2017,9.9628814342574,13.480868469403,-3.51798703514556
"pooled_lasso","min",1,2017,"California","CA","CA-609","San Bernardino City & County CoC",2016,2017,8.67525668950159,12.8669010084285,-4.19164431892695
"pooled_lasso","min",1,2017,"California","CA","CA-611","Oxnard, San Buenaventura/Ventura County CoC",2016,2017,13.5682014124121,22.7854649123003,-9.21726349988823
"pooled_lasso","min",1,2017,"California","CA","CA-612","Glendale CoC",2016,2017,8.55024115403616,24.9145263248279,-16.3642851707918
"pooled_lasso","min",1,2017,"California","CA","CA-613","Imperial County CoC",2016,2017,63.5291138404285,12.9862348588279,50.5428789816006
"pooled_lasso","min",1,2017,"California","CA","CA-614","San Luis Obispo County CoC",2016,2017,39.8256873913644,36.7843253054254,3.04136208593896
"pooled_lasso","min",1,2017,"Florida","FL","FL-500","Sarasota, Bradenton/Manatee, Sarasota Counties CoC",2016,2017,17.9710029732261,14.5740049180348,3.39699805519131
"pooled_lasso","min",1,2017,"Florida","FL","FL-501","Tampa/Hillsborough County CoC",2016,2017,10.8569490080856,12.1160398511724,-1.25909084308682
"pooled_lasso","min",1,2017,"Florida","FL","FL-502","St. Petersburg, Clearwater, Largo/Pinellas County CoC",2016,2017,29.2355688750141,28.1948060153831,1.04076285963099
"pooled_lasso","min",1,2017,"Florida","FL","FL-503","Lakeland/Polk County CoC",2016,2017,7.4704392384821,10.9257703225087,-3.45533108402663
"pooled_lasso","min",1,2017,"Florida","FL","FL-504","Deltona, Daytona Beach/Volusia, Flagler Counties CoC",2016,2017,11.6227559051472,19.8414679291163,-8.21871202396912
"pooled_lasso","min",1,2017,"Florida","FL","FL-505","Fort Walton Beach/Okaloosa, Walton Counties CoC",2016,2017,14.7698518226586,23.817891738799,-9.04803991614041
"pooled_lasso","min",1,2017,"Florida","FL","FL-506","Tallahassee/Leon County CoC",2016,2017,24.055135864484,26.238791225629,-2.18365536114501
"pooled_lasso","min",1,2017,"Florida","FL","FL-507","Orlando/Orange, Osceola, Seminole Counties CoC",2016,2017,9.54728645772195,2.97447486701916,6.57281159070279
"pooled_lasso","min",1,2017,"Florida","FL","FL-508","Gainesville/Alachua, Putnam Counties CoC",2016,2017,18.2397039352823,22.5888909772229,-4.34918704194061
"pooled_lasso","min",1,2017,"Florida","FL","FL-509","Fort Pierce/St. Lucie, Indian River, Martin Counties CoC",2016,2017,27.6189792777924,14.9321904224963,12.6867888552961
"pooled_lasso","min",1,2017,"Florida","FL","FL-510","Jacksonville-Duval, Clay Counties CoC",2016,2017,14.9887317337379,18.1569535252108,-3.16822179147288
"pooled_lasso","min",1,2017,"Florida","FL","FL-511","Pensacola/Escambia, Santa Rosa Counties CoC",2016,2017,15.555163370258,27.9456872616046,-12.3905238913466
"pooled_lasso","min",1,2017,"Florida","FL","FL-512","St. Johns County CoC",2016,2017,18.2606804462992,23.1697767013726,-4.90909625507341
"pooled_lasso","min",1,2017,"Florida","FL","FL-513","Palm Bay, Melbourne/Brevard County CoC",2016,2017,14.3763961692434,18.7099838724101,-4.33358770316669
"pooled_lasso","min",1,2017,"Florida","FL","FL-514","Ocala/Marion County CoC",2016,2017,20.5185388536222,21.947360097479,-1.42882124385682
"pooled_lasso","min",1,2017,"Florida","FL","FL-515","Panama City/Bay, Jackson Counties CoC",2016,2017,10.9257278128059,18.2051164215145,-7.27938860870857
"pooled_lasso","min",1,2017,"Florida","FL","FL-517","Hendry, Hardee, Highlands Counties CoC",2016,2017,23.0577010449796,13.1981405378747,9.85956050710491
"pooled_lasso","min",1,2017,"Florida","FL","FL-519","Pasco County CoC",2016,2017,49.3772148813366,14.3601488791686,35.017066002168
"pooled_lasso","min",1,2017,"Florida","FL","FL-520","Citrus, Hernando, Lake, Sumter Counties CoC",2016,2017,7.91231904464043,8.46381231391915,-0.551493269278716
"pooled_lasso","min",1,2017,"Florida","FL","FL-600","Miami-Dade County CoC",2016,2017,13.7139529612519,4.35248716252216,9.36146579872974
"pooled_lasso","min",1,2017,"Florida","FL","FL-601","Ft Lauderdale/Broward County CoC",2016,2017,12.6646665108999,8.55303498445553,4.11163152644437
"pooled_lasso","min",1,2017,"Florida","FL","FL-602","Charlotte County CoC",2016,2017,12.2299225438239,29.9916621095377,-17.7617395657138
"pooled_lasso","min",1,2017,"Florida","FL","FL-603","Ft Myers, Cape Coral/Lee County CoC",2016,2017,5.82432432432432,12.1113006520961,-6.28697632777179
"pooled_lasso","min",1,2017,"Florida","FL","FL-604","Monroe County CoC",2016,2017,82.5019939071428,85.1681306935497,-2.6661367864069
"pooled_lasso","min",1,2017,"Florida","FL","FL-605","West Palm Beach/Palm Beach County CoC",2016,2017,10.9294151572693,3.72690230428832,7.20251285298098
"pooled_lasso","min",1,2017,"Florida","FL","FL-606","Naples/Collier County CoC",2016,2017,16.6631784006569,11.5016451840771,5.16153321657984
"pooled_lasso","1se",1,2017,"California","CA","CA-500","San Jose/Santa Clara City & County CoC",2016,2017,38.2611215465897,22.4737555559541,15.7873659906356
"pooled_lasso","1se",1,2017,"California","CA","CA-501","San Francisco CoC",2016,2017,78.1057810578106,72.1563511807445,5.9494298770661
"pooled_lasso","1se",1,2017,"California","CA","CA-502","Oakland, Berkeley/Alameda County CoC",2016,2017,33.905635238249,24.4320405379861,9.47359470026293
"pooled_lasso","1se",1,2017,"California","CA","CA-503","Sacramento City & County CoC",2016,2017,23.9965795871279,26.0083797733723,-2.01180018624439
"pooled_lasso","1se",1,2017,"California","CA","CA-504","Santa Rosa, Petaluma/Sonoma County CoC",2016,2017,56.4213911704006,36.5156055541439,19.9057856162567
"pooled_lasso","1se",1,2017,"California","CA","CA-505","Contra Costa County CoC",2016,2017,14.028379752692,19.3862414685139,-5.35786171582189
"pooled_lasso","1se",1,2017,"California","CA","CA-506","Salinas/Monterey, San Benito Counties CoC",2016,2017,68.0010834893208,29.162723004308,38.8383604850128
"pooled_lasso","1se",1,2017,"California","CA","CA-507","Marin County CoC",2016,2017,43.0030529472683,37.6131912653947,5.38986168187361
"pooled_lasso","1se",1,2017,"California","CA","CA-508","Watsonville/Santa Cruz City & County CoC",2016,2017,81.8246645516198,39.3326651650959,42.4919993865239
"pooled_lasso","1se",1,2017,"California","CA","CA-509","Mendocino County CoC",2016,2017,141.362930483237,54.4751573552408,86.8877731279962
"pooled_lasso","1se",1,2017,"California","CA","CA-510","Turlock, Modesto/Stanislaus County CoC",2016,2017,30.4928981471113,27.1692655162992,3.3236326308121
"pooled_lasso","1se",1,2017,"California","CA","CA-511","Stockton/San Joaquin County CoC",2016,2017,20.7454365421044,31.0215059974485,-10.2760694553441
"pooled_lasso","1se",1,2017,"California","CA","CA-512","Daly City/San Mateo County CoC",2016,2017,16.2959860892365,24.9864666006738,-8.69048051143726
"pooled_lasso","1se",1,2017,"California","CA","CA-513","Visalia/Kings, Tulare Counties CoC",2016,2017,13.9385234315893,21.9311630222467,-7.99263959065738
"pooled_lasso","1se",1,2017,"California","CA","CA-514","Fresno City & County/Madera County CoC",2016,2017,17.6739627286284,20.9018119993366,-3.22784927070822
"pooled_lasso","1se",1,2017,"California","CA","CA-515","Roseville, Rocklin/Placer County CoC",2016,2017,25.420978149384,29.1752266691173,-3.7542485197333
"pooled_lasso","1se",1,2017,"California","CA","CA-516","Redding/Shasta, Siskiyou, Lassen, Plumas, Del Norte, Modoc, Sierra Counties CoC",2016,2017,29.953658419255,29.5675144373733,0.386143981881727
"pooled_lasso","1se",1,2017,"California","CA","CA-517","Napa City & County CoC",2016,2017,22.519624243984,31.1392319424984,-8.61960769851436
"pooled_lasso","1se",1,2017,"California","CA","CA-518","Vallejo/Solano County CoC",2016,2017,27.7783414616548,24.8723309556768,2.90601050597804
"pooled_lasso","1se",1,2017,"California","CA","CA-519","Chico, Paradise/Butte County CoC",2016,2017,52.2527722391297,35.4133869305771,16.8393853085526
"pooled_lasso","1se",1,2017,"California","CA","CA-520","Merced City & County CoC",2016,2017,16.7468350694957,27.0639342514898,-10.3170991819941
"pooled_lasso","1se",1,2017,"California","CA","CA-521","Davis, Woodland/Yolo County CoC",2016,2017,21.0090764702921,31.780684468986,-10.7716079986939
"pooled_lasso","1se",1,2017,"California","CA","CA-522","Humboldt County CoC",2016,2017,55.6015442431524,37.0012280503425,18.6003161928099
"pooled_lasso","1se",1,2017,"California","CA","CA-523","Colusa, Glenn, Trinity Counties CoC",2016,2017,28.2817245424306,32.2278189998682,-3.9460944574376
"pooled_lasso","1se",1,2017,"California","CA","CA-524","Yuba City & County/Sutter County CoC",2016,2017,43.9860633630818,29.0521768355468,14.933886527535
"pooled_lasso","1se",1,2017,"California","CA","CA-525","El Dorado County CoC",2016,2017,31.9060414778539,25.6391248290792,6.26691664877465
"pooled_lasso","1se",1,2017,"California","CA","CA-526","Amador, Calaveras, Mariposa, Tuolumne Counties CoC",2016,2017,23.586118251928,30.1115455038841,-6.52542725195613
"pooled_lasso","1se",1,2017,"California","CA","CA-527","Tehama County CoC",2016,2017,19.4214293545507,30.8367663212322,-11.4153369666815
"pooled_lasso","1se",1,2017,"California","CA","CA-529","Lake County CoC",2016,2017,62.5477687136373,32.0462213520677,30.5015473615696
"pooled_lasso","1se",1,2017,"California","CA","CA-600","Los Angeles City & County CoC",2016,2017,56.4230733446126,19.3993162979103,37.0237570467023
"pooled_lasso","1se",1,2017,"California","CA","CA-601","San Diego City and County CoC",2016,2017,27.5800853718057,20.1837201423727,7.39636522943298
"pooled_lasso","1se",1,2017,"California","CA","CA-602","Santa Ana, Anaheim/Orange County CoC",2016,2017,15.0962940047362,14.8124085677753,0.283885436960849
"pooled_lasso","1se",1,2017,"California","CA","CA-603","Santa Maria/Santa Barbara County CoC",2016,2017,41.7697811353296,35.3301879450964,6.43959319023323
"pooled_lasso","1se",1,2017,"California","CA","CA-604","Bakersfield/Kern County CoC",2016,2017,9.12824165273013,24.1794296943819,-15.0511880416517
"pooled_lasso","1se",1,2017,"California","CA","CA-606","Long Beach CoC",2016,2017,39.5403102800944,39.3890040755988,0.151306204495604
"pooled_lasso","1se",1,2017,"California","CA","CA-607","Pasadena CoC",2016,2017,40.5970261817663,39.5071813263852,1.08984485538112
"pooled_lasso","1se",1,2017,"California","CA","CA-608","Riverside City & County CoC",2016,2017,9.9628814342574,14.6434151856624,-4.68053375140504
"pooled_lasso","1se",1,2017,"California","CA","CA-609","San Bernardino City & County CoC",2016,2017,8.67525668950159,14.0587128134796,-5.383456123978
"pooled_lasso","1se",1,2017,"California","CA","CA-611","Oxnard, San Buenaventura/Ventura County CoC",2016,2017,13.5682014124121,19.851372259002,-6.28317084658988
"pooled_lasso","1se",1,2017,"California","CA","CA-612","Glendale CoC",2016,2017,8.55024115403616,27.7879140249716,-19.2376728709355
"pooled_lasso","1se",1,2017,"California","CA","CA-613","Imperial County CoC",2016,2017,63.5291138404285,28.4987598758602,35.0303539645683
"pooled_lasso","1se",1,2017,"California","CA","CA-614","San Luis Obispo County CoC",2016,2017,39.8256873913644,28.6651528646971,11.1605345266673
"pooled_lasso","1se",1,2017,"Florida","FL","FL-500","Sarasota, Bradenton/Manatee, Sarasota Counties CoC",2016,2017,17.9710029732261,17.5912369662006,0.379766007025484
"pooled_lasso","1se",1,2017,"Florida","FL","FL-501","Tampa/Hillsborough County CoC",2016,2017,10.8569490080856,16.5782265022089,-5.72127749412331
"pooled_lasso","1se",1,2017,"Florida","FL","FL-502","St. Petersburg, Clearwater, Largo/Pinellas County CoC",2016,2017,29.2355688750141,27.8814046994075,1.3541641756066
"pooled_lasso","1se",1,2017,"Florida","FL","FL-503","Lakeland/Polk County CoC",2016,2017,7.4704392384821,17.0217918339203,-9.55135259543824
"pooled_lasso","1se",1,2017,"Florida","FL","FL-504","Deltona, Daytona Beach/Volusia, Flagler Counties CoC",2016,2017,11.6227559051472,17.7671005113474,-6.14434460620021
"pooled_lasso","1se",1,2017,"Florida","FL","FL-505","Fort Walton Beach/Okaloosa, Walton Counties CoC",2016,2017,14.7698518226586,20.3067407316928,-5.53688890903417
"pooled_lasso","1se",1,2017,"Florida","FL","FL-506","Tallahassee/Leon County CoC",2016,2017,24.055135864484,25.5079133553597,-1.45277749087568
"pooled_lasso","1se",1,2017,"Florida","FL","FL-507","Orlando/Orange, Osceola, Seminole Counties CoC",2016,2017,9.54728645772195,13.1274829329659,-3.58019647524398
"pooled_lasso","1se",1,2017,"Florida","FL","FL-508","Gainesville/Alachua, Putnam Counties CoC",2016,2017,18.2397039352823,25.1197523763617,-6.88004844107937
"pooled_lasso","1se",1,2017,"Florida","FL","FL-509","Fort Pierce/St. Lucie, Indian River, Martin Counties CoC",2016,2017,27.6189792777924,15.6696456004634,11.949333677329
"pooled_lasso","1se",1,2017,"Florida","FL","FL-510","Jacksonville-Duval, Clay Counties CoC",2016,2017,14.9887317337379,19.4478046587879,-4.45907292504998
"pooled_lasso","1se",1,2017,"Florida","FL","FL-511","Pensacola/Escambia, Santa Rosa Counties CoC",2016,2017,15.555163370258,24.5060097184551,-8.9508463481971
"pooled_lasso","1se",1,2017,"Florida","FL","FL-512","St. Johns County CoC",2016,2017,18.2606804462992,21.1217172554227,-2.86103680912347
"pooled_lasso","1se",1,2017,"Florida","FL","FL-513","Palm Bay, Melbourne/Brevard County CoC",2016,2017,14.3763961692434,20.9151168896023,-6.5387207203589
"pooled_lasso","1se",1,2017,"Florida","FL","FL-514","Ocala/Marion County CoC",2016,2017,20.5185388536222,21.5003857243675,-0.981846870745304
"pooled_lasso","1se",1,2017,"Florida","FL","FL-515","Panama City/Bay, Jackson Counties CoC",2016,2017,10.9257278128059,19.1169534339455,-8.19122562113959
"pooled_lasso","1se",1,2017,"Florida","FL","FL-517","Hendry, Hardee, Highlands Counties CoC",2016,2017,23.0577010449796,22.9500906821634,0.107610362816242
"pooled_lasso","1se",1,2017,"Florida","FL","FL-519","Pasco County CoC",2016,2017,49.3772148813366,15.9096096049652,33.4676052763714
"pooled_lasso","1se",1,2017,"Florida","FL","FL-520","Citrus, Hernando, Lake, Sumter Counties CoC",2016,2017,7.91231904464043,12.868678047421,-4.95635900278061
"pooled_lasso","1se",1,2017,"Florida","FL","FL-600","Miami-Dade County CoC",2016,2017,13.7139529612519,18.2790143914616,-4.56506143020969
"pooled_lasso","1se",1,2017,"Florida","FL","FL-601","Ft Lauderdale/Broward County CoC",2016,2017,12.6646665108999,14.5119675192276,-1.84730100832769
"pooled_lasso","1se",1,2017,"Florida","FL","FL-602","Charlotte County CoC",2016,2017,12.2299225438239,24.6336465663569,-12.403724022533
"pooled_lasso","1se",1,2017,"Florida","FL","FL-603","Ft Myers, Cape Coral/Lee County CoC",2016,2017,5.82432432432432,15.2234629964177,-9.39913867209336
"pooled_lasso","1se",1,2017,"Florida","FL","FL-604","Monroe County CoC",2016,2017,82.5019939071428,61.2290824267395,21.2729114804033
"pooled_lasso","1se",1,2017,"Florida","FL","FL-605","West Palm Beach/Palm Beach County CoC",2016,2017,10.9294151572693,12.5764450400153,-1.64702988274596
"pooled_lasso","1se",1,2017,"Florida","FL","FL-606","Naples/Collier County CoC",2016,2017,16.6631784006569,20.1320366739392,-3.46885827328234
"pooled_lasso_state_interactions","min",1,2017,"California","CA","CA-500","San Jose/Santa Clara City & County CoC",2016,2017,38.2611215465897,12.2889035286835,25.9722180179062
"pooled_lasso_state_interactions","min",1,2017,"California","CA","CA-501","San Francisco CoC",2016,2017,78.1057810578106,87.3503660164916,-9.24458495868105
"pooled_lasso_state_interactions","min",1,2017,"California","CA","CA-502","Oakland, Berkeley/Alameda County CoC",2016,2017,33.905635238249,17.2590079906209,16.6466272476281
"pooled_lasso_state_interactions","min",1,2017,"California","CA","CA-503","Sacramento City & County CoC",2016,2017,23.9965795871279,28.3703154817482,-4.37373589462035
"pooled_lasso_state_interactions","min",1,2017,"California","CA","CA-504","Santa Rosa, Petaluma/Sonoma County CoC",2016,2017,56.4213911704006,54.7945141982507,1.62687697214989
"pooled_lasso_state_interactions","min",1,2017,"California","CA","CA-505","Contra Costa County CoC",2016,2017,14.028379752692,8.89494942673957,5.13343032595243
"pooled_lasso_state_interactions","min",1,2017,"California","CA","CA-506","Salinas/Monterey, San Benito Counties CoC",2016,2017,68.0010834893208,37.1132926278643,30.8877908614565
"pooled_lasso_state_interactions","min",1,2017,"California","CA","CA-507","Marin County CoC",2016,2017,43.0030529472683,45.6086903760086,-2.60563742874026
"pooled_lasso_state_interactions","min",1,2017,"California","CA","CA-508","Watsonville/Santa Cruz City & County CoC",2016,2017,81.8246645516198,57.9447127751606,23.8799517764592
"pooled_lasso_state_interactions","min",1,2017,"California","CA","CA-509","Mendocino County CoC",2016,2017,141.362930483237,96.7449156486932,44.6180148345438
"pooled_lasso_state_interactions","min",1,2017,"California","CA","CA-510","Turlock, Modesto/Stanislaus County CoC",2016,2017,30.4928981471113,27.2262810662685,3.26661708084285
"pooled_lasso_state_interactions","min",1,2017,"California","CA","CA-511","Stockton/San Joaquin County CoC",2016,2017,20.7454365421044,32.6019123132862,-11.8564757711818
"pooled_lasso_state_interactions","min",1,2017,"California","CA","CA-512","Daly City/San Mateo County CoC",2016,2017,16.2959860892365,16.4861216048479,-0.190135515611434
"pooled_lasso_state_interactions","min",1,2017,"California","CA","CA-513","Visalia/Kings, Tulare Counties CoC",2016,2017,13.9385234315893,16.2938763017907,-2.35535287020144
"pooled_lasso_state_interactions","min",1,2017,"California","CA","CA-514","Fresno City & County/Madera County CoC",2016,2017,17.6739627286284,19.2419541168967,-1.56799138826827
"pooled_lasso_state_interactions","min",1,2017,"California","CA","CA-515","Roseville, Rocklin/Placer County CoC",2016,2017,25.420978149384,25.4937690466307,-0.0727908972467297
"pooled_lasso_state_interactions","min",1,2017,"California","CA","CA-516","Redding/Shasta, Siskiyou, Lassen, Plumas, Del Norte, Modoc, Sierra Counties CoC",2016,2017,29.953658419255,30.0182793473349,-0.0646209280799326
"pooled_lasso_state_interactions","min",1,2017,"California","CA","CA-517","Napa City & County CoC",2016,2017,22.519624243984,35.3525318741465,-12.8329076301625
"pooled_lasso_state_interactions","min",1,2017,"California","CA","CA-518","Vallejo/Solano County CoC",2016,2017,27.7783414616548,23.3584488433347,4.41989261832007
"pooled_lasso_state_interactions","min",1,2017,"California","CA","CA-519","Chico, Paradise/Butte County CoC",2016,2017,52.2527722391297,43.2454054778067,9.00736676132299
"pooled_lasso_state_interactions","min",1,2017,"California","CA","CA-520","Merced City & County CoC",2016,2017,16.7468350694957,23.664218265276,-6.91738319578031
"pooled_lasso_state_interactions","min",1,2017,"California","CA","CA-521","Davis, Woodland/Yolo County CoC",2016,2017,21.0090764702921,22.7932583668377,-1.7841818965456
"pooled_lasso_state_interactions","min",1,2017,"California","CA","CA-522","Humboldt County CoC",2016,2017,55.6015442431524,52.9224751394554,2.67906910369705
"pooled_lasso_state_interactions","min",1,2017,"California","CA","CA-523","Colusa, Glenn, Trinity Counties CoC",2016,2017,28.2817245424306,26.4067595780841,1.87496496434653
"pooled_lasso_state_interactions","min",1,2017,"California","CA","CA-524","Yuba City & County/Sutter County CoC",2016,2017,43.9860633630818,24.457915362027,19.5281480010548
"pooled_lasso_state_interactions","min",1,2017,"California","CA","CA-525","El Dorado County CoC",2016,2017,31.9060414778539,17.9731119082122,13.9329295696417
"pooled_lasso_state_interactions","min",1,2017,"California","CA","CA-526","Amador, Calaveras, Mariposa, Tuolumne Counties CoC",2016,2017,23.586118251928,26.7635294798249,-3.17741122789693
"pooled_lasso_state_interactions","min",1,2017,"California","CA","CA-527","Tehama County CoC",2016,2017,19.4214293545507,31.6878145779468,-12.2663852233961
"pooled_lasso_state_interactions","min",1,2017,"California","CA","CA-529","Lake County CoC",2016,2017,62.5477687136373,40.1416150421002,22.4061536715371
"pooled_lasso_state_interactions","min",1,2017,"California","CA","CA-600","Los Angeles City & County CoC",2016,2017,56.4230733446126,28.8664513009497,27.5566220436629
"pooled_lasso_state_interactions","min",1,2017,"California","CA","CA-601","San Diego City and County CoC",2016,2017,27.5800853718057,23.4914675526742,4.08861781913154
"pooled_lasso_state_interactions","min",1,2017,"California","CA","CA-602","Santa Ana, Anaheim/Orange County CoC",2016,2017,15.0962940047362,5.77387626489965,9.32241773983655
"pooled_lasso_state_interactions","min",1,2017,"California","CA","CA-603","Santa Maria/Santa Barbara County CoC",2016,2017,41.7697811353296,51.8421812787627,-10.0724001434331
"pooled_lasso_state_interactions","min",1,2017,"California","CA","CA-604","Bakersfield/Kern County CoC",2016,2017,9.12824165273013,22.3652607473966,-13.2370190946665
"pooled_lasso_state_interactions","min",1,2017,"California","CA","CA-606","Long Beach CoC",2016,2017,39.5403102800944,51.1949069716974,-11.654596691603
"pooled_lasso_state_interactions","min",1,2017,"California","CA","CA-607","Pasadena CoC",2016,2017,40.5970261817663,52.073889635655,-11.4768634538887
"pooled_lasso_state_interactions","min",1,2017,"California","CA","CA-608","Riverside City & County CoC",2016,2017,9.9628814342574,11.5478304212237,-1.58494898696633
"pooled_lasso_state_interactions","min",1,2017,"California","CA","CA-609","San Bernardino City & County CoC",2016,2017,8.67525668950159,13.194822082093,-4.51956539259144
"pooled_lasso_state_interactions","min",1,2017,"California","CA","CA-611","Oxnard, San Buenaventura/Ventura County CoC",2016,2017,13.5682014124121,22.9032909149996,-9.33508950258754
"pooled_lasso_state_interactions","min",1,2017,"California","CA","CA-612","Glendale CoC",2016,2017,8.55024115403616,25.1525227343419,-16.6022815803057
"pooled_lasso_state_interactions","min",1,2017,"California","CA","CA-613","Imperial County CoC",2016,2017,63.5291138404285,11.7901941852225,51.738919655206
"pooled_lasso_state_interactions","min",1,2017,"California","CA","CA-614","San Luis Obispo County CoC",2016,2017,39.8256873913644,36.3797177287188,3.44596966264563
"pooled_lasso_state_interactions","min",1,2017,"Florida","FL","FL-500","Sarasota, Bradenton/Manatee, Sarasota Counties CoC",2016,2017,17.9710029732261,12.917476597576,5.05352637565008
"pooled_lasso_state_interactions","min",1,2017,"Florida","FL","FL-501","Tampa/Hillsborough County CoC",2016,2017,10.8569490080856,10.2993147728329,0.557634235252671
"pooled_lasso_state_interactions","min",1,2017,"Florida","FL","FL-502","St. Petersburg, Clearwater, Largo/Pinellas County CoC",2016,2017,29.2355688750141,17.5568076317271,11.678761243287
"pooled_lasso_state_interactions","min",1,2017,"Florida","FL","FL-503","Lakeland/Polk County CoC",2016,2017,7.4704392384821,8.99459865996632,-1.52415942148422
"pooled_lasso_state_interactions","min",1,2017,"Florida","FL","FL-504","Deltona, Daytona Beach/Volusia, Flagler Counties CoC",2016,2017,11.6227559051472,18.2475431661059,-6.62478726095867
"pooled_lasso_state_interactions","min",1,2017,"Florida","FL","FL-505","Fort Walton Beach/Okaloosa, Walton Counties CoC",2016,2017,14.7698518226586,30.3824897365112,-15.6126379138526
"pooled_lasso_state_interactions","min",1,2017,"Florida","FL","FL-506","Tallahassee/Leon County CoC",2016,2017,24.055135864484,20.5062676724192,3.54886819206483
"pooled_lasso_state_interactions","min",1,2017,"Florida","FL","FL-507","Orlando/Orange, Osceola, Seminole Counties CoC",2016,2017,9.54728645772195,0.723353491908036,8.82393296581392
"pooled_lasso_state_interactions","min",1,2017,"Florida","FL","FL-508","Gainesville/Alachua, Putnam Counties CoC",2016,2017,18.2397039352823,15.613855301996,2.62584863328631
"pooled_lasso_state_interactions","min",1,2017,"Florida","FL","FL-509","Fort Pierce/St. Lucie, Indian River, Martin Counties CoC",2016,2017,27.6189792777924,15.7256354158853,11.8933438619071
"pooled_lasso_state_interactions","min",1,2017,"Florida","FL","FL-510","Jacksonville-Duval, Clay Counties CoC",2016,2017,14.9887317337379,13.0538486036178,1.93488313012014
"pooled_lasso_state_interactions","min",1,2017,"Florida","FL","FL-511","Pensacola/Escambia, Santa Rosa Counties CoC",2016,2017,15.555163370258,22.0088848922588,-6.4537215220008
"pooled_lasso_state_interactions","min",1,2017,"Florida","FL","FL-512","St. Johns County CoC",2016,2017,18.2606804462992,32.4351574714162,-14.174477025117
"pooled_lasso_state_interactions","min",1,2017,"Florida","FL","FL-513","Palm Bay, Melbourne/Brevard County CoC",2016,2017,14.3763961692434,16.5175638028085,-2.14116763356512
"pooled_lasso_state_interactions","min",1,2017,"Florida","FL","FL-514","Ocala/Marion County CoC",2016,2017,20.5185388536222,21.1776628338816,-0.659123980259366
"pooled_lasso_state_interactions","min",1,2017,"Florida","FL","FL-515","Panama City/Bay, Jackson Counties CoC",2016,2017,10.9257278128059,18.1328495838428,-7.20712177103685
"pooled_lasso_state_interactions","min",1,2017,"Florida","FL","FL-517","Hendry, Hardee, Highlands Counties CoC",2016,2017,23.0577010449796,13.9301184638994,9.12758258108023
"pooled_lasso_state_interactions","min",1,2017,"Florida","FL","FL-519","Pasco County CoC",2016,2017,49.3772148813366,12.8066946517759,36.5705202295607
"pooled_lasso_state_interactions","min",1,2017,"Florida","FL","FL-520","Citrus, Hernando, Lake, Sumter Counties CoC",2016,2017,7.91231904464043,10.721443237548,-2.80912419290754
"pooled_lasso_state_interactions","min",1,2017,"Florida","FL","FL-600","Miami-Dade County CoC",2016,2017,13.7139529612519,4.71589517345395,8.99805778779795
"pooled_lasso_state_interactions","min",1,2017,"Florida","FL","FL-601","Ft Lauderdale/Broward County CoC",2016,2017,12.6646665108999,5.4222846328065,7.2423818780934
"pooled_lasso_state_interactions","min",1,2017,"Florida","FL","FL-602","Charlotte County CoC",2016,2017,12.2299225438239,26.1368990503827,-13.9069765065588
"pooled_lasso_state_interactions","min",1,2017,"Florida","FL","FL-603","Ft Myers, Cape Coral/Lee County CoC",2016,2017,5.82432432432432,8.71884380223333,-2.89451947790901
"pooled_lasso_state_interactions","min",1,2017,"Florida","FL","FL-604","Monroe County CoC",2016,2017,82.5019939071428,78.9734635250356,3.52853038210721
"pooled_lasso_state_interactions","min",1,2017,"Florida","FL","FL-605","West Palm Beach/Palm Beach County CoC",2016,2017,10.9294151572693,1.80221040340654,9.12720475386276
"pooled_lasso_state_interactions","min",1,2017,"Florida","FL","FL-606","Naples/Collier County CoC",2016,2017,16.6631784006569,15.1532247472845,1.50995365337238
"pooled_lasso_state_interactions","1se",1,2017,"California","CA","CA-500","San Jose/Santa Clara City & County CoC",2016,2017,38.2611215465897,13.4822780689758,24.7788434776139
"pooled_lasso_state_interactions","1se",1,2017,"California","CA","CA-501","San Francisco CoC",2016,2017,78.1057810578106,90.8831174133858,-12.7773363555752
"pooled_lasso_state_interactions","1se",1,2017,"California","CA","CA-502","Oakland, Berkeley/Alameda County CoC",2016,2017,33.905635238249,18.4054660658663,15.5001691723827
"pooled_lasso_state_interactions","1se",1,2017,"California","CA","CA-503","Sacramento City & County CoC",2016,2017,23.9965795871279,26.99886179369,-3.00228220656215
"pooled_lasso_state_interactions","1se",1,2017,"California","CA","CA-504","Santa Rosa, Petaluma/Sonoma County CoC",2016,2017,56.4213911704006,43.7384823348565,12.6829088355441
"pooled_lasso_state_interactions","1se",1,2017,"California","CA","CA-505","Contra Costa County CoC",2016,2017,14.028379752692,14.2928291526128,-0.26444939992081
"pooled_lasso_state_interactions","1se",1,2017,"California","CA","CA-506","Salinas/Monterey, San Benito Counties CoC",2016,2017,68.0010834893208,29.2350426166641,38.7660408726567
"pooled_lasso_state_interactions","1se",1,2017,"California","CA","CA-507","Marin County CoC",2016,2017,43.0030529472683,43.4348805304591,-0.43182758319081
"pooled_lasso_state_interactions","1se",1,2017,"California","CA","CA-508","Watsonville/Santa Cruz City & County CoC",2016,2017,81.8246645516198,46.654162343521,35.1705022080988
"pooled_lasso_state_interactions","1se",1,2017,"California","CA","CA-509","Mendocino County CoC",2016,2017,141.362930483237,78.2594537078597,63.1034767753773
"pooled_lasso_state_interactions","1se",1,2017,"California","CA","CA-510","Turlock, Modesto/Stanislaus County CoC",2016,2017,30.4928981471113,26.7635372137094,3.72936093340186
"pooled_lasso_state_interactions","1se",1,2017,"California","CA","CA-511","Stockton/San Joaquin County CoC",2016,2017,20.7454365421044,30.3631087578853,-9.61767221578087
"pooled_lasso_state_interactions","1se",1,2017,"California","CA","CA-512","Daly City/San Mateo County CoC",2016,2017,16.2959860892365,18.3878259616864,-2.09183987244986
"pooled_lasso_state_interactions","1se",1,2017,"California","CA","CA-513","Visalia/Kings, Tulare Counties CoC",2016,2017,13.9385234315893,18.2636187279338,-4.32509529634448
"pooled_lasso_state_interactions","1se",1,2017,"California","CA","CA-514","Fresno City & County/Madera County CoC",2016,2017,17.6739627286284,18.9809343628191,-1.30697163419075
"pooled_lasso_state_interactions","1se",1,2017,"California","CA","CA-515","Roseville, Rocklin/Placer County CoC",2016,2017,25.420978149384,30.633305683553,-5.21232753416903
"pooled_lasso_state_interactions","1se",1,2017,"California","CA","CA-516","Redding/Shasta, Siskiyou, Lassen, Plumas, Del Norte, Modoc, Sierra Counties CoC",2016,2017,29.953658419255,28.9560818425321,0.997576576722867
"pooled_lasso_state_interactions","1se",1,2017,"California","CA","CA-517","Napa City & County CoC",2016,2017,22.519624243984,33.9324130765949,-11.4127888326109
"pooled_lasso_state_interactions","1se",1,2017,"California","CA","CA-518","Vallejo/Solano County CoC",2016,2017,27.7783414616548,24.3277357165899,3.45060574506492
"pooled_lasso_state_interactions","1se",1,2017,"California","CA","CA-519","Chico, Paradise/Butte County CoC",2016,2017,52.2527722391297,40.6287351412464,11.6240370978833
"pooled_lasso_state_interactions","1se",1,2017,"California","CA","CA-520","Merced City & County CoC",2016,2017,16.7468350694957,25.9920723137165,-9.24523724422077
"pooled_lasso_state_interactions","1se",1,2017,"California","CA","CA-521","Davis, Woodland/Yolo County CoC",2016,2017,21.0090764702921,27.7568897249164,-6.74781325462428
"pooled_lasso_state_interactions","1se",1,2017,"California","CA","CA-522","Humboldt County CoC",2016,2017,55.6015442431524,44.0282552220551,11.5732890210973
"pooled_lasso_state_interactions","1se",1,2017,"California","CA","CA-523","Colusa, Glenn, Trinity Counties CoC",2016,2017,28.2817245424306,34.3500418921704,-6.06831734973982
"pooled_lasso_state_interactions","1se",1,2017,"California","CA","CA-524","Yuba City & County/Sutter County CoC",2016,2017,43.9860633630818,27.3737220571835,16.6123413058983
"pooled_lasso_state_interactions","1se",1,2017,"California","CA","CA-525","El Dorado County CoC",2016,2017,31.9060414778539,25.0925218956129,6.81351958224105
"pooled_lasso_state_interactions","1se",1,2017,"California","CA","CA-526","Amador, Calaveras, Mariposa, Tuolumne Counties CoC",2016,2017,23.586118251928,29.9587490926968,-6.37263084076884
"pooled_lasso_state_interactions","1se",1,2017,"California","CA","CA-527","Tehama County CoC",2016,2017,19.4214293545507,33.6708888978866,-14.2494595433359
"pooled_lasso_state_interactions","1se",1,2017,"California","CA","CA-529","Lake County CoC",2016,2017,62.5477687136373,35.0571443075643,27.490624406073
"pooled_lasso_state_interactions","1se",1,2017,"California","CA","CA-600","Los Angeles City & County CoC",2016,2017,56.4230733446126,16.476732206986,39.9463411376266
"pooled_lasso_state_interactions","1se",1,2017,"California","CA","CA-601","San Diego City and County CoC",2016,2017,27.5800853718057,15.694673687603,11.8854116842027
"pooled_lasso_state_interactions","1se",1,2017,"California","CA","CA-602","Santa Ana, Anaheim/Orange County CoC",2016,2017,15.0962940047362,6.68072853682077,8.41556546791543
"pooled_lasso_state_interactions","1se",1,2017,"California","CA","CA-603","Santa Maria/Santa Barbara County CoC",2016,2017,41.7697811353296,40.3436169930066,1.426164142323
"pooled_lasso_state_interactions","1se",1,2017,"California","CA","CA-604","Bakersfield/Kern County CoC",2016,2017,9.12824165273013,23.9288203107251,-14.800578657995
"pooled_lasso_state_interactions","1se",1,2017,"California","CA","CA-606","Long Beach CoC",2016,2017,39.5403102800944,44.4561331856626,-4.91582290556823
"pooled_lasso_state_interactions","1se",1,2017,"California","CA","CA-607","Pasadena CoC",2016,2017,40.5970261817663,45.094351666975,-4.4973254852087
"pooled_lasso_state_interactions","1se",1,2017,"California","CA","CA-608","Riverside City & County CoC",2016,2017,9.9628814342574,11.1765657023152,-1.21368426805776
"pooled_lasso_state_interactions","1se",1,2017,"California","CA","CA-609","San Bernardino City & County CoC",2016,2017,8.67525668950159,10.5924534602686,-1.91719677076703
"pooled_lasso_state_interactions","1se",1,2017,"California","CA","CA-611","Oxnard, San Buenaventura/Ventura County CoC",2016,2017,13.5682014124121,18.9903425306785,-5.42214111826643
"pooled_lasso_state_interactions","1se",1,2017,"California","CA","CA-612","Glendale CoC",2016,2017,8.55024115403616,25.2493643449193,-16.6991231908831
"pooled_lasso_state_interactions","1se",1,2017,"California","CA","CA-613","Imperial County CoC",2016,2017,63.5291138404285,20.6111537615104,42.9179600789181
"pooled_lasso_state_interactions","1se",1,2017,"California","CA","CA-614","San Luis Obispo County CoC",2016,2017,39.8256873913644,32.7201374918649,7.10554989949954
"pooled_lasso_state_interactions","1se",1,2017,"Florida","FL","FL-500","Sarasota, Bradenton/Manatee, Sarasota Counties CoC",2016,2017,17.9710029732261,15.8085505497488,2.16245242347729
"pooled_lasso_state_interactions","1se",1,2017,"Florida","FL","FL-501","Tampa/Hillsborough County CoC",2016,2017,10.8569490080856,12.5674340303996,-1.71048502231396
"pooled_lasso_state_interactions","1se",1,2017,"Florida","FL","FL-502","St. Petersburg, Clearwater, Largo/Pinellas County CoC",2016,2017,29.2355688750141,30.489914822072,-1.25434594705791
"pooled_lasso_state_interactions","1se",1,2017,"Florida","FL","FL-503","Lakeland/Polk County CoC",2016,2017,7.4704392384821,13.1073272879842,-5.63688804950205
"pooled_lasso_state_interactions","1se",1,2017,"Florida","FL","FL-504","Deltona, Daytona Beach/Volusia, Flagler Counties CoC",2016,2017,11.6227559051472,18.7688593311997,-7.14610342605247
"pooled_lasso_state_interactions","1se",1,2017,"Florida","FL","FL-505","Fort Walton Beach/Okaloosa, Walton Counties CoC",2016,2017,14.7698518226586,21.7600637770619,-6.99021195440331
"pooled_lasso_state_interactions","1se",1,2017,"Florida","FL","FL-506","Tallahassee/Leon County CoC",2016,2017,24.055135864484,27.2877156832004,-3.23257981871635
"pooled_lasso_state_interactions","1se",1,2017,"Florida","FL","FL-507","Orlando/Orange, Osceola, Seminole Counties CoC",2016,2017,9.54728645772195,2.95294516655825,6.5943412911637
"pooled_lasso_state_interactions","1se",1,2017,"Florida","FL","FL-508","Gainesville/Alachua, Putnam Counties CoC",2016,2017,18.2397039352823,27.2173619016112,-8.97765796632889
"pooled_lasso_state_interactions","1se",1,2017,"Florida","FL","FL-509","Fort Pierce/St. Lucie, Indian River, Martin Counties CoC",2016,2017,27.6189792777924,16.1394612852803,11.4795179925121
"pooled_lasso_state_interactions","1se",1,2017,"Florida","FL","FL-510","Jacksonville-Duval, Clay Counties CoC",2016,2017,14.9887317337379,16.9620322372977,-1.97330050355985
"pooled_lasso_state_interactions","1se",1,2017,"Florida","FL","FL-511","Pensacola/Escambia, Santa Rosa Counties CoC",2016,2017,15.555163370258,27.2265108644783,-11.6713474942203
"pooled_lasso_state_interactions","1se",1,2017,"Florida","FL","FL-512","St. Johns County CoC",2016,2017,18.2606804462992,22.0919852892758,-3.83130484297664
"pooled_lasso_state_interactions","1se",1,2017,"Florida","FL","FL-513","Palm Bay, Melbourne/Brevard County CoC",2016,2017,14.3763961692434,20.537186363886,-6.16079019464262
"pooled_lasso_state_interactions","1se",1,2017,"Florida","FL","FL-514","Ocala/Marion County CoC",2016,2017,20.5185388536222,23.2206506842537,-2.70211183063145
"pooled_lasso_state_interactions","1se",1,2017,"Florida","FL","FL-515","Panama City/Bay, Jackson Counties CoC",2016,2017,10.9257278128059,19.7252162371037,-8.79948842429777
"pooled_lasso_state_interactions","1se",1,2017,"Florida","FL","FL-517","Hendry, Hardee, Highlands Counties CoC",2016,2017,23.0577010449796,19.9557256724356,3.10197537254401
"pooled_lasso_state_interactions","1se",1,2017,"Florida","FL","FL-519","Pasco County CoC",2016,2017,49.3772148813366,15.580233882451,33.7969809988856
"pooled_lasso_state_interactions","1se",1,2017,"Florida","FL","FL-520","Citrus, Hernando, Lake, Sumter Counties CoC",2016,2017,7.91231904464043,10.7201159187407,-2.80779687410023
"pooled_lasso_state_interactions","1se",1,2017,"Florida","FL","FL-600","Miami-Dade County CoC",2016,2017,13.7139529612519,5.2290114211694,8.4849415400825
"pooled_lasso_state_interactions","1se",1,2017,"Florida","FL","FL-601","Ft Lauderdale/Broward County CoC",2016,2017,12.6646665108999,7.52048808686636,5.14417842403354
"pooled_lasso_state_interactions","1se",1,2017,"Florida","FL","FL-602","Charlotte County CoC",2016,2017,12.2299225438239,28.9865665175643,-16.7566439737404
"pooled_lasso_state_interactions","1se",1,2017,"Florida","FL","FL-603","Ft Myers, Cape Coral/Lee County CoC",2016,2017,5.82432432432432,13.0092646378761,-7.18494031355174
"pooled_lasso_state_interactions","1se",1,2017,"Florida","FL","FL-604","Monroe County CoC",2016,2017,82.5019939071428,77.5383653981822,4.96362850896064
"pooled_lasso_state_interactions","1se",1,2017,"Florida","FL","FL-605","West Palm Beach/Palm Beach County CoC",2016,2017,10.9294151572693,6.4220679389108,4.5073472183585
"pooled_lasso_state_interactions","1se",1,2017,"Florida","FL","FL-606","Naples/Collier County CoC",2016,2017,16.6631784006569,14.9082281284035,1.75495027225337
"separate_lasso_CA","min",1,2017,"California","CA","CA-500","San Jose/Santa Clara City & County CoC",2016,2017,38.2611215465897,13.573035273603,24.6880862729867
"separate_lasso_CA","min",1,2017,"California","CA","CA-501","San Francisco CoC",2016,2017,78.1057810578106,85.0788700607665,-6.9730890029559
"separate_lasso_CA","min",1,2017,"California","CA","CA-502","Oakland, Berkeley/Alameda County CoC",2016,2017,33.905635238249,19.6841618570286,14.2214733812204
"separate_lasso_CA","min",1,2017,"California","CA","CA-503","Sacramento City & County CoC",2016,2017,23.9965795871279,28.1970119106083,-4.20043232348038
"separate_lasso_CA","min",1,2017,"California","CA","CA-504","Santa Rosa, Petaluma/Sonoma County CoC",2016,2017,56.4213911704006,57.6355457744287,-1.21415460402807
"separate_lasso_CA","min",1,2017,"California","CA","CA-505","Contra Costa County CoC",2016,2017,14.028379752692,6.16893020762481,7.85944954506719
"separate_lasso_CA","min",1,2017,"California","CA","CA-506","Salinas/Monterey, San Benito Counties CoC",2016,2017,68.0010834893208,42.4827287286514,25.5183547606694
"separate_lasso_CA","min",1,2017,"California","CA","CA-507","Marin County CoC",2016,2017,43.0030529472683,46.1825365690396,-3.17948362177126
"separate_lasso_CA","min",1,2017,"California","CA","CA-508","Watsonville/Santa Cruz City & County CoC",2016,2017,81.8246645516198,67.4564709384043,14.3681936132155
"separate_lasso_CA","min",1,2017,"California","CA","CA-509","Mendocino County CoC",2016,2017,141.362930483237,95.9937037320963,45.3692267511407
"separate_lasso_CA","min",1,2017,"California","CA","CA-510","Turlock, Modesto/Stanislaus County CoC",2016,2017,30.4928981471113,27.6470716549419,2.84582649216945
"separate_lasso_CA","min",1,2017,"California","CA","CA-511","Stockton/San Joaquin County CoC",2016,2017,20.7454365421044,36.6714665648274,-15.926030022723
"separate_lasso_CA","min",1,2017,"California","CA","CA-512","Daly City/San Mateo County CoC",2016,2017,16.2959860892365,14.5485360465813,1.74745004265523
"separate_lasso_CA","min",1,2017,"California","CA","CA-513","Visalia/Kings, Tulare Counties CoC",2016,2017,13.9385234315893,14.9005561918079,-0.962032760218598
"separate_lasso_CA","min",1,2017,"California","CA","CA-514","Fresno City & County/Madera County CoC",2016,2017,17.6739627286284,19.0594037597673,-1.38544103113894
"separate_lasso_CA","min",1,2017,"California","CA","CA-515","Roseville, Rocklin/Placer County CoC",2016,2017,25.420978149384,20.5583769720051,4.86260117737885
"separate_lasso_CA","min",1,2017,"California","CA","CA-516","Redding/Shasta, Siskiyou, Lassen, Plumas, Del Norte, Modoc, Sierra Counties CoC",2016,2017,29.953658419255,32.0912294061381,-2.13757098688308
"separate_lasso_CA","min",1,2017,"California","CA","CA-517","Napa City & County CoC",2016,2017,22.519624243984,31.8132056229994,-9.29358137901544
"separate_lasso_CA","min",1,2017,"California","CA","CA-518","Vallejo/Solano County CoC",2016,2017,27.7783414616548,22.2970748693584,5.48126659229644
"separate_lasso_CA","min",1,2017,"California","CA","CA-519","Chico, Paradise/Butte County CoC",2016,2017,52.2527722391297,44.7033526639117,7.54941957521797
"separate_lasso_CA","min",1,2017,"California","CA","CA-520","Merced City & County CoC",2016,2017,16.7468350694957,19.866853921849,-3.12001885235334
"separate_lasso_CA","min",1,2017,"California","CA","CA-521","Davis, Woodland/Yolo County CoC",2016,2017,21.0090764702921,27.7242541304919,-6.71517766019976
"separate_lasso_CA","min",1,2017,"California","CA","CA-522","Humboldt County CoC",2016,2017,55.6015442431524,59.1988560462598,-3.59731180310739
"separate_lasso_CA","min",1,2017,"California","CA","CA-523","Colusa, Glenn, Trinity Counties CoC",2016,2017,28.2817245424306,17.0023030538112,11.2794214886194
"separate_lasso_CA","min",1,2017,"California","CA","CA-524","Yuba City & County/Sutter County CoC",2016,2017,43.9860633630818,22.0223784933256,21.9636848697562
"separate_lasso_CA","min",1,2017,"California","CA","CA-525","El Dorado County CoC",2016,2017,31.9060414778539,11.2252845584931,20.6807569193608
"separate_lasso_CA","min",1,2017,"California","CA","CA-526","Amador, Calaveras, Mariposa, Tuolumne Counties CoC",2016,2017,23.586118251928,28.5653760648634,-4.97925781293541
"separate_lasso_CA","min",1,2017,"California","CA","CA-527","Tehama County CoC",2016,2017,19.4214293545507,24.8970984970417,-5.47566914249102
"separate_lasso_CA","min",1,2017,"California","CA","CA-529","Lake County CoC",2016,2017,62.5477687136373,39.3616309943181,23.1861377193192
"separate_lasso_CA","min",1,2017,"California","CA","CA-600","Los Angeles City & County CoC",2016,2017,56.4230733446126,39.7344119828887,16.6886613617239
"separate_lasso_CA","min",1,2017,"California","CA","CA-601","San Diego City and County CoC",2016,2017,27.5800853718057,32.7185976746941,-5.13851230288841
"separate_lasso_CA","min",1,2017,"California","CA","CA-602","Santa Ana, Anaheim/Orange County CoC",2016,2017,15.0962940047362,6.95238252376231,8.14391148097388
"separate_lasso_CA","min",1,2017,"California","CA","CA-603","Santa Maria/Santa Barbara County CoC",2016,2017,41.7697811353296,57.852118077975,-16.0823369426454
"separate_lasso_CA","min",1,2017,"California","CA","CA-604","Bakersfield/Kern County CoC",2016,2017,9.12824165273013,20.9106561489929,-11.7824144962627
"separate_lasso_CA","min",1,2017,"California","CA","CA-606","Long Beach CoC",2016,2017,39.5403102800944,54.3070050866862,-14.7666948065918
"separate_lasso_CA","min",1,2017,"California","CA","CA-607","Pasadena CoC",2016,2017,40.5970261817663,53.3524099174201,-12.7553837356538
"separate_lasso_CA","min",1,2017,"California","CA","CA-608","Riverside City & County CoC",2016,2017,9.9628814342574,12.8908568251464,-2.92797539088904
"separate_lasso_CA","min",1,2017,"California","CA","CA-609","San Bernardino City & County CoC",2016,2017,8.67525668950159,14.1948116124667,-5.51955492296516
"separate_lasso_CA","min",1,2017,"California","CA","CA-611","Oxnard, San Buenaventura/Ventura County CoC",2016,2017,13.5682014124121,20.7742221699111,-7.206020757499
"separate_lasso_CA","min",1,2017,"California","CA","CA-612","Glendale CoC",2016,2017,8.55024115403616,25.4162904514914,-16.8660492974552
"separate_lasso_CA","min",1,2017,"California","CA","CA-613","Imperial County CoC",2016,2017,63.5291138404285,21.7091202366937,41.8199936037348
"separate_lasso_CA","min",1,2017,"California","CA","CA-614","San Luis Obispo County CoC",2016,2017,39.8256873913644,38.4733282597163,1.3523591316481
"separate_lasso_CA","1se",1,2017,"California","CA","CA-500","San Jose/Santa Clara City & County CoC",2016,2017,38.2611215465897,18.0036724483727,20.257449098217
"separate_lasso_CA","1se",1,2017,"California","CA","CA-501","San Francisco CoC",2016,2017,78.1057810578106,90.1619000839307,-12.0561190261201
"separate_lasso_CA","1se",1,2017,"California","CA","CA-502","Oakland, Berkeley/Alameda County CoC",2016,2017,33.905635238249,23.1568521867025,10.7487830515465
"separate_lasso_CA","1se",1,2017,"California","CA","CA-503","Sacramento City & County CoC",2016,2017,23.9965795871279,28.8442059626549,-4.84762637552698
"separate_lasso_CA","1se",1,2017,"California","CA","CA-504","Santa Rosa, Petaluma/Sonoma County CoC",2016,2017,56.4213911704006,50.5008609640475,5.9205302063531
"separate_lasso_CA","1se",1,2017,"California","CA","CA-505","Contra Costa County CoC",2016,2017,14.028379752692,12.5001771186853,1.52820263400668
"separate_lasso_CA","1se",1,2017,"California","CA","CA-506","Salinas/Monterey, San Benito Counties CoC",2016,2017,68.0010834893208,37.2508671797756,30.7502163095452
"separate_lasso_CA","1se",1,2017,"California","CA","CA-507","Marin County CoC",2016,2017,43.0030529472683,46.1035616849809,-3.1005087377126
"separate_lasso_CA","1se",1,2017,"California","CA","CA-508","Watsonville/Santa Cruz City & County CoC",2016,2017,81.8246645516198,58.0278820618338,23.796782489786
"separate_lasso_CA","1se",1,2017,"California","CA","CA-509","Mendocino County CoC",2016,2017,141.362930483237,78.1888868414712,63.1740436417658
"separate_lasso_CA","1se",1,2017,"California","CA","CA-510","Turlock, Modesto/Stanislaus County CoC",2016,2017,30.4928981471113,29.2530045506417,1.23989359646965
"separate_lasso_CA","1se",1,2017,"California","CA","CA-511","Stockton/San Joaquin County CoC",2016,2017,20.7454365421044,36.3852732348762,-15.6398366927718
"separate_lasso_CA","1se",1,2017,"California","CA","CA-512","Daly City/San Mateo County CoC",2016,2017,16.2959860892365,17.5558109370278,-1.25982484779133
"separate_lasso_CA","1se",1,2017,"California","CA","CA-513","Visalia/Kings, Tulare Counties CoC",2016,2017,13.9385234315893,17.0371445356015,-3.09862110401219
"separate_lasso_CA","1se",1,2017,"California","CA","CA-514","Fresno City & County/Madera County CoC",2016,2017,17.6739627286284,20.9471317394666,-3.27316901083818
"separate_lasso_CA","1se",1,2017,"California","CA","CA-515","Roseville, Rocklin/Placer County CoC",2016,2017,25.420978149384,23.0782998787844,2.3426782705996
"separate_lasso_CA","1se",1,2017,"California","CA","CA-516","Redding/Shasta, Siskiyou, Lassen, Plumas, Del Norte, Modoc, Sierra Counties CoC",2016,2017,29.953658419255,35.8849772457775,-5.93131882652249
"separate_lasso_CA","1se",1,2017,"California","CA","CA-517","Napa City & County CoC",2016,2017,22.519624243984,30.3459882635917,-7.82636401960774
"separate_lasso_CA","1se",1,2017,"California","CA","CA-518","Vallejo/Solano County CoC",2016,2017,27.7783414616548,22.5077374828055,5.27060397884927
"separate_lasso_CA","1se",1,2017,"California","CA","CA-519","Chico, Paradise/Butte County CoC",2016,2017,52.2527722391297,43.8948160424626,8.35795619666715
"separate_lasso_CA","1se",1,2017,"California","CA","CA-520","Merced City & County CoC",2016,2017,16.7468350694957,22.2962820730587,-5.54944700356298
"separate_lasso_CA","1se",1,2017,"California","CA","CA-521","Davis, Woodland/Yolo County CoC",2016,2017,21.0090764702921,32.7047115259749,-11.6956350556828
"separate_lasso_CA","1se",1,2017,"California","CA","CA-522","Humboldt County CoC",2016,2017,55.6015442431524,52.144207960063,3.45733628308941
"separate_lasso_CA","1se",1,2017,"California","CA","CA-523","Colusa, Glenn, Trinity Counties CoC",2016,2017,28.2817245424306,26.1759147255055,2.10580981692514
"separate_lasso_CA","1se",1,2017,"California","CA","CA-524","Yuba City & County/Sutter County CoC",2016,2017,43.9860633630818,26.403478357337,17.5825850057448
"separate_lasso_CA","1se",1,2017,"California","CA","CA-525","El Dorado County CoC",2016,2017,31.9060414778539,16.9216909068595,14.9843505709944
"separate_lasso_CA","1se",1,2017,"California","CA","CA-526","Amador, Calaveras, Mariposa, Tuolumne Counties CoC",2016,2017,23.586118251928,32.8522863294961,-9.26616807756812
"separate_lasso_CA","1se",1,2017,"California","CA","CA-527","Tehama County CoC",2016,2017,19.4214293545507,25.9943965319939,-6.57296717744315
"separate_lasso_CA","1se",1,2017,"California","CA","CA-529","Lake County CoC",2016,2017,62.5477687136373,35.9152366928523,26.632532020785
"separate_lasso_CA","1se",1,2017,"California","CA","CA-600","Los Angeles City & County CoC",2016,2017,56.4230733446126,36.9788171997619,19.4442561448507
"separate_lasso_CA","1se",1,2017,"California","CA","CA-601","San Diego City and County CoC",2016,2017,27.5800853718057,29.6045989283746,-2.02451355656889
"separate_lasso_CA","1se",1,2017,"California","CA","CA-602","Santa Ana, Anaheim/Orange County CoC",2016,2017,15.0962940047362,11.9048198002802,3.191474204456
"separate_lasso_CA","1se",1,2017,"California","CA","CA-603","Santa Maria/Santa Barbara County CoC",2016,2017,41.7697811353296,48.8752248147814,-7.10544367945181
"separate_lasso_CA","1se",1,2017,"California","CA","CA-604","Bakersfield/Kern County CoC",2016,2017,9.12824165273013,21.9018440742791,-12.773602421549
"separate_lasso_CA","1se",1,2017,"California","CA","CA-606","Long Beach CoC",2016,2017,39.5403102800944,52.0196796496831,-12.4793693695887
"separate_lasso_CA","1se",1,2017,"California","CA","CA-607","Pasadena CoC",2016,2017,40.5970261817663,49.4519218809083,-8.85489569914195
"separate_lasso_CA","1se",1,2017,"California","CA","CA-608","Riverside City & County CoC",2016,2017,9.9628814342574,14.4460222175691,-4.48314078331173
"separate_lasso_CA","1se",1,2017,"California","CA","CA-609","San Bernardino City & County CoC",2016,2017,8.67525668950159,14.6603942769291,-5.98513758742747
"separate_lasso_CA","1se",1,2017,"California","CA","CA-611","Oxnard, San Buenaventura/Ventura County CoC",2016,2017,13.5682014124121,18.968015106388,-5.39981369397592
"separate_lasso_CA","1se",1,2017,"California","CA","CA-612","Glendale CoC",2016,2017,8.55024115403616,28.8776477357397,-20.3274065817036
"separate_lasso_CA","1se",1,2017,"California","CA","CA-613","Imperial County CoC",2016,2017,63.5291138404285,27.8093857429969,35.7197280974316
"separate_lasso_CA","1se",1,2017,"California","CA","CA-614","San Luis Obispo County CoC",2016,2017,39.8256873913644,32.9186705068959,6.90701688446855
"separate_lasso_FL","min",1,2017,"Florida","FL","FL-500","Sarasota, Bradenton/Manatee, Sarasota Counties CoC",2016,2017,17.9710029732261,8.16278175733015,9.80822121589595
"separate_lasso_FL","min",1,2017,"Florida","FL","FL-501","Tampa/Hillsborough County CoC",2016,2017,10.8569490080856,7.72511119895408,3.13183780913152
"separate_lasso_FL","min",1,2017,"Florida","FL","FL-502","St. Petersburg, Clearwater, Largo/Pinellas County CoC",2016,2017,29.2355688750141,18.4565023567694,10.7790665182447
"separate_lasso_FL","min",1,2017,"Florida","FL","FL-503","Lakeland/Polk County CoC",2016,2017,7.4704392384821,9.81680763003881,-2.34636839155671
"separate_lasso_FL","min",1,2017,"Florida","FL","FL-504","Deltona, Daytona Beach/Volusia, Flagler Counties CoC",2016,2017,11.6227559051472,12.3456488548534,-0.722892949706216
"separate_lasso_FL","min",1,2017,"Florida","FL","FL-505","Fort Walton Beach/Okaloosa, Walton Counties CoC",2016,2017,14.7698518226586,25.4598148714418,-10.6899630487832
"separate_lasso_FL","min",1,2017,"Florida","FL","FL-506","Tallahassee/Leon County CoC",2016,2017,24.055135864484,13.8684696522229,10.1866662122611
"separate_lasso_FL","min",1,2017,"Florida","FL","FL-507","Orlando/Orange, Osceola, Seminole Counties CoC",2016,2017,9.54728645772195,-4.82700254391052,14.3742890016325
"separate_lasso_FL","min",1,2017,"Florida","FL","FL-508","Gainesville/Alachua, Putnam Counties CoC",2016,2017,18.2397039352823,20.8914723546998,-2.65176841941751
"separate_lasso_FL","min",1,2017,"Florida","FL","FL-509","Fort Pierce/St. Lucie, Indian River, Martin Counties CoC",2016,2017,27.6189792777924,12.9349685656495,14.6840107121429
"separate_lasso_FL","min",1,2017,"Florida","FL","FL-510","Jacksonville-Duval, Clay Counties CoC",2016,2017,14.9887317337379,6.25294575582684,8.73578597791106
"separate_lasso_FL","min",1,2017,"Florida","FL","FL-511","Pensacola/Escambia, Santa Rosa Counties CoC",2016,2017,15.555163370258,15.2986467925575,0.256516577700474
"separate_lasso_FL","min",1,2017,"Florida","FL","FL-512","St. Johns County CoC",2016,2017,18.2606804462992,26.5331077307731,-8.27242728447387
"separate_lasso_FL","min",1,2017,"Florida","FL","FL-513","Palm Bay, Melbourne/Brevard County CoC",2016,2017,14.3763961692434,13.6311899492311,0.745206220012298
"separate_lasso_FL","min",1,2017,"Florida","FL","FL-514","Ocala/Marion County CoC",2016,2017,20.5185388536222,19.5813232123082,0.937215641313962
"separate_lasso_FL","min",1,2017,"Florida","FL","FL-515","Panama City/Bay, Jackson Counties CoC",2016,2017,10.9257278128059,15.3736756415225,-4.44794782871661
"separate_lasso_FL","min",1,2017,"Florida","FL","FL-517","Hendry, Hardee, Highlands Counties CoC",2016,2017,23.0577010449796,21.3067095382768,1.75099150670282
"separate_lasso_FL","min",1,2017,"Florida","FL","FL-519","Pasco County CoC",2016,2017,49.3772148813366,16.7453839114969,32.6318309698397
"separate_lasso_FL","min",1,2017,"Florida","FL","FL-520","Citrus, Hernando, Lake, Sumter Counties CoC",2016,2017,7.91231904464043,3.55033452019805,4.36198452444238
"separate_lasso_FL","min",1,2017,"Florida","FL","FL-600","Miami-Dade County CoC",2016,2017,13.7139529612519,1.83105650160436,11.8828964596475
"separate_lasso_FL","min",1,2017,"Florida","FL","FL-601","Ft Lauderdale/Broward County CoC",2016,2017,12.6646665108999,2.52215764017774,10.1425088707222
"separate_lasso_FL","min",1,2017,"Florida","FL","FL-602","Charlotte County CoC",2016,2017,12.2299225438239,32.5607067303029,-20.330784186479
"separate_lasso_FL","min",1,2017,"Florida","FL","FL-603","Ft Myers, Cape Coral/Lee County CoC",2016,2017,5.82432432432432,12.6829734828021,-6.85864915847783
"separate_lasso_FL","min",1,2017,"Florida","FL","FL-604","Monroe County CoC",2016,2017,82.5019939071428,64.787860897499,17.7141330096438
"separate_lasso_FL","min",1,2017,"Florida","FL","FL-605","West Palm Beach/Palm Beach County CoC",2016,2017,10.9294151572693,2.05134040875027,8.87807474851903
"separate_lasso_FL","min",1,2017,"Florida","FL","FL-606","Naples/Collier County CoC",2016,2017,16.6631784006569,19.2761134307967,-2.61293503013981
"separate_lasso_FL","1se",1,2017,"Florida","FL","FL-500","Sarasota, Bradenton/Manatee, Sarasota Counties CoC",2016,2017,17.9710029732261,10.8100420830872,7.16096089013893
"separate_lasso_FL","1se",1,2017,"Florida","FL","FL-501","Tampa/Hillsborough County CoC",2016,2017,10.8569490080856,5.62194333663666,5.23500567144894
"separate_lasso_FL","1se",1,2017,"Florida","FL","FL-502","St. Petersburg, Clearwater, Largo/Pinellas County CoC",2016,2017,29.2355688750141,14.3430004755358,14.8925683994783
"separate_lasso_FL","1se",1,2017,"Florida","FL","FL-503","Lakeland/Polk County CoC",2016,2017,7.4704392384821,11.9636301515486,-4.49319091306645
"separate_lasso_FL","1se",1,2017,"Florida","FL","FL-504","Deltona, Daytona Beach/Volusia, Flagler Counties CoC",2016,2017,11.6227559051472,13.1044493341836,-1.48169342903638
"separate_lasso_FL","1se",1,2017,"Florida","FL","FL-505","Fort Walton Beach/Okaloosa, Walton Counties CoC",2016,2017,14.7698518226586,21.9651467061284,-7.19529488346982
"separate_lasso_FL","1se",1,2017,"Florida","FL","FL-506","Tallahassee/Leon County CoC",2016,2017,24.055135864484,20.1026726153398,3.9524632491442
"separate_lasso_FL","1se",1,2017,"Florida","FL","FL-507","Orlando/Orange, Osceola, Seminole Counties CoC",2016,2017,9.54728645772195,-0.192714862751113,9.74000132047306
"separate_lasso_FL","1se",1,2017,"Florida","FL","FL-508","Gainesville/Alachua, Putnam Counties CoC",2016,2017,18.2397039352823,20.481107421295,-2.24140348601268
"separate_lasso_FL","1se",1,2017,"Florida","FL","FL-509","Fort Pierce/St. Lucie, Indian River, Martin Counties CoC",2016,2017,27.6189792777924,12.4323261126751,15.1866531651173
"separate_lasso_FL","1se",1,2017,"Florida","FL","FL-510","Jacksonville-Duval, Clay Counties CoC",2016,2017,14.9887317337379,7.91809719405776,7.07063453968014
"separate_lasso_FL","1se",1,2017,"Florida","FL","FL-511","Pensacola/Escambia, Santa Rosa Counties CoC",2016,2017,15.555163370258,18.6224063806511,-3.06724301039313
"separate_lasso_FL","1se",1,2017,"Florida","FL","FL-512","St. Johns County CoC",2016,2017,18.2606804462992,23.3269674196202,-5.06628697332099
"separate_lasso_FL","1se",1,2017,"Florida","FL","FL-513","Palm Bay, Melbourne/Brevard County CoC",2016,2017,14.3763961692434,15.1399150152511,-0.763518846007669
"separate_lasso_FL","1se",1,2017,"Florida","FL","FL-514","Ocala/Marion County CoC",2016,2017,20.5185388536222,20.1302676889112,0.388271164711028
"separate_lasso_FL","1se",1,2017,"Florida","FL","FL-515","Panama City/Bay, Jackson Counties CoC",2016,2017,10.9257278128059,20.1236770678854,-9.19794925507948
"separate_lasso_FL","1se",1,2017,"Florida","FL","FL-517","Hendry, Hardee, Highlands Counties CoC",2016,2017,23.0577010449796,23.3402221553653,-0.282521110385684
"separate_lasso_FL","1se",1,2017,"Florida","FL","FL-519","Pasco County CoC",2016,2017,49.3772148813366,14.1463248176097,35.2308900637269
"separate_lasso_FL","1se",1,2017,"Florida","FL","FL-520","Citrus, Hernando, Lake, Sumter Counties CoC",2016,2017,7.91231904464043,8.55809836302938,-0.64577931838895
"separate_lasso_FL","1se",1,2017,"Florida","FL","FL-600","Miami-Dade County CoC",2016,2017,13.7139529612519,0.713623293473922,13.000329667778
"separate_lasso_FL","1se",1,2017,"Florida","FL","FL-601","Ft Lauderdale/Broward County CoC",2016,2017,12.6646665108999,1.66611236941596,10.9985541414839
"separate_lasso_FL","1se",1,2017,"Florida","FL","FL-602","Charlotte County CoC",2016,2017,12.2299225438239,28.1054426103029,-15.875520066479
"separate_lasso_FL","1se",1,2017,"Florida","FL","FL-603","Ft Myers, Cape Coral/Lee County CoC",2016,2017,5.82432432432432,10.8237885807696,-4.99946425644528
"separate_lasso_FL","1se",1,2017,"Florida","FL","FL-604","Monroe County CoC",2016,2017,82.5019939071428,53.2381814430778,29.263812464065
"separate_lasso_FL","1se",1,2017,"Florida","FL","FL-605","West Palm Beach/Palm Beach County CoC",2016,2017,10.9294151572693,3.25225189510288,7.67716326216642
"separate_lasso_FL","1se",1,2017,"Florida","FL","FL-606","Naples/Collier County CoC",2016,2017,16.6631784006569,18.8393633299852,-2.17618492932825
"separate_state_lasso","min",1,2017,"California","CA","CA-500","San Jose/Santa Clara City & County CoC",2016,2017,38.2611215465897,13.573035273603,24.6880862729867
"separate_state_lasso","min",1,2017,"California","CA","CA-501","San Francisco CoC",2016,2017,78.1057810578106,85.0788700607665,-6.9730890029559
"separate_state_lasso","min",1,2017,"California","CA","CA-502","Oakland, Berkeley/Alameda County CoC",2016,2017,33.905635238249,19.6841618570286,14.2214733812204
"separate_state_lasso","min",1,2017,"California","CA","CA-503","Sacramento City & County CoC",2016,2017,23.9965795871279,28.1970119106083,-4.20043232348038
"separate_state_lasso","min",1,2017,"California","CA","CA-504","Santa Rosa, Petaluma/Sonoma County CoC",2016,2017,56.4213911704006,57.6355457744287,-1.21415460402807
"separate_state_lasso","min",1,2017,"California","CA","CA-505","Contra Costa County CoC",2016,2017,14.028379752692,6.16893020762481,7.85944954506719
"separate_state_lasso","min",1,2017,"California","CA","CA-506","Salinas/Monterey, San Benito Counties CoC",2016,2017,68.0010834893208,42.4827287286514,25.5183547606694
"separate_state_lasso","min",1,2017,"California","CA","CA-507","Marin County CoC",2016,2017,43.0030529472683,46.1825365690396,-3.17948362177126
"separate_state_lasso","min",1,2017,"California","CA","CA-508","Watsonville/Santa Cruz City & County CoC",2016,2017,81.8246645516198,67.4564709384043,14.3681936132155
"separate_state_lasso","min",1,2017,"California","CA","CA-509","Mendocino County CoC",2016,2017,141.362930483237,95.9937037320963,45.3692267511407
"separate_state_lasso","min",1,2017,"California","CA","CA-510","Turlock, Modesto/Stanislaus County CoC",2016,2017,30.4928981471113,27.6470716549419,2.84582649216945
"separate_state_lasso","min",1,2017,"California","CA","CA-511","Stockton/San Joaquin County CoC",2016,2017,20.7454365421044,36.6714665648274,-15.926030022723
"separate_state_lasso","min",1,2017,"California","CA","CA-512","Daly City/San Mateo County CoC",2016,2017,16.2959860892365,14.5485360465813,1.74745004265523
"separate_state_lasso","min",1,2017,"California","CA","CA-513","Visalia/Kings, Tulare Counties CoC",2016,2017,13.9385234315893,14.9005561918079,-0.962032760218598
"separate_state_lasso","min",1,2017,"California","CA","CA-514","Fresno City & County/Madera County CoC",2016,2017,17.6739627286284,19.0594037597673,-1.38544103113894
"separate_state_lasso","min",1,2017,"California","CA","CA-515","Roseville, Rocklin/Placer County CoC",2016,2017,25.420978149384,20.5583769720051,4.86260117737885
"separate_state_lasso","min",1,2017,"California","CA","CA-516","Redding/Shasta, Siskiyou, Lassen, Plumas, Del Norte, Modoc, Sierra Counties CoC",2016,2017,29.953658419255,32.0912294061381,-2.13757098688308
"separate_state_lasso","min",1,2017,"California","CA","CA-517","Napa City & County CoC",2016,2017,22.519624243984,31.8132056229994,-9.29358137901544
"separate_state_lasso","min",1,2017,"California","CA","CA-518","Vallejo/Solano County CoC",2016,2017,27.7783414616548,22.2970748693584,5.48126659229644
"separate_state_lasso","min",1,2017,"California","CA","CA-519","Chico, Paradise/Butte County CoC",2016,2017,52.2527722391297,44.7033526639117,7.54941957521797
"separate_state_lasso","min",1,2017,"California","CA","CA-520","Merced City & County CoC",2016,2017,16.7468350694957,19.866853921849,-3.12001885235334
"separate_state_lasso","min",1,2017,"California","CA","CA-521","Davis, Woodland/Yolo County CoC",2016,2017,21.0090764702921,27.7242541304919,-6.71517766019976
"separate_state_lasso","min",1,2017,"California","CA","CA-522","Humboldt County CoC",2016,2017,55.6015442431524,59.1988560462598,-3.59731180310739
"separate_state_lasso","min",1,2017,"California","CA","CA-523","Colusa, Glenn, Trinity Counties CoC",2016,2017,28.2817245424306,17.0023030538112,11.2794214886194
"separate_state_lasso","min",1,2017,"California","CA","CA-524","Yuba City & County/Sutter County CoC",2016,2017,43.9860633630818,22.0223784933256,21.9636848697562
"separate_state_lasso","min",1,2017,"California","CA","CA-525","El Dorado County CoC",2016,2017,31.9060414778539,11.2252845584931,20.6807569193608
"separate_state_lasso","min",1,2017,"California","CA","CA-526","Amador, Calaveras, Mariposa, Tuolumne Counties CoC",2016,2017,23.586118251928,28.5653760648634,-4.97925781293541
"separate_state_lasso","min",1,2017,"California","CA","CA-527","Tehama County CoC",2016,2017,19.4214293545507,24.8970984970417,-5.47566914249102
"separate_state_lasso","min",1,2017,"California","CA","CA-529","Lake County CoC",2016,2017,62.5477687136373,39.3616309943181,23.1861377193192
"separate_state_lasso","min",1,2017,"California","CA","CA-600","Los Angeles City & County CoC",2016,2017,56.4230733446126,39.7344119828887,16.6886613617239
"separate_state_lasso","min",1,2017,"California","CA","CA-601","San Diego City and County CoC",2016,2017,27.5800853718057,32.7185976746941,-5.13851230288841
"separate_state_lasso","min",1,2017,"California","CA","CA-602","Santa Ana, Anaheim/Orange County CoC",2016,2017,15.0962940047362,6.95238252376231,8.14391148097388
"separate_state_lasso","min",1,2017,"California","CA","CA-603","Santa Maria/Santa Barbara County CoC",2016,2017,41.7697811353296,57.852118077975,-16.0823369426454
"separate_state_lasso","min",1,2017,"California","CA","CA-604","Bakersfield/Kern County CoC",2016,2017,9.12824165273013,20.9106561489929,-11.7824144962627
"separate_state_lasso","min",1,2017,"California","CA","CA-606","Long Beach CoC",2016,2017,39.5403102800944,54.3070050866862,-14.7666948065918
"separate_state_lasso","min",1,2017,"California","CA","CA-607","Pasadena CoC",2016,2017,40.5970261817663,53.3524099174201,-12.7553837356538
"separate_state_lasso","min",1,2017,"California","CA","CA-608","Riverside City & County CoC",2016,2017,9.9628814342574,12.8908568251464,-2.92797539088904
"separate_state_lasso","min",1,2017,"California","CA","CA-609","San Bernardino City & County CoC",2016,2017,8.67525668950159,14.1948116124667,-5.51955492296516
"separate_state_lasso","min",1,2017,"California","CA","CA-611","Oxnard, San Buenaventura/Ventura County CoC",2016,2017,13.5682014124121,20.7742221699111,-7.206020757499
"separate_state_lasso","min",1,2017,"California","CA","CA-612","Glendale CoC",2016,2017,8.55024115403616,25.4162904514914,-16.8660492974552
"separate_state_lasso","min",1,2017,"California","CA","CA-613","Imperial County CoC",2016,2017,63.5291138404285,21.7091202366937,41.8199936037348
"separate_state_lasso","min",1,2017,"California","CA","CA-614","San Luis Obispo County CoC",2016,2017,39.8256873913644,38.4733282597163,1.3523591316481
"separate_state_lasso","min",1,2017,"Florida","FL","FL-500","Sarasota, Bradenton/Manatee, Sarasota Counties CoC",2016,2017,17.9710029732261,8.16278175733015,9.80822121589595
"separate_state_lasso","min",1,2017,"Florida","FL","FL-501","Tampa/Hillsborough County CoC",2016,2017,10.8569490080856,7.72511119895408,3.13183780913152
"separate_state_lasso","min",1,2017,"Florida","FL","FL-502","St. Petersburg, Clearwater, Largo/Pinellas County CoC",2016,2017,29.2355688750141,18.4565023567694,10.7790665182447
"separate_state_lasso","min",1,2017,"Florida","FL","FL-503","Lakeland/Polk County CoC",2016,2017,7.4704392384821,9.81680763003881,-2.34636839155671
"separate_state_lasso","min",1,2017,"Florida","FL","FL-504","Deltona, Daytona Beach/Volusia, Flagler Counties CoC",2016,2017,11.6227559051472,12.3456488548534,-0.722892949706216
"separate_state_lasso","min",1,2017,"Florida","FL","FL-505","Fort Walton Beach/Okaloosa, Walton Counties CoC",2016,2017,14.7698518226586,25.4598148714418,-10.6899630487832
"separate_state_lasso","min",1,2017,"Florida","FL","FL-506","Tallahassee/Leon County CoC",2016,2017,24.055135864484,13.8684696522229,10.1866662122611
"separate_state_lasso","min",1,2017,"Florida","FL","FL-507","Orlando/Orange, Osceola, Seminole Counties CoC",2016,2017,9.54728645772195,-4.82700254391052,14.3742890016325
"separate_state_lasso","min",1,2017,"Florida","FL","FL-508","Gainesville/Alachua, Putnam Counties CoC",2016,2017,18.2397039352823,20.8914723546998,-2.65176841941751
"separate_state_lasso","min",1,2017,"Florida","FL","FL-509","Fort Pierce/St. Lucie, Indian River, Martin Counties CoC",2016,2017,27.6189792777924,12.9349685656495,14.6840107121429
"separate_state_lasso","min",1,2017,"Florida","FL","FL-510","Jacksonville-Duval, Clay Counties CoC",2016,2017,14.9887317337379,6.25294575582684,8.73578597791106
"separate_state_lasso","min",1,2017,"Florida","FL","FL-511","Pensacola/Escambia, Santa Rosa Counties CoC",2016,2017,15.555163370258,15.2986467925575,0.256516577700474
"separate_state_lasso","min",1,2017,"Florida","FL","FL-512","St. Johns County CoC",2016,2017,18.2606804462992,26.5331077307731,-8.27242728447387
"separate_state_lasso","min",1,2017,"Florida","FL","FL-513","Palm Bay, Melbourne/Brevard County CoC",2016,2017,14.3763961692434,13.6311899492311,0.745206220012298
"separate_state_lasso","min",1,2017,"Florida","FL","FL-514","Ocala/Marion County CoC",2016,2017,20.5185388536222,19.5813232123082,0.937215641313962
"separate_state_lasso","min",1,2017,"Florida","FL","FL-515","Panama City/Bay, Jackson Counties CoC",2016,2017,10.9257278128059,15.3736756415225,-4.44794782871661
"separate_state_lasso","min",1,2017,"Florida","FL","FL-517","Hendry, Hardee, Highlands Counties CoC",2016,2017,23.0577010449796,21.3067095382768,1.75099150670282
"separate_state_lasso","min",1,2017,"Florida","FL","FL-519","Pasco County CoC",2016,2017,49.3772148813366,16.7453839114969,32.6318309698397
"separate_state_lasso","min",1,2017,"Florida","FL","FL-520","Citrus, Hernando, Lake, Sumter Counties CoC",2016,2017,7.91231904464043,3.55033452019805,4.36198452444238
"separate_state_lasso","min",1,2017,"Florida","FL","FL-600","Miami-Dade County CoC",2016,2017,13.7139529612519,1.83105650160436,11.8828964596475
"separate_state_lasso","min",1,2017,"Florida","FL","FL-601","Ft Lauderdale/Broward County CoC",2016,2017,12.6646665108999,2.52215764017774,10.1425088707222
"separate_state_lasso","min",1,2017,"Florida","FL","FL-602","Charlotte County CoC",2016,2017,12.2299225438239,32.5607067303029,-20.330784186479
"separate_state_lasso","min",1,2017,"Florida","FL","FL-603","Ft Myers, Cape Coral/Lee County CoC",2016,2017,5.82432432432432,12.6829734828021,-6.85864915847783
"separate_state_lasso","min",1,2017,"Florida","FL","FL-604","Monroe County CoC",2016,2017,82.5019939071428,64.787860897499,17.7141330096438
"separate_state_lasso","min",1,2017,"Florida","FL","FL-605","West Palm Beach/Palm Beach County CoC",2016,2017,10.9294151572693,2.05134040875027,8.87807474851903
"separate_state_lasso","min",1,2017,"Florida","FL","FL-606","Naples/Collier County CoC",2016,2017,16.6631784006569,19.2761134307967,-2.61293503013981
"separate_state_lasso","1se",1,2017,"California","CA","CA-500","San Jose/Santa Clara City & County CoC",2016,2017,38.2611215465897,18.0036724483727,20.257449098217
"separate_state_lasso","1se",1,2017,"California","CA","CA-501","San Francisco CoC",2016,2017,78.1057810578106,90.1619000839307,-12.0561190261201
"separate_state_lasso","1se",1,2017,"California","CA","CA-502","Oakland, Berkeley/Alameda County CoC",2016,2017,33.905635238249,23.1568521867025,10.7487830515465
"separate_state_lasso","1se",1,2017,"California","CA","CA-503","Sacramento City & County CoC",2016,2017,23.9965795871279,28.8442059626549,-4.84762637552698
"separate_state_lasso","1se",1,2017,"California","CA","CA-504","Santa Rosa, Petaluma/Sonoma County CoC",2016,2017,56.4213911704006,50.5008609640475,5.9205302063531
"separate_state_lasso","1se",1,2017,"California","CA","CA-505","Contra Costa County CoC",2016,2017,14.028379752692,12.5001771186853,1.52820263400668
"separate_state_lasso","1se",1,2017,"California","CA","CA-506","Salinas/Monterey, San Benito Counties CoC",2016,2017,68.0010834893208,37.2508671797756,30.7502163095452
"separate_state_lasso","1se",1,2017,"California","CA","CA-507","Marin County CoC",2016,2017,43.0030529472683,46.1035616849809,-3.1005087377126
"separate_state_lasso","1se",1,2017,"California","CA","CA-508","Watsonville/Santa Cruz City & County CoC",2016,2017,81.8246645516198,58.0278820618338,23.796782489786
"separate_state_lasso","1se",1,2017,"California","CA","CA-509","Mendocino County CoC",2016,2017,141.362930483237,78.1888868414712,63.1740436417658
"separate_state_lasso","1se",1,2017,"California","CA","CA-510","Turlock, Modesto/Stanislaus County CoC",2016,2017,30.4928981471113,29.2530045506417,1.23989359646965
"separate_state_lasso","1se",1,2017,"California","CA","CA-511","Stockton/San Joaquin County CoC",2016,2017,20.7454365421044,36.3852732348762,-15.6398366927718
"separate_state_lasso","1se",1,2017,"California","CA","CA-512","Daly City/San Mateo County CoC",2016,2017,16.2959860892365,17.5558109370278,-1.25982484779133
"separate_state_lasso","1se",1,2017,"California","CA","CA-513","Visalia/Kings, Tulare Counties CoC",2016,2017,13.9385234315893,17.0371445356015,-3.09862110401219
"separate_state_lasso","1se",1,2017,"California","CA","CA-514","Fresno City & County/Madera County CoC",2016,2017,17.6739627286284,20.9471317394666,-3.27316901083818
"separate_state_lasso","1se",1,2017,"California","CA","CA-515","Roseville, Rocklin/Placer County CoC",2016,2017,25.420978149384,23.0782998787844,2.3426782705996
"separate_state_lasso","1se",1,2017,"California","CA","CA-516","Redding/Shasta, Siskiyou, Lassen, Plumas, Del Norte, Modoc, Sierra Counties CoC",2016,2017,29.953658419255,35.8849772457775,-5.93131882652249
"separate_state_lasso","1se",1,2017,"California","CA","CA-517","Napa City & County CoC",2016,2017,22.519624243984,30.3459882635917,-7.82636401960774
"separate_state_lasso","1se",1,2017,"California","CA","CA-518","Vallejo/Solano County CoC",2016,2017,27.7783414616548,22.5077374828055,5.27060397884927
"separate_state_lasso","1se",1,2017,"California","CA","CA-519","Chico, Paradise/Butte County CoC",2016,2017,52.2527722391297,43.8948160424626,8.35795619666715
"separate_state_lasso","1se",1,2017,"California","CA","CA-520","Merced City & County CoC",2016,2017,16.7468350694957,22.2962820730587,-5.54944700356298
"separate_state_lasso","1se",1,2017,"California","CA","CA-521","Davis, Woodland/Yolo County CoC",2016,2017,21.0090764702921,32.7047115259749,-11.6956350556828
"separate_state_lasso","1se",1,2017,"California","CA","CA-522","Humboldt County CoC",2016,2017,55.6015442431524,52.144207960063,3.45733628308941
"separate_state_lasso","1se",1,2017,"California","CA","CA-523","Colusa, Glenn, Trinity Counties CoC",2016,2017,28.2817245424306,26.1759147255055,2.10580981692514
"separate_state_lasso","1se",1,2017,"California","CA","CA-524","Yuba City & County/Sutter County CoC",2016,2017,43.9860633630818,26.403478357337,17.5825850057448
"separate_state_lasso","1se",1,2017,"California","CA","CA-525","El Dorado County CoC",2016,2017,31.9060414778539,16.9216909068595,14.9843505709944
"separate_state_lasso","1se",1,2017,"California","CA","CA-526","Amador, Calaveras, Mariposa, Tuolumne Counties CoC",2016,2017,23.586118251928,32.8522863294961,-9.26616807756812
"separate_state_lasso","1se",1,2017,"California","CA","CA-527","Tehama County CoC",2016,2017,19.4214293545507,25.9943965319939,-6.57296717744315
"separate_state_lasso","1se",1,2017,"California","CA","CA-529","Lake County CoC",2016,2017,62.5477687136373,35.9152366928523,26.632532020785
"separate_state_lasso","1se",1,2017,"California","CA","CA-600","Los Angeles City & County CoC",2016,2017,56.4230733446126,36.9788171997619,19.4442561448507
"separate_state_lasso","1se",1,2017,"California","CA","CA-601","San Diego City and County CoC",2016,2017,27.5800853718057,29.6045989283746,-2.02451355656889
"separate_state_lasso","1se",1,2017,"California","CA","CA-602","Santa Ana, Anaheim/Orange County CoC",2016,2017,15.0962940047362,11.9048198002802,3.191474204456
"separate_state_lasso","1se",1,2017,"California","CA","CA-603","Santa Maria/Santa Barbara County CoC",2016,2017,41.7697811353296,48.8752248147814,-7.10544367945181
"separate_state_lasso","1se",1,2017,"California","CA","CA-604","Bakersfield/Kern County CoC",2016,2017,9.12824165273013,21.9018440742791,-12.773602421549
"separate_state_lasso","1se",1,2017,"California","CA","CA-606","Long Beach CoC",2016,2017,39.5403102800944,52.0196796496831,-12.4793693695887
"separate_state_lasso","1se",1,2017,"California","CA","CA-607","Pasadena CoC",2016,2017,40.5970261817663,49.4519218809083,-8.85489569914195
"separate_state_lasso","1se",1,2017,"California","CA","CA-608","Riverside City & County CoC",2016,2017,9.9628814342574,14.4460222175691,-4.48314078331173
"separate_state_lasso","1se",1,2017,"California","CA","CA-609","San Bernardino City & County CoC",2016,2017,8.67525668950159,14.6603942769291,-5.98513758742747
"separate_state_lasso","1se",1,2017,"California","CA","CA-611","Oxnard, San Buenaventura/Ventura County CoC",2016,2017,13.5682014124121,18.968015106388,-5.39981369397592
"separate_state_lasso","1se",1,2017,"California","CA","CA-612","Glendale CoC",2016,2017,8.55024115403616,28.8776477357397,-20.3274065817036
"separate_state_lasso","1se",1,2017,"California","CA","CA-613","Imperial County CoC",2016,2017,63.5291138404285,27.8093857429969,35.7197280974316
"separate_state_lasso","1se",1,2017,"California","CA","CA-614","San Luis Obispo County CoC",2016,2017,39.8256873913644,32.9186705068959,6.90701688446855
"separate_state_lasso","1se",1,2017,"Florida","FL","FL-500","Sarasota, Bradenton/Manatee, Sarasota Counties CoC",2016,2017,17.9710029732261,10.8100420830872,7.16096089013893
"separate_state_lasso","1se",1,2017,"Florida","FL","FL-501","Tampa/Hillsborough County CoC",2016,2017,10.8569490080856,5.62194333663666,5.23500567144894
"separate_state_lasso","1se",1,2017,"Florida","FL","FL-502","St. Petersburg, Clearwater, Largo/Pinellas County CoC",2016,2017,29.2355688750141,14.3430004755358,14.8925683994783
"separate_state_lasso","1se",1,2017,"Florida","FL","FL-503","Lakeland/Polk County CoC",2016,2017,7.4704392384821,11.9636301515486,-4.49319091306645
"separate_state_lasso","1se",1,2017,"Florida","FL","FL-504","Deltona, Daytona Beach/Volusia, Flagler Counties CoC",2016,2017,11.6227559051472,13.1044493341836,-1.48169342903638
"separate_state_lasso","1se",1,2017,"Florida","FL","FL-505","Fort Walton Beach/Okaloosa, Walton Counties CoC",2016,2017,14.7698518226586,21.9651467061284,-7.19529488346982
"separate_state_lasso","1se",1,2017,"Florida","FL","FL-506","Tallahassee/Leon County CoC",2016,2017,24.055135864484,20.1026726153398,3.9524632491442
"separate_state_lasso","1se",1,2017,"Florida","FL","FL-507","Orlando/Orange, Osceola, Seminole Counties CoC",2016,2017,9.54728645772195,-0.192714862751113,9.74000132047306
"separate_state_lasso","1se",1,2017,"Florida","FL","FL-508","Gainesville/Alachua, Putnam Counties CoC",2016,2017,18.2397039352823,20.481107421295,-2.24140348601268
"separate_state_lasso","1se",1,2017,"Florida","FL","FL-509","Fort Pierce/St. Lucie, Indian River, Martin Counties CoC",2016,2017,27.6189792777924,12.4323261126751,15.1866531651173
"separate_state_lasso","1se",1,2017,"Florida","FL","FL-510","Jacksonville-Duval, Clay Counties CoC",2016,2017,14.9887317337379,7.91809719405776,7.07063453968014
"separate_state_lasso","1se",1,2017,"Florida","FL","FL-511","Pensacola/Escambia, Santa Rosa Counties CoC",2016,2017,15.555163370258,18.6224063806511,-3.06724301039313
"separate_state_lasso","1se",1,2017,"Florida","FL","FL-512","St. Johns County CoC",2016,2017,18.2606804462992,23.3269674196202,-5.06628697332099
"separate_state_lasso","1se",1,2017,"Florida","FL","FL-513","Palm Bay, Melbourne/Brevard County CoC",2016,2017,14.3763961692434,15.1399150152511,-0.763518846007669
"separate_state_lasso","1se",1,2017,"Florida","FL","FL-514","Ocala/Marion County CoC",2016,2017,20.5185388536222,20.1302676889112,0.388271164711028
"separate_state_lasso","1se",1,2017,"Florida","FL","FL-515","Panama City/Bay, Jackson Counties CoC",2016,2017,10.9257278128059,20.1236770678854,-9.19794925507948
"separate_state_lasso","1se",1,2017,"Florida","FL","FL-517","Hendry, Hardee, Highlands Counties CoC",2016,2017,23.0577010449796,23.3402221553653,-0.282521110385684
"separate_state_lasso","1se",1,2017,"Florida","FL","FL-519","Pasco County CoC",2016,2017,49.3772148813366,14.1463248176097,35.2308900637269
"separate_state_lasso","1se",1,2017,"Florida","FL","FL-520","Citrus, Hernando, Lake, Sumter Counties CoC",2016,2017,7.91231904464043,8.55809836302938,-0.64577931838895
"separate_state_lasso","1se",1,2017,"Florida","FL","FL-600","Miami-Dade County CoC",2016,2017,13.7139529612519,0.713623293473922,13.000329667778
"separate_state_lasso","1se",1,2017,"Florida","FL","FL-601","Ft Lauderdale/Broward County CoC",2016,2017,12.6646665108999,1.66611236941596,10.9985541414839
"separate_state_lasso","1se",1,2017,"Florida","FL","FL-602","Charlotte County CoC",2016,2017,12.2299225438239,28.1054426103029,-15.875520066479
"separate_state_lasso","1se",1,2017,"Florida","FL","FL-603","Ft Myers, Cape Coral/Lee County CoC",2016,2017,5.82432432432432,10.8237885807696,-4.99946425644528
"separate_state_lasso","1se",1,2017,"Florida","FL","FL-604","Monroe County CoC",2016,2017,82.5019939071428,53.2381814430778,29.263812464065
"separate_state_lasso","1se",1,2017,"Florida","FL","FL-605","West Palm Beach/Palm Beach County CoC",2016,2017,10.9294151572693,3.25225189510288,7.67716326216642
"separate_state_lasso","1se",1,2017,"Florida","FL","FL-606","Naples/Collier County CoC",2016,2017,16.6631784006569,18.8393633299852,-2.17618492932825
"state_time_baseline","none",2,2018,"California","CA","CA-500","San Jose/Santa Clara City & County CoC",2017,2018,37.5400357184073,29.5990501088194,7.94098560958786
"state_time_baseline","none",2,2018,"California","CA","CA-501","San Francisco CoC",2017,2018,77.8588752532088,29.5990501088194,48.2598251443894
"state_time_baseline","none",2,2018,"California","CA","CA-502","Oakland, Berkeley/Alameda County CoC",2017,2018,32.9742325811336,29.5990501088194,3.37518247231415
"state_time_baseline","none",2,2018,"California","CA","CA-503","Sacramento City & County CoC",2017,2018,23.5321489056673,29.5990501088194,-6.06690120315215
"state_time_baseline","none",2,2018,"California","CA","CA-504","Santa Rosa, Petaluma/Sonoma County CoC",2017,2018,60.0830654396031,29.5990501088194,30.4840153307837
"state_time_baseline","none",2,2018,"California","CA","CA-505","Contra Costa County CoC",2017,2018,19.4173238338524,29.5990501088194,-10.181726274967
"state_time_baseline","none",2,2018,"California","CA","CA-506","Salinas/Monterey, San Benito Counties CoC",2017,2018,66.5903673067335,29.5990501088194,36.9913171979141
"state_time_baseline","none",2,2018,"California","CA","CA-507","Marin County CoC",2017,2018,42.1702058830326,29.5990501088194,12.5711557742132
"state_time_baseline","none",2,2018,"California","CA","CA-508","Watsonville/Santa Cruz City & County CoC",2017,2018,84.7206955861248,29.5990501088194,55.1216454773054
"state_time_baseline","none",2,2018,"California","CA","CA-509","Mendocino County CoC",2017,2018,100.685346849578,29.5990501088194,71.0862967407586
"state_time_baseline","none",2,2018,"California","CA","CA-510","Turlock, Modesto/Stanislaus County CoC",2017,2018,24.7388374205931,29.5990501088194,-4.86021268822634
"state_time_baseline","none",2,2018,"California","CA","CA-511","Stockton/San Joaquin County CoC",2017,2018,22.3922943928897,29.5990501088194,-7.20675571592975
"state_time_baseline","none",2,2018,"California","CA","CA-512","Daly City/San Mateo County CoC",2017,2018,16.1055106084318,29.5990501088194,-13.4935395003876
"state_time_baseline","none",2,2018,"California","CA","CA-513","Visalia/Kings, Tulare Counties CoC",2017,2018,15.698791014512,29.5990501088194,-13.9002590943074
"state_time_baseline","none",2,2018,"California","CA","CA-514","Fresno City & County/Madera County CoC",2017,2018,18.6624328013147,29.5990501088194,-10.9366173075047
"state_time_baseline","none",2,2018,"California","CA","CA-515","Roseville, Rocklin/Placer County CoC",2017,2018,24.2143093824077,29.5990501088194,-5.38474072641175
"state_time_baseline","none",2,2018,"California","CA","CA-516","Redding/Shasta, Siskiyou, Lassen, Plumas, Del Norte, Modoc, Sierra Counties CoC",2017,2018,36.8086367349554,29.5990501088194,7.20958662613596
"state_time_baseline","none",2,2018,"California","CA","CA-517","Napa City & County CoC",2017,2018,23.2006859333232,29.5990501088194,-6.39836417549624
"state_time_baseline","none",2,2018,"California","CA","CA-518","Vallejo/Solano County CoC",2017,2018,25.3295193224522,29.5990501088194,-4.26953078636724
"state_time_baseline","none",2,2018,"California","CA","CA-519","Chico, Paradise/Butte County CoC",2017,2018,48.8410560087523,29.5990501088194,19.2420058999329
"state_time_baseline","none",2,2018,"California","CA","CA-520","Merced City & County CoC",2017,2018,18.7487917242687,29.5990501088194,-10.8502583845507
"state_time_baseline","none",2,2018,"California","CA","CA-521","Davis, Woodland/Yolo County CoC",2017,2018,20.3527199047783,29.5990501088194,-9.24633020404114
"state_time_baseline","none",2,2018,"California","CA","CA-522","Humboldt County CoC",2017,2018,51.5986025072664,29.5990501088194,21.999552398447
"state_time_baseline","none",2,2018,"California","CA","CA-523","Colusa, Glenn, Trinity Counties CoC",2017,2018,43.2592975206612,29.5990501088194,13.6602474118418
"state_time_baseline","none",2,2018,"California","CA","CA-524","Yuba City & County/Sutter County CoC",2017,2018,43.9895345159714,29.5990501088194,14.390484407152
"state_time_baseline","none",2,2018,"California","CA","CA-525","El Dorado County CoC",2017,2018,33.8146016168098,29.5990501088194,4.21555150799036
"state_time_baseline","none",2,2018,"California","CA","CA-526","Amador, Calaveras, Mariposa, Tuolumne Counties CoC",2017,2018,25.3672838522579,29.5990501088194,-4.23176625656155
"state_time_baseline","none",2,2018,"California","CA","CA-527","Tehama County CoC",2017,2018,19.5257583804555,29.5990501088194,-10.0732917283639
"state_time_baseline","none",2,2018,"California","CA","CA-529","Lake County CoC",2017,2018,95.6201315359858,29.5990501088194,66.0210814271664
"state_time_baseline","none",2,2018,"California","CA","CA-530","Alpine, Inyo, Mono Counties CoC",2017,2018,46.9525689335487,29.5990501088194,17.3535188247293
"state_time_baseline","none",2,2018,"California","CA","CA-600","Los Angeles City & County CoC",2017,2018,53.9062941493289,29.5990501088194,24.3072440405095
"state_time_baseline","none",2,2018,"California","CA","CA-601","San Diego City and County CoC",2017,2018,25.7239279022131,29.5990501088194,-3.87512220660635
"state_time_baseline","none",2,2018,"California","CA","CA-602","Santa Ana, Anaheim/Orange County CoC",2017,2018,15.6015180229807,29.5990501088194,-13.9975320858387
"state_time_baseline","none",2,2018,"California","CA","CA-603","Santa Maria/Santa Barbara County CoC",2017,2018,38.2699986540446,29.5990501088194,8.67094854522515
"state_time_baseline","none",2,2018,"California","CA","CA-604","Bakersfield/Kern County CoC",2017,2018,9.90200926872822,29.5990501088194,-19.6970408400912
"state_time_baseline","none",2,2018,"California","CA","CA-606","Long Beach CoC",2017,2018,39.8701635145064,29.5990501088194,10.271113405687
"state_time_baseline","none",2,2018,"California","CA","CA-607","Pasadena CoC",2017,2018,47.94000412551,29.5990501088194,18.3409540166906
"state_time_baseline","none",2,2018,"California","CA","CA-608","Riverside City & County CoC",2017,2018,9.46933688883219,29.5990501088194,-20.1297132199873
"state_time_baseline","none",2,2018,"California","CA","CA-609","San Bernardino City & County CoC",2017,2018,9.77499511942524,29.5990501088194,-19.8240549893942
"state_time_baseline","none",2,2018,"California","CA","CA-611","Oxnard, San Buenaventura/Ventura County CoC",2017,2018,15.4219458534066,29.5990501088194,-14.1771042554128
"state_time_baseline","none",2,2018,"California","CA","CA-612","Glendale CoC",2017,2018,13.2716662426214,29.5990501088194,-16.327383866198
"state_time_baseline","none",2,2018,"California","CA","CA-613","Imperial County CoC",2017,2018,82.2485304892493,29.5990501088194,52.6494803804299
"state_time_baseline","none",2,2018,"California","CA","CA-614","San Luis Obispo County CoC",2017,2018,38.6442400671951,29.5990501088194,9.04518995837565
"state_time_baseline","none",2,2018,"Florida","FL","FL-500","Sarasota, Bradenton/Manatee, Sarasota Counties CoC",2017,2018,14.5239035183913,19.8090496950547,-5.28514617666336
"state_time_baseline","none",2,2018,"Florida","FL","FL-501","Tampa/Hillsborough County CoC",2017,2018,12.3629486217895,19.8090496950547,-7.44610107326517
"state_time_baseline","none",2,2018,"Florida","FL","FL-502","St. Petersburg, Clearwater, Largo/Pinellas County CoC",2017,2018,26.8432097572807,19.8090496950547,7.03416006222604
"state_time_baseline","none",2,2018,"Florida","FL","FL-503","Lakeland/Polk County CoC",2017,2018,7.81209090896225,19.8090496950547,-11.9969587860924
"state_time_baseline","none",2,2018,"Florida","FL","FL-504","Deltona, Daytona Beach/Volusia, Flagler Counties CoC",2017,2018,10.3770058919515,19.8090496950547,-9.43204380310316
"state_time_baseline","none",2,2018,"Florida","FL","FL-505","Fort Walton Beach/Okaloosa, Walton Counties CoC",2017,2018,17.8271736546786,19.8090496950547,-1.98187604037606
"state_time_baseline","none",2,2018,"Florida","FL","FL-506","Tallahassee/Leon County CoC",2017,2018,20.3460220946386,19.8090496950547,0.536972399583934
"state_time_baseline","none",2,2018,"Florida","FL","FL-507","Orlando/Orange, Osceola, Seminole Counties CoC",2017,2018,9.25559415684828,19.8090496950547,-10.5534555382064
"state_time_baseline","none",2,2018,"Florida","FL","FL-508","Gainesville/Alachua, Putnam Counties CoC",2017,2018,16.660466018682,19.8090496950547,-3.14858367637266
"state_time_baseline","none",2,2018,"Florida","FL","FL-509","Fort Pierce/St. Lucie, Indian River, Martin Counties CoC",2017,2018,24.1558758933131,19.8090496950547,4.34682619825844
"state_time_baseline","none",2,2018,"Florida","FL","FL-510","Jacksonville-Duval, Clay Counties CoC",2017,2018,14.1886011975508,19.8090496950547,-5.62044849750386
"state_time_baseline","none",2,2018,"Florida","FL","FL-511","Pensacola/Escambia, Santa Rosa Counties CoC",2017,2018,12.7831973770173,19.8090496950547,-7.02585231803736
"state_time_baseline","none",2,2018,"Florida","FL","FL-512","St. Johns County CoC",2017,2018,13.4744340343716,19.8090496950547,-6.33461566068307
"state_time_baseline","none",2,2018,"Florida","FL","FL-513","Palm Bay, Melbourne/Brevard County CoC",2017,2018,12.3319270904213,19.8090496950547,-7.47712260463337
"state_time_baseline","none",2,2018,"Florida","FL","FL-514","Ocala/Marion County CoC",2017,2018,15.9303964217879,19.8090496950547,-3.87865327326676
"state_time_baseline","none",2,2018,"Florida","FL","FL-515","Panama City/Bay, Jackson Counties CoC",2017,2018,12.3190537932016,19.8090496950547,-7.48999590185306
"state_time_baseline","none",2,2018,"Florida","FL","FL-517","Hendry, Hardee, Highlands Counties CoC",2017,2018,17.0207969340021,19.8090496950547,-2.78825276105256
"state_time_baseline","none",2,2018,"Florida","FL","FL-519","Pasco County CoC",2017,2018,49.4908085848374,19.8090496950547,29.6817588897827
"state_time_baseline","none",2,2018,"Florida","FL","FL-520","Citrus, Hernando, Lake, Sumter Counties CoC",2017,2018,8.63175197856509,19.8090496950547,-11.1772977164896
"state_time_baseline","none",2,2018,"Florida","FL","FL-600","Miami-Dade County CoC",2017,2018,12.950972685824,19.8090496950547,-6.85807700923066
"state_time_baseline","none",2,2018,"Florida","FL","FL-601","Ft Lauderdale/Broward County CoC",2017,2018,11.9109586471864,19.8090496950547,-7.89809104786826
"state_time_baseline","none",2,2018,"Florida","FL","FL-602","Charlotte County CoC",2017,2018,8.8721064219985,19.8090496950547,-10.9369432730562
"state_time_baseline","none",2,2018,"Florida","FL","FL-603","Ft Myers, Cape Coral/Lee County CoC",2017,2018,9.64915768685302,19.8090496950547,-10.1598920082016
"state_time_baseline","none",2,2018,"Florida","FL","FL-604","Monroe County CoC",2017,2018,130.155035648836,19.8090496950547,110.345985953781
"state_time_baseline","none",2,2018,"Florida","FL","FL-605","West Palm Beach/Palm Beach County CoC",2017,2018,8.82744073004081,19.8090496950547,-10.9816089650139
"state_time_baseline","none",2,2018,"Florida","FL","FL-606","Naples/Collier County CoC",2017,2018,17.2659511741111,19.8090496950547,-2.54309852094357
"pooled_lasso","min",2,2018,"California","CA","CA-500","San Jose/Santa Clara City & County CoC",2017,2018,37.5400357184073,23.9764342828886,13.5636014355187
"pooled_lasso","min",2,2018,"California","CA","CA-501","San Francisco CoC",2017,2018,77.8588752532088,98.6603927354752,-20.8015174822664
"pooled_lasso","min",2,2018,"California","CA","CA-502","Oakland, Berkeley/Alameda County CoC",2017,2018,32.9742325811336,21.5554213275672,11.4188112535664
"pooled_lasso","min",2,2018,"California","CA","CA-503","Sacramento City & County CoC",2017,2018,23.5321489056673,30.2859024754898,-6.7537535698225
"pooled_lasso","min",2,2018,"California","CA","CA-504","Santa Rosa, Petaluma/Sonoma County CoC",2017,2018,60.0830654396031,49.5400441950386,10.5430212445645
"pooled_lasso","min",2,2018,"California","CA","CA-505","Contra Costa County CoC",2017,2018,19.4173238338524,16.8928849263416,2.5244389075108
"pooled_lasso","min",2,2018,"California","CA","CA-506","Salinas/Monterey, San Benito Counties CoC",2017,2018,66.5903673067335,34.0419864679829,32.5483808387506
"pooled_lasso","min",2,2018,"California","CA","CA-507","Marin County CoC",2017,2018,42.1702058830326,38.1391009856522,4.0311048973804
"pooled_lasso","min",2,2018,"California","CA","CA-508","Watsonville/Santa Cruz City & County CoC",2017,2018,84.7206955861248,57.5541268266852,27.1665687594396
"pooled_lasso","min",2,2018,"California","CA","CA-509","Mendocino County CoC",2017,2018,100.685346849578,91.4729643677043,9.21238248187365
"pooled_lasso","min",2,2018,"California","CA","CA-510","Turlock, Modesto/Stanislaus County CoC",2017,2018,24.7388374205931,33.1035843607118,-8.36474694011873
"pooled_lasso","min",2,2018,"California","CA","CA-511","Stockton/San Joaquin County CoC",2017,2018,22.3922943928897,29.9741817881155,-7.5818873952258
"pooled_lasso","min",2,2018,"California","CA","CA-512","Daly City/San Mateo County CoC",2017,2018,16.1055106084318,18.4124568028205,-2.3069461943887
"pooled_lasso","min",2,2018,"California","CA","CA-513","Visalia/Kings, Tulare Counties CoC",2017,2018,15.698791014512,21.1349666255398,-5.43617561102779
"pooled_lasso","min",2,2018,"California","CA","CA-514","Fresno City & County/Madera County CoC",2017,2018,18.6624328013147,21.8075037607577,-3.14507095944299
"pooled_lasso","min",2,2018,"California","CA","CA-515","Roseville, Rocklin/Placer County CoC",2017,2018,24.2143093824077,29.3942809194787,-5.17997153707097
"pooled_lasso","min",2,2018,"California","CA","CA-516","Redding/Shasta, Siskiyou, Lassen, Plumas, Del Norte, Modoc, Sierra Counties CoC",2017,2018,36.8086367349554,31.1806600003378,5.62797673461757
"pooled_lasso","min",2,2018,"California","CA","CA-517","Napa City & County CoC",2017,2018,23.2006859333232,35.7136429723699,-12.5129570390467
"pooled_lasso","min",2,2018,"California","CA","CA-518","Vallejo/Solano County CoC",2017,2018,25.3295193224522,25.6004317692183,-0.270912446766125
"pooled_lasso","min",2,2018,"California","CA","CA-519","Chico, Paradise/Butte County CoC",2017,2018,48.8410560087523,48.5254487386222,0.315607270130101
"pooled_lasso","min",2,2018,"California","CA","CA-520","Merced City & County CoC",2017,2018,18.7487917242687,26.4863695174329,-7.73757779316419
"pooled_lasso","min",2,2018,"California","CA","CA-521","Davis, Woodland/Yolo County CoC",2017,2018,20.3527199047783,21.9203659941749,-1.56764608939661
"pooled_lasso","min",2,2018,"California","CA","CA-522","Humboldt County CoC",2017,2018,51.5986025072664,48.0122203828871,3.5863821243793
"pooled_lasso","min",2,2018,"California","CA","CA-523","Colusa, Glenn, Trinity Counties CoC",2017,2018,43.2592975206612,34.6053720951494,8.65392542551181
"pooled_lasso","min",2,2018,"California","CA","CA-524","Yuba City & County/Sutter County CoC",2017,2018,43.9895345159714,29.1978322730453,14.7917022429261
"pooled_lasso","min",2,2018,"California","CA","CA-525","El Dorado County CoC",2017,2018,33.8146016168098,25.1342506122996,8.68035100451024
"pooled_lasso","min",2,2018,"California","CA","CA-526","Amador, Calaveras, Mariposa, Tuolumne Counties CoC",2017,2018,25.3672838522579,27.4601332361071,-2.09284938384917
"pooled_lasso","min",2,2018,"California","CA","CA-527","Tehama County CoC",2017,2018,19.5257583804555,37.5155287716435,-17.989770391188
"pooled_lasso","min",2,2018,"California","CA","CA-529","Lake County CoC",2017,2018,95.6201315359858,35.1353415888029,60.4847899471829
"pooled_lasso","min",2,2018,"California","CA","CA-530","Alpine, Inyo, Mono Counties CoC",2017,2018,46.9525689335487,34.3753201011943,12.5772488323544
"pooled_lasso","min",2,2018,"California","CA","CA-600","Los Angeles City & County CoC",2017,2018,53.9062941493289,20.2039996068253,33.7022945425036
"pooled_lasso","min",2,2018,"California","CA","CA-601","San Diego City and County CoC",2017,2018,25.7239279022131,18.7949724796601,6.92895542255298
"pooled_lasso","min",2,2018,"California","CA","CA-602","Santa Ana, Anaheim/Orange County CoC",2017,2018,15.6015180229807,6.69696338887074,8.90455463410996
"pooled_lasso","min",2,2018,"California","CA","CA-603","Santa Maria/Santa Barbara County CoC",2017,2018,38.2699986540446,49.441299786982,-11.1713011329374
"pooled_lasso","min",2,2018,"California","CA","CA-604","Bakersfield/Kern County CoC",2017,2018,9.90200926872822,28.6251670579525,-18.7231577892243
"pooled_lasso","min",2,2018,"California","CA","CA-606","Long Beach CoC",2017,2018,39.8701635145064,52.0853013445683,-12.2151378300619
"pooled_lasso","min",2,2018,"California","CA","CA-607","Pasadena CoC",2017,2018,47.94000412551,57.606497831079,-9.66649370556901
"pooled_lasso","min",2,2018,"California","CA","CA-608","Riverside City & County CoC",2017,2018,9.46933688883219,12.9554029310377,-3.48606604220551
"pooled_lasso","min",2,2018,"California","CA","CA-609","San Bernardino City & County CoC",2017,2018,9.77499511942524,15.3266311236285,-5.55163600420322
"pooled_lasso","min",2,2018,"California","CA","CA-611","Oxnard, San Buenaventura/Ventura County CoC",2017,2018,15.4219458534066,22.1889783726859,-6.76703251927935
"pooled_lasso","min",2,2018,"California","CA","CA-612","Glendale CoC",2017,2018,13.2716662426214,23.1209938382255,-9.84932759560412
"pooled_lasso","min",2,2018,"California","CA","CA-613","Imperial County CoC",2017,2018,82.2485304892493,23.2811102451423,58.967420244107
"pooled_lasso","min",2,2018,"California","CA","CA-614","San Luis Obispo County CoC",2017,2018,38.6442400671951,36.7109912363814,1.93324883081375
"pooled_lasso","min",2,2018,"Florida","FL","FL-500","Sarasota, Bradenton/Manatee, Sarasota Counties CoC",2017,2018,14.5239035183913,16.1483263239621,-1.62442280557079
"pooled_lasso","min",2,2018,"Florida","FL","FL-501","Tampa/Hillsborough County CoC",2017,2018,12.3629486217895,12.1922991458634,0.17064947592613
"pooled_lasso","min",2,2018,"Florida","FL","FL-502","St. Petersburg, Clearwater, Largo/Pinellas County CoC",2017,2018,26.8432097572807,27.5176020773931,-0.674392320112414
"pooled_lasso","min",2,2018,"Florida","FL","FL-503","Lakeland/Polk County CoC",2017,2018,7.81209090896225,11.2813948012085,-3.4693038922463
"pooled_lasso","min",2,2018,"Florida","FL","FL-504","Deltona, Daytona Beach/Volusia, Flagler Counties CoC",2017,2018,10.3770058919515,19.9205825109701,-9.54357661901857
"pooled_lasso","min",2,2018,"Florida","FL","FL-505","Fort Walton Beach/Okaloosa, Walton Counties CoC",2017,2018,17.8271736546786,28.6787508940856,-10.851577239407
"pooled_lasso","min",2,2018,"Florida","FL","FL-506","Tallahassee/Leon County CoC",2017,2018,20.3460220946386,27.2261773128618,-6.88015521822319
"pooled_lasso","min",2,2018,"Florida","FL","FL-507","Orlando/Orange, Osceola, Seminole Counties CoC",2017,2018,9.25559415684828,2.92043334220634,6.33516081464194
"pooled_lasso","min",2,2018,"Florida","FL","FL-508","Gainesville/Alachua, Putnam Counties CoC",2017,2018,16.660466018682,24.776183586337,-8.11571756765505
"pooled_lasso","min",2,2018,"Florida","FL","FL-509","Fort Pierce/St. Lucie, Indian River, Martin Counties CoC",2017,2018,24.1558758933131,14.4093273343872,9.74654855892591
"pooled_lasso","min",2,2018,"Florida","FL","FL-510","Jacksonville-Duval, Clay Counties CoC",2017,2018,14.1886011975508,16.7827484771512,-2.59414727960037
"pooled_lasso","min",2,2018,"Florida","FL","FL-511","Pensacola/Escambia, Santa Rosa Counties CoC",2017,2018,12.7831973770173,27.3938847027661,-14.6106873257488
"pooled_lasso","min",2,2018,"Florida","FL","FL-512","St. Johns County CoC",2017,2018,13.4744340343716,19.1787288559685,-5.70429482159689
"pooled_lasso","min",2,2018,"Florida","FL","FL-513","Palm Bay, Melbourne/Brevard County CoC",2017,2018,12.3319270904213,16.9284636425492,-4.59653655212789
"pooled_lasso","min",2,2018,"Florida","FL","FL-514","Ocala/Marion County CoC",2017,2018,15.9303964217879,20.2734931603349,-4.34309673854702
"pooled_lasso","min",2,2018,"Florida","FL","FL-515","Panama City/Bay, Jackson Counties CoC",2017,2018,12.3190537932016,15.7319682228929,-3.41291442969127
"pooled_lasso","min",2,2018,"Florida","FL","FL-517","Hendry, Hardee, Highlands Counties CoC",2017,2018,17.0207969340021,14.1842542479115,2.83654268609059
"pooled_lasso","min",2,2018,"Florida","FL","FL-519","Pasco County CoC",2017,2018,49.4908085848374,12.8995960021862,36.5912125826512
"pooled_lasso","min",2,2018,"Florida","FL","FL-520","Citrus, Hernando, Lake, Sumter Counties CoC",2017,2018,8.63175197856509,7.09226414379592,1.53948783476917
"pooled_lasso","min",2,2018,"Florida","FL","FL-600","Miami-Dade County CoC",2017,2018,12.950972685824,10.1582067451264,2.79276594069763
"pooled_lasso","min",2,2018,"Florida","FL","FL-601","Ft Lauderdale/Broward County CoC",2017,2018,11.9109586471864,9.39594145414482,2.51501719304158
"pooled_lasso","min",2,2018,"Florida","FL","FL-602","Charlotte County CoC",2017,2018,8.8721064219985,24.54724931304,-15.6751428910415
"pooled_lasso","min",2,2018,"Florida","FL","FL-603","Ft Myers, Cape Coral/Lee County CoC",2017,2018,9.64915768685302,10.0624569959467,-0.413299309093716
"pooled_lasso","min",2,2018,"Florida","FL","FL-604","Monroe County CoC",2017,2018,130.155035648836,87.9389958719428,42.2160397768932
"pooled_lasso","min",2,2018,"Florida","FL","FL-605","West Palm Beach/Palm Beach County CoC",2017,2018,8.82744073004081,4.99913119007433,3.82830953996648
"pooled_lasso","min",2,2018,"Florida","FL","FL-606","Naples/Collier County CoC",2017,2018,17.2659511741111,12.4497616764917,4.8161894976194
"pooled_lasso","1se",2,2018,"California","CA","CA-500","San Jose/Santa Clara City & County CoC",2017,2018,37.5400357184073,25.4545982266558,12.0854374917515
"pooled_lasso","1se",2,2018,"California","CA","CA-501","San Francisco CoC",2017,2018,77.8588752532088,84.5860596078947,-6.72718435468589
"pooled_lasso","1se",2,2018,"California","CA","CA-502","Oakland, Berkeley/Alameda County CoC",2017,2018,32.9742325811336,24.3638615361288,8.61037104500477
"pooled_lasso","1se",2,2018,"California","CA","CA-503","Sacramento City & County CoC",2017,2018,23.5321489056673,26.0022962742917,-2.47014736862443
"pooled_lasso","1se",2,2018,"California","CA","CA-504","Santa Rosa, Petaluma/Sonoma County CoC",2017,2018,60.0830654396031,37.4670933729792,22.6159720666239
"pooled_lasso","1se",2,2018,"California","CA","CA-505","Contra Costa County CoC",2017,2018,19.4173238338524,20.2042577973644,-0.78693396351203
"pooled_lasso","1se",2,2018,"California","CA","CA-506","Salinas/Monterey, San Benito Counties CoC",2017,2018,66.5903673067335,29.480828537612,37.1095387691215
"pooled_lasso","1se",2,2018,"California","CA","CA-507","Marin County CoC",2017,2018,42.1702058830326,35.5533329072931,6.61687297573951
"pooled_lasso","1se",2,2018,"California","CA","CA-508","Watsonville/Santa Cruz City & County CoC",2017,2018,84.7206955861248,42.7503598621597,41.9703357239651
"pooled_lasso","1se",2,2018,"California","CA","CA-509","Mendocino County CoC",2017,2018,100.685346849578,58.7854391935432,41.8999076560348
"pooled_lasso","1se",2,2018,"California","CA","CA-510","Turlock, Modesto/Stanislaus County CoC",2017,2018,24.7388374205931,29.9989961866949,-5.26015876610182
"pooled_lasso","1se",2,2018,"California","CA","CA-511","Stockton/San Joaquin County CoC",2017,2018,22.3922943928897,28.0626527346159,-5.67035834172625
"pooled_lasso","1se",2,2018,"California","CA","CA-512","Daly City/San Mateo County CoC",2017,2018,16.1055106084318,23.6284722087015,-7.5229616002697
"pooled_lasso","1se",2,2018,"California","CA","CA-513","Visalia/Kings, Tulare Counties CoC",2017,2018,15.698791014512,21.2924734375578,-5.59368242304584
"pooled_lasso","1se",2,2018,"California","CA","CA-514","Fresno City & County/Madera County CoC",2017,2018,18.6624328013147,20.0082946781438,-1.34586187682907
"pooled_lasso","1se",2,2018,"California","CA","CA-515","Roseville, Rocklin/Placer County CoC",2017,2018,24.2143093824077,27.8550876972835,-3.64077831487583
"pooled_lasso","1se",2,2018,"California","CA","CA-516","Redding/Shasta, Siskiyou, Lassen, Plumas, Del Norte, Modoc, Sierra Counties CoC",2017,2018,36.8086367349554,35.7699342916557,1.0387024432997
"pooled_lasso","1se",2,2018,"California","CA","CA-517","Napa City & County CoC",2017,2018,23.2006859333232,32.1211432404517,-8.92045730712849
"pooled_lasso","1se",2,2018,"California","CA","CA-518","Vallejo/Solano County CoC",2017,2018,25.3295193224522,24.0138299234189,1.31568939903332
"pooled_lasso","1se",2,2018,"California","CA","CA-519","Chico, Paradise/Butte County CoC",2017,2018,48.8410560087523,40.8017363779008,8.03931963085147
"pooled_lasso","1se",2,2018,"California","CA","CA-520","Merced City & County CoC",2017,2018,18.7487917242687,25.1549133769418,-6.40612165267308
"pooled_lasso","1se",2,2018,"California","CA","CA-521","Davis, Woodland/Yolo County CoC",2017,2018,20.3527199047783,29.4891989292579,-9.13647902447956
"pooled_lasso","1se",2,2018,"California","CA","CA-522","Humboldt County CoC",2017,2018,51.5986025072664,42.8041862150779,8.79441629218852
"pooled_lasso","1se",2,2018,"California","CA","CA-523","Colusa, Glenn, Trinity Counties CoC",2017,2018,43.2592975206612,36.1361050333983,7.12319248726295
"pooled_lasso","1se",2,2018,"California","CA","CA-524","Yuba City & County/Sutter County CoC",2017,2018,43.9895345159714,31.9166253758636,12.0729091401078
"pooled_lasso","1se",2,2018,"California","CA","CA-525","El Dorado County CoC",2017,2018,33.8146016168098,26.4838287290231,7.33077288778671
"pooled_lasso","1se",2,2018,"California","CA","CA-526","Amador, Calaveras, Mariposa, Tuolumne Counties CoC",2017,2018,25.3672838522579,29.0574721313774,-3.6901882791195
"pooled_lasso","1se",2,2018,"California","CA","CA-527","Tehama County CoC",2017,2018,19.5257583804555,31.393685285003,-11.8679269045475
"pooled_lasso","1se",2,2018,"California","CA","CA-529","Lake County CoC",2017,2018,95.6201315359858,31.5396262048974,64.0805053310884
"pooled_lasso","1se",2,2018,"California","CA","CA-530","Alpine, Inyo, Mono Counties CoC",2017,2018,46.9525689335487,31.3466556684475,15.6059132651012
"pooled_lasso","1se",2,2018,"California","CA","CA-600","Los Angeles City & County CoC",2017,2018,53.9062941493289,19.6387423470299,34.267551802299
"pooled_lasso","1se",2,2018,"California","CA","CA-601","San Diego City and County CoC",2017,2018,25.7239279022131,17.9499046785961,7.77402322361696
"pooled_lasso","1se",2,2018,"California","CA","CA-602","Santa Ana, Anaheim/Orange County CoC",2017,2018,15.6015180229807,13.9079716636726,1.6935463593081
"pooled_lasso","1se",2,2018,"California","CA","CA-603","Santa Maria/Santa Barbara County CoC",2017,2018,38.2699986540446,38.0479493609369,0.222049293107673
"pooled_lasso","1se",2,2018,"California","CA","CA-604","Bakersfield/Kern County CoC",2017,2018,9.90200926872822,24.5191950181339,-14.6171857494057
"pooled_lasso","1se",2,2018,"California","CA","CA-606","Long Beach CoC",2017,2018,39.8701635145064,43.837924937557,-3.96776142305058
"pooled_lasso","1se",2,2018,"California","CA","CA-607","Pasadena CoC",2017,2018,47.94000412551,46.0786051211082,1.86139900440177
"pooled_lasso","1se",2,2018,"California","CA","CA-608","Riverside City & County CoC",2017,2018,9.46933688883219,12.1145250404401,-2.64518815160789
"pooled_lasso","1se",2,2018,"California","CA","CA-609","San Bernardino City & County CoC",2017,2018,9.77499511942524,12.9748387045988,-3.19984358517355
"pooled_lasso","1se",2,2018,"California","CA","CA-611","Oxnard, San Buenaventura/Ventura County CoC",2017,2018,15.4219458534066,18.6540770802234,-3.23213122681677
"pooled_lasso","1se",2,2018,"California","CA","CA-612","Glendale CoC",2017,2018,13.2716662426214,28.1651306118263,-14.8934643692049
"pooled_lasso","1se",2,2018,"California","CA","CA-613","Imperial County CoC",2017,2018,82.2485304892493,28.9675642648691,53.2809662243802
"pooled_lasso","1se",2,2018,"California","CA","CA-614","San Luis Obispo County CoC",2017,2018,38.6442400671951,29.3264410391121,9.31779902808299
"pooled_lasso","1se",2,2018,"Florida","FL","FL-500","Sarasota, Bradenton/Manatee, Sarasota Counties CoC",2017,2018,14.5239035183913,17.4662941044038,-2.94239058601249
"pooled_lasso","1se",2,2018,"Florida","FL","FL-501","Tampa/Hillsborough County CoC",2017,2018,12.3629486217895,14.5252605938401,-2.1623119720506
"pooled_lasso","1se",2,2018,"Florida","FL","FL-502","St. Petersburg, Clearwater, Largo/Pinellas County CoC",2017,2018,26.8432097572807,27.4102264426369,-0.567016685356215
"pooled_lasso","1se",2,2018,"Florida","FL","FL-503","Lakeland/Polk County CoC",2017,2018,7.81209090896225,14.5267728753153,-6.71468196635302
"pooled_lasso","1se",2,2018,"Florida","FL","FL-504","Deltona, Daytona Beach/Volusia, Flagler Counties CoC",2017,2018,10.3770058919515,16.1320152619735,-5.75500937002202
"pooled_lasso","1se",2,2018,"Florida","FL","FL-505","Fort Walton Beach/Okaloosa, Walton Counties CoC",2017,2018,17.8271736546786,20.7202763195596,-2.89310266488097
"pooled_lasso","1se",2,2018,"Florida","FL","FL-506","Tallahassee/Leon County CoC",2017,2018,20.3460220946386,26.2731215771007,-5.92709948246208
"pooled_lasso","1se",2,2018,"Florida","FL","FL-507","Orlando/Orange, Osceola, Seminole Counties CoC",2017,2018,9.25559415684828,10.7551109369989,-1.49951678015064
"pooled_lasso","1se",2,2018,"Florida","FL","FL-508","Gainesville/Alachua, Putnam Counties CoC",2017,2018,16.660466018682,24.448578952268,-7.78811293358599
"pooled_lasso","1se",2,2018,"Florida","FL","FL-509","Fort Pierce/St. Lucie, Indian River, Martin Counties CoC",2017,2018,24.1558758933131,13.7749724765583,10.3809034167548
"pooled_lasso","1se",2,2018,"Florida","FL","FL-510","Jacksonville-Duval, Clay Counties CoC",2017,2018,14.1886011975508,17.1025802301159,-2.91397903256508
"pooled_lasso","1se",2,2018,"Florida","FL","FL-511","Pensacola/Escambia, Santa Rosa Counties CoC",2017,2018,12.7831973770173,23.5615396682484,-10.7783422912311
"pooled_lasso","1se",2,2018,"Florida","FL","FL-512","St. Johns County CoC",2017,2018,13.4744340343716,18.5193807250065,-5.04494669063488
"pooled_lasso","1se",2,2018,"Florida","FL","FL-513","Palm Bay, Melbourne/Brevard County CoC",2017,2018,12.3319270904213,18.4174553923177,-6.08552830189638
"pooled_lasso","1se",2,2018,"Florida","FL","FL-514","Ocala/Marion County CoC",2017,2018,15.9303964217879,20.1516509690317,-4.22125454724376
"pooled_lasso","1se",2,2018,"Florida","FL","FL-515","Panama City/Bay, Jackson Counties CoC",2017,2018,12.3190537932016,16.3764128642066,-4.05735907100496
"pooled_lasso","1se",2,2018,"Florida","FL","FL-517","Hendry, Hardee, Highlands Counties CoC",2017,2018,17.0207969340021,18.7655454643354,-1.74474853033332
"pooled_lasso","1se",2,2018,"Florida","FL","FL-519","Pasco County CoC",2017,2018,49.4908085848374,13.9855575661,35.5052510187374
"pooled_lasso","1se",2,2018,"Florida","FL","FL-520","Citrus, Hernando, Lake, Sumter Counties CoC",2017,2018,8.63175197856509,10.618937344033,-1.98718536546794
"pooled_lasso","1se",2,2018,"Florida","FL","FL-600","Miami-Dade County CoC",2017,2018,12.950972685824,16.1807375126758,-3.2297648268518
"pooled_lasso","1se",2,2018,"Florida","FL","FL-601","Ft Lauderdale/Broward County CoC",2017,2018,11.9109586471864,12.1818576880923,-0.270899040905862
"pooled_lasso","1se",2,2018,"Florida","FL","FL-602","Charlotte County CoC",2017,2018,8.8721064219985,20.5799458865789,-11.7078394645804
"pooled_lasso","1se",2,2018,"Florida","FL","FL-603","Ft Myers, Cape Coral/Lee County CoC",2017,2018,9.64915768685302,12.7076809049191,-3.05852321806603
"pooled_lasso","1se",2,2018,"Florida","FL","FL-604","Monroe County CoC",2017,2018,130.155035648836,66.8506977459264,63.3043379029096
"pooled_lasso","1se",2,2018,"Florida","FL","FL-605","West Palm Beach/Palm Beach County CoC",2017,2018,8.82744073004081,9.77817229645242,-0.950731566411607
"pooled_lasso","1se",2,2018,"Florida","FL","FL-606","Naples/Collier County CoC",2017,2018,17.2659511741111,18.8969756660998,-1.63102449198873
"pooled_lasso_state_interactions","min",2,2018,"California","CA","CA-500","San Jose/Santa Clara City & County CoC",2017,2018,37.5400357184073,27.4806135801214,10.0594221382859
"pooled_lasso_state_interactions","min",2,2018,"California","CA","CA-501","San Francisco CoC",2017,2018,77.8588752532088,98.6357329999228,-20.776857746714
"pooled_lasso_state_interactions","min",2,2018,"California","CA","CA-502","Oakland, Berkeley/Alameda County CoC",2017,2018,32.9742325811336,23.2367351168142,9.73749746431941
"pooled_lasso_state_interactions","min",2,2018,"California","CA","CA-503","Sacramento City & County CoC",2017,2018,23.5321489056673,30.1728274767901,-6.64067857112278
"pooled_lasso_state_interactions","min",2,2018,"California","CA","CA-504","Santa Rosa, Petaluma/Sonoma County CoC",2017,2018,60.0830654396031,54.5678064129196,5.51525902668354
"pooled_lasso_state_interactions","min",2,2018,"California","CA","CA-505","Contra Costa County CoC",2017,2018,19.4173238338524,15.398855433504,4.01846840034844
"pooled_lasso_state_interactions","min",2,2018,"California","CA","CA-506","Salinas/Monterey, San Benito Counties CoC",2017,2018,66.5903673067335,38.5872547051097,28.0031126016238
"pooled_lasso_state_interactions","min",2,2018,"California","CA","CA-507","Marin County CoC",2017,2018,42.1702058830326,42.3875706593773,-0.217364776344716
"pooled_lasso_state_interactions","min",2,2018,"California","CA","CA-508","Watsonville/Santa Cruz City & County CoC",2017,2018,84.7206955861248,64.7498943907214,19.9708011954034
"pooled_lasso_state_interactions","min",2,2018,"California","CA","CA-509","Mendocino County CoC",2017,2018,100.685346849578,96.2572129073693,4.42813394220873
"pooled_lasso_state_interactions","min",2,2018,"California","CA","CA-510","Turlock, Modesto/Stanislaus County CoC",2017,2018,24.7388374205931,33.9780165199564,-9.23917909936332
"pooled_lasso_state_interactions","min",2,2018,"California","CA","CA-511","Stockton/San Joaquin County CoC",2017,2018,22.3922943928897,30.0642039952624,-7.67190960237266
"pooled_lasso_state_interactions","min",2,2018,"California","CA","CA-512","Daly City/San Mateo County CoC",2017,2018,16.1055106084318,19.8494290158943,-3.74391840746251
"pooled_lasso_state_interactions","min",2,2018,"California","CA","CA-513","Visalia/Kings, Tulare Counties CoC",2017,2018,15.698791014512,19.2275284488206,-3.52873743430861
"pooled_lasso_state_interactions","min",2,2018,"California","CA","CA-514","Fresno City & County/Madera County CoC",2017,2018,18.6624328013147,20.5600920526504,-1.8976592513357
"pooled_lasso_state_interactions","min",2,2018,"California","CA","CA-515","Roseville, Rocklin/Placer County CoC",2017,2018,24.2143093824077,23.5185625125159,0.695746869891757
"pooled_lasso_state_interactions","min",2,2018,"California","CA","CA-516","Redding/Shasta, Siskiyou, Lassen, Plumas, Del Norte, Modoc, Sierra Counties CoC",2017,2018,36.8086367349554,37.3542847741815,-0.545648039226137
"pooled_lasso_state_interactions","min",2,2018,"California","CA","CA-517","Napa City & County CoC",2017,2018,23.2006859333232,36.9693614629951,-13.7686755296719
"pooled_lasso_state_interactions","min",2,2018,"California","CA","CA-518","Vallejo/Solano County CoC",2017,2018,25.3295193224522,22.9263647230209,2.40315459943133
"pooled_lasso_state_interactions","min",2,2018,"California","CA","CA-519","Chico, Paradise/Butte County CoC",2017,2018,48.8410560087523,51.6900986273957,-2.84904261864342
"pooled_lasso_state_interactions","min",2,2018,"California","CA","CA-520","Merced City & County CoC",2017,2018,18.7487917242687,21.3464637261384,-2.59767200186975
"pooled_lasso_state_interactions","min",2,2018,"California","CA","CA-521","Davis, Woodland/Yolo County CoC",2017,2018,20.3527199047783,22.7385965806441,-2.38587667586584
"pooled_lasso_state_interactions","min",2,2018,"California","CA","CA-522","Humboldt County CoC",2017,2018,51.5986025072664,56.3693305935379,-4.77072808627153
"pooled_lasso_state_interactions","min",2,2018,"California","CA","CA-523","Colusa, Glenn, Trinity Counties CoC",2017,2018,43.2592975206612,31.8005709638071,11.4587265568541
"pooled_lasso_state_interactions","min",2,2018,"California","CA","CA-524","Yuba City & County/Sutter County CoC",2017,2018,43.9895345159714,28.2928477010118,15.6966868149596
"pooled_lasso_state_interactions","min",2,2018,"California","CA","CA-525","El Dorado County CoC",2017,2018,33.8146016168098,19.2823615319256,14.5322400848842
"pooled_lasso_state_interactions","min",2,2018,"California","CA","CA-526","Amador, Calaveras, Mariposa, Tuolumne Counties CoC",2017,2018,25.3672838522579,24.1648422872465,1.20244156501138
"pooled_lasso_state_interactions","min",2,2018,"California","CA","CA-527","Tehama County CoC",2017,2018,19.5257583804555,34.2081891439528,-14.6824307634973
"pooled_lasso_state_interactions","min",2,2018,"California","CA","CA-529","Lake County CoC",2017,2018,95.6201315359858,33.7047312770507,61.9154002589351
"pooled_lasso_state_interactions","min",2,2018,"California","CA","CA-530","Alpine, Inyo, Mono Counties CoC",2017,2018,46.9525689335487,27.1960176570668,19.7565512764819
"pooled_lasso_state_interactions","min",2,2018,"California","CA","CA-600","Los Angeles City & County CoC",2017,2018,53.9062941493289,31.0482172826432,22.8580768666857
"pooled_lasso_state_interactions","min",2,2018,"California","CA","CA-601","San Diego City and County CoC",2017,2018,25.7239279022131,24.0002494161027,1.72367848611042
"pooled_lasso_state_interactions","min",2,2018,"California","CA","CA-602","Santa Ana, Anaheim/Orange County CoC",2017,2018,15.6015180229807,7.30586138809183,8.29565663488887
"pooled_lasso_state_interactions","min",2,2018,"California","CA","CA-603","Santa Maria/Santa Barbara County CoC",2017,2018,38.2699986540446,56.1388921981771,-17.8688935441325
"pooled_lasso_state_interactions","min",2,2018,"California","CA","CA-604","Bakersfield/Kern County CoC",2017,2018,9.90200926872822,25.951823480304,-16.0498142115758
"pooled_lasso_state_interactions","min",2,2018,"California","CA","CA-606","Long Beach CoC",2017,2018,39.8701635145064,55.9933641130841,-16.1232005985777
"pooled_lasso_state_interactions","min",2,2018,"California","CA","CA-607","Pasadena CoC",2017,2018,47.94000412551,62.315602073555,-14.375597948045
"pooled_lasso_state_interactions","min",2,2018,"California","CA","CA-608","Riverside City & County CoC",2017,2018,9.46933688883219,10.9640428534667,-1.4947059646345
"pooled_lasso_state_interactions","min",2,2018,"California","CA","CA-609","San Bernardino City & County CoC",2017,2018,9.77499511942524,14.4867335814823,-4.71173846205707
"pooled_lasso_state_interactions","min",2,2018,"California","CA","CA-611","Oxnard, San Buenaventura/Ventura County CoC",2017,2018,15.4219458534066,21.5097523640031,-6.0878065105965
"pooled_lasso_state_interactions","min",2,2018,"California","CA","CA-612","Glendale CoC",2017,2018,13.2716662426214,24.3366199844578,-11.0649537418364
"pooled_lasso_state_interactions","min",2,2018,"California","CA","CA-613","Imperial County CoC",2017,2018,82.2485304892493,21.5222260753337,60.7263044139156
"pooled_lasso_state_interactions","min",2,2018,"California","CA","CA-614","San Luis Obispo County CoC",2017,2018,38.6442400671951,36.3009777081931,2.34326235900201
"pooled_lasso_state_interactions","min",2,2018,"Florida","FL","FL-500","Sarasota, Bradenton/Manatee, Sarasota Counties CoC",2017,2018,14.5239035183913,17.9558460051326,-3.43194248674131
"pooled_lasso_state_interactions","min",2,2018,"Florida","FL","FL-501","Tampa/Hillsborough County CoC",2017,2018,12.3629486217895,10.4068137478367,1.95613487395281
"pooled_lasso_state_interactions","min",2,2018,"Florida","FL","FL-502","St. Petersburg, Clearwater, Largo/Pinellas County CoC",2017,2018,26.8432097572807,21.5278219342698,5.31538782301087
"pooled_lasso_state_interactions","min",2,2018,"Florida","FL","FL-503","Lakeland/Polk County CoC",2017,2018,7.81209090896225,9.25314902824086,-1.44105811927861
"pooled_lasso_state_interactions","min",2,2018,"Florida","FL","FL-504","Deltona, Daytona Beach/Volusia, Flagler Counties CoC",2017,2018,10.3770058919515,20.4403257963218,-10.0633199043703
"pooled_lasso_state_interactions","min",2,2018,"Florida","FL","FL-505","Fort Walton Beach/Okaloosa, Walton Counties CoC",2017,2018,17.8271736546786,31.6375218891952,-13.8103482345166
"pooled_lasso_state_interactions","min",2,2018,"Florida","FL","FL-506","Tallahassee/Leon County CoC",2017,2018,20.3460220946386,21.1800040794039,-0.83398198476528
"pooled_lasso_state_interactions","min",2,2018,"Florida","FL","FL-507","Orlando/Orange, Osceola, Seminole Counties CoC",2017,2018,9.25559415684828,1.83824961565947,7.41734454118881
"pooled_lasso_state_interactions","min",2,2018,"Florida","FL","FL-508","Gainesville/Alachua, Putnam Counties CoC",2017,2018,16.660466018682,20.0574864943316,-3.39702047564955
"pooled_lasso_state_interactions","min",2,2018,"Florida","FL","FL-509","Fort Pierce/St. Lucie, Indian River, Martin Counties CoC",2017,2018,24.1558758933131,17.866967327044,6.28890856626908
"pooled_lasso_state_interactions","min",2,2018,"Florida","FL","FL-510","Jacksonville-Duval, Clay Counties CoC",2017,2018,14.1886011975508,12.8354934537684,1.35310774378243
"pooled_lasso_state_interactions","min",2,2018,"Florida","FL","FL-511","Pensacola/Escambia, Santa Rosa Counties CoC",2017,2018,12.7831973770173,23.9384965488844,-11.1552991718671
"pooled_lasso_state_interactions","min",2,2018,"Florida","FL","FL-512","St. Johns County CoC",2017,2018,13.4744340343716,28.3901118968739,-14.9156778625023
"pooled_lasso_state_interactions","min",2,2018,"Florida","FL","FL-513","Palm Bay, Melbourne/Brevard County CoC",2017,2018,12.3319270904213,16.4105950133162,-4.07866792289493
"pooled_lasso_state_interactions","min",2,2018,"Florida","FL","FL-514","Ocala/Marion County CoC",2017,2018,15.9303964217879,21.7755076163413,-5.84511119455339
"pooled_lasso_state_interactions","min",2,2018,"Florida","FL","FL-515","Panama City/Bay, Jackson Counties CoC",2017,2018,12.3190537932016,18.1009196531228,-5.78186585992119
"pooled_lasso_state_interactions","min",2,2018,"Florida","FL","FL-517","Hendry, Hardee, Highlands Counties CoC",2017,2018,17.0207969340021,16.5610573005071,0.45973963349498
"pooled_lasso_state_interactions","min",2,2018,"Florida","FL","FL-519","Pasco County CoC",2017,2018,49.4908085848374,12.5679350804443,36.9228735043931
"pooled_lasso_state_interactions","min",2,2018,"Florida","FL","FL-520","Citrus, Hernando, Lake, Sumter Counties CoC",2017,2018,8.63175197856509,11.6535283243483,-3.02177634578325
"pooled_lasso_state_interactions","min",2,2018,"Florida","FL","FL-600","Miami-Dade County CoC",2017,2018,12.950972685824,12.131445287962,0.819527397861956
"pooled_lasso_state_interactions","min",2,2018,"Florida","FL","FL-601","Ft Lauderdale/Broward County CoC",2017,2018,11.9109586471864,8.59294159311686,3.31801705406954
"pooled_lasso_state_interactions","min",2,2018,"Florida","FL","FL-602","Charlotte County CoC",2017,2018,8.8721064219985,29.1276499524921,-20.2555435304936
"pooled_lasso_state_interactions","min",2,2018,"Florida","FL","FL-603","Ft Myers, Cape Coral/Lee County CoC",2017,2018,9.64915768685302,10.5459581889312,-0.896800502078191
"pooled_lasso_state_interactions","min",2,2018,"Florida","FL","FL-604","Monroe County CoC",2017,2018,130.155035648836,85.2812003988694,44.8738352499666
"pooled_lasso_state_interactions","min",2,2018,"Florida","FL","FL-605","West Palm Beach/Palm Beach County CoC",2017,2018,8.82744073004081,6.03539249745174,2.79204823258907
"pooled_lasso_state_interactions","min",2,2018,"Florida","FL","FL-606","Naples/Collier County CoC",2017,2018,17.2659511741111,17.9029112296144,-0.636960055503341
"pooled_lasso_state_interactions","1se",2,2018,"California","CA","CA-500","San Jose/Santa Clara City & County CoC",2017,2018,37.5400357184073,23.1385186634526,14.4015170549547
"pooled_lasso_state_interactions","1se",2,2018,"California","CA","CA-501","San Francisco CoC",2017,2018,77.8588752532088,98.7378615620353,-20.8789863088265
"pooled_lasso_state_interactions","1se",2,2018,"California","CA","CA-502","Oakland, Berkeley/Alameda County CoC",2017,2018,32.9742325811336,21.200401116565,11.7738314645686
"pooled_lasso_state_interactions","1se",2,2018,"California","CA","CA-503","Sacramento City & County CoC",2017,2018,23.5321489056673,28.5475537983969,-5.0154048927296
"pooled_lasso_state_interactions","1se",2,2018,"California","CA","CA-504","Santa Rosa, Petaluma/Sonoma County CoC",2017,2018,60.0830654396031,45.0608706114609,15.0221948281422
"pooled_lasso_state_interactions","1se",2,2018,"California","CA","CA-505","Contra Costa County CoC",2017,2018,19.4173238338524,17.4295339728349,1.98778986101755
"pooled_lasso_state_interactions","1se",2,2018,"California","CA","CA-506","Salinas/Monterey, San Benito Counties CoC",2017,2018,66.5903673067335,31.1009876837739,35.4893796229596
"pooled_lasso_state_interactions","1se",2,2018,"California","CA","CA-507","Marin County CoC",2017,2018,42.1702058830326,39.9180691404144,2.2521367426182
"pooled_lasso_state_interactions","1se",2,2018,"California","CA","CA-508","Watsonville/Santa Cruz City & County CoC",2017,2018,84.7206955861248,54.0927441570193,30.6279514291055
"pooled_lasso_state_interactions","1se",2,2018,"California","CA","CA-509","Mendocino County CoC",2017,2018,100.685346849578,82.8176222679628,17.8677245816152
"pooled_lasso_state_interactions","1se",2,2018,"California","CA","CA-510","Turlock, Modesto/Stanislaus County CoC",2017,2018,24.7388374205931,31.9675703833345,-7.22873296274144
"pooled_lasso_state_interactions","1se",2,2018,"California","CA","CA-511","Stockton/San Joaquin County CoC",2017,2018,22.3922943928897,28.938761430928,-6.54646703803833
"pooled_lasso_state_interactions","1se",2,2018,"California","CA","CA-512","Daly City/San Mateo County CoC",2017,2018,16.1055106084318,18.9919545772779,-2.8864439688461
"pooled_lasso_state_interactions","1se",2,2018,"California","CA","CA-513","Visalia/Kings, Tulare Counties CoC",2017,2018,15.698791014512,21.1456599000169,-5.44686888550487
"pooled_lasso_state_interactions","1se",2,2018,"California","CA","CA-514","Fresno City & County/Madera County CoC",2017,2018,18.6624328013147,21.8942501810092,-3.23181737969452
"pooled_lasso_state_interactions","1se",2,2018,"California","CA","CA-515","Roseville, Rocklin/Placer County CoC",2017,2018,24.2143093824077,27.7466806288734,-3.53237124646569
"pooled_lasso_state_interactions","1se",2,2018,"California","CA","CA-516","Redding/Shasta, Siskiyou, Lassen, Plumas, Del Norte, Modoc, Sierra Counties CoC",2017,2018,36.8086367349554,34.5999237969947,2.2087129379607
"pooled_lasso_state_interactions","1se",2,2018,"California","CA","CA-517","Napa City & County CoC",2017,2018,23.2006859333232,33.6389916182284,-10.4383056849052
"pooled_lasso_state_interactions","1se",2,2018,"California","CA","CA-518","Vallejo/Solano County CoC",2017,2018,25.3295193224522,23.4973142410309,1.83220508142132
"pooled_lasso_state_interactions","1se",2,2018,"California","CA","CA-519","Chico, Paradise/Butte County CoC",2017,2018,48.8410560087523,47.6358841479427,1.20517186080961
"pooled_lasso_state_interactions","1se",2,2018,"California","CA","CA-520","Merced City & County CoC",2017,2018,18.7487917242687,26.398729119442,-7.64993739517332
"pooled_lasso_state_interactions","1se",2,2018,"California","CA","CA-521","Davis, Woodland/Yolo County CoC",2017,2018,20.3527199047783,26.7769172127476,-6.42419730796929
"pooled_lasso_state_interactions","1se",2,2018,"California","CA","CA-522","Humboldt County CoC",2017,2018,51.5986025072664,46.3219579676524,5.27664453961403
"pooled_lasso_state_interactions","1se",2,2018,"California","CA","CA-523","Colusa, Glenn, Trinity Counties CoC",2017,2018,43.2592975206612,36.7049823446436,6.55431517601765
"pooled_lasso_state_interactions","1se",2,2018,"California","CA","CA-524","Yuba City & County/Sutter County CoC",2017,2018,43.9895345159714,30.0592165694489,13.9303179465225
"pooled_lasso_state_interactions","1se",2,2018,"California","CA","CA-525","El Dorado County CoC",2017,2018,33.8146016168098,25.0546866306707,8.75991498613912
"pooled_lasso_state_interactions","1se",2,2018,"California","CA","CA-526","Amador, Calaveras, Mariposa, Tuolumne Counties CoC",2017,2018,25.3672838522579,28.6705176967057,-3.30323384444777
"pooled_lasso_state_interactions","1se",2,2018,"California","CA","CA-527","Tehama County CoC",2017,2018,19.5257583804555,34.0750585642963,-14.5493001838408
"pooled_lasso_state_interactions","1se",2,2018,"California","CA","CA-529","Lake County CoC",2017,2018,95.6201315359858,34.2618697094377,61.3582618265481
"pooled_lasso_state_interactions","1se",2,2018,"California","CA","CA-530","Alpine, Inyo, Mono Counties CoC",2017,2018,46.9525689335487,30.4584652468505,16.4941036866982
"pooled_lasso_state_interactions","1se",2,2018,"California","CA","CA-600","Los Angeles City & County CoC",2017,2018,53.9062941493289,20.13557150569,33.7707226436388
"pooled_lasso_state_interactions","1se",2,2018,"California","CA","CA-601","San Diego City and County CoC",2017,2018,25.7239279022131,17.1840233377591,8.53990456445399
"pooled_lasso_state_interactions","1se",2,2018,"California","CA","CA-602","Santa Ana, Anaheim/Orange County CoC",2017,2018,15.6015180229807,6.92281718885001,8.67870083413069
"pooled_lasso_state_interactions","1se",2,2018,"California","CA","CA-603","Santa Maria/Santa Barbara County CoC",2017,2018,38.2699986540446,45.5355348230465,-7.26553616900189
"pooled_lasso_state_interactions","1se",2,2018,"California","CA","CA-604","Bakersfield/Kern County CoC",2017,2018,9.90200926872822,27.433658530517,-17.5316492617888
"pooled_lasso_state_interactions","1se",2,2018,"California","CA","CA-606","Long Beach CoC",2017,2018,39.8701635145064,48.7099085473356,-8.83974503282915
"pooled_lasso_state_interactions","1se",2,2018,"California","CA","CA-607","Pasadena CoC",2017,2018,47.94000412551,53.4368215589422,-5.49681743343218
"pooled_lasso_state_interactions","1se",2,2018,"California","CA","CA-608","Riverside City & County CoC",2017,2018,9.46933688883219,11.2949416707742,-1.82560478194205
"pooled_lasso_state_interactions","1se",2,2018,"California","CA","CA-609","San Bernardino City & County CoC",2017,2018,9.77499511942524,12.9184930276141,-3.14349790818887
"pooled_lasso_state_interactions","1se",2,2018,"California","CA","CA-611","Oxnard, San Buenaventura/Ventura County CoC",2017,2018,15.4219458534066,18.9144263674699,-3.49248051406328
"pooled_lasso_state_interactions","1se",2,2018,"California","CA","CA-612","Glendale CoC",2017,2018,13.2716662426214,23.3921736279423,-10.1205073853209
"pooled_lasso_state_interactions","1se",2,2018,"California","CA","CA-613","Imperial County CoC",2017,2018,82.2485304892493,27.5290540016863,54.7194764875631
"pooled_lasso_state_interactions","1se",2,2018,"California","CA","CA-614","San Luis Obispo County CoC",2017,2018,38.6442400671951,33.3630837135654,5.28115635362973
"pooled_lasso_state_interactions","1se",2,2018,"Florida","FL","FL-500","Sarasota, Bradenton/Manatee, Sarasota Counties CoC",2017,2018,14.5239035183913,16.6886115723926,-2.16470805400133
"pooled_lasso_state_interactions","1se",2,2018,"Florida","FL","FL-501","Tampa/Hillsborough County CoC",2017,2018,12.3629486217895,11.4121536930064,0.950794928783115
"pooled_lasso_state_interactions","1se",2,2018,"Florida","FL","FL-502","St. Petersburg, Clearwater, Largo/Pinellas County CoC",2017,2018,26.8432097572807,28.4408988924934,-1.59768913521265
"pooled_lasso_state_interactions","1se",2,2018,"Florida","FL","FL-503","Lakeland/Polk County CoC",2017,2018,7.81209090896225,11.7720580243371,-3.95996711537481
"pooled_lasso_state_interactions","1se",2,2018,"Florida","FL","FL-504","Deltona, Daytona Beach/Volusia, Flagler Counties CoC",2017,2018,10.3770058919515,18.3363669750829,-7.95936108313144
"pooled_lasso_state_interactions","1se",2,2018,"Florida","FL","FL-505","Fort Walton Beach/Okaloosa, Walton Counties CoC",2017,2018,17.8271736546786,24.9069751351297,-7.07980148045114
"pooled_lasso_state_interactions","1se",2,2018,"Florida","FL","FL-506","Tallahassee/Leon County CoC",2017,2018,20.3460220946386,26.2094663829664,-5.86344428832777
"pooled_lasso_state_interactions","1se",2,2018,"Florida","FL","FL-507","Orlando/Orange, Osceola, Seminole Counties CoC",2017,2018,9.25559415684828,2.72255420051631,6.53303995633197
"pooled_lasso_state_interactions","1se",2,2018,"Florida","FL","FL-508","Gainesville/Alachua, Putnam Counties CoC",2017,2018,16.660466018682,25.970064114293,-9.30959809561099
"pooled_lasso_state_interactions","1se",2,2018,"Florida","FL","FL-509","Fort Pierce/St. Lucie, Indian River, Martin Counties CoC",2017,2018,24.1558758933131,15.1723682299461,8.98350766336699
"pooled_lasso_state_interactions","1se",2,2018,"Florida","FL","FL-510","Jacksonville-Duval, Clay Counties CoC",2017,2018,14.1886011975508,14.2439135623276,-0.0553123647767944
"pooled_lasso_state_interactions","1se",2,2018,"Florida","FL","FL-511","Pensacola/Escambia, Santa Rosa Counties CoC",2017,2018,12.7831973770173,25.6875773022883,-12.904379925271
"pooled_lasso_state_interactions","1se",2,2018,"Florida","FL","FL-512","St. Johns County CoC",2017,2018,13.4744340343716,18.4300960119286,-4.95566197755698
"pooled_lasso_state_interactions","1se",2,2018,"Florida","FL","FL-513","Palm Bay, Melbourne/Brevard County CoC",2017,2018,12.3319270904213,18.0524960862571,-5.72056899583577
"pooled_lasso_state_interactions","1se",2,2018,"Florida","FL","FL-514","Ocala/Marion County CoC",2017,2018,15.9303964217879,20.9135327748365,-4.98313635304858
"pooled_lasso_state_interactions","1se",2,2018,"Florida","FL","FL-515","Panama City/Bay, Jackson Counties CoC",2017,2018,12.3190537932016,15.6293128002391,-3.31025900703748
"pooled_lasso_state_interactions","1se",2,2018,"Florida","FL","FL-517","Hendry, Hardee, Highlands Counties CoC",2017,2018,17.0207969340021,17.2195338206541,-0.198736886652036
"pooled_lasso_state_interactions","1se",2,2018,"Florida","FL","FL-519","Pasco County CoC",2017,2018,49.4908085848374,13.5317903285713,35.9590182562661
"pooled_lasso_state_interactions","1se",2,2018,"Florida","FL","FL-520","Citrus, Hernando, Lake, Sumter Counties CoC",2017,2018,8.63175197856509,8.80519508935274,-0.173443110787652
"pooled_lasso_state_interactions","1se",2,2018,"Florida","FL","FL-600","Miami-Dade County CoC",2017,2018,12.950972685824,8.96996593648525,3.98100674933875
"pooled_lasso_state_interactions","1se",2,2018,"Florida","FL","FL-601","Ft Lauderdale/Broward County CoC",2017,2018,11.9109586471864,8.11618650964328,3.79477213754312
"pooled_lasso_state_interactions","1se",2,2018,"Florida","FL","FL-602","Charlotte County CoC",2017,2018,8.8721064219985,23.3976960110585,-14.52558958906
"pooled_lasso_state_interactions","1se",2,2018,"Florida","FL","FL-603","Ft Myers, Cape Coral/Lee County CoC",2017,2018,9.64915768685302,10.2472266820258,-0.598068995172738
"pooled_lasso_state_interactions","1se",2,2018,"Florida","FL","FL-604","Monroe County CoC",2017,2018,130.155035648836,81.3205861288603,48.8344495199756
"pooled_lasso_state_interactions","1se",2,2018,"Florida","FL","FL-605","West Palm Beach/Palm Beach County CoC",2017,2018,8.82744073004081,6.30808858387607,2.51935214616474
"pooled_lasso_state_interactions","1se",2,2018,"Florida","FL","FL-606","Naples/Collier County CoC",2017,2018,17.2659511741111,13.9179097763377,3.34804139777341
"separate_lasso_CA","min",2,2018,"California","CA","CA-500","San Jose/Santa Clara City & County CoC",2017,2018,37.5400357184073,24.7972311259727,12.7428045924346
"separate_lasso_CA","min",2,2018,"California","CA","CA-501","San Francisco CoC",2017,2018,77.8588752532088,95.6175676057865,-17.7586923525777
"separate_lasso_CA","min",2,2018,"California","CA","CA-502","Oakland, Berkeley/Alameda County CoC",2017,2018,32.9742325811336,23.8208175867661,9.15341499436751
"separate_lasso_CA","min",2,2018,"California","CA","CA-503","Sacramento City & County CoC",2017,2018,23.5321489056673,30.1313069856606,-6.59915807999333
"separate_lasso_CA","min",2,2018,"California","CA","CA-504","Santa Rosa, Petaluma/Sonoma County CoC",2017,2018,60.0830654396031,56.5177000094307,3.56536543017235
"separate_lasso_CA","min",2,2018,"California","CA","CA-505","Contra Costa County CoC",2017,2018,19.4173238338524,12.5689831937928,6.84834064005958
"separate_lasso_CA","min",2,2018,"California","CA","CA-506","Salinas/Monterey, San Benito Counties CoC",2017,2018,66.5903673067335,42.2168915255606,24.3734757811728
"separate_lasso_CA","min",2,2018,"California","CA","CA-507","Marin County CoC",2017,2018,42.1702058830326,44.531427914161,-2.36122203112837
"separate_lasso_CA","min",2,2018,"California","CA","CA-508","Watsonville/Santa Cruz City & County CoC",2017,2018,84.7206955861248,70.0351243962616,14.6855711898632
"separate_lasso_CA","min",2,2018,"California","CA","CA-509","Mendocino County CoC",2017,2018,100.685346849578,94.8292115115141,5.85613533806394
"separate_lasso_CA","min",2,2018,"California","CA","CA-510","Turlock, Modesto/Stanislaus County CoC",2017,2018,24.7388374205931,33.9635354208778,-9.22469800028468
"separate_lasso_CA","min",2,2018,"California","CA","CA-511","Stockton/San Joaquin County CoC",2017,2018,22.3922943928897,31.8287485442187,-9.43645415132899
"separate_lasso_CA","min",2,2018,"California","CA","CA-512","Daly City/San Mateo County CoC",2017,2018,16.1055106084318,17.239111787605,-1.13360117917316
"separate_lasso_CA","min",2,2018,"California","CA","CA-513","Visalia/Kings, Tulare Counties CoC",2017,2018,15.698791014512,18.3266951636748,-2.62790414916277
"separate_lasso_CA","min",2,2018,"California","CA","CA-514","Fresno City & County/Madera County CoC",2017,2018,18.6624328013147,20.4555686118819,-1.7931358105672
"separate_lasso_CA","min",2,2018,"California","CA","CA-515","Roseville, Rocklin/Placer County CoC",2017,2018,24.2143093824077,21.3570095393082,2.85729984309948
"separate_lasso_CA","min",2,2018,"California","CA","CA-516","Redding/Shasta, Siskiyou, Lassen, Plumas, Del Norte, Modoc, Sierra Counties CoC",2017,2018,36.8086367349554,44.732551628918,-7.9239148939626
"separate_lasso_CA","min",2,2018,"California","CA","CA-517","Napa City & County CoC",2017,2018,23.2006859333232,34.2161007412423,-11.0154148079191
"separate_lasso_CA","min",2,2018,"California","CA","CA-518","Vallejo/Solano County CoC",2017,2018,25.3295193224522,20.1414808728223,5.18803844962991
"separate_lasso_CA","min",2,2018,"California","CA","CA-519","Chico, Paradise/Butte County CoC",2017,2018,48.8410560087523,56.8167798469012,-7.97572383814886
"separate_lasso_CA","min",2,2018,"California","CA","CA-520","Merced City & County CoC",2017,2018,18.7487917242687,17.1496542089551,1.59913751531357
"separate_lasso_CA","min",2,2018,"California","CA","CA-521","Davis, Woodland/Yolo County CoC",2017,2018,20.3527199047783,24.484233680968,-4.13151377618973
"separate_lasso_CA","min",2,2018,"California","CA","CA-522","Humboldt County CoC",2017,2018,51.5986025072664,67.1845932016942,-15.5859906944278
"separate_lasso_CA","min",2,2018,"California","CA","CA-523","Colusa, Glenn, Trinity Counties CoC",2017,2018,43.2592975206612,27.6318525222969,15.6274449983643
"separate_lasso_CA","min",2,2018,"California","CA","CA-524","Yuba City & County/Sutter County CoC",2017,2018,43.9895345159714,27.2763537191291,16.7131807968423
"separate_lasso_CA","min",2,2018,"California","CA","CA-525","El Dorado County CoC",2017,2018,33.8146016168098,18.0481341994347,15.7664674173751
"separate_lasso_CA","min",2,2018,"California","CA","CA-526","Amador, Calaveras, Mariposa, Tuolumne Counties CoC",2017,2018,25.3672838522579,26.7636031991816,-1.39631934692371
"separate_lasso_CA","min",2,2018,"California","CA","CA-527","Tehama County CoC",2017,2018,19.5257583804555,30.8814484813128,-11.3556901008573
"separate_lasso_CA","min",2,2018,"California","CA","CA-529","Lake County CoC",2017,2018,95.6201315359858,36.7498193270657,58.8703122089202
"separate_lasso_CA","min",2,2018,"California","CA","CA-530","Alpine, Inyo, Mono Counties CoC",2017,2018,46.9525689335487,23.4514181797784,23.5011507537703
"separate_lasso_CA","min",2,2018,"California","CA","CA-600","Los Angeles City & County CoC",2017,2018,53.9062941493289,44.6953776908263,9.2109164585026
"separate_lasso_CA","min",2,2018,"California","CA","CA-601","San Diego City and County CoC",2017,2018,25.7239279022131,31.3582463669449,-5.6343184647318
"separate_lasso_CA","min",2,2018,"California","CA","CA-602","Santa Ana, Anaheim/Orange County CoC",2017,2018,15.6015180229807,10.1387416890174,5.46277633396335
"separate_lasso_CA","min",2,2018,"California","CA","CA-603","Santa Maria/Santa Barbara County CoC",2017,2018,38.2699986540446,60.21331788093,-21.9433192268854
"separate_lasso_CA","min",2,2018,"California","CA","CA-604","Bakersfield/Kern County CoC",2017,2018,9.90200926872822,24.2532400671457,-14.3512307984175
"separate_lasso_CA","min",2,2018,"California","CA","CA-606","Long Beach CoC",2017,2018,39.8701635145064,57.8308951046686,-17.9607315901622
"separate_lasso_CA","min",2,2018,"California","CA","CA-607","Pasadena CoC",2017,2018,47.94000412551,62.6518638346165,-14.7118597091065
"separate_lasso_CA","min",2,2018,"California","CA","CA-608","Riverside City & County CoC",2017,2018,9.46933688883219,12.9796085305488,-3.51027164171658
"separate_lasso_CA","min",2,2018,"California","CA","CA-609","San Bernardino City & County CoC",2017,2018,9.77499511942524,15.6425079164015,-5.86751279697631
"separate_lasso_CA","min",2,2018,"California","CA","CA-611","Oxnard, San Buenaventura/Ventura County CoC",2017,2018,15.4219458534066,18.7776403436299,-3.35569449022328
"separate_lasso_CA","min",2,2018,"California","CA","CA-612","Glendale CoC",2017,2018,13.2716662426214,26.0957873121567,-12.8241210695353
"separate_lasso_CA","min",2,2018,"California","CA","CA-613","Imperial County CoC",2017,2018,82.2485304892493,23.8423652073734,58.4061652818759
"separate_lasso_CA","min",2,2018,"California","CA","CA-614","San Luis Obispo County CoC",2017,2018,38.6442400671951,37.1349363418865,1.50930372530863
"separate_lasso_CA","1se",2,2018,"California","CA","CA-500","San Jose/Santa Clara City & County CoC",2017,2018,37.5400357184073,26.0524618267533,11.487573891654
"separate_lasso_CA","1se",2,2018,"California","CA","CA-501","San Francisco CoC",2017,2018,77.8588752532088,96.4140904106583,-18.5552151574495
"separate_lasso_CA","1se",2,2018,"California","CA","CA-502","Oakland, Berkeley/Alameda County CoC",2017,2018,32.9742325811336,25.5923756391902,7.38185694194339
"separate_lasso_CA","1se",2,2018,"California","CA","CA-503","Sacramento City & County CoC",2017,2018,23.5321489056673,29.7159390773801,-6.18379017171279
"separate_lasso_CA","1se",2,2018,"California","CA","CA-504","Santa Rosa, Petaluma/Sonoma County CoC",2017,2018,60.0830654396031,50.9746994052025,9.10836603440065
"separate_lasso_CA","1se",2,2018,"California","CA","CA-505","Contra Costa County CoC",2017,2018,19.4173238338524,17.3875298185223,2.02979401533013
"separate_lasso_CA","1se",2,2018,"California","CA","CA-506","Salinas/Monterey, San Benito Counties CoC",2017,2018,66.5903673067335,39.2789276940315,27.311439612702
"separate_lasso_CA","1se",2,2018,"California","CA","CA-507","Marin County CoC",2017,2018,42.1702058830326,43.8230073745586,-1.65280149152596
"separate_lasso_CA","1se",2,2018,"California","CA","CA-508","Watsonville/Santa Cruz City & County CoC",2017,2018,84.7206955861248,60.4066543886522,24.3140411974726
"separate_lasso_CA","1se",2,2018,"California","CA","CA-509","Mendocino County CoC",2017,2018,100.685346849578,78.3554739211377,22.3298729284403
"separate_lasso_CA","1se",2,2018,"California","CA","CA-510","Turlock, Modesto/Stanislaus County CoC",2017,2018,24.7388374205931,34.3156371208026,-9.57679970020949
"separate_lasso_CA","1se",2,2018,"California","CA","CA-511","Stockton/San Joaquin County CoC",2017,2018,22.3922943928897,31.7468166225866,-9.35452222969687
"separate_lasso_CA","1se",2,2018,"California","CA","CA-512","Daly City/San Mateo County CoC",2017,2018,16.1055106084318,21.8265111724924,-5.72100056406065
"separate_lasso_CA","1se",2,2018,"California","CA","CA-513","Visalia/Kings, Tulare Counties CoC",2017,2018,15.698791014512,20.483827494034,-4.78503647952195
"separate_lasso_CA","1se",2,2018,"California","CA","CA-514","Fresno City & County/Madera County CoC",2017,2018,18.6624328013147,21.1834826061381,-2.52104980482337
"separate_lasso_CA","1se",2,2018,"California","CA","CA-515","Roseville, Rocklin/Placer County CoC",2017,2018,24.2143093824077,24.1239632698444,0.0903461125633456
"separate_lasso_CA","1se",2,2018,"California","CA","CA-516","Redding/Shasta, Siskiyou, Lassen, Plumas, Del Norte, Modoc, Sierra Counties CoC",2017,2018,36.8086367349554,47.450672208867,-10.6420354739116
"separate_lasso_CA","1se",2,2018,"California","CA","CA-517","Napa City & County CoC",2017,2018,23.2006859333232,34.4581549445986,-11.2574690112754
"separate_lasso_CA","1se",2,2018,"California","CA","CA-518","Vallejo/Solano County CoC",2017,2018,25.3295193224522,21.8273429999227,3.50217632252949
"separate_lasso_CA","1se",2,2018,"California","CA","CA-519","Chico, Paradise/Butte County CoC",2017,2018,48.8410560087523,52.860990485214,-4.01993447646168
"separate_lasso_CA","1se",2,2018,"California","CA","CA-520","Merced City & County CoC",2017,2018,18.7487917242687,19.7413909627605,-0.992599238491803
"separate_lasso_CA","1se",2,2018,"California","CA","CA-521","Davis, Woodland/Yolo County CoC",2017,2018,20.3527199047783,27.966239033296,-7.61351912851771
"separate_lasso_CA","1se",2,2018,"California","CA","CA-522","Humboldt County CoC",2017,2018,51.5986025072664,62.3681953687285,-10.7695928614621
"separate_lasso_CA","1se",2,2018,"California","CA","CA-523","Colusa, Glenn, Trinity Counties CoC",2017,2018,43.2592975206612,33.1899071152893,10.0693904053719
"separate_lasso_CA","1se",2,2018,"California","CA","CA-524","Yuba City & County/Sutter County CoC",2017,2018,43.9895345159714,31.2149750989648,12.7745594170066
"separate_lasso_CA","1se",2,2018,"California","CA","CA-525","El Dorado County CoC",2017,2018,33.8146016168098,22.0278622329611,11.7867393838487
"separate_lasso_CA","1se",2,2018,"California","CA","CA-526","Amador, Calaveras, Mariposa, Tuolumne Counties CoC",2017,2018,25.3672838522579,29.3235015390042,-3.95621768674629
"separate_lasso_CA","1se",2,2018,"California","CA","CA-527","Tehama County CoC",2017,2018,19.5257583804555,30.4147849841439,-10.8890266036884
"separate_lasso_CA","1se",2,2018,"California","CA","CA-529","Lake County CoC",2017,2018,95.6201315359858,35.8855425301279,59.7345890058579
"separate_lasso_CA","1se",2,2018,"California","CA","CA-530","Alpine, Inyo, Mono Counties CoC",2017,2018,46.9525689335487,25.5551468115418,21.3974221220069
"separate_lasso_CA","1se",2,2018,"California","CA","CA-600","Los Angeles City & County CoC",2017,2018,53.9062941493289,41.3917534120025,12.5145407373264
"separate_lasso_CA","1se",2,2018,"California","CA","CA-601","San Diego City and County CoC",2017,2018,25.7239279022131,29.3148715238005,-3.59094362158736
"separate_lasso_CA","1se",2,2018,"California","CA","CA-602","Santa Ana, Anaheim/Orange County CoC",2017,2018,15.6015180229807,15.9989397614677,-0.397421738486972
"separate_lasso_CA","1se",2,2018,"California","CA","CA-603","Santa Maria/Santa Barbara County CoC",2017,2018,38.2699986540446,52.6791748419855,-14.4091761879409
"separate_lasso_CA","1se",2,2018,"California","CA","CA-604","Bakersfield/Kern County CoC",2017,2018,9.90200926872822,24.3396319305442,-14.437622661816
"separate_lasso_CA","1se",2,2018,"California","CA","CA-606","Long Beach CoC",2017,2018,39.8701635145064,55.3461352053675,-15.4759716908611
"separate_lasso_CA","1se",2,2018,"California","CA","CA-607","Pasadena CoC",2017,2018,47.94000412551,57.230801836483,-9.29079771097305
"separate_lasso_CA","1se",2,2018,"California","CA","CA-608","Riverside City & County CoC",2017,2018,9.46933688883219,13.9584390648955,-4.48910217606335
"separate_lasso_CA","1se",2,2018,"California","CA","CA-609","San Bernardino City & County CoC",2017,2018,9.77499511942524,15.7406954813287,-5.96570036190344
"separate_lasso_CA","1se",2,2018,"California","CA","CA-611","Oxnard, San Buenaventura/Ventura County CoC",2017,2018,15.4219458534066,19.344660829596,-3.92271497618935
"separate_lasso_CA","1se",2,2018,"California","CA","CA-612","Glendale CoC",2017,2018,13.2716662426214,29.9865314023706,-16.7148651597492
"separate_lasso_CA","1se",2,2018,"California","CA","CA-613","Imperial County CoC",2017,2018,82.2485304892493,26.3099715245065,55.9385589647428
"separate_lasso_CA","1se",2,2018,"California","CA","CA-614","San Luis Obispo County CoC",2017,2018,38.6442400671951,33.7878682666959,4.85637180049922
"separate_lasso_FL","min",2,2018,"Florida","FL","FL-500","Sarasota, Bradenton/Manatee, Sarasota Counties CoC",2017,2018,14.5239035183913,8.60843063458399,5.91547288380731
"separate_lasso_FL","min",2,2018,"Florida","FL","FL-501","Tampa/Hillsborough County CoC",2017,2018,12.3629486217895,6.97753328651783,5.38541533527167
"separate_lasso_FL","min",2,2018,"Florida","FL","FL-502","St. Petersburg, Clearwater, Largo/Pinellas County CoC",2017,2018,26.8432097572807,22.33405096772,4.50915878956074
"separate_lasso_FL","min",2,2018,"Florida","FL","FL-503","Lakeland/Polk County CoC",2017,2018,7.81209090896225,8.62270561474365,-0.810614705781398
"separate_lasso_FL","min",2,2018,"Florida","FL","FL-504","Deltona, Daytona Beach/Volusia, Flagler Counties CoC",2017,2018,10.3770058919515,6.88479974060084,3.49220615135066
"separate_lasso_FL","min",2,2018,"Florida","FL","FL-505","Fort Walton Beach/Okaloosa, Walton Counties CoC",2017,2018,17.8271736546786,30.0074433549712,-12.1802697002926
"separate_lasso_FL","min",2,2018,"Florida","FL","FL-506","Tallahassee/Leon County CoC",2017,2018,20.3460220946386,10.6354081486171,9.71061394602149
"separate_lasso_FL","min",2,2018,"Florida","FL","FL-507","Orlando/Orange, Osceola, Seminole Counties CoC",2017,2018,9.25559415684828,-7.87366616827955,17.1292603251278
"separate_lasso_FL","min",2,2018,"Florida","FL","FL-508","Gainesville/Alachua, Putnam Counties CoC",2017,2018,16.660466018682,18.2924826743292,-1.63201665564723
"separate_lasso_FL","min",2,2018,"Florida","FL","FL-509","Fort Pierce/St. Lucie, Indian River, Martin Counties CoC",2017,2018,24.1558758933131,14.2484299214644,9.90744597184873
"separate_lasso_FL","min",2,2018,"Florida","FL","FL-510","Jacksonville-Duval, Clay Counties CoC",2017,2018,14.1886011975508,5.69742031694945,8.49118088060135
"separate_lasso_FL","min",2,2018,"Florida","FL","FL-511","Pensacola/Escambia, Santa Rosa Counties CoC",2017,2018,12.7831973770173,13.1818310324349,-0.398633655417639
"separate_lasso_FL","min",2,2018,"Florida","FL","FL-512","St. Johns County CoC",2017,2018,13.4744340343716,24.5716976227026,-11.097263588331
"separate_lasso_FL","min",2,2018,"Florida","FL","FL-513","Palm Bay, Melbourne/Brevard County CoC",2017,2018,12.3319270904213,11.2317292896904,1.10019780073087
"separate_lasso_FL","min",2,2018,"Florida","FL","FL-514","Ocala/Marion County CoC",2017,2018,15.9303964217879,17.0349856944265,-1.1045892726386
"separate_lasso_FL","min",2,2018,"Florida","FL","FL-515","Panama City/Bay, Jackson Counties CoC",2017,2018,12.3190537932016,13.9474794127998,-1.62842561959816
"separate_lasso_FL","min",2,2018,"Florida","FL","FL-517","Hendry, Hardee, Highlands Counties CoC",2017,2018,17.0207969340021,23.3128977821577,-6.29210084815562
"separate_lasso_FL","min",2,2018,"Florida","FL","FL-519","Pasco County CoC",2017,2018,49.4908085848374,15.8501535292985,33.6406550555389
"separate_lasso_FL","min",2,2018,"Florida","FL","FL-520","Citrus, Hernando, Lake, Sumter Counties CoC",2017,2018,8.63175197856509,-1.16411401222823,9.79586599079332
"separate_lasso_FL","min",2,2018,"Florida","FL","FL-600","Miami-Dade County CoC",2017,2018,12.950972685824,7.95262778681771,4.99834489900629
"separate_lasso_FL","min",2,2018,"Florida","FL","FL-601","Ft Lauderdale/Broward County CoC",2017,2018,11.9109586471864,4.53868801237808,7.37227063480832
"separate_lasso_FL","min",2,2018,"Florida","FL","FL-602","Charlotte County CoC",2017,2018,8.8721064219985,28.73725344773,-19.8651470257315
"separate_lasso_FL","min",2,2018,"Florida","FL","FL-603","Ft Myers, Cape Coral/Lee County CoC",2017,2018,9.64915768685302,10.6988217764847,-1.04966408963171
"separate_lasso_FL","min",2,2018,"Florida","FL","FL-604","Monroe County CoC",2017,2018,130.155035648836,70.9511909512573,59.2038446975787
"separate_lasso_FL","min",2,2018,"Florida","FL","FL-605","West Palm Beach/Palm Beach County CoC",2017,2018,8.82744073004081,2.52681009626124,6.30063063377957
"separate_lasso_FL","min",2,2018,"Florida","FL","FL-606","Naples/Collier County CoC",2017,2018,17.2659511741111,15.7303160496138,1.53563512449731
"separate_lasso_FL","1se",2,2018,"Florida","FL","FL-500","Sarasota, Bradenton/Manatee, Sarasota Counties CoC",2017,2018,14.5239035183913,9.74105109179655,4.78285242659475
"separate_lasso_FL","1se",2,2018,"Florida","FL","FL-501","Tampa/Hillsborough County CoC",2017,2018,12.3629486217895,4.5794438054085,7.783504816381
"separate_lasso_FL","1se",2,2018,"Florida","FL","FL-502","St. Petersburg, Clearwater, Largo/Pinellas County CoC",2017,2018,26.8432097572807,14.8654256567652,11.9777841005155
"separate_lasso_FL","1se",2,2018,"Florida","FL","FL-503","Lakeland/Polk County CoC",2017,2018,7.81209090896225,8.99227460577782,-1.18018369681557
"separate_lasso_FL","1se",2,2018,"Florida","FL","FL-504","Deltona, Daytona Beach/Volusia, Flagler Counties CoC",2017,2018,10.3770058919515,11.015169267398,-0.638163375446549
"separate_lasso_FL","1se",2,2018,"Florida","FL","FL-505","Fort Walton Beach/Okaloosa, Walton Counties CoC",2017,2018,17.8271736546786,21.6072038709404,-3.78003021626181
"separate_lasso_FL","1se",2,2018,"Florida","FL","FL-506","Tallahassee/Leon County CoC",2017,2018,20.3460220946386,17.915144150479,2.43087794415956
"separate_lasso_FL","1se",2,2018,"Florida","FL","FL-507","Orlando/Orange, Osceola, Seminole Counties CoC",2017,2018,9.25559415684828,-2.61293413227542,11.8685282891237
"separate_lasso_FL","1se",2,2018,"Florida","FL","FL-508","Gainesville/Alachua, Putnam Counties CoC",2017,2018,16.660466018682,19.5268391631642,-2.86637314448218
"separate_lasso_FL","1se",2,2018,"Florida","FL","FL-509","Fort Pierce/St. Lucie, Indian River, Martin Counties CoC",2017,2018,24.1558758933131,10.6184582159059,13.5374176774072
"separate_lasso_FL","1se",2,2018,"Florida","FL","FL-510","Jacksonville-Duval, Clay Counties CoC",2017,2018,14.1886011975508,6.19534488286051,7.99325631469029
"separate_lasso_FL","1se",2,2018,"Florida","FL","FL-511","Pensacola/Escambia, Santa Rosa Counties CoC",2017,2018,12.7831973770173,15.9900199745537,-3.2068225975364
"separate_lasso_FL","1se",2,2018,"Florida","FL","FL-512","St. Johns County CoC",2017,2018,13.4744340343716,19.9507706559788,-6.47633662160721
"separate_lasso_FL","1se",2,2018,"Florida","FL","FL-513","Palm Bay, Melbourne/Brevard County CoC",2017,2018,12.3319270904213,12.5599739157369,-0.228046825315603
"separate_lasso_FL","1se",2,2018,"Florida","FL","FL-514","Ocala/Marion County CoC",2017,2018,15.9303964217879,17.5199043967414,-1.58950797495351
"separate_lasso_FL","1se",2,2018,"Florida","FL","FL-515","Panama City/Bay, Jackson Counties CoC",2017,2018,12.3190537932016,14.8355426646962,-2.51648887149459
"separate_lasso_FL","1se",2,2018,"Florida","FL","FL-517","Hendry, Hardee, Highlands Counties CoC",2017,2018,17.0207969340021,19.1437393027363,-2.12294236873417
"separate_lasso_FL","1se",2,2018,"Florida","FL","FL-519","Pasco County CoC",2017,2018,49.4908085848374,11.8092134272999,37.6815951575375
"separate_lasso_FL","1se",2,2018,"Florida","FL","FL-520","Citrus, Hernando, Lake, Sumter Counties CoC",2017,2018,8.63175197856509,5.20186614930637,3.42988582925872
"separate_lasso_FL","1se",2,2018,"Florida","FL","FL-600","Miami-Dade County CoC",2017,2018,12.950972685824,1.02550977635652,11.9254629094675
"separate_lasso_FL","1se",2,2018,"Florida","FL","FL-601","Ft Lauderdale/Broward County CoC",2017,2018,11.9109586471864,0.510612258340267,11.4003463888461
"separate_lasso_FL","1se",2,2018,"Florida","FL","FL-602","Charlotte County CoC",2017,2018,8.8721064219985,24.3132701413012,-15.4411637193027
"separate_lasso_FL","1se",2,2018,"Florida","FL","FL-603","Ft Myers, Cape Coral/Lee County CoC",2017,2018,9.64915768685302,8.46667711213128,1.18248057472174
"separate_lasso_FL","1se",2,2018,"Florida","FL","FL-604","Monroe County CoC",2017,2018,130.155035648836,58.051159104705,72.103876544131
"separate_lasso_FL","1se",2,2018,"Florida","FL","FL-605","West Palm Beach/Palm Beach County CoC",2017,2018,8.82744073004081,1.12592320477633,7.70151752526448
"separate_lasso_FL","1se",2,2018,"Florida","FL","FL-606","Naples/Collier County CoC",2017,2018,17.2659511741111,16.0173072018389,1.24864397227218
"separate_state_lasso","min",2,2018,"California","CA","CA-500","San Jose/Santa Clara City & County CoC",2017,2018,37.5400357184073,24.7972311259727,12.7428045924346
"separate_state_lasso","min",2,2018,"California","CA","CA-501","San Francisco CoC",2017,2018,77.8588752532088,95.6175676057865,-17.7586923525777
"separate_state_lasso","min",2,2018,"California","CA","CA-502","Oakland, Berkeley/Alameda County CoC",2017,2018,32.9742325811336,23.8208175867661,9.15341499436751
"separate_state_lasso","min",2,2018,"California","CA","CA-503","Sacramento City & County CoC",2017,2018,23.5321489056673,30.1313069856606,-6.59915807999333
"separate_state_lasso","min",2,2018,"California","CA","CA-504","Santa Rosa, Petaluma/Sonoma County CoC",2017,2018,60.0830654396031,56.5177000094307,3.56536543017235
"separate_state_lasso","min",2,2018,"California","CA","CA-505","Contra Costa County CoC",2017,2018,19.4173238338524,12.5689831937928,6.84834064005958
"separate_state_lasso","min",2,2018,"California","CA","CA-506","Salinas/Monterey, San Benito Counties CoC",2017,2018,66.5903673067335,42.2168915255606,24.3734757811728
"separate_state_lasso","min",2,2018,"California","CA","CA-507","Marin County CoC",2017,2018,42.1702058830326,44.531427914161,-2.36122203112837
"separate_state_lasso","min",2,2018,"California","CA","CA-508","Watsonville/Santa Cruz City & County CoC",2017,2018,84.7206955861248,70.0351243962616,14.6855711898632
"separate_state_lasso","min",2,2018,"California","CA","CA-509","Mendocino County CoC",2017,2018,100.685346849578,94.8292115115141,5.85613533806394
"separate_state_lasso","min",2,2018,"California","CA","CA-510","Turlock, Modesto/Stanislaus County CoC",2017,2018,24.7388374205931,33.9635354208778,-9.22469800028468
"separate_state_lasso","min",2,2018,"California","CA","CA-511","Stockton/San Joaquin County CoC",2017,2018,22.3922943928897,31.8287485442187,-9.43645415132899
"separate_state_lasso","min",2,2018,"California","CA","CA-512","Daly City/San Mateo County CoC",2017,2018,16.1055106084318,17.239111787605,-1.13360117917316
"separate_state_lasso","min",2,2018,"California","CA","CA-513","Visalia/Kings, Tulare Counties CoC",2017,2018,15.698791014512,18.3266951636748,-2.62790414916277
"separate_state_lasso","min",2,2018,"California","CA","CA-514","Fresno City & County/Madera County CoC",2017,2018,18.6624328013147,20.4555686118819,-1.7931358105672
"separate_state_lasso","min",2,2018,"California","CA","CA-515","Roseville, Rocklin/Placer County CoC",2017,2018,24.2143093824077,21.3570095393082,2.85729984309948
"separate_state_lasso","min",2,2018,"California","CA","CA-516","Redding/Shasta, Siskiyou, Lassen, Plumas, Del Norte, Modoc, Sierra Counties CoC",2017,2018,36.8086367349554,44.732551628918,-7.9239148939626
"separate_state_lasso","min",2,2018,"California","CA","CA-517","Napa City & County CoC",2017,2018,23.2006859333232,34.2161007412423,-11.0154148079191
"separate_state_lasso","min",2,2018,"California","CA","CA-518","Vallejo/Solano County CoC",2017,2018,25.3295193224522,20.1414808728223,5.18803844962991
"separate_state_lasso","min",2,2018,"California","CA","CA-519","Chico, Paradise/Butte County CoC",2017,2018,48.8410560087523,56.8167798469012,-7.97572383814886
"separate_state_lasso","min",2,2018,"California","CA","CA-520","Merced City & County CoC",2017,2018,18.7487917242687,17.1496542089551,1.59913751531357
"separate_state_lasso","min",2,2018,"California","CA","CA-521","Davis, Woodland/Yolo County CoC",2017,2018,20.3527199047783,24.484233680968,-4.13151377618973
"separate_state_lasso","min",2,2018,"California","CA","CA-522","Humboldt County CoC",2017,2018,51.5986025072664,67.1845932016942,-15.5859906944278
"separate_state_lasso","min",2,2018,"California","CA","CA-523","Colusa, Glenn, Trinity Counties CoC",2017,2018,43.2592975206612,27.6318525222969,15.6274449983643
"separate_state_lasso","min",2,2018,"California","CA","CA-524","Yuba City & County/Sutter County CoC",2017,2018,43.9895345159714,27.2763537191291,16.7131807968423
"separate_state_lasso","min",2,2018,"California","CA","CA-525","El Dorado County CoC",2017,2018,33.8146016168098,18.0481341994347,15.7664674173751
"separate_state_lasso","min",2,2018,"California","CA","CA-526","Amador, Calaveras, Mariposa, Tuolumne Counties CoC",2017,2018,25.3672838522579,26.7636031991816,-1.39631934692371
"separate_state_lasso","min",2,2018,"California","CA","CA-527","Tehama County CoC",2017,2018,19.5257583804555,30.8814484813128,-11.3556901008573
"separate_state_lasso","min",2,2018,"California","CA","CA-529","Lake County CoC",2017,2018,95.6201315359858,36.7498193270657,58.8703122089202
"separate_state_lasso","min",2,2018,"California","CA","CA-530","Alpine, Inyo, Mono Counties CoC",2017,2018,46.9525689335487,23.4514181797784,23.5011507537703
"separate_state_lasso","min",2,2018,"California","CA","CA-600","Los Angeles City & County CoC",2017,2018,53.9062941493289,44.6953776908263,9.2109164585026
"separate_state_lasso","min",2,2018,"California","CA","CA-601","San Diego City and County CoC",2017,2018,25.7239279022131,31.3582463669449,-5.6343184647318
"separate_state_lasso","min",2,2018,"California","CA","CA-602","Santa Ana, Anaheim/Orange County CoC",2017,2018,15.6015180229807,10.1387416890174,5.46277633396335
"separate_state_lasso","min",2,2018,"California","CA","CA-603","Santa Maria/Santa Barbara County CoC",2017,2018,38.2699986540446,60.21331788093,-21.9433192268854
"separate_state_lasso","min",2,2018,"California","CA","CA-604","Bakersfield/Kern County CoC",2017,2018,9.90200926872822,24.2532400671457,-14.3512307984175
"separate_state_lasso","min",2,2018,"California","CA","CA-606","Long Beach CoC",2017,2018,39.8701635145064,57.8308951046686,-17.9607315901622
"separate_state_lasso","min",2,2018,"California","CA","CA-607","Pasadena CoC",2017,2018,47.94000412551,62.6518638346165,-14.7118597091065
"separate_state_lasso","min",2,2018,"California","CA","CA-608","Riverside City & County CoC",2017,2018,9.46933688883219,12.9796085305488,-3.51027164171658
"separate_state_lasso","min",2,2018,"California","CA","CA-609","San Bernardino City & County CoC",2017,2018,9.77499511942524,15.6425079164015,-5.86751279697631
"separate_state_lasso","min",2,2018,"California","CA","CA-611","Oxnard, San Buenaventura/Ventura County CoC",2017,2018,15.4219458534066,18.7776403436299,-3.35569449022328
"separate_state_lasso","min",2,2018,"California","CA","CA-612","Glendale CoC",2017,2018,13.2716662426214,26.0957873121567,-12.8241210695353
"separate_state_lasso","min",2,2018,"California","CA","CA-613","Imperial County CoC",2017,2018,82.2485304892493,23.8423652073734,58.4061652818759
"separate_state_lasso","min",2,2018,"California","CA","CA-614","San Luis Obispo County CoC",2017,2018,38.6442400671951,37.1349363418865,1.50930372530863
"separate_state_lasso","min",2,2018,"Florida","FL","FL-500","Sarasota, Bradenton/Manatee, Sarasota Counties CoC",2017,2018,14.5239035183913,8.60843063458399,5.91547288380731
"separate_state_lasso","min",2,2018,"Florida","FL","FL-501","Tampa/Hillsborough County CoC",2017,2018,12.3629486217895,6.97753328651783,5.38541533527167
"separate_state_lasso","min",2,2018,"Florida","FL","FL-502","St. Petersburg, Clearwater, Largo/Pinellas County CoC",2017,2018,26.8432097572807,22.33405096772,4.50915878956074
"separate_state_lasso","min",2,2018,"Florida","FL","FL-503","Lakeland/Polk County CoC",2017,2018,7.81209090896225,8.62270561474365,-0.810614705781398
"separate_state_lasso","min",2,2018,"Florida","FL","FL-504","Deltona, Daytona Beach/Volusia, Flagler Counties CoC",2017,2018,10.3770058919515,6.88479974060084,3.49220615135066
"separate_state_lasso","min",2,2018,"Florida","FL","FL-505","Fort Walton Beach/Okaloosa, Walton Counties CoC",2017,2018,17.8271736546786,30.0074433549712,-12.1802697002926
"separate_state_lasso","min",2,2018,"Florida","FL","FL-506","Tallahassee/Leon County CoC",2017,2018,20.3460220946386,10.6354081486171,9.71061394602149
"separate_state_lasso","min",2,2018,"Florida","FL","FL-507","Orlando/Orange, Osceola, Seminole Counties CoC",2017,2018,9.25559415684828,-7.87366616827955,17.1292603251278
"separate_state_lasso","min",2,2018,"Florida","FL","FL-508","Gainesville/Alachua, Putnam Counties CoC",2017,2018,16.660466018682,18.2924826743292,-1.63201665564723
"separate_state_lasso","min",2,2018,"Florida","FL","FL-509","Fort Pierce/St. Lucie, Indian River, Martin Counties CoC",2017,2018,24.1558758933131,14.2484299214644,9.90744597184873
"separate_state_lasso","min",2,2018,"Florida","FL","FL-510","Jacksonville-Duval, Clay Counties CoC",2017,2018,14.1886011975508,5.69742031694945,8.49118088060135
"separate_state_lasso","min",2,2018,"Florida","FL","FL-511","Pensacola/Escambia, Santa Rosa Counties CoC",2017,2018,12.7831973770173,13.1818310324349,-0.398633655417639
"separate_state_lasso","min",2,2018,"Florida","FL","FL-512","St. Johns County CoC",2017,2018,13.4744340343716,24.5716976227026,-11.097263588331
"separate_state_lasso","min",2,2018,"Florida","FL","FL-513","Palm Bay, Melbourne/Brevard County CoC",2017,2018,12.3319270904213,11.2317292896904,1.10019780073087
"separate_state_lasso","min",2,2018,"Florida","FL","FL-514","Ocala/Marion County CoC",2017,2018,15.9303964217879,17.0349856944265,-1.1045892726386
"separate_state_lasso","min",2,2018,"Florida","FL","FL-515","Panama City/Bay, Jackson Counties CoC",2017,2018,12.3190537932016,13.9474794127998,-1.62842561959816
"separate_state_lasso","min",2,2018,"Florida","FL","FL-517","Hendry, Hardee, Highlands Counties CoC",2017,2018,17.0207969340021,23.3128977821577,-6.29210084815562
"separate_state_lasso","min",2,2018,"Florida","FL","FL-519","Pasco County CoC",2017,2018,49.4908085848374,15.8501535292985,33.6406550555389
"separate_state_lasso","min",2,2018,"Florida","FL","FL-520","Citrus, Hernando, Lake, Sumter Counties CoC",2017,2018,8.63175197856509,-1.16411401222823,9.79586599079332
"separate_state_lasso","min",2,2018,"Florida","FL","FL-600","Miami-Dade County CoC",2017,2018,12.950972685824,7.95262778681771,4.99834489900629
"separate_state_lasso","min",2,2018,"Florida","FL","FL-601","Ft Lauderdale/Broward County CoC",2017,2018,11.9109586471864,4.53868801237808,7.37227063480832
"separate_state_lasso","min",2,2018,"Florida","FL","FL-602","Charlotte County CoC",2017,2018,8.8721064219985,28.73725344773,-19.8651470257315
"separate_state_lasso","min",2,2018,"Florida","FL","FL-603","Ft Myers, Cape Coral/Lee County CoC",2017,2018,9.64915768685302,10.6988217764847,-1.04966408963171
"separate_state_lasso","min",2,2018,"Florida","FL","FL-604","Monroe County CoC",2017,2018,130.155035648836,70.9511909512573,59.2038446975787
"separate_state_lasso","min",2,2018,"Florida","FL","FL-605","West Palm Beach/Palm Beach County CoC",2017,2018,8.82744073004081,2.52681009626124,6.30063063377957
"separate_state_lasso","min",2,2018,"Florida","FL","FL-606","Naples/Collier County CoC",2017,2018,17.2659511741111,15.7303160496138,1.53563512449731
"separate_state_lasso","1se",2,2018,"California","CA","CA-500","San Jose/Santa Clara City & County CoC",2017,2018,37.5400357184073,26.0524618267533,11.487573891654
"separate_state_lasso","1se",2,2018,"California","CA","CA-501","San Francisco CoC",2017,2018,77.8588752532088,96.4140904106583,-18.5552151574495
"separate_state_lasso","1se",2,2018,"California","CA","CA-502","Oakland, Berkeley/Alameda County CoC",2017,2018,32.9742325811336,25.5923756391902,7.38185694194339
"separate_state_lasso","1se",2,2018,"California","CA","CA-503","Sacramento City & County CoC",2017,2018,23.5321489056673,29.7159390773801,-6.18379017171279
"separate_state_lasso","1se",2,2018,"California","CA","CA-504","Santa Rosa, Petaluma/Sonoma County CoC",2017,2018,60.0830654396031,50.9746994052025,9.10836603440065
"separate_state_lasso","1se",2,2018,"California","CA","CA-505","Contra Costa County CoC",2017,2018,19.4173238338524,17.3875298185223,2.02979401533013
"separate_state_lasso","1se",2,2018,"California","CA","CA-506","Salinas/Monterey, San Benito Counties CoC",2017,2018,66.5903673067335,39.2789276940315,27.311439612702
"separate_state_lasso","1se",2,2018,"California","CA","CA-507","Marin County CoC",2017,2018,42.1702058830326,43.8230073745586,-1.65280149152596
"separate_state_lasso","1se",2,2018,"California","CA","CA-508","Watsonville/Santa Cruz City & County CoC",2017,2018,84.7206955861248,60.4066543886522,24.3140411974726
"separate_state_lasso","1se",2,2018,"California","CA","CA-509","Mendocino County CoC",2017,2018,100.685346849578,78.3554739211377,22.3298729284403
"separate_state_lasso","1se",2,2018,"California","CA","CA-510","Turlock, Modesto/Stanislaus County CoC",2017,2018,24.7388374205931,34.3156371208026,-9.57679970020949
"separate_state_lasso","1se",2,2018,"California","CA","CA-511","Stockton/San Joaquin County CoC",2017,2018,22.3922943928897,31.7468166225866,-9.35452222969687
"separate_state_lasso","1se",2,2018,"California","CA","CA-512","Daly City/San Mateo County CoC",2017,2018,16.1055106084318,21.8265111724924,-5.72100056406065
"separate_state_lasso","1se",2,2018,"California","CA","CA-513","Visalia/Kings, Tulare Counties CoC",2017,2018,15.698791014512,20.483827494034,-4.78503647952195
"separate_state_lasso","1se",2,2018,"California","CA","CA-514","Fresno City & County/Madera County CoC",2017,2018,18.6624328013147,21.1834826061381,-2.52104980482337
"separate_state_lasso","1se",2,2018,"California","CA","CA-515","Roseville, Rocklin/Placer County CoC",2017,2018,24.2143093824077,24.1239632698444,0.0903461125633456
"separate_state_lasso","1se",2,2018,"California","CA","CA-516","Redding/Shasta, Siskiyou, Lassen, Plumas, Del Norte, Modoc, Sierra Counties CoC",2017,2018,36.8086367349554,47.450672208867,-10.6420354739116
"separate_state_lasso","1se",2,2018,"California","CA","CA-517","Napa City & County CoC",2017,2018,23.2006859333232,34.4581549445986,-11.2574690112754
"separate_state_lasso","1se",2,2018,"California","CA","CA-518","Vallejo/Solano County CoC",2017,2018,25.3295193224522,21.8273429999227,3.50217632252949
"separate_state_lasso","1se",2,2018,"California","CA","CA-519","Chico, Paradise/Butte County CoC",2017,2018,48.8410560087523,52.860990485214,-4.01993447646168
"separate_state_lasso","1se",2,2018,"California","CA","CA-520","Merced City & County CoC",2017,2018,18.7487917242687,19.7413909627605,-0.992599238491803
"separate_state_lasso","1se",2,2018,"California","CA","CA-521","Davis, Woodland/Yolo County CoC",2017,2018,20.3527199047783,27.966239033296,-7.61351912851771
"separate_state_lasso","1se",2,2018,"California","CA","CA-522","Humboldt County CoC",2017,2018,51.5986025072664,62.3681953687285,-10.7695928614621
"separate_state_lasso","1se",2,2018,"California","CA","CA-523","Colusa, Glenn, Trinity Counties CoC",2017,2018,43.2592975206612,33.1899071152893,10.0693904053719
"separate_state_lasso","1se",2,2018,"California","CA","CA-524","Yuba City & County/Sutter County CoC",2017,2018,43.9895345159714,31.2149750989648,12.7745594170066
"separate_state_lasso","1se",2,2018,"California","CA","CA-525","El Dorado County CoC",2017,2018,33.8146016168098,22.0278622329611,11.7867393838487
"separate_state_lasso","1se",2,2018,"California","CA","CA-526","Amador, Calaveras, Mariposa, Tuolumne Counties CoC",2017,2018,25.3672838522579,29.3235015390042,-3.95621768674629
"separate_state_lasso","1se",2,2018,"California","CA","CA-527","Tehama County CoC",2017,2018,19.5257583804555,30.4147849841439,-10.8890266036884
"separate_state_lasso","1se",2,2018,"California","CA","CA-529","Lake County CoC",2017,2018,95.6201315359858,35.8855425301279,59.7345890058579
"separate_state_lasso","1se",2,2018,"California","CA","CA-530","Alpine, Inyo, Mono Counties CoC",2017,2018,46.9525689335487,25.5551468115418,21.3974221220069
"separate_state_lasso","1se",2,2018,"California","CA","CA-600","Los Angeles City & County CoC",2017,2018,53.9062941493289,41.3917534120025,12.5145407373264
"separate_state_lasso","1se",2,2018,"California","CA","CA-601","San Diego City and County CoC",2017,2018,25.7239279022131,29.3148715238005,-3.59094362158736
"separate_state_lasso","1se",2,2018,"California","CA","CA-602","Santa Ana, Anaheim/Orange County CoC",2017,2018,15.6015180229807,15.9989397614677,-0.397421738486972
"separate_state_lasso","1se",2,2018,"California","CA","CA-603","Santa Maria/Santa Barbara County CoC",2017,2018,38.2699986540446,52.6791748419855,-14.4091761879409
"separate_state_lasso","1se",2,2018,"California","CA","CA-604","Bakersfield/Kern County CoC",2017,2018,9.90200926872822,24.3396319305442,-14.437622661816
"separate_state_lasso","1se",2,2018,"California","CA","CA-606","Long Beach CoC",2017,2018,39.8701635145064,55.3461352053675,-15.4759716908611
"separate_state_lasso","1se",2,2018,"California","CA","CA-607","Pasadena CoC",2017,2018,47.94000412551,57.230801836483,-9.29079771097305
"separate_state_lasso","1se",2,2018,"California","CA","CA-608","Riverside City & County CoC",2017,2018,9.46933688883219,13.9584390648955,-4.48910217606335
"separate_state_lasso","1se",2,2018,"California","CA","CA-609","San Bernardino City & County CoC",2017,2018,9.77499511942524,15.7406954813287,-5.96570036190344
"separate_state_lasso","1se",2,2018,"California","CA","CA-611","Oxnard, San Buenaventura/Ventura County CoC",2017,2018,15.4219458534066,19.344660829596,-3.92271497618935
"separate_state_lasso","1se",2,2018,"California","CA","CA-612","Glendale CoC",2017,2018,13.2716662426214,29.9865314023706,-16.7148651597492
"separate_state_lasso","1se",2,2018,"California","CA","CA-613","Imperial County CoC",2017,2018,82.2485304892493,26.3099715245065,55.9385589647428
"separate_state_lasso","1se",2,2018,"California","CA","CA-614","San Luis Obispo County CoC",2017,2018,38.6442400671951,33.7878682666959,4.85637180049922
"separate_state_lasso","1se",2,2018,"Florida","FL","FL-500","Sarasota, Bradenton/Manatee, Sarasota Counties CoC",2017,2018,14.5239035183913,9.74105109179655,4.78285242659475
"separate_state_lasso","1se",2,2018,"Florida","FL","FL-501","Tampa/Hillsborough County CoC",2017,2018,12.3629486217895,4.5794438054085,7.783504816381
"separate_state_lasso","1se",2,2018,"Florida","FL","FL-502","St. Petersburg, Clearwater, Largo/Pinellas County CoC",2017,2018,26.8432097572807,14.8654256567652,11.9777841005155
"separate_state_lasso","1se",2,2018,"Florida","FL","FL-503","Lakeland/Polk County CoC",2017,2018,7.81209090896225,8.99227460577782,-1.18018369681557
"separate_state_lasso","1se",2,2018,"Florida","FL","FL-504","Deltona, Daytona Beach/Volusia, Flagler Counties CoC",2017,2018,10.3770058919515,11.015169267398,-0.638163375446549
"separate_state_lasso","1se",2,2018,"Florida","FL","FL-505","Fort Walton Beach/Okaloosa, Walton Counties CoC",2017,2018,17.8271736546786,21.6072038709404,-3.78003021626181
"separate_state_lasso","1se",2,2018,"Florida","FL","FL-506","Tallahassee/Leon County CoC",2017,2018,20.3460220946386,17.915144150479,2.43087794415956
"separate_state_lasso","1se",2,2018,"Florida","FL","FL-507","Orlando/Orange, Osceola, Seminole Counties CoC",2017,2018,9.25559415684828,-2.61293413227542,11.8685282891237
"separate_state_lasso","1se",2,2018,"Florida","FL","FL-508","Gainesville/Alachua, Putnam Counties CoC",2017,2018,16.660466018682,19.5268391631642,-2.86637314448218
"separate_state_lasso","1se",2,2018,"Florida","FL","FL-509","Fort Pierce/St. Lucie, Indian River, Martin Counties CoC",2017,2018,24.1558758933131,10.6184582159059,13.5374176774072
"separate_state_lasso","1se",2,2018,"Florida","FL","FL-510","Jacksonville-Duval, Clay Counties CoC",2017,2018,14.1886011975508,6.19534488286051,7.99325631469029
"separate_state_lasso","1se",2,2018,"Florida","FL","FL-511","Pensacola/Escambia, Santa Rosa Counties CoC",2017,2018,12.7831973770173,15.9900199745537,-3.2068225975364
"separate_state_lasso","1se",2,2018,"Florida","FL","FL-512","St. Johns County CoC",2017,2018,13.4744340343716,19.9507706559788,-6.47633662160721
"separate_state_lasso","1se",2,2018,"Florida","FL","FL-513","Palm Bay, Melbourne/Brevard County CoC",2017,2018,12.3319270904213,12.5599739157369,-0.228046825315603
"separate_state_lasso","1se",2,2018,"Florida","FL","FL-514","Ocala/Marion County CoC",2017,2018,15.9303964217879,17.5199043967414,-1.58950797495351
"separate_state_lasso","1se",2,2018,"Florida","FL","FL-515","Panama City/Bay, Jackson Counties CoC",2017,2018,12.3190537932016,14.8355426646962,-2.51648887149459
"separate_state_lasso","1se",2,2018,"Florida","FL","FL-517","Hendry, Hardee, Highlands Counties CoC",2017,2018,17.0207969340021,19.1437393027363,-2.12294236873417
"separate_state_lasso","1se",2,2018,"Florida","FL","FL-519","Pasco County CoC",2017,2018,49.4908085848374,11.8092134272999,37.6815951575375
"separate_state_lasso","1se",2,2018,"Florida","FL","FL-520","Citrus, Hernando, Lake, Sumter Counties CoC",2017,2018,8.63175197856509,5.20186614930637,3.42988582925872
"separate_state_lasso","1se",2,2018,"Florida","FL","FL-600","Miami-Dade County CoC",2017,2018,12.950972685824,1.02550977635652,11.9254629094675
"separate_state_lasso","1se",2,2018,"Florida","FL","FL-601","Ft Lauderdale/Broward County CoC",2017,2018,11.9109586471864,0.510612258340267,11.4003463888461
"separate_state_lasso","1se",2,2018,"Florida","FL","FL-602","Charlotte County CoC",2017,2018,8.8721064219985,24.3132701413012,-15.4411637193027
"separate_state_lasso","1se",2,2018,"Florida","FL","FL-603","Ft Myers, Cape Coral/Lee County CoC",2017,2018,9.64915768685302,8.46667711213128,1.18248057472174
"separate_state_lasso","1se",2,2018,"Florida","FL","FL-604","Monroe County CoC",2017,2018,130.155035648836,58.051159104705,72.103876544131
"separate_state_lasso","1se",2,2018,"Florida","FL","FL-605","West Palm Beach/Palm Beach County CoC",2017,2018,8.82744073004081,1.12592320477633,7.70151752526448
"separate_state_lasso","1se",2,2018,"Florida","FL","FL-606","Naples/Collier County CoC",2017,2018,17.2659511741111,16.0173072018389,1.24864397227218
"state_time_baseline","none",3,2019,"California","CA","CA-500","San Jose/Santa Clara City & County CoC",2018,2019,50.3461884003544,30.6318417396345,19.7143466607199
"state_time_baseline","none",3,2019,"California","CA","CA-501","San Francisco CoC",2018,2019,91.1463798382166,30.6318417396345,60.514538098582
"state_time_baseline","none",3,2019,"California","CA","CA-502","Oakland, Berkeley/Alameda County CoC",2018,2019,47.9977311468897,30.6318417396345,17.3658894072551
"state_time_baseline","none",3,2019,"California","CA","CA-503","Sacramento City & County CoC",2018,2019,35.8298465650124,30.6318417396345,5.19800482537785
"state_time_baseline","none",3,2019,"California","CA","CA-504","Santa Rosa, Petaluma/Sonoma County CoC",2018,2019,59.6962389953392,30.6318417396345,29.0643972557047
"state_time_baseline","none",3,2019,"California","CA","CA-505","Contra Costa County CoC",2018,2019,19.8955203437114,30.6318417396345,-10.7363213959231
"state_time_baseline","none",3,2019,"California","CA","CA-506","Salinas/Monterey, San Benito Counties CoC",2018,2019,54.4207829427877,30.6318417396345,23.7889412031532
"state_time_baseline","none",3,2019,"California","CA","CA-507","Marin County CoC",2018,2019,39.949618662731,30.6318417396345,9.31777692309645
"state_time_baseline","none",3,2019,"California","CA","CA-508","Watsonville/Santa Cruz City & County CoC",2018,2019,79.3154059287076,30.6318417396345,48.683564189073
"state_time_baseline","none",3,2019,"California","CA","CA-509","Mendocino County CoC",2018,2019,90.4909566680884,30.6318417396345,59.8591149284538
"state_time_baseline","none",3,2019,"California","CA","CA-510","Turlock, Modesto/Stanislaus County CoC",2018,2019,34.9217302872916,30.6318417396345,4.28988854765705
"state_time_baseline","none",3,2019,"California","CA","CA-511","Stockton/San Joaquin County CoC",2018,2019,34.5208542172911,30.6318417396345,3.88901247765655
"state_time_baseline","none",3,2019,"California","CA","CA-512","Daly City/San Mateo County CoC",2018,2019,19.7241489068882,30.6318417396345,-10.9076928327463
"state_time_baseline","none",3,2019,"California","CA","CA-513","Visalia/Kings, Tulare Counties CoC",2018,2019,17.1852665412228,30.6318417396345,-13.4465751984118
"state_time_baseline","none",3,2019,"California","CA","CA-514","Fresno City & County/Madera County CoC",2018,2019,21.6874721124013,30.6318417396345,-8.94436962723325
"state_time_baseline","none",3,2019,"California","CA","CA-515","Roseville, Rocklin/Placer County CoC",2018,2019,15.4897082562404,30.6318417396345,-15.1421334833941
"state_time_baseline","none",3,2019,"California","CA","CA-516","Redding/Shasta, Siskiyou, Lassen, Plumas, Del Norte, Modoc, Sierra Counties CoC",2018,2019,43.1463232871805,30.6318417396345,12.514481547546
"state_time_baseline","none",3,2019,"California","CA","CA-517","Napa City & County CoC",2018,2019,23.3766988035776,30.6318417396345,-7.25514293605695
"state_time_baseline","none",3,2019,"California","CA","CA-518","Vallejo/Solano County CoC",2018,2019,25.7124538974138,30.6318417396345,-4.91938784222075
"state_time_baseline","none",3,2019,"California","CA","CA-519","Chico, Paradise/Butte County CoC",2018,2019,57.7591634502204,30.6318417396345,27.1273217105858
"state_time_baseline","none",3,2019,"California","CA","CA-520","Merced City & County CoC",2018,2019,21.8957072889657,30.6318417396345,-8.73613445066885
"state_time_baseline","none",3,2019,"California","CA","CA-521","Davis, Woodland/Yolo County CoC",2018,2019,29.7052154195011,30.6318417396345,-0.926626320133447
"state_time_baseline","none",3,2019,"California","CA","CA-522","Humboldt County CoC",2018,2019,125.555112940586,30.6318417396345,94.9232712009514
"state_time_baseline","none",3,2019,"California","CA","CA-523","Colusa, Glenn, Trinity Counties CoC",2018,2019,30.8557653676175,30.6318417396345,0.223923627982952
"state_time_baseline","none",3,2019,"California","CA","CA-524","Yuba City & County/Sutter County CoC",2018,2019,41.0501084611049,30.6318417396345,10.4182667214703
"state_time_baseline","none",3,2019,"California","CA","CA-525","El Dorado County CoC",2018,2019,31.7875162697116,30.6318417396345,1.15567453007705
"state_time_baseline","none",3,2019,"California","CA","CA-526","Amador, Calaveras, Mariposa, Tuolumne Counties CoC",2018,2019,53.7060341430551,30.6318417396345,23.0741924034206
"state_time_baseline","none",3,2019,"California","CA","CA-527","Tehama County CoC",2018,2019,44.2505070370598,30.6318417396345,13.6186652974252
"state_time_baseline","none",3,2019,"California","CA","CA-529","Lake County CoC",2018,2019,63.3678128785761,30.6318417396345,32.7359711389416
"state_time_baseline","none",3,2019,"California","CA","CA-530","Alpine, Inyo, Mono Counties CoC",2018,2019,63.6677377127216,30.6318417396345,33.035895973087
"state_time_baseline","none",3,2019,"California","CA","CA-600","Los Angeles City & County CoC",2018,2019,60.9171944236223,30.6318417396345,30.2853526839877
"state_time_baseline","none",3,2019,"California","CA","CA-601","San Diego City and County CoC",2018,2019,24.26961983986,30.6318417396345,-6.36222189977455
"state_time_baseline","none",3,2019,"California","CA","CA-602","Santa Ana, Anaheim/Orange County CoC",2018,2019,21.6015910862892,30.6318417396345,-9.03025065334535
"state_time_baseline","none",3,2019,"California","CA","CA-603","Santa Maria/Santa Barbara County CoC",2018,2019,40.3808295203349,30.6318417396345,9.74898778070035
"state_time_baseline","none",3,2019,"California","CA","CA-604","Bakersfield/Kern County CoC",2018,2019,14.7744617319224,30.6318417396345,-15.8573800077121
"state_time_baseline","none",3,2019,"California","CA","CA-606","Long Beach CoC",2018,2019,40.4569394131799,30.6318417396345,9.82509767354535
"state_time_baseline","none",3,2019,"California","CA","CA-607","Pasadena CoC",2018,2019,38.5133676929631,30.6318417396345,7.88152595332855
"state_time_baseline","none",3,2019,"California","CA","CA-608","Riverside City & County CoC",2018,2019,11.3780516533592,30.6318417396345,-19.2537900862753
"state_time_baseline","none",3,2019,"California","CA","CA-609","San Bernardino City & County CoC",2018,2019,11.9582493343149,30.6318417396345,-18.6735924053196
"state_time_baseline","none",3,2019,"California","CA","CA-611","Oxnard, San Buenaventura/Ventura County CoC",2018,2019,19.7279924728666,30.6318417396345,-10.9038492667679
"state_time_baseline","none",3,2019,"California","CA","CA-612","Glendale CoC",2018,2019,12.4468996482166,30.6318417396345,-18.1849420914179
"state_time_baseline","none",3,2019,"California","CA","CA-613","Imperial County CoC",2018,2019,77.9736776756891,30.6318417396345,47.3418359360546
"state_time_baseline","none",3,2019,"California","CA","CA-614","San Luis Obispo County CoC",2018,2019,52.3822811547414,30.6318417396345,21.7504394151069
"state_time_baseline","none",3,2019,"Florida","FL","FL-500","Sarasota, Bradenton/Manatee, Sarasota Counties CoC",2018,2019,13.560415534143,19.7307299576892,-6.17031442354624
"state_time_baseline","none",3,2019,"Florida","FL","FL-501","Tampa/Hillsborough County CoC",2018,2019,11.2094828148438,19.7307299576892,-8.52124714284544
"state_time_baseline","none",3,2019,"Florida","FL","FL-502","St. Petersburg, Clearwater, Largo/Pinellas County CoC",2018,2019,24.7693323870047,19.7307299576892,5.03860242931546
"state_time_baseline","none",3,2019,"Florida","FL","FL-503","Lakeland/Polk County CoC",2018,2019,7.76790654228818,19.7307299576892,-11.9628234154011
"state_time_baseline","none",3,2019,"Florida","FL","FL-504","Deltona, Daytona Beach/Volusia, Flagler Counties CoC",2018,2019,13.0916490241111,19.7307299576892,-6.63908093357814
"state_time_baseline","none",3,2019,"Florida","FL","FL-505","Fort Walton Beach/Okaloosa, Walton Counties CoC",2018,2019,14.0093887482488,19.7307299576892,-5.72134120944044
"state_time_baseline","none",3,2019,"Florida","FL","FL-506","Tallahassee/Leon County CoC",2018,2019,21.4642095164621,19.7307299576892,1.73347955877286
"state_time_baseline","none",3,2019,"Florida","FL","FL-507","Orlando/Orange, Osceola, Seminole Counties CoC",2018,2019,8.96909410810837,19.7307299576892,-10.7616358495809
"state_time_baseline","none",3,2019,"Florida","FL","FL-508","Gainesville/Alachua, Putnam Counties CoC",2018,2019,17.6241379177769,19.7307299576892,-2.10659203991234
"state_time_baseline","none",3,2019,"Florida","FL","FL-509","Fort Pierce/St. Lucie, Indian River, Martin Counties CoC",2018,2019,23.0892455562059,19.7307299576892,3.35851559851666
"state_time_baseline","none",3,2019,"Florida","FL","FL-510","Jacksonville-Duval, Clay Counties CoC",2018,2019,12.9223659202211,19.7307299576892,-6.80836403746814
"state_time_baseline","none",3,2019,"Florida","FL","FL-511","Pensacola/Escambia, Santa Rosa Counties CoC",2018,2019,10.3058120402921,19.7307299576892,-9.42491791739714
"state_time_baseline","none",3,2019,"Florida","FL","FL-512","St. Johns County CoC",2018,2019,13.4506105670415,19.7307299576892,-6.28011939064774
"state_time_baseline","none",3,2019,"Florida","FL","FL-513","Palm Bay, Melbourne/Brevard County CoC",2018,2019,13.539510451173,19.7307299576892,-6.19121950651624
"state_time_baseline","none",3,2019,"Florida","FL","FL-514","Ocala/Marion County CoC",2018,2019,12.9930876773556,19.7307299576892,-6.73764228033364
"state_time_baseline","none",3,2019,"Florida","FL","FL-515","Panama City/Bay, Jackson Counties CoC",2018,2019,16.6012934040476,19.7307299576892,-3.12943655364164
"state_time_baseline","none",3,2019,"Florida","FL","FL-517","Hendry, Hardee, Highlands Counties CoC",2018,2019,14.7867439441225,19.7307299576892,-4.94398601356674
"state_time_baseline","none",3,2019,"Florida","FL","FL-519","Pasco County CoC",2018,2019,16.1387280732633,19.7307299576892,-3.59200188442594
"state_time_baseline","none",3,2019,"Florida","FL","FL-520","Citrus, Hernando, Lake, Sumter Counties CoC",2018,2019,8.02974683168963,19.7307299576892,-11.7009831259996
"state_time_baseline","none",3,2019,"Florida","FL","FL-600","Miami-Dade County CoC",2018,2019,12.7790823499967,19.7307299576892,-6.95164760769254
"state_time_baseline","none",3,2019,"Florida","FL","FL-601","Ft Lauderdale/Broward County CoC",2018,2019,14.353910173097,19.7307299576892,-5.37681978459224
"state_time_baseline","none",3,2019,"Florida","FL","FL-602","Charlotte County CoC",2018,2019,8.25790058758139,19.7307299576892,-11.4728293701078
"state_time_baseline","none",3,2019,"Florida","FL","FL-603","Ft Myers, Cape Coral/Lee County CoC",2018,2019,4.82755130246556,19.7307299576892,-14.9031786552237
"state_time_baseline","none",3,2019,"Florida","FL","FL-604","Monroe County CoC",2018,2019,67.4947459179824,19.7307299576892,47.7640159602932
"state_time_baseline","none",3,2019,"Florida","FL","FL-605","West Palm Beach/Palm Beach County CoC",2018,2019,9.33343132211362,19.7307299576892,-10.3972986355756
"state_time_baseline","none",3,2019,"Florida","FL","FL-606","Naples/Collier County CoC",2018,2019,12.9383583353685,19.7307299576892,-6.79237162232074
"pooled_lasso","min",3,2019,"California","CA","CA-500","San Jose/Santa Clara City & County CoC",2018,2019,50.3461884003544,25.7682430125368,24.5779453878176
"pooled_lasso","min",3,2019,"California","CA","CA-501","San Francisco CoC",2018,2019,91.1463798382166,113.859447687,-22.7130678487833
"pooled_lasso","min",3,2019,"California","CA","CA-502","Oakland, Berkeley/Alameda County CoC",2018,2019,47.9977311468897,22.966665516108,25.0310656307817
"pooled_lasso","min",3,2019,"California","CA","CA-503","Sacramento City & County CoC",2018,2019,35.8298465650124,30.3182426317804,5.51160393323205
"pooled_lasso","min",3,2019,"California","CA","CA-504","Santa Rosa, Petaluma/Sonoma County CoC",2018,2019,59.6962389953392,52.3379856239617,7.35825337137751
"pooled_lasso","min",3,2019,"California","CA","CA-505","Contra Costa County CoC",2018,2019,19.8955203437114,18.0003187696298,1.89520157408156
"pooled_lasso","min",3,2019,"California","CA","CA-506","Salinas/Monterey, San Benito Counties CoC",2018,2019,54.4207829427877,37.1712832481814,17.2494996946063
"pooled_lasso","min",3,2019,"California","CA","CA-507","Marin County CoC",2018,2019,39.949618662731,53.170075312961,-13.22045665023
"pooled_lasso","min",3,2019,"California","CA","CA-508","Watsonville/Santa Cruz City & County CoC",2018,2019,79.3154059287076,56.9666762836508,22.3487296450568
"pooled_lasso","min",3,2019,"California","CA","CA-509","Mendocino County CoC",2018,2019,90.4909566680884,79.9968001899471,10.4941564781413
"pooled_lasso","min",3,2019,"California","CA","CA-510","Turlock, Modesto/Stanislaus County CoC",2018,2019,34.9217302872916,34.3255952153276,0.596135071964035
"pooled_lasso","min",3,2019,"California","CA","CA-511","Stockton/San Joaquin County CoC",2018,2019,34.5208542172911,31.5888617926609,2.93199242463018
"pooled_lasso","min",3,2019,"California","CA","CA-512","Daly City/San Mateo County CoC",2018,2019,19.7241489068882,20.5503570794424,-0.826208172554196
"pooled_lasso","min",3,2019,"California","CA","CA-513","Visalia/Kings, Tulare Counties CoC",2018,2019,17.1852665412228,22.2317397285927,-5.04647318736987
"pooled_lasso","min",3,2019,"California","CA","CA-514","Fresno City & County/Madera County CoC",2018,2019,21.6874721124013,23.3720688140149,-1.6845967016136
"pooled_lasso","min",3,2019,"California","CA","CA-515","Roseville, Rocklin/Placer County CoC",2018,2019,15.4897082562404,30.2324757691589,-14.7427675129185
"pooled_lasso","min",3,2019,"California","CA","CA-516","Redding/Shasta, Siskiyou, Lassen, Plumas, Del Norte, Modoc, Sierra Counties CoC",2018,2019,43.1463232871805,26.0811492386537,17.0651740485268
"pooled_lasso","min",3,2019,"California","CA","CA-517","Napa City & County CoC",2018,2019,23.3766988035776,37.237177110552,-13.8604783069744
"pooled_lasso","min",3,2019,"California","CA","CA-518","Vallejo/Solano County CoC",2018,2019,25.7124538974138,29.5501091059065,-3.83765520849267
"pooled_lasso","min",3,2019,"California","CA","CA-519","Chico, Paradise/Butte County CoC",2018,2019,57.7591634502204,50.0314021496732,7.72776130054721
"pooled_lasso","min",3,2019,"California","CA","CA-520","Merced City & County CoC",2018,2019,21.8957072889657,28.8318755225589,-6.93616823359318
"pooled_lasso","min",3,2019,"California","CA","CA-521","Davis, Woodland/Yolo County CoC",2018,2019,29.7052154195011,28.5586261706168,1.14658924888434
"pooled_lasso","min",3,2019,"California","CA","CA-522","Humboldt County CoC",2018,2019,125.555112940586,49.1296223696251,76.4254905709609
"pooled_lasso","min",3,2019,"California","CA","CA-523","Colusa, Glenn, Trinity Counties CoC",2018,2019,30.8557653676175,41.372903974566,-10.5171386069485
"pooled_lasso","min",3,2019,"California","CA","CA-524","Yuba City & County/Sutter County CoC",2018,2019,41.0501084611049,34.3331260701596,6.71698239094529
"pooled_lasso","min",3,2019,"California","CA","CA-525","El Dorado County CoC",2018,2019,31.7875162697116,24.3649428187167,7.42257345099487
"pooled_lasso","min",3,2019,"California","CA","CA-526","Amador, Calaveras, Mariposa, Tuolumne Counties CoC",2018,2019,53.7060341430551,28.3022231609871,25.403810982068
"pooled_lasso","min",3,2019,"California","CA","CA-527","Tehama County CoC",2018,2019,44.2505070370598,37.0890984976473,7.16140853941248
"pooled_lasso","min",3,2019,"California","CA","CA-529","Lake County CoC",2018,2019,63.3678128785761,36.1006277142369,27.2671851643392
"pooled_lasso","min",3,2019,"California","CA","CA-530","Alpine, Inyo, Mono Counties CoC",2018,2019,63.6677377127216,34.2948662644273,29.3728714482943
"pooled_lasso","min",3,2019,"California","CA","CA-600","Los Angeles City & County CoC",2018,2019,60.9171944236223,23.4515418945309,37.4656525290914
"pooled_lasso","min",3,2019,"California","CA","CA-601","San Diego City and County CoC",2018,2019,24.26961983986,23.3057382922431,0.963881547616918
"pooled_lasso","min",3,2019,"California","CA","CA-602","Santa Ana, Anaheim/Orange County CoC",2018,2019,21.6015910862892,8.07172690211637,13.5298641841728
"pooled_lasso","min",3,2019,"California","CA","CA-603","Santa Maria/Santa Barbara County CoC",2018,2019,40.3808295203349,44.6144181892409,-4.23358866890598
"pooled_lasso","min",3,2019,"California","CA","CA-604","Bakersfield/Kern County CoC",2018,2019,14.7744617319224,41.6155357433543,-26.8410740114319
"pooled_lasso","min",3,2019,"California","CA","CA-606","Long Beach CoC",2018,2019,40.4569394131799,48.569582771269,-8.1126433580891
"pooled_lasso","min",3,2019,"California","CA","CA-607","Pasadena CoC",2018,2019,38.5133676929631,61.960871629272,-23.4475039363089
"pooled_lasso","min",3,2019,"California","CA","CA-608","Riverside City & County CoC",2018,2019,11.3780516533592,14.0927044718947,-2.71465281853551
"pooled_lasso","min",3,2019,"California","CA","CA-609","San Bernardino City & County CoC",2018,2019,11.9582493343149,15.3298518685117,-3.37160253419684
"pooled_lasso","min",3,2019,"California","CA","CA-611","Oxnard, San Buenaventura/Ventura County CoC",2018,2019,19.7279924728666,23.7329923226938,-4.00499984982725
"pooled_lasso","min",3,2019,"California","CA","CA-612","Glendale CoC",2018,2019,12.4468996482166,24.1923712319258,-11.7454715837092
"pooled_lasso","min",3,2019,"California","CA","CA-613","Imperial County CoC",2018,2019,77.9736776756891,31.028091402804,46.9455862728851
"pooled_lasso","min",3,2019,"California","CA","CA-614","San Luis Obispo County CoC",2018,2019,52.3822811547414,38.1943421402982,14.1879390144432
"pooled_lasso","min",3,2019,"Florida","FL","FL-500","Sarasota, Bradenton/Manatee, Sarasota Counties CoC",2018,2019,13.560415534143,16.5493223448529,-2.98890681070987
"pooled_lasso","min",3,2019,"Florida","FL","FL-501","Tampa/Hillsborough County CoC",2018,2019,11.2094828148438,13.4955147189267,-2.28603190408292
"pooled_lasso","min",3,2019,"Florida","FL","FL-502","St. Petersburg, Clearwater, Largo/Pinellas County CoC",2018,2019,24.7693323870047,30.186722427535,-5.41739004053026
"pooled_lasso","min",3,2019,"Florida","FL","FL-503","Lakeland/Polk County CoC",2018,2019,7.76790654228818,10.6155988765877,-2.84769233429948
"pooled_lasso","min",3,2019,"Florida","FL","FL-504","Deltona, Daytona Beach/Volusia, Flagler Counties CoC",2018,2019,13.0916490241111,18.1767159078881,-5.08506688377705
"pooled_lasso","min",3,2019,"Florida","FL","FL-505","Fort Walton Beach/Okaloosa, Walton Counties CoC",2018,2019,14.0093887482488,27.4487552273683,-13.4393664791195
"pooled_lasso","min",3,2019,"Florida","FL","FL-506","Tallahassee/Leon County CoC",2018,2019,21.4642095164621,27.4053476909233,-5.94113817446117
"pooled_lasso","min",3,2019,"Florida","FL","FL-507","Orlando/Orange, Osceola, Seminole Counties CoC",2018,2019,8.96909410810837,2.39142776642937,6.577666341679
"pooled_lasso","min",3,2019,"Florida","FL","FL-508","Gainesville/Alachua, Putnam Counties CoC",2018,2019,17.6241379177769,28.3387948210628,-10.7146569032859
"pooled_lasso","min",3,2019,"Florida","FL","FL-509","Fort Pierce/St. Lucie, Indian River, Martin Counties CoC",2018,2019,23.0892455562059,15.3405794755846,7.74866608062132
"pooled_lasso","min",3,2019,"Florida","FL","FL-510","Jacksonville-Duval, Clay Counties CoC",2018,2019,12.9223659202211,18.1482333641875,-5.22586744396635
"pooled_lasso","min",3,2019,"Florida","FL","FL-511","Pensacola/Escambia, Santa Rosa Counties CoC",2018,2019,10.3058120402921,23.7929438809971,-13.487131840705
"pooled_lasso","min",3,2019,"Florida","FL","FL-512","St. Johns County CoC",2018,2019,13.4506105670415,16.5728443373885,-3.122233770347
"pooled_lasso","min",3,2019,"Florida","FL","FL-513","Palm Bay, Melbourne/Brevard County CoC",2018,2019,13.539510451173,17.2676198793565,-3.72810942818352
"pooled_lasso","min",3,2019,"Florida","FL","FL-514","Ocala/Marion County CoC",2018,2019,12.9930876773556,19.6622751143439,-6.66918743698826
"pooled_lasso","min",3,2019,"Florida","FL","FL-515","Panama City/Bay, Jackson Counties CoC",2018,2019,16.6012934040476,14.7773077628622,1.82398564118544
"pooled_lasso","min",3,2019,"Florida","FL","FL-517","Hendry, Hardee, Highlands Counties CoC",2018,2019,14.7867439441225,10.8487692128711,3.93797473125137
"pooled_lasso","min",3,2019,"Florida","FL","FL-519","Pasco County CoC",2018,2019,16.1387280732633,13.8175371473885,2.32119092587478
"pooled_lasso","min",3,2019,"Florida","FL","FL-520","Citrus, Hernando, Lake, Sumter Counties CoC",2018,2019,8.02974683168963,5.5020252232203,2.52772160846933
"pooled_lasso","min",3,2019,"Florida","FL","FL-600","Miami-Dade County CoC",2018,2019,12.7790823499967,17.3529138724072,-4.57383152241045
"pooled_lasso","min",3,2019,"Florida","FL","FL-601","Ft Lauderdale/Broward County CoC",2018,2019,14.353910173097,16.2508022980535,-1.89689212495652
"pooled_lasso","min",3,2019,"Florida","FL","FL-602","Charlotte County CoC",2018,2019,8.25790058758139,27.0421133873621,-18.7842127997807
"pooled_lasso","min",3,2019,"Florida","FL","FL-603","Ft Myers, Cape Coral/Lee County CoC",2018,2019,4.82755130246556,12.8177606673077,-7.99020936484212
"pooled_lasso","min",3,2019,"Florida","FL","FL-604","Monroe County CoC",2018,2019,67.4947459179824,128.422124236082,-60.9273783180995
"pooled_lasso","min",3,2019,"Florida","FL","FL-605","West Palm Beach/Palm Beach County CoC",2018,2019,9.33343132211362,9.3353598558047,-0.00192853369108192
"pooled_lasso","min",3,2019,"Florida","FL","FL-606","Naples/Collier County CoC",2018,2019,12.9383583353685,14.9575981632154,-2.01923982784688
"pooled_lasso","1se",3,2019,"California","CA","CA-500","San Jose/Santa Clara City & County CoC",2018,2019,50.3461884003544,24.7844807604767,25.5617076398777
"pooled_lasso","1se",3,2019,"California","CA","CA-501","San Francisco CoC",2018,2019,91.1463798382166,96.1655258084326,-5.01914597021596
"pooled_lasso","1se",3,2019,"California","CA","CA-502","Oakland, Berkeley/Alameda County CoC",2018,2019,47.9977311468897,24.395020420912,23.6027107259777
"pooled_lasso","1se",3,2019,"California","CA","CA-503","Sacramento City & County CoC",2018,2019,35.8298465650124,25.7122880587324,10.11755850628
"pooled_lasso","1se",3,2019,"California","CA","CA-504","Santa Rosa, Petaluma/Sonoma County CoC",2018,2019,59.6962389953392,40.7624244653761,18.9338145299631
"pooled_lasso","1se",3,2019,"California","CA","CA-505","Contra Costa County CoC",2018,2019,19.8955203437114,19.0319303095995,0.86359003411194
"pooled_lasso","1se",3,2019,"California","CA","CA-506","Salinas/Monterey, San Benito Counties CoC",2018,2019,54.4207829427877,32.0649235089685,22.3558594338192
"pooled_lasso","1se",3,2019,"California","CA","CA-507","Marin County CoC",2018,2019,39.949618662731,42.4864983435783,-2.53687968084733
"pooled_lasso","1se",3,2019,"California","CA","CA-508","Watsonville/Santa Cruz City & County CoC",2018,2019,79.3154059287076,43.960566609012,35.3548393196956
"pooled_lasso","1se",3,2019,"California","CA","CA-509","Mendocino County CoC",2018,2019,90.4909566680884,58.0638562579744,32.427100410114
"pooled_lasso","1se",3,2019,"California","CA","CA-510","Turlock, Modesto/Stanislaus County CoC",2018,2019,34.9217302872916,29.8360191200607,5.08571116723089
"pooled_lasso","1se",3,2019,"California","CA","CA-511","Stockton/San Joaquin County CoC",2018,2019,34.5208542172911,29.3483188329444,5.17253538434668
"pooled_lasso","1se",3,2019,"California","CA","CA-512","Daly City/San Mateo County CoC",2018,2019,19.7241489068882,24.1578764008552,-4.43372749396705
"pooled_lasso","1se",3,2019,"California","CA","CA-513","Visalia/Kings, Tulare Counties CoC",2018,2019,17.1852665412228,21.2650823688621,-4.07981582763931
"pooled_lasso","1se",3,2019,"California","CA","CA-514","Fresno City & County/Madera County CoC",2018,2019,21.6874721124013,19.7762459548857,1.91122615751555
"pooled_lasso","1se",3,2019,"California","CA","CA-515","Roseville, Rocklin/Placer County CoC",2018,2019,15.4897082562404,30.1266059662713,-14.6368977100309
"pooled_lasso","1se",3,2019,"California","CA","CA-516","Redding/Shasta, Siskiyou, Lassen, Plumas, Del Norte, Modoc, Sierra Counties CoC",2018,2019,43.1463232871805,30.9644489686006,12.1818743185799
"pooled_lasso","1se",3,2019,"California","CA","CA-517","Napa City & County CoC",2018,2019,23.3766988035776,33.3400339218313,-9.96333511825372
"pooled_lasso","1se",3,2019,"California","CA","CA-518","Vallejo/Solano County CoC",2018,2019,25.7124538974138,24.468353965091,1.24409993232278
"pooled_lasso","1se",3,2019,"California","CA","CA-519","Chico, Paradise/Butte County CoC",2018,2019,57.7591634502204,41.8546361188937,15.9045273313267
"pooled_lasso","1se",3,2019,"California","CA","CA-520","Merced City & County CoC",2018,2019,21.8957072889657,27.3536294153579,-5.45792212639216
"pooled_lasso","1se",3,2019,"California","CA","CA-521","Davis, Woodland/Yolo County CoC",2018,2019,29.7052154195011,31.6125451497078,-1.90732973020671
"pooled_lasso","1se",3,2019,"California","CA","CA-522","Humboldt County CoC",2018,2019,125.555112940586,44.3441551100814,81.2109578305046
"pooled_lasso","1se",3,2019,"California","CA","CA-523","Colusa, Glenn, Trinity Counties CoC",2018,2019,30.8557653676175,43.0609503871659,-12.2051850195484
"pooled_lasso","1se",3,2019,"California","CA","CA-524","Yuba City & County/Sutter County CoC",2018,2019,41.0501084611049,35.1542061808435,5.89590228026144
"pooled_lasso","1se",3,2019,"California","CA","CA-525","El Dorado County CoC",2018,2019,31.7875162697116,24.6875254498138,7.09999081989776
"pooled_lasso","1se",3,2019,"California","CA","CA-526","Amador, Calaveras, Mariposa, Tuolumne Counties CoC",2018,2019,53.7060341430551,30.2197539717554,23.4862801712997
"pooled_lasso","1se",3,2019,"California","CA","CA-527","Tehama County CoC",2018,2019,44.2505070370598,32.6618377376454,11.5886692994144
"pooled_lasso","1se",3,2019,"California","CA","CA-529","Lake County CoC",2018,2019,63.3678128785761,34.0399369204874,29.3278759580887
"pooled_lasso","1se",3,2019,"California","CA","CA-530","Alpine, Inyo, Mono Counties CoC",2018,2019,63.6677377127216,34.5477679270646,29.119969785657
"pooled_lasso","1se",3,2019,"California","CA","CA-600","Los Angeles City & County CoC",2018,2019,60.9171944236223,18.9721016609368,41.9450927626855
"pooled_lasso","1se",3,2019,"California","CA","CA-601","San Diego City and County CoC",2018,2019,24.26961983986,18.8479434786707,5.4216763611893
"pooled_lasso","1se",3,2019,"California","CA","CA-602","Santa Ana, Anaheim/Orange County CoC",2018,2019,21.6015910862892,13.3511741244229,8.2504169618663
"pooled_lasso","1se",3,2019,"California","CA","CA-603","Santa Maria/Santa Barbara County CoC",2018,2019,40.3808295203349,36.382897690136,3.99793183019893
"pooled_lasso","1se",3,2019,"California","CA","CA-604","Bakersfield/Kern County CoC",2018,2019,14.7744617319224,29.7365356898835,-14.9620739579611
"pooled_lasso","1se",3,2019,"California","CA","CA-606","Long Beach CoC",2018,2019,40.4569394131799,43.8566490836909,-3.399709670511
"pooled_lasso","1se",3,2019,"California","CA","CA-607","Pasadena CoC",2018,2019,38.5133676929631,50.4269772923194,-11.9136095993563
"pooled_lasso","1se",3,2019,"California","CA","CA-608","Riverside City & County CoC",2018,2019,11.3780516533592,11.0686960924443,0.309355560914854
"pooled_lasso","1se",3,2019,"California","CA","CA-609","San Bernardino City & County CoC",2018,2019,11.9582493343149,11.6222405085846,0.336008825730346
"pooled_lasso","1se",3,2019,"California","CA","CA-611","Oxnard, San Buenaventura/Ventura County CoC",2018,2019,19.7279924728666,18.5504543761748,1.17753809669175
"pooled_lasso","1se",3,2019,"California","CA","CA-612","Glendale CoC",2018,2019,12.4468996482166,28.6538115939565,-16.2069119457399
"pooled_lasso","1se",3,2019,"California","CA","CA-613","Imperial County CoC",2018,2019,77.9736776756891,30.5420682012433,47.4316094744458
"pooled_lasso","1se",3,2019,"California","CA","CA-614","San Luis Obispo County CoC",2018,2019,52.3822811547414,29.9024889044055,22.4797922503359
"pooled_lasso","1se",3,2019,"Florida","FL","FL-500","Sarasota, Bradenton/Manatee, Sarasota Counties CoC",2018,2019,13.560415534143,16.1220213189193,-2.56160578477634
"pooled_lasso","1se",3,2019,"Florida","FL","FL-501","Tampa/Hillsborough County CoC",2018,2019,11.2094828148438,14.375257856477,-3.16577504163318
"pooled_lasso","1se",3,2019,"Florida","FL","FL-502","St. Petersburg, Clearwater, Largo/Pinellas County CoC",2018,2019,24.7693323870047,27.9302022912138,-3.16086990420908
"pooled_lasso","1se",3,2019,"Florida","FL","FL-503","Lakeland/Polk County CoC",2018,2019,7.76790654228818,14.2082424312248,-6.44033588893665
"pooled_lasso","1se",3,2019,"Florida","FL","FL-504","Deltona, Daytona Beach/Volusia, Flagler Counties CoC",2018,2019,13.0916490241111,14.7352311005238,-1.64358207641267
"pooled_lasso","1se",3,2019,"Florida","FL","FL-505","Fort Walton Beach/Okaloosa, Walton Counties CoC",2018,2019,14.0093887482488,20.5542848774749,-6.54489612922609
"pooled_lasso","1se",3,2019,"Florida","FL","FL-506","Tallahassee/Leon County CoC",2018,2019,21.4642095164621,25.6456698451066,-4.1814603286445
"pooled_lasso","1se",3,2019,"Florida","FL","FL-507","Orlando/Orange, Osceola, Seminole Counties CoC",2018,2019,8.96909410810837,9.29722146597965,-0.328127357871283
"pooled_lasso","1se",3,2019,"Florida","FL","FL-508","Gainesville/Alachua, Putnam Counties CoC",2018,2019,17.6241379177769,25.0446325607991,-7.42049464302217
"pooled_lasso","1se",3,2019,"Florida","FL","FL-509","Fort Pierce/St. Lucie, Indian River, Martin Counties CoC",2018,2019,23.0892455562059,12.849740264473,10.2395052917329
"pooled_lasso","1se",3,2019,"Florida","FL","FL-510","Jacksonville-Duval, Clay Counties CoC",2018,2019,12.9223659202211,17.0971042756472,-4.1747383554261
"pooled_lasso","1se",3,2019,"Florida","FL","FL-511","Pensacola/Escambia, Santa Rosa Counties CoC",2018,2019,10.3058120402921,21.6427944294795,-11.3369823891874
"pooled_lasso","1se",3,2019,"Florida","FL","FL-512","St. Johns County CoC",2018,2019,13.4506105670415,17.9954844773556,-4.54487391031414
"pooled_lasso","1se",3,2019,"Florida","FL","FL-513","Palm Bay, Melbourne/Brevard County CoC",2018,2019,13.539510451173,16.778734474681,-3.23922402350797
"pooled_lasso","1se",3,2019,"Florida","FL","FL-514","Ocala/Marion County CoC",2018,2019,12.9930876773556,19.4585601989736,-6.46547252161803
"pooled_lasso","1se",3,2019,"Florida","FL","FL-515","Panama City/Bay, Jackson Counties CoC",2018,2019,16.6012934040476,16.1104295297527,0.490863874294877
"pooled_lasso","1se",3,2019,"Florida","FL","FL-517","Hendry, Hardee, Highlands Counties CoC",2018,2019,14.7867439441225,15.8080773514612,-1.02133340733873
"pooled_lasso","1se",3,2019,"Florida","FL","FL-519","Pasco County CoC",2018,2019,16.1387280732633,14.2444037238043,1.89432434945897
"pooled_lasso","1se",3,2019,"Florida","FL","FL-520","Citrus, Hernando, Lake, Sumter Counties CoC",2018,2019,8.02974683168963,9.37497357693799,-1.34522674524836
"pooled_lasso","1se",3,2019,"Florida","FL","FL-600","Miami-Dade County CoC",2018,2019,12.7790823499967,14.5063646417267,-1.72728229173002
"pooled_lasso","1se",3,2019,"Florida","FL","FL-601","Ft Lauderdale/Broward County CoC",2018,2019,14.353910173097,12.2999268730353,2.05398330006174
"pooled_lasso","1se",3,2019,"Florida","FL","FL-602","Charlotte County CoC",2018,2019,8.25790058758139,21.2913106944428,-13.0334101068614
"pooled_lasso","1se",3,2019,"Florida","FL","FL-603","Ft Myers, Cape Coral/Lee County CoC",2018,2019,4.82755130246556,12.1264013063391,-7.2988500038735
"pooled_lasso","1se",3,2019,"Florida","FL","FL-604","Monroe County CoC",2018,2019,67.4947459179824,116.387378612158,-48.8926326941761
"pooled_lasso","1se",3,2019,"Florida","FL","FL-605","West Palm Beach/Palm Beach County CoC",2018,2019,9.33343132211362,8.17926195162939,1.15416937048423
"pooled_lasso","1se",3,2019,"Florida","FL","FL-606","Naples/Collier County CoC",2018,2019,12.9383583353685,18.3356692396344,-5.39731090426592
"pooled_lasso_state_interactions","min",3,2019,"California","CA","CA-500","San Jose/Santa Clara City & County CoC",2018,2019,50.3461884003544,29.3298410874919,21.0163473128625
"pooled_lasso_state_interactions","min",3,2019,"California","CA","CA-501","San Francisco CoC",2018,2019,91.1463798382166,115.068096525732,-23.9217166875152
"pooled_lasso_state_interactions","min",3,2019,"California","CA","CA-502","Oakland, Berkeley/Alameda County CoC",2018,2019,47.9977311468897,24.7359818701764,23.2617492767133
"pooled_lasso_state_interactions","min",3,2019,"California","CA","CA-503","Sacramento City & County CoC",2018,2019,35.8298465650124,30.4682112186714,5.36163534634098
"pooled_lasso_state_interactions","min",3,2019,"California","CA","CA-504","Santa Rosa, Petaluma/Sonoma County CoC",2018,2019,59.6962389953392,58.0797428201917,1.6164961751475
"pooled_lasso_state_interactions","min",3,2019,"California","CA","CA-505","Contra Costa County CoC",2018,2019,19.8955203437114,16.9655327547633,2.92998758894805
"pooled_lasso_state_interactions","min",3,2019,"California","CA","CA-506","Salinas/Monterey, San Benito Counties CoC",2018,2019,54.4207829427877,41.2407921367165,13.1799908060712
"pooled_lasso_state_interactions","min",3,2019,"California","CA","CA-507","Marin County CoC",2018,2019,39.949618662731,57.8944979914359,-17.9448793287049
"pooled_lasso_state_interactions","min",3,2019,"California","CA","CA-508","Watsonville/Santa Cruz City & County CoC",2018,2019,79.3154059287076,63.3155491327885,15.9998567959191
"pooled_lasso_state_interactions","min",3,2019,"California","CA","CA-509","Mendocino County CoC",2018,2019,90.4909566680884,86.1320436355376,4.35891303255084
"pooled_lasso_state_interactions","min",3,2019,"California","CA","CA-510","Turlock, Modesto/Stanislaus County CoC",2018,2019,34.9217302872916,34.4956279564219,0.426102330869703
"pooled_lasso_state_interactions","min",3,2019,"California","CA","CA-511","Stockton/San Joaquin County CoC",2018,2019,34.5208542172911,32.2707329940627,2.25012122322841
"pooled_lasso_state_interactions","min",3,2019,"California","CA","CA-512","Daly City/San Mateo County CoC",2018,2019,19.7241489068882,22.2092995476112,-2.485150640723
"pooled_lasso_state_interactions","min",3,2019,"California","CA","CA-513","Visalia/Kings, Tulare Counties CoC",2018,2019,17.1852665412228,20.4341695265739,-3.24890298535108
"pooled_lasso_state_interactions","min",3,2019,"California","CA","CA-514","Fresno City & County/Madera County CoC",2018,2019,21.6874721124013,22.537999804382,-0.850527691980655
"pooled_lasso_state_interactions","min",3,2019,"California","CA","CA-515","Roseville, Rocklin/Placer County CoC",2018,2019,15.4897082562404,27.1482161367817,-11.6585078805413
"pooled_lasso_state_interactions","min",3,2019,"California","CA","CA-516","Redding/Shasta, Siskiyou, Lassen, Plumas, Del Norte, Modoc, Sierra Counties CoC",2018,2019,43.1463232871805,28.0643253699628,15.0819979172177
"pooled_lasso_state_interactions","min",3,2019,"California","CA","CA-517","Napa City & County CoC",2018,2019,23.3766988035776,37.6689889461253,-14.2922901425477
"pooled_lasso_state_interactions","min",3,2019,"California","CA","CA-518","Vallejo/Solano County CoC",2018,2019,25.7124538974138,29.0738902729244,-3.36143637551064
"pooled_lasso_state_interactions","min",3,2019,"California","CA","CA-519","Chico, Paradise/Butte County CoC",2018,2019,57.7591634502204,52.9557174646609,4.80344598555955
"pooled_lasso_state_interactions","min",3,2019,"California","CA","CA-520","Merced City & County CoC",2018,2019,21.8957072889657,25.6625262750537,-3.76681898608798
"pooled_lasso_state_interactions","min",3,2019,"California","CA","CA-521","Davis, Woodland/Yolo County CoC",2018,2019,29.7052154195011,29.8972356741903,-0.192020254689236
"pooled_lasso_state_interactions","min",3,2019,"California","CA","CA-522","Humboldt County CoC",2018,2019,125.555112940586,55.0614398238455,70.4936731167405
"pooled_lasso_state_interactions","min",3,2019,"California","CA","CA-523","Colusa, Glenn, Trinity Counties CoC",2018,2019,30.8557653676175,41.1340789354445,-10.278313567827
"pooled_lasso_state_interactions","min",3,2019,"California","CA","CA-524","Yuba City & County/Sutter County CoC",2018,2019,41.0501084611049,34.0253646586845,7.02474380242035
"pooled_lasso_state_interactions","min",3,2019,"California","CA","CA-525","El Dorado County CoC",2018,2019,31.7875162697116,19.6354783775982,12.1520378921134
"pooled_lasso_state_interactions","min",3,2019,"California","CA","CA-526","Amador, Calaveras, Mariposa, Tuolumne Counties CoC",2018,2019,53.7060341430551,25.7262850026021,27.979749140453
"pooled_lasso_state_interactions","min",3,2019,"California","CA","CA-527","Tehama County CoC",2018,2019,44.2505070370598,35.3547878511187,8.89571918594105
"pooled_lasso_state_interactions","min",3,2019,"California","CA","CA-529","Lake County CoC",2018,2019,63.3678128785761,34.7183653397353,28.6494475388408
"pooled_lasso_state_interactions","min",3,2019,"California","CA","CA-530","Alpine, Inyo, Mono Counties CoC",2018,2019,63.6677377127216,29.3653173975389,34.3024203151827
"pooled_lasso_state_interactions","min",3,2019,"California","CA","CA-600","Los Angeles City & County CoC",2018,2019,60.9171944236223,31.4398110193257,29.4773834042966
"pooled_lasso_state_interactions","min",3,2019,"California","CA","CA-601","San Diego City and County CoC",2018,2019,24.26961983986,27.5343190704653,-3.26469923060528
"pooled_lasso_state_interactions","min",3,2019,"California","CA","CA-602","Santa Ana, Anaheim/Orange County CoC",2018,2019,21.6015910862892,8.39994803638962,13.2016430498996
"pooled_lasso_state_interactions","min",3,2019,"California","CA","CA-603","Santa Maria/Santa Barbara County CoC",2018,2019,40.3808295203349,50.023270078385,-9.64244055805011
"pooled_lasso_state_interactions","min",3,2019,"California","CA","CA-604","Bakersfield/Kern County CoC",2018,2019,14.7744617319224,40.6281236065775,-25.8536618746551
"pooled_lasso_state_interactions","min",3,2019,"California","CA","CA-606","Long Beach CoC",2018,2019,40.4569394131799,51.8866068136663,-11.4296674004864
"pooled_lasso_state_interactions","min",3,2019,"California","CA","CA-607","Pasadena CoC",2018,2019,38.5133676929631,67.1036584642595,-28.5902907712964
"pooled_lasso_state_interactions","min",3,2019,"California","CA","CA-608","Riverside City & County CoC",2018,2019,11.3780516533592,13.152378291963,-1.77432663860385
"pooled_lasso_state_interactions","min",3,2019,"California","CA","CA-609","San Bernardino City & County CoC",2018,2019,11.9582493343149,15.0435909833777,-3.08534164906283
"pooled_lasso_state_interactions","min",3,2019,"California","CA","CA-611","Oxnard, San Buenaventura/Ventura County CoC",2018,2019,19.7279924728666,23.9665123440598,-4.23851987119319
"pooled_lasso_state_interactions","min",3,2019,"California","CA","CA-612","Glendale CoC",2018,2019,12.4468996482166,25.1878217296939,-12.7409220814773
"pooled_lasso_state_interactions","min",3,2019,"California","CA","CA-613","Imperial County CoC",2018,2019,77.9736776756891,30.2289400839727,47.7447375917164
"pooled_lasso_state_interactions","min",3,2019,"California","CA","CA-614","San Luis Obispo County CoC",2018,2019,52.3822811547414,38.6050858527675,13.7771953019739
"pooled_lasso_state_interactions","min",3,2019,"Florida","FL","FL-500","Sarasota, Bradenton/Manatee, Sarasota Counties CoC",2018,2019,13.560415534143,18.938608095303,-5.37819256116002
"pooled_lasso_state_interactions","min",3,2019,"Florida","FL","FL-501","Tampa/Hillsborough County CoC",2018,2019,11.2094828148438,13.5190312958419,-2.30954848099805
"pooled_lasso_state_interactions","min",3,2019,"Florida","FL","FL-502","St. Petersburg, Clearwater, Largo/Pinellas County CoC",2018,2019,24.7693323870047,26.5173076930301,-1.74797530602537
"pooled_lasso_state_interactions","min",3,2019,"Florida","FL","FL-503","Lakeland/Polk County CoC",2018,2019,7.76790654228818,9.2806419285713,-1.51273538628312
"pooled_lasso_state_interactions","min",3,2019,"Florida","FL","FL-504","Deltona, Daytona Beach/Volusia, Flagler Counties CoC",2018,2019,13.0916490241111,20.0525576894033,-6.96090866529215
"pooled_lasso_state_interactions","min",3,2019,"Florida","FL","FL-505","Fort Walton Beach/Okaloosa, Walton Counties CoC",2018,2019,14.0093887482488,31.4655580697422,-17.4561693214934
"pooled_lasso_state_interactions","min",3,2019,"Florida","FL","FL-506","Tallahassee/Leon County CoC",2018,2019,21.4642095164621,22.8076502867219,-1.34344077025979
"pooled_lasso_state_interactions","min",3,2019,"Florida","FL","FL-507","Orlando/Orange, Osceola, Seminole Counties CoC",2018,2019,8.96909410810837,2.46307695621092,6.50601715189745
"pooled_lasso_state_interactions","min",3,2019,"Florida","FL","FL-508","Gainesville/Alachua, Putnam Counties CoC",2018,2019,17.6241379177769,23.1713368032351,-5.54719888545816
"pooled_lasso_state_interactions","min",3,2019,"Florida","FL","FL-509","Fort Pierce/St. Lucie, Indian River, Martin Counties CoC",2018,2019,23.0892455562059,20.6791788320793,2.41006672412662
"pooled_lasso_state_interactions","min",3,2019,"Florida","FL","FL-510","Jacksonville-Duval, Clay Counties CoC",2018,2019,12.9223659202211,14.5177746836761,-1.59540876345503
"pooled_lasso_state_interactions","min",3,2019,"Florida","FL","FL-511","Pensacola/Escambia, Santa Rosa Counties CoC",2018,2019,10.3058120402921,20.2301590990637,-9.92434705877162
"pooled_lasso_state_interactions","min",3,2019,"Florida","FL","FL-512","St. Johns County CoC",2018,2019,13.4506105670415,26.2723654889746,-12.8217549219331
"pooled_lasso_state_interactions","min",3,2019,"Florida","FL","FL-513","Palm Bay, Melbourne/Brevard County CoC",2018,2019,13.539510451173,19.2775939641192,-5.7380835129462
"pooled_lasso_state_interactions","min",3,2019,"Florida","FL","FL-514","Ocala/Marion County CoC",2018,2019,12.9930876773556,20.6962654529951,-7.7031777756395
"pooled_lasso_state_interactions","min",3,2019,"Florida","FL","FL-515","Panama City/Bay, Jackson Counties CoC",2018,2019,16.6012934040476,14.9372151986821,1.66407820536554
"pooled_lasso_state_interactions","min",3,2019,"Florida","FL","FL-517","Hendry, Hardee, Highlands Counties CoC",2018,2019,14.7867439441225,13.48233378342,1.30441016070249
"pooled_lasso_state_interactions","min",3,2019,"Florida","FL","FL-519","Pasco County CoC",2018,2019,16.1387280732633,13.6960341975467,2.4426938757166
"pooled_lasso_state_interactions","min",3,2019,"Florida","FL","FL-520","Citrus, Hernando, Lake, Sumter Counties CoC",2018,2019,8.02974683168963,8.21883071636098,-0.189083884671346
"pooled_lasso_state_interactions","min",3,2019,"Florida","FL","FL-600","Miami-Dade County CoC",2018,2019,12.7790823499967,18.5307251754185,-5.75164282542181
"pooled_lasso_state_interactions","min",3,2019,"Florida","FL","FL-601","Ft Lauderdale/Broward County CoC",2018,2019,14.353910173097,16.160791948765,-1.80688177566797
"pooled_lasso_state_interactions","min",3,2019,"Florida","FL","FL-602","Charlotte County CoC",2018,2019,8.25790058758139,33.8977005309673,-25.6397999433859
"pooled_lasso_state_interactions","min",3,2019,"Florida","FL","FL-603","Ft Myers, Cape Coral/Lee County CoC",2018,2019,4.82755130246556,16.0936836487669,-11.2661323463013
"pooled_lasso_state_interactions","min",3,2019,"Florida","FL","FL-604","Monroe County CoC",2018,2019,67.4947459179824,125.526034450412,-58.0312885324291
"pooled_lasso_state_interactions","min",3,2019,"Florida","FL","FL-605","West Palm Beach/Palm Beach County CoC",2018,2019,9.33343132211362,10.1415329444966,-0.80810162238293
"pooled_lasso_state_interactions","min",3,2019,"Florida","FL","FL-606","Naples/Collier County CoC",2018,2019,12.9383583353685,20.4936207107786,-7.55526237541007
"pooled_lasso_state_interactions","1se",3,2019,"California","CA","CA-500","San Jose/Santa Clara City & County CoC",2018,2019,50.3461884003544,25.2587684241137,25.0874199762407
"pooled_lasso_state_interactions","1se",3,2019,"California","CA","CA-501","San Francisco CoC",2018,2019,91.1463798382166,111.361107308073,-20.214727469856
"pooled_lasso_state_interactions","1se",3,2019,"California","CA","CA-502","Oakland, Berkeley/Alameda County CoC",2018,2019,47.9977311468897,23.1078226457621,24.8899085011276
"pooled_lasso_state_interactions","1se",3,2019,"California","CA","CA-503","Sacramento City & County CoC",2018,2019,35.8298465650124,28.8299970004544,6.99984956455805
"pooled_lasso_state_interactions","1se",3,2019,"California","CA","CA-504","Santa Rosa, Petaluma/Sonoma County CoC",2018,2019,59.6962389953392,48.8322206844192,10.86401831092
"pooled_lasso_state_interactions","1se",3,2019,"California","CA","CA-505","Contra Costa County CoC",2018,2019,19.8955203437114,17.8256236984787,2.06989664523266
"pooled_lasso_state_interactions","1se",3,2019,"California","CA","CA-506","Salinas/Monterey, San Benito Counties CoC",2018,2019,54.4207829427877,35.1410163524036,19.2797665903841
"pooled_lasso_state_interactions","1se",3,2019,"California","CA","CA-507","Marin County CoC",2018,2019,39.949618662731,51.6305650601384,-11.6809463974074
"pooled_lasso_state_interactions","1se",3,2019,"California","CA","CA-508","Watsonville/Santa Cruz City & County CoC",2018,2019,79.3154059287076,53.8758347678846,25.439571160823
"pooled_lasso_state_interactions","1se",3,2019,"California","CA","CA-509","Mendocino County CoC",2018,2019,90.4909566680884,74.0083479746996,16.4826086933888
"pooled_lasso_state_interactions","1se",3,2019,"California","CA","CA-510","Turlock, Modesto/Stanislaus County CoC",2018,2019,34.9217302872916,32.6307397913278,2.29099049596383
"pooled_lasso_state_interactions","1se",3,2019,"California","CA","CA-511","Stockton/San Joaquin County CoC",2018,2019,34.5208542172911,30.7311087307399,3.78974548655122
"pooled_lasso_state_interactions","1se",3,2019,"California","CA","CA-512","Daly City/San Mateo County CoC",2018,2019,19.7241489068882,21.5245540773399,-1.80040517045169
"pooled_lasso_state_interactions","1se",3,2019,"California","CA","CA-513","Visalia/Kings, Tulare Counties CoC",2018,2019,17.1852665412228,22.5403096142347,-5.35504307301186
"pooled_lasso_state_interactions","1se",3,2019,"California","CA","CA-514","Fresno City & County/Madera County CoC",2018,2019,21.6874721124013,23.2924102403653,-1.60493812796402
"pooled_lasso_state_interactions","1se",3,2019,"California","CA","CA-515","Roseville, Rocklin/Placer County CoC",2018,2019,15.4897082562404,29.8349229478112,-14.3452146915708
"pooled_lasso_state_interactions","1se",3,2019,"California","CA","CA-516","Redding/Shasta, Siskiyou, Lassen, Plumas, Del Norte, Modoc, Sierra Counties CoC",2018,2019,43.1463232871805,29.6109945312516,13.5353287559289
"pooled_lasso_state_interactions","1se",3,2019,"California","CA","CA-517","Napa City & County CoC",2018,2019,23.3766988035776,35.7127511383076,-12.33605233473
"pooled_lasso_state_interactions","1se",3,2019,"California","CA","CA-518","Vallejo/Solano County CoC",2018,2019,25.7124538974138,26.6529235151716,-0.94046961775782
"pooled_lasso_state_interactions","1se",3,2019,"California","CA","CA-519","Chico, Paradise/Butte County CoC",2018,2019,57.7591634502204,48.6911563352431,9.06800711497726
"pooled_lasso_state_interactions","1se",3,2019,"California","CA","CA-520","Merced City & County CoC",2018,2019,21.8957072889657,28.8967688071757,-7.00106151821004
"pooled_lasso_state_interactions","1se",3,2019,"California","CA","CA-521","Davis, Woodland/Yolo County CoC",2018,2019,29.7052154195011,31.2092326157256,-1.50401719622452
"pooled_lasso_state_interactions","1se",3,2019,"California","CA","CA-522","Humboldt County CoC",2018,2019,125.555112940586,47.7304793753277,77.8246335652583
"pooled_lasso_state_interactions","1se",3,2019,"California","CA","CA-523","Colusa, Glenn, Trinity Counties CoC",2018,2019,30.8557653676175,43.6942852379903,-12.8385198703728
"pooled_lasso_state_interactions","1se",3,2019,"California","CA","CA-524","Yuba City & County/Sutter County CoC",2018,2019,41.0501084611049,34.3785160198066,6.67159244129834
"pooled_lasso_state_interactions","1se",3,2019,"California","CA","CA-525","El Dorado County CoC",2018,2019,31.7875162697116,23.7154288335647,8.07208743614692
"pooled_lasso_state_interactions","1se",3,2019,"California","CA","CA-526","Amador, Calaveras, Mariposa, Tuolumne Counties CoC",2018,2019,53.7060341430551,29.2725141970281,24.433519946027
"pooled_lasso_state_interactions","1se",3,2019,"California","CA","CA-527","Tehama County CoC",2018,2019,44.2505070370598,34.967744101674,9.28276293538584
"pooled_lasso_state_interactions","1se",3,2019,"California","CA","CA-529","Lake County CoC",2018,2019,63.3678128785761,36.130568287781,27.2372445907951
"pooled_lasso_state_interactions","1se",3,2019,"California","CA","CA-530","Alpine, Inyo, Mono Counties CoC",2018,2019,63.6677377127216,32.5992992685819,31.0684384441398
"pooled_lasso_state_interactions","1se",3,2019,"California","CA","CA-600","Los Angeles City & County CoC",2018,2019,60.9171944236223,22.6723951942465,38.2447992293758
"pooled_lasso_state_interactions","1se",3,2019,"California","CA","CA-601","San Diego City and County CoC",2018,2019,24.26961983986,21.3547214794296,2.91489836043041
"pooled_lasso_state_interactions","1se",3,2019,"California","CA","CA-602","Santa Ana, Anaheim/Orange County CoC",2018,2019,21.6015910862892,8.55428775114936,13.0473033351398
"pooled_lasso_state_interactions","1se",3,2019,"California","CA","CA-603","Santa Maria/Santa Barbara County CoC",2018,2019,40.3808295203349,42.1128170266954,-1.73198750636054
"pooled_lasso_state_interactions","1se",3,2019,"California","CA","CA-604","Bakersfield/Kern County CoC",2018,2019,14.7744617319224,38.7797135068304,-24.005251774908
"pooled_lasso_state_interactions","1se",3,2019,"California","CA","CA-606","Long Beach CoC",2018,2019,40.4569394131799,46.4209419209712,-5.96400250779132
"pooled_lasso_state_interactions","1se",3,2019,"California","CA","CA-607","Pasadena CoC",2018,2019,38.5133676929631,58.1519347368281,-19.638567043865
"pooled_lasso_state_interactions","1se",3,2019,"California","CA","CA-608","Riverside City & County CoC",2018,2019,11.3780516533592,12.5772065113375,-1.19915485797825
"pooled_lasso_state_interactions","1se",3,2019,"California","CA","CA-609","San Bernardino City & County CoC",2018,2019,11.9582493343149,13.4539153094528,-1.4956659751379
"pooled_lasso_state_interactions","1se",3,2019,"California","CA","CA-611","Oxnard, San Buenaventura/Ventura County CoC",2018,2019,19.7279924728666,20.8933047733806,-1.16531230051399
"pooled_lasso_state_interactions","1se",3,2019,"California","CA","CA-612","Glendale CoC",2018,2019,12.4468996482166,24.4841755746739,-12.0372759264573
"pooled_lasso_state_interactions","1se",3,2019,"California","CA","CA-613","Imperial County CoC",2018,2019,77.9736776756891,31.7644390975472,46.2092385781419
"pooled_lasso_state_interactions","1se",3,2019,"California","CA","CA-614","San Luis Obispo County CoC",2018,2019,52.3822811547414,35.343705701125,17.0385754536164
"pooled_lasso_state_interactions","1se",3,2019,"Florida","FL","FL-500","Sarasota, Bradenton/Manatee, Sarasota Counties CoC",2018,2019,13.560415534143,16.8154781835354,-3.25506264939238
"pooled_lasso_state_interactions","1se",3,2019,"Florida","FL","FL-501","Tampa/Hillsborough County CoC",2018,2019,11.2094828148438,13.5845347128068,-2.37505189796299
"pooled_lasso_state_interactions","1se",3,2019,"Florida","FL","FL-502","St. Petersburg, Clearwater, Largo/Pinellas County CoC",2018,2019,24.7693323870047,29.9972740624428,-5.22794167543806
"pooled_lasso_state_interactions","1se",3,2019,"Florida","FL","FL-503","Lakeland/Polk County CoC",2018,2019,7.76790654228818,10.7507353194763,-2.9828287771881
"pooled_lasso_state_interactions","1se",3,2019,"Florida","FL","FL-504","Deltona, Daytona Beach/Volusia, Flagler Counties CoC",2018,2019,13.0916490241111,16.6639634428807,-3.57231441876964
"pooled_lasso_state_interactions","1se",3,2019,"Florida","FL","FL-505","Fort Walton Beach/Okaloosa, Walton Counties CoC",2018,2019,14.0093887482488,25.4414522097807,-11.4320634615319
"pooled_lasso_state_interactions","1se",3,2019,"Florida","FL","FL-506","Tallahassee/Leon County CoC",2018,2019,21.4642095164621,25.8435075816129,-4.37929806515083
"pooled_lasso_state_interactions","1se",3,2019,"Florida","FL","FL-507","Orlando/Orange, Osceola, Seminole Counties CoC",2018,2019,8.96909410810837,3.04977701930706,5.91931708880131
"pooled_lasso_state_interactions","1se",3,2019,"Florida","FL","FL-508","Gainesville/Alachua, Putnam Counties CoC",2018,2019,17.6241379177769,27.5596608006843,-9.9355228829074
"pooled_lasso_state_interactions","1se",3,2019,"Florida","FL","FL-509","Fort Pierce/St. Lucie, Indian River, Martin Counties CoC",2018,2019,23.0892455562059,15.4865852830179,7.60266027318797
"pooled_lasso_state_interactions","1se",3,2019,"Florida","FL","FL-510","Jacksonville-Duval, Clay Counties CoC",2018,2019,12.9223659202211,15.3777315272249,-2.45536560700377
"pooled_lasso_state_interactions","1se",3,2019,"Florida","FL","FL-511","Pensacola/Escambia, Santa Rosa Counties CoC",2018,2019,10.3058120402921,22.288279367757,-11.9824673274649
"pooled_lasso_state_interactions","1se",3,2019,"Florida","FL","FL-512","St. Johns County CoC",2018,2019,13.4506105670415,17.1727335569269,-3.72212298988538
"pooled_lasso_state_interactions","1se",3,2019,"Florida","FL","FL-513","Palm Bay, Melbourne/Brevard County CoC",2018,2019,13.539510451173,17.1619961081387,-3.62248565696566
"pooled_lasso_state_interactions","1se",3,2019,"Florida","FL","FL-514","Ocala/Marion County CoC",2018,2019,12.9930876773556,19.3166359593337,-6.32354828197813
"pooled_lasso_state_interactions","1se",3,2019,"Florida","FL","FL-515","Panama City/Bay, Jackson Counties CoC",2018,2019,16.6012934040476,15.2547751003001,1.34651830374755
"pooled_lasso_state_interactions","1se",3,2019,"Florida","FL","FL-517","Hendry, Hardee, Highlands Counties CoC",2018,2019,14.7867439441225,13.112350661101,1.67439328302146
"pooled_lasso_state_interactions","1se",3,2019,"Florida","FL","FL-519","Pasco County CoC",2018,2019,16.1387280732633,13.7679206553411,2.37080741792222
"pooled_lasso_state_interactions","1se",3,2019,"Florida","FL","FL-520","Citrus, Hernando, Lake, Sumter Counties CoC",2018,2019,8.02974683168963,6.85631414700507,1.17343268468456
"pooled_lasso_state_interactions","1se",3,2019,"Florida","FL","FL-600","Miami-Dade County CoC",2018,2019,12.7790823499967,15.4477512545644,-2.66866890456767
"pooled_lasso_state_interactions","1se",3,2019,"Florida","FL","FL-601","Ft Lauderdale/Broward County CoC",2018,2019,14.353910173097,14.0669073105823,0.287002862514665
"pooled_lasso_state_interactions","1se",3,2019,"Florida","FL","FL-602","Charlotte County CoC",2018,2019,8.25790058758139,24.5796316519925,-16.3217310644111
"pooled_lasso_state_interactions","1se",3,2019,"Florida","FL","FL-603","Ft Myers, Cape Coral/Lee County CoC",2018,2019,4.82755130246556,12.5200353779824,-7.69248407551686
"pooled_lasso_state_interactions","1se",3,2019,"Florida","FL","FL-604","Monroe County CoC",2018,2019,67.4947459179824,127.038192787326,-59.5434468693438
"pooled_lasso_state_interactions","1se",3,2019,"Florida","FL","FL-605","West Palm Beach/Palm Beach County CoC",2018,2019,9.33343132211362,9.33132016041348,0.00211116170014058
"pooled_lasso_state_interactions","1se",3,2019,"Florida","FL","FL-606","Naples/Collier County CoC",2018,2019,12.9383583353685,16.3107293038512,-3.37237096848273
"separate_lasso_CA","min",3,2019,"California","CA","CA-500","San Jose/Santa Clara City & County CoC",2018,2019,50.3461884003544,26.3404784422251,24.0057099581293
"separate_lasso_CA","min",3,2019,"California","CA","CA-501","San Francisco CoC",2018,2019,91.1463798382166,108.120174511967,-16.97379467375
"separate_lasso_CA","min",3,2019,"California","CA","CA-502","Oakland, Berkeley/Alameda County CoC",2018,2019,47.9977311468897,24.6787330722143,23.3189980746754
"separate_lasso_CA","min",3,2019,"California","CA","CA-503","Sacramento City & County CoC",2018,2019,35.8298465650124,30.7341091968413,5.09573736817114
"separate_lasso_CA","min",3,2019,"California","CA","CA-504","Santa Rosa, Petaluma/Sonoma County CoC",2018,2019,59.6962389953392,55.8239637674188,3.87227522792043
"separate_lasso_CA","min",3,2019,"California","CA","CA-505","Contra Costa County CoC",2018,2019,19.8955203437114,15.1900109361976,4.70550940751382
"separate_lasso_CA","min",3,2019,"California","CA","CA-506","Salinas/Monterey, San Benito Counties CoC",2018,2019,54.4207829427877,41.331720777437,13.0890621653507
"separate_lasso_CA","min",3,2019,"California","CA","CA-507","Marin County CoC",2018,2019,39.949618662731,60.5989548285368,-20.6493361658058
"separate_lasso_CA","min",3,2019,"California","CA","CA-508","Watsonville/Santa Cruz City & County CoC",2018,2019,79.3154059287076,66.2547432972818,13.0606626314258
"separate_lasso_CA","min",3,2019,"California","CA","CA-509","Mendocino County CoC",2018,2019,90.4909566680884,87.0214593710956,3.46949729699277
"separate_lasso_CA","min",3,2019,"California","CA","CA-510","Turlock, Modesto/Stanislaus County CoC",2018,2019,34.9217302872916,32.4883496103121,2.43338067697955
"separate_lasso_CA","min",3,2019,"California","CA","CA-511","Stockton/San Joaquin County CoC",2018,2019,34.5208542172911,31.9277845498567,2.59306966743441
"separate_lasso_CA","min",3,2019,"California","CA","CA-512","Daly City/San Mateo County CoC",2018,2019,19.7241489068882,21.5541100298189,-1.8299611229307
"separate_lasso_CA","min",3,2019,"California","CA","CA-513","Visalia/Kings, Tulare Counties CoC",2018,2019,17.1852665412228,17.7207918269667,-0.535525285743915
"separate_lasso_CA","min",3,2019,"California","CA","CA-514","Fresno City & County/Madera County CoC",2018,2019,21.6874721124013,20.7840888220012,0.9033832904001
"separate_lasso_CA","min",3,2019,"California","CA","CA-515","Roseville, Rocklin/Placer County CoC",2018,2019,15.4897082562404,27.9362796514826,-12.4465713952422
"separate_lasso_CA","min",3,2019,"California","CA","CA-516","Redding/Shasta, Siskiyou, Lassen, Plumas, Del Norte, Modoc, Sierra Counties CoC",2018,2019,43.1463232871805,31.2306962294311,11.9156270577494
"separate_lasso_CA","min",3,2019,"California","CA","CA-517","Napa City & County CoC",2018,2019,23.3766988035776,33.5196839668375,-10.1429851632599
"separate_lasso_CA","min",3,2019,"California","CA","CA-518","Vallejo/Solano County CoC",2018,2019,25.7124538974138,25.2161004294296,0.496353467984207
"separate_lasso_CA","min",3,2019,"California","CA","CA-519","Chico, Paradise/Butte County CoC",2018,2019,57.7591634502204,57.2892541197495,0.469909330470912
"separate_lasso_CA","min",3,2019,"California","CA","CA-520","Merced City & County CoC",2018,2019,21.8957072889657,21.968503642481,-0.0727963535152796
"separate_lasso_CA","min",3,2019,"California","CA","CA-521","Davis, Woodland/Yolo County CoC",2018,2019,29.7052154195011,31.524514093944,-1.81929867444294
"separate_lasso_CA","min",3,2019,"California","CA","CA-522","Humboldt County CoC",2018,2019,125.555112940586,65.6280549977826,59.9270579428034
"separate_lasso_CA","min",3,2019,"California","CA","CA-523","Colusa, Glenn, Trinity Counties CoC",2018,2019,30.8557653676175,39.5475362749033,-8.69177090728578
"separate_lasso_CA","min",3,2019,"California","CA","CA-524","Yuba City & County/Sutter County CoC",2018,2019,41.0501084611049,31.6547750230495,9.39533343805542
"separate_lasso_CA","min",3,2019,"California","CA","CA-525","El Dorado County CoC",2018,2019,31.7875162697116,19.2487936637226,12.538722605989
"separate_lasso_CA","min",3,2019,"California","CA","CA-526","Amador, Calaveras, Mariposa, Tuolumne Counties CoC",2018,2019,53.7060341430551,30.9460066038134,22.7600275392417
"separate_lasso_CA","min",3,2019,"California","CA","CA-527","Tehama County CoC",2018,2019,44.2505070370598,33.3307201243862,10.9197869126736
"separate_lasso_CA","min",3,2019,"California","CA","CA-529","Lake County CoC",2018,2019,63.3678128785761,41.3406656438716,22.0271472347045
"separate_lasso_CA","min",3,2019,"California","CA","CA-530","Alpine, Inyo, Mono Counties CoC",2018,2019,63.6677377127216,33.7907809483633,29.8769567643583
"separate_lasso_CA","min",3,2019,"California","CA","CA-600","Los Angeles City & County CoC",2018,2019,60.9171944236223,42.743707923668,18.1734864999543
"separate_lasso_CA","min",3,2019,"California","CA","CA-601","San Diego City and County CoC",2018,2019,24.26961983986,33.7384387430922,-9.46881890323219
"separate_lasso_CA","min",3,2019,"California","CA","CA-602","Santa Ana, Anaheim/Orange County CoC",2018,2019,21.6015910862892,12.5780174845697,9.0235736017195
"separate_lasso_CA","min",3,2019,"California","CA","CA-603","Santa Maria/Santa Barbara County CoC",2018,2019,40.3808295203349,52.7182021564317,-12.3373726360968
"separate_lasso_CA","min",3,2019,"California","CA","CA-604","Bakersfield/Kern County CoC",2018,2019,14.7744617319224,35.3323298303657,-20.5578680984433
"separate_lasso_CA","min",3,2019,"California","CA","CA-606","Long Beach CoC",2018,2019,40.4569394131799,52.688004610313,-12.2310651971331
"separate_lasso_CA","min",3,2019,"California","CA","CA-607","Pasadena CoC",2018,2019,38.5133676929631,64.800242348958,-26.2868746559949
"separate_lasso_CA","min",3,2019,"California","CA","CA-608","Riverside City & County CoC",2018,2019,11.3780516533592,14.7119257704035,-3.33387411704432
"separate_lasso_CA","min",3,2019,"California","CA","CA-609","San Bernardino City & County CoC",2018,2019,11.9582493343149,15.9238722797318,-3.96562294541685
"separate_lasso_CA","min",3,2019,"California","CA","CA-611","Oxnard, San Buenaventura/Ventura County CoC",2018,2019,19.7279924728666,20.9037712280334,-1.17577875516684
"separate_lasso_CA","min",3,2019,"California","CA","CA-612","Glendale CoC",2018,2019,12.4468996482166,27.280761586837,-14.8338619386204
"separate_lasso_CA","min",3,2019,"California","CA","CA-613","Imperial County CoC",2018,2019,77.9736776756891,27.8749641161695,50.0987135595196
"separate_lasso_CA","min",3,2019,"California","CA","CA-614","San Luis Obispo County CoC",2018,2019,52.3822811547414,38.2966808517514,14.08560030299
"separate_lasso_CA","1se",3,2019,"California","CA","CA-500","San Jose/Santa Clara City & County CoC",2018,2019,50.3461884003544,26.4127986787103,23.933389721644
"separate_lasso_CA","1se",3,2019,"California","CA","CA-501","San Francisco CoC",2018,2019,91.1463798382166,104.157910793132,-13.0115309549158
"separate_lasso_CA","1se",3,2019,"California","CA","CA-502","Oakland, Berkeley/Alameda County CoC",2018,2019,47.9977311468897,26.0311067912877,21.966624355602
"separate_lasso_CA","1se",3,2019,"California","CA","CA-503","Sacramento City & County CoC",2018,2019,35.8298465650124,30.7377204085788,5.09212615643357
"separate_lasso_CA","1se",3,2019,"California","CA","CA-504","Santa Rosa, Petaluma/Sonoma County CoC",2018,2019,59.6962389953392,49.3462320672804,10.3500069280588
"separate_lasso_CA","1se",3,2019,"California","CA","CA-505","Contra Costa County CoC",2018,2019,19.8955203437114,18.7372213233174,1.15829902039405
"separate_lasso_CA","1se",3,2019,"California","CA","CA-506","Salinas/Monterey, San Benito Counties CoC",2018,2019,54.4207829427877,40.3066628909454,14.1141200518423
"separate_lasso_CA","1se",3,2019,"California","CA","CA-507","Marin County CoC",2018,2019,39.949618662731,53.8799913284904,-13.9303726657594
"separate_lasso_CA","1se",3,2019,"California","CA","CA-508","Watsonville/Santa Cruz City & County CoC",2018,2019,79.3154059287076,59.1656076612781,20.1497982674295
"separate_lasso_CA","1se",3,2019,"California","CA","CA-509","Mendocino County CoC",2018,2019,90.4909566680884,75.7570918936724,14.733864774416
"separate_lasso_CA","1se",3,2019,"California","CA","CA-510","Turlock, Modesto/Stanislaus County CoC",2018,2019,34.9217302872916,33.9019403209967,1.01978996629495
"separate_lasso_CA","1se",3,2019,"California","CA","CA-511","Stockton/San Joaquin County CoC",2018,2019,34.5208542172911,31.6205132830724,2.90034093421873
"separate_lasso_CA","1se",3,2019,"California","CA","CA-512","Daly City/San Mateo County CoC",2018,2019,19.7241489068882,24.8742217937809,-5.15007288689267
"separate_lasso_CA","1se",3,2019,"California","CA","CA-513","Visalia/Kings, Tulare Counties CoC",2018,2019,17.1852665412228,20.8725216192254,-3.68725507800259
"separate_lasso_CA","1se",3,2019,"California","CA","CA-514","Fresno City & County/Madera County CoC",2018,2019,21.6874721124013,21.6440890533029,0.043383059098403
"separate_lasso_CA","1se",3,2019,"California","CA","CA-515","Roseville, Rocklin/Placer County CoC",2018,2019,15.4897082562404,29.4089737038112,-13.9192654475708
"separate_lasso_CA","1se",3,2019,"California","CA","CA-516","Redding/Shasta, Siskiyou, Lassen, Plumas, Del Norte, Modoc, Sierra Counties CoC",2018,2019,43.1463232871805,37.010946463733,6.13537682344748
"separate_lasso_CA","1se",3,2019,"California","CA","CA-517","Napa City & County CoC",2018,2019,23.3766988035776,34.555054977749,-11.1783561741714
"separate_lasso_CA","1se",3,2019,"California","CA","CA-518","Vallejo/Solano County CoC",2018,2019,25.7124538974138,25.5869025018712,0.125551395542615
"separate_lasso_CA","1se",3,2019,"California","CA","CA-519","Chico, Paradise/Butte County CoC",2018,2019,57.7591634502204,52.6164171280639,5.14274632215653
"separate_lasso_CA","1se",3,2019,"California","CA","CA-520","Merced City & County CoC",2018,2019,21.8957072889657,24.6887151748936,-2.79300788592792
"separate_lasso_CA","1se",3,2019,"California","CA","CA-521","Davis, Woodland/Yolo County CoC",2018,2019,29.7052154195011,31.4839271866341,-1.77871176713296
"separate_lasso_CA","1se",3,2019,"California","CA","CA-522","Humboldt County CoC",2018,2019,125.555112940586,61.5537184368543,64.0013945037317
"separate_lasso_CA","1se",3,2019,"California","CA","CA-523","Colusa, Glenn, Trinity Counties CoC",2018,2019,30.8557653676175,43.56813474293,-12.7123693753125
"separate_lasso_CA","1se",3,2019,"California","CA","CA-524","Yuba City & County/Sutter County CoC",2018,2019,41.0501084611049,35.3140129209566,5.73609554014835
"separate_lasso_CA","1se",3,2019,"California","CA","CA-525","El Dorado County CoC",2018,2019,31.7875162697116,22.0589642699686,9.72855199974297
"separate_lasso_CA","1se",3,2019,"California","CA","CA-526","Amador, Calaveras, Mariposa, Tuolumne Counties CoC",2018,2019,53.7060341430551,33.9334483908711,19.772585752184
"separate_lasso_CA","1se",3,2019,"California","CA","CA-527","Tehama County CoC",2018,2019,44.2505070370598,33.4477163357225,10.8027907013373
"separate_lasso_CA","1se",3,2019,"California","CA","CA-529","Lake County CoC",2018,2019,63.3678128785761,40.0706780692179,23.2971348093582
"separate_lasso_CA","1se",3,2019,"California","CA","CA-530","Alpine, Inyo, Mono Counties CoC",2018,2019,63.6677377127216,35.8336740289371,27.8340636837845
"separate_lasso_CA","1se",3,2019,"California","CA","CA-600","Los Angeles City & County CoC",2018,2019,60.9171944236223,39.2510069494008,21.6661874742215
"separate_lasso_CA","1se",3,2019,"California","CA","CA-601","San Diego City and County CoC",2018,2019,24.26961983986,31.6911986229496,-7.42157878308957
"separate_lasso_CA","1se",3,2019,"California","CA","CA-602","Santa Ana, Anaheim/Orange County CoC",2018,2019,21.6015910862892,18.3466143762007,3.25497671008853
"separate_lasso_CA","1se",3,2019,"California","CA","CA-603","Santa Maria/Santa Barbara County CoC",2018,2019,40.3808295203349,48.3881478158138,-8.00731829547893
"separate_lasso_CA","1se",3,2019,"California","CA","CA-604","Bakersfield/Kern County CoC",2018,2019,14.7744617319224,32.7538609238669,-17.9793991919445
"separate_lasso_CA","1se",3,2019,"California","CA","CA-606","Long Beach CoC",2018,2019,40.4569394131799,52.5560937081656,-12.0991542949857
"separate_lasso_CA","1se",3,2019,"California","CA","CA-607","Pasadena CoC",2018,2019,38.5133676929631,59.7131824262449,-21.1998147332818
"separate_lasso_CA","1se",3,2019,"California","CA","CA-608","Riverside City & County CoC",2018,2019,11.3780516533592,14.9760159725509,-3.59796431919165
"separate_lasso_CA","1se",3,2019,"California","CA","CA-609","San Bernardino City & County CoC",2018,2019,11.9582493343149,16.7260447553648,-4.76779542104994
"separate_lasso_CA","1se",3,2019,"California","CA","CA-611","Oxnard, San Buenaventura/Ventura County CoC",2018,2019,19.7279924728666,22.4160525285376,-2.68806005567096
"separate_lasso_CA","1se",3,2019,"California","CA","CA-612","Glendale CoC",2018,2019,12.4468996482166,30.889629622743,-18.4427299745264
"separate_lasso_CA","1se",3,2019,"California","CA","CA-613","Imperial County CoC",2018,2019,77.9736776756891,30.1273456616681,47.846332014021
"separate_lasso_CA","1se",3,2019,"California","CA","CA-614","San Luis Obispo County CoC",2018,2019,52.3822811547414,34.7440640223135,17.6382171324279
"separate_lasso_FL","min",3,2019,"Florida","FL","FL-500","Sarasota, Bradenton/Manatee, Sarasota Counties CoC",2018,2019,13.560415534143,8.84521648066091,4.71519905348209
"separate_lasso_FL","min",3,2019,"Florida","FL","FL-501","Tampa/Hillsborough County CoC",2018,2019,11.2094828148438,8.36369560020206,2.84578721464174
"separate_lasso_FL","min",3,2019,"Florida","FL","FL-502","St. Petersburg, Clearwater, Largo/Pinellas County CoC",2018,2019,24.7693323870047,24.2319760749627,0.537356312041997
"separate_lasso_FL","min",3,2019,"Florida","FL","FL-503","Lakeland/Polk County CoC",2018,2019,7.76790654228818,6.58689420876323,1.18101233352495
"separate_lasso_FL","min",3,2019,"Florida","FL","FL-504","Deltona, Daytona Beach/Volusia, Flagler Counties CoC",2018,2019,13.0916490241111,11.862905776239,1.22874324787209
"separate_lasso_FL","min",3,2019,"Florida","FL","FL-505","Fort Walton Beach/Okaloosa, Walton Counties CoC",2018,2019,14.0093887482488,28.2860149573423,-14.2766262090935
"separate_lasso_FL","min",3,2019,"Florida","FL","FL-506","Tallahassee/Leon County CoC",2018,2019,21.4642095164621,12.9974758693283,8.46673364713382
"separate_lasso_FL","min",3,2019,"Florida","FL","FL-507","Orlando/Orange, Osceola, Seminole Counties CoC",2018,2019,8.96909410810837,-6.20042233140343,15.1695164395118
"separate_lasso_FL","min",3,2019,"Florida","FL","FL-508","Gainesville/Alachua, Putnam Counties CoC",2018,2019,17.6241379177769,19.5069692430238,-1.88283132524695
"separate_lasso_FL","min",3,2019,"Florida","FL","FL-509","Fort Pierce/St. Lucie, Indian River, Martin Counties CoC",2018,2019,23.0892455562059,14.8092624354648,8.27998312074111
"separate_lasso_FL","min",3,2019,"Florida","FL","FL-510","Jacksonville-Duval, Clay Counties CoC",2018,2019,12.9223659202211,8.3883783996423,4.5339875205788
"separate_lasso_FL","min",3,2019,"Florida","FL","FL-511","Pensacola/Escambia, Santa Rosa Counties CoC",2018,2019,10.3058120402921,11.6657637476343,-1.35995170734224
"separate_lasso_FL","min",3,2019,"Florida","FL","FL-512","St. Johns County CoC",2018,2019,13.4506105670415,22.5837281515824,-9.1331175845409
"separate_lasso_FL","min",3,2019,"Florida","FL","FL-513","Palm Bay, Melbourne/Brevard County CoC",2018,2019,13.539510451173,14.9749135240642,-1.43540307289122
"separate_lasso_FL","min",3,2019,"Florida","FL","FL-514","Ocala/Marion County CoC",2018,2019,12.9930876773556,16.2241946067566,-3.23110692940102
"separate_lasso_FL","min",3,2019,"Florida","FL","FL-515","Panama City/Bay, Jackson Counties CoC",2018,2019,16.6012934040476,11.7159471629612,4.88534624108643
"separate_lasso_FL","min",3,2019,"Florida","FL","FL-517","Hendry, Hardee, Highlands Counties CoC",2018,2019,14.7867439441225,15.9884976963676,-1.20175375224513
"separate_lasso_FL","min",3,2019,"Florida","FL","FL-519","Pasco County CoC",2018,2019,16.1387280732633,14.7100440449167,1.42868402834656
"separate_lasso_FL","min",3,2019,"Florida","FL","FL-520","Citrus, Hernando, Lake, Sumter Counties CoC",2018,2019,8.02974683168963,-2.0951682716033,10.1249151032929
"separate_lasso_FL","min",3,2019,"Florida","FL","FL-600","Miami-Dade County CoC",2018,2019,12.7790823499967,11.4926064578278,1.28647589216888
"separate_lasso_FL","min",3,2019,"Florida","FL","FL-601","Ft Lauderdale/Broward County CoC",2018,2019,14.353910173097,10.3693208862906,3.98458928680641
"separate_lasso_FL","min",3,2019,"Florida","FL","FL-602","Charlotte County CoC",2018,2019,8.25790058758139,27.9252130803507,-19.6673124927693
"separate_lasso_FL","min",3,2019,"Florida","FL","FL-603","Ft Myers, Cape Coral/Lee County CoC",2018,2019,4.82755130246556,13.2540332486274,-8.42648194616183
"separate_lasso_FL","min",3,2019,"Florida","FL","FL-604","Monroe County CoC",2018,2019,67.4947459179824,91.8827106217674,-24.387964703785
"separate_lasso_FL","min",3,2019,"Florida","FL","FL-605","West Palm Beach/Palm Beach County CoC",2018,2019,9.33343132211362,4.58294168947734,4.75048963263628
"separate_lasso_FL","min",3,2019,"Florida","FL","FL-606","Naples/Collier County CoC",2018,2019,12.9383583353685,19.9994358080474,-7.06107747267888
"separate_lasso_FL","1se",3,2019,"Florida","FL","FL-500","Sarasota, Bradenton/Manatee, Sarasota Counties CoC",2018,2019,13.560415534143,8.94105392815239,4.61936160599061
"separate_lasso_FL","1se",3,2019,"Florida","FL","FL-501","Tampa/Hillsborough County CoC",2018,2019,11.2094828148438,5.1005804271335,6.1089023877103
"separate_lasso_FL","1se",3,2019,"Florida","FL","FL-502","St. Petersburg, Clearwater, Largo/Pinellas County CoC",2018,2019,24.7693323870047,16.6276619312663,8.14167045573839
"separate_lasso_FL","1se",3,2019,"Florida","FL","FL-503","Lakeland/Polk County CoC",2018,2019,7.76790654228818,8.42998584018521,-0.662079297897034
"separate_lasso_FL","1se",3,2019,"Florida","FL","FL-504","Deltona, Daytona Beach/Volusia, Flagler Counties CoC",2018,2019,13.0916490241111,9.73978388174086,3.35186514237024
"separate_lasso_FL","1se",3,2019,"Florida","FL","FL-505","Fort Walton Beach/Okaloosa, Walton Counties CoC",2018,2019,14.0093887482488,20.064694986193,-6.05530623794425
"separate_lasso_FL","1se",3,2019,"Florida","FL","FL-506","Tallahassee/Leon County CoC",2018,2019,21.4642095164621,17.9148332376851,3.549376278777
"separate_lasso_FL","1se",3,2019,"Florida","FL","FL-507","Orlando/Orange, Osceola, Seminole Counties CoC",2018,2019,8.96909410810837,-2.26180591305627,11.2309000211646
"separate_lasso_FL","1se",3,2019,"Florida","FL","FL-508","Gainesville/Alachua, Putnam Counties CoC",2018,2019,17.6241379177769,19.9867316360454,-2.36259371826853
"separate_lasso_FL","1se",3,2019,"Florida","FL","FL-509","Fort Pierce/St. Lucie, Indian River, Martin Counties CoC",2018,2019,23.0892455562059,9.312456089954,13.7767894662519
"separate_lasso_FL","1se",3,2019,"Florida","FL","FL-510","Jacksonville-Duval, Clay Counties CoC",2018,2019,12.9223659202211,7.20780151272095,5.71456440750015
"separate_lasso_FL","1se",3,2019,"Florida","FL","FL-511","Pensacola/Escambia, Santa Rosa Counties CoC",2018,2019,10.3058120402921,14.1942303245683,-3.88841828427617
"separate_lasso_FL","1se",3,2019,"Florida","FL","FL-512","St. Johns County CoC",2018,2019,13.4506105670415,17.6575763256877,-4.20696575864624
"separate_lasso_FL","1se",3,2019,"Florida","FL","FL-513","Palm Bay, Melbourne/Brevard County CoC",2018,2019,13.539510451173,11.4021464765617,2.13736397461126
"separate_lasso_FL","1se",3,2019,"Florida","FL","FL-514","Ocala/Marion County CoC",2018,2019,12.9930876773556,16.3020536240403,-3.30896594668473
"separate_lasso_FL","1se",3,2019,"Florida","FL","FL-515","Panama City/Bay, Jackson Counties CoC",2018,2019,16.6012934040476,13.250752711,3.35054069304762
"separate_lasso_FL","1se",3,2019,"Florida","FL","FL-517","Hendry, Hardee, Highlands Counties CoC",2018,2019,14.7867439441225,15.3742651084693,-0.587521164346809
"separate_lasso_FL","1se",3,2019,"Florida","FL","FL-519","Pasco County CoC",2018,2019,16.1387280732633,10.9483590046047,5.19036906865861
"separate_lasso_FL","1se",3,2019,"Florida","FL","FL-520","Citrus, Hernando, Lake, Sumter Counties CoC",2018,2019,8.02974683168963,3.88046944520123,4.1492773864884
"separate_lasso_FL","1se",3,2019,"Florida","FL","FL-600","Miami-Dade County CoC",2018,2019,12.7790823499967,2.00265795023385,10.7764243997629
"separate_lasso_FL","1se",3,2019,"Florida","FL","FL-601","Ft Lauderdale/Broward County CoC",2018,2019,14.353910173097,2.13663970928074,12.2172704638163
"separate_lasso_FL","1se",3,2019,"Florida","FL","FL-602","Charlotte County CoC",2018,2019,8.25790058758139,23.0398298157366,-14.7819292281552
"separate_lasso_FL","1se",3,2019,"Florida","FL","FL-603","Ft Myers, Cape Coral/Lee County CoC",2018,2019,4.82755130246556,7.83244921945674,-3.00489791699118
"separate_lasso_FL","1se",3,2019,"Florida","FL","FL-604","Monroe County CoC",2018,2019,67.4947459179824,85.6659527409006,-18.1712068229182
"separate_lasso_FL","1se",3,2019,"Florida","FL","FL-605","West Palm Beach/Palm Beach County CoC",2018,2019,9.33343132211362,0.550583607451412,8.78284771466221
"separate_lasso_FL","1se",3,2019,"Florida","FL","FL-606","Naples/Collier County CoC",2018,2019,12.9383583353685,14.7255616199908,-1.78720328462226
"separate_state_lasso","min",3,2019,"California","CA","CA-500","San Jose/Santa Clara City & County CoC",2018,2019,50.3461884003544,26.3404784422251,24.0057099581293
"separate_state_lasso","min",3,2019,"California","CA","CA-501","San Francisco CoC",2018,2019,91.1463798382166,108.120174511967,-16.97379467375
"separate_state_lasso","min",3,2019,"California","CA","CA-502","Oakland, Berkeley/Alameda County CoC",2018,2019,47.9977311468897,24.6787330722143,23.3189980746754
"separate_state_lasso","min",3,2019,"California","CA","CA-503","Sacramento City & County CoC",2018,2019,35.8298465650124,30.7341091968413,5.09573736817114
"separate_state_lasso","min",3,2019,"California","CA","CA-504","Santa Rosa, Petaluma/Sonoma County CoC",2018,2019,59.6962389953392,55.8239637674188,3.87227522792043
"separate_state_lasso","min",3,2019,"California","CA","CA-505","Contra Costa County CoC",2018,2019,19.8955203437114,15.1900109361976,4.70550940751382
"separate_state_lasso","min",3,2019,"California","CA","CA-506","Salinas/Monterey, San Benito Counties CoC",2018,2019,54.4207829427877,41.331720777437,13.0890621653507
"separate_state_lasso","min",3,2019,"California","CA","CA-507","Marin County CoC",2018,2019,39.949618662731,60.5989548285368,-20.6493361658058
"separate_state_lasso","min",3,2019,"California","CA","CA-508","Watsonville/Santa Cruz City & County CoC",2018,2019,79.3154059287076,66.2547432972818,13.0606626314258
"separate_state_lasso","min",3,2019,"California","CA","CA-509","Mendocino County CoC",2018,2019,90.4909566680884,87.0214593710956,3.46949729699277
"separate_state_lasso","min",3,2019,"California","CA","CA-510","Turlock, Modesto/Stanislaus County CoC",2018,2019,34.9217302872916,32.4883496103121,2.43338067697955
"separate_state_lasso","min",3,2019,"California","CA","CA-511","Stockton/San Joaquin County CoC",2018,2019,34.5208542172911,31.9277845498567,2.59306966743441
"separate_state_lasso","min",3,2019,"California","CA","CA-512","Daly City/San Mateo County CoC",2018,2019,19.7241489068882,21.5541100298189,-1.8299611229307
"separate_state_lasso","min",3,2019,"California","CA","CA-513","Visalia/Kings, Tulare Counties CoC",2018,2019,17.1852665412228,17.7207918269667,-0.535525285743915
"separate_state_lasso","min",3,2019,"California","CA","CA-514","Fresno City & County/Madera County CoC",2018,2019,21.6874721124013,20.7840888220012,0.9033832904001
"separate_state_lasso","min",3,2019,"California","CA","CA-515","Roseville, Rocklin/Placer County CoC",2018,2019,15.4897082562404,27.9362796514826,-12.4465713952422
"separate_state_lasso","min",3,2019,"California","CA","CA-516","Redding/Shasta, Siskiyou, Lassen, Plumas, Del Norte, Modoc, Sierra Counties CoC",2018,2019,43.1463232871805,31.2306962294311,11.9156270577494
"separate_state_lasso","min",3,2019,"California","CA","CA-517","Napa City & County CoC",2018,2019,23.3766988035776,33.5196839668375,-10.1429851632599
"separate_state_lasso","min",3,2019,"California","CA","CA-518","Vallejo/Solano County CoC",2018,2019,25.7124538974138,25.2161004294296,0.496353467984207
"separate_state_lasso","min",3,2019,"California","CA","CA-519","Chico, Paradise/Butte County CoC",2018,2019,57.7591634502204,57.2892541197495,0.469909330470912
"separate_state_lasso","min",3,2019,"California","CA","CA-520","Merced City & County CoC",2018,2019,21.8957072889657,21.968503642481,-0.0727963535152796
"separate_state_lasso","min",3,2019,"California","CA","CA-521","Davis, Woodland/Yolo County CoC",2018,2019,29.7052154195011,31.524514093944,-1.81929867444294
"separate_state_lasso","min",3,2019,"California","CA","CA-522","Humboldt County CoC",2018,2019,125.555112940586,65.6280549977826,59.9270579428034
"separate_state_lasso","min",3,2019,"California","CA","CA-523","Colusa, Glenn, Trinity Counties CoC",2018,2019,30.8557653676175,39.5475362749033,-8.69177090728578
"separate_state_lasso","min",3,2019,"California","CA","CA-524","Yuba City & County/Sutter County CoC",2018,2019,41.0501084611049,31.6547750230495,9.39533343805542
"separate_state_lasso","min",3,2019,"California","CA","CA-525","El Dorado County CoC",2018,2019,31.7875162697116,19.2487936637226,12.538722605989
"separate_state_lasso","min",3,2019,"California","CA","CA-526","Amador, Calaveras, Mariposa, Tuolumne Counties CoC",2018,2019,53.7060341430551,30.9460066038134,22.7600275392417
"separate_state_lasso","min",3,2019,"California","CA","CA-527","Tehama County CoC",2018,2019,44.2505070370598,33.3307201243862,10.9197869126736
"separate_state_lasso","min",3,2019,"California","CA","CA-529","Lake County CoC",2018,2019,63.3678128785761,41.3406656438716,22.0271472347045
"separate_state_lasso","min",3,2019,"California","CA","CA-530","Alpine, Inyo, Mono Counties CoC",2018,2019,63.6677377127216,33.7907809483633,29.8769567643583
"separate_state_lasso","min",3,2019,"California","CA","CA-600","Los Angeles City & County CoC",2018,2019,60.9171944236223,42.743707923668,18.1734864999543
"separate_state_lasso","min",3,2019,"California","CA","CA-601","San Diego City and County CoC",2018,2019,24.26961983986,33.7384387430922,-9.46881890323219
"separate_state_lasso","min",3,2019,"California","CA","CA-602","Santa Ana, Anaheim/Orange County CoC",2018,2019,21.6015910862892,12.5780174845697,9.0235736017195
"separate_state_lasso","min",3,2019,"California","CA","CA-603","Santa Maria/Santa Barbara County CoC",2018,2019,40.3808295203349,52.7182021564317,-12.3373726360968
"separate_state_lasso","min",3,2019,"California","CA","CA-604","Bakersfield/Kern County CoC",2018,2019,14.7744617319224,35.3323298303657,-20.5578680984433
"separate_state_lasso","min",3,2019,"California","CA","CA-606","Long Beach CoC",2018,2019,40.4569394131799,52.688004610313,-12.2310651971331
"separate_state_lasso","min",3,2019,"California","CA","CA-607","Pasadena CoC",2018,2019,38.5133676929631,64.800242348958,-26.2868746559949
"separate_state_lasso","min",3,2019,"California","CA","CA-608","Riverside City & County CoC",2018,2019,11.3780516533592,14.7119257704035,-3.33387411704432
"separate_state_lasso","min",3,2019,"California","CA","CA-609","San Bernardino City & County CoC",2018,2019,11.9582493343149,15.9238722797318,-3.96562294541685
"separate_state_lasso","min",3,2019,"California","CA","CA-611","Oxnard, San Buenaventura/Ventura County CoC",2018,2019,19.7279924728666,20.9037712280334,-1.17577875516684
"separate_state_lasso","min",3,2019,"California","CA","CA-612","Glendale CoC",2018,2019,12.4468996482166,27.280761586837,-14.8338619386204
"separate_state_lasso","min",3,2019,"California","CA","CA-613","Imperial County CoC",2018,2019,77.9736776756891,27.8749641161695,50.0987135595196
"separate_state_lasso","min",3,2019,"California","CA","CA-614","San Luis Obispo County CoC",2018,2019,52.3822811547414,38.2966808517514,14.08560030299
"separate_state_lasso","min",3,2019,"Florida","FL","FL-500","Sarasota, Bradenton/Manatee, Sarasota Counties CoC",2018,2019,13.560415534143,8.84521648066091,4.71519905348209
"separate_state_lasso","min",3,2019,"Florida","FL","FL-501","Tampa/Hillsborough County CoC",2018,2019,11.2094828148438,8.36369560020206,2.84578721464174
"separate_state_lasso","min",3,2019,"Florida","FL","FL-502","St. Petersburg, Clearwater, Largo/Pinellas County CoC",2018,2019,24.7693323870047,24.2319760749627,0.537356312041997
"separate_state_lasso","min",3,2019,"Florida","FL","FL-503","Lakeland/Polk County CoC",2018,2019,7.76790654228818,6.58689420876323,1.18101233352495
"separate_state_lasso","min",3,2019,"Florida","FL","FL-504","Deltona, Daytona Beach/Volusia, Flagler Counties CoC",2018,2019,13.0916490241111,11.862905776239,1.22874324787209
"separate_state_lasso","min",3,2019,"Florida","FL","FL-505","Fort Walton Beach/Okaloosa, Walton Counties CoC",2018,2019,14.0093887482488,28.2860149573423,-14.2766262090935
"separate_state_lasso","min",3,2019,"Florida","FL","FL-506","Tallahassee/Leon County CoC",2018,2019,21.4642095164621,12.9974758693283,8.46673364713382
"separate_state_lasso","min",3,2019,"Florida","FL","FL-507","Orlando/Orange, Osceola, Seminole Counties CoC",2018,2019,8.96909410810837,-6.20042233140343,15.1695164395118
"separate_state_lasso","min",3,2019,"Florida","FL","FL-508","Gainesville/Alachua, Putnam Counties CoC",2018,2019,17.6241379177769,19.5069692430238,-1.88283132524695
"separate_state_lasso","min",3,2019,"Florida","FL","FL-509","Fort Pierce/St. Lucie, Indian River, Martin Counties CoC",2018,2019,23.0892455562059,14.8092624354648,8.27998312074111
"separate_state_lasso","min",3,2019,"Florida","FL","FL-510","Jacksonville-Duval, Clay Counties CoC",2018,2019,12.9223659202211,8.3883783996423,4.5339875205788
"separate_state_lasso","min",3,2019,"Florida","FL","FL-511","Pensacola/Escambia, Santa Rosa Counties CoC",2018,2019,10.3058120402921,11.6657637476343,-1.35995170734224
"separate_state_lasso","min",3,2019,"Florida","FL","FL-512","St. Johns County CoC",2018,2019,13.4506105670415,22.5837281515824,-9.1331175845409
"separate_state_lasso","min",3,2019,"Florida","FL","FL-513","Palm Bay, Melbourne/Brevard County CoC",2018,2019,13.539510451173,14.9749135240642,-1.43540307289122
"separate_state_lasso","min",3,2019,"Florida","FL","FL-514","Ocala/Marion County CoC",2018,2019,12.9930876773556,16.2241946067566,-3.23110692940102
"separate_state_lasso","min",3,2019,"Florida","FL","FL-515","Panama City/Bay, Jackson Counties CoC",2018,2019,16.6012934040476,11.7159471629612,4.88534624108643
"separate_state_lasso","min",3,2019,"Florida","FL","FL-517","Hendry, Hardee, Highlands Counties CoC",2018,2019,14.7867439441225,15.9884976963676,-1.20175375224513
"separate_state_lasso","min",3,2019,"Florida","FL","FL-519","Pasco County CoC",2018,2019,16.1387280732633,14.7100440449167,1.42868402834656
"separate_state_lasso","min",3,2019,"Florida","FL","FL-520","Citrus, Hernando, Lake, Sumter Counties CoC",2018,2019,8.02974683168963,-2.0951682716033,10.1249151032929
"separate_state_lasso","min",3,2019,"Florida","FL","FL-600","Miami-Dade County CoC",2018,2019,12.7790823499967,11.4926064578278,1.28647589216888
"separate_state_lasso","min",3,2019,"Florida","FL","FL-601","Ft Lauderdale/Broward County CoC",2018,2019,14.353910173097,10.3693208862906,3.98458928680641
"separate_state_lasso","min",3,2019,"Florida","FL","FL-602","Charlotte County CoC",2018,2019,8.25790058758139,27.9252130803507,-19.6673124927693
"separate_state_lasso","min",3,2019,"Florida","FL","FL-603","Ft Myers, Cape Coral/Lee County CoC",2018,2019,4.82755130246556,13.2540332486274,-8.42648194616183
"separate_state_lasso","min",3,2019,"Florida","FL","FL-604","Monroe County CoC",2018,2019,67.4947459179824,91.8827106217674,-24.387964703785
"separate_state_lasso","min",3,2019,"Florida","FL","FL-605","West Palm Beach/Palm Beach County CoC",2018,2019,9.33343132211362,4.58294168947734,4.75048963263628
"separate_state_lasso","min",3,2019,"Florida","FL","FL-606","Naples/Collier County CoC",2018,2019,12.9383583353685,19.9994358080474,-7.06107747267888
"separate_state_lasso","1se",3,2019,"California","CA","CA-500","San Jose/Santa Clara City & County CoC",2018,2019,50.3461884003544,26.4127986787103,23.933389721644
"separate_state_lasso","1se",3,2019,"California","CA","CA-501","San Francisco CoC",2018,2019,91.1463798382166,104.157910793132,-13.0115309549158
"separate_state_lasso","1se",3,2019,"California","CA","CA-502","Oakland, Berkeley/Alameda County CoC",2018,2019,47.9977311468897,26.0311067912877,21.966624355602
"separate_state_lasso","1se",3,2019,"California","CA","CA-503","Sacramento City & County CoC",2018,2019,35.8298465650124,30.7377204085788,5.09212615643357
"separate_state_lasso","1se",3,2019,"California","CA","CA-504","Santa Rosa, Petaluma/Sonoma County CoC",2018,2019,59.6962389953392,49.3462320672804,10.3500069280588
"separate_state_lasso","1se",3,2019,"California","CA","CA-505","Contra Costa County CoC",2018,2019,19.8955203437114,18.7372213233174,1.15829902039405
"separate_state_lasso","1se",3,2019,"California","CA","CA-506","Salinas/Monterey, San Benito Counties CoC",2018,2019,54.4207829427877,40.3066628909454,14.1141200518423
"separate_state_lasso","1se",3,2019,"California","CA","CA-507","Marin County CoC",2018,2019,39.949618662731,53.8799913284904,-13.9303726657594
"separate_state_lasso","1se",3,2019,"California","CA","CA-508","Watsonville/Santa Cruz City & County CoC",2018,2019,79.3154059287076,59.1656076612781,20.1497982674295
"separate_state_lasso","1se",3,2019,"California","CA","CA-509","Mendocino County CoC",2018,2019,90.4909566680884,75.7570918936724,14.733864774416
"separate_state_lasso","1se",3,2019,"California","CA","CA-510","Turlock, Modesto/Stanislaus County CoC",2018,2019,34.9217302872916,33.9019403209967,1.01978996629495
"separate_state_lasso","1se",3,2019,"California","CA","CA-511","Stockton/San Joaquin County CoC",2018,2019,34.5208542172911,31.6205132830724,2.90034093421873
"separate_state_lasso","1se",3,2019,"California","CA","CA-512","Daly City/San Mateo County CoC",2018,2019,19.7241489068882,24.8742217937809,-5.15007288689267
"separate_state_lasso","1se",3,2019,"California","CA","CA-513","Visalia/Kings, Tulare Counties CoC",2018,2019,17.1852665412228,20.8725216192254,-3.68725507800259
"separate_state_lasso","1se",3,2019,"California","CA","CA-514","Fresno City & County/Madera County CoC",2018,2019,21.6874721124013,21.6440890533029,0.043383059098403
"separate_state_lasso","1se",3,2019,"California","CA","CA-515","Roseville, Rocklin/Placer County CoC",2018,2019,15.4897082562404,29.4089737038112,-13.9192654475708
"separate_state_lasso","1se",3,2019,"California","CA","CA-516","Redding/Shasta, Siskiyou, Lassen, Plumas, Del Norte, Modoc, Sierra Counties CoC",2018,2019,43.1463232871805,37.010946463733,6.13537682344748
"separate_state_lasso","1se",3,2019,"California","CA","CA-517","Napa City & County CoC",2018,2019,23.3766988035776,34.555054977749,-11.1783561741714
"separate_state_lasso","1se",3,2019,"California","CA","CA-518","Vallejo/Solano County CoC",2018,2019,25.7124538974138,25.5869025018712,0.125551395542615
"separate_state_lasso","1se",3,2019,"California","CA","CA-519","Chico, Paradise/Butte County CoC",2018,2019,57.7591634502204,52.6164171280639,5.14274632215653
"separate_state_lasso","1se",3,2019,"California","CA","CA-520","Merced City & County CoC",2018,2019,21.8957072889657,24.6887151748936,-2.79300788592792
"separate_state_lasso","1se",3,2019,"California","CA","CA-521","Davis, Woodland/Yolo County CoC",2018,2019,29.7052154195011,31.4839271866341,-1.77871176713296
"separate_state_lasso","1se",3,2019,"California","CA","CA-522","Humboldt County CoC",2018,2019,125.555112940586,61.5537184368543,64.0013945037317
"separate_state_lasso","1se",3,2019,"California","CA","CA-523","Colusa, Glenn, Trinity Counties CoC",2018,2019,30.8557653676175,43.56813474293,-12.7123693753125
"separate_state_lasso","1se",3,2019,"California","CA","CA-524","Yuba City & County/Sutter County CoC",2018,2019,41.0501084611049,35.3140129209566,5.73609554014835
"separate_state_lasso","1se",3,2019,"California","CA","CA-525","El Dorado County CoC",2018,2019,31.7875162697116,22.0589642699686,9.72855199974297
"separate_state_lasso","1se",3,2019,"California","CA","CA-526","Amador, Calaveras, Mariposa, Tuolumne Counties CoC",2018,2019,53.7060341430551,33.9334483908711,19.772585752184
"separate_state_lasso","1se",3,2019,"California","CA","CA-527","Tehama County CoC",2018,2019,44.2505070370598,33.4477163357225,10.8027907013373
"separate_state_lasso","1se",3,2019,"California","CA","CA-529","Lake County CoC",2018,2019,63.3678128785761,40.0706780692179,23.2971348093582
"separate_state_lasso","1se",3,2019,"California","CA","CA-530","Alpine, Inyo, Mono Counties CoC",2018,2019,63.6677377127216,35.8336740289371,27.8340636837845
"separate_state_lasso","1se",3,2019,"California","CA","CA-600","Los Angeles City & County CoC",2018,2019,60.9171944236223,39.2510069494008,21.6661874742215
"separate_state_lasso","1se",3,2019,"California","CA","CA-601","San Diego City and County CoC",2018,2019,24.26961983986,31.6911986229496,-7.42157878308957
"separate_state_lasso","1se",3,2019,"California","CA","CA-602","Santa Ana, Anaheim/Orange County CoC",2018,2019,21.6015910862892,18.3466143762007,3.25497671008853
"separate_state_lasso","1se",3,2019,"California","CA","CA-603","Santa Maria/Santa Barbara County CoC",2018,2019,40.3808295203349,48.3881478158138,-8.00731829547893
"separate_state_lasso","1se",3,2019,"California","CA","CA-604","Bakersfield/Kern County CoC",2018,2019,14.7744617319224,32.7538609238669,-17.9793991919445
"separate_state_lasso","1se",3,2019,"California","CA","CA-606","Long Beach CoC",2018,2019,40.4569394131799,52.5560937081656,-12.0991542949857
"separate_state_lasso","1se",3,2019,"California","CA","CA-607","Pasadena CoC",2018,2019,38.5133676929631,59.7131824262449,-21.1998147332818
"separate_state_lasso","1se",3,2019,"California","CA","CA-608","Riverside City & County CoC",2018,2019,11.3780516533592,14.9760159725509,-3.59796431919165
"separate_state_lasso","1se",3,2019,"California","CA","CA-609","San Bernardino City & County CoC",2018,2019,11.9582493343149,16.7260447553648,-4.76779542104994
"separate_state_lasso","1se",3,2019,"California","CA","CA-611","Oxnard, San Buenaventura/Ventura County CoC",2018,2019,19.7279924728666,22.4160525285376,-2.68806005567096
"separate_state_lasso","1se",3,2019,"California","CA","CA-612","Glendale CoC",2018,2019,12.4468996482166,30.889629622743,-18.4427299745264
"separate_state_lasso","1se",3,2019,"California","CA","CA-613","Imperial County CoC",2018,2019,77.9736776756891,30.1273456616681,47.846332014021
"separate_state_lasso","1se",3,2019,"California","CA","CA-614","San Luis Obispo County CoC",2018,2019,52.3822811547414,34.7440640223135,17.6382171324279
"separate_state_lasso","1se",3,2019,"Florida","FL","FL-500","Sarasota, Bradenton/Manatee, Sarasota Counties CoC",2018,2019,13.560415534143,8.94105392815239,4.61936160599061
"separate_state_lasso","1se",3,2019,"Florida","FL","FL-501","Tampa/Hillsborough County CoC",2018,2019,11.2094828148438,5.1005804271335,6.1089023877103
"separate_state_lasso","1se",3,2019,"Florida","FL","FL-502","St. Petersburg, Clearwater, Largo/Pinellas County CoC",2018,2019,24.7693323870047,16.6276619312663,8.14167045573839
"separate_state_lasso","1se",3,2019,"Florida","FL","FL-503","Lakeland/Polk County CoC",2018,2019,7.76790654228818,8.42998584018521,-0.662079297897034
"separate_state_lasso","1se",3,2019,"Florida","FL","FL-504","Deltona, Daytona Beach/Volusia, Flagler Counties CoC",2018,2019,13.0916490241111,9.73978388174086,3.35186514237024
"separate_state_lasso","1se",3,2019,"Florida","FL","FL-505","Fort Walton Beach/Okaloosa, Walton Counties CoC",2018,2019,14.0093887482488,20.064694986193,-6.05530623794425
"separate_state_lasso","1se",3,2019,"Florida","FL","FL-506","Tallahassee/Leon County CoC",2018,2019,21.4642095164621,17.9148332376851,3.549376278777
"separate_state_lasso","1se",3,2019,"Florida","FL","FL-507","Orlando/Orange, Osceola, Seminole Counties CoC",2018,2019,8.96909410810837,-2.26180591305627,11.2309000211646
"separate_state_lasso","1se",3,2019,"Florida","FL","FL-508","Gainesville/Alachua, Putnam Counties CoC",2018,2019,17.6241379177769,19.9867316360454,-2.36259371826853
"separate_state_lasso","1se",3,2019,"Florida","FL","FL-509","Fort Pierce/St. Lucie, Indian River, Martin Counties CoC",2018,2019,23.0892455562059,9.312456089954,13.7767894662519
"separate_state_lasso","1se",3,2019,"Florida","FL","FL-510","Jacksonville-Duval, Clay Counties CoC",2018,2019,12.9223659202211,7.20780151272095,5.71456440750015
"separate_state_lasso","1se",3,2019,"Florida","FL","FL-511","Pensacola/Escambia, Santa Rosa Counties CoC",2018,2019,10.3058120402921,14.1942303245683,-3.88841828427617
"separate_state_lasso","1se",3,2019,"Florida","FL","FL-512","St. Johns County CoC",2018,2019,13.4506105670415,17.6575763256877,-4.20696575864624
"separate_state_lasso","1se",3,2019,"Florida","FL","FL-513","Palm Bay, Melbourne/Brevard County CoC",2018,2019,13.539510451173,11.4021464765617,2.13736397461126
"separate_state_lasso","1se",3,2019,"Florida","FL","FL-514","Ocala/Marion County CoC",2018,2019,12.9930876773556,16.3020536240403,-3.30896594668473
"separate_state_lasso","1se",3,2019,"Florida","FL","FL-515","Panama City/Bay, Jackson Counties CoC",2018,2019,16.6012934040476,13.250752711,3.35054069304762
"separate_state_lasso","1se",3,2019,"Florida","FL","FL-517","Hendry, Hardee, Highlands Counties CoC",2018,2019,14.7867439441225,15.3742651084693,-0.587521164346809
"separate_state_lasso","1se",3,2019,"Florida","FL","FL-519","Pasco County CoC",2018,2019,16.1387280732633,10.9483590046047,5.19036906865861
"separate_state_lasso","1se",3,2019,"Florida","FL","FL-520","Citrus, Hernando, Lake, Sumter Counties CoC",2018,2019,8.02974683168963,3.88046944520123,4.1492773864884
"separate_state_lasso","1se",3,2019,"Florida","FL","FL-600","Miami-Dade County CoC",2018,2019,12.7790823499967,2.00265795023385,10.7764243997629
"separate_state_lasso","1se",3,2019,"Florida","FL","FL-601","Ft Lauderdale/Broward County CoC",2018,2019,14.353910173097,2.13663970928074,12.2172704638163
"separate_state_lasso","1se",3,2019,"Florida","FL","FL-602","Charlotte County CoC",2018,2019,8.25790058758139,23.0398298157366,-14.7819292281552
"separate_state_lasso","1se",3,2019,"Florida","FL","FL-603","Ft Myers, Cape Coral/Lee County CoC",2018,2019,4.82755130246556,7.83244921945674,-3.00489791699118
"separate_state_lasso","1se",3,2019,"Florida","FL","FL-604","Monroe County CoC",2018,2019,67.4947459179824,85.6659527409006,-18.1712068229182
"separate_state_lasso","1se",3,2019,"Florida","FL","FL-605","West Palm Beach/Palm Beach County CoC",2018,2019,9.33343132211362,0.550583607451412,8.78284771466221
"separate_state_lasso","1se",3,2019,"Florida","FL","FL-606","Naples/Collier County CoC",2018,2019,12.9383583353685,14.7255616199908,-1.78720328462226
"state_time_baseline","none",4,2020,"California","CA","CA-500","San Jose/Santa Clara City & County CoC",2019,2020,49.7320784591495,32.4274659554754,17.3046125036741
"state_time_baseline","none",4,2020,"California","CA","CA-501","San Francisco CoC",2019,2020,92.8309674234607,32.4274659554754,60.4035014679853
"state_time_baseline","none",4,2020,"California","CA","CA-502","Oakland, Berkeley/Alameda County CoC",2019,2020,48.42043000579,32.4274659554754,15.9929640503146
"state_time_baseline","none",4,2020,"California","CA","CA-503","Sacramento City & County CoC",2019,2020,34.730953276753,32.4274659554754,2.30348732127764
"state_time_baseline","none",4,2020,"California","CA","CA-504","Santa Rosa, Petaluma/Sonoma County CoC",2019,2020,56.1908154116361,32.4274659554754,23.7633494561607
"state_time_baseline","none",4,2020,"California","CA","CA-505","Contra Costa County CoC",2019,2020,19.5241324965766,32.4274659554754,-12.9033334588988
"state_time_baseline","none",4,2020,"California","CA","CA-506","Salinas/Monterey, San Benito Counties CoC",2019,2020,53.1268192420864,32.4274659554754,20.699353286611
"state_time_baseline","none",4,2020,"California","CA","CA-507","Marin County CoC",2019,2020,39.489241860127,32.4274659554754,7.06177590465164
"state_time_baseline","none",4,2020,"California","CA","CA-508","Watsonville/Santa Cruz City & County CoC",2019,2020,83.0150354359393,32.4274659554754,50.5875694804639
"state_time_baseline","none",4,2020,"California","CA","CA-509","Mendocino County CoC",2019,2020,82.213075272584,32.4274659554754,49.7856093171086
"state_time_baseline","none",4,2020,"California","CA","CA-510","Turlock, Modesto/Stanislaus County CoC",2019,2020,38.052959895395,32.4274659554754,5.62549393991964
"state_time_baseline","none",4,2020,"California","CA","CA-511","Stockton/San Joaquin County CoC",2019,2020,34.2933419418973,32.4274659554754,1.86587598642194
"state_time_baseline","none",4,2020,"California","CA","CA-512","Daly City/San Mateo County CoC",2019,2020,20.6126358604792,32.4274659554754,-11.8148300949962
"state_time_baseline","none",4,2020,"California","CA","CA-513","Visalia/Kings, Tulare Counties CoC",2019,2020,20.6947830637852,32.4274659554754,-11.7326828916902
"state_time_baseline","none",4,2020,"California","CA","CA-514","Fresno City & County/Madera County CoC",2019,2020,31.227513145831,32.4274659554754,-1.19995280964436
"state_time_baseline","none",4,2020,"California","CA","CA-515","Roseville, Rocklin/Placer County CoC",2019,2020,18.3264321835796,32.4274659554754,-14.1010337718958
"state_time_baseline","none",4,2020,"California","CA","CA-516","Redding/Shasta, Siskiyou, Lassen, Plumas, Del Norte, Modoc, Sierra Counties CoC",2019,2020,48.113231295942,32.4274659554754,15.6857653404666
"state_time_baseline","none",4,2020,"California","CA","CA-517","Napa City & County CoC",2019,2020,33.750118198151,32.4274659554754,1.32265224267564
"state_time_baseline","none",4,2020,"California","CA","CA-518","Vallejo/Solano County CoC",2019,2020,25.6571611521434,32.4274659554754,-6.77030480333196
"state_time_baseline","none",4,2020,"California","CA","CA-519","Chico, Paradise/Butte County CoC",2019,2020,60.6077905272973,32.4274659554754,28.1803245718219
"state_time_baseline","none",4,2020,"California","CA","CA-520","Merced City & County CoC",2019,2020,22.4818395517772,32.4274659554754,-9.94562640369816
"state_time_baseline","none",4,2020,"California","CA","CA-521","Davis, Woodland/Yolo County CoC",2019,2020,29.4360764144012,32.4274659554754,-2.99138954107416
"state_time_baseline","none",4,2020,"California","CA","CA-522","Humboldt County CoC",2019,2020,124.800070433902,32.4274659554754,92.3726044784266
"state_time_baseline","none",4,2020,"California","CA","CA-523","Colusa, Glenn, Trinity Counties CoC",2019,2020,39.0449690333004,32.4274659554754,6.61750307782503
"state_time_baseline","none",4,2020,"California","CA","CA-524","Yuba City & County/Sutter County CoC",2019,2020,39.7334935164417,32.4274659554754,7.30602756096633
"state_time_baseline","none",4,2020,"California","CA","CA-525","El Dorado County CoC",2019,2020,34.6690232538682,32.4274659554754,2.24155729839283
"state_time_baseline","none",4,2020,"California","CA","CA-526","Amador, Calaveras, Mariposa, Tuolumne Counties CoC",2019,2020,52.646529684689,32.4274659554754,20.2190637292136
"state_time_baseline","none",4,2020,"California","CA","CA-527","Tehama County CoC",2019,2020,45.6204379562044,32.4274659554754,13.192972000729
"state_time_baseline","none",4,2020,"California","CA","CA-529","Lake County CoC",2019,2020,52.3399014778325,32.4274659554754,19.9124355223571
"state_time_baseline","none",4,2020,"California","CA","CA-530","Alpine, Inyo, Mono Counties CoC",2019,2020,55.1046689227636,32.4274659554754,22.6772029672882
"state_time_baseline","none",4,2020,"California","CA","CA-531","Nevada County CoC",2019,2020,37.8373093468909,32.4274659554754,5.40984339141554
"state_time_baseline","none",4,2020,"California","CA","CA-600","Los Angeles City & County CoC",2019,2020,69.2772021936024,32.4274659554754,36.849736238127
"state_time_baseline","none",4,2020,"California","CA","CA-601","San Diego City and County CoC",2019,2020,23.137671874006,32.4274659554754,-9.28979408146936
"state_time_baseline","none",4,2020,"California","CA","CA-602","Santa Ana, Anaheim/Orange County CoC",2019,2020,21.9009235862401,32.4274659554754,-10.5265423692353
"state_time_baseline","none",4,2020,"California","CA","CA-603","Santa Maria/Santa Barbara County CoC",2019,2020,42.3130541459878,32.4274659554754,9.88558819051244
"state_time_baseline","none",4,2020,"California","CA","CA-604","Bakersfield/Kern County CoC",2019,2020,17.440063578966,32.4274659554754,-14.9874023765094
"state_time_baseline","none",4,2020,"California","CA","CA-606","Long Beach CoC",2019,2020,43.632558270088,32.4274659554754,11.2050923146126
"state_time_baseline","none",4,2020,"California","CA","CA-607","Pasadena CoC",2019,2020,37.6070703875653,32.4274659554754,5.17960443208994
"state_time_baseline","none",4,2020,"California","CA","CA-608","Riverside City & County CoC",2019,2020,11.8955010752972,32.4274659554754,-20.5319648801782
"state_time_baseline","none",4,2020,"California","CA","CA-609","San Bernardino City & County CoC",2019,2020,14.3138512275559,32.4274659554754,-18.1136147279195
"state_time_baseline","none",4,2020,"California","CA","CA-611","Oxnard, San Buenaventura/Ventura County CoC",2019,2020,21.1781799564585,32.4274659554754,-11.2492859990169
"state_time_baseline","none",4,2020,"California","CA","CA-612","Glendale CoC",2019,2020,8.6933726695118,32.4274659554754,-23.7340932859636
"state_time_baseline","none",4,2020,"California","CA","CA-613","Imperial County CoC",2019,2020,85.0544749682508,32.4274659554754,52.6270090127754
"state_time_baseline","none",4,2020,"California","CA","CA-614","San Luis Obispo County CoC",2019,2020,50.4150472796069,32.4274659554754,17.9875813241315
"state_time_baseline","none",4,2020,"Florida","FL","FL-500","Sarasota, Bradenton/Manatee, Sarasota Counties CoC",2019,2020,12.4599586577617,19.5848086870054,-7.1248500292437
"state_time_baseline","none",4,2020,"Florida","FL","FL-501","Tampa/Hillsborough County CoC",2019,2020,9.90284031465388,19.5848086870054,-9.68196837235152
"state_time_baseline","none",4,2020,"Florida","FL","FL-502","St. Petersburg, Clearwater, Largo/Pinellas County CoC",2019,2020,23.1922109178427,19.5848086870054,3.6074022308373
"state_time_baseline","none",4,2020,"Florida","FL","FL-503","Lakeland/Polk County CoC",2019,2020,8.38186230736782,19.5848086870054,-11.2029463796376
"state_time_baseline","none",4,2020,"Florida","FL","FL-504","Deltona, Daytona Beach/Volusia, Flagler Counties CoC",2019,2020,13.4559451759543,19.5848086870054,-6.1288635110511
"state_time_baseline","none",4,2020,"Florida","FL","FL-505","Fort Walton Beach/Okaloosa, Walton Counties CoC",2019,2020,12.1883040895059,19.5848086870054,-7.3965045974995
"state_time_baseline","none",4,2020,"Florida","FL","FL-506","Tallahassee/Leon County CoC",2019,2020,17.9748483105292,19.5848086870054,-1.6099603764762
"state_time_baseline","none",4,2020,"Florida","FL","FL-507","Orlando/Orange, Osceola, Seminole Counties CoC",2019,2020,8.74811318410834,19.5848086870054,-10.8366955028971
"state_time_baseline","none",4,2020,"Florida","FL","FL-508","Gainesville/Alachua, Putnam Counties CoC",2019,2020,18.8695314054083,19.5848086870054,-0.715277281597096
"state_time_baseline","none",4,2020,"Florida","FL","FL-509","Fort Pierce/St. Lucie, Indian River, Martin Counties CoC",2019,2020,21.1970247308869,19.5848086870054,1.6122160438815
"state_time_baseline","none",4,2020,"Florida","FL","FL-510","Jacksonville-Duval, Clay Counties CoC",2019,2020,10.3361825206501,19.5848086870054,-9.2486261663553
"state_time_baseline","none",4,2020,"Florida","FL","FL-511","Pensacola/Escambia, Santa Rosa Counties CoC",2019,2020,14.582531066069,19.5848086870054,-5.0022776209364
"state_time_baseline","none",4,2020,"Florida","FL","FL-512","St. Johns County CoC",2019,2020,13.2434080665707,19.5848086870054,-6.3414006204347
"state_time_baseline","none",4,2020,"Florida","FL","FL-513","Palm Bay, Melbourne/Brevard County CoC",2019,2020,15.4410979606252,19.5848086870054,-4.1437107263802
"state_time_baseline","none",4,2020,"Florida","FL","FL-514","Ocala/Marion County CoC",2019,2020,13.8568006952246,19.5848086870054,-5.7280079917808
"state_time_baseline","none",4,2020,"Florida","FL","FL-515","Panama City/Bay, Jackson Counties CoC",2019,2020,13.0710965801258,19.5848086870054,-6.5137121068796
"state_time_baseline","none",4,2020,"Florida","FL","FL-517","Hendry, Hardee, Highlands Counties CoC",2019,2020,15.9771008103522,19.5848086870054,-3.6077078766532
"state_time_baseline","none",4,2020,"Florida","FL","FL-519","Pasco County CoC",2019,2020,15.8609604888991,19.5848086870054,-3.7238481981063
"state_time_baseline","none",4,2020,"Florida","FL","FL-520","Citrus, Hernando, Lake, Sumter Counties CoC",2019,2020,8.1113481568317,19.5848086870054,-11.4734605301737
"state_time_baseline","none",4,2020,"Florida","FL","FL-600","Miami-Dade County CoC",2019,2020,13.2071040864487,19.5848086870054,-6.3777046005567
"state_time_baseline","none",4,2020,"Florida","FL","FL-601","Ft Lauderdale/Broward County CoC",2019,2020,11.3767516003863,19.5848086870054,-8.2080570866191
"state_time_baseline","none",4,2020,"Florida","FL","FL-602","Charlotte County CoC",2019,2020,8.98826207432069,19.5848086870054,-10.5965466126847
"state_time_baseline","none",4,2020,"Florida","FL","FL-603","Ft Myers, Cape Coral/Lee County CoC",2019,2020,5.79956242040296,19.5848086870054,-13.7852462666024
"state_time_baseline","none",4,2020,"Florida","FL","FL-604","Monroe County CoC",2019,2020,50.8141120807232,19.5848086870054,31.2293033937178
"state_time_baseline","none",4,2020,"Florida","FL","FL-605","West Palm Beach/Palm Beach County CoC",2019,2020,10.1057219132876,19.5848086870054,-9.4790867737178
"state_time_baseline","none",4,2020,"Florida","FL","FL-606","Naples/Collier County CoC",2019,2020,15.980833600564,19.5848086870054,-3.60397508644139
"pooled_lasso","min",4,2020,"California","CA","CA-500","San Jose/Santa Clara City & County CoC",2019,2020,49.7320784591495,22.7147142511308,27.0173642080187
"pooled_lasso","min",4,2020,"California","CA","CA-501","San Francisco CoC",2019,2020,92.8309674234607,127.245652318786,-34.4146848953251
"pooled_lasso","min",4,2020,"California","CA","CA-502","Oakland, Berkeley/Alameda County CoC",2019,2020,48.42043000579,28.054254519125,20.366175486665
"pooled_lasso","min",4,2020,"California","CA","CA-503","Sacramento City & County CoC",2019,2020,34.730953276753,33.88614801298,0.844805263773033
"pooled_lasso","min",4,2020,"California","CA","CA-504","Santa Rosa, Petaluma/Sonoma County CoC",2019,2020,56.1908154116361,47.4034762331263,8.78733917850975
"pooled_lasso","min",4,2020,"California","CA","CA-505","Contra Costa County CoC",2019,2020,19.5241324965766,20.1227278016422,-0.598595305065594
"pooled_lasso","min",4,2020,"California","CA","CA-506","Salinas/Monterey, San Benito Counties CoC",2019,2020,53.1268192420864,34.9674975162806,18.1593217258058
"pooled_lasso","min",4,2020,"California","CA","CA-507","Marin County CoC",2019,2020,39.489241860127,49.0356965966512,-9.5464547365242
"pooled_lasso","min",4,2020,"California","CA","CA-508","Watsonville/Santa Cruz City & County CoC",2019,2020,83.0150354359393,56.0041561296617,27.0108793062776
"pooled_lasso","min",4,2020,"California","CA","CA-509","Mendocino County CoC",2019,2020,82.213075272584,85.3598179272919,-3.14674265470789
"pooled_lasso","min",4,2020,"California","CA","CA-510","Turlock, Modesto/Stanislaus County CoC",2019,2020,38.052959895395,36.0798885328888,1.97307136250621
"pooled_lasso","min",4,2020,"California","CA","CA-511","Stockton/San Joaquin County CoC",2019,2020,34.2933419418973,31.9743443630952,2.31899757880207
"pooled_lasso","min",4,2020,"California","CA","CA-512","Daly City/San Mateo County CoC",2019,2020,20.6126358604792,27.8292018625418,-7.21656600206259
"pooled_lasso","min",4,2020,"California","CA","CA-513","Visalia/Kings, Tulare Counties CoC",2019,2020,20.6947830637852,23.9272441379179,-3.23246107413269
"pooled_lasso","min",4,2020,"California","CA","CA-514","Fresno City & County/Madera County CoC",2019,2020,31.227513145831,25.7767218227331,5.45079132309789
"pooled_lasso","min",4,2020,"California","CA","CA-515","Roseville, Rocklin/Placer County CoC",2019,2020,18.3264321835796,28.7080441787882,-10.3816119952086
"pooled_lasso","min",4,2020,"California","CA","CA-516","Redding/Shasta, Siskiyou, Lassen, Plumas, Del Norte, Modoc, Sierra Counties CoC",2019,2020,48.113231295942,31.7933696394423,16.3198616564997
"pooled_lasso","min",4,2020,"California","CA","CA-517","Napa City & County CoC",2019,2020,33.750118198151,37.9027781898311,-4.15265999168015
"pooled_lasso","min",4,2020,"California","CA","CA-518","Vallejo/Solano County CoC",2019,2020,25.6571611521434,33.9141205011608,-8.25695934901743
"pooled_lasso","min",4,2020,"California","CA","CA-519","Chico, Paradise/Butte County CoC",2019,2020,60.6077905272973,52.8593811374132,7.7484093898841
"pooled_lasso","min",4,2020,"California","CA","CA-520","Merced City & County CoC",2019,2020,22.4818395517772,32.536891407815,-10.0550518560378
"pooled_lasso","min",4,2020,"California","CA","CA-521","Davis, Woodland/Yolo County CoC",2019,2020,29.4360764144012,31.6623375677631,-2.22626115336194
"pooled_lasso","min",4,2020,"California","CA","CA-522","Humboldt County CoC",2019,2020,124.800070433902,51.0541365565765,73.7459338773255
"pooled_lasso","min",4,2020,"California","CA","CA-523","Colusa, Glenn, Trinity Counties CoC",2019,2020,39.0449690333004,37.5091851879507,1.53578384534968
"pooled_lasso","min",4,2020,"California","CA","CA-524","Yuba City & County/Sutter County CoC",2019,2020,39.7334935164417,31.5752489689945,8.15824454744723
"pooled_lasso","min",4,2020,"California","CA","CA-525","El Dorado County CoC",2019,2020,34.6690232538682,27.6786143206274,6.99040893324084
"pooled_lasso","min",4,2020,"California","CA","CA-526","Amador, Calaveras, Mariposa, Tuolumne Counties CoC",2019,2020,52.646529684689,36.9019788481122,15.7445508365768
"pooled_lasso","min",4,2020,"California","CA","CA-527","Tehama County CoC",2019,2020,45.6204379562044,39.144471722042,6.47596623416236
"pooled_lasso","min",4,2020,"California","CA","CA-529","Lake County CoC",2019,2020,52.3399014778325,39.4841037305426,12.8557977472899
"pooled_lasso","min",4,2020,"California","CA","CA-530","Alpine, Inyo, Mono Counties CoC",2019,2020,55.1046689227636,42.2829922783188,12.8216766444448
"pooled_lasso","min",4,2020,"California","CA","CA-531","Nevada County CoC",2019,2020,37.8373093468909,45.9073734530286,-8.07006410613774
"pooled_lasso","min",4,2020,"California","CA","CA-600","Los Angeles City & County CoC",2019,2020,69.2772021936024,26.1001649934696,43.1770372001328
"pooled_lasso","min",4,2020,"California","CA","CA-601","San Diego City and County CoC",2019,2020,23.137671874006,23.6043585806389,-0.466686706632888
"pooled_lasso","min",4,2020,"California","CA","CA-602","Santa Ana, Anaheim/Orange County CoC",2019,2020,21.9009235862401,9.71983093260657,12.1810926536335
"pooled_lasso","min",4,2020,"California","CA","CA-603","Santa Maria/Santa Barbara County CoC",2019,2020,42.3130541459878,44.8648361099314,-2.55178196394358
"pooled_lasso","min",4,2020,"California","CA","CA-604","Bakersfield/Kern County CoC",2019,2020,17.440063578966,44.9661538735664,-27.5260902946004
"pooled_lasso","min",4,2020,"California","CA","CA-606","Long Beach CoC",2019,2020,43.632558270088,43.1787638310944,0.453794438993633
"pooled_lasso","min",4,2020,"California","CA","CA-607","Pasadena CoC",2019,2020,37.6070703875653,59.9196386366409,-22.3125682490756
"pooled_lasso","min",4,2020,"California","CA","CA-608","Riverside City & County CoC",2019,2020,11.8955010752972,16.2148780872703,-4.31937701197305
"pooled_lasso","min",4,2020,"California","CA","CA-609","San Bernardino City & County CoC",2019,2020,14.3138512275559,18.0857793949654,-3.77192816740953
"pooled_lasso","min",4,2020,"California","CA","CA-611","Oxnard, San Buenaventura/Ventura County CoC",2019,2020,21.1781799564585,26.138073242513,-4.9598932860545
"pooled_lasso","min",4,2020,"California","CA","CA-612","Glendale CoC",2019,2020,8.6933726695118,30.8125505251618,-22.11917785565
"pooled_lasso","min",4,2020,"California","CA","CA-613","Imperial County CoC",2019,2020,85.0544749682508,34.634838916707,50.4196360515438
"pooled_lasso","min",4,2020,"California","CA","CA-614","San Luis Obispo County CoC",2019,2020,50.4150472796069,42.6445310043942,7.77051627521268
"pooled_lasso","min",4,2020,"Florida","FL","FL-500","Sarasota, Bradenton/Manatee, Sarasota Counties CoC",2019,2020,12.4599586577617,16.1183213804306,-3.65836272266887
"pooled_lasso","min",4,2020,"Florida","FL","FL-501","Tampa/Hillsborough County CoC",2019,2020,9.90284031465388,13.4708923489931,-3.56805203433925
"pooled_lasso","min",4,2020,"Florida","FL","FL-502","St. Petersburg, Clearwater, Largo/Pinellas County CoC",2019,2020,23.1922109178427,27.7528155656587,-4.56060464781598
"pooled_lasso","min",4,2020,"Florida","FL","FL-503","Lakeland/Polk County CoC",2019,2020,8.38186230736782,12.884969788719,-4.50310748135117
"pooled_lasso","min",4,2020,"Florida","FL","FL-504","Deltona, Daytona Beach/Volusia, Flagler Counties CoC",2019,2020,13.4559451759543,19.5997659932924,-6.14382081733805
"pooled_lasso","min",4,2020,"Florida","FL","FL-505","Fort Walton Beach/Okaloosa, Walton Counties CoC",2019,2020,12.1883040895059,24.6583286624904,-12.4700245729845
"pooled_lasso","min",4,2020,"Florida","FL","FL-506","Tallahassee/Leon County CoC",2019,2020,17.9748483105292,27.3220610224209,-9.34721271189168
"pooled_lasso","min",4,2020,"Florida","FL","FL-507","Orlando/Orange, Osceola, Seminole Counties CoC",2019,2020,8.74811318410834,9.56446625677266,-0.816353072664317
"pooled_lasso","min",4,2020,"Florida","FL","FL-508","Gainesville/Alachua, Putnam Counties CoC",2019,2020,18.8695314054083,29.2534431020774,-10.3839116966691
"pooled_lasso","min",4,2020,"Florida","FL","FL-509","Fort Pierce/St. Lucie, Indian River, Martin Counties CoC",2019,2020,21.1970247308869,15.351720636748,5.8453040941389
"pooled_lasso","min",4,2020,"Florida","FL","FL-510","Jacksonville-Duval, Clay Counties CoC",2019,2020,10.3361825206501,17.6369504017033,-7.30076788105317
"pooled_lasso","min",4,2020,"Florida","FL","FL-511","Pensacola/Escambia, Santa Rosa Counties CoC",2019,2020,14.582531066069,22.1139361669595,-7.53140510089045
"pooled_lasso","min",4,2020,"Florida","FL","FL-512","St. Johns County CoC",2019,2020,13.2434080665707,13.9195645261512,-0.676156459580541
"pooled_lasso","min",4,2020,"Florida","FL","FL-513","Palm Bay, Melbourne/Brevard County CoC",2019,2020,15.4410979606252,15.4906442657717,-0.0495463051464657
"pooled_lasso","min",4,2020,"Florida","FL","FL-514","Ocala/Marion County CoC",2019,2020,13.8568006952246,17.8575235879546,-4.00072289273004
"pooled_lasso","min",4,2020,"Florida","FL","FL-515","Panama City/Bay, Jackson Counties CoC",2019,2020,13.0710965801258,19.3544737062684,-6.2833771261426
"pooled_lasso","min",4,2020,"Florida","FL","FL-517","Hendry, Hardee, Highlands Counties CoC",2019,2020,15.9771008103522,14.0470026396566,1.93009817069561
"pooled_lasso","min",4,2020,"Florida","FL","FL-519","Pasco County CoC",2019,2020,15.8609604888991,14.426713353552,1.43424713534715
"pooled_lasso","min",4,2020,"Florida","FL","FL-520","Citrus, Hernando, Lake, Sumter Counties CoC",2019,2020,8.1113481568317,7.28258959535748,0.828758561474219
"pooled_lasso","min",4,2020,"Florida","FL","FL-600","Miami-Dade County CoC",2019,2020,13.2071040864487,18.3018221174178,-5.09471803096909
"pooled_lasso","min",4,2020,"Florida","FL","FL-601","Ft Lauderdale/Broward County CoC",2019,2020,11.3767516003863,14.2891544946807,-2.91240289429441
"pooled_lasso","min",4,2020,"Florida","FL","FL-602","Charlotte County CoC",2019,2020,8.98826207432069,27.0400634832515,-18.0518014089308
"pooled_lasso","min",4,2020,"Florida","FL","FL-603","Ft Myers, Cape Coral/Lee County CoC",2019,2020,5.79956242040296,12.7282040986173,-6.92864167821433
"pooled_lasso","min",4,2020,"Florida","FL","FL-604","Monroe County CoC",2019,2020,50.8141120807232,84.3367838689177,-33.5226717881945
"pooled_lasso","min",4,2020,"Florida","FL","FL-605","West Palm Beach/Palm Beach County CoC",2019,2020,10.1057219132876,10.0684605958203,0.0372613174672516
"pooled_lasso","min",4,2020,"Florida","FL","FL-606","Naples/Collier County CoC",2019,2020,15.980833600564,16.5771853848343,-0.596351784270283
"pooled_lasso","1se",4,2020,"California","CA","CA-500","San Jose/Santa Clara City & County CoC",2019,2020,49.7320784591495,24.3929565667534,25.3391218923961
"pooled_lasso","1se",4,2020,"California","CA","CA-501","San Francisco CoC",2019,2020,92.8309674234607,104.67751706791,-11.8465496444488
"pooled_lasso","1se",4,2020,"California","CA","CA-502","Oakland, Berkeley/Alameda County CoC",2019,2020,48.42043000579,27.7763961014721,20.6440339043179
"pooled_lasso","1se",4,2020,"California","CA","CA-503","Sacramento City & County CoC",2019,2020,34.730953276753,28.7655100120155,5.96544326473753
"pooled_lasso","1se",4,2020,"California","CA","CA-504","Santa Rosa, Petaluma/Sonoma County CoC",2019,2020,56.1908154116361,38.195773039452,17.9950423721841
"pooled_lasso","1se",4,2020,"California","CA","CA-505","Contra Costa County CoC",2019,2020,19.5241324965766,21.5816974092534,-2.05756491267676
"pooled_lasso","1se",4,2020,"California","CA","CA-506","Salinas/Monterey, San Benito Counties CoC",2019,2020,53.1268192420864,30.8660610089075,22.2607582331789
"pooled_lasso","1se",4,2020,"California","CA","CA-507","Marin County CoC",2019,2020,39.489241860127,40.6657576834631,-1.17651582333612
"pooled_lasso","1se",4,2020,"California","CA","CA-508","Watsonville/Santa Cruz City & County CoC",2019,2020,83.0150354359393,43.3191908186207,39.6958446173186
"pooled_lasso","1se",4,2020,"California","CA","CA-509","Mendocino County CoC",2019,2020,82.213075272584,66.7371915130208,15.4758837595632
"pooled_lasso","1se",4,2020,"California","CA","CA-510","Turlock, Modesto/Stanislaus County CoC",2019,2020,38.052959895395,32.2595484278672,5.79341146752776
"pooled_lasso","1se",4,2020,"California","CA","CA-511","Stockton/San Joaquin County CoC",2019,2020,34.2933419418973,30.4368509390605,3.85649100283683
"pooled_lasso","1se",4,2020,"California","CA","CA-512","Daly City/San Mateo County CoC",2019,2020,20.6126358604792,28.2579749542531,-7.64533909377392
"pooled_lasso","1se",4,2020,"California","CA","CA-513","Visalia/Kings, Tulare Counties CoC",2019,2020,20.6947830637852,22.9692229278305,-2.27443986404533
"pooled_lasso","1se",4,2020,"California","CA","CA-514","Fresno City & County/Madera County CoC",2019,2020,31.227513145831,22.0307934033555,9.19671974247551
"pooled_lasso","1se",4,2020,"California","CA","CA-515","Roseville, Rocklin/Placer County CoC",2019,2020,18.3264321835796,29.020885933603,-10.6944537500234
"pooled_lasso","1se",4,2020,"California","CA","CA-516","Redding/Shasta, Siskiyou, Lassen, Plumas, Del Norte, Modoc, Sierra Counties CoC",2019,2020,48.113231295942,36.3125117101713,11.8007195857707
"pooled_lasso","1se",4,2020,"California","CA","CA-517","Napa City & County CoC",2019,2020,33.750118198151,35.3019737738762,-1.55185557572518
"pooled_lasso","1se",4,2020,"California","CA","CA-518","Vallejo/Solano County CoC",2019,2020,25.6571611521434,28.0071763550284,-2.35001520288504
"pooled_lasso","1se",4,2020,"California","CA","CA-519","Chico, Paradise/Butte County CoC",2019,2020,60.6077905272973,45.6366971725102,14.9710933547871
"pooled_lasso","1se",4,2020,"California","CA","CA-520","Merced City & County CoC",2019,2020,22.4818395517772,32.6464759553287,-10.1646364035515
"pooled_lasso","1se",4,2020,"California","CA","CA-521","Davis, Woodland/Yolo County CoC",2019,2020,29.4360764144012,33.9490882914408,-4.51301187703962
"pooled_lasso","1se",4,2020,"California","CA","CA-522","Humboldt County CoC",2019,2020,124.800070433902,45.5567961191156,79.2432743147864
"pooled_lasso","1se",4,2020,"California","CA","CA-523","Colusa, Glenn, Trinity Counties CoC",2019,2020,39.0449690333004,38.9488718435576,0.0960971897427569
"pooled_lasso","1se",4,2020,"California","CA","CA-524","Yuba City & County/Sutter County CoC",2019,2020,39.7334935164417,32.6835790333157,7.04991448312603
"pooled_lasso","1se",4,2020,"California","CA","CA-525","El Dorado County CoC",2019,2020,34.6690232538682,27.9580455969678,6.71097765690042
"pooled_lasso","1se",4,2020,"California","CA","CA-526","Amador, Calaveras, Mariposa, Tuolumne Counties CoC",2019,2020,52.646529684689,33.9021255675278,18.7444041171612
"pooled_lasso","1se",4,2020,"California","CA","CA-527","Tehama County CoC",2019,2020,45.6204379562044,36.2098958280832,9.41054212812116
"pooled_lasso","1se",4,2020,"California","CA","CA-529","Lake County CoC",2019,2020,52.3399014778325,35.8864834712146,16.4534180066179
"pooled_lasso","1se",4,2020,"California","CA","CA-530","Alpine, Inyo, Mono Counties CoC",2019,2020,55.1046689227636,39.0136162851805,16.0910526375831
"pooled_lasso","1se",4,2020,"California","CA","CA-531","Nevada County CoC",2019,2020,37.8373093468909,39.9378154050606,-2.10050605816967
"pooled_lasso","1se",4,2020,"California","CA","CA-600","Los Angeles City & County CoC",2019,2020,69.2772021936024,21.0013723698876,48.2758298237148
"pooled_lasso","1se",4,2020,"California","CA","CA-601","San Diego City and County CoC",2019,2020,23.137671874006,19.9602396608323,3.17743221317371
"pooled_lasso","1se",4,2020,"California","CA","CA-602","Santa Ana, Anaheim/Orange County CoC",2019,2020,21.9009235862401,16.0900563010428,5.81086728519734
"pooled_lasso","1se",4,2020,"California","CA","CA-603","Santa Maria/Santa Barbara County CoC",2019,2020,42.3130541459878,37.0989113528346,5.21414279315323
"pooled_lasso","1se",4,2020,"California","CA","CA-604","Bakersfield/Kern County CoC",2019,2020,17.440063578966,32.8697676984536,-15.4297041194875
"pooled_lasso","1se",4,2020,"California","CA","CA-606","Long Beach CoC",2019,2020,43.632558270088,41.8752337557601,1.75732451432788
"pooled_lasso","1se",4,2020,"California","CA","CA-607","Pasadena CoC",2019,2020,37.6070703875653,50.0594049440123,-12.452334556447
"pooled_lasso","1se",4,2020,"California","CA","CA-608","Riverside City & County CoC",2019,2020,11.8955010752972,13.8884622135491,-1.99296113825191
"pooled_lasso","1se",4,2020,"California","CA","CA-609","San Bernardino City & County CoC",2019,2020,14.3138512275559,14.6796608971122,-0.36580966955632
"pooled_lasso","1se",4,2020,"California","CA","CA-611","Oxnard, San Buenaventura/Ventura County CoC",2019,2020,21.1781799564585,21.6532698979587,-0.475089941500169
"pooled_lasso","1se",4,2020,"California","CA","CA-612","Glendale CoC",2019,2020,8.6933726695118,32.842994620486,-24.1496219509742
"pooled_lasso","1se",4,2020,"California","CA","CA-613","Imperial County CoC",2019,2020,85.0544749682508,33.9685956833161,51.0858792849347
"pooled_lasso","1se",4,2020,"California","CA","CA-614","San Luis Obispo County CoC",2019,2020,50.4150472796069,33.1730045634461,17.2420427161608
"pooled_lasso","1se",4,2020,"Florida","FL","FL-500","Sarasota, Bradenton/Manatee, Sarasota Counties CoC",2019,2020,12.4599586577617,15.2855610205073,-2.82560236274565
"pooled_lasso","1se",4,2020,"Florida","FL","FL-501","Tampa/Hillsborough County CoC",2019,2020,9.90284031465388,13.0496149076766,-3.14677459302267
"pooled_lasso","1se",4,2020,"Florida","FL","FL-502","St. Petersburg, Clearwater, Largo/Pinellas County CoC",2019,2020,23.1922109178427,25.6637183408018,-2.47150742295909
"pooled_lasso","1se",4,2020,"Florida","FL","FL-503","Lakeland/Polk County CoC",2019,2020,8.38186230736782,14.1174731558352,-5.73561084846739
"pooled_lasso","1se",4,2020,"Florida","FL","FL-504","Deltona, Daytona Beach/Volusia, Flagler Counties CoC",2019,2020,13.4559451759543,15.7672205707601,-2.31127539480575
"pooled_lasso","1se",4,2020,"Florida","FL","FL-505","Fort Walton Beach/Okaloosa, Walton Counties CoC",2019,2020,12.1883040895059,18.8935157263149,-6.70521163680898
"pooled_lasso","1se",4,2020,"Florida","FL","FL-506","Tallahassee/Leon County CoC",2019,2020,17.9748483105292,25.4660277223063,-7.49117941177714
"pooled_lasso","1se",4,2020,"Florida","FL","FL-507","Orlando/Orange, Osceola, Seminole Counties CoC",2019,2020,8.74811318410834,9.12459182978512,-0.376478645676782
"pooled_lasso","1se",4,2020,"Florida","FL","FL-508","Gainesville/Alachua, Putnam Counties CoC",2019,2020,18.8695314054083,24.2016477808329,-5.33211637542459
"pooled_lasso","1se",4,2020,"Florida","FL","FL-509","Fort Pierce/St. Lucie, Indian River, Martin Counties CoC",2019,2020,21.1970247308869,12.9988351380712,8.19818959281571
"pooled_lasso","1se",4,2020,"Florida","FL","FL-510","Jacksonville-Duval, Clay Counties CoC",2019,2020,10.3361825206501,15.9481941784301,-5.61201165778003
"pooled_lasso","1se",4,2020,"Florida","FL","FL-511","Pensacola/Escambia, Santa Rosa Counties CoC",2019,2020,14.582531066069,21.4487022568557,-6.86617119078675
"pooled_lasso","1se",4,2020,"Florida","FL","FL-512","St. Johns County CoC",2019,2020,13.2434080665707,17.6406259206886,-4.39721785411789
"pooled_lasso","1se",4,2020,"Florida","FL","FL-513","Palm Bay, Melbourne/Brevard County CoC",2019,2020,15.4410979606252,15.7014582481767,-0.260360287551512
"pooled_lasso","1se",4,2020,"Florida","FL","FL-514","Ocala/Marion County CoC",2019,2020,13.8568006952246,18.3756421474933,-4.5188414522687
"pooled_lasso","1se",4,2020,"Florida","FL","FL-515","Panama City/Bay, Jackson Counties CoC",2019,2020,13.0710965801258,16.78587583317,-3.71477925304425
"pooled_lasso","1se",4,2020,"Florida","FL","FL-517","Hendry, Hardee, Highlands Counties CoC",2019,2020,15.9771008103522,16.2955137447717,-0.318412934419458
"pooled_lasso","1se",4,2020,"Florida","FL","FL-519","Pasco County CoC",2019,2020,15.8609604888991,14.4932649069757,1.36769558192343
"pooled_lasso","1se",4,2020,"Florida","FL","FL-520","Citrus, Hernando, Lake, Sumter Counties CoC",2019,2020,8.1113481568317,9.32846574115983,-1.21711758432813
"pooled_lasso","1se",4,2020,"Florida","FL","FL-600","Miami-Dade County CoC",2019,2020,13.2071040864487,14.1816620724588,-0.974557986010108
"pooled_lasso","1se",4,2020,"Florida","FL","FL-601","Ft Lauderdale/Broward County CoC",2019,2020,11.3767516003863,10.9325928191239,0.444158781262386
"pooled_lasso","1se",4,2020,"Florida","FL","FL-602","Charlotte County CoC",2019,2020,8.98826207432069,21.5994888318937,-12.611226757573
"pooled_lasso","1se",4,2020,"Florida","FL","FL-603","Ft Myers, Cape Coral/Lee County CoC",2019,2020,5.79956242040296,11.8359369462066,-6.03637452580366
"pooled_lasso","1se",4,2020,"Florida","FL","FL-604","Monroe County CoC",2019,2020,50.8141120807232,64.3626228751228,-13.5485107943996
"pooled_lasso","1se",4,2020,"Florida","FL","FL-605","West Palm Beach/Palm Beach County CoC",2019,2020,10.1057219132876,8.48927762311056,1.61644429017704
"pooled_lasso","1se",4,2020,"Florida","FL","FL-606","Naples/Collier County CoC",2019,2020,15.980833600564,18.0367474190929,-2.05591381852889
"pooled_lasso_state_interactions","min",4,2020,"California","CA","CA-500","San Jose/Santa Clara City & County CoC",2019,2020,49.7320784591495,24.736042410684,24.9960360484655
"pooled_lasso_state_interactions","min",4,2020,"California","CA","CA-501","San Francisco CoC",2019,2020,92.8309674234607,133.099241097359,-40.2682736738981
"pooled_lasso_state_interactions","min",4,2020,"California","CA","CA-502","Oakland, Berkeley/Alameda County CoC",2019,2020,48.42043000579,29.852406630457,18.568023375333
"pooled_lasso_state_interactions","min",4,2020,"California","CA","CA-503","Sacramento City & County CoC",2019,2020,34.730953276753,35.2746543333574,-0.543701056604434
"pooled_lasso_state_interactions","min",4,2020,"California","CA","CA-504","Santa Rosa, Petaluma/Sonoma County CoC",2019,2020,56.1908154116361,52.9139142887287,3.27690112290741
"pooled_lasso_state_interactions","min",4,2020,"California","CA","CA-505","Contra Costa County CoC",2019,2020,19.5241324965766,19.123727124181,0.400405372395593
"pooled_lasso_state_interactions","min",4,2020,"California","CA","CA-506","Salinas/Monterey, San Benito Counties CoC",2019,2020,53.1268192420864,39.7786198192906,13.3481994227958
"pooled_lasso_state_interactions","min",4,2020,"California","CA","CA-507","Marin County CoC",2019,2020,39.489241860127,54.4663254522331,-14.9770835921061
"pooled_lasso_state_interactions","min",4,2020,"California","CA","CA-508","Watsonville/Santa Cruz City & County CoC",2019,2020,83.0150354359393,61.6578058073835,21.3572296285558
"pooled_lasso_state_interactions","min",4,2020,"California","CA","CA-509","Mendocino County CoC",2019,2020,82.213075272584,98.0628649647648,-15.8497896921808
"pooled_lasso_state_interactions","min",4,2020,"California","CA","CA-510","Turlock, Modesto/Stanislaus County CoC",2019,2020,38.052959895395,38.2539093537143,-0.200949458319293
"pooled_lasso_state_interactions","min",4,2020,"California","CA","CA-511","Stockton/San Joaquin County CoC",2019,2020,34.2933419418973,34.7880076486701,-0.494665706772814
"pooled_lasso_state_interactions","min",4,2020,"California","CA","CA-512","Daly City/San Mateo County CoC",2019,2020,20.6126358604792,29.2261959249061,-8.6135600644269
"pooled_lasso_state_interactions","min",4,2020,"California","CA","CA-513","Visalia/Kings, Tulare Counties CoC",2019,2020,20.6947830637852,23.1406234989594,-2.4458404351742
"pooled_lasso_state_interactions","min",4,2020,"California","CA","CA-514","Fresno City & County/Madera County CoC",2019,2020,31.227513145831,25.1695493590813,6.05796378674974
"pooled_lasso_state_interactions","min",4,2020,"California","CA","CA-515","Roseville, Rocklin/Placer County CoC",2019,2020,18.3264321835796,27.9513981415929,-9.62496595801328
"pooled_lasso_state_interactions","min",4,2020,"California","CA","CA-516","Redding/Shasta, Siskiyou, Lassen, Plumas, Del Norte, Modoc, Sierra Counties CoC",2019,2020,48.113231295942,38.2403842559811,9.87284703996094
"pooled_lasso_state_interactions","min",4,2020,"California","CA","CA-517","Napa City & County CoC",2019,2020,33.750118198151,38.3888992428543,-4.63878104470325
"pooled_lasso_state_interactions","min",4,2020,"California","CA","CA-518","Vallejo/Solano County CoC",2019,2020,25.6571611521434,35.3614674778607,-9.70430632571732
"pooled_lasso_state_interactions","min",4,2020,"California","CA","CA-519","Chico, Paradise/Butte County CoC",2019,2020,60.6077905272973,63.0120627603422,-2.40427223304486
"pooled_lasso_state_interactions","min",4,2020,"California","CA","CA-520","Merced City & County CoC",2019,2020,22.4818395517772,32.0844534931693,-9.60261394139207
"pooled_lasso_state_interactions","min",4,2020,"California","CA","CA-521","Davis, Woodland/Yolo County CoC",2019,2020,29.4360764144012,34.0527112319949,-4.61663481759368
"pooled_lasso_state_interactions","min",4,2020,"California","CA","CA-522","Humboldt County CoC",2019,2020,124.800070433902,61.1697913946743,63.6302790392277
"pooled_lasso_state_interactions","min",4,2020,"California","CA","CA-523","Colusa, Glenn, Trinity Counties CoC",2019,2020,39.0449690333004,36.1307485696301,2.91422046367025
"pooled_lasso_state_interactions","min",4,2020,"California","CA","CA-524","Yuba City & County/Sutter County CoC",2019,2020,39.7334935164417,31.8574352455136,7.87605827092812
"pooled_lasso_state_interactions","min",4,2020,"California","CA","CA-525","El Dorado County CoC",2019,2020,34.6690232538682,24.8064951890838,9.86252806478441
"pooled_lasso_state_interactions","min",4,2020,"California","CA","CA-526","Amador, Calaveras, Mariposa, Tuolumne Counties CoC",2019,2020,52.646529684689,38.3273667303379,14.3191629543511
"pooled_lasso_state_interactions","min",4,2020,"California","CA","CA-527","Tehama County CoC",2019,2020,45.6204379562044,38.384283408996,7.23615454720844
"pooled_lasso_state_interactions","min",4,2020,"California","CA","CA-529","Lake County CoC",2019,2020,52.3399014778325,38.4767965356294,13.8631049422031
"pooled_lasso_state_interactions","min",4,2020,"California","CA","CA-530","Alpine, Inyo, Mono Counties CoC",2019,2020,55.1046689227636,39.8503183373762,15.2543505853874
"pooled_lasso_state_interactions","min",4,2020,"California","CA","CA-531","Nevada County CoC",2019,2020,37.8373093468909,50.3277941213992,-12.4904847745083
"pooled_lasso_state_interactions","min",4,2020,"California","CA","CA-600","Los Angeles City & County CoC",2019,2020,69.2772021936024,33.8643507401841,35.4128514534183
"pooled_lasso_state_interactions","min",4,2020,"California","CA","CA-601","San Diego City and County CoC",2019,2020,23.137671874006,28.0042252987217,-4.86655342471568
"pooled_lasso_state_interactions","min",4,2020,"California","CA","CA-602","Santa Ana, Anaheim/Orange County CoC",2019,2020,21.9009235862401,10.5533449111275,11.3475786751126
"pooled_lasso_state_interactions","min",4,2020,"California","CA","CA-603","Santa Maria/Santa Barbara County CoC",2019,2020,42.3130541459878,50.4011965401078,-8.08814239411998
"pooled_lasso_state_interactions","min",4,2020,"California","CA","CA-604","Bakersfield/Kern County CoC",2019,2020,17.440063578966,45.2739168021507,-27.8338532231847
"pooled_lasso_state_interactions","min",4,2020,"California","CA","CA-606","Long Beach CoC",2019,2020,43.632558270088,45.1142458862354,-1.48168761614743
"pooled_lasso_state_interactions","min",4,2020,"California","CA","CA-607","Pasadena CoC",2019,2020,37.6070703875653,63.1591786153687,-25.5521082278034
"pooled_lasso_state_interactions","min",4,2020,"California","CA","CA-608","Riverside City & County CoC",2019,2020,11.8955010752972,15.7453103191498,-3.84980924385263
"pooled_lasso_state_interactions","min",4,2020,"California","CA","CA-609","San Bernardino City & County CoC",2019,2020,14.3138512275559,17.7320179110522,-3.41816668349628
"pooled_lasso_state_interactions","min",4,2020,"California","CA","CA-611","Oxnard, San Buenaventura/Ventura County CoC",2019,2020,21.1781799564585,25.6500032791545,-4.47182332269599
"pooled_lasso_state_interactions","min",4,2020,"California","CA","CA-612","Glendale CoC",2019,2020,8.6933726695118,30.6216794297545,-21.9283067602427
"pooled_lasso_state_interactions","min",4,2020,"California","CA","CA-613","Imperial County CoC",2019,2020,85.0544749682508,36.5854025158087,48.4690724524421
"pooled_lasso_state_interactions","min",4,2020,"California","CA","CA-614","San Luis Obispo County CoC",2019,2020,50.4150472796069,43.4290440138504,6.98600326575652
"pooled_lasso_state_interactions","min",4,2020,"Florida","FL","FL-500","Sarasota, Bradenton/Manatee, Sarasota Counties CoC",2019,2020,12.4599586577617,15.9234320261971,-3.46347336843543
"pooled_lasso_state_interactions","min",4,2020,"Florida","FL","FL-501","Tampa/Hillsborough County CoC",2019,2020,9.90284031465388,10.1544488596153,-0.251608544961401
"pooled_lasso_state_interactions","min",4,2020,"Florida","FL","FL-502","St. Petersburg, Clearwater, Largo/Pinellas County CoC",2019,2020,23.1922109178427,23.3784570470688,-0.18624612922606
"pooled_lasso_state_interactions","min",4,2020,"Florida","FL","FL-503","Lakeland/Polk County CoC",2019,2020,8.38186230736782,11.0690422907621,-2.68717998339426
"pooled_lasso_state_interactions","min",4,2020,"Florida","FL","FL-504","Deltona, Daytona Beach/Volusia, Flagler Counties CoC",2019,2020,13.4559451759543,20.5574705483603,-7.10152537240602
"pooled_lasso_state_interactions","min",4,2020,"Florida","FL","FL-505","Fort Walton Beach/Okaloosa, Walton Counties CoC",2019,2020,12.1883040895059,25.509826593473,-13.3215225039671
"pooled_lasso_state_interactions","min",4,2020,"Florida","FL","FL-506","Tallahassee/Leon County CoC",2019,2020,17.9748483105292,22.1009142687706,-4.12606595824142
"pooled_lasso_state_interactions","min",4,2020,"Florida","FL","FL-507","Orlando/Orange, Osceola, Seminole Counties CoC",2019,2020,8.74811318410834,8.41293670414752,0.335176479960824
"pooled_lasso_state_interactions","min",4,2020,"Florida","FL","FL-508","Gainesville/Alachua, Putnam Counties CoC",2019,2020,18.8695314054083,25.7386385429062,-6.86910713749795
"pooled_lasso_state_interactions","min",4,2020,"Florida","FL","FL-509","Fort Pierce/St. Lucie, Indian River, Martin Counties CoC",2019,2020,21.1970247308869,17.9280496546235,3.26897507626344
"pooled_lasso_state_interactions","min",4,2020,"Florida","FL","FL-510","Jacksonville-Duval, Clay Counties CoC",2019,2020,10.3361825206501,14.5033716889607,-4.16718916831056
"pooled_lasso_state_interactions","min",4,2020,"Florida","FL","FL-511","Pensacola/Escambia, Santa Rosa Counties CoC",2019,2020,14.582531066069,19.3436714983008,-4.76114043223176
"pooled_lasso_state_interactions","min",4,2020,"Florida","FL","FL-512","St. Johns County CoC",2019,2020,13.2434080665707,14.5259375582549,-1.28252949168416
"pooled_lasso_state_interactions","min",4,2020,"Florida","FL","FL-513","Palm Bay, Melbourne/Brevard County CoC",2019,2020,15.4410979606252,15.6760563756778,-0.234958415052633
"pooled_lasso_state_interactions","min",4,2020,"Florida","FL","FL-514","Ocala/Marion County CoC",2019,2020,13.8568006952246,17.3339915173174,-3.47719082209282
"pooled_lasso_state_interactions","min",4,2020,"Florida","FL","FL-515","Panama City/Bay, Jackson Counties CoC",2019,2020,13.0710965801258,23.9637074613258,-10.8926108812
"pooled_lasso_state_interactions","min",4,2020,"Florida","FL","FL-517","Hendry, Hardee, Highlands Counties CoC",2019,2020,15.9771008103522,14.1796949424986,1.79740586785362
"pooled_lasso_state_interactions","min",4,2020,"Florida","FL","FL-519","Pasco County CoC",2019,2020,15.8609604888991,13.6208578456414,2.24010264325771
"pooled_lasso_state_interactions","min",4,2020,"Florida","FL","FL-520","Citrus, Hernando, Lake, Sumter Counties CoC",2019,2020,8.1113481568317,8.77564602237363,-0.664297865541934
"pooled_lasso_state_interactions","min",4,2020,"Florida","FL","FL-600","Miami-Dade County CoC",2019,2020,13.2071040864487,18.7128437675581,-5.50573968110939
"pooled_lasso_state_interactions","min",4,2020,"Florida","FL","FL-601","Ft Lauderdale/Broward County CoC",2019,2020,11.3767516003863,15.2456192488641,-3.86886764847783
"pooled_lasso_state_interactions","min",4,2020,"Florida","FL","FL-602","Charlotte County CoC",2019,2020,8.98826207432069,31.0339112706503,-22.0456491963296
"pooled_lasso_state_interactions","min",4,2020,"Florida","FL","FL-603","Ft Myers, Cape Coral/Lee County CoC",2019,2020,5.79956242040296,13.8729609616638,-8.07339854126085
"pooled_lasso_state_interactions","min",4,2020,"Florida","FL","FL-604","Monroe County CoC",2019,2020,50.8141120807232,81.698118898568,-30.8840068178448
"pooled_lasso_state_interactions","min",4,2020,"Florida","FL","FL-605","West Palm Beach/Palm Beach County CoC",2019,2020,10.1057219132876,10.2363991044937,-0.130677191206097
"pooled_lasso_state_interactions","min",4,2020,"Florida","FL","FL-606","Naples/Collier County CoC",2019,2020,15.980833600564,16.7772862936906,-0.796452693126572
"pooled_lasso_state_interactions","1se",4,2020,"California","CA","CA-500","San Jose/Santa Clara City & County CoC",2019,2020,49.7320784591495,22.595199387233,27.1368790719165
"pooled_lasso_state_interactions","1se",4,2020,"California","CA","CA-501","San Francisco CoC",2019,2020,92.8309674234607,122.033862785327,-29.202895361866
"pooled_lasso_state_interactions","1se",4,2020,"California","CA","CA-502","Oakland, Berkeley/Alameda County CoC",2019,2020,48.42043000579,27.7338641640447,20.6865658417453
"pooled_lasso_state_interactions","1se",4,2020,"California","CA","CA-503","Sacramento City & County CoC",2019,2020,34.730953276753,31.7340847699638,2.99686850678919
"pooled_lasso_state_interactions","1se",4,2020,"California","CA","CA-504","Santa Rosa, Petaluma/Sonoma County CoC",2019,2020,56.1908154116361,44.4305019308393,11.7603134807968
"pooled_lasso_state_interactions","1se",4,2020,"California","CA","CA-505","Contra Costa County CoC",2019,2020,19.5241324965766,20.1378670546836,-0.613734558106959
"pooled_lasso_state_interactions","1se",4,2020,"California","CA","CA-506","Salinas/Monterey, San Benito Counties CoC",2019,2020,53.1268192420864,32.9833700746416,20.1434491674448
"pooled_lasso_state_interactions","1se",4,2020,"California","CA","CA-507","Marin County CoC",2019,2020,39.489241860127,47.2921285705597,-7.80288671043268
"pooled_lasso_state_interactions","1se",4,2020,"California","CA","CA-508","Watsonville/Santa Cruz City & County CoC",2019,2020,83.0150354359393,52.5368920987049,30.4781433372344
"pooled_lasso_state_interactions","1se",4,2020,"California","CA","CA-509","Mendocino County CoC",2019,2020,82.213075272584,80.5583357107718,1.65473956181216
"pooled_lasso_state_interactions","1se",4,2020,"California","CA","CA-510","Turlock, Modesto/Stanislaus County CoC",2019,2020,38.052959895395,34.4093514545688,3.64360844082623
"pooled_lasso_state_interactions","1se",4,2020,"California","CA","CA-511","Stockton/San Joaquin County CoC",2019,2020,34.2933419418973,31.0051594689025,3.28818247299478
"pooled_lasso_state_interactions","1se",4,2020,"California","CA","CA-512","Daly City/San Mateo County CoC",2019,2020,20.6126358604792,27.6466101217369,-7.03397426125768
"pooled_lasso_state_interactions","1se",4,2020,"California","CA","CA-513","Visalia/Kings, Tulare Counties CoC",2019,2020,20.6947830637852,23.7915268019744,-3.09674373818919
"pooled_lasso_state_interactions","1se",4,2020,"California","CA","CA-514","Fresno City & County/Madera County CoC",2019,2020,31.227513145831,24.8694409553708,6.35807219046016
"pooled_lasso_state_interactions","1se",4,2020,"California","CA","CA-515","Roseville, Rocklin/Placer County CoC",2019,2020,18.3264321835796,28.4740647786767,-10.1476325950971
"pooled_lasso_state_interactions","1se",4,2020,"California","CA","CA-516","Redding/Shasta, Siskiyou, Lassen, Plumas, Del Norte, Modoc, Sierra Counties CoC",2019,2020,48.113231295942,34.5613574420198,13.5518738539222
"pooled_lasso_state_interactions","1se",4,2020,"California","CA","CA-517","Napa City & County CoC",2019,2020,33.750118198151,37.6195289014312,-3.86941070328024
"pooled_lasso_state_interactions","1se",4,2020,"California","CA","CA-518","Vallejo/Solano County CoC",2019,2020,25.6571611521434,29.4486287759361,-3.79146762379272
"pooled_lasso_state_interactions","1se",4,2020,"California","CA","CA-519","Chico, Paradise/Butte County CoC",2019,2020,60.6077905272973,52.7041747390405,7.90361578825684
"pooled_lasso_state_interactions","1se",4,2020,"California","CA","CA-520","Merced City & County CoC",2019,2020,22.4818395517772,33.072665883704,-10.5908263319268
"pooled_lasso_state_interactions","1se",4,2020,"California","CA","CA-521","Davis, Woodland/Yolo County CoC",2019,2020,29.4360764144012,33.5483098029871,-4.11223338858593
"pooled_lasso_state_interactions","1se",4,2020,"California","CA","CA-522","Humboldt County CoC",2019,2020,124.800070433902,50.1090348553105,74.6910355785915
"pooled_lasso_state_interactions","1se",4,2020,"California","CA","CA-523","Colusa, Glenn, Trinity Counties CoC",2019,2020,39.0449690333004,39.024464304098,0.0205047292024432
"pooled_lasso_state_interactions","1se",4,2020,"California","CA","CA-524","Yuba City & County/Sutter County CoC",2019,2020,39.7334935164417,31.6030529281497,8.13044058829196
"pooled_lasso_state_interactions","1se",4,2020,"California","CA","CA-525","El Dorado County CoC",2019,2020,34.6690232538682,27.768881268934,6.9001419849342
"pooled_lasso_state_interactions","1se",4,2020,"California","CA","CA-526","Amador, Calaveras, Mariposa, Tuolumne Counties CoC",2019,2020,52.646529684689,36.4681501599138,16.1783795247752
"pooled_lasso_state_interactions","1se",4,2020,"California","CA","CA-527","Tehama County CoC",2019,2020,45.6204379562044,37.8996156131016,7.72082234310285
"pooled_lasso_state_interactions","1se",4,2020,"California","CA","CA-529","Lake County CoC",2019,2020,52.3399014778325,39.3444501821701,12.9954512956623
"pooled_lasso_state_interactions","1se",4,2020,"California","CA","CA-530","Alpine, Inyo, Mono Counties CoC",2019,2020,55.1046689227636,40.624429577773,14.4802393449906
"pooled_lasso_state_interactions","1se",4,2020,"California","CA","CA-531","Nevada County CoC",2019,2020,37.8373093468909,44.1807581857434,-6.34344883885246
"pooled_lasso_state_interactions","1se",4,2020,"California","CA","CA-600","Los Angeles City & County CoC",2019,2020,69.2772021936024,24.7208319648681,44.5563702287343
"pooled_lasso_state_interactions","1se",4,2020,"California","CA","CA-601","San Diego City and County CoC",2019,2020,23.137671874006,21.9027213657507,1.23495050825533
"pooled_lasso_state_interactions","1se",4,2020,"California","CA","CA-602","Santa Ana, Anaheim/Orange County CoC",2019,2020,21.9009235862401,11.1202704034927,10.7806531827474
"pooled_lasso_state_interactions","1se",4,2020,"California","CA","CA-603","Santa Maria/Santa Barbara County CoC",2019,2020,42.3130541459878,42.5887015098828,-0.275647363895004
"pooled_lasso_state_interactions","1se",4,2020,"California","CA","CA-604","Bakersfield/Kern County CoC",2019,2020,17.440063578966,41.4150489814176,-23.9749854024516
"pooled_lasso_state_interactions","1se",4,2020,"California","CA","CA-606","Long Beach CoC",2019,2020,43.632558270088,42.4529927213127,1.17956554877526
"pooled_lasso_state_interactions","1se",4,2020,"California","CA","CA-607","Pasadena CoC",2019,2020,37.6070703875653,56.7893550314669,-19.1822846439016
"pooled_lasso_state_interactions","1se",4,2020,"California","CA","CA-608","Riverside City & County CoC",2019,2020,11.8955010752972,14.8173908971569,-2.92188982185971
"pooled_lasso_state_interactions","1se",4,2020,"California","CA","CA-609","San Bernardino City & County CoC",2019,2020,14.3138512275559,16.0232217875167,-1.70937055996083
"pooled_lasso_state_interactions","1se",4,2020,"California","CA","CA-611","Oxnard, San Buenaventura/Ventura County CoC",2019,2020,21.1781799564585,24.1112495571641,-2.93306960070563
"pooled_lasso_state_interactions","1se",4,2020,"California","CA","CA-612","Glendale CoC",2019,2020,8.6933726695118,31.1267334269102,-22.4333607573984
"pooled_lasso_state_interactions","1se",4,2020,"California","CA","CA-613","Imperial County CoC",2019,2020,85.0544749682508,35.0325939615375,50.0218810067133
"pooled_lasso_state_interactions","1se",4,2020,"California","CA","CA-614","San Luis Obispo County CoC",2019,2020,50.4150472796069,39.6417189033394,10.7733283762675
"pooled_lasso_state_interactions","1se",4,2020,"Florida","FL","FL-500","Sarasota, Bradenton/Manatee, Sarasota Counties CoC",2019,2020,12.4599586577617,15.3724218045909,-2.91246314682919
"pooled_lasso_state_interactions","1se",4,2020,"Florida","FL","FL-501","Tampa/Hillsborough County CoC",2019,2020,9.90284031465388,12.9734491584711,-3.07060884381727
"pooled_lasso_state_interactions","1se",4,2020,"Florida","FL","FL-502","St. Petersburg, Clearwater, Largo/Pinellas County CoC",2019,2020,23.1922109178427,27.5177886405617,-4.32557772271895
"pooled_lasso_state_interactions","1se",4,2020,"Florida","FL","FL-503","Lakeland/Polk County CoC",2019,2020,8.38186230736782,12.6063712357486,-4.22450892838078
"pooled_lasso_state_interactions","1se",4,2020,"Florida","FL","FL-504","Deltona, Daytona Beach/Volusia, Flagler Counties CoC",2019,2020,13.4559451759543,18.0405415335618,-4.58459635760747
"pooled_lasso_state_interactions","1se",4,2020,"Florida","FL","FL-505","Fort Walton Beach/Okaloosa, Walton Counties CoC",2019,2020,12.1883040895059,22.0232223860727,-9.83491829656681
"pooled_lasso_state_interactions","1se",4,2020,"Florida","FL","FL-506","Tallahassee/Leon County CoC",2019,2020,17.9748483105292,27.1195666986997,-9.14471838817045
"pooled_lasso_state_interactions","1se",4,2020,"Florida","FL","FL-507","Orlando/Orange, Osceola, Seminole Counties CoC",2019,2020,8.74811318410834,8.69590204123342,0.0522111428749223
"pooled_lasso_state_interactions","1se",4,2020,"Florida","FL","FL-508","Gainesville/Alachua, Putnam Counties CoC",2019,2020,18.8695314054083,29.1853513788333,-10.315819973425
"pooled_lasso_state_interactions","1se",4,2020,"Florida","FL","FL-509","Fort Pierce/St. Lucie, Indian River, Martin Counties CoC",2019,2020,21.1970247308869,14.7834819196217,6.41354281126521
"pooled_lasso_state_interactions","1se",4,2020,"Florida","FL","FL-510","Jacksonville-Duval, Clay Counties CoC",2019,2020,10.3361825206501,15.7768015139932,-5.44061899334312
"pooled_lasso_state_interactions","1se",4,2020,"Florida","FL","FL-511","Pensacola/Escambia, Santa Rosa Counties CoC",2019,2020,14.582531066069,21.7011518636507,-7.11862079758172
"pooled_lasso_state_interactions","1se",4,2020,"Florida","FL","FL-512","St. Johns County CoC",2019,2020,13.2434080665707,14.4631386065093,-1.21973053993858
"pooled_lasso_state_interactions","1se",4,2020,"Florida","FL","FL-513","Palm Bay, Melbourne/Brevard County CoC",2019,2020,15.4410979606252,15.0094386146895,0.431659345935728
"pooled_lasso_state_interactions","1se",4,2020,"Florida","FL","FL-514","Ocala/Marion County CoC",2019,2020,13.8568006952246,17.882212033205,-4.02541133798041
"pooled_lasso_state_interactions","1se",4,2020,"Florida","FL","FL-515","Panama City/Bay, Jackson Counties CoC",2019,2020,13.0710965801258,20.2601538353155,-7.18905725518975
"pooled_lasso_state_interactions","1se",4,2020,"Florida","FL","FL-517","Hendry, Hardee, Highlands Counties CoC",2019,2020,15.9771008103522,14.8423992901274,1.1347015202248
"pooled_lasso_state_interactions","1se",4,2020,"Florida","FL","FL-519","Pasco County CoC",2019,2020,15.8609604888991,13.5475666343711,2.31339385452798
"pooled_lasso_state_interactions","1se",4,2020,"Florida","FL","FL-520","Citrus, Hernando, Lake, Sumter Counties CoC",2019,2020,8.1113481568317,7.20343335577966,0.907914801052042
"pooled_lasso_state_interactions","1se",4,2020,"Florida","FL","FL-600","Miami-Dade County CoC",2019,2020,13.2071040864487,16.0525300370095,-2.84542595056079
"pooled_lasso_state_interactions","1se",4,2020,"Florida","FL","FL-601","Ft Lauderdale/Broward County CoC",2019,2020,11.3767516003863,12.2121935723083,-0.835441971921973
"pooled_lasso_state_interactions","1se",4,2020,"Florida","FL","FL-602","Charlotte County CoC",2019,2020,8.98826207432069,24.3999619770913,-15.4116999027706
"pooled_lasso_state_interactions","1se",4,2020,"Florida","FL","FL-603","Ft Myers, Cape Coral/Lee County CoC",2019,2020,5.79956242040296,11.9790646066075,-6.17950218620452
"pooled_lasso_state_interactions","1se",4,2020,"Florida","FL","FL-604","Monroe County CoC",2019,2020,50.8141120807232,78.9518306839507,-28.1377186032275
"pooled_lasso_state_interactions","1se",4,2020,"Florida","FL","FL-605","West Palm Beach/Palm Beach County CoC",2019,2020,10.1057219132876,9.73265135575648,0.37307055753112
"pooled_lasso_state_interactions","1se",4,2020,"Florida","FL","FL-606","Naples/Collier County CoC",2019,2020,15.980833600564,17.18127977488,-1.20044617431603
"separate_lasso_CA","min",4,2020,"California","CA","CA-500","San Jose/Santa Clara City & County CoC",2019,2020,49.7320784591495,26.1298106878865,23.602267771263
"separate_lasso_CA","min",4,2020,"California","CA","CA-501","San Francisco CoC",2019,2020,92.8309674234607,126.723239578708,-33.8922721552472
"separate_lasso_CA","min",4,2020,"California","CA","CA-502","Oakland, Berkeley/Alameda County CoC",2019,2020,48.42043000579,32.1216227202962,16.2988072854939
"separate_lasso_CA","min",4,2020,"California","CA","CA-503","Sacramento City & County CoC",2019,2020,34.730953276753,35.1790848815645,-0.448131604811515
"separate_lasso_CA","min",4,2020,"California","CA","CA-504","Santa Rosa, Petaluma/Sonoma County CoC",2019,2020,56.1908154116361,55.287327371973,0.903488039663074
"separate_lasso_CA","min",4,2020,"California","CA","CA-505","Contra Costa County CoC",2019,2020,19.5241324965766,19.0313902516447,0.49274224493189
"separate_lasso_CA","min",4,2020,"California","CA","CA-506","Salinas/Monterey, San Benito Counties CoC",2019,2020,53.1268192420864,41.8331660769208,11.2936531651656
"separate_lasso_CA","min",4,2020,"California","CA","CA-507","Marin County CoC",2019,2020,39.489241860127,60.061777332371,-20.572535472244
"separate_lasso_CA","min",4,2020,"California","CA","CA-508","Watsonville/Santa Cruz City & County CoC",2019,2020,83.0150354359393,67.0166723520059,15.9983630839334
"separate_lasso_CA","min",4,2020,"California","CA","CA-509","Mendocino County CoC",2019,2020,82.213075272584,107.491444837694,-25.2783695651101
"separate_lasso_CA","min",4,2020,"California","CA","CA-510","Turlock, Modesto/Stanislaus County CoC",2019,2020,38.052959895395,38.2270730689705,-0.17411317357552
"separate_lasso_CA","min",4,2020,"California","CA","CA-511","Stockton/San Joaquin County CoC",2019,2020,34.2933419418973,33.6815195511384,0.611822390758874
"separate_lasso_CA","min",4,2020,"California","CA","CA-512","Daly City/San Mateo County CoC",2019,2020,20.6126358604792,28.6993629767631,-8.08672711628391
"separate_lasso_CA","min",4,2020,"California","CA","CA-513","Visalia/Kings, Tulare Counties CoC",2019,2020,20.6947830637852,19.8070537530048,0.887729310780379
"separate_lasso_CA","min",4,2020,"California","CA","CA-514","Fresno City & County/Madera County CoC",2019,2020,31.227513145831,20.9501822257951,10.2773309200359
"separate_lasso_CA","min",4,2020,"California","CA","CA-515","Roseville, Rocklin/Placer County CoC",2019,2020,18.3264321835796,24.7064932193224,-6.38006103574282
"separate_lasso_CA","min",4,2020,"California","CA","CA-516","Redding/Shasta, Siskiyou, Lassen, Plumas, Del Norte, Modoc, Sierra Counties CoC",2019,2020,48.113231295942,44.566287095553,3.54694420038895
"separate_lasso_CA","min",4,2020,"California","CA","CA-517","Napa City & County CoC",2019,2020,33.750118198151,37.5597723585671,-3.80965416041608
"separate_lasso_CA","min",4,2020,"California","CA","CA-518","Vallejo/Solano County CoC",2019,2020,25.6571611521434,31.5050547713949,-5.84789361925149
"separate_lasso_CA","min",4,2020,"California","CA","CA-519","Chico, Paradise/Butte County CoC",2019,2020,60.6077905272973,69.0656582287964,-8.4578677014991
"separate_lasso_CA","min",4,2020,"California","CA","CA-520","Merced City & County CoC",2019,2020,22.4818395517772,26.4931215321409,-4.01128198036371
"separate_lasso_CA","min",4,2020,"California","CA","CA-521","Davis, Woodland/Yolo County CoC",2019,2020,29.4360764144012,34.9489087313609,-5.51283231695965
"separate_lasso_CA","min",4,2020,"California","CA","CA-522","Humboldt County CoC",2019,2020,124.800070433902,77.625683107662,47.17438732624
"separate_lasso_CA","min",4,2020,"California","CA","CA-523","Colusa, Glenn, Trinity Counties CoC",2019,2020,39.0449690333004,32.6191806542442,6.42578837905624
"separate_lasso_CA","min",4,2020,"California","CA","CA-524","Yuba City & County/Sutter County CoC",2019,2020,39.7334935164417,26.6568624406146,13.0766310758271
"separate_lasso_CA","min",4,2020,"California","CA","CA-525","El Dorado County CoC",2019,2020,34.6690232538682,23.5902861400882,11.07873711378
"separate_lasso_CA","min",4,2020,"California","CA","CA-526","Amador, Calaveras, Mariposa, Tuolumne Counties CoC",2019,2020,52.646529684689,45.5201645640153,7.12636512067374
"separate_lasso_CA","min",4,2020,"California","CA","CA-527","Tehama County CoC",2019,2020,45.6204379562044,37.374408409523,8.24602954668136
"separate_lasso_CA","min",4,2020,"California","CA","CA-529","Lake County CoC",2019,2020,52.3399014778325,42.8786472187032,9.46125425912934
"separate_lasso_CA","min",4,2020,"California","CA","CA-530","Alpine, Inyo, Mono Counties CoC",2019,2020,55.1046689227636,45.1018546589439,10.0028142638197
"separate_lasso_CA","min",4,2020,"California","CA","CA-531","Nevada County CoC",2019,2020,37.8373093468909,58.0443480378667,-20.2070386909758
"separate_lasso_CA","min",4,2020,"California","CA","CA-600","Los Angeles City & County CoC",2019,2020,69.2772021936024,48.7131907803847,20.5640114132177
"separate_lasso_CA","min",4,2020,"California","CA","CA-601","San Diego City and County CoC",2019,2020,23.137671874006,38.3572204097915,-15.2195485357855
"separate_lasso_CA","min",4,2020,"California","CA","CA-602","Santa Ana, Anaheim/Orange County CoC",2019,2020,21.9009235862401,19.4902501299056,2.41067345633449
"separate_lasso_CA","min",4,2020,"California","CA","CA-603","Santa Maria/Santa Barbara County CoC",2019,2020,42.3130541459878,55.1211080762787,-12.8080539302909
"separate_lasso_CA","min",4,2020,"California","CA","CA-604","Bakersfield/Kern County CoC",2019,2020,17.440063578966,40.5614898641519,-23.1214262851859
"separate_lasso_CA","min",4,2020,"California","CA","CA-606","Long Beach CoC",2019,2020,43.632558270088,49.8842997404845,-6.25174147039651
"separate_lasso_CA","min",4,2020,"California","CA","CA-607","Pasadena CoC",2019,2020,37.6070703875653,62.2155840775476,-24.6085136899823
"separate_lasso_CA","min",4,2020,"California","CA","CA-608","Riverside City & County CoC",2019,2020,11.8955010752972,16.8534351302162,-4.95793405491901
"separate_lasso_CA","min",4,2020,"California","CA","CA-609","San Bernardino City & County CoC",2019,2020,14.3138512275559,18.7418651305759,-4.42801390302003
"separate_lasso_CA","min",4,2020,"California","CA","CA-611","Oxnard, San Buenaventura/Ventura County CoC",2019,2020,21.1781799564585,25.7383177703801,-4.56013781392157
"separate_lasso_CA","min",4,2020,"California","CA","CA-612","Glendale CoC",2019,2020,8.6933726695118,33.6535937028529,-24.960221033341
"separate_lasso_CA","min",4,2020,"California","CA","CA-613","Imperial County CoC",2019,2020,85.0544749682508,38.1552897417375,46.8991852265133
"separate_lasso_CA","min",4,2020,"California","CA","CA-614","San Luis Obispo County CoC",2019,2020,50.4150472796069,46.0273652468467,4.38768203276024
"separate_lasso_CA","1se",4,2020,"California","CA","CA-500","San Jose/Santa Clara City & County CoC",2019,2020,49.7320784591495,28.1938788080183,21.5381996511312
"separate_lasso_CA","1se",4,2020,"California","CA","CA-501","San Francisco CoC",2019,2020,92.8309674234607,119.44916714338,-26.6181997199188
"separate_lasso_CA","1se",4,2020,"California","CA","CA-502","Oakland, Berkeley/Alameda County CoC",2019,2020,48.42043000579,33.2367303454704,15.1836996603196
"separate_lasso_CA","1se",4,2020,"California","CA","CA-503","Sacramento City & County CoC",2019,2020,34.730953276753,34.3588446575122,0.372108619240784
"separate_lasso_CA","1se",4,2020,"California","CA","CA-504","Santa Rosa, Petaluma/Sonoma County CoC",2019,2020,56.1908154116361,51.0324783358621,5.15833707577401
"separate_lasso_CA","1se",4,2020,"California","CA","CA-505","Contra Costa County CoC",2019,2020,19.5241324965766,22.7549152695055,-3.23078277292889
"separate_lasso_CA","1se",4,2020,"California","CA","CA-506","Salinas/Monterey, San Benito Counties CoC",2019,2020,53.1268192420864,40.7628485820223,12.3639706600641
"separate_lasso_CA","1se",4,2020,"California","CA","CA-507","Marin County CoC",2019,2020,39.489241860127,53.8008065634753,-14.3115647033483
"separate_lasso_CA","1se",4,2020,"California","CA","CA-508","Watsonville/Santa Cruz City & County CoC",2019,2020,83.0150354359393,59.1207846322,23.8942508037393
"separate_lasso_CA","1se",4,2020,"California","CA","CA-509","Mendocino County CoC",2019,2020,82.213075272584,96.4945009179797,-14.2814256453957
"separate_lasso_CA","1se",4,2020,"California","CA","CA-510","Turlock, Modesto/Stanislaus County CoC",2019,2020,38.052959895395,39.1448673066108,-1.09190741121585
"separate_lasso_CA","1se",4,2020,"California","CA","CA-511","Stockton/San Joaquin County CoC",2019,2020,34.2933419418973,34.2752415642291,0.0181003776681763
"separate_lasso_CA","1se",4,2020,"California","CA","CA-512","Daly City/San Mateo County CoC",2019,2020,20.6126358604792,30.2877874180357,-9.67515155755646
"separate_lasso_CA","1se",4,2020,"California","CA","CA-513","Visalia/Kings, Tulare Counties CoC",2019,2020,20.6947830637852,22.8095973280202,-2.11481426423498
"separate_lasso_CA","1se",4,2020,"California","CA","CA-514","Fresno City & County/Madera County CoC",2019,2020,31.227513145831,22.1307025803197,9.09681056551131
"separate_lasso_CA","1se",4,2020,"California","CA","CA-515","Roseville, Rocklin/Placer County CoC",2019,2020,18.3264321835796,27.3181995772931,-8.99176739371353
"separate_lasso_CA","1se",4,2020,"California","CA","CA-516","Redding/Shasta, Siskiyou, Lassen, Plumas, Del Norte, Modoc, Sierra Counties CoC",2019,2020,48.113231295942,52.0788237013951,-3.96559240545307
"separate_lasso_CA","1se",4,2020,"California","CA","CA-517","Napa City & County CoC",2019,2020,33.750118198151,38.3830891185206,-4.6329709203696
"separate_lasso_CA","1se",4,2020,"California","CA","CA-518","Vallejo/Solano County CoC",2019,2020,25.6571611521434,28.6957302329116,-3.03856908076819
"separate_lasso_CA","1se",4,2020,"California","CA","CA-519","Chico, Paradise/Butte County CoC",2019,2020,60.6077905272973,63.5501958781806,-2.9424053508833
"separate_lasso_CA","1se",4,2020,"California","CA","CA-520","Merced City & County CoC",2019,2020,22.4818395517772,29.8070193690102,-7.32517981723304
"separate_lasso_CA","1se",4,2020,"California","CA","CA-521","Davis, Woodland/Yolo County CoC",2019,2020,29.4360764144012,35.2180716276248,-5.78199521322359
"separate_lasso_CA","1se",4,2020,"California","CA","CA-522","Humboldt County CoC",2019,2020,124.800070433902,72.1647081663729,52.6353622675291
"separate_lasso_CA","1se",4,2020,"California","CA","CA-523","Colusa, Glenn, Trinity Counties CoC",2019,2020,39.0449690333004,39.1157702058079,-0.0708011725074655
"separate_lasso_CA","1se",4,2020,"California","CA","CA-524","Yuba City & County/Sutter County CoC",2019,2020,39.7334935164417,30.6115002989411,9.12199321750057
"separate_lasso_CA","1se",4,2020,"California","CA","CA-525","El Dorado County CoC",2019,2020,34.6690232538682,26.7279808923021,7.94104236156612
"separate_lasso_CA","1se",4,2020,"California","CA","CA-526","Amador, Calaveras, Mariposa, Tuolumne Counties CoC",2019,2020,52.646529684689,46.4102361312941,6.23629355339489
"separate_lasso_CA","1se",4,2020,"California","CA","CA-527","Tehama County CoC",2019,2020,45.6204379562044,37.4973616177005,8.12307633850393
"separate_lasso_CA","1se",4,2020,"California","CA","CA-529","Lake County CoC",2019,2020,52.3399014778325,42.8383416551788,9.5015598226537
"separate_lasso_CA","1se",4,2020,"California","CA","CA-530","Alpine, Inyo, Mono Counties CoC",2019,2020,55.1046689227636,46.1042932769757,9.00037564578792
"separate_lasso_CA","1se",4,2020,"California","CA","CA-531","Nevada County CoC",2019,2020,37.8373093468909,54.0973443473993,-16.2600350005084
"separate_lasso_CA","1se",4,2020,"California","CA","CA-600","Los Angeles City & County CoC",2019,2020,69.2772021936024,44.6419275907643,24.6352746028381
"separate_lasso_CA","1se",4,2020,"California","CA","CA-601","San Diego City and County CoC",2019,2020,23.137671874006,36.2953520400098,-13.1576801660038
"separate_lasso_CA","1se",4,2020,"California","CA","CA-602","Santa Ana, Anaheim/Orange County CoC",2019,2020,21.9009235862401,25.650885821297,-3.74996223505688
"separate_lasso_CA","1se",4,2020,"California","CA","CA-603","Santa Maria/Santa Barbara County CoC",2019,2020,42.3130541459878,50.2501043612873,-7.93705021529955
"separate_lasso_CA","1se",4,2020,"California","CA","CA-604","Bakersfield/Kern County CoC",2019,2020,17.440063578966,36.2643230253037,-18.8242594463377
"separate_lasso_CA","1se",4,2020,"California","CA","CA-606","Long Beach CoC",2019,2020,43.632558270088,51.5435809707034,-7.91102270061538
"separate_lasso_CA","1se",4,2020,"California","CA","CA-607","Pasadena CoC",2019,2020,37.6070703875653,57.817385705566,-20.2103153180008
"separate_lasso_CA","1se",4,2020,"California","CA","CA-608","Riverside City & County CoC",2019,2020,11.8955010752972,17.5114724355038,-5.61597136020664
"separate_lasso_CA","1se",4,2020,"California","CA","CA-609","San Bernardino City & County CoC",2019,2020,14.3138512275559,19.1710140312818,-4.85716280372593
"separate_lasso_CA","1se",4,2020,"California","CA","CA-611","Oxnard, San Buenaventura/Ventura County CoC",2019,2020,21.1781799564585,26.5478642289841,-5.36968427252561
"separate_lasso_CA","1se",4,2020,"California","CA","CA-612","Glendale CoC",2019,2020,8.6933726695118,36.4245447642529,-27.7311720947411
"separate_lasso_CA","1se",4,2020,"California","CA","CA-613","Imperial County CoC",2019,2020,85.0544749682508,39.24008164553,45.8143933227208
"separate_lasso_CA","1se",4,2020,"California","CA","CA-614","San Luis Obispo County CoC",2019,2020,50.4150472796069,41.4750684091005,8.93997887050642
"separate_lasso_FL","min",4,2020,"Florida","FL","FL-500","Sarasota, Bradenton/Manatee, Sarasota Counties CoC",2019,2020,12.4599586577617,4.77090477829598,7.68905387946572
"separate_lasso_FL","min",4,2020,"Florida","FL","FL-501","Tampa/Hillsborough County CoC",2019,2020,9.90284031465388,6.29790382839434,3.60493648625954
"separate_lasso_FL","min",4,2020,"Florida","FL","FL-502","St. Petersburg, Clearwater, Largo/Pinellas County CoC",2019,2020,23.1922109178427,20.6922881755122,2.4999227423305
"separate_lasso_FL","min",4,2020,"Florida","FL","FL-503","Lakeland/Polk County CoC",2019,2020,8.38186230736782,4.60616538383682,3.775696923531
"separate_lasso_FL","min",4,2020,"Florida","FL","FL-504","Deltona, Daytona Beach/Volusia, Flagler Counties CoC",2019,2020,13.4559451759543,7.78185551249499,5.67408966345931
"separate_lasso_FL","min",4,2020,"Florida","FL","FL-505","Fort Walton Beach/Okaloosa, Walton Counties CoC",2019,2020,12.1883040895059,23.1577803524737,-10.9694762629678
"separate_lasso_FL","min",4,2020,"Florida","FL","FL-506","Tallahassee/Leon County CoC",2019,2020,17.9748483105292,7.00619206934475,10.9686562411845
"separate_lasso_FL","min",4,2020,"Florida","FL","FL-507","Orlando/Orange, Osceola, Seminole Counties CoC",2019,2020,8.74811318410834,-3.69686253984524,12.4449757239536
"separate_lasso_FL","min",4,2020,"Florida","FL","FL-508","Gainesville/Alachua, Putnam Counties CoC",2019,2020,18.8695314054083,19.7626060828785,-0.893074677470214
"separate_lasso_FL","min",4,2020,"Florida","FL","FL-509","Fort Pierce/St. Lucie, Indian River, Martin Counties CoC",2019,2020,21.1970247308869,11.2508989693304,9.9461257615565
"separate_lasso_FL","min",4,2020,"Florida","FL","FL-510","Jacksonville-Duval, Clay Counties CoC",2019,2020,10.3361825206501,6.22365317454247,4.11252934610763
"separate_lasso_FL","min",4,2020,"Florida","FL","FL-511","Pensacola/Escambia, Santa Rosa Counties CoC",2019,2020,14.582531066069,9.81355701500374,4.76897405106526
"separate_lasso_FL","min",4,2020,"Florida","FL","FL-512","St. Johns County CoC",2019,2020,13.2434080665707,16.4222097427207,-3.17880167615003
"separate_lasso_FL","min",4,2020,"Florida","FL","FL-513","Palm Bay, Melbourne/Brevard County CoC",2019,2020,15.4410979606252,12.3419173586756,3.09918060194962
"separate_lasso_FL","min",4,2020,"Florida","FL","FL-514","Ocala/Marion County CoC",2019,2020,13.8568006952246,10.6842541800328,3.17254651519176
"separate_lasso_FL","min",4,2020,"Florida","FL","FL-515","Panama City/Bay, Jackson Counties CoC",2019,2020,13.0710965801258,27.9457245968966,-14.8746280167708
"separate_lasso_FL","min",4,2020,"Florida","FL","FL-517","Hendry, Hardee, Highlands Counties CoC",2019,2020,15.9771008103522,16.0105615919694,-0.0334607816172134
"separate_lasso_FL","min",4,2020,"Florida","FL","FL-519","Pasco County CoC",2019,2020,15.8609604888991,11.2320721663591,4.62888832253997
"separate_lasso_FL","min",4,2020,"Florida","FL","FL-520","Citrus, Hernando, Lake, Sumter Counties CoC",2019,2020,8.1113481568317,-4.18695871522565,12.2983068720574
"separate_lasso_FL","min",4,2020,"Florida","FL","FL-600","Miami-Dade County CoC",2019,2020,13.2071040864487,9.69607639233571,3.51102769411299
"separate_lasso_FL","min",4,2020,"Florida","FL","FL-601","Ft Lauderdale/Broward County CoC",2019,2020,11.3767516003863,5.68962139700509,5.68713020338121
"separate_lasso_FL","min",4,2020,"Florida","FL","FL-602","Charlotte County CoC",2019,2020,8.98826207432069,24.4282257249391,-15.4399636506184
"separate_lasso_FL","min",4,2020,"Florida","FL","FL-603","Ft Myers, Cape Coral/Lee County CoC",2019,2020,5.79956242040296,7.54730057707765,-1.74773815667469
"separate_lasso_FL","min",4,2020,"Florida","FL","FL-604","Monroe County CoC",2019,2020,50.8141120807232,70.4584081570072,-19.644296076284
"separate_lasso_FL","min",4,2020,"Florida","FL","FL-605","West Palm Beach/Palm Beach County CoC",2019,2020,10.1057219132876,1.86466187137806,8.24106004190953
"separate_lasso_FL","min",4,2020,"Florida","FL","FL-606","Naples/Collier County CoC",2019,2020,15.980833600564,15.6458600579892,0.33497354257482
"separate_lasso_FL","1se",4,2020,"Florida","FL","FL-500","Sarasota, Bradenton/Manatee, Sarasota Counties CoC",2019,2020,12.4599586577617,6.0407661802604,6.4191924775013
"separate_lasso_FL","1se",4,2020,"Florida","FL","FL-501","Tampa/Hillsborough County CoC",2019,2020,9.90284031465388,3.42024516436837,6.48259515028551
"separate_lasso_FL","1se",4,2020,"Florida","FL","FL-502","St. Petersburg, Clearwater, Largo/Pinellas County CoC",2019,2020,23.1922109178427,13.8470559708468,9.34515494699587
"separate_lasso_FL","1se",4,2020,"Florida","FL","FL-503","Lakeland/Polk County CoC",2019,2020,8.38186230736782,6.14673058888739,2.23513171848043
"separate_lasso_FL","1se",4,2020,"Florida","FL","FL-504","Deltona, Daytona Beach/Volusia, Flagler Counties CoC",2019,2020,13.4559451759543,8.56976308465928,4.88618209129502
"separate_lasso_FL","1se",4,2020,"Florida","FL","FL-505","Fort Walton Beach/Okaloosa, Walton Counties CoC",2019,2020,12.1883040895059,16.451701911094,-4.26339782158814
"separate_lasso_FL","1se",4,2020,"Florida","FL","FL-506","Tallahassee/Leon County CoC",2019,2020,17.9748483105292,16.4384009045506,1.53644740597859
"separate_lasso_FL","1se",4,2020,"Florida","FL","FL-507","Orlando/Orange, Osceola, Seminole Counties CoC",2019,2020,8.74811318410834,-2.93375853730007,11.6818717214084
"separate_lasso_FL","1se",4,2020,"Florida","FL","FL-508","Gainesville/Alachua, Putnam Counties CoC",2019,2020,18.8695314054083,19.4533205398687,-0.583789134460375
"separate_lasso_FL","1se",4,2020,"Florida","FL","FL-509","Fort Pierce/St. Lucie, Indian River, Martin Counties CoC",2019,2020,21.1970247308869,7.30705196697425,13.8899727639126
"separate_lasso_FL","1se",4,2020,"Florida","FL","FL-510","Jacksonville-Duval, Clay Counties CoC",2019,2020,10.3361825206501,5.72074660093457,4.61543591971553
"separate_lasso_FL","1se",4,2020,"Florida","FL","FL-511","Pensacola/Escambia, Santa Rosa Counties CoC",2019,2020,14.582531066069,13.1349723921545,1.44755867391449
"separate_lasso_FL","1se",4,2020,"Florida","FL","FL-512","St. Johns County CoC",2019,2020,13.2434080665707,13.3731907107427,-0.129782644172025
"separate_lasso_FL","1se",4,2020,"Florida","FL","FL-513","Palm Bay, Melbourne/Brevard County CoC",2019,2020,15.4410979606252,7.8407991241115,7.60029883651369
"separate_lasso_FL","1se",4,2020,"Florida","FL","FL-514","Ocala/Marion County CoC",2019,2020,13.8568006952246,12.8422952100327,1.01450548519188
"separate_lasso_FL","1se",4,2020,"Florida","FL","FL-515","Panama City/Bay, Jackson Counties CoC",2019,2020,13.0710965801258,13.1129606419499,-0.0418640618241461
"separate_lasso_FL","1se",4,2020,"Florida","FL","FL-517","Hendry, Hardee, Highlands Counties CoC",2019,2020,15.9771008103522,13.8411048012052,2.13599600914701
"separate_lasso_FL","1se",4,2020,"Florida","FL","FL-519","Pasco County CoC",2019,2020,15.8609604888991,8.75159685592747,7.10936363297163
"separate_lasso_FL","1se",4,2020,"Florida","FL","FL-520","Citrus, Hernando, Lake, Sumter Counties CoC",2019,2020,8.1113481568317,1.85278449263897,6.25856366419273
"separate_lasso_FL","1se",4,2020,"Florida","FL","FL-600","Miami-Dade County CoC",2019,2020,13.2071040864487,2.20498584382576,11.0021182426229
"separate_lasso_FL","1se",4,2020,"Florida","FL","FL-601","Ft Lauderdale/Broward County CoC",2019,2020,11.3767516003863,-0.0943184304587897,11.4710700308451
"separate_lasso_FL","1se",4,2020,"Florida","FL","FL-602","Charlotte County CoC",2019,2020,8.98826207432069,19.8734915067407,-10.88522943242
"separate_lasso_FL","1se",4,2020,"Florida","FL","FL-603","Ft Myers, Cape Coral/Lee County CoC",2019,2020,5.79956242040296,5.52637112793849,0.273191292464473
"separate_lasso_FL","1se",4,2020,"Florida","FL","FL-604","Monroe County CoC",2019,2020,50.8141120807232,51.9261320139682,-1.11201993324495
"separate_lasso_FL","1se",4,2020,"Florida","FL","FL-605","West Palm Beach/Palm Beach County CoC",2019,2020,10.1057219132876,-0.269183002963507,10.3749049162511
"separate_lasso_FL","1se",4,2020,"Florida","FL","FL-606","Naples/Collier County CoC",2019,2020,15.980833600564,11.1167788383236,4.86405476224039
"separate_state_lasso","min",4,2020,"California","CA","CA-500","San Jose/Santa Clara City & County CoC",2019,2020,49.7320784591495,26.1298106878865,23.602267771263
"separate_state_lasso","min",4,2020,"California","CA","CA-501","San Francisco CoC",2019,2020,92.8309674234607,126.723239578708,-33.8922721552472
"separate_state_lasso","min",4,2020,"California","CA","CA-502","Oakland, Berkeley/Alameda County CoC",2019,2020,48.42043000579,32.1216227202962,16.2988072854939
"separate_state_lasso","min",4,2020,"California","CA","CA-503","Sacramento City & County CoC",2019,2020,34.730953276753,35.1790848815645,-0.448131604811515
"separate_state_lasso","min",4,2020,"California","CA","CA-504","Santa Rosa, Petaluma/Sonoma County CoC",2019,2020,56.1908154116361,55.287327371973,0.903488039663074
"separate_state_lasso","min",4,2020,"California","CA","CA-505","Contra Costa County CoC",2019,2020,19.5241324965766,19.0313902516447,0.49274224493189
"separate_state_lasso","min",4,2020,"California","CA","CA-506","Salinas/Monterey, San Benito Counties CoC",2019,2020,53.1268192420864,41.8331660769208,11.2936531651656
"separate_state_lasso","min",4,2020,"California","CA","CA-507","Marin County CoC",2019,2020,39.489241860127,60.061777332371,-20.572535472244
"separate_state_lasso","min",4,2020,"California","CA","CA-508","Watsonville/Santa Cruz City & County CoC",2019,2020,83.0150354359393,67.0166723520059,15.9983630839334
"separate_state_lasso","min",4,2020,"California","CA","CA-509","Mendocino County CoC",2019,2020,82.213075272584,107.491444837694,-25.2783695651101
"separate_state_lasso","min",4,2020,"California","CA","CA-510","Turlock, Modesto/Stanislaus County CoC",2019,2020,38.052959895395,38.2270730689705,-0.17411317357552
"separate_state_lasso","min",4,2020,"California","CA","CA-511","Stockton/San Joaquin County CoC",2019,2020,34.2933419418973,33.6815195511384,0.611822390758874
"separate_state_lasso","min",4,2020,"California","CA","CA-512","Daly City/San Mateo County CoC",2019,2020,20.6126358604792,28.6993629767631,-8.08672711628391
"separate_state_lasso","min",4,2020,"California","CA","CA-513","Visalia/Kings, Tulare Counties CoC",2019,2020,20.6947830637852,19.8070537530048,0.887729310780379
"separate_state_lasso","min",4,2020,"California","CA","CA-514","Fresno City & County/Madera County CoC",2019,2020,31.227513145831,20.9501822257951,10.2773309200359
"separate_state_lasso","min",4,2020,"California","CA","CA-515","Roseville, Rocklin/Placer County CoC",2019,2020,18.3264321835796,24.7064932193224,-6.38006103574282
"separate_state_lasso","min",4,2020,"California","CA","CA-516","Redding/Shasta, Siskiyou, Lassen, Plumas, Del Norte, Modoc, Sierra Counties CoC",2019,2020,48.113231295942,44.566287095553,3.54694420038895
"separate_state_lasso","min",4,2020,"California","CA","CA-517","Napa City & County CoC",2019,2020,33.750118198151,37.5597723585671,-3.80965416041608
"separate_state_lasso","min",4,2020,"California","CA","CA-518","Vallejo/Solano County CoC",2019,2020,25.6571611521434,31.5050547713949,-5.84789361925149
"separate_state_lasso","min",4,2020,"California","CA","CA-519","Chico, Paradise/Butte County CoC",2019,2020,60.6077905272973,69.0656582287964,-8.4578677014991
"separate_state_lasso","min",4,2020,"California","CA","CA-520","Merced City & County CoC",2019,2020,22.4818395517772,26.4931215321409,-4.01128198036371
"separate_state_lasso","min",4,2020,"California","CA","CA-521","Davis, Woodland/Yolo County CoC",2019,2020,29.4360764144012,34.9489087313609,-5.51283231695965
"separate_state_lasso","min",4,2020,"California","CA","CA-522","Humboldt County CoC",2019,2020,124.800070433902,77.625683107662,47.17438732624
"separate_state_lasso","min",4,2020,"California","CA","CA-523","Colusa, Glenn, Trinity Counties CoC",2019,2020,39.0449690333004,32.6191806542442,6.42578837905624
"separate_state_lasso","min",4,2020,"California","CA","CA-524","Yuba City & County/Sutter County CoC",2019,2020,39.7334935164417,26.6568624406146,13.0766310758271
"separate_state_lasso","min",4,2020,"California","CA","CA-525","El Dorado County CoC",2019,2020,34.6690232538682,23.5902861400882,11.07873711378
"separate_state_lasso","min",4,2020,"California","CA","CA-526","Amador, Calaveras, Mariposa, Tuolumne Counties CoC",2019,2020,52.646529684689,45.5201645640153,7.12636512067374
"separate_state_lasso","min",4,2020,"California","CA","CA-527","Tehama County CoC",2019,2020,45.6204379562044,37.374408409523,8.24602954668136
"separate_state_lasso","min",4,2020,"California","CA","CA-529","Lake County CoC",2019,2020,52.3399014778325,42.8786472187032,9.46125425912934
"separate_state_lasso","min",4,2020,"California","CA","CA-530","Alpine, Inyo, Mono Counties CoC",2019,2020,55.1046689227636,45.1018546589439,10.0028142638197
"separate_state_lasso","min",4,2020,"California","CA","CA-531","Nevada County CoC",2019,2020,37.8373093468909,58.0443480378667,-20.2070386909758
"separate_state_lasso","min",4,2020,"California","CA","CA-600","Los Angeles City & County CoC",2019,2020,69.2772021936024,48.7131907803847,20.5640114132177
"separate_state_lasso","min",4,2020,"California","CA","CA-601","San Diego City and County CoC",2019,2020,23.137671874006,38.3572204097915,-15.2195485357855
"separate_state_lasso","min",4,2020,"California","CA","CA-602","Santa Ana, Anaheim/Orange County CoC",2019,2020,21.9009235862401,19.4902501299056,2.41067345633449
"separate_state_lasso","min",4,2020,"California","CA","CA-603","Santa Maria/Santa Barbara County CoC",2019,2020,42.3130541459878,55.1211080762787,-12.8080539302909
"separate_state_lasso","min",4,2020,"California","CA","CA-604","Bakersfield/Kern County CoC",2019,2020,17.440063578966,40.5614898641519,-23.1214262851859
"separate_state_lasso","min",4,2020,"California","CA","CA-606","Long Beach CoC",2019,2020,43.632558270088,49.8842997404845,-6.25174147039651
"separate_state_lasso","min",4,2020,"California","CA","CA-607","Pasadena CoC",2019,2020,37.6070703875653,62.2155840775476,-24.6085136899823
"separate_state_lasso","min",4,2020,"California","CA","CA-608","Riverside City & County CoC",2019,2020,11.8955010752972,16.8534351302162,-4.95793405491901
"separate_state_lasso","min",4,2020,"California","CA","CA-609","San Bernardino City & County CoC",2019,2020,14.3138512275559,18.7418651305759,-4.42801390302003
"separate_state_lasso","min",4,2020,"California","CA","CA-611","Oxnard, San Buenaventura/Ventura County CoC",2019,2020,21.1781799564585,25.7383177703801,-4.56013781392157
"separate_state_lasso","min",4,2020,"California","CA","CA-612","Glendale CoC",2019,2020,8.6933726695118,33.6535937028529,-24.960221033341
"separate_state_lasso","min",4,2020,"California","CA","CA-613","Imperial County CoC",2019,2020,85.0544749682508,38.1552897417375,46.8991852265133
"separate_state_lasso","min",4,2020,"California","CA","CA-614","San Luis Obispo County CoC",2019,2020,50.4150472796069,46.0273652468467,4.38768203276024
"separate_state_lasso","min",4,2020,"Florida","FL","FL-500","Sarasota, Bradenton/Manatee, Sarasota Counties CoC",2019,2020,12.4599586577617,4.77090477829598,7.68905387946572
"separate_state_lasso","min",4,2020,"Florida","FL","FL-501","Tampa/Hillsborough County CoC",2019,2020,9.90284031465388,6.29790382839434,3.60493648625954
"separate_state_lasso","min",4,2020,"Florida","FL","FL-502","St. Petersburg, Clearwater, Largo/Pinellas County CoC",2019,2020,23.1922109178427,20.6922881755122,2.4999227423305
"separate_state_lasso","min",4,2020,"Florida","FL","FL-503","Lakeland/Polk County CoC",2019,2020,8.38186230736782,4.60616538383682,3.775696923531
"separate_state_lasso","min",4,2020,"Florida","FL","FL-504","Deltona, Daytona Beach/Volusia, Flagler Counties CoC",2019,2020,13.4559451759543,7.78185551249499,5.67408966345931
"separate_state_lasso","min",4,2020,"Florida","FL","FL-505","Fort Walton Beach/Okaloosa, Walton Counties CoC",2019,2020,12.1883040895059,23.1577803524737,-10.9694762629678
"separate_state_lasso","min",4,2020,"Florida","FL","FL-506","Tallahassee/Leon County CoC",2019,2020,17.9748483105292,7.00619206934475,10.9686562411845
"separate_state_lasso","min",4,2020,"Florida","FL","FL-507","Orlando/Orange, Osceola, Seminole Counties CoC",2019,2020,8.74811318410834,-3.69686253984524,12.4449757239536
"separate_state_lasso","min",4,2020,"Florida","FL","FL-508","Gainesville/Alachua, Putnam Counties CoC",2019,2020,18.8695314054083,19.7626060828785,-0.893074677470214
"separate_state_lasso","min",4,2020,"Florida","FL","FL-509","Fort Pierce/St. Lucie, Indian River, Martin Counties CoC",2019,2020,21.1970247308869,11.2508989693304,9.9461257615565
"separate_state_lasso","min",4,2020,"Florida","FL","FL-510","Jacksonville-Duval, Clay Counties CoC",2019,2020,10.3361825206501,6.22365317454247,4.11252934610763
"separate_state_lasso","min",4,2020,"Florida","FL","FL-511","Pensacola/Escambia, Santa Rosa Counties CoC",2019,2020,14.582531066069,9.81355701500374,4.76897405106526
"separate_state_lasso","min",4,2020,"Florida","FL","FL-512","St. Johns County CoC",2019,2020,13.2434080665707,16.4222097427207,-3.17880167615003
"separate_state_lasso","min",4,2020,"Florida","FL","FL-513","Palm Bay, Melbourne/Brevard County CoC",2019,2020,15.4410979606252,12.3419173586756,3.09918060194962
"separate_state_lasso","min",4,2020,"Florida","FL","FL-514","Ocala/Marion County CoC",2019,2020,13.8568006952246,10.6842541800328,3.17254651519176
"separate_state_lasso","min",4,2020,"Florida","FL","FL-515","Panama City/Bay, Jackson Counties CoC",2019,2020,13.0710965801258,27.9457245968966,-14.8746280167708
"separate_state_lasso","min",4,2020,"Florida","FL","FL-517","Hendry, Hardee, Highlands Counties CoC",2019,2020,15.9771008103522,16.0105615919694,-0.0334607816172134
"separate_state_lasso","min",4,2020,"Florida","FL","FL-519","Pasco County CoC",2019,2020,15.8609604888991,11.2320721663591,4.62888832253997
"separate_state_lasso","min",4,2020,"Florida","FL","FL-520","Citrus, Hernando, Lake, Sumter Counties CoC",2019,2020,8.1113481568317,-4.18695871522565,12.2983068720574
"separate_state_lasso","min",4,2020,"Florida","FL","FL-600","Miami-Dade County CoC",2019,2020,13.2071040864487,9.69607639233571,3.51102769411299
"separate_state_lasso","min",4,2020,"Florida","FL","FL-601","Ft Lauderdale/Broward County CoC",2019,2020,11.3767516003863,5.68962139700509,5.68713020338121
"separate_state_lasso","min",4,2020,"Florida","FL","FL-602","Charlotte County CoC",2019,2020,8.98826207432069,24.4282257249391,-15.4399636506184
"separate_state_lasso","min",4,2020,"Florida","FL","FL-603","Ft Myers, Cape Coral/Lee County CoC",2019,2020,5.79956242040296,7.54730057707765,-1.74773815667469
"separate_state_lasso","min",4,2020,"Florida","FL","FL-604","Monroe County CoC",2019,2020,50.8141120807232,70.4584081570072,-19.644296076284
"separate_state_lasso","min",4,2020,"Florida","FL","FL-605","West Palm Beach/Palm Beach County CoC",2019,2020,10.1057219132876,1.86466187137806,8.24106004190953
"separate_state_lasso","min",4,2020,"Florida","FL","FL-606","Naples/Collier County CoC",2019,2020,15.980833600564,15.6458600579892,0.33497354257482
"separate_state_lasso","1se",4,2020,"California","CA","CA-500","San Jose/Santa Clara City & County CoC",2019,2020,49.7320784591495,28.1938788080183,21.5381996511312
"separate_state_lasso","1se",4,2020,"California","CA","CA-501","San Francisco CoC",2019,2020,92.8309674234607,119.44916714338,-26.6181997199188
"separate_state_lasso","1se",4,2020,"California","CA","CA-502","Oakland, Berkeley/Alameda County CoC",2019,2020,48.42043000579,33.2367303454704,15.1836996603196
"separate_state_lasso","1se",4,2020,"California","CA","CA-503","Sacramento City & County CoC",2019,2020,34.730953276753,34.3588446575122,0.372108619240784
"separate_state_lasso","1se",4,2020,"California","CA","CA-504","Santa Rosa, Petaluma/Sonoma County CoC",2019,2020,56.1908154116361,51.0324783358621,5.15833707577401
"separate_state_lasso","1se",4,2020,"California","CA","CA-505","Contra Costa County CoC",2019,2020,19.5241324965766,22.7549152695055,-3.23078277292889
"separate_state_lasso","1se",4,2020,"California","CA","CA-506","Salinas/Monterey, San Benito Counties CoC",2019,2020,53.1268192420864,40.7628485820223,12.3639706600641
"separate_state_lasso","1se",4,2020,"California","CA","CA-507","Marin County CoC",2019,2020,39.489241860127,53.8008065634753,-14.3115647033483
"separate_state_lasso","1se",4,2020,"California","CA","CA-508","Watsonville/Santa Cruz City & County CoC",2019,2020,83.0150354359393,59.1207846322,23.8942508037393
"separate_state_lasso","1se",4,2020,"California","CA","CA-509","Mendocino County CoC",2019,2020,82.213075272584,96.4945009179797,-14.2814256453957
"separate_state_lasso","1se",4,2020,"California","CA","CA-510","Turlock, Modesto/Stanislaus County CoC",2019,2020,38.052959895395,39.1448673066108,-1.09190741121585
"separate_state_lasso","1se",4,2020,"California","CA","CA-511","Stockton/San Joaquin County CoC",2019,2020,34.2933419418973,34.2752415642291,0.0181003776681763
"separate_state_lasso","1se",4,2020,"California","CA","CA-512","Daly City/San Mateo County CoC",2019,2020,20.6126358604792,30.2877874180357,-9.67515155755646
"separate_state_lasso","1se",4,2020,"California","CA","CA-513","Visalia/Kings, Tulare Counties CoC",2019,2020,20.6947830637852,22.8095973280202,-2.11481426423498
"separate_state_lasso","1se",4,2020,"California","CA","CA-514","Fresno City & County/Madera County CoC",2019,2020,31.227513145831,22.1307025803197,9.09681056551131
"separate_state_lasso","1se",4,2020,"California","CA","CA-515","Roseville, Rocklin/Placer County CoC",2019,2020,18.3264321835796,27.3181995772931,-8.99176739371353
"separate_state_lasso","1se",4,2020,"California","CA","CA-516","Redding/Shasta, Siskiyou, Lassen, Plumas, Del Norte, Modoc, Sierra Counties CoC",2019,2020,48.113231295942,52.0788237013951,-3.96559240545307
"separate_state_lasso","1se",4,2020,"California","CA","CA-517","Napa City & County CoC",2019,2020,33.750118198151,38.3830891185206,-4.6329709203696
"separate_state_lasso","1se",4,2020,"California","CA","CA-518","Vallejo/Solano County CoC",2019,2020,25.6571611521434,28.6957302329116,-3.03856908076819
"separate_state_lasso","1se",4,2020,"California","CA","CA-519","Chico, Paradise/Butte County CoC",2019,2020,60.6077905272973,63.5501958781806,-2.9424053508833
"separate_state_lasso","1se",4,2020,"California","CA","CA-520","Merced City & County CoC",2019,2020,22.4818395517772,29.8070193690102,-7.32517981723304
"separate_state_lasso","1se",4,2020,"California","CA","CA-521","Davis, Woodland/Yolo County CoC",2019,2020,29.4360764144012,35.2180716276248,-5.78199521322359
"separate_state_lasso","1se",4,2020,"California","CA","CA-522","Humboldt County CoC",2019,2020,124.800070433902,72.1647081663729,52.6353622675291
"separate_state_lasso","1se",4,2020,"California","CA","CA-523","Colusa, Glenn, Trinity Counties CoC",2019,2020,39.0449690333004,39.1157702058079,-0.0708011725074655
"separate_state_lasso","1se",4,2020,"California","CA","CA-524","Yuba City & County/Sutter County CoC",2019,2020,39.7334935164417,30.6115002989411,9.12199321750057
"separate_state_lasso","1se",4,2020,"California","CA","CA-525","El Dorado County CoC",2019,2020,34.6690232538682,26.7279808923021,7.94104236156612
"separate_state_lasso","1se",4,2020,"California","CA","CA-526","Amador, Calaveras, Mariposa, Tuolumne Counties CoC",2019,2020,52.646529684689,46.4102361312941,6.23629355339489
"separate_state_lasso","1se",4,2020,"California","CA","CA-527","Tehama County CoC",2019,2020,45.6204379562044,37.4973616177005,8.12307633850393
"separate_state_lasso","1se",4,2020,"California","CA","CA-529","Lake County CoC",2019,2020,52.3399014778325,42.8383416551788,9.5015598226537
"separate_state_lasso","1se",4,2020,"California","CA","CA-530","Alpine, Inyo, Mono Counties CoC",2019,2020,55.1046689227636,46.1042932769757,9.00037564578792
"separate_state_lasso","1se",4,2020,"California","CA","CA-531","Nevada County CoC",2019,2020,37.8373093468909,54.0973443473993,-16.2600350005084
"separate_state_lasso","1se",4,2020,"California","CA","CA-600","Los Angeles City & County CoC",2019,2020,69.2772021936024,44.6419275907643,24.6352746028381
"separate_state_lasso","1se",4,2020,"California","CA","CA-601","San Diego City and County CoC",2019,2020,23.137671874006,36.2953520400098,-13.1576801660038
"separate_state_lasso","1se",4,2020,"California","CA","CA-602","Santa Ana, Anaheim/Orange County CoC",2019,2020,21.9009235862401,25.650885821297,-3.74996223505688
"separate_state_lasso","1se",4,2020,"California","CA","CA-603","Santa Maria/Santa Barbara County CoC",2019,2020,42.3130541459878,50.2501043612873,-7.93705021529955
"separate_state_lasso","1se",4,2020,"California","CA","CA-604","Bakersfield/Kern County CoC",2019,2020,17.440063578966,36.2643230253037,-18.8242594463377
"separate_state_lasso","1se",4,2020,"California","CA","CA-606","Long Beach CoC",2019,2020,43.632558270088,51.5435809707034,-7.91102270061538
"separate_state_lasso","1se",4,2020,"California","CA","CA-607","Pasadena CoC",2019,2020,37.6070703875653,57.817385705566,-20.2103153180008
"separate_state_lasso","1se",4,2020,"California","CA","CA-608","Riverside City & County CoC",2019,2020,11.8955010752972,17.5114724355038,-5.61597136020664
"separate_state_lasso","1se",4,2020,"California","CA","CA-609","San Bernardino City & County CoC",2019,2020,14.3138512275559,19.1710140312818,-4.85716280372593
"separate_state_lasso","1se",4,2020,"California","CA","CA-611","Oxnard, San Buenaventura/Ventura County CoC",2019,2020,21.1781799564585,26.5478642289841,-5.36968427252561
"separate_state_lasso","1se",4,2020,"California","CA","CA-612","Glendale CoC",2019,2020,8.6933726695118,36.4245447642529,-27.7311720947411
"separate_state_lasso","1se",4,2020,"California","CA","CA-613","Imperial County CoC",2019,2020,85.0544749682508,39.24008164553,45.8143933227208
"separate_state_lasso","1se",4,2020,"California","CA","CA-614","San Luis Obispo County CoC",2019,2020,50.4150472796069,41.4750684091005,8.93997887050642
"separate_state_lasso","1se",4,2020,"Florida","FL","FL-500","Sarasota, Bradenton/Manatee, Sarasota Counties CoC",2019,2020,12.4599586577617,6.0407661802604,6.4191924775013
"separate_state_lasso","1se",4,2020,"Florida","FL","FL-501","Tampa/Hillsborough County CoC",2019,2020,9.90284031465388,3.42024516436837,6.48259515028551
"separate_state_lasso","1se",4,2020,"Florida","FL","FL-502","St. Petersburg, Clearwater, Largo/Pinellas County CoC",2019,2020,23.1922109178427,13.8470559708468,9.34515494699587
"separate_state_lasso","1se",4,2020,"Florida","FL","FL-503","Lakeland/Polk County CoC",2019,2020,8.38186230736782,6.14673058888739,2.23513171848043
"separate_state_lasso","1se",4,2020,"Florida","FL","FL-504","Deltona, Daytona Beach/Volusia, Flagler Counties CoC",2019,2020,13.4559451759543,8.56976308465928,4.88618209129502
"separate_state_lasso","1se",4,2020,"Florida","FL","FL-505","Fort Walton Beach/Okaloosa, Walton Counties CoC",2019,2020,12.1883040895059,16.451701911094,-4.26339782158814
"separate_state_lasso","1se",4,2020,"Florida","FL","FL-506","Tallahassee/Leon County CoC",2019,2020,17.9748483105292,16.4384009045506,1.53644740597859
"separate_state_lasso","1se",4,2020,"Florida","FL","FL-507","Orlando/Orange, Osceola, Seminole Counties CoC",2019,2020,8.74811318410834,-2.93375853730007,11.6818717214084
"separate_state_lasso","1se",4,2020,"Florida","FL","FL-508","Gainesville/Alachua, Putnam Counties CoC",2019,2020,18.8695314054083,19.4533205398687,-0.583789134460375
"separate_state_lasso","1se",4,2020,"Florida","FL","FL-509","Fort Pierce/St. Lucie, Indian River, Martin Counties CoC",2019,2020,21.1970247308869,7.30705196697425,13.8899727639126
"separate_state_lasso","1se",4,2020,"Florida","FL","FL-510","Jacksonville-Duval, Clay Counties CoC",2019,2020,10.3361825206501,5.72074660093457,4.61543591971553
"separate_state_lasso","1se",4,2020,"Florida","FL","FL-511","Pensacola/Escambia, Santa Rosa Counties CoC",2019,2020,14.582531066069,13.1349723921545,1.44755867391449
"separate_state_lasso","1se",4,2020,"Florida","FL","FL-512","St. Johns County CoC",2019,2020,13.2434080665707,13.3731907107427,-0.129782644172025
"separate_state_lasso","1se",4,2020,"Florida","FL","FL-513","Palm Bay, Melbourne/Brevard County CoC",2019,2020,15.4410979606252,7.8407991241115,7.60029883651369
"separate_state_lasso","1se",4,2020,"Florida","FL","FL-514","Ocala/Marion County CoC",2019,2020,13.8568006952246,12.8422952100327,1.01450548519188
"separate_state_lasso","1se",4,2020,"Florida","FL","FL-515","Panama City/Bay, Jackson Counties CoC",2019,2020,13.0710965801258,13.1129606419499,-0.0418640618241461
"separate_state_lasso","1se",4,2020,"Florida","FL","FL-517","Hendry, Hardee, Highlands Counties CoC",2019,2020,15.9771008103522,13.8411048012052,2.13599600914701
"separate_state_lasso","1se",4,2020,"Florida","FL","FL-519","Pasco County CoC",2019,2020,15.8609604888991,8.75159685592747,7.10936363297163
"separate_state_lasso","1se",4,2020,"Florida","FL","FL-520","Citrus, Hernando, Lake, Sumter Counties CoC",2019,2020,8.1113481568317,1.85278449263897,6.25856366419273
"separate_state_lasso","1se",4,2020,"Florida","FL","FL-600","Miami-Dade County CoC",2019,2020,13.2071040864487,2.20498584382576,11.0021182426229
"separate_state_lasso","1se",4,2020,"Florida","FL","FL-601","Ft Lauderdale/Broward County CoC",2019,2020,11.3767516003863,-0.0943184304587897,11.4710700308451
"separate_state_lasso","1se",4,2020,"Florida","FL","FL-602","Charlotte County CoC",2019,2020,8.98826207432069,19.8734915067407,-10.88522943242
"separate_state_lasso","1se",4,2020,"Florida","FL","FL-603","Ft Myers, Cape Coral/Lee County CoC",2019,2020,5.79956242040296,5.52637112793849,0.273191292464473
"separate_state_lasso","1se",4,2020,"Florida","FL","FL-604","Monroe County CoC",2019,2020,50.8141120807232,51.9261320139682,-1.11201993324495
"separate_state_lasso","1se",4,2020,"Florida","FL","FL-605","West Palm Beach/Palm Beach County CoC",2019,2020,10.1057219132876,-0.269183002963507,10.3749049162511
"separate_state_lasso","1se",4,2020,"Florida","FL","FL-606","Naples/Collier County CoC",2019,2020,15.980833600564,11.1167788383236,4.86405476224039
"state_time_baseline","none",5,2022,"California","CA","CA-500","San Jose/Santa Clara City & County CoC",2021,2022,53.3361416184126,33.0469499192973,20.2891916991153
"state_time_baseline","none",5,2022,"California","CA","CA-501","San Francisco CoC",2021,2022,95.3439588031468,33.0469499192973,62.2970088838495
"state_time_baseline","none",5,2022,"California","CA","CA-502","Oakland, Berkeley/Alameda County CoC",2021,2022,59.6826477615486,33.0469499192973,26.6356978422513
"state_time_baseline","none",5,2022,"California","CA","CA-503","Sacramento City & County CoC",2021,2022,58.3996923284155,33.0469499192973,25.3527424091182
"state_time_baseline","none",5,2022,"California","CA","CA-504","Santa Rosa, Petaluma/Sonoma County CoC",2021,2022,59.8672284349676,33.0469499192973,26.8202785156703
"state_time_baseline","none",5,2022,"California","CA","CA-505","Contra Costa County CoC",2021,2022,26.6600469072018,33.0469499192973,-6.38690301209548
"state_time_baseline","none",5,2022,"California","CA","CA-506","Salinas/Monterey, San Benito Counties CoC",2021,2022,47.7402801663363,33.0469499192973,14.693330247039
"state_time_baseline","none",5,2022,"California","CA","CA-507","Marin County CoC",2021,2022,43.6122285420833,33.0469499192973,10.565278622786
"state_time_baseline","none",5,2022,"California","CA","CA-508","Watsonville/Santa Cruz City & County CoC",2021,2022,86.4981601739746,33.0469499192973,53.4512102546773
"state_time_baseline","none",5,2022,"California","CA","CA-509","Mendocino County CoC",2021,2022,92.1884198016283,33.0469499192973,59.141469882331
"state_time_baseline","none",5,2022,"California","CA","CA-510","Turlock, Modesto/Stanislaus County CoC",2021,2022,33.6137191761109,33.0469499192973,0.566769256813622
"state_time_baseline","none",5,2022,"California","CA","CA-511","Stockton/San Joaquin County CoC",2021,2022,29.1535660003294,33.0469499192973,-3.89338391896788
"state_time_baseline","none",5,2022,"California","CA","CA-512","Daly City/San Mateo County CoC",2021,2022,24.6911894243047,33.0469499192973,-8.35576049499258
"state_time_baseline","none",5,2022,"California","CA","CA-513","Visalia/Kings, Tulare Counties CoC",2021,2022,19.578313253012,33.0469499192973,-13.4686366662853
"state_time_baseline","none",5,2022,"California","CA","CA-514","Fresno City & County/Madera County CoC",2021,2022,35.7819710128691,33.0469499192973,2.73502109357182
"state_time_baseline","none",5,2022,"California","CA","CA-515","Roseville, Rocklin/Placer County CoC",2021,2022,17.922474544112,33.0469499192973,-15.1244753751853
"state_time_baseline","none",5,2022,"California","CA","CA-516","Redding/Shasta, Siskiyou, Lassen, Plumas, Del Norte, Modoc, Sierra Counties CoC",2021,2022,58.7420816505342,33.0469499192973,25.6951317312369
"state_time_baseline","none",5,2022,"California","CA","CA-517","Napa City & County CoC",2021,2022,36.8032476077889,33.0469499192973,3.75629768849162
"state_time_baseline","none",5,2022,"California","CA","CA-518","Vallejo/Solano County CoC",2021,2022,26.2086197238203,33.0469499192973,-6.83833019547698
"state_time_baseline","none",5,2022,"California","CA","CA-519","Chico, Paradise/Butte County CoC",2021,2022,48.5258933395076,33.0469499192973,15.4789434202103
"state_time_baseline","none",5,2022,"California","CA","CA-520","Merced City & County CoC",2021,2022,29.302799017071,33.0469499192973,-3.74415090222628
"state_time_baseline","none",5,2022,"California","CA","CA-521","Davis, Woodland/Yolo County CoC",2021,2022,33.4748310553098,33.0469499192973,0.427881136012523
"state_time_baseline","none",5,2022,"California","CA","CA-522","Humboldt County CoC",2021,2022,122.093066328836,33.0469499192973,89.0461164095387
"state_time_baseline","none",5,2022,"California","CA","CA-523","Colusa, Glenn, Trinity Counties CoC",2021,2022,51.4348819266902,33.0469499192973,18.3879320073929
"state_time_baseline","none",5,2022,"California","CA","CA-524","Yuba City & County/Sutter County CoC",2021,2022,59.7775009289008,33.0469499192973,26.7305510096035
"state_time_baseline","none",5,2022,"California","CA","CA-525","El Dorado County CoC",2021,2022,26.4884870978778,33.0469499192973,-6.55846282141948
"state_time_baseline","none",5,2022,"California","CA","CA-526","Amador, Calaveras, Mariposa, Tuolumne Counties CoC",2021,2022,39.2926073316862,33.0469499192973,6.24565741238892
"state_time_baseline","none",5,2022,"California","CA","CA-527","Tehama County CoC",2021,2022,44.5553650171485,33.0469499192973,11.5084150978512
"state_time_baseline","none",5,2022,"California","CA","CA-529","Lake County CoC",2021,2022,49.6550511930395,33.0469499192973,16.6081012737422
"state_time_baseline","none",5,2022,"California","CA","CA-530","Alpine, Inyo, Mono Counties CoC",2021,2022,42.7180911115858,33.0469499192973,9.67114119228852
"state_time_baseline","none",5,2022,"California","CA","CA-531","Nevada County CoC",2021,2022,51.4764058333415,33.0469499192973,18.4294559140442
"state_time_baseline","none",5,2022,"California","CA","CA-600","Los Angeles City & County CoC",2021,2022,72.6062334713274,33.0469499192973,39.5592835520301
"state_time_baseline","none",5,2022,"California","CA","CA-601","San Diego City and County CoC",2021,2022,25.6992109698761,33.0469499192973,-7.34773894942118
"state_time_baseline","none",5,2022,"California","CA","CA-602","Santa Ana, Anaheim/Orange County CoC",2021,2022,18.11642416385,33.0469499192973,-14.9305257554473
"state_time_baseline","none",5,2022,"California","CA","CA-603","Santa Maria/Santa Barbara County CoC",2021,2022,44.0501929721756,33.0469499192973,11.0032430528783
"state_time_baseline","none",5,2022,"California","CA","CA-604","Bakersfield/Kern County CoC",2021,2022,17.4795054706599,33.0469499192973,-15.5674444486374
"state_time_baseline","none",5,2022,"California","CA","CA-606","Long Beach CoC",2021,2022,72.5030825259475,33.0469499192973,39.4561326066502
"state_time_baseline","none",5,2022,"California","CA","CA-607","Pasadena CoC",2021,2022,37.466091400093,33.0469499192973,4.41914148079572
"state_time_baseline","none",5,2022,"California","CA","CA-608","Riverside City & County CoC",2021,2022,13.3745324862796,33.0469499192973,-19.6724174330177
"state_time_baseline","none",5,2022,"California","CA","CA-609","San Bernardino City & County CoC",2021,2022,15.1757504893531,33.0469499192973,-17.8711994299442
"state_time_baseline","none",5,2022,"California","CA","CA-611","Oxnard, San Buenaventura/Ventura County CoC",2021,2022,26.9326384520921,33.0469499192973,-6.11431146720518
"state_time_baseline","none",5,2022,"California","CA","CA-612","Glendale CoC",2021,2022,11.868440325742,33.0469499192973,-21.1785095935553
"state_time_baseline","none",5,2022,"California","CA","CA-613","Imperial County CoC",2021,2022,58.9117215933475,33.0469499192973,25.8647716740502
"state_time_baseline","none",5,2022,"California","CA","CA-614","San Luis Obispo County CoC",2021,2022,51.2118607801321,33.0469499192973,18.1649108608348
"state_time_baseline","none",5,2022,"Florida","FL","FL-500","Sarasota, Bradenton/Manatee, Sarasota Counties CoC",2021,2022,12.7081688511391,18.5041198712824,-5.79595102014331
"state_time_baseline","none",5,2022,"Florida","FL","FL-501","Tampa/Hillsborough County CoC",2021,2022,9.91975683810865,18.5041198712824,-8.58436303317376
"state_time_baseline","none",5,2022,"Florida","FL","FL-502","St. Petersburg, Clearwater, Largo/Pinellas County CoC",2021,2022,20.5806970687281,18.5041198712824,2.07657719744569
"state_time_baseline","none",5,2022,"Florida","FL","FL-503","Lakeland/Polk County CoC",2021,2022,6.39861607797713,18.5041198712824,-12.1055037933053
"state_time_baseline","none",5,2022,"Florida","FL","FL-504","Deltona, Daytona Beach/Volusia, Flagler Counties CoC",2021,2022,12.2257509649863,18.5041198712824,-6.27836890629611
"state_time_baseline","none",5,2022,"Florida","FL","FL-505","Fort Walton Beach/Okaloosa, Walton Counties CoC",2021,2022,13.412990298048,18.5041198712824,-5.09112957323441
"state_time_baseline","none",5,2022,"Florida","FL","FL-506","Tallahassee/Leon County CoC",2021,2022,13.692247663593,18.5041198712824,-4.81187220768941
"state_time_baseline","none",5,2022,"Florida","FL","FL-507","Orlando/Orange, Osceola, Seminole Counties CoC",2021,2022,9.05458894228847,18.5041198712824,-9.44953092899394
"state_time_baseline","none",5,2022,"Florida","FL","FL-508","Gainesville/Alachua, Putnam Counties CoC",2021,2022,19.4522461756038,18.5041198712824,0.948126304321388
"state_time_baseline","none",5,2022,"Florida","FL","FL-509","Fort Pierce/St. Lucie, Indian River, Martin Counties CoC",2021,2022,12.2479470935013,18.5041198712824,-6.25617277778111
"state_time_baseline","none",5,2022,"Florida","FL","FL-510","Jacksonville-Duval, Clay Counties CoC",2021,2022,9.39554976294391,18.5041198712824,-9.1085701083385
"state_time_baseline","none",5,2022,"Florida","FL","FL-511","Pensacola/Escambia, Santa Rosa Counties CoC",2021,2022,13.8871909288181,18.5041198712824,-4.61692894246431
"state_time_baseline","none",5,2022,"Florida","FL","FL-512","St. Johns County CoC",2021,2022,11.3442441775423,18.5041198712824,-7.15987569374011
"state_time_baseline","none",5,2022,"Florida","FL","FL-513","Palm Bay, Melbourne/Brevard County CoC",2021,2022,14.4975017132692,18.5041198712824,-4.00661815801321
"state_time_baseline","none",5,2022,"Florida","FL","FL-514","Ocala/Marion County CoC",2021,2022,11.4587924195681,18.5041198712824,-7.04532745171431
"state_time_baseline","none",5,2022,"Florida","FL","FL-515","Panama City/Bay, Jackson Counties CoC",2021,2022,12.2666735896571,18.5041198712824,-6.23744628162531
"state_time_baseline","none",5,2022,"Florida","FL","FL-517","Hendry, Hardee, Highlands Counties CoC",2021,2022,24.8165484380846,18.5041198712824,6.31242856680219
"state_time_baseline","none",5,2022,"Florida","FL","FL-519","Pasco County CoC",2021,2022,9.64947345657573,18.5041198712824,-8.85464641470668
"state_time_baseline","none",5,2022,"Florida","FL","FL-520","Citrus, Hernando, Lake, Sumter Counties CoC",2021,2022,8.05144277531611,18.5041198712824,-10.4526770959663
"state_time_baseline","none",5,2022,"Florida","FL","FL-600","Miami-Dade County CoC",2021,2022,11.9825660248166,18.5041198712824,-6.52155384646581
"state_time_baseline","none",5,2022,"Florida","FL","FL-601","Ft Lauderdale/Broward County CoC",2021,2022,10.4457338026285,18.5041198712824,-8.05838606865391
"state_time_baseline","none",5,2022,"Florida","FL","FL-602","Charlotte County CoC",2021,2022,7.28647669312117,18.5041198712824,-11.2176431781612
"state_time_baseline","none",5,2022,"Florida","FL","FL-603","Ft Myers, Cape Coral/Lee County CoC",2021,2022,6.76280313359314,18.5041198712824,-11.7413167376893
"state_time_baseline","none",5,2022,"Florida","FL","FL-604","Monroe County CoC",2021,2022,63.6064622230821,18.5041198712824,45.1023423517997
"state_time_baseline","none",5,2022,"Florida","FL","FL-605","West Palm Beach/Palm Beach County CoC",2021,2022,9.15773613457437,18.5041198712824,-9.34638373670804
"state_time_baseline","none",5,2022,"Florida","FL","FL-606","Naples/Collier County CoC",2021,2022,11.5072505641542,18.5041198712824,-6.99686930712821
"pooled_lasso","min",5,2022,"California","CA","CA-500","San Jose/Santa Clara City & County CoC",2021,2022,53.3361416184126,32.8529501084842,20.4831915099284
"pooled_lasso","min",5,2022,"California","CA","CA-501","San Francisco CoC",2021,2022,95.3439588031468,68.5028515214411,26.8411072817057
"pooled_lasso","min",5,2022,"California","CA","CA-502","Oakland, Berkeley/Alameda County CoC",2021,2022,59.6826477615486,38.8241912490626,20.858456512486
"pooled_lasso","min",5,2022,"California","CA","CA-503","Sacramento City & County CoC",2021,2022,58.3996923284155,36.5334971889317,21.8661951394838
"pooled_lasso","min",5,2022,"California","CA","CA-504","Santa Rosa, Petaluma/Sonoma County CoC",2021,2022,59.8672284349676,52.5938054189067,7.2734230160609
"pooled_lasso","min",5,2022,"California","CA","CA-505","Contra Costa County CoC",2021,2022,26.6600469072018,22.51484107225,4.14520583495182
"pooled_lasso","min",5,2022,"California","CA","CA-506","Salinas/Monterey, San Benito Counties CoC",2021,2022,47.7402801663363,39.0122157516391,8.7280644146972
"pooled_lasso","min",5,2022,"California","CA","CA-507","Marin County CoC",2021,2022,43.6122285420833,47.1636873858925,-3.55145884380919
"pooled_lasso","min",5,2022,"California","CA","CA-508","Watsonville/Santa Cruz City & County CoC",2021,2022,86.4981601739746,57.1397001619765,29.3584600119981
"pooled_lasso","min",5,2022,"California","CA","CA-509","Mendocino County CoC",2021,2022,92.1884198016283,87.5686038344512,4.61981596717713
"pooled_lasso","min",5,2022,"California","CA","CA-510","Turlock, Modesto/Stanislaus County CoC",2021,2022,33.6137191761109,32.1612828577025,1.45243631840836
"pooled_lasso","min",5,2022,"California","CA","CA-511","Stockton/San Joaquin County CoC",2021,2022,29.1535660003294,30.7030178184405,-1.54945181811113
"pooled_lasso","min",5,2022,"California","CA","CA-512","Daly City/San Mateo County CoC",2021,2022,24.6911894243047,31.9082940090045,-7.2171045846998
"pooled_lasso","min",5,2022,"California","CA","CA-513","Visalia/Kings, Tulare Counties CoC",2021,2022,19.578313253012,22.1096295671684,-2.53131631415641
"pooled_lasso","min",5,2022,"California","CA","CA-514","Fresno City & County/Madera County CoC",2021,2022,35.7819710128691,24.5984180547276,11.1835529581415
"pooled_lasso","min",5,2022,"California","CA","CA-515","Roseville, Rocklin/Placer County CoC",2021,2022,17.922474544112,27.2910068470941,-9.36853230298214
"pooled_lasso","min",5,2022,"California","CA","CA-516","Redding/Shasta, Siskiyou, Lassen, Plumas, Del Norte, Modoc, Sierra Counties CoC",2021,2022,58.7420816505342,41.2111911067102,17.530890543824
"pooled_lasso","min",5,2022,"California","CA","CA-517","Napa City & County CoC",2021,2022,36.8032476077889,42.1057192497774,-5.30247164198847
"pooled_lasso","min",5,2022,"California","CA","CA-518","Vallejo/Solano County CoC",2021,2022,26.2086197238203,28.6065282424999,-2.39790851867956
"pooled_lasso","min",5,2022,"California","CA","CA-519","Chico, Paradise/Butte County CoC",2021,2022,48.5258933395076,63.65230007416,-15.1264067346524
"pooled_lasso","min",5,2022,"California","CA","CA-520","Merced City & County CoC",2021,2022,29.302799017071,33.4861237415845,-4.18332472451351
"pooled_lasso","min",5,2022,"California","CA","CA-521","Davis, Woodland/Yolo County CoC",2021,2022,33.4748310553098,41.0636170659814,-7.58878601067165
"pooled_lasso","min",5,2022,"California","CA","CA-522","Humboldt County CoC",2021,2022,122.093066328836,53.1234024770105,68.9696638518255
"pooled_lasso","min",5,2022,"California","CA","CA-523","Colusa, Glenn, Trinity Counties CoC",2021,2022,51.4348819266902,42.3008914259941,9.1339905006961
"pooled_lasso","min",5,2022,"California","CA","CA-524","Yuba City & County/Sutter County CoC",2021,2022,59.7775009289008,50.9669176268902,8.81058330201057
"pooled_lasso","min",5,2022,"California","CA","CA-525","El Dorado County CoC",2021,2022,26.4884870978778,28.6361004204512,-2.14761332257336
"pooled_lasso","min",5,2022,"California","CA","CA-526","Amador, Calaveras, Mariposa, Tuolumne Counties CoC",2021,2022,39.2926073316862,39.6472058224365,-0.354598490750291
"pooled_lasso","min",5,2022,"California","CA","CA-527","Tehama County CoC",2021,2022,44.5553650171485,37.5789638677768,6.97640114937173
"pooled_lasso","min",5,2022,"California","CA","CA-529","Lake County CoC",2021,2022,49.6550511930395,73.5625657043358,-23.9075145112963
"pooled_lasso","min",5,2022,"California","CA","CA-530","Alpine, Inyo, Mono Counties CoC",2021,2022,42.7180911115858,50.1823107280876,-7.46421961650179
"pooled_lasso","min",5,2022,"California","CA","CA-531","Nevada County CoC",2021,2022,51.4764058333415,47.4215658911353,4.05483994220625
"pooled_lasso","min",5,2022,"California","CA","CA-600","Los Angeles City & County CoC",2021,2022,72.6062334713274,36.2348655017721,36.3713679695553
"pooled_lasso","min",5,2022,"California","CA","CA-601","San Diego City and County CoC",2021,2022,25.6992109698761,33.6689666111116,-7.96975564123546
"pooled_lasso","min",5,2022,"California","CA","CA-602","Santa Ana, Anaheim/Orange County CoC",2021,2022,18.11642416385,13.227315419704,4.889108744146
"pooled_lasso","min",5,2022,"California","CA","CA-603","Santa Maria/Santa Barbara County CoC",2021,2022,44.0501929721756,47.1413294299136,-3.09113645773802
"pooled_lasso","min",5,2022,"California","CA","CA-604","Bakersfield/Kern County CoC",2021,2022,17.4795054706599,44.7649941511076,-27.2854886804477
"pooled_lasso","min",5,2022,"California","CA","CA-606","Long Beach CoC",2021,2022,72.5030825259475,57.3813963716147,15.1216861543328
"pooled_lasso","min",5,2022,"California","CA","CA-607","Pasadena CoC",2021,2022,37.466091400093,57.8194435599932,-20.3533521599002
"pooled_lasso","min",5,2022,"California","CA","CA-608","Riverside City & County CoC",2021,2022,13.3745324862796,14.0486712295204,-0.674138743240768
"pooled_lasso","min",5,2022,"California","CA","CA-609","San Bernardino City & County CoC",2021,2022,15.1757504893531,16.2292179232368,-1.05346743388373
"pooled_lasso","min",5,2022,"California","CA","CA-611","Oxnard, San Buenaventura/Ventura County CoC",2021,2022,26.9326384520921,29.3849343188319,-2.45229586673983
"pooled_lasso","min",5,2022,"California","CA","CA-612","Glendale CoC",2021,2022,11.868440325742,31.1852537954574,-19.3168134697154
"pooled_lasso","min",5,2022,"California","CA","CA-613","Imperial County CoC",2021,2022,58.9117215933475,45.656092900343,13.2556286930045
"pooled_lasso","min",5,2022,"California","CA","CA-614","San Luis Obispo County CoC",2021,2022,51.2118607801321,42.1027768988531,9.10908388127903
"pooled_lasso","min",5,2022,"Florida","FL","FL-500","Sarasota, Bradenton/Manatee, Sarasota Counties CoC",2021,2022,12.7081688511391,10.2717883259315,2.43638052520759
"pooled_lasso","min",5,2022,"Florida","FL","FL-501","Tampa/Hillsborough County CoC",2021,2022,9.91975683810865,9.68211396836507,0.23764286974358
"pooled_lasso","min",5,2022,"Florida","FL","FL-502","St. Petersburg, Clearwater, Largo/Pinellas County CoC",2021,2022,20.5806970687281,23.3790988966482,-2.79840182792009
"pooled_lasso","min",5,2022,"Florida","FL","FL-503","Lakeland/Polk County CoC",2021,2022,6.39861607797713,7.79288218763287,-1.39426610965574
"pooled_lasso","min",5,2022,"Florida","FL","FL-504","Deltona, Daytona Beach/Volusia, Flagler Counties CoC",2021,2022,12.2257509649863,14.916097521577,-2.69034655659072
"pooled_lasso","min",5,2022,"Florida","FL","FL-505","Fort Walton Beach/Okaloosa, Walton Counties CoC",2021,2022,13.412990298048,19.7603599238059,-6.34736962575794
"pooled_lasso","min",5,2022,"Florida","FL","FL-506","Tallahassee/Leon County CoC",2021,2022,13.692247663593,20.3932678851671,-6.70102022157407
"pooled_lasso","min",5,2022,"Florida","FL","FL-507","Orlando/Orange, Osceola, Seminole Counties CoC",2021,2022,9.05458894228847,6.77995379016284,2.27463515212563
"pooled_lasso","min",5,2022,"Florida","FL","FL-508","Gainesville/Alachua, Putnam Counties CoC",2021,2022,19.4522461756038,30.738119419024,-11.2858732434202
"pooled_lasso","min",5,2022,"Florida","FL","FL-509","Fort Pierce/St. Lucie, Indian River, Martin Counties CoC",2021,2022,12.2479470935013,9.11920323806324,3.12874385543806
"pooled_lasso","min",5,2022,"Florida","FL","FL-510","Jacksonville-Duval, Clay Counties CoC",2021,2022,9.39554976294391,11.3532780934211,-1.95772833047716
"pooled_lasso","min",5,2022,"Florida","FL","FL-511","Pensacola/Escambia, Santa Rosa Counties CoC",2021,2022,13.8871909288181,10.2624133572458,3.62477757157234
"pooled_lasso","min",5,2022,"Florida","FL","FL-512","St. Johns County CoC",2021,2022,11.3442441775423,7.22634349703234,4.11790068050996
"pooled_lasso","min",5,2022,"Florida","FL","FL-513","Palm Bay, Melbourne/Brevard County CoC",2021,2022,14.4975017132692,11.2202275379863,3.27727417528291
"pooled_lasso","min",5,2022,"Florida","FL","FL-514","Ocala/Marion County CoC",2021,2022,11.4587924195681,12.4122072001892,-0.953414780621145
"pooled_lasso","min",5,2022,"Florida","FL","FL-515","Panama City/Bay, Jackson Counties CoC",2021,2022,12.2666735896571,13.6007205278871,-1.33404693822998
"pooled_lasso","min",5,2022,"Florida","FL","FL-517","Hendry, Hardee, Highlands Counties CoC",2021,2022,24.8165484380846,12.0121242823092,12.8044241557754
"pooled_lasso","min",5,2022,"Florida","FL","FL-519","Pasco County CoC",2021,2022,9.64947345657573,10.1153754315404,-0.46590197496471
"pooled_lasso","min",5,2022,"Florida","FL","FL-520","Citrus, Hernando, Lake, Sumter Counties CoC",2021,2022,8.05144277531611,2.78168645870076,5.26975631661535
"pooled_lasso","min",5,2022,"Florida","FL","FL-600","Miami-Dade County CoC",2021,2022,11.9825660248166,20.1071037880559,-8.12453776323926
"pooled_lasso","min",5,2022,"Florida","FL","FL-601","Ft Lauderdale/Broward County CoC",2021,2022,10.4457338026285,7.96439711911795,2.48133668351055
"pooled_lasso","min",5,2022,"Florida","FL","FL-602","Charlotte County CoC",2021,2022,7.28647669312117,16.9979416704812,-9.71146497736007
"pooled_lasso","min",5,2022,"Florida","FL","FL-603","Ft Myers, Cape Coral/Lee County CoC",2021,2022,6.76280313359314,7.88675873379843,-1.12395560020529
"pooled_lasso","min",5,2022,"Florida","FL","FL-604","Monroe County CoC",2021,2022,63.6064622230821,75.1123962453896,-11.5059340223075
"pooled_lasso","min",5,2022,"Florida","FL","FL-605","West Palm Beach/Palm Beach County CoC",2021,2022,9.15773613457437,10.6056602745062,-1.44792413993187
"pooled_lasso","min",5,2022,"Florida","FL","FL-606","Naples/Collier County CoC",2021,2022,11.5072505641542,16.8625809658882,-5.35533040173403
"pooled_lasso","1se",5,2022,"California","CA","CA-500","San Jose/Santa Clara City & County CoC",2021,2022,53.3361416184126,29.0553140106608,24.2808276077518
"pooled_lasso","1se",5,2022,"California","CA","CA-501","San Francisco CoC",2021,2022,95.3439588031468,65.7437479259833,29.6002108771635
"pooled_lasso","1se",5,2022,"California","CA","CA-502","Oakland, Berkeley/Alameda County CoC",2021,2022,59.6826477615486,36.7412356716233,22.9414120899254
"pooled_lasso","1se",5,2022,"California","CA","CA-503","Sacramento City & County CoC",2021,2022,58.3996923284155,33.2931952017031,25.1064971267124
"pooled_lasso","1se",5,2022,"California","CA","CA-504","Santa Rosa, Petaluma/Sonoma County CoC",2021,2022,59.8672284349676,43.0155782606509,16.8516501743167
"pooled_lasso","1se",5,2022,"California","CA","CA-505","Contra Costa County CoC",2021,2022,26.6600469072018,24.3552791943913,2.30476771281049
"pooled_lasso","1se",5,2022,"California","CA","CA-506","Salinas/Monterey, San Benito Counties CoC",2021,2022,47.7402801663363,36.578505078523,11.1617750878133
"pooled_lasso","1se",5,2022,"California","CA","CA-507","Marin County CoC",2021,2022,43.6122285420833,38.3994390790306,5.21278946305267
"pooled_lasso","1se",5,2022,"California","CA","CA-508","Watsonville/Santa Cruz City & County CoC",2021,2022,86.4981601739746,45.9156973969723,40.5824627770023
"pooled_lasso","1se",5,2022,"California","CA","CA-509","Mendocino County CoC",2021,2022,92.1884198016283,67.6307471991751,24.5576726024532
"pooled_lasso","1se",5,2022,"California","CA","CA-510","Turlock, Modesto/Stanislaus County CoC",2021,2022,33.6137191761109,30.889290532856,2.72442864325494
"pooled_lasso","1se",5,2022,"California","CA","CA-511","Stockton/San Joaquin County CoC",2021,2022,29.1535660003294,33.3537787197327,-4.20021271940334
"pooled_lasso","1se",5,2022,"California","CA","CA-512","Daly City/San Mateo County CoC",2021,2022,24.6911894243047,29.178617548197,-4.48742812389226
"pooled_lasso","1se",5,2022,"California","CA","CA-513","Visalia/Kings, Tulare Counties CoC",2021,2022,19.578313253012,24.2113764242399,-4.63306317122788
"pooled_lasso","1se",5,2022,"California","CA","CA-514","Fresno City & County/Madera County CoC",2021,2022,35.7819710128691,24.6195840428913,11.1623869699778
"pooled_lasso","1se",5,2022,"California","CA","CA-515","Roseville, Rocklin/Placer County CoC",2021,2022,17.922474544112,29.4940538517879,-11.5715793076759
"pooled_lasso","1se",5,2022,"California","CA","CA-516","Redding/Shasta, Siskiyou, Lassen, Plumas, Del Norte, Modoc, Sierra Counties CoC",2021,2022,58.7420816505342,46.4894190732824,12.2526625772518
"pooled_lasso","1se",5,2022,"California","CA","CA-517","Napa City & County CoC",2021,2022,36.8032476077889,40.4769189111478,-3.67367130335892
"pooled_lasso","1se",5,2022,"California","CA","CA-518","Vallejo/Solano County CoC",2021,2022,26.2086197238203,29.2500017637863,-3.04138203996597
"pooled_lasso","1se",5,2022,"California","CA","CA-519","Chico, Paradise/Butte County CoC",2021,2022,48.5258933395076,55.9780876958069,-7.45219435629932
"pooled_lasso","1se",5,2022,"California","CA","CA-520","Merced City & County CoC",2021,2022,29.302799017071,36.2937055887599,-6.99090657168889
"pooled_lasso","1se",5,2022,"California","CA","CA-521","Davis, Woodland/Yolo County CoC",2021,2022,33.4748310553098,37.8238690221031,-4.34903796679331
"pooled_lasso","1se",5,2022,"California","CA","CA-522","Humboldt County CoC",2021,2022,122.093066328836,49.2343200390769,72.8587462897591
"pooled_lasso","1se",5,2022,"California","CA","CA-523","Colusa, Glenn, Trinity Counties CoC",2021,2022,51.4348819266902,44.2668346598075,7.16804726688275
"pooled_lasso","1se",5,2022,"California","CA","CA-524","Yuba City & County/Sutter County CoC",2021,2022,59.7775009289008,54.3370483112548,5.440452617646
"pooled_lasso","1se",5,2022,"California","CA","CA-525","El Dorado County CoC",2021,2022,26.4884870978778,29.611754621163,-3.12326752328522
"pooled_lasso","1se",5,2022,"California","CA","CA-526","Amador, Calaveras, Mariposa, Tuolumne Counties CoC",2021,2022,39.2926073316862,36.0555592651619,3.23704806652428
"pooled_lasso","1se",5,2022,"California","CA","CA-527","Tehama County CoC",2021,2022,44.5553650171485,37.0413488037279,7.51401621342058
"pooled_lasso","1se",5,2022,"California","CA","CA-529","Lake County CoC",2021,2022,49.6550511930395,54.2811647108846,-4.62611351784514
"pooled_lasso","1se",5,2022,"California","CA","CA-530","Alpine, Inyo, Mono Counties CoC",2021,2022,42.7180911115858,46.5109394728909,-3.79284836130508
"pooled_lasso","1se",5,2022,"California","CA","CA-531","Nevada County CoC",2021,2022,51.4764058333415,42.1175707639477,9.35883506939381
"pooled_lasso","1se",5,2022,"California","CA","CA-600","Los Angeles City & County CoC",2021,2022,72.6062334713274,30.1873199851496,42.4189134861778
"pooled_lasso","1se",5,2022,"California","CA","CA-601","San Diego City and County CoC",2021,2022,25.6992109698761,28.3056459517393,-2.60643498186321
"pooled_lasso","1se",5,2022,"California","CA","CA-602","Santa Ana, Anaheim/Orange County CoC",2021,2022,18.11642416385,19.0121674402391,-0.895743276389144
"pooled_lasso","1se",5,2022,"California","CA","CA-603","Santa Maria/Santa Barbara County CoC",2021,2022,44.0501929721756,38.0860846967846,5.96410827539097
"pooled_lasso","1se",5,2022,"California","CA","CA-604","Bakersfield/Kern County CoC",2021,2022,17.4795054706599,34.9426778536049,-17.463172382945
"pooled_lasso","1se",5,2022,"California","CA","CA-606","Long Beach CoC",2021,2022,72.5030825259475,49.4304752407491,23.0726072851984
"pooled_lasso","1se",5,2022,"California","CA","CA-607","Pasadena CoC",2021,2022,37.466091400093,47.1082799187144,-9.64218851862144
"pooled_lasso","1se",5,2022,"California","CA","CA-608","Riverside City & County CoC",2021,2022,13.3745324862796,16.3413657238154,-2.96683323753581
"pooled_lasso","1se",5,2022,"California","CA","CA-609","San Bernardino City & County CoC",2021,2022,15.1757504893531,16.6774323656667,-1.50168187631358
"pooled_lasso","1se",5,2022,"California","CA","CA-611","Oxnard, San Buenaventura/Ventura County CoC",2021,2022,26.9326384520921,26.7897481638225,0.142890288269601
"pooled_lasso","1se",5,2022,"California","CA","CA-612","Glendale CoC",2021,2022,11.868440325742,31.8932509110321,-20.0248105852901
"pooled_lasso","1se",5,2022,"California","CA","CA-613","Imperial County CoC",2021,2022,58.9117215933475,40.1854087614961,18.7263128318514
"pooled_lasso","1se",5,2022,"California","CA","CA-614","San Luis Obispo County CoC",2021,2022,51.2118607801321,33.4724111516444,17.7394496284877
"pooled_lasso","1se",5,2022,"Florida","FL","FL-500","Sarasota, Bradenton/Manatee, Sarasota Counties CoC",2021,2022,12.7081688511391,13.9014248832415,-1.1932560321024
"pooled_lasso","1se",5,2022,"Florida","FL","FL-501","Tampa/Hillsborough County CoC",2021,2022,9.91975683810865,11.710469208939,-1.7907123708304
"pooled_lasso","1se",5,2022,"Florida","FL","FL-502","St. Petersburg, Clearwater, Largo/Pinellas County CoC",2021,2022,20.5806970687281,22.8877876627677,-2.30709059403965
"pooled_lasso","1se",5,2022,"Florida","FL","FL-503","Lakeland/Polk County CoC",2021,2022,6.39861607797713,12.9809830175878,-6.58236693961066
"pooled_lasso","1se",5,2022,"Florida","FL","FL-504","Deltona, Daytona Beach/Volusia, Flagler Counties CoC",2021,2022,12.2257509649863,15.6162445262902,-3.39049356130394
"pooled_lasso","1se",5,2022,"Florida","FL","FL-505","Fort Walton Beach/Okaloosa, Walton Counties CoC",2021,2022,13.412990298048,16.7149690289171,-3.30197873086915
"pooled_lasso","1se",5,2022,"Florida","FL","FL-506","Tallahassee/Leon County CoC",2021,2022,13.692247663593,18.3442298760969,-4.65198221250394
"pooled_lasso","1se",5,2022,"Florida","FL","FL-507","Orlando/Orange, Osceola, Seminole Counties CoC",2021,2022,9.05458894228847,8.71426159418392,0.34032734810455
"pooled_lasso","1se",5,2022,"Florida","FL","FL-508","Gainesville/Alachua, Putnam Counties CoC",2021,2022,19.4522461756038,24.1825399030537,-4.73029372744985
"pooled_lasso","1se",5,2022,"Florida","FL","FL-509","Fort Pierce/St. Lucie, Indian River, Martin Counties CoC",2021,2022,12.2479470935013,11.0828571096019,1.16508998389945
"pooled_lasso","1se",5,2022,"Florida","FL","FL-510","Jacksonville-Duval, Clay Counties CoC",2021,2022,9.39554976294391,13.8040139318016,-4.40846416885774
"pooled_lasso","1se",5,2022,"Florida","FL","FL-511","Pensacola/Escambia, Santa Rosa Counties CoC",2021,2022,13.8871909288181,13.7087508098469,0.178440118971201
"pooled_lasso","1se",5,2022,"Florida","FL","FL-512","St. Johns County CoC",2021,2022,11.3442441775423,15.4513396896645,-4.10709551212218
"pooled_lasso","1se",5,2022,"Florida","FL","FL-513","Palm Bay, Melbourne/Brevard County CoC",2021,2022,14.4975017132692,15.5979887933514,-1.10048708008221
"pooled_lasso","1se",5,2022,"Florida","FL","FL-514","Ocala/Marion County CoC",2021,2022,11.4587924195681,16.1786376079417,-4.71984518837356
"pooled_lasso","1se",5,2022,"Florida","FL","FL-515","Panama City/Bay, Jackson Counties CoC",2021,2022,12.2666735896571,14.7534024145422,-2.48672882488506
"pooled_lasso","1se",5,2022,"Florida","FL","FL-517","Hendry, Hardee, Highlands Counties CoC",2021,2022,24.8165484380846,15.2409810475416,9.57556739054299
"pooled_lasso","1se",5,2022,"Florida","FL","FL-519","Pasco County CoC",2021,2022,9.64947345657573,14.0206751708113,-4.37120171423561
"pooled_lasso","1se",5,2022,"Florida","FL","FL-520","Citrus, Hernando, Lake, Sumter Counties CoC",2021,2022,8.05144277531611,8.53052876740303,-0.479085992086917
"pooled_lasso","1se",5,2022,"Florida","FL","FL-600","Miami-Dade County CoC",2021,2022,11.9825660248166,13.9918435977412,-2.00927757292465
"pooled_lasso","1se",5,2022,"Florida","FL","FL-601","Ft Lauderdale/Broward County CoC",2021,2022,10.4457338026285,7.31750769247506,3.12822611015344
"pooled_lasso","1se",5,2022,"Florida","FL","FL-602","Charlotte County CoC",2021,2022,7.28647669312117,17.6934060250386,-10.4069293319174
"pooled_lasso","1se",5,2022,"Florida","FL","FL-603","Ft Myers, Cape Coral/Lee County CoC",2021,2022,6.76280313359314,10.43852128408,-3.6757181504869
"pooled_lasso","1se",5,2022,"Florida","FL","FL-604","Monroe County CoC",2021,2022,63.6064622230821,58.245470271264,5.36099195181806
"pooled_lasso","1se",5,2022,"Florida","FL","FL-605","West Palm Beach/Palm Beach County CoC",2021,2022,9.15773613457437,9.04632844037531,0.111407694199059
"pooled_lasso","1se",5,2022,"Florida","FL","FL-606","Naples/Collier County CoC",2021,2022,11.5072505641542,18.1275505457879,-6.6202999816337
"pooled_lasso_state_interactions","min",5,2022,"California","CA","CA-500","San Jose/Santa Clara City & County CoC",2021,2022,53.3361416184126,35.2600416792079,18.0760999392047
"pooled_lasso_state_interactions","min",5,2022,"California","CA","CA-501","San Francisco CoC",2021,2022,95.3439588031468,70.9821781321697,24.3617806709771
"pooled_lasso_state_interactions","min",5,2022,"California","CA","CA-502","Oakland, Berkeley/Alameda County CoC",2021,2022,59.6826477615486,44.7549981644969,14.9276495970517
"pooled_lasso_state_interactions","min",5,2022,"California","CA","CA-503","Sacramento City & County CoC",2021,2022,58.3996923284155,40.2755701446958,18.1241221837197
"pooled_lasso_state_interactions","min",5,2022,"California","CA","CA-504","Santa Rosa, Petaluma/Sonoma County CoC",2021,2022,59.8672284349676,60.0368063738299,-0.169577938862254
"pooled_lasso_state_interactions","min",5,2022,"California","CA","CA-505","Contra Costa County CoC",2021,2022,26.6600469072018,22.3357439506588,4.32430295654302
"pooled_lasso_state_interactions","min",5,2022,"California","CA","CA-506","Salinas/Monterey, San Benito Counties CoC",2021,2022,47.7402801663363,45.9387513987323,1.80152876760403
"pooled_lasso_state_interactions","min",5,2022,"California","CA","CA-507","Marin County CoC",2021,2022,43.6122285420833,50.8827712501136,-7.2705427080303
"pooled_lasso_state_interactions","min",5,2022,"California","CA","CA-508","Watsonville/Santa Cruz City & County CoC",2021,2022,86.4981601739746,64.8301233155394,21.6680368584352
"pooled_lasso_state_interactions","min",5,2022,"California","CA","CA-509","Mendocino County CoC",2021,2022,92.1884198016283,98.895252888632,-6.70683308700369
"pooled_lasso_state_interactions","min",5,2022,"California","CA","CA-510","Turlock, Modesto/Stanislaus County CoC",2021,2022,33.6137191761109,33.3298371112504,0.283882064860478
"pooled_lasso_state_interactions","min",5,2022,"California","CA","CA-511","Stockton/San Joaquin County CoC",2021,2022,29.1535660003294,35.5215292030368,-6.36796320270743
"pooled_lasso_state_interactions","min",5,2022,"California","CA","CA-512","Daly City/San Mateo County CoC",2021,2022,24.6911894243047,33.9597426655639,-9.26855324125916
"pooled_lasso_state_interactions","min",5,2022,"California","CA","CA-513","Visalia/Kings, Tulare Counties CoC",2021,2022,19.578313253012,21.478032699099,-1.89971944608699
"pooled_lasso_state_interactions","min",5,2022,"California","CA","CA-514","Fresno City & County/Madera County CoC",2021,2022,35.7819710128691,25.8198223823669,9.96214863050216
"pooled_lasso_state_interactions","min",5,2022,"California","CA","CA-515","Roseville, Rocklin/Placer County CoC",2021,2022,17.922474544112,27.8958033945556,-9.97332885044361
"pooled_lasso_state_interactions","min",5,2022,"California","CA","CA-516","Redding/Shasta, Siskiyou, Lassen, Plumas, Del Norte, Modoc, Sierra Counties CoC",2021,2022,58.7420816505342,51.9620336250533,6.78004802548095
"pooled_lasso_state_interactions","min",5,2022,"California","CA","CA-517","Napa City & County CoC",2021,2022,36.8032476077889,46.7340064728314,-9.93075886504248
"pooled_lasso_state_interactions","min",5,2022,"California","CA","CA-518","Vallejo/Solano County CoC",2021,2022,26.2086197238203,30.7460497092159,-4.53742998539559
"pooled_lasso_state_interactions","min",5,2022,"California","CA","CA-519","Chico, Paradise/Butte County CoC",2021,2022,48.5258933395076,75.1405705011863,-26.6146771616787
"pooled_lasso_state_interactions","min",5,2022,"California","CA","CA-520","Merced City & County CoC",2021,2022,29.302799017071,36.3882406891868,-7.08544167211581
"pooled_lasso_state_interactions","min",5,2022,"California","CA","CA-521","Davis, Woodland/Yolo County CoC",2021,2022,33.4748310553098,44.2512134332492,-10.7763823779394
"pooled_lasso_state_interactions","min",5,2022,"California","CA","CA-522","Humboldt County CoC",2021,2022,122.093066328836,65.1659314462013,56.9271348826347
"pooled_lasso_state_interactions","min",5,2022,"California","CA","CA-523","Colusa, Glenn, Trinity Counties CoC",2021,2022,51.4348819266902,45.3795530746478,6.05532885204241
"pooled_lasso_state_interactions","min",5,2022,"California","CA","CA-524","Yuba City & County/Sutter County CoC",2021,2022,59.7775009289008,62.977080675086,-3.19957974618521
"pooled_lasso_state_interactions","min",5,2022,"California","CA","CA-525","El Dorado County CoC",2021,2022,26.4884870978778,27.7073348653078,-1.21884776742998
"pooled_lasso_state_interactions","min",5,2022,"California","CA","CA-526","Amador, Calaveras, Mariposa, Tuolumne Counties CoC",2021,2022,39.2926073316862,43.1613027629155,-3.86869543122932
"pooled_lasso_state_interactions","min",5,2022,"California","CA","CA-527","Tehama County CoC",2021,2022,44.5553650171485,37.66770717491,6.88765784223853
"pooled_lasso_state_interactions","min",5,2022,"California","CA","CA-529","Lake County CoC",2021,2022,49.6550511930395,76.3296251481763,-26.6745739551368
"pooled_lasso_state_interactions","min",5,2022,"California","CA","CA-530","Alpine, Inyo, Mono Counties CoC",2021,2022,42.7180911115858,53.5657035622418,-10.847612450656
"pooled_lasso_state_interactions","min",5,2022,"California","CA","CA-531","Nevada County CoC",2021,2022,51.4764058333415,53.6090227454583,-2.13261691211678
"pooled_lasso_state_interactions","min",5,2022,"California","CA","CA-600","Los Angeles City & County CoC",2021,2022,72.6062334713274,46.8920526113214,25.714180860006
"pooled_lasso_state_interactions","min",5,2022,"California","CA","CA-601","San Diego City and County CoC",2021,2022,25.6992109698761,40.7490475074046,-15.0498365375285
"pooled_lasso_state_interactions","min",5,2022,"California","CA","CA-602","Santa Ana, Anaheim/Orange County CoC",2021,2022,18.11642416385,14.2460511234941,3.87037304035588
"pooled_lasso_state_interactions","min",5,2022,"California","CA","CA-603","Santa Maria/Santa Barbara County CoC",2021,2022,44.0501929721756,53.5363836677648,-9.48619069558919
"pooled_lasso_state_interactions","min",5,2022,"California","CA","CA-604","Bakersfield/Kern County CoC",2021,2022,17.4795054706599,46.7353390714934,-29.2558336008335
"pooled_lasso_state_interactions","min",5,2022,"California","CA","CA-606","Long Beach CoC",2021,2022,72.5030825259475,61.4096554730554,11.0934270528921
"pooled_lasso_state_interactions","min",5,2022,"California","CA","CA-607","Pasadena CoC",2021,2022,37.466091400093,60.4650774955009,-22.9989860954079
"pooled_lasso_state_interactions","min",5,2022,"California","CA","CA-608","Riverside City & County CoC",2021,2022,13.3745324862796,15.0173507196216,-1.64281823334196
"pooled_lasso_state_interactions","min",5,2022,"California","CA","CA-609","San Bernardino City & County CoC",2021,2022,15.1757504893531,16.5669789412876,-1.39122845193453
"pooled_lasso_state_interactions","min",5,2022,"California","CA","CA-611","Oxnard, San Buenaventura/Ventura County CoC",2021,2022,26.9326384520921,31.9180594271536,-4.98542097506146
"pooled_lasso_state_interactions","min",5,2022,"California","CA","CA-612","Glendale CoC",2021,2022,11.868440325742,31.000393824775,-19.131953499033
"pooled_lasso_state_interactions","min",5,2022,"California","CA","CA-613","Imperial County CoC",2021,2022,58.9117215933475,48.5755552005981,10.3361663927494
"pooled_lasso_state_interactions","min",5,2022,"California","CA","CA-614","San Luis Obispo County CoC",2021,2022,51.2118607801321,44.5896035762473,6.62225720388484
"pooled_lasso_state_interactions","min",5,2022,"Florida","FL","FL-500","Sarasota, Bradenton/Manatee, Sarasota Counties CoC",2021,2022,12.7081688511391,7.45220197244227,5.25596687869683
"pooled_lasso_state_interactions","min",5,2022,"Florida","FL","FL-501","Tampa/Hillsborough County CoC",2021,2022,9.91975683810865,4.17164763426846,5.74810920384019
"pooled_lasso_state_interactions","min",5,2022,"Florida","FL","FL-502","St. Petersburg, Clearwater, Largo/Pinellas County CoC",2021,2022,20.5806970687281,18.249675955353,2.33102111337505
"pooled_lasso_state_interactions","min",5,2022,"Florida","FL","FL-503","Lakeland/Polk County CoC",2021,2022,6.39861607797713,4.04036343408639,2.35825264389074
"pooled_lasso_state_interactions","min",5,2022,"Florida","FL","FL-504","Deltona, Daytona Beach/Volusia, Flagler Counties CoC",2021,2022,12.2257509649863,14.18393381658,-1.95818285159365
"pooled_lasso_state_interactions","min",5,2022,"Florida","FL","FL-505","Fort Walton Beach/Okaloosa, Walton Counties CoC",2021,2022,13.412990298048,17.2861435995055,-3.87315330145753
"pooled_lasso_state_interactions","min",5,2022,"Florida","FL","FL-506","Tallahassee/Leon County CoC",2021,2022,13.692247663593,16.9715404766776,-3.27929281308458
"pooled_lasso_state_interactions","min",5,2022,"Florida","FL","FL-507","Orlando/Orange, Osceola, Seminole Counties CoC",2021,2022,9.05458894228847,4.39543955153136,4.65914939075711
"pooled_lasso_state_interactions","min",5,2022,"Florida","FL","FL-508","Gainesville/Alachua, Putnam Counties CoC",2021,2022,19.4522461756038,27.2156097941828,-7.763363618579
"pooled_lasso_state_interactions","min",5,2022,"Florida","FL","FL-509","Fort Pierce/St. Lucie, Indian River, Martin Counties CoC",2021,2022,12.2479470935013,8.46069691008321,3.7872501834181
"pooled_lasso_state_interactions","min",5,2022,"Florida","FL","FL-510","Jacksonville-Duval, Clay Counties CoC",2021,2022,9.39554976294391,6.54686605464374,2.84868370830017
"pooled_lasso_state_interactions","min",5,2022,"Florida","FL","FL-511","Pensacola/Escambia, Santa Rosa Counties CoC",2021,2022,13.8871909288181,8.50770395250944,5.37948697630866
"pooled_lasso_state_interactions","min",5,2022,"Florida","FL","FL-512","St. Johns County CoC",2021,2022,11.3442441775423,1.89862794821581,9.44561622932649
"pooled_lasso_state_interactions","min",5,2022,"Florida","FL","FL-513","Palm Bay, Melbourne/Brevard County CoC",2021,2022,14.4975017132692,8.29903066478147,6.19847104848773
"pooled_lasso_state_interactions","min",5,2022,"Florida","FL","FL-514","Ocala/Marion County CoC",2021,2022,11.4587924195681,9.5689173765294,1.8898750430387
"pooled_lasso_state_interactions","min",5,2022,"Florida","FL","FL-515","Panama City/Bay, Jackson Counties CoC",2021,2022,12.2666735896571,14.6188934555649,-2.3522198659078
"pooled_lasso_state_interactions","min",5,2022,"Florida","FL","FL-517","Hendry, Hardee, Highlands Counties CoC",2021,2022,24.8165484380846,11.8063709787251,13.0101774593595
"pooled_lasso_state_interactions","min",5,2022,"Florida","FL","FL-519","Pasco County CoC",2021,2022,9.64947345657573,5.97621843163864,3.67325502493709
"pooled_lasso_state_interactions","min",5,2022,"Florida","FL","FL-520","Citrus, Hernando, Lake, Sumter Counties CoC",2021,2022,8.05144277531611,1.93915394591321,6.1122888294029
"pooled_lasso_state_interactions","min",5,2022,"Florida","FL","FL-600","Miami-Dade County CoC",2021,2022,11.9825660248166,17.9048758032924,-5.92230977847584
"pooled_lasso_state_interactions","min",5,2022,"Florida","FL","FL-601","Ft Lauderdale/Broward County CoC",2021,2022,10.4457338026285,7.2997263506534,3.14600745197509
"pooled_lasso_state_interactions","min",5,2022,"Florida","FL","FL-602","Charlotte County CoC",2021,2022,7.28647669312117,16.8861363666394,-9.59965967351825
"pooled_lasso_state_interactions","min",5,2022,"Florida","FL","FL-603","Ft Myers, Cape Coral/Lee County CoC",2021,2022,6.76280313359314,6.62004746417358,0.142755669419561
"pooled_lasso_state_interactions","min",5,2022,"Florida","FL","FL-604","Monroe County CoC",2021,2022,63.6064622230821,67.996950134643,-4.39048791156085
"pooled_lasso_state_interactions","min",5,2022,"Florida","FL","FL-605","West Palm Beach/Palm Beach County CoC",2021,2022,9.15773613457437,8.5499375750916,0.607798559482774
"pooled_lasso_state_interactions","min",5,2022,"Florida","FL","FL-606","Naples/Collier County CoC",2021,2022,11.5072505641542,12.2087839775304,-0.701533413376207
"pooled_lasso_state_interactions","1se",5,2022,"California","CA","CA-500","San Jose/Santa Clara City & County CoC",2021,2022,53.3361416184126,32.8592630661052,20.4768785523074
"pooled_lasso_state_interactions","1se",5,2022,"California","CA","CA-501","San Francisco CoC",2021,2022,95.3439588031468,72.1317361387506,23.2122226643962
"pooled_lasso_state_interactions","1se",5,2022,"California","CA","CA-502","Oakland, Berkeley/Alameda County CoC",2021,2022,59.6826477615486,39.3709950873505,20.3116526741981
"pooled_lasso_state_interactions","1se",5,2022,"California","CA","CA-503","Sacramento City & County CoC",2021,2022,58.3996923284155,35.5698761375244,22.8298161908911
"pooled_lasso_state_interactions","1se",5,2022,"California","CA","CA-504","Santa Rosa, Petaluma/Sonoma County CoC",2021,2022,59.8672284349676,50.792157854083,9.07507058088458
"pooled_lasso_state_interactions","1se",5,2022,"California","CA","CA-505","Contra Costa County CoC",2021,2022,26.6600469072018,22.760398591568,3.89964831563378
"pooled_lasso_state_interactions","1se",5,2022,"California","CA","CA-506","Salinas/Monterey, San Benito Counties CoC",2021,2022,47.7402801663363,38.3511717083715,9.38910845796481
"pooled_lasso_state_interactions","1se",5,2022,"California","CA","CA-507","Marin County CoC",2021,2022,43.6122285420833,45.7660956293768,-2.15386708729351
"pooled_lasso_state_interactions","1se",5,2022,"California","CA","CA-508","Watsonville/Santa Cruz City & County CoC",2021,2022,86.4981601739746,55.3982490680067,31.0999111059679
"pooled_lasso_state_interactions","1se",5,2022,"California","CA","CA-509","Mendocino County CoC",2021,2022,92.1884198016283,83.5945871200496,8.5938326815787
"pooled_lasso_state_interactions","1se",5,2022,"California","CA","CA-510","Turlock, Modesto/Stanislaus County CoC",2021,2022,33.6137191761109,31.3783581736562,2.23536100245468
"pooled_lasso_state_interactions","1se",5,2022,"California","CA","CA-511","Stockton/San Joaquin County CoC",2021,2022,29.1535660003294,31.1823926872699,-2.0288266869405
"pooled_lasso_state_interactions","1se",5,2022,"California","CA","CA-512","Daly City/San Mateo County CoC",2021,2022,24.6911894243047,32.5489155437999,-7.85772611949523
"pooled_lasso_state_interactions","1se",5,2022,"California","CA","CA-513","Visalia/Kings, Tulare Counties CoC",2021,2022,19.578313253012,22.1708486157738,-2.59253536276184
"pooled_lasso_state_interactions","1se",5,2022,"California","CA","CA-514","Fresno City & County/Madera County CoC",2021,2022,35.7819710128691,24.372874998493,11.4090960143761
"pooled_lasso_state_interactions","1se",5,2022,"California","CA","CA-515","Roseville, Rocklin/Placer County CoC",2021,2022,17.922474544112,27.563665931157,-9.64119138704499
"pooled_lasso_state_interactions","1se",5,2022,"California","CA","CA-516","Redding/Shasta, Siskiyou, Lassen, Plumas, Del Norte, Modoc, Sierra Counties CoC",2021,2022,58.7420816505342,44.8179052333379,13.9241764171963
"pooled_lasso_state_interactions","1se",5,2022,"California","CA","CA-517","Napa City & County CoC",2021,2022,36.8032476077889,42.3705416404711,-5.56729403268216
"pooled_lasso_state_interactions","1se",5,2022,"California","CA","CA-518","Vallejo/Solano County CoC",2021,2022,26.2086197238203,28.3342889394284,-2.12566921560811
"pooled_lasso_state_interactions","1se",5,2022,"California","CA","CA-519","Chico, Paradise/Butte County CoC",2021,2022,48.5258933395076,63.5753908354144,-15.0494974959068
"pooled_lasso_state_interactions","1se",5,2022,"California","CA","CA-520","Merced City & County CoC",2021,2022,29.302799017071,33.9582359613635,-4.65543694429248
"pooled_lasso_state_interactions","1se",5,2022,"California","CA","CA-521","Davis, Woodland/Yolo County CoC",2021,2022,33.4748310553098,41.0645039090019,-7.58967285369206
"pooled_lasso_state_interactions","1se",5,2022,"California","CA","CA-522","Humboldt County CoC",2021,2022,122.093066328836,53.3313391295946,68.7617271992414
"pooled_lasso_state_interactions","1se",5,2022,"California","CA","CA-523","Colusa, Glenn, Trinity Counties CoC",2021,2022,51.4348819266902,43.9450025977263,7.48987932896386
"pooled_lasso_state_interactions","1se",5,2022,"California","CA","CA-524","Yuba City & County/Sutter County CoC",2021,2022,59.7775009289008,53.1734253900895,6.60407553881127
"pooled_lasso_state_interactions","1se",5,2022,"California","CA","CA-525","El Dorado County CoC",2021,2022,26.4884870978778,28.7422758145241,-2.25378871664632
"pooled_lasso_state_interactions","1se",5,2022,"California","CA","CA-526","Amador, Calaveras, Mariposa, Tuolumne Counties CoC",2021,2022,39.2926073316862,39.0925418261613,0.200065505524925
"pooled_lasso_state_interactions","1se",5,2022,"California","CA","CA-527","Tehama County CoC",2021,2022,44.5553650171485,37.9136841409612,6.64168087618732
"pooled_lasso_state_interactions","1se",5,2022,"California","CA","CA-529","Lake County CoC",2021,2022,49.6550511930395,69.0487807134968,-19.3937295204573
"pooled_lasso_state_interactions","1se",5,2022,"California","CA","CA-530","Alpine, Inyo, Mono Counties CoC",2021,2022,42.7180911115858,50.6782567716572,-7.96016566007138
"pooled_lasso_state_interactions","1se",5,2022,"California","CA","CA-531","Nevada County CoC",2021,2022,51.4764058333415,46.2527690897502,5.22363674359129
"pooled_lasso_state_interactions","1se",5,2022,"California","CA","CA-600","Los Angeles City & County CoC",2021,2022,72.6062334713274,35.4002511167293,37.2059823545981
"pooled_lasso_state_interactions","1se",5,2022,"California","CA","CA-601","San Diego City and County CoC",2021,2022,25.6992109698761,32.3330220592251,-6.63381108934897
"pooled_lasso_state_interactions","1se",5,2022,"California","CA","CA-602","Santa Ana, Anaheim/Orange County CoC",2021,2022,18.11642416385,14.6711616528619,3.44526251098809
"pooled_lasso_state_interactions","1se",5,2022,"California","CA","CA-603","Santa Maria/Santa Barbara County CoC",2021,2022,44.0501929721756,45.3110875494183,-1.26089457724271
"pooled_lasso_state_interactions","1se",5,2022,"California","CA","CA-604","Bakersfield/Kern County CoC",2021,2022,17.4795054706599,41.8473855592725,-24.3678800886126
"pooled_lasso_state_interactions","1se",5,2022,"California","CA","CA-606","Long Beach CoC",2021,2022,72.5030825259475,55.8579622079312,16.6451203180163
"pooled_lasso_state_interactions","1se",5,2022,"California","CA","CA-607","Pasadena CoC",2021,2022,37.466091400093,55.2091156916872,-17.7430242915942
"pooled_lasso_state_interactions","1se",5,2022,"California","CA","CA-608","Riverside City & County CoC",2021,2022,13.3745324862796,13.6081605111842,-0.233628024904556
"pooled_lasso_state_interactions","1se",5,2022,"California","CA","CA-609","San Bernardino City & County CoC",2021,2022,15.1757504893531,15.261559403999,-0.0858089146458543
"pooled_lasso_state_interactions","1se",5,2022,"California","CA","CA-611","Oxnard, San Buenaventura/Ventura County CoC",2021,2022,26.9326384520921,28.3273036533405,-1.3946652012484
"pooled_lasso_state_interactions","1se",5,2022,"California","CA","CA-612","Glendale CoC",2021,2022,11.868440325742,31.2156663738915,-19.3472260481495
"pooled_lasso_state_interactions","1se",5,2022,"California","CA","CA-613","Imperial County CoC",2021,2022,58.9117215933475,44.2400209486765,14.671700644671
"pooled_lasso_state_interactions","1se",5,2022,"California","CA","CA-614","San Luis Obispo County CoC",2021,2022,51.2118607801321,39.8022886507083,11.4095721294238
"pooled_lasso_state_interactions","1se",5,2022,"Florida","FL","FL-500","Sarasota, Bradenton/Manatee, Sarasota Counties CoC",2021,2022,12.7081688511391,8.92674418710081,3.78142466403829
"pooled_lasso_state_interactions","1se",5,2022,"Florida","FL","FL-501","Tampa/Hillsborough County CoC",2021,2022,9.91975683810865,7.78663615134183,2.13312068676682
"pooled_lasso_state_interactions","1se",5,2022,"Florida","FL","FL-502","St. Petersburg, Clearwater, Largo/Pinellas County CoC",2021,2022,20.5806970687281,22.0081990365383,-1.42750196781023
"pooled_lasso_state_interactions","1se",5,2022,"Florida","FL","FL-503","Lakeland/Polk County CoC",2021,2022,6.39861607797713,6.58921563978939,-0.190599561812261
"pooled_lasso_state_interactions","1se",5,2022,"Florida","FL","FL-504","Deltona, Daytona Beach/Volusia, Flagler Counties CoC",2021,2022,12.2257509649863,12.937705902604,-0.711954937617737
"pooled_lasso_state_interactions","1se",5,2022,"Florida","FL","FL-505","Fort Walton Beach/Okaloosa, Walton Counties CoC",2021,2022,13.412990298048,15.6433433445825,-2.23035304653452
"pooled_lasso_state_interactions","1se",5,2022,"Florida","FL","FL-506","Tallahassee/Leon County CoC",2021,2022,13.692247663593,19.469032554022,-5.77678489042902
"pooled_lasso_state_interactions","1se",5,2022,"Florida","FL","FL-507","Orlando/Orange, Osceola, Seminole Counties CoC",2021,2022,9.05458894228847,5.24453938023357,3.8100495620549
"pooled_lasso_state_interactions","1se",5,2022,"Florida","FL","FL-508","Gainesville/Alachua, Putnam Counties CoC",2021,2022,19.4522461756038,28.9019621019246,-9.44971592632081
"pooled_lasso_state_interactions","1se",5,2022,"Florida","FL","FL-509","Fort Pierce/St. Lucie, Indian River, Martin Counties CoC",2021,2022,12.2479470935013,7.31595340679835,4.93199368670295
"pooled_lasso_state_interactions","1se",5,2022,"Florida","FL","FL-510","Jacksonville-Duval, Clay Counties CoC",2021,2022,9.39554976294391,9.46765270883182,-0.072102945887913
"pooled_lasso_state_interactions","1se",5,2022,"Florida","FL","FL-511","Pensacola/Escambia, Santa Rosa Counties CoC",2021,2022,13.8871909288181,9.62291508580081,4.26427584301729
"pooled_lasso_state_interactions","1se",5,2022,"Florida","FL","FL-512","St. Johns County CoC",2021,2022,11.3442441775423,4.73630178492297,6.60794239261933
"pooled_lasso_state_interactions","1se",5,2022,"Florida","FL","FL-513","Palm Bay, Melbourne/Brevard County CoC",2021,2022,14.4975017132692,9.33566790996577,5.16183380330343
"pooled_lasso_state_interactions","1se",5,2022,"Florida","FL","FL-514","Ocala/Marion County CoC",2021,2022,11.4587924195681,11.0715019539809,0.387290465587183
"pooled_lasso_state_interactions","1se",5,2022,"Florida","FL","FL-515","Panama City/Bay, Jackson Counties CoC",2021,2022,12.2666735896571,13.5851312678668,-1.3184576782097
"pooled_lasso_state_interactions","1se",5,2022,"Florida","FL","FL-517","Hendry, Hardee, Highlands Counties CoC",2021,2022,24.8165484380846,12.321793492422,12.4947549456626
"pooled_lasso_state_interactions","1se",5,2022,"Florida","FL","FL-519","Pasco County CoC",2021,2022,9.64947345657573,7.51147766215082,2.13799579442491
"pooled_lasso_state_interactions","1se",5,2022,"Florida","FL","FL-520","Citrus, Hernando, Lake, Sumter Counties CoC",2021,2022,8.05144277531611,1.14605432627298,6.90538844904313
"pooled_lasso_state_interactions","1se",5,2022,"Florida","FL","FL-600","Miami-Dade County CoC",2021,2022,11.9825660248166,17.3889888410905,-5.40642281627393
"pooled_lasso_state_interactions","1se",5,2022,"Florida","FL","FL-601","Ft Lauderdale/Broward County CoC",2021,2022,10.4457338026285,5.94414423717575,4.50158956545275
"pooled_lasso_state_interactions","1se",5,2022,"Florida","FL","FL-602","Charlotte County CoC",2021,2022,7.28647669312117,14.1541568614096,-6.86768016828844
"pooled_lasso_state_interactions","1se",5,2022,"Florida","FL","FL-603","Ft Myers, Cape Coral/Lee County CoC",2021,2022,6.76280313359314,6.51541306870393,0.247390064889208
"pooled_lasso_state_interactions","1se",5,2022,"Florida","FL","FL-604","Monroe County CoC",2021,2022,63.6064622230821,69.4917559371172,-5.88529371403512
"pooled_lasso_state_interactions","1se",5,2022,"Florida","FL","FL-605","West Palm Beach/Palm Beach County CoC",2021,2022,9.15773613457437,8.21577055135388,0.941965583220492
"pooled_lasso_state_interactions","1se",5,2022,"Florida","FL","FL-606","Naples/Collier County CoC",2021,2022,11.5072505641542,14.7246060999486,-3.21735553579436
"separate_lasso_CA","min",5,2022,"California","CA","CA-500","San Jose/Santa Clara City & County CoC",2021,2022,53.3361416184126,38.8601210723148,14.4760205460978
"separate_lasso_CA","min",5,2022,"California","CA","CA-501","San Francisco CoC",2021,2022,95.3439588031468,82.3329814223006,13.0109773808462
"separate_lasso_CA","min",5,2022,"California","CA","CA-502","Oakland, Berkeley/Alameda County CoC",2021,2022,59.6826477615486,56.5148921751749,3.16775558637366
"separate_lasso_CA","min",5,2022,"California","CA","CA-503","Sacramento City & County CoC",2021,2022,58.3996923284155,46.4304163675336,11.9692759608819
"separate_lasso_CA","min",5,2022,"California","CA","CA-504","Santa Rosa, Petaluma/Sonoma County CoC",2021,2022,59.8672284349676,64.3548016349935,-4.48757320002595
"separate_lasso_CA","min",5,2022,"California","CA","CA-505","Contra Costa County CoC",2021,2022,26.6600469072018,27.5940256325232,-0.933978725321374
"separate_lasso_CA","min",5,2022,"California","CA","CA-506","Salinas/Monterey, San Benito Counties CoC",2021,2022,47.7402801663363,53.9918325516227,-6.25155238528637
"separate_lasso_CA","min",5,2022,"California","CA","CA-507","Marin County CoC",2021,2022,43.6122285420833,55.0601956899937,-11.4479671479104
"separate_lasso_CA","min",5,2022,"California","CA","CA-508","Watsonville/Santa Cruz City & County CoC",2021,2022,86.4981601739746,73.4912779882592,13.0068821857154
"separate_lasso_CA","min",5,2022,"California","CA","CA-509","Mendocino County CoC",2021,2022,92.1884198016283,104.291647089879,-12.1032272882512
"separate_lasso_CA","min",5,2022,"California","CA","CA-510","Turlock, Modesto/Stanislaus County CoC",2021,2022,33.6137191761109,37.5171975969612,-3.90347842085026
"separate_lasso_CA","min",5,2022,"California","CA","CA-511","Stockton/San Joaquin County CoC",2021,2022,29.1535660003294,37.4101072383892,-8.25654123805977
"separate_lasso_CA","min",5,2022,"California","CA","CA-512","Daly City/San Mateo County CoC",2021,2022,24.6911894243047,34.8575491554933,-10.1663597311886
"separate_lasso_CA","min",5,2022,"California","CA","CA-513","Visalia/Kings, Tulare Counties CoC",2021,2022,19.578313253012,22.0903997268541,-2.51208647384208
"separate_lasso_CA","min",5,2022,"California","CA","CA-514","Fresno City & County/Madera County CoC",2021,2022,35.7819710128691,25.9297091590679,9.85226185380122
"separate_lasso_CA","min",5,2022,"California","CA","CA-515","Roseville, Rocklin/Placer County CoC",2021,2022,17.922474544112,20.8520953993235,-2.92962085521152
"separate_lasso_CA","min",5,2022,"California","CA","CA-516","Redding/Shasta, Siskiyou, Lassen, Plumas, Del Norte, Modoc, Sierra Counties CoC",2021,2022,58.7420816505342,65.4829313113178,-6.74084966078355
"separate_lasso_CA","min",5,2022,"California","CA","CA-517","Napa City & County CoC",2021,2022,36.8032476077889,50.9548233293419,-14.151575721553
"separate_lasso_CA","min",5,2022,"California","CA","CA-518","Vallejo/Solano County CoC",2021,2022,26.2086197238203,33.8656095620684,-7.65698983824809
"separate_lasso_CA","min",5,2022,"California","CA","CA-519","Chico, Paradise/Butte County CoC",2021,2022,48.5258933395076,83.7036262979016,-35.177732958394
"separate_lasso_CA","min",5,2022,"California","CA","CA-520","Merced City & County CoC",2021,2022,29.302799017071,37.4812655874196,-8.1784665703486
"separate_lasso_CA","min",5,2022,"California","CA","CA-521","Davis, Woodland/Yolo County CoC",2021,2022,33.4748310553098,45.6829088964324,-12.2080778411226
"separate_lasso_CA","min",5,2022,"California","CA","CA-522","Humboldt County CoC",2021,2022,122.093066328836,84.5408197225623,37.5522466062737
"separate_lasso_CA","min",5,2022,"California","CA","CA-523","Colusa, Glenn, Trinity Counties CoC",2021,2022,51.4348819266902,47.8399215030354,3.5949604236548
"separate_lasso_CA","min",5,2022,"California","CA","CA-524","Yuba City & County/Sutter County CoC",2021,2022,59.7775009289008,72.0488598239959,-12.2713588950951
"separate_lasso_CA","min",5,2022,"California","CA","CA-525","El Dorado County CoC",2021,2022,26.4884870978778,30.8479966030452,-4.35950950516742
"separate_lasso_CA","min",5,2022,"California","CA","CA-526","Amador, Calaveras, Mariposa, Tuolumne Counties CoC",2021,2022,39.2926073316862,53.2719644503122,-13.979357118626
"separate_lasso_CA","min",5,2022,"California","CA","CA-527","Tehama County CoC",2021,2022,44.5553650171485,38.9186419522001,5.63672306494836
"separate_lasso_CA","min",5,2022,"California","CA","CA-529","Lake County CoC",2021,2022,49.6550511930395,73.7569555602549,-24.1019043672154
"separate_lasso_CA","min",5,2022,"California","CA","CA-530","Alpine, Inyo, Mono Counties CoC",2021,2022,42.7180911115858,67.4216027304661,-24.7035116188803
"separate_lasso_CA","min",5,2022,"California","CA","CA-531","Nevada County CoC",2021,2022,51.4764058333415,63.8099242552438,-12.3335184219023
"separate_lasso_CA","min",5,2022,"California","CA","CA-600","Los Angeles City & County CoC",2021,2022,72.6062334713274,67.1670471100421,5.43918636128525
"separate_lasso_CA","min",5,2022,"California","CA","CA-601","San Diego City and County CoC",2021,2022,25.6992109698761,55.0296875303144,-29.3304765604383
"separate_lasso_CA","min",5,2022,"California","CA","CA-602","Santa Ana, Anaheim/Orange County CoC",2021,2022,18.11642416385,27.5610279667832,-9.44460380293318
"separate_lasso_CA","min",5,2022,"California","CA","CA-603","Santa Maria/Santa Barbara County CoC",2021,2022,44.0501929721756,60.7100145958603,-16.6598216236847
"separate_lasso_CA","min",5,2022,"California","CA","CA-604","Bakersfield/Kern County CoC",2021,2022,17.4795054706599,46.5862559497192,-29.1067504790593
"separate_lasso_CA","min",5,2022,"California","CA","CA-606","Long Beach CoC",2021,2022,72.5030825259475,68.4687778025418,4.03430472340575
"separate_lasso_CA","min",5,2022,"California","CA","CA-607","Pasadena CoC",2021,2022,37.466091400093,61.6181174024157,-24.1520260023227
"separate_lasso_CA","min",5,2022,"California","CA","CA-608","Riverside City & County CoC",2021,2022,13.3745324862796,21.1246699626252,-7.75013747634562
"separate_lasso_CA","min",5,2022,"California","CA","CA-609","San Bernardino City & County CoC",2021,2022,15.1757504893531,22.8332448343073,-7.65749434495425
"separate_lasso_CA","min",5,2022,"California","CA","CA-611","Oxnard, San Buenaventura/Ventura County CoC",2021,2022,26.9326384520921,39.2120958498783,-12.2794573977862
"separate_lasso_CA","min",5,2022,"California","CA","CA-612","Glendale CoC",2021,2022,11.868440325742,37.7242362106334,-25.8557958848914
"separate_lasso_CA","min",5,2022,"California","CA","CA-613","Imperial County CoC",2021,2022,58.9117215933475,50.8870384004264,8.02468319292108
"separate_lasso_CA","min",5,2022,"California","CA","CA-614","San Luis Obispo County CoC",2021,2022,51.2118607801321,50.7043886652846,0.507472114847516
"separate_lasso_CA","1se",5,2022,"California","CA","CA-500","San Jose/Santa Clara City & County CoC",2021,2022,53.3361416184126,38.9466697982569,14.3894718201557
"separate_lasso_CA","1se",5,2022,"California","CA","CA-501","San Francisco CoC",2021,2022,95.3439588031468,90.1176731131453,5.22628569000149
"separate_lasso_CA","1se",5,2022,"California","CA","CA-502","Oakland, Berkeley/Alameda County CoC",2021,2022,59.6826477615486,55.8977821315188,3.78486563002982
"separate_lasso_CA","1se",5,2022,"California","CA","CA-503","Sacramento City & County CoC",2021,2022,58.3996923284155,44.8288835613077,13.5708087671078
"separate_lasso_CA","1se",5,2022,"California","CA","CA-504","Santa Rosa, Petaluma/Sonoma County CoC",2021,2022,59.8672284349676,57.7535644986178,2.11366393634977
"separate_lasso_CA","1se",5,2022,"California","CA","CA-505","Contra Costa County CoC",2021,2022,26.6600469072018,30.7638374196353,-4.10379051243347
"separate_lasso_CA","1se",5,2022,"California","CA","CA-506","Salinas/Monterey, San Benito Counties CoC",2021,2022,47.7402801663363,51.6419335762029,-3.90165340986657
"separate_lasso_CA","1se",5,2022,"California","CA","CA-507","Marin County CoC",2021,2022,43.6122285420833,49.7304200688029,-6.1181915267196
"separate_lasso_CA","1se",5,2022,"California","CA","CA-508","Watsonville/Santa Cruz City & County CoC",2021,2022,86.4981601739746,65.5936149112721,20.9045452627025
"separate_lasso_CA","1se",5,2022,"California","CA","CA-509","Mendocino County CoC",2021,2022,92.1884198016283,89.8112841304388,2.37713567118945
"separate_lasso_CA","1se",5,2022,"California","CA","CA-510","Turlock, Modesto/Stanislaus County CoC",2021,2022,33.6137191761109,38.1304362524161,-4.51671707630521
"separate_lasso_CA","1se",5,2022,"California","CA","CA-511","Stockton/San Joaquin County CoC",2021,2022,29.1535660003294,38.8518219903464,-9.69825599001697
"separate_lasso_CA","1se",5,2022,"California","CA","CA-512","Daly City/San Mateo County CoC",2021,2022,24.6911894243047,35.9023968946876,-11.2112074703829
"separate_lasso_CA","1se",5,2022,"California","CA","CA-513","Visalia/Kings, Tulare Counties CoC",2021,2022,19.578313253012,25.8335510786175,-6.25523782560546
"separate_lasso_CA","1se",5,2022,"California","CA","CA-514","Fresno City & County/Madera County CoC",2021,2022,35.7819710128691,27.3315816038303,8.45038940903884
"separate_lasso_CA","1se",5,2022,"California","CA","CA-515","Roseville, Rocklin/Placer County CoC",2021,2022,17.922474544112,23.8367796426909,-5.91430509857895
"separate_lasso_CA","1se",5,2022,"California","CA","CA-516","Redding/Shasta, Siskiyou, Lassen, Plumas, Del Norte, Modoc, Sierra Counties CoC",2021,2022,58.7420816505342,72.5787886505395,-13.8367070000053
"separate_lasso_CA","1se",5,2022,"California","CA","CA-517","Napa City & County CoC",2021,2022,36.8032476077889,49.9198525153855,-13.1166049075967
"separate_lasso_CA","1se",5,2022,"California","CA","CA-518","Vallejo/Solano County CoC",2021,2022,26.2086197238203,35.54832820042,-9.33970847659972
"separate_lasso_CA","1se",5,2022,"California","CA","CA-519","Chico, Paradise/Butte County CoC",2021,2022,48.5258933395076,77.489077960443,-28.9631846209354
"separate_lasso_CA","1se",5,2022,"California","CA","CA-520","Merced City & County CoC",2021,2022,29.302799017071,39.8302335441387,-10.5274345270677
"separate_lasso_CA","1se",5,2022,"California","CA","CA-521","Davis, Woodland/Yolo County CoC",2021,2022,33.4748310553098,43.3721268190974,-9.89729576378765
"separate_lasso_CA","1se",5,2022,"California","CA","CA-522","Humboldt County CoC",2021,2022,122.093066328836,78.6813650542138,43.4117012746222
"separate_lasso_CA","1se",5,2022,"California","CA","CA-523","Colusa, Glenn, Trinity Counties CoC",2021,2022,51.4348819266902,53.1078633150876,-1.67298138839742
"separate_lasso_CA","1se",5,2022,"California","CA","CA-524","Yuba City & County/Sutter County CoC",2021,2022,59.7775009289008,73.8360301924536,-14.0585292635528
"separate_lasso_CA","1se",5,2022,"California","CA","CA-525","El Dorado County CoC",2021,2022,26.4884870978778,33.0743455143898,-6.58585841651198
"separate_lasso_CA","1se",5,2022,"California","CA","CA-526","Amador, Calaveras, Mariposa, Tuolumne Counties CoC",2021,2022,39.2926073316862,52.2103949981301,-12.9177876664439
"separate_lasso_CA","1se",5,2022,"California","CA","CA-527","Tehama County CoC",2021,2022,44.5553650171485,40.4929580472741,4.06240696987438
"separate_lasso_CA","1se",5,2022,"California","CA","CA-529","Lake County CoC",2021,2022,49.6550511930395,61.9450407054939,-12.2899895124544
"separate_lasso_CA","1se",5,2022,"California","CA","CA-530","Alpine, Inyo, Mono Counties CoC",2021,2022,42.7180911115858,67.4802733206285,-24.7621822090427
"separate_lasso_CA","1se",5,2022,"California","CA","CA-531","Nevada County CoC",2021,2022,51.4764058333415,58.4704394525076,-6.99403361916607
"separate_lasso_CA","1se",5,2022,"California","CA","CA-600","Los Angeles City & County CoC",2021,2022,72.6062334713274,60.4176852199115,12.1885482514159
"separate_lasso_CA","1se",5,2022,"California","CA","CA-601","San Diego City and County CoC",2021,2022,25.6992109698761,49.7639188421319,-24.0647078722558
"separate_lasso_CA","1se",5,2022,"California","CA","CA-602","Santa Ana, Anaheim/Orange County CoC",2021,2022,18.11642416385,33.4602159495786,-15.3437917857286
"separate_lasso_CA","1se",5,2022,"California","CA","CA-603","Santa Maria/Santa Barbara County CoC",2021,2022,44.0501929721756,53.4034390441094,-9.35324607193382
"separate_lasso_CA","1se",5,2022,"California","CA","CA-604","Bakersfield/Kern County CoC",2021,2022,17.4795054706599,40.9060055459293,-23.4265000752694
"separate_lasso_CA","1se",5,2022,"California","CA","CA-606","Long Beach CoC",2021,2022,72.5030825259475,64.7908526242299,7.71222990171756
"separate_lasso_CA","1se",5,2022,"California","CA","CA-607","Pasadena CoC",2021,2022,37.466091400093,55.0009340214485,-17.5348426213555
"separate_lasso_CA","1se",5,2022,"California","CA","CA-608","Riverside City & County CoC",2021,2022,13.3745324862796,22.7128078113184,-9.33827532503877
"separate_lasso_CA","1se",5,2022,"California","CA","CA-609","San Bernardino City & County CoC",2021,2022,15.1757504893531,23.6002184049999,-8.42446791564681
"separate_lasso_CA","1se",5,2022,"California","CA","CA-611","Oxnard, San Buenaventura/Ventura County CoC",2021,2022,26.9326384520921,38.0687009586961,-11.136062506604
"separate_lasso_CA","1se",5,2022,"California","CA","CA-612","Glendale CoC",2021,2022,11.868440325742,39.1798313265253,-27.3113910007833
"separate_lasso_CA","1se",5,2022,"California","CA","CA-613","Imperial County CoC",2021,2022,58.9117215933475,47.7698909588742,11.1418306344733
"separate_lasso_CA","1se",5,2022,"California","CA","CA-614","San Luis Obispo County CoC",2021,2022,51.2118607801321,44.8304538709412,6.38140690919094
"separate_lasso_FL","min",5,2022,"Florida","FL","FL-500","Sarasota, Bradenton/Manatee, Sarasota Counties CoC",2021,2022,12.7081688511391,-2.6889182536,15.3970871047391
"separate_lasso_FL","min",5,2022,"Florida","FL","FL-501","Tampa/Hillsborough County CoC",2021,2022,9.91975683810865,-2.16327700637686,12.0830338444855
"separate_lasso_FL","min",5,2022,"Florida","FL","FL-502","St. Petersburg, Clearwater, Largo/Pinellas County CoC",2021,2022,20.5806970687281,12.4911379092976,8.08955915943048
"separate_lasso_FL","min",5,2022,"Florida","FL","FL-503","Lakeland/Polk County CoC",2021,2022,6.39861607797713,-4.57033848871179,10.9689545666889
"separate_lasso_FL","min",5,2022,"Florida","FL","FL-504","Deltona, Daytona Beach/Volusia, Flagler Counties CoC",2021,2022,12.2257509649863,0.286083107550757,11.9396678574355
"separate_lasso_FL","min",5,2022,"Florida","FL","FL-505","Fort Walton Beach/Okaloosa, Walton Counties CoC",2021,2022,13.412990298048,15.592114397621,-2.17912409957295
"separate_lasso_FL","min",5,2022,"Florida","FL","FL-506","Tallahassee/Leon County CoC",2021,2022,13.692247663593,5.67200528946844,8.02024237412456
"separate_lasso_FL","min",5,2022,"Florida","FL","FL-507","Orlando/Orange, Osceola, Seminole Counties CoC",2021,2022,9.05458894228847,-9.41261354840027,18.4672024906887
"separate_lasso_FL","min",5,2022,"Florida","FL","FL-508","Gainesville/Alachua, Putnam Counties CoC",2021,2022,19.4522461756038,15.941400287397,3.51084588820681
"separate_lasso_FL","min",5,2022,"Florida","FL","FL-509","Fort Pierce/St. Lucie, Indian River, Martin Counties CoC",2021,2022,12.2479470935013,1.26605966864253,10.9818874248588
"separate_lasso_FL","min",5,2022,"Florida","FL","FL-510","Jacksonville-Duval, Clay Counties CoC",2021,2022,9.39554976294391,-4.41517017937139,13.8107199423153
"separate_lasso_FL","min",5,2022,"Florida","FL","FL-511","Pensacola/Escambia, Santa Rosa Counties CoC",2021,2022,13.8871909288181,-0.929402649468746,14.8165935782868
"separate_lasso_FL","min",5,2022,"Florida","FL","FL-512","St. Johns County CoC",2021,2022,11.3442441775423,6.16630202185602,5.17794215568628
"separate_lasso_FL","min",5,2022,"Florida","FL","FL-513","Palm Bay, Melbourne/Brevard County CoC",2021,2022,14.4975017132692,1.00202338164817,13.495478331621
"separate_lasso_FL","min",5,2022,"Florida","FL","FL-514","Ocala/Marion County CoC",2021,2022,11.4587924195681,6.38497516219831,5.07381725736979
"separate_lasso_FL","min",5,2022,"Florida","FL","FL-515","Panama City/Bay, Jackson Counties CoC",2021,2022,12.2666735896571,3.95402203208693,8.31265155757018
"separate_lasso_FL","min",5,2022,"Florida","FL","FL-517","Hendry, Hardee, Highlands Counties CoC",2021,2022,24.8165484380846,8.3202232709506,16.496325167134
"separate_lasso_FL","min",5,2022,"Florida","FL","FL-519","Pasco County CoC",2021,2022,9.64947345657573,3.77556890889379,5.87390454768194
"separate_lasso_FL","min",5,2022,"Florida","FL","FL-520","Citrus, Hernando, Lake, Sumter Counties CoC",2021,2022,8.05144277531611,-7.97078674923483,16.0222295245509
"separate_lasso_FL","min",5,2022,"Florida","FL","FL-600","Miami-Dade County CoC",2021,2022,11.9825660248166,3.75698922153985,8.22557680327675
"separate_lasso_FL","min",5,2022,"Florida","FL","FL-601","Ft Lauderdale/Broward County CoC",2021,2022,10.4457338026285,-6.20011678357686,16.6458505862054
"separate_lasso_FL","min",5,2022,"Florida","FL","FL-602","Charlotte County CoC",2021,2022,7.28647669312117,11.5455843184523,-4.2591076253311
"separate_lasso_FL","min",5,2022,"Florida","FL","FL-603","Ft Myers, Cape Coral/Lee County CoC",2021,2022,6.76280313359314,-2.77174167760571,9.53454481119885
"separate_lasso_FL","min",5,2022,"Florida","FL","FL-604","Monroe County CoC",2021,2022,63.6064622230821,56.4308706137754,7.17559160930669
"separate_lasso_FL","min",5,2022,"Florida","FL","FL-605","West Palm Beach/Palm Beach County CoC",2021,2022,9.15773613457437,-2.57211623311037,11.7298523676847
"separate_lasso_FL","min",5,2022,"Florida","FL","FL-606","Naples/Collier County CoC",2021,2022,11.5072505641542,5.89181431898454,5.61543624516966
"separate_lasso_FL","1se",5,2022,"Florida","FL","FL-500","Sarasota, Bradenton/Manatee, Sarasota Counties CoC",2021,2022,12.7081688511391,2.41640721857711,10.291761632562
"separate_lasso_FL","1se",5,2022,"Florida","FL","FL-501","Tampa/Hillsborough County CoC",2021,2022,9.91975683810865,-0.0738079875980216,9.99356482570667
"separate_lasso_FL","1se",5,2022,"Florida","FL","FL-502","St. Petersburg, Clearwater, Largo/Pinellas County CoC",2021,2022,20.5806970687281,9.11297261244775,11.4677244562803
"separate_lasso_FL","1se",5,2022,"Florida","FL","FL-503","Lakeland/Polk County CoC",2021,2022,6.39861607797713,2.34510090510205,4.05351517287508
"separate_lasso_FL","1se",5,2022,"Florida","FL","FL-504","Deltona, Daytona Beach/Volusia, Flagler Counties CoC",2021,2022,12.2257509649863,5.05639950304958,7.16935146193672
"separate_lasso_FL","1se",5,2022,"Florida","FL","FL-505","Fort Walton Beach/Okaloosa, Walton Counties CoC",2021,2022,13.412990298048,10.9040123024443,2.50897799560365
"separate_lasso_FL","1se",5,2022,"Florida","FL","FL-506","Tallahassee/Leon County CoC",2021,2022,13.692247663593,9.90854077627009,3.78370688732291
"separate_lasso_FL","1se",5,2022,"Florida","FL","FL-507","Orlando/Orange, Osceola, Seminole Counties CoC",2021,2022,9.05458894228847,-4.94185235988431,13.9964413021728
"separate_lasso_FL","1se",5,2022,"Florida","FL","FL-508","Gainesville/Alachua, Putnam Counties CoC",2021,2022,19.4522461756038,15.4354204814945,4.01682569410934
"separate_lasso_FL","1se",5,2022,"Florida","FL","FL-509","Fort Pierce/St. Lucie, Indian River, Martin Counties CoC",2021,2022,12.2479470935013,3.08883620524501,9.15911088825629
"separate_lasso_FL","1se",5,2022,"Florida","FL","FL-510","Jacksonville-Duval, Clay Counties CoC",2021,2022,9.39554976294391,0.950590991365582,8.44495877157833
"separate_lasso_FL","1se",5,2022,"Florida","FL","FL-511","Pensacola/Escambia, Santa Rosa Counties CoC",2021,2022,13.8871909288181,5.26224226552292,8.62494866329518
"separate_lasso_FL","1se",5,2022,"Florida","FL","FL-512","St. Johns County CoC",2021,2022,11.3442441775423,8.28274383273435,3.06150034480795
"separate_lasso_FL","1se",5,2022,"Florida","FL","FL-513","Palm Bay, Melbourne/Brevard County CoC",2021,2022,14.4975017132692,4.53384320174744,9.96365851152176
"separate_lasso_FL","1se",5,2022,"Florida","FL","FL-514","Ocala/Marion County CoC",2021,2022,11.4587924195681,8.01254042875327,3.44625199081483
"separate_lasso_FL","1se",5,2022,"Florida","FL","FL-515","Panama City/Bay, Jackson Counties CoC",2021,2022,12.2666735896571,8.44339208638652,3.82328150327058
"separate_lasso_FL","1se",5,2022,"Florida","FL","FL-517","Hendry, Hardee, Highlands Counties CoC",2021,2022,24.8165484380846,9.88152800204817,14.9350204360364
"separate_lasso_FL","1se",5,2022,"Florida","FL","FL-519","Pasco County CoC",2021,2022,9.64947345657573,5.47685848255884,4.17261497401689
"separate_lasso_FL","1se",5,2022,"Florida","FL","FL-520","Citrus, Hernando, Lake, Sumter Counties CoC",2021,2022,8.05144277531611,-0.855885483448694,8.9073282587648
"separate_lasso_FL","1se",5,2022,"Florida","FL","FL-600","Miami-Dade County CoC",2021,2022,11.9825660248166,-0.94118073549403,12.9237467603106
"separate_lasso_FL","1se",5,2022,"Florida","FL","FL-601","Ft Lauderdale/Broward County CoC",2021,2022,10.4457338026285,-5.04363218778028,15.4893659904088
"separate_lasso_FL","1se",5,2022,"Florida","FL","FL-602","Charlotte County CoC",2021,2022,7.28647669312117,12.81991778342,-5.53344109029885
"separate_lasso_FL","1se",5,2022,"Florida","FL","FL-603","Ft Myers, Cape Coral/Lee County CoC",2021,2022,6.76280313359314,1.63225231496463,5.13055081862851
"separate_lasso_FL","1se",5,2022,"Florida","FL","FL-604","Monroe County CoC",2021,2022,63.6064622230821,40.53954402557,23.0669181975121
"separate_lasso_FL","1se",5,2022,"Florida","FL","FL-605","West Palm Beach/Palm Beach County CoC",2021,2022,9.15773613457437,-1.93579270943567,11.09352884401
"separate_lasso_FL","1se",5,2022,"Florida","FL","FL-606","Naples/Collier County CoC",2021,2022,11.5072505641542,8.23507756132338,3.27217300283082
"separate_state_lasso","min",5,2022,"California","CA","CA-500","San Jose/Santa Clara City & County CoC",2021,2022,53.3361416184126,38.8601210723148,14.4760205460978
"separate_state_lasso","min",5,2022,"California","CA","CA-501","San Francisco CoC",2021,2022,95.3439588031468,82.3329814223006,13.0109773808462
"separate_state_lasso","min",5,2022,"California","CA","CA-502","Oakland, Berkeley/Alameda County CoC",2021,2022,59.6826477615486,56.5148921751749,3.16775558637366
"separate_state_lasso","min",5,2022,"California","CA","CA-503","Sacramento City & County CoC",2021,2022,58.3996923284155,46.4304163675336,11.9692759608819
"separate_state_lasso","min",5,2022,"California","CA","CA-504","Santa Rosa, Petaluma/Sonoma County CoC",2021,2022,59.8672284349676,64.3548016349935,-4.48757320002595
"separate_state_lasso","min",5,2022,"California","CA","CA-505","Contra Costa County CoC",2021,2022,26.6600469072018,27.5940256325232,-0.933978725321374
"separate_state_lasso","min",5,2022,"California","CA","CA-506","Salinas/Monterey, San Benito Counties CoC",2021,2022,47.7402801663363,53.9918325516227,-6.25155238528637
"separate_state_lasso","min",5,2022,"California","CA","CA-507","Marin County CoC",2021,2022,43.6122285420833,55.0601956899937,-11.4479671479104
"separate_state_lasso","min",5,2022,"California","CA","CA-508","Watsonville/Santa Cruz City & County CoC",2021,2022,86.4981601739746,73.4912779882592,13.0068821857154
"separate_state_lasso","min",5,2022,"California","CA","CA-509","Mendocino County CoC",2021,2022,92.1884198016283,104.291647089879,-12.1032272882512
"separate_state_lasso","min",5,2022,"California","CA","CA-510","Turlock, Modesto/Stanislaus County CoC",2021,2022,33.6137191761109,37.5171975969612,-3.90347842085026
"separate_state_lasso","min",5,2022,"California","CA","CA-511","Stockton/San Joaquin County CoC",2021,2022,29.1535660003294,37.4101072383892,-8.25654123805977
"separate_state_lasso","min",5,2022,"California","CA","CA-512","Daly City/San Mateo County CoC",2021,2022,24.6911894243047,34.8575491554933,-10.1663597311886
"separate_state_lasso","min",5,2022,"California","CA","CA-513","Visalia/Kings, Tulare Counties CoC",2021,2022,19.578313253012,22.0903997268541,-2.51208647384208
"separate_state_lasso","min",5,2022,"California","CA","CA-514","Fresno City & County/Madera County CoC",2021,2022,35.7819710128691,25.9297091590679,9.85226185380122
"separate_state_lasso","min",5,2022,"California","CA","CA-515","Roseville, Rocklin/Placer County CoC",2021,2022,17.922474544112,20.8520953993235,-2.92962085521152
"separate_state_lasso","min",5,2022,"California","CA","CA-516","Redding/Shasta, Siskiyou, Lassen, Plumas, Del Norte, Modoc, Sierra Counties CoC",2021,2022,58.7420816505342,65.4829313113178,-6.74084966078355
"separate_state_lasso","min",5,2022,"California","CA","CA-517","Napa City & County CoC",2021,2022,36.8032476077889,50.9548233293419,-14.151575721553
"separate_state_lasso","min",5,2022,"California","CA","CA-518","Vallejo/Solano County CoC",2021,2022,26.2086197238203,33.8656095620684,-7.65698983824809
"separate_state_lasso","min",5,2022,"California","CA","CA-519","Chico, Paradise/Butte County CoC",2021,2022,48.5258933395076,83.7036262979016,-35.177732958394
"separate_state_lasso","min",5,2022,"California","CA","CA-520","Merced City & County CoC",2021,2022,29.302799017071,37.4812655874196,-8.1784665703486
"separate_state_lasso","min",5,2022,"California","CA","CA-521","Davis, Woodland/Yolo County CoC",2021,2022,33.4748310553098,45.6829088964324,-12.2080778411226
"separate_state_lasso","min",5,2022,"California","CA","CA-522","Humboldt County CoC",2021,2022,122.093066328836,84.5408197225623,37.5522466062737
"separate_state_lasso","min",5,2022,"California","CA","CA-523","Colusa, Glenn, Trinity Counties CoC",2021,2022,51.4348819266902,47.8399215030354,3.5949604236548
"separate_state_lasso","min",5,2022,"California","CA","CA-524","Yuba City & County/Sutter County CoC",2021,2022,59.7775009289008,72.0488598239959,-12.2713588950951
"separate_state_lasso","min",5,2022,"California","CA","CA-525","El Dorado County CoC",2021,2022,26.4884870978778,30.8479966030452,-4.35950950516742
"separate_state_lasso","min",5,2022,"California","CA","CA-526","Amador, Calaveras, Mariposa, Tuolumne Counties CoC",2021,2022,39.2926073316862,53.2719644503122,-13.979357118626
"separate_state_lasso","min",5,2022,"California","CA","CA-527","Tehama County CoC",2021,2022,44.5553650171485,38.9186419522001,5.63672306494836
"separate_state_lasso","min",5,2022,"California","CA","CA-529","Lake County CoC",2021,2022,49.6550511930395,73.7569555602549,-24.1019043672154
"separate_state_lasso","min",5,2022,"California","CA","CA-530","Alpine, Inyo, Mono Counties CoC",2021,2022,42.7180911115858,67.4216027304661,-24.7035116188803
"separate_state_lasso","min",5,2022,"California","CA","CA-531","Nevada County CoC",2021,2022,51.4764058333415,63.8099242552438,-12.3335184219023
"separate_state_lasso","min",5,2022,"California","CA","CA-600","Los Angeles City & County CoC",2021,2022,72.6062334713274,67.1670471100421,5.43918636128525
"separate_state_lasso","min",5,2022,"California","CA","CA-601","San Diego City and County CoC",2021,2022,25.6992109698761,55.0296875303144,-29.3304765604383
"separate_state_lasso","min",5,2022,"California","CA","CA-602","Santa Ana, Anaheim/Orange County CoC",2021,2022,18.11642416385,27.5610279667832,-9.44460380293318
"separate_state_lasso","min",5,2022,"California","CA","CA-603","Santa Maria/Santa Barbara County CoC",2021,2022,44.0501929721756,60.7100145958603,-16.6598216236847
"separate_state_lasso","min",5,2022,"California","CA","CA-604","Bakersfield/Kern County CoC",2021,2022,17.4795054706599,46.5862559497192,-29.1067504790593
"separate_state_lasso","min",5,2022,"California","CA","CA-606","Long Beach CoC",2021,2022,72.5030825259475,68.4687778025418,4.03430472340575
"separate_state_lasso","min",5,2022,"California","CA","CA-607","Pasadena CoC",2021,2022,37.466091400093,61.6181174024157,-24.1520260023227
"separate_state_lasso","min",5,2022,"California","CA","CA-608","Riverside City & County CoC",2021,2022,13.3745324862796,21.1246699626252,-7.75013747634562
"separate_state_lasso","min",5,2022,"California","CA","CA-609","San Bernardino City & County CoC",2021,2022,15.1757504893531,22.8332448343073,-7.65749434495425
"separate_state_lasso","min",5,2022,"California","CA","CA-611","Oxnard, San Buenaventura/Ventura County CoC",2021,2022,26.9326384520921,39.2120958498783,-12.2794573977862
"separate_state_lasso","min",5,2022,"California","CA","CA-612","Glendale CoC",2021,2022,11.868440325742,37.7242362106334,-25.8557958848914
"separate_state_lasso","min",5,2022,"California","CA","CA-613","Imperial County CoC",2021,2022,58.9117215933475,50.8870384004264,8.02468319292108
"separate_state_lasso","min",5,2022,"California","CA","CA-614","San Luis Obispo County CoC",2021,2022,51.2118607801321,50.7043886652846,0.507472114847516
"separate_state_lasso","min",5,2022,"Florida","FL","FL-500","Sarasota, Bradenton/Manatee, Sarasota Counties CoC",2021,2022,12.7081688511391,-2.6889182536,15.3970871047391
"separate_state_lasso","min",5,2022,"Florida","FL","FL-501","Tampa/Hillsborough County CoC",2021,2022,9.91975683810865,-2.16327700637686,12.0830338444855
"separate_state_lasso","min",5,2022,"Florida","FL","FL-502","St. Petersburg, Clearwater, Largo/Pinellas County CoC",2021,2022,20.5806970687281,12.4911379092976,8.08955915943048
"separate_state_lasso","min",5,2022,"Florida","FL","FL-503","Lakeland/Polk County CoC",2021,2022,6.39861607797713,-4.57033848871179,10.9689545666889
"separate_state_lasso","min",5,2022,"Florida","FL","FL-504","Deltona, Daytona Beach/Volusia, Flagler Counties CoC",2021,2022,12.2257509649863,0.286083107550757,11.9396678574355
"separate_state_lasso","min",5,2022,"Florida","FL","FL-505","Fort Walton Beach/Okaloosa, Walton Counties CoC",2021,2022,13.412990298048,15.592114397621,-2.17912409957295
"separate_state_lasso","min",5,2022,"Florida","FL","FL-506","Tallahassee/Leon County CoC",2021,2022,13.692247663593,5.67200528946844,8.02024237412456
"separate_state_lasso","min",5,2022,"Florida","FL","FL-507","Orlando/Orange, Osceola, Seminole Counties CoC",2021,2022,9.05458894228847,-9.41261354840027,18.4672024906887
"separate_state_lasso","min",5,2022,"Florida","FL","FL-508","Gainesville/Alachua, Putnam Counties CoC",2021,2022,19.4522461756038,15.941400287397,3.51084588820681
"separate_state_lasso","min",5,2022,"Florida","FL","FL-509","Fort Pierce/St. Lucie, Indian River, Martin Counties CoC",2021,2022,12.2479470935013,1.26605966864253,10.9818874248588
"separate_state_lasso","min",5,2022,"Florida","FL","FL-510","Jacksonville-Duval, Clay Counties CoC",2021,2022,9.39554976294391,-4.41517017937139,13.8107199423153
"separate_state_lasso","min",5,2022,"Florida","FL","FL-511","Pensacola/Escambia, Santa Rosa Counties CoC",2021,2022,13.8871909288181,-0.929402649468746,14.8165935782868
"separate_state_lasso","min",5,2022,"Florida","FL","FL-512","St. Johns County CoC",2021,2022,11.3442441775423,6.16630202185602,5.17794215568628
"separate_state_lasso","min",5,2022,"Florida","FL","FL-513","Palm Bay, Melbourne/Brevard County CoC",2021,2022,14.4975017132692,1.00202338164817,13.495478331621
"separate_state_lasso","min",5,2022,"Florida","FL","FL-514","Ocala/Marion County CoC",2021,2022,11.4587924195681,6.38497516219831,5.07381725736979
"separate_state_lasso","min",5,2022,"Florida","FL","FL-515","Panama City/Bay, Jackson Counties CoC",2021,2022,12.2666735896571,3.95402203208693,8.31265155757018
"separate_state_lasso","min",5,2022,"Florida","FL","FL-517","Hendry, Hardee, Highlands Counties CoC",2021,2022,24.8165484380846,8.3202232709506,16.496325167134
"separate_state_lasso","min",5,2022,"Florida","FL","FL-519","Pasco County CoC",2021,2022,9.64947345657573,3.77556890889379,5.87390454768194
"separate_state_lasso","min",5,2022,"Florida","FL","FL-520","Citrus, Hernando, Lake, Sumter Counties CoC",2021,2022,8.05144277531611,-7.97078674923483,16.0222295245509
"separate_state_lasso","min",5,2022,"Florida","FL","FL-600","Miami-Dade County CoC",2021,2022,11.9825660248166,3.75698922153985,8.22557680327675
"separate_state_lasso","min",5,2022,"Florida","FL","FL-601","Ft Lauderdale/Broward County CoC",2021,2022,10.4457338026285,-6.20011678357686,16.6458505862054
"separate_state_lasso","min",5,2022,"Florida","FL","FL-602","Charlotte County CoC",2021,2022,7.28647669312117,11.5455843184523,-4.2591076253311
"separate_state_lasso","min",5,2022,"Florida","FL","FL-603","Ft Myers, Cape Coral/Lee County CoC",2021,2022,6.76280313359314,-2.77174167760571,9.53454481119885
"separate_state_lasso","min",5,2022,"Florida","FL","FL-604","Monroe County CoC",2021,2022,63.6064622230821,56.4308706137754,7.17559160930669
"separate_state_lasso","min",5,2022,"Florida","FL","FL-605","West Palm Beach/Palm Beach County CoC",2021,2022,9.15773613457437,-2.57211623311037,11.7298523676847
"separate_state_lasso","min",5,2022,"Florida","FL","FL-606","Naples/Collier County CoC",2021,2022,11.5072505641542,5.89181431898454,5.61543624516966
"separate_state_lasso","1se",5,2022,"California","CA","CA-500","San Jose/Santa Clara City & County CoC",2021,2022,53.3361416184126,38.9466697982569,14.3894718201557
"separate_state_lasso","1se",5,2022,"California","CA","CA-501","San Francisco CoC",2021,2022,95.3439588031468,90.1176731131453,5.22628569000149
"separate_state_lasso","1se",5,2022,"California","CA","CA-502","Oakland, Berkeley/Alameda County CoC",2021,2022,59.6826477615486,55.8977821315188,3.78486563002982
"separate_state_lasso","1se",5,2022,"California","CA","CA-503","Sacramento City & County CoC",2021,2022,58.3996923284155,44.8288835613077,13.5708087671078
"separate_state_lasso","1se",5,2022,"California","CA","CA-504","Santa Rosa, Petaluma/Sonoma County CoC",2021,2022,59.8672284349676,57.7535644986178,2.11366393634977
"separate_state_lasso","1se",5,2022,"California","CA","CA-505","Contra Costa County CoC",2021,2022,26.6600469072018,30.7638374196353,-4.10379051243347
"separate_state_lasso","1se",5,2022,"California","CA","CA-506","Salinas/Monterey, San Benito Counties CoC",2021,2022,47.7402801663363,51.6419335762029,-3.90165340986657
"separate_state_lasso","1se",5,2022,"California","CA","CA-507","Marin County CoC",2021,2022,43.6122285420833,49.7304200688029,-6.1181915267196
"separate_state_lasso","1se",5,2022,"California","CA","CA-508","Watsonville/Santa Cruz City & County CoC",2021,2022,86.4981601739746,65.5936149112721,20.9045452627025
"separate_state_lasso","1se",5,2022,"California","CA","CA-509","Mendocino County CoC",2021,2022,92.1884198016283,89.8112841304388,2.37713567118945
"separate_state_lasso","1se",5,2022,"California","CA","CA-510","Turlock, Modesto/Stanislaus County CoC",2021,2022,33.6137191761109,38.1304362524161,-4.51671707630521
"separate_state_lasso","1se",5,2022,"California","CA","CA-511","Stockton/San Joaquin County CoC",2021,2022,29.1535660003294,38.8518219903464,-9.69825599001697
"separate_state_lasso","1se",5,2022,"California","CA","CA-512","Daly City/San Mateo County CoC",2021,2022,24.6911894243047,35.9023968946876,-11.2112074703829
"separate_state_lasso","1se",5,2022,"California","CA","CA-513","Visalia/Kings, Tulare Counties CoC",2021,2022,19.578313253012,25.8335510786175,-6.25523782560546
"separate_state_lasso","1se",5,2022,"California","CA","CA-514","Fresno City & County/Madera County CoC",2021,2022,35.7819710128691,27.3315816038303,8.45038940903884
"separate_state_lasso","1se",5,2022,"California","CA","CA-515","Roseville, Rocklin/Placer County CoC",2021,2022,17.922474544112,23.8367796426909,-5.91430509857895
"separate_state_lasso","1se",5,2022,"California","CA","CA-516","Redding/Shasta, Siskiyou, Lassen, Plumas, Del Norte, Modoc, Sierra Counties CoC",2021,2022,58.7420816505342,72.5787886505395,-13.8367070000053
"separate_state_lasso","1se",5,2022,"California","CA","CA-517","Napa City & County CoC",2021,2022,36.8032476077889,49.9198525153855,-13.1166049075967
"separate_state_lasso","1se",5,2022,"California","CA","CA-518","Vallejo/Solano County CoC",2021,2022,26.2086197238203,35.54832820042,-9.33970847659972
"separate_state_lasso","1se",5,2022,"California","CA","CA-519","Chico, Paradise/Butte County CoC",2021,2022,48.5258933395076,77.489077960443,-28.9631846209354
"separate_state_lasso","1se",5,2022,"California","CA","CA-520","Merced City & County CoC",2021,2022,29.302799017071,39.8302335441387,-10.5274345270677
"separate_state_lasso","1se",5,2022,"California","CA","CA-521","Davis, Woodland/Yolo County CoC",2021,2022,33.4748310553098,43.3721268190974,-9.89729576378765
"separate_state_lasso","1se",5,2022,"California","CA","CA-522","Humboldt County CoC",2021,2022,122.093066328836,78.6813650542138,43.4117012746222
"separate_state_lasso","1se",5,2022,"California","CA","CA-523","Colusa, Glenn, Trinity Counties CoC",2021,2022,51.4348819266902,53.1078633150876,-1.67298138839742
"separate_state_lasso","1se",5,2022,"California","CA","CA-524","Yuba City & County/Sutter County CoC",2021,2022,59.7775009289008,73.8360301924536,-14.0585292635528
"separate_state_lasso","1se",5,2022,"California","CA","CA-525","El Dorado County CoC",2021,2022,26.4884870978778,33.0743455143898,-6.58585841651198
"separate_state_lasso","1se",5,2022,"California","CA","CA-526","Amador, Calaveras, Mariposa, Tuolumne Counties CoC",2021,2022,39.2926073316862,52.2103949981301,-12.9177876664439
"separate_state_lasso","1se",5,2022,"California","CA","CA-527","Tehama County CoC",2021,2022,44.5553650171485,40.4929580472741,4.06240696987438
"separate_state_lasso","1se",5,2022,"California","CA","CA-529","Lake County CoC",2021,2022,49.6550511930395,61.9450407054939,-12.2899895124544
"separate_state_lasso","1se",5,2022,"California","CA","CA-530","Alpine, Inyo, Mono Counties CoC",2021,2022,42.7180911115858,67.4802733206285,-24.7621822090427
"separate_state_lasso","1se",5,2022,"California","CA","CA-531","Nevada County CoC",2021,2022,51.4764058333415,58.4704394525076,-6.99403361916607
"separate_state_lasso","1se",5,2022,"California","CA","CA-600","Los Angeles City & County CoC",2021,2022,72.6062334713274,60.4176852199115,12.1885482514159
"separate_state_lasso","1se",5,2022,"California","CA","CA-601","San Diego City and County CoC",2021,2022,25.6992109698761,49.7639188421319,-24.0647078722558
"separate_state_lasso","1se",5,2022,"California","CA","CA-602","Santa Ana, Anaheim/Orange County CoC",2021,2022,18.11642416385,33.4602159495786,-15.3437917857286
"separate_state_lasso","1se",5,2022,"California","CA","CA-603","Santa Maria/Santa Barbara County CoC",2021,2022,44.0501929721756,53.4034390441094,-9.35324607193382
"separate_state_lasso","1se",5,2022,"California","CA","CA-604","Bakersfield/Kern County CoC",2021,2022,17.4795054706599,40.9060055459293,-23.4265000752694
"separate_state_lasso","1se",5,2022,"California","CA","CA-606","Long Beach CoC",2021,2022,72.5030825259475,64.7908526242299,7.71222990171756
"separate_state_lasso","1se",5,2022,"California","CA","CA-607","Pasadena CoC",2021,2022,37.466091400093,55.0009340214485,-17.5348426213555
"separate_state_lasso","1se",5,2022,"California","CA","CA-608","Riverside City & County CoC",2021,2022,13.3745324862796,22.7128078113184,-9.33827532503877
"separate_state_lasso","1se",5,2022,"California","CA","CA-609","San Bernardino City & County CoC",2021,2022,15.1757504893531,23.6002184049999,-8.42446791564681
"separate_state_lasso","1se",5,2022,"California","CA","CA-611","Oxnard, San Buenaventura/Ventura County CoC",2021,2022,26.9326384520921,38.0687009586961,-11.136062506604
"separate_state_lasso","1se",5,2022,"California","CA","CA-612","Glendale CoC",2021,2022,11.868440325742,39.1798313265253,-27.3113910007833
"separate_state_lasso","1se",5,2022,"California","CA","CA-613","Imperial County CoC",2021,2022,58.9117215933475,47.7698909588742,11.1418306344733
"separate_state_lasso","1se",5,2022,"California","CA","CA-614","San Luis Obispo County CoC",2021,2022,51.2118607801321,44.8304538709412,6.38140690919094
"separate_state_lasso","1se",5,2022,"Florida","FL","FL-500","Sarasota, Bradenton/Manatee, Sarasota Counties CoC",2021,2022,12.7081688511391,2.41640721857711,10.291761632562
"separate_state_lasso","1se",5,2022,"Florida","FL","FL-501","Tampa/Hillsborough County CoC",2021,2022,9.91975683810865,-0.0738079875980216,9.99356482570667
"separate_state_lasso","1se",5,2022,"Florida","FL","FL-502","St. Petersburg, Clearwater, Largo/Pinellas County CoC",2021,2022,20.5806970687281,9.11297261244775,11.4677244562803
"separate_state_lasso","1se",5,2022,"Florida","FL","FL-503","Lakeland/Polk County CoC",2021,2022,6.39861607797713,2.34510090510205,4.05351517287508
"separate_state_lasso","1se",5,2022,"Florida","FL","FL-504","Deltona, Daytona Beach/Volusia, Flagler Counties CoC",2021,2022,12.2257509649863,5.05639950304958,7.16935146193672
"separate_state_lasso","1se",5,2022,"Florida","FL","FL-505","Fort Walton Beach/Okaloosa, Walton Counties CoC",2021,2022,13.412990298048,10.9040123024443,2.50897799560365
"separate_state_lasso","1se",5,2022,"Florida","FL","FL-506","Tallahassee/Leon County CoC",2021,2022,13.692247663593,9.90854077627009,3.78370688732291
"separate_state_lasso","1se",5,2022,"Florida","FL","FL-507","Orlando/Orange, Osceola, Seminole Counties CoC",2021,2022,9.05458894228847,-4.94185235988431,13.9964413021728
"separate_state_lasso","1se",5,2022,"Florida","FL","FL-508","Gainesville/Alachua, Putnam Counties CoC",2021,2022,19.4522461756038,15.4354204814945,4.01682569410934
"separate_state_lasso","1se",5,2022,"Florida","FL","FL-509","Fort Pierce/St. Lucie, Indian River, Martin Counties CoC",2021,2022,12.2479470935013,3.08883620524501,9.15911088825629
"separate_state_lasso","1se",5,2022,"Florida","FL","FL-510","Jacksonville-Duval, Clay Counties CoC",2021,2022,9.39554976294391,0.950590991365582,8.44495877157833
"separate_state_lasso","1se",5,2022,"Florida","FL","FL-511","Pensacola/Escambia, Santa Rosa Counties CoC",2021,2022,13.8871909288181,5.26224226552292,8.62494866329518
"separate_state_lasso","1se",5,2022,"Florida","FL","FL-512","St. Johns County CoC",2021,2022,11.3442441775423,8.28274383273435,3.06150034480795
"separate_state_lasso","1se",5,2022,"Florida","FL","FL-513","Palm Bay, Melbourne/Brevard County CoC",2021,2022,14.4975017132692,4.53384320174744,9.96365851152176
"separate_state_lasso","1se",5,2022,"Florida","FL","FL-514","Ocala/Marion County CoC",2021,2022,11.4587924195681,8.01254042875327,3.44625199081483
"separate_state_lasso","1se",5,2022,"Florida","FL","FL-515","Panama City/Bay, Jackson Counties CoC",2021,2022,12.2666735896571,8.44339208638652,3.82328150327058
"separate_state_lasso","1se",5,2022,"Florida","FL","FL-517","Hendry, Hardee, Highlands Counties CoC",2021,2022,24.8165484380846,9.88152800204817,14.9350204360364
"separate_state_lasso","1se",5,2022,"Florida","FL","FL-519","Pasco County CoC",2021,2022,9.64947345657573,5.47685848255884,4.17261497401689
"separate_state_lasso","1se",5,2022,"Florida","FL","FL-520","Citrus, Hernando, Lake, Sumter Counties CoC",2021,2022,8.05144277531611,-0.855885483448694,8.9073282587648
"separate_state_lasso","1se",5,2022,"Florida","FL","FL-600","Miami-Dade County CoC",2021,2022,11.9825660248166,-0.94118073549403,12.9237467603106
"separate_state_lasso","1se",5,2022,"Florida","FL","FL-601","Ft Lauderdale/Broward County CoC",2021,2022,10.4457338026285,-5.04363218778028,15.4893659904088
"separate_state_lasso","1se",5,2022,"Florida","FL","FL-602","Charlotte County CoC",2021,2022,7.28647669312117,12.81991778342,-5.53344109029885
"separate_state_lasso","1se",5,2022,"Florida","FL","FL-603","Ft Myers, Cape Coral/Lee County CoC",2021,2022,6.76280313359314,1.63225231496463,5.13055081862851
"separate_state_lasso","1se",5,2022,"Florida","FL","FL-604","Monroe County CoC",2021,2022,63.6064622230821,40.53954402557,23.0669181975121
"separate_state_lasso","1se",5,2022,"Florida","FL","FL-605","West Palm Beach/Palm Beach County CoC",2021,2022,9.15773613457437,-1.93579270943567,11.09352884401
"separate_state_lasso","1se",5,2022,"Florida","FL","FL-606","Naples/Collier County CoC",2021,2022,11.5072505641542,8.23507756132338,3.27217300283082
"state_time_baseline","none",6,2023,"California","CA","CA-500","San Jose/Santa Clara City & County CoC",2022,2023,52.3863758393167,35.5123301999118,16.8740456394049
"state_time_baseline","none",6,2023,"California","CA","CA-501","San Francisco CoC",2022,2023,92.8113439895413,35.5123301999118,57.2990137896295
"state_time_baseline","none",6,2023,"California","CA","CA-502","Oakland, Berkeley/Alameda County CoC",2022,2023,59.7591630410488,35.5123301999118,24.246832841137
"state_time_baseline","none",6,2023,"California","CA","CA-503","Sacramento City & County CoC",2022,2023,58.128428691055,35.5123301999118,22.6160984911432
"state_time_baseline","none",6,2023,"California","CA","CA-504","Santa Rosa, Petaluma/Sonoma County CoC",2022,2023,46.8758080698379,35.5123301999118,11.3634778699261
"state_time_baseline","none",6,2023,"California","CA","CA-505","Contra Costa County CoC",2022,2023,20.4139065865831,35.5123301999118,-15.0984236133287
"state_time_baseline","none",6,2023,"California","CA","CA-506","Salinas/Monterey, San Benito Counties CoC",2022,2023,44.0309410916966,35.5123301999118,8.51861089178482
"state_time_baseline","none",6,2023,"California","CA","CA-507","Marin County CoC",2022,2023,43.7671026412938,35.5123301999118,8.25477244138203
"state_time_baseline","none",6,2023,"California","CA","CA-508","Watsonville/Santa Cruz City & County CoC",2022,2023,68.5092776144796,35.5123301999118,32.9969474145678
"state_time_baseline","none",6,2023,"California","CA","CA-510","Turlock, Modesto/Stanislaus County CoC",2022,2023,37.7124368077712,35.5123301999118,2.20010660785942
"state_time_baseline","none",6,2023,"California","CA","CA-511","Stockton/San Joaquin County CoC",2022,2023,30.4445726408248,35.5123301999118,-5.06775755908697
"state_time_baseline","none",6,2023,"California","CA","CA-512","Daly City/San Mateo County CoC",2022,2023,25.3287353753462,35.5123301999118,-10.1835948245656
"state_time_baseline","none",6,2023,"California","CA","CA-513","Visalia/Kings, Tulare Counties CoC",2022,2023,23.1856444583944,35.5123301999118,-12.3266857415174
"state_time_baseline","none",6,2023,"California","CA","CA-514","Fresno City & County/Madera County CoC",2022,2023,37.7900913085313,35.5123301999118,2.27776110861953
"state_time_baseline","none",6,2023,"California","CA","CA-515","Roseville, Rocklin/Placer County CoC",2022,2023,16.6747021954633,35.5123301999118,-18.8376280044485
"state_time_baseline","none",6,2023,"California","CA","CA-516","Redding/Shasta, Siskiyou, Lassen, Plumas, Del Norte, Modoc, Sierra Counties CoC",2022,2023,81.4394857133627,35.5123301999118,45.9271555134509
"state_time_baseline","none",6,2023,"California","CA","CA-517","Napa City & County CoC",2022,2023,37.8663154428713,35.5123301999118,2.35398524295952
"state_time_baseline","none",6,2023,"California","CA","CA-518","Vallejo/Solano County CoC",2022,2023,26.5853156009278,35.5123301999118,-8.92701459898397
"state_time_baseline","none",6,2023,"California","CA","CA-519","Chico, Paradise/Butte County CoC",2022,2023,59.6760032033037,35.5123301999118,24.1636730033919
"state_time_baseline","none",6,2023,"California","CA","CA-520","Merced City & County CoC",2022,2023,26.6377637869115,35.5123301999118,-8.87456641300027
"state_time_baseline","none",6,2023,"California","CA","CA-521","Davis, Woodland/Yolo County CoC",2022,2023,33.203881745524,35.5123301999118,-2.30844845438777
"state_time_baseline","none",6,2023,"California","CA","CA-522","Humboldt County CoC",2022,2023,123.622682074711,35.5123301999118,88.1103518747992
"state_time_baseline","none",6,2023,"California","CA","CA-523","Colusa, Glenn, Trinity Counties CoC",2022,2023,54.619936276741,35.5123301999118,19.1076060768292
"state_time_baseline","none",6,2023,"California","CA","CA-524","Yuba City & County/Sutter County CoC",2022,2023,52.2228609234173,35.5123301999118,16.7105307235055
"state_time_baseline","none",6,2023,"California","CA","CA-525","El Dorado County CoC",2022,2023,25.5609349783955,35.5123301999118,-9.95139522151627
"state_time_baseline","none",6,2023,"California","CA","CA-526","Amador, Calaveras, Mariposa, Tuolumne Counties CoC",2022,2023,45.8445174723428,35.5123301999118,10.332187272431
"state_time_baseline","none",6,2023,"California","CA","CA-527","Tehama County CoC",2022,2023,46.7347189767556,35.5123301999118,11.2223887768438
"state_time_baseline","none",6,2023,"California","CA","CA-529","Lake County CoC",2022,2023,67.6212036574251,35.5123301999118,32.1088734575133
"state_time_baseline","none",6,2023,"California","CA","CA-530","Alpine, Inyo, Mono Counties CoC",2022,2023,26.9880700463091,35.5123301999118,-8.52426015360267
"state_time_baseline","none",6,2023,"California","CA","CA-531","Nevada County CoC",2022,2023,48.206937095826,35.5123301999118,12.6946068959142
"state_time_baseline","none",6,2023,"California","CA","CA-600","Los Angeles City & County CoC",2022,2023,79.6603656143681,35.5123301999118,44.1480354144563
"state_time_baseline","none",6,2023,"California","CA","CA-601","San Diego City and County CoC",2022,2023,31.2952018089261,35.5123301999118,-4.21712839098567
"state_time_baseline","none",6,2023,"California","CA","CA-602","Santa Ana, Anaheim/Orange County CoC",2022,2023,19.2103681373341,35.5123301999118,-16.3019620625777
"state_time_baseline","none",6,2023,"California","CA","CA-603","Santa Maria/Santa Barbara County CoC",2022,2023,42.6076707355073,35.5123301999118,7.09534053559553
"state_time_baseline","none",6,2023,"California","CA","CA-604","Bakersfield/Kern County CoC",2022,2023,21.2293169456375,35.5123301999118,-14.2830132542743
"state_time_baseline","none",6,2023,"California","CA","CA-606","Long Beach CoC",2022,2023,75.9489842939261,35.5123301999118,40.4366540940143
"state_time_baseline","none",6,2023,"California","CA","CA-607","Pasadena CoC",2022,2023,40.7525357747308,35.5123301999118,5.24020557481903
"state_time_baseline","none",6,2023,"California","CA","CA-608","Riverside City & County CoC",2022,2023,14.8777310122209,35.5123301999118,-20.6345991876909
"state_time_baseline","none",6,2023,"California","CA","CA-609","San Bernardino City & County CoC",2022,2023,19.0361146178301,35.5123301999118,-16.4762155820817
"state_time_baseline","none",6,2023,"California","CA","CA-611","Oxnard, San Buenaventura/Ventura County CoC",2022,2023,29.3364388375511,35.5123301999118,-6.17589136236067
"state_time_baseline","none",6,2023,"California","CA","CA-612","Glendale CoC",2022,2023,10.3028449062627,35.5123301999118,-25.2094852936491
"state_time_baseline","none",6,2023,"California","CA","CA-613","Imperial County CoC",2022,2023,72.1152515731973,35.5123301999118,36.6029213732855
"state_time_baseline","none",6,2023,"California","CA","CA-614","San Luis Obispo County CoC",2022,2023,54.2829302861192,35.5123301999118,18.7706000862074
"state_time_baseline","none",6,2023,"Florida","FL","FL-500","Sarasota, Bradenton/Manatee, Sarasota Counties CoC",2022,2023,12.5336911066377,19.3287916665038,-6.79510055986606
"state_time_baseline","none",6,2023,"Florida","FL","FL-501","Tampa/Hillsborough County CoC",2022,2023,13.1066988080614,19.3287916665038,-6.22209285844236
"state_time_baseline","none",6,2023,"Florida","FL","FL-502","St. Petersburg, Clearwater, Largo/Pinellas County CoC",2022,2023,22.2005233276348,19.3287916665038,2.87173166113104
"state_time_baseline","none",6,2023,"Florida","FL","FL-503","Lakeland/Polk County CoC",2022,2023,9.40840985749169,19.3287916665038,-9.92038180901207
"state_time_baseline","none",6,2023,"Florida","FL","FL-504","Deltona, Daytona Beach/Volusia, Flagler Counties CoC",2022,2023,14.5486398472462,19.3287916665038,-4.78015181925756
"state_time_baseline","none",6,2023,"Florida","FL","FL-505","Fort Walton Beach/Okaloosa, Walton Counties CoC",2022,2023,12.8960221485099,19.3287916665038,-6.43276951799386
"state_time_baseline","none",6,2023,"Florida","FL","FL-506","Tallahassee/Leon County CoC",2022,2023,17.5052373804426,19.3287916665038,-1.82355428606116
"state_time_baseline","none",6,2023,"Florida","FL","FL-507","Orlando/Orange, Osceola, Seminole Counties CoC",2022,2023,9.26473762082523,19.3287916665038,-10.0640540456785
"state_time_baseline","none",6,2023,"Florida","FL","FL-508","Gainesville/Alachua, Putnam Counties CoC",2022,2023,20.8237295206089,19.3287916665038,1.49493785410514
"state_time_baseline","none",6,2023,"Florida","FL","FL-509","Fort Pierce/St. Lucie, Indian River, Martin Counties CoC",2022,2023,12.9891102108449,19.3287916665038,-6.33968145565886
"state_time_baseline","none",6,2023,"Florida","FL","FL-510","Jacksonville-Duval, Clay Counties CoC",2022,2023,8.96670800205119,19.3287916665038,-10.3620836644526
"state_time_baseline","none",6,2023,"Florida","FL","FL-511","Pensacola/Escambia, Santa Rosa Counties CoC",2022,2023,22.1612891109191,19.3287916665038,2.83249744441534
"state_time_baseline","none",6,2023,"Florida","FL","FL-512","St. Johns County CoC",2022,2023,13.553344092923,19.3287916665038,-5.77544757358076
"state_time_baseline","none",6,2023,"Florida","FL","FL-513","Palm Bay, Melbourne/Brevard County CoC",2022,2023,16.2844515994211,19.3287916665038,-3.04434006708266
"state_time_baseline","none",6,2023,"Florida","FL","FL-514","Ocala/Marion County CoC",2022,2023,11.011399466408,19.3287916665038,-8.31739220009576
"state_time_baseline","none",6,2023,"Florida","FL","FL-515","Panama City/Bay, Jackson Counties CoC",2022,2023,16.3420902070736,19.3287916665038,-2.98670145943016
"state_time_baseline","none",6,2023,"Florida","FL","FL-517","Hendry, Hardee, Highlands Counties CoC",2022,2023,37.7252001366425,19.3287916665038,18.3964084701387
"state_time_baseline","none",6,2023,"Florida","FL","FL-519","Pasco County CoC",2022,2023,10.7094878187451,19.3287916665038,-8.61930384775866
"state_time_baseline","none",6,2023,"Florida","FL","FL-520","Citrus, Hernando, Lake, Sumter Counties CoC",2022,2023,6.7730455745609,19.3287916665038,-12.5557460919429
"state_time_baseline","none",6,2023,"Florida","FL","FL-600","Miami-Dade County CoC",2022,2023,13.0910528005796,19.3287916665038,-6.23773886592416
"state_time_baseline","none",6,2023,"Florida","FL","FL-601","Ft Lauderdale/Broward County CoC",2022,2023,12.4347450877257,19.3287916665038,-6.89404657877806
"state_time_baseline","none",6,2023,"Florida","FL","FL-602","Charlotte County CoC",2022,2023,20.6465713152881,19.3287916665038,1.31777964878434
"state_time_baseline","none",6,2023,"Florida","FL","FL-603","Ft Myers, Cape Coral/Lee County CoC",2022,2023,10.1876200325011,19.3287916665038,-9.14117163400266
"state_time_baseline","none",6,2023,"Florida","FL","FL-604","Monroe County CoC",2022,2023,59.6166636435093,19.3287916665038,40.2878719770055
"state_time_baseline","none",6,2023,"Florida","FL","FL-605","West Palm Beach/Palm Beach County CoC",2022,2023,11.8883736192183,19.3287916665038,-7.44041804728546
"state_time_baseline","none",6,2023,"Florida","FL","FL-606","Naples/Collier County CoC",2022,2023,17.0865385783903,19.3287916665038,-2.24225308811346
"pooled_lasso","min",6,2023,"California","CA","CA-500","San Jose/Santa Clara City & County CoC",2022,2023,52.3863758393167,26.1556435019662,26.2307323373505
"pooled_lasso","min",6,2023,"California","CA","CA-501","San Francisco CoC",2022,2023,92.8113439895413,69.0567135930592,23.7546303964821
"pooled_lasso","min",6,2023,"California","CA","CA-502","Oakland, Berkeley/Alameda County CoC",2022,2023,59.7591630410488,40.4877733409155,19.2713897001333
"pooled_lasso","min",6,2023,"California","CA","CA-503","Sacramento City & County CoC",2022,2023,58.128428691055,33.7700435609403,24.3583851301147
"pooled_lasso","min",6,2023,"California","CA","CA-504","Santa Rosa, Petaluma/Sonoma County CoC",2022,2023,46.8758080698379,52.4723851335139,-5.59657706367604
"pooled_lasso","min",6,2023,"California","CA","CA-505","Contra Costa County CoC",2022,2023,20.4139065865831,22.0507067885268,-1.63680020194374
"pooled_lasso","min",6,2023,"California","CA","CA-506","Salinas/Monterey, San Benito Counties CoC",2022,2023,44.0309410916966,40.4723668575552,3.55857423414143
"pooled_lasso","min",6,2023,"California","CA","CA-507","Marin County CoC",2022,2023,43.7671026412938,48.9510083287611,-5.18390568746734
"pooled_lasso","min",6,2023,"California","CA","CA-508","Watsonville/Santa Cruz City & County CoC",2022,2023,68.5092776144796,54.3767183969012,14.1325592175784
"pooled_lasso","min",6,2023,"California","CA","CA-510","Turlock, Modesto/Stanislaus County CoC",2022,2023,37.7124368077712,37.651674379489,0.0607624282821959
"pooled_lasso","min",6,2023,"California","CA","CA-511","Stockton/San Joaquin County CoC",2022,2023,30.4445726408248,29.2240188671883,1.22055377363648
"pooled_lasso","min",6,2023,"California","CA","CA-512","Daly City/San Mateo County CoC",2022,2023,25.3287353753462,27.9322115208178,-2.60347614547165
"pooled_lasso","min",6,2023,"California","CA","CA-513","Visalia/Kings, Tulare Counties CoC",2022,2023,23.1856444583944,21.7213804639406,1.46426399445378
"pooled_lasso","min",6,2023,"California","CA","CA-514","Fresno City & County/Madera County CoC",2022,2023,37.7900913085313,31.8664935798096,5.92359772872169
"pooled_lasso","min",6,2023,"California","CA","CA-515","Roseville, Rocklin/Placer County CoC",2022,2023,16.6747021954633,26.183592542318,-9.50889034685472
"pooled_lasso","min",6,2023,"California","CA","CA-516","Redding/Shasta, Siskiyou, Lassen, Plumas, Del Norte, Modoc, Sierra Counties CoC",2022,2023,81.4394857133627,48.0991564456021,33.3403292677606
"pooled_lasso","min",6,2023,"California","CA","CA-517","Napa City & County CoC",2022,2023,37.8663154428713,39.1024625092799,-1.23614706640858
"pooled_lasso","min",6,2023,"California","CA","CA-518","Vallejo/Solano County CoC",2022,2023,26.5853156009278,27.8412984444856,-1.25598284355778
"pooled_lasso","min",6,2023,"California","CA","CA-519","Chico, Paradise/Butte County CoC",2022,2023,59.6760032033037,58.5262781389828,1.14972506432089
"pooled_lasso","min",6,2023,"California","CA","CA-520","Merced City & County CoC",2022,2023,26.6377637869115,33.0175647051614,-6.37980091824988
"pooled_lasso","min",6,2023,"California","CA","CA-521","Davis, Woodland/Yolo County CoC",2022,2023,33.203881745524,37.6924162858121,-4.48853454028809
"pooled_lasso","min",6,2023,"California","CA","CA-522","Humboldt County CoC",2022,2023,123.622682074711,66.5697948500679,57.0528872246431
"pooled_lasso","min",6,2023,"California","CA","CA-523","Colusa, Glenn, Trinity Counties CoC",2022,2023,54.619936276741,46.35872280636,8.26121347038095
"pooled_lasso","min",6,2023,"California","CA","CA-524","Yuba City & County/Sutter County CoC",2022,2023,52.2228609234173,42.7992658847621,9.42359503865516
"pooled_lasso","min",6,2023,"California","CA","CA-525","El Dorado County CoC",2022,2023,25.5609349783955,29.0159131744404,-3.45497819604492
"pooled_lasso","min",6,2023,"California","CA","CA-526","Amador, Calaveras, Mariposa, Tuolumne Counties CoC",2022,2023,45.8445174723428,42.710469868728,3.13404760361485
"pooled_lasso","min",6,2023,"California","CA","CA-527","Tehama County CoC",2022,2023,46.7347189767556,39.8791832236837,6.85553575307193
"pooled_lasso","min",6,2023,"California","CA","CA-529","Lake County CoC",2022,2023,67.6212036574251,74.1748066047405,-6.55360294731535
"pooled_lasso","min",6,2023,"California","CA","CA-530","Alpine, Inyo, Mono Counties CoC",2022,2023,26.9880700463091,46.7700224806352,-19.7819524343261
"pooled_lasso","min",6,2023,"California","CA","CA-531","Nevada County CoC",2022,2023,48.206937095826,54.9443226399503,-6.73738554412428
"pooled_lasso","min",6,2023,"California","CA","CA-600","Los Angeles City & County CoC",2022,2023,79.6603656143681,36.3603503526076,43.3000152617605
"pooled_lasso","min",6,2023,"California","CA","CA-601","San Diego City and County CoC",2022,2023,31.2952018089261,32.5191639657026,-1.22396215677651
"pooled_lasso","min",6,2023,"California","CA","CA-602","Santa Ana, Anaheim/Orange County CoC",2022,2023,19.2103681373341,13.5446267150128,5.66574142232128
"pooled_lasso","min",6,2023,"California","CA","CA-603","Santa Maria/Santa Barbara County CoC",2022,2023,42.6076707355073,44.1516408612744,-1.54397012576713
"pooled_lasso","min",6,2023,"California","CA","CA-604","Bakersfield/Kern County CoC",2022,2023,21.2293169456375,47.9046861833136,-26.6753692376761
"pooled_lasso","min",6,2023,"California","CA","CA-606","Long Beach CoC",2022,2023,75.9489842939261,59.9841988626881,15.964785431238
"pooled_lasso","min",6,2023,"California","CA","CA-607","Pasadena CoC",2022,2023,40.7525357747308,53.8344842459049,-13.0819484711741
"pooled_lasso","min",6,2023,"California","CA","CA-608","Riverside City & County CoC",2022,2023,14.8777310122209,14.4504091863445,0.427321825876374
"pooled_lasso","min",6,2023,"California","CA","CA-609","San Bernardino City & County CoC",2022,2023,19.0361146178301,16.215705890478,2.82040872735213
"pooled_lasso","min",6,2023,"California","CA","CA-611","Oxnard, San Buenaventura/Ventura County CoC",2022,2023,29.3364388375511,29.3094624418009,0.0269763957502285
"pooled_lasso","min",6,2023,"California","CA","CA-612","Glendale CoC",2022,2023,10.3028449062627,28.0768886026062,-17.7740436963435
"pooled_lasso","min",6,2023,"California","CA","CA-613","Imperial County CoC",2022,2023,72.1152515731973,31.1213368337947,40.9939147394026
"pooled_lasso","min",6,2023,"California","CA","CA-614","San Luis Obispo County CoC",2022,2023,54.2829302861192,39.9539439642473,14.3289863218719
"pooled_lasso","min",6,2023,"Florida","FL","FL-500","Sarasota, Bradenton/Manatee, Sarasota Counties CoC",2022,2023,12.5336911066377,3.94022663700082,8.59346446963688
"pooled_lasso","min",6,2023,"Florida","FL","FL-501","Tampa/Hillsborough County CoC",2022,2023,13.1066988080614,-1.85178875755863,14.95848756562
"pooled_lasso","min",6,2023,"Florida","FL","FL-502","St. Petersburg, Clearwater, Largo/Pinellas County CoC",2022,2023,22.2005233276348,22.6976926443184,-0.497169316683603
"pooled_lasso","min",6,2023,"Florida","FL","FL-503","Lakeland/Polk County CoC",2022,2023,9.40840985749169,0.0875739551991512,9.32083590229254
"pooled_lasso","min",6,2023,"Florida","FL","FL-504","Deltona, Daytona Beach/Volusia, Flagler Counties CoC",2022,2023,14.5486398472462,9.92184915186415,4.62679069538205
"pooled_lasso","min",6,2023,"Florida","FL","FL-505","Fort Walton Beach/Okaloosa, Walton Counties CoC",2022,2023,12.8960221485099,12.4260953033176,0.469926845192342
"pooled_lasso","min",6,2023,"Florida","FL","FL-506","Tallahassee/Leon County CoC",2022,2023,17.5052373804426,19.8039454389403,-2.29870805849768
"pooled_lasso","min",6,2023,"Florida","FL","FL-507","Orlando/Orange, Osceola, Seminole Counties CoC",2022,2023,9.26473762082523,-6.03541790745297,15.3001555282782
"pooled_lasso","min",6,2023,"Florida","FL","FL-508","Gainesville/Alachua, Putnam Counties CoC",2022,2023,20.8237295206089,25.6609337307981,-4.83720421018923
"pooled_lasso","min",6,2023,"Florida","FL","FL-509","Fort Pierce/St. Lucie, Indian River, Martin Counties CoC",2022,2023,12.9891102108449,2.5124429577792,10.4766672530657
"pooled_lasso","min",6,2023,"Florida","FL","FL-510","Jacksonville-Duval, Clay Counties CoC",2022,2023,8.96670800205119,2.66167299738335,6.30503500466784
"pooled_lasso","min",6,2023,"Florida","FL","FL-511","Pensacola/Escambia, Santa Rosa Counties CoC",2022,2023,22.1612891109191,12.8528043854798,9.30848472543931
"pooled_lasso","min",6,2023,"Florida","FL","FL-512","St. Johns County CoC",2022,2023,13.553344092923,2.93872111205102,10.614622980872
"pooled_lasso","min",6,2023,"Florida","FL","FL-513","Palm Bay, Melbourne/Brevard County CoC",2022,2023,16.2844515994211,8.04177345923947,8.24267814018163
"pooled_lasso","min",6,2023,"Florida","FL","FL-514","Ocala/Marion County CoC",2022,2023,11.011399466408,10.9015271290742,0.109872337333762
"pooled_lasso","min",6,2023,"Florida","FL","FL-515","Panama City/Bay, Jackson Counties CoC",2022,2023,16.3420902070736,5.14732464925885,11.1947655578148
"pooled_lasso","min",6,2023,"Florida","FL","FL-517","Hendry, Hardee, Highlands Counties CoC",2022,2023,37.7252001366425,3.45370415580705,34.2714959808355
"pooled_lasso","min",6,2023,"Florida","FL","FL-519","Pasco County CoC",2022,2023,10.7094878187451,5.21474909422452,5.49473872452058
"pooled_lasso","min",6,2023,"Florida","FL","FL-520","Citrus, Hernando, Lake, Sumter Counties CoC",2022,2023,6.7730455745609,-2.18109540926696,8.95414098382786
"pooled_lasso","min",6,2023,"Florida","FL","FL-600","Miami-Dade County CoC",2022,2023,13.0910528005796,-6.08695061717262,19.1780034177522
"pooled_lasso","min",6,2023,"Florida","FL","FL-601","Ft Lauderdale/Broward County CoC",2022,2023,12.4347450877257,-4.67892040799487,17.1136654957206
"pooled_lasso","min",6,2023,"Florida","FL","FL-602","Charlotte County CoC",2022,2023,20.6465713152881,12.5263189898312,8.12025232545686
"pooled_lasso","min",6,2023,"Florida","FL","FL-603","Ft Myers, Cape Coral/Lee County CoC",2022,2023,10.1876200325011,-4.19317859880191,14.380798631303
"pooled_lasso","min",6,2023,"Florida","FL","FL-604","Monroe County CoC",2022,2023,59.6166636435093,62.7074069274216,-3.09074328391234
"pooled_lasso","min",6,2023,"Florida","FL","FL-605","West Palm Beach/Palm Beach County CoC",2022,2023,11.8883736192183,-0.759929559987145,12.6483031792054
"pooled_lasso","min",6,2023,"Florida","FL","FL-606","Naples/Collier County CoC",2022,2023,17.0865385783903,3.9815611669924,13.1049774113979
"pooled_lasso","1se",6,2023,"California","CA","CA-500","San Jose/Santa Clara City & County CoC",2022,2023,52.3863758393167,32.5820055914597,19.804370247857
"pooled_lasso","1se",6,2023,"California","CA","CA-501","San Francisco CoC",2022,2023,92.8113439895413,73.077575969014,19.7337680205273
"pooled_lasso","1se",6,2023,"California","CA","CA-502","Oakland, Berkeley/Alameda County CoC",2022,2023,59.7591630410488,43.2159540048133,16.5432090362355
"pooled_lasso","1se",6,2023,"California","CA","CA-503","Sacramento City & County CoC",2022,2023,58.128428691055,35.4110603375343,22.7173683535207
"pooled_lasso","1se",6,2023,"California","CA","CA-504","Santa Rosa, Petaluma/Sonoma County CoC",2022,2023,46.8758080698379,46.4591892751292,0.416618794708683
"pooled_lasso","1se",6,2023,"California","CA","CA-505","Contra Costa County CoC",2022,2023,20.4139065865831,26.4365139498533,-6.02260736327017
"pooled_lasso","1se",6,2023,"California","CA","CA-506","Salinas/Monterey, San Benito Counties CoC",2022,2023,44.0309410916966,40.5348813562825,3.49605973541413
"pooled_lasso","1se",6,2023,"California","CA","CA-507","Marin County CoC",2022,2023,43.7671026412938,42.4977978647054,1.26930477658843
"pooled_lasso","1se",6,2023,"California","CA","CA-508","Watsonville/Santa Cruz City & County CoC",2022,2023,68.5092776144796,49.1482515874192,19.3610260270604
"pooled_lasso","1se",6,2023,"California","CA","CA-510","Turlock, Modesto/Stanislaus County CoC",2022,2023,37.7124368077712,39.5311703640283,-1.81873355625711
"pooled_lasso","1se",6,2023,"California","CA","CA-511","Stockton/San Joaquin County CoC",2022,2023,30.4445726408248,34.7061432881958,-4.26157064737101
"pooled_lasso","1se",6,2023,"California","CA","CA-512","Daly City/San Mateo County CoC",2022,2023,25.3287353753462,32.7503298739388,-7.42159449859255
"pooled_lasso","1se",6,2023,"California","CA","CA-513","Visalia/Kings, Tulare Counties CoC",2022,2023,23.1856444583944,25.7356465524119,-2.55000209401752
"pooled_lasso","1se",6,2023,"California","CA","CA-514","Fresno City & County/Madera County CoC",2022,2023,37.7900913085313,34.6743635107862,3.11572779774511
"pooled_lasso","1se",6,2023,"California","CA","CA-515","Roseville, Rocklin/Placer County CoC",2022,2023,16.6747021954633,29.1710375228951,-12.4963353274318
"pooled_lasso","1se",6,2023,"California","CA","CA-516","Redding/Shasta, Siskiyou, Lassen, Plumas, Del Norte, Modoc, Sierra Counties CoC",2022,2023,81.4394857133627,49.5023301931328,31.9371555202299
"pooled_lasso","1se",6,2023,"California","CA","CA-517","Napa City & County CoC",2022,2023,37.8663154428713,37.3641734414476,0.502142001423671
"pooled_lasso","1se",6,2023,"California","CA","CA-518","Vallejo/Solano County CoC",2022,2023,26.5853156009278,29.711548397308,-3.12623279638024
"pooled_lasso","1se",6,2023,"California","CA","CA-519","Chico, Paradise/Butte County CoC",2022,2023,59.6760032033037,53.71137926938,5.96462393392365
"pooled_lasso","1se",6,2023,"California","CA","CA-520","Merced City & County CoC",2022,2023,26.6377637869115,38.2896019918504,-11.6518382049389
"pooled_lasso","1se",6,2023,"California","CA","CA-521","Davis, Woodland/Yolo County CoC",2022,2023,33.203881745524,41.2407076240949,-8.03682587857086
"pooled_lasso","1se",6,2023,"California","CA","CA-522","Humboldt County CoC",2022,2023,123.622682074711,59.1926444751469,64.4300375995641
"pooled_lasso","1se",6,2023,"California","CA","CA-523","Colusa, Glenn, Trinity Counties CoC",2022,2023,54.619936276741,49.230277364131,5.38965891261001
"pooled_lasso","1se",6,2023,"California","CA","CA-524","Yuba City & County/Sutter County CoC",2022,2023,52.2228609234173,45.5616173851455,6.66124353827183
"pooled_lasso","1se",6,2023,"California","CA","CA-525","El Dorado County CoC",2022,2023,25.5609349783955,28.5017044031733,-2.94076942477783
"pooled_lasso","1se",6,2023,"California","CA","CA-526","Amador, Calaveras, Mariposa, Tuolumne Counties CoC",2022,2023,45.8445174723428,38.7927200990011,7.05179737334166
"pooled_lasso","1se",6,2023,"California","CA","CA-527","Tehama County CoC",2022,2023,46.7347189767556,40.5181733477566,6.21654562899898
"pooled_lasso","1se",6,2023,"California","CA","CA-529","Lake County CoC",2022,2023,67.6212036574251,57.3756235739266,10.2455800834985
"pooled_lasso","1se",6,2023,"California","CA","CA-530","Alpine, Inyo, Mono Counties CoC",2022,2023,26.9880700463091,44.678987524074,-17.6909174777649
"pooled_lasso","1se",6,2023,"California","CA","CA-531","Nevada County CoC",2022,2023,48.206937095826,48.6567395568888,-0.449802461062774
"pooled_lasso","1se",6,2023,"California","CA","CA-600","Los Angeles City & County CoC",2022,2023,79.6603656143681,36.7361387556959,42.9242268586722
"pooled_lasso","1se",6,2023,"California","CA","CA-601","San Diego City and County CoC",2022,2023,31.2952018089261,31.8362506192309,-0.541048810304801
"pooled_lasso","1se",6,2023,"California","CA","CA-602","Santa Ana, Anaheim/Orange County CoC",2022,2023,19.2103681373341,22.1443224205288,-2.93395428319467
"pooled_lasso","1se",6,2023,"California","CA","CA-603","Santa Maria/Santa Barbara County CoC",2022,2023,42.6076707355073,41.6455866072463,0.962084128260976
"pooled_lasso","1se",6,2023,"California","CA","CA-604","Bakersfield/Kern County CoC",2022,2023,21.2293169456375,40.283828351886,-19.0545114062486
"pooled_lasso","1se",6,2023,"California","CA","CA-606","Long Beach CoC",2022,2023,75.9489842939261,59.8913212133432,16.0576630805829
"pooled_lasso","1se",6,2023,"California","CA","CA-607","Pasadena CoC",2022,2023,40.7525357747308,49.5475828262834,-8.7950470515526
"pooled_lasso","1se",6,2023,"California","CA","CA-608","Riverside City & County CoC",2022,2023,14.8777310122209,18.6985300300546,-3.82079901783374
"pooled_lasso","1se",6,2023,"California","CA","CA-609","San Bernardino City & County CoC",2022,2023,19.0361146178301,19.0905466487352,-0.0544320309051436
"pooled_lasso","1se",6,2023,"California","CA","CA-611","Oxnard, San Buenaventura/Ventura County CoC",2022,2023,29.3364388375511,29.5132908067518,-0.176851969200719
"pooled_lasso","1se",6,2023,"California","CA","CA-612","Glendale CoC",2022,2023,10.3028449062627,34.2373635257279,-23.9345186194652
"pooled_lasso","1se",6,2023,"California","CA","CA-613","Imperial County CoC",2022,2023,72.1152515731973,36.2837534588408,35.8314981143565
"pooled_lasso","1se",6,2023,"California","CA","CA-614","San Luis Obispo County CoC",2022,2023,54.2829302861192,35.8718383012475,18.4110919848717
"pooled_lasso","1se",6,2023,"Florida","FL","FL-500","Sarasota, Bradenton/Manatee, Sarasota Counties CoC",2022,2023,12.5336911066377,13.5973392156037,-1.06364810896602
"pooled_lasso","1se",6,2023,"Florida","FL","FL-501","Tampa/Hillsborough County CoC",2022,2023,13.1066988080614,10.7178257726352,2.38887303542618
"pooled_lasso","1se",6,2023,"Florida","FL","FL-502","St. Petersburg, Clearwater, Largo/Pinellas County CoC",2022,2023,22.2005233276348,26.1086510164245,-3.90812768878965
"pooled_lasso","1se",6,2023,"Florida","FL","FL-503","Lakeland/Polk County CoC",2022,2023,9.40840985749169,11.6833926748995,-2.27498281740786
"pooled_lasso","1se",6,2023,"Florida","FL","FL-504","Deltona, Daytona Beach/Volusia, Flagler Counties CoC",2022,2023,14.5486398472462,14.8113376671805,-0.262697819934331
"pooled_lasso","1se",6,2023,"Florida","FL","FL-505","Fort Walton Beach/Okaloosa, Walton Counties CoC",2022,2023,12.8960221485099,16.9969907632653,-4.10096861475543
"pooled_lasso","1se",6,2023,"Florida","FL","FL-506","Tallahassee/Leon County CoC",2022,2023,17.5052373804426,22.1779392934405,-4.67270191299788
"pooled_lasso","1se",6,2023,"Florida","FL","FL-507","Orlando/Orange, Osceola, Seminole Counties CoC",2022,2023,9.26473762082523,9.70683979501051,-0.442102174185276
"pooled_lasso","1se",6,2023,"Florida","FL","FL-508","Gainesville/Alachua, Putnam Counties CoC",2022,2023,20.8237295206089,24.7177413856821,-3.8940118650732
"pooled_lasso","1se",6,2023,"Florida","FL","FL-509","Fort Pierce/St. Lucie, Indian River, Martin Counties CoC",2022,2023,12.9891102108449,9.9752739570142,3.0138362538307
"pooled_lasso","1se",6,2023,"Florida","FL","FL-510","Jacksonville-Duval, Clay Counties CoC",2022,2023,8.96670800205119,12.7183161186567,-3.75160811660547
"pooled_lasso","1se",6,2023,"Florida","FL","FL-511","Pensacola/Escambia, Santa Rosa Counties CoC",2022,2023,22.1612891109191,18.4294408119747,3.73184829894438
"pooled_lasso","1se",6,2023,"Florida","FL","FL-512","St. Johns County CoC",2022,2023,13.553344092923,13.9475861295661,-0.394242036643051
"pooled_lasso","1se",6,2023,"Florida","FL","FL-513","Palm Bay, Melbourne/Brevard County CoC",2022,2023,16.2844515994211,15.2825078646906,1.00194373473047
"pooled_lasso","1se",6,2023,"Florida","FL","FL-514","Ocala/Marion County CoC",2022,2023,11.011399466408,18.2303500693393,-7.21895060293133
"pooled_lasso","1se",6,2023,"Florida","FL","FL-515","Panama City/Bay, Jackson Counties CoC",2022,2023,16.3420902070736,12.5362464396312,3.80584376744237
"pooled_lasso","1se",6,2023,"Florida","FL","FL-517","Hendry, Hardee, Highlands Counties CoC",2022,2023,37.7252001366425,13.3207106161361,24.4044895205064
"pooled_lasso","1se",6,2023,"Florida","FL","FL-519","Pasco County CoC",2022,2023,10.7094878187451,13.6215508862574,-2.91206306751232
"pooled_lasso","1se",6,2023,"Florida","FL","FL-520","Citrus, Hernando, Lake, Sumter Counties CoC",2022,2023,6.7730455745609,7.49520736999431,-0.72216179543341
"pooled_lasso","1se",6,2023,"Florida","FL","FL-600","Miami-Dade County CoC",2022,2023,13.0910528005796,14.0276861877928,-0.936633387213226
"pooled_lasso","1se",6,2023,"Florida","FL","FL-601","Ft Lauderdale/Broward County CoC",2022,2023,12.4347450877257,8.30551111448848,4.12923397323722
"pooled_lasso","1se",6,2023,"Florida","FL","FL-602","Charlotte County CoC",2022,2023,20.6465713152881,17.8549080641558,2.79166325113232
"pooled_lasso","1se",6,2023,"Florida","FL","FL-603","Ft Myers, Cape Coral/Lee County CoC",2022,2023,10.1876200325011,8.45348997885285,1.73413005364825
"pooled_lasso","1se",6,2023,"Florida","FL","FL-604","Monroe County CoC",2022,2023,59.6166636435093,61.697741471815,-2.08107782830571
"pooled_lasso","1se",6,2023,"Florida","FL","FL-605","West Palm Beach/Palm Beach County CoC",2022,2023,11.8883736192183,9.25840538247399,2.62996823674431
"pooled_lasso","1se",6,2023,"Florida","FL","FL-606","Naples/Collier County CoC",2022,2023,17.0865385783903,15.4504550463634,1.6360835320269
"pooled_lasso_state_interactions","min",6,2023,"California","CA","CA-500","San Jose/Santa Clara City & County CoC",2022,2023,52.3863758393167,28.6596051339149,23.7267707054018
"pooled_lasso_state_interactions","min",6,2023,"California","CA","CA-501","San Francisco CoC",2022,2023,92.8113439895413,71.6509052350251,21.1604387545162
"pooled_lasso_state_interactions","min",6,2023,"California","CA","CA-502","Oakland, Berkeley/Alameda County CoC",2022,2023,59.7591630410488,47.1687397289954,12.5904233120534
"pooled_lasso_state_interactions","min",6,2023,"California","CA","CA-503","Sacramento City & County CoC",2022,2023,58.128428691055,37.6131524372219,20.5152762538331
"pooled_lasso_state_interactions","min",6,2023,"California","CA","CA-504","Santa Rosa, Petaluma/Sonoma County CoC",2022,2023,46.8758080698379,59.1586573665951,-12.2828492967572
"pooled_lasso_state_interactions","min",6,2023,"California","CA","CA-505","Contra Costa County CoC",2022,2023,20.4139065865831,21.6087290599582,-1.19482247337513
"pooled_lasso_state_interactions","min",6,2023,"California","CA","CA-506","Salinas/Monterey, San Benito Counties CoC",2022,2023,44.0309410916966,46.6787046397997,-2.64776354810311
"pooled_lasso_state_interactions","min",6,2023,"California","CA","CA-507","Marin County CoC",2022,2023,43.7671026412938,52.6977643457504,-8.93066170445665
"pooled_lasso_state_interactions","min",6,2023,"California","CA","CA-508","Watsonville/Santa Cruz City & County CoC",2022,2023,68.5092776144796,60.4962486563906,8.01302895808895
"pooled_lasso_state_interactions","min",6,2023,"California","CA","CA-510","Turlock, Modesto/Stanislaus County CoC",2022,2023,37.7124368077712,41.6155054681811,-3.90306866040986
"pooled_lasso_state_interactions","min",6,2023,"California","CA","CA-511","Stockton/San Joaquin County CoC",2022,2023,30.4445726408248,32.9059444018438,-2.461371761019
"pooled_lasso_state_interactions","min",6,2023,"California","CA","CA-512","Daly City/San Mateo County CoC",2022,2023,25.3287353753462,29.8400419556419,-4.5113065802957
"pooled_lasso_state_interactions","min",6,2023,"California","CA","CA-513","Visalia/Kings, Tulare Counties CoC",2022,2023,23.1856444583944,20.5754730056755,2.61017145271889
"pooled_lasso_state_interactions","min",6,2023,"California","CA","CA-514","Fresno City & County/Madera County CoC",2022,2023,37.7900913085313,36.0027667799222,1.78732452860913
"pooled_lasso_state_interactions","min",6,2023,"California","CA","CA-515","Roseville, Rocklin/Placer County CoC",2022,2023,16.6747021954633,25.3802848302036,-8.70558263474035
"pooled_lasso_state_interactions","min",6,2023,"California","CA","CA-516","Redding/Shasta, Siskiyou, Lassen, Plumas, Del Norte, Modoc, Sierra Counties CoC",2022,2023,81.4394857133627,56.0533010209577,25.386184692405
"pooled_lasso_state_interactions","min",6,2023,"California","CA","CA-517","Napa City & County CoC",2022,2023,37.8663154428713,40.4029673194341,-2.53665187656278
"pooled_lasso_state_interactions","min",6,2023,"California","CA","CA-518","Vallejo/Solano County CoC",2022,2023,26.5853156009278,28.5847221548308,-1.99940655390299
"pooled_lasso_state_interactions","min",6,2023,"California","CA","CA-519","Chico, Paradise/Butte County CoC",2022,2023,59.6760032033037,66.1032805860885,-6.42727738278482
"pooled_lasso_state_interactions","min",6,2023,"California","CA","CA-520","Merced City & County CoC",2022,2023,26.6377637869115,35.6498254393463,-9.01206165243484
"pooled_lasso_state_interactions","min",6,2023,"California","CA","CA-521","Davis, Woodland/Yolo County CoC",2022,2023,33.203881745524,41.6489144308503,-8.44503268532628
"pooled_lasso_state_interactions","min",6,2023,"California","CA","CA-522","Humboldt County CoC",2022,2023,123.622682074711,77.7313622513055,45.8913198234055
"pooled_lasso_state_interactions","min",6,2023,"California","CA","CA-523","Colusa, Glenn, Trinity Counties CoC",2022,2023,54.619936276741,48.890205940746,5.72973033599496
"pooled_lasso_state_interactions","min",6,2023,"California","CA","CA-524","Yuba City & County/Sutter County CoC",2022,2023,52.2228609234173,48.6375456279657,3.58531529545159
"pooled_lasso_state_interactions","min",6,2023,"California","CA","CA-525","El Dorado County CoC",2022,2023,25.5609349783955,26.517121857403,-0.95618687900755
"pooled_lasso_state_interactions","min",6,2023,"California","CA","CA-526","Amador, Calaveras, Mariposa, Tuolumne Counties CoC",2022,2023,45.8445174723428,46.9745195650409,-1.13000209269808
"pooled_lasso_state_interactions","min",6,2023,"California","CA","CA-527","Tehama County CoC",2022,2023,46.7347189767556,39.6642577188068,7.07046125794878
"pooled_lasso_state_interactions","min",6,2023,"California","CA","CA-529","Lake County CoC",2022,2023,67.6212036574251,78.1175392581496,-10.4963356007245
"pooled_lasso_state_interactions","min",6,2023,"California","CA","CA-530","Alpine, Inyo, Mono Counties CoC",2022,2023,26.9880700463091,49.3759439533902,-22.3878739070811
"pooled_lasso_state_interactions","min",6,2023,"California","CA","CA-531","Nevada County CoC",2022,2023,48.206937095826,62.9540146704385,-14.7470775746125
"pooled_lasso_state_interactions","min",6,2023,"California","CA","CA-600","Los Angeles City & County CoC",2022,2023,79.6603656143681,47.8950208475098,31.7653447668583
"pooled_lasso_state_interactions","min",6,2023,"California","CA","CA-601","San Diego City and County CoC",2022,2023,31.2952018089261,39.3665405935617,-8.07133878463556
"pooled_lasso_state_interactions","min",6,2023,"California","CA","CA-602","Santa Ana, Anaheim/Orange County CoC",2022,2023,19.2103681373341,14.2728947357524,4.93747340158171
"pooled_lasso_state_interactions","min",6,2023,"California","CA","CA-603","Santa Maria/Santa Barbara County CoC",2022,2023,42.6076707355073,50.2691265783355,-7.66145584282823
"pooled_lasso_state_interactions","min",6,2023,"California","CA","CA-604","Bakersfield/Kern County CoC",2022,2023,21.2293169456375,50.7651417512382,-29.5358248056007
"pooled_lasso_state_interactions","min",6,2023,"California","CA","CA-606","Long Beach CoC",2022,2023,75.9489842939261,68.4727830116734,7.47620128225272
"pooled_lasso_state_interactions","min",6,2023,"California","CA","CA-607","Pasadena CoC",2022,2023,40.7525357747308,57.4203782288634,-16.6678424541326
"pooled_lasso_state_interactions","min",6,2023,"California","CA","CA-608","Riverside City & County CoC",2022,2023,14.8777310122209,14.8818407759847,-0.0041097637637737
"pooled_lasso_state_interactions","min",6,2023,"California","CA","CA-609","San Bernardino City & County CoC",2022,2023,19.0361146178301,16.5950196281854,2.44109498964468
"pooled_lasso_state_interactions","min",6,2023,"California","CA","CA-611","Oxnard, San Buenaventura/Ventura County CoC",2022,2023,29.3364388375511,31.3095108023847,-1.97307196483356
"pooled_lasso_state_interactions","min",6,2023,"California","CA","CA-612","Glendale CoC",2022,2023,10.3028449062627,29.0945988613481,-18.7917539550854
"pooled_lasso_state_interactions","min",6,2023,"California","CA","CA-613","Imperial County CoC",2022,2023,72.1152515731973,33.8086823891392,38.3065691840581
"pooled_lasso_state_interactions","min",6,2023,"California","CA","CA-614","San Luis Obispo County CoC",2022,2023,54.2829302861192,42.6988286994118,11.5841015867074
"pooled_lasso_state_interactions","min",6,2023,"Florida","FL","FL-500","Sarasota, Bradenton/Manatee, Sarasota Counties CoC",2022,2023,12.5336911066377,1.19401599806986,11.3396751085678
"pooled_lasso_state_interactions","min",6,2023,"Florida","FL","FL-501","Tampa/Hillsborough County CoC",2022,2023,13.1066988080614,-5.70398818617293,18.8106869942343
"pooled_lasso_state_interactions","min",6,2023,"Florida","FL","FL-502","St. Petersburg, Clearwater, Largo/Pinellas County CoC",2022,2023,22.2005233276348,16.9558070996711,5.24471622796374
"pooled_lasso_state_interactions","min",6,2023,"Florida","FL","FL-503","Lakeland/Polk County CoC",2022,2023,9.40840985749169,-1.8888070237603,11.297216881252
"pooled_lasso_state_interactions","min",6,2023,"Florida","FL","FL-504","Deltona, Daytona Beach/Volusia, Flagler Counties CoC",2022,2023,14.5486398472462,8.89234023651651,5.65629961072969
"pooled_lasso_state_interactions","min",6,2023,"Florida","FL","FL-505","Fort Walton Beach/Okaloosa, Walton Counties CoC",2022,2023,12.8960221485099,11.8076575848208,1.08836456368913
"pooled_lasso_state_interactions","min",6,2023,"Florida","FL","FL-506","Tallahassee/Leon County CoC",2022,2023,17.5052373804426,15.2242405246686,2.28099685577399
"pooled_lasso_state_interactions","min",6,2023,"Florida","FL","FL-507","Orlando/Orange, Osceola, Seminole Counties CoC",2022,2023,9.26473762082523,-6.53665997427586,15.8013975951011
"pooled_lasso_state_interactions","min",6,2023,"Florida","FL","FL-508","Gainesville/Alachua, Putnam Counties CoC",2022,2023,20.8237295206089,21.6367959069591,-0.813066386350197
"pooled_lasso_state_interactions","min",6,2023,"Florida","FL","FL-509","Fort Pierce/St. Lucie, Indian River, Martin Counties CoC",2022,2023,12.9891102108449,3.80915091664595,9.17995929419895
"pooled_lasso_state_interactions","min",6,2023,"Florida","FL","FL-510","Jacksonville-Duval, Clay Counties CoC",2022,2023,8.96670800205119,-1.06848970536184,10.035197707413
"pooled_lasso_state_interactions","min",6,2023,"Florida","FL","FL-511","Pensacola/Escambia, Santa Rosa Counties CoC",2022,2023,22.1612891109191,11.3867927562756,10.7744963546435
"pooled_lasso_state_interactions","min",6,2023,"Florida","FL","FL-512","St. Johns County CoC",2022,2023,13.553344092923,-1.98574213795955,15.5390862308825
"pooled_lasso_state_interactions","min",6,2023,"Florida","FL","FL-513","Palm Bay, Melbourne/Brevard County CoC",2022,2023,16.2844515994211,5.54004990609557,10.7444016933255
"pooled_lasso_state_interactions","min",6,2023,"Florida","FL","FL-514","Ocala/Marion County CoC",2022,2023,11.011399466408,8.14761032949991,2.86378913690809
"pooled_lasso_state_interactions","min",6,2023,"Florida","FL","FL-515","Panama City/Bay, Jackson Counties CoC",2022,2023,16.3420902070736,8.49653497630952,7.84555523076408
"pooled_lasso_state_interactions","min",6,2023,"Florida","FL","FL-517","Hendry, Hardee, Highlands Counties CoC",2022,2023,37.7252001366425,3.81357946844067,33.9116206682018
"pooled_lasso_state_interactions","min",6,2023,"Florida","FL","FL-519","Pasco County CoC",2022,2023,10.7094878187451,2.63582308984707,8.07366472889803
"pooled_lasso_state_interactions","min",6,2023,"Florida","FL","FL-520","Citrus, Hernando, Lake, Sumter Counties CoC",2022,2023,6.7730455745609,-2.71718540803307,9.49023098259397
"pooled_lasso_state_interactions","min",6,2023,"Florida","FL","FL-600","Miami-Dade County CoC",2022,2023,13.0910528005796,-3.93819033815107,17.0292431387307
"pooled_lasso_state_interactions","min",6,2023,"Florida","FL","FL-601","Ft Lauderdale/Broward County CoC",2022,2023,12.4347450877257,-2.55881902934725,14.9935641170729
"pooled_lasso_state_interactions","min",6,2023,"Florida","FL","FL-602","Charlotte County CoC",2022,2023,20.6465713152881,13.6175626927246,7.02900862256351
"pooled_lasso_state_interactions","min",6,2023,"Florida","FL","FL-603","Ft Myers, Cape Coral/Lee County CoC",2022,2023,10.1876200325011,-4.4939802398271,14.6816002723282
"pooled_lasso_state_interactions","min",6,2023,"Florida","FL","FL-604","Monroe County CoC",2022,2023,59.6166636435093,59.2889108003483,0.327752843161015
"pooled_lasso_state_interactions","min",6,2023,"Florida","FL","FL-605","West Palm Beach/Palm Beach County CoC",2022,2023,11.8883736192183,-0.265643917245201,12.1540175364635
"pooled_lasso_state_interactions","min",6,2023,"Florida","FL","FL-606","Naples/Collier County CoC",2022,2023,17.0865385783903,3.21434325632946,13.8721953220608
"pooled_lasso_state_interactions","1se",6,2023,"California","CA","CA-500","San Jose/Santa Clara City & County CoC",2022,2023,52.3863758393167,27.7126215790233,24.6737542602934
"pooled_lasso_state_interactions","1se",6,2023,"California","CA","CA-501","San Francisco CoC",2022,2023,92.8113439895413,73.0857279464967,19.7256160430446
"pooled_lasso_state_interactions","1se",6,2023,"California","CA","CA-502","Oakland, Berkeley/Alameda County CoC",2022,2023,59.7591630410488,42.1069595507891,17.6522034902597
"pooled_lasso_state_interactions","1se",6,2023,"California","CA","CA-503","Sacramento City & County CoC",2022,2023,58.128428691055,34.3357897956858,23.7926388953692
"pooled_lasso_state_interactions","1se",6,2023,"California","CA","CA-504","Santa Rosa, Petaluma/Sonoma County CoC",2022,2023,46.8758080698379,51.4056864733434,-4.52987840350549
"pooled_lasso_state_interactions","1se",6,2023,"California","CA","CA-505","Contra Costa County CoC",2022,2023,20.4139065865831,22.7499357452669,-2.33602915868383
"pooled_lasso_state_interactions","1se",6,2023,"California","CA","CA-506","Salinas/Monterey, San Benito Counties CoC",2022,2023,44.0309410916966,40.8861952919741,3.14474579972245
"pooled_lasso_state_interactions","1se",6,2023,"California","CA","CA-507","Marin County CoC",2022,2023,43.7671026412938,46.9906374853266,-3.22353484403284
"pooled_lasso_state_interactions","1se",6,2023,"California","CA","CA-508","Watsonville/Santa Cruz City & County CoC",2022,2023,68.5092776144796,52.7263795469253,15.7828980675543
"pooled_lasso_state_interactions","1se",6,2023,"California","CA","CA-510","Turlock, Modesto/Stanislaus County CoC",2022,2023,37.7124368077712,38.5751932420286,-0.862756434257442
"pooled_lasso_state_interactions","1se",6,2023,"California","CA","CA-511","Stockton/San Joaquin County CoC",2022,2023,30.4445726408248,30.6638787984414,-0.21930615761665
"pooled_lasso_state_interactions","1se",6,2023,"California","CA","CA-512","Daly City/San Mateo County CoC",2022,2023,25.3287353753462,29.2159629489018,-3.88722757355562
"pooled_lasso_state_interactions","1se",6,2023,"California","CA","CA-513","Visalia/Kings, Tulare Counties CoC",2022,2023,23.1856444583944,22.3739791257583,0.811665332636089
"pooled_lasso_state_interactions","1se",6,2023,"California","CA","CA-514","Fresno City & County/Madera County CoC",2022,2023,37.7900913085313,32.8107894354583,4.97930187307301
"pooled_lasso_state_interactions","1se",6,2023,"California","CA","CA-515","Roseville, Rocklin/Placer County CoC",2022,2023,16.6747021954633,26.4925365520924,-9.81783435662908
"pooled_lasso_state_interactions","1se",6,2023,"California","CA","CA-516","Redding/Shasta, Siskiyou, Lassen, Plumas, Del Norte, Modoc, Sierra Counties CoC",2022,2023,81.4394857133627,51.273175411111,30.1663103022517
"pooled_lasso_state_interactions","1se",6,2023,"California","CA","CA-517","Napa City & County CoC",2022,2023,37.8663154428713,38.5051549571596,-0.638839514288335
"pooled_lasso_state_interactions","1se",6,2023,"California","CA","CA-518","Vallejo/Solano County CoC",2022,2023,26.5853156009278,27.8888227519892,-1.30350715106145
"pooled_lasso_state_interactions","1se",6,2023,"California","CA","CA-519","Chico, Paradise/Butte County CoC",2022,2023,59.6760032033037,58.3307079260938,1.34529527720991
"pooled_lasso_state_interactions","1se",6,2023,"California","CA","CA-520","Merced City & County CoC",2022,2023,26.6377637869115,34.3096782569772,-7.6719144700657
"pooled_lasso_state_interactions","1se",6,2023,"California","CA","CA-521","Davis, Woodland/Yolo County CoC",2022,2023,33.203881745524,37.4084840935634,-4.20460234803935
"pooled_lasso_state_interactions","1se",6,2023,"California","CA","CA-522","Humboldt County CoC",2022,2023,123.622682074711,65.6720872776182,57.9505947970928
"pooled_lasso_state_interactions","1se",6,2023,"California","CA","CA-523","Colusa, Glenn, Trinity Counties CoC",2022,2023,54.619936276741,48.7836755671748,5.83626070956618
"pooled_lasso_state_interactions","1se",6,2023,"California","CA","CA-524","Yuba City & County/Sutter County CoC",2022,2023,52.2228609234173,44.3325320560207,7.89032886739656
"pooled_lasso_state_interactions","1se",6,2023,"California","CA","CA-525","El Dorado County CoC",2022,2023,25.5609349783955,28.5407597547184,-2.9798247763229
"pooled_lasso_state_interactions","1se",6,2023,"California","CA","CA-526","Amador, Calaveras, Mariposa, Tuolumne Counties CoC",2022,2023,45.8445174723428,42.447080985783,3.39743648655978
"pooled_lasso_state_interactions","1se",6,2023,"California","CA","CA-527","Tehama County CoC",2022,2023,46.7347189767556,40.3088172584498,6.4259017183058
"pooled_lasso_state_interactions","1se",6,2023,"California","CA","CA-529","Lake County CoC",2022,2023,67.6212036574251,70.0543528011726,-2.43314914374749
"pooled_lasso_state_interactions","1se",6,2023,"California","CA","CA-530","Alpine, Inyo, Mono Counties CoC",2022,2023,26.9880700463091,48.2891469038907,-21.3010768575816
"pooled_lasso_state_interactions","1se",6,2023,"California","CA","CA-531","Nevada County CoC",2022,2023,48.206937095826,54.2972734160146,-6.0903363201886
"pooled_lasso_state_interactions","1se",6,2023,"California","CA","CA-600","Los Angeles City & County CoC",2022,2023,79.6603656143681,37.3503142514598,42.3100513629083
"pooled_lasso_state_interactions","1se",6,2023,"California","CA","CA-601","San Diego City and County CoC",2022,2023,31.2952018089261,32.2307292965884,-0.935527487662263
"pooled_lasso_state_interactions","1se",6,2023,"California","CA","CA-602","Santa Ana, Anaheim/Orange County CoC",2022,2023,19.2103681373341,15.5506586774963,3.65970945983782
"pooled_lasso_state_interactions","1se",6,2023,"California","CA","CA-603","Santa Maria/Santa Barbara County CoC",2022,2023,42.6076707355073,42.8534885837273,-0.245817848220028
"pooled_lasso_state_interactions","1se",6,2023,"California","CA","CA-604","Bakersfield/Kern County CoC",2022,2023,21.2293169456375,45.2489460571423,-24.0196291115048
"pooled_lasso_state_interactions","1se",6,2023,"California","CA","CA-606","Long Beach CoC",2022,2023,75.9489842939261,61.2367647715386,14.7122195223875
"pooled_lasso_state_interactions","1se",6,2023,"California","CA","CA-607","Pasadena CoC",2022,2023,40.7525357747308,52.3569732482853,-11.6044374735545
"pooled_lasso_state_interactions","1se",6,2023,"California","CA","CA-608","Riverside City & County CoC",2022,2023,14.8777310122209,14.5261187453054,0.35161226691554
"pooled_lasso_state_interactions","1se",6,2023,"California","CA","CA-609","San Bernardino City & County CoC",2022,2023,19.0361146178301,15.9223958244369,3.11371879339323
"pooled_lasso_state_interactions","1se",6,2023,"California","CA","CA-611","Oxnard, San Buenaventura/Ventura County CoC",2022,2023,29.3364388375511,28.8812760782078,0.455162759343267
"pooled_lasso_state_interactions","1se",6,2023,"California","CA","CA-612","Glendale CoC",2022,2023,10.3028449062627,29.3755022685238,-19.0726573622611
"pooled_lasso_state_interactions","1se",6,2023,"California","CA","CA-613","Imperial County CoC",2022,2023,72.1152515731973,32.371940285344,39.7433112878533
"pooled_lasso_state_interactions","1se",6,2023,"California","CA","CA-614","San Luis Obispo County CoC",2022,2023,54.2829302861192,38.1235584517942,16.159371834325
"pooled_lasso_state_interactions","1se",6,2023,"Florida","FL","FL-500","Sarasota, Bradenton/Manatee, Sarasota Counties CoC",2022,2023,12.5336911066377,4.91130429210335,7.62238681453435
"pooled_lasso_state_interactions","1se",6,2023,"Florida","FL","FL-501","Tampa/Hillsborough County CoC",2022,2023,13.1066988080614,-0.171483808908426,13.2781826169698
"pooled_lasso_state_interactions","1se",6,2023,"Florida","FL","FL-502","St. Petersburg, Clearwater, Largo/Pinellas County CoC",2022,2023,22.2005233276348,22.9527031603461,-0.752179832711313
"pooled_lasso_state_interactions","1se",6,2023,"Florida","FL","FL-503","Lakeland/Polk County CoC",2022,2023,9.40840985749169,1.62441256543982,7.78399729205187
"pooled_lasso_state_interactions","1se",6,2023,"Florida","FL","FL-504","Deltona, Daytona Beach/Volusia, Flagler Counties CoC",2022,2023,14.5486398472462,9.56640845079479,4.98223139645141
"pooled_lasso_state_interactions","1se",6,2023,"Florida","FL","FL-505","Fort Walton Beach/Okaloosa, Walton Counties CoC",2022,2023,12.8960221485099,12.3418940110044,0.554128137505476
"pooled_lasso_state_interactions","1se",6,2023,"Florida","FL","FL-506","Tallahassee/Leon County CoC",2022,2023,17.5052373804426,20.8703187480142,-3.36508136757157
"pooled_lasso_state_interactions","1se",6,2023,"Florida","FL","FL-507","Orlando/Orange, Osceola, Seminole Counties CoC",2022,2023,9.26473762082523,-3.53508206464166,12.7998196854669
"pooled_lasso_state_interactions","1se",6,2023,"Florida","FL","FL-508","Gainesville/Alachua, Putnam Counties CoC",2022,2023,20.8237295206089,25.8770566230294,-5.05332710242055
"pooled_lasso_state_interactions","1se",6,2023,"Florida","FL","FL-509","Fort Pierce/St. Lucie, Indian River, Martin Counties CoC",2022,2023,12.9891102108449,3.49144472531262,9.49766548553228
"pooled_lasso_state_interactions","1se",6,2023,"Florida","FL","FL-510","Jacksonville-Duval, Clay Counties CoC",2022,2023,8.96670800205119,4.47151627130565,4.49519173074554
"pooled_lasso_state_interactions","1se",6,2023,"Florida","FL","FL-511","Pensacola/Escambia, Santa Rosa Counties CoC",2022,2023,22.1612891109191,13.8783769576798,8.28291215323931
"pooled_lasso_state_interactions","1se",6,2023,"Florida","FL","FL-512","St. Johns County CoC",2022,2023,13.553344092923,2.65896783599599,10.894376256927
"pooled_lasso_state_interactions","1se",6,2023,"Florida","FL","FL-513","Palm Bay, Melbourne/Brevard County CoC",2022,2023,16.2844515994211,8.16803140723604,8.11642019218506
"pooled_lasso_state_interactions","1se",6,2023,"Florida","FL","FL-514","Ocala/Marion County CoC",2022,2023,11.011399466408,11.4949980437219,-0.483598577313876
"pooled_lasso_state_interactions","1se",6,2023,"Florida","FL","FL-515","Panama City/Bay, Jackson Counties CoC",2022,2023,16.3420902070736,7.65037096033673,8.69171924673687
"pooled_lasso_state_interactions","1se",6,2023,"Florida","FL","FL-517","Hendry, Hardee, Highlands Counties CoC",2022,2023,37.7252001366425,6.16527849302614,31.5599216436164
"pooled_lasso_state_interactions","1se",6,2023,"Florida","FL","FL-519","Pasco County CoC",2022,2023,10.7094878187451,5.04877846325833,5.66070935548677
"pooled_lasso_state_interactions","1se",6,2023,"Florida","FL","FL-520","Citrus, Hernando, Lake, Sumter Counties CoC",2022,2023,6.7730455745609,-1.43907409827777,8.21211967283867
"pooled_lasso_state_interactions","1se",6,2023,"Florida","FL","FL-600","Miami-Dade County CoC",2022,2023,13.0910528005796,-2.56205284924906,15.6531056498287
"pooled_lasso_state_interactions","1se",6,2023,"Florida","FL","FL-601","Ft Lauderdale/Broward County CoC",2022,2023,12.4347450877257,-2.63319150476883,15.0679365924945
"pooled_lasso_state_interactions","1se",6,2023,"Florida","FL","FL-602","Charlotte County CoC",2022,2023,20.6465713152881,12.2386455620309,8.40792575325723
"pooled_lasso_state_interactions","1se",6,2023,"Florida","FL","FL-603","Ft Myers, Cape Coral/Lee County CoC",2022,2023,10.1876200325011,-2.32055752555679,12.5081775580579
"pooled_lasso_state_interactions","1se",6,2023,"Florida","FL","FL-604","Monroe County CoC",2022,2023,59.6166636435093,60.849824855757,-1.23316121224776
"pooled_lasso_state_interactions","1se",6,2023,"Florida","FL","FL-605","West Palm Beach/Palm Beach County CoC",2022,2023,11.8883736192183,0.475532653096354,11.4128409661219
"pooled_lasso_state_interactions","1se",6,2023,"Florida","FL","FL-606","Naples/Collier County CoC",2022,2023,17.0865385783903,5.40954080921685,11.6769977691734
"separate_lasso_CA","min",6,2023,"California","CA","CA-500","San Jose/Santa Clara City & County CoC",2022,2023,52.3863758393167,37.3659278370995,15.0204480022172
"separate_lasso_CA","min",6,2023,"California","CA","CA-501","San Francisco CoC",2022,2023,92.8113439895413,90.1549832999154,2.65636068962587
"separate_lasso_CA","min",6,2023,"California","CA","CA-502","Oakland, Berkeley/Alameda County CoC",2022,2023,59.7591630410488,62.559040517474,-2.79987747642517
"separate_lasso_CA","min",6,2023,"California","CA","CA-503","Sacramento City & County CoC",2022,2023,58.128428691055,46.9927111651711,11.1357175258839
"separate_lasso_CA","min",6,2023,"California","CA","CA-504","Santa Rosa, Petaluma/Sonoma County CoC",2022,2023,46.8758080698379,63.854131678574,-16.9783236087361
"separate_lasso_CA","min",6,2023,"California","CA","CA-505","Contra Costa County CoC",2022,2023,20.4139065865831,30.8806010006631,-10.46669441408
"separate_lasso_CA","min",6,2023,"California","CA","CA-506","Salinas/Monterey, San Benito Counties CoC",2022,2023,44.0309410916966,54.1986304111174,-10.1676893194208
"separate_lasso_CA","min",6,2023,"California","CA","CA-507","Marin County CoC",2022,2023,43.7671026412938,57.8699859693762,-14.1028833280823
"separate_lasso_CA","min",6,2023,"California","CA","CA-508","Watsonville/Santa Cruz City & County CoC",2022,2023,68.5092776144796,71.7125928014159,-3.20331518693634
"separate_lasso_CA","min",6,2023,"California","CA","CA-510","Turlock, Modesto/Stanislaus County CoC",2022,2023,37.7124368077712,50.5212060070934,-12.8087691993222
"separate_lasso_CA","min",6,2023,"California","CA","CA-511","Stockton/San Joaquin County CoC",2022,2023,30.4445726408248,36.8954579625362,-6.45088532171141
"separate_lasso_CA","min",6,2023,"California","CA","CA-512","Daly City/San Mateo County CoC",2022,2023,25.3287353753462,37.8395425856885,-12.5108072103423
"separate_lasso_CA","min",6,2023,"California","CA","CA-513","Visalia/Kings, Tulare Counties CoC",2022,2023,23.1856444583944,21.6995491356595,1.48609532273491
"separate_lasso_CA","min",6,2023,"California","CA","CA-514","Fresno City & County/Madera County CoC",2022,2023,37.7900913085313,41.067634514986,-3.27754320645472
"separate_lasso_CA","min",6,2023,"California","CA","CA-515","Roseville, Rocklin/Placer County CoC",2022,2023,16.6747021954633,21.7506097992346,-5.07590760377128
"separate_lasso_CA","min",6,2023,"California","CA","CA-516","Redding/Shasta, Siskiyou, Lassen, Plumas, Del Norte, Modoc, Sierra Counties CoC",2022,2023,81.4394857133627,63.7520766485064,17.6874090648563
"separate_lasso_CA","min",6,2023,"California","CA","CA-517","Napa City & County CoC",2022,2023,37.8663154428713,41.6451045097367,-3.77878906686539
"separate_lasso_CA","min",6,2023,"California","CA","CA-518","Vallejo/Solano County CoC",2022,2023,26.5853156009278,33.883107095107,-7.29779149417915
"separate_lasso_CA","min",6,2023,"California","CA","CA-519","Chico, Paradise/Butte County CoC",2022,2023,59.6760032033037,70.2943281271408,-10.6183249238371
"separate_lasso_CA","min",6,2023,"California","CA","CA-520","Merced City & County CoC",2022,2023,26.6377637869115,43.0677985632632,-16.4300347763517
"separate_lasso_CA","min",6,2023,"California","CA","CA-521","Davis, Woodland/Yolo County CoC",2022,2023,33.203881745524,51.0736182179084,-17.8697364723844
"separate_lasso_CA","min",6,2023,"California","CA","CA-522","Humboldt County CoC",2022,2023,123.622682074711,90.8875434299825,32.7351386447285
"separate_lasso_CA","min",6,2023,"California","CA","CA-523","Colusa, Glenn, Trinity Counties CoC",2022,2023,54.619936276741,51.2052340133344,3.41470226340662
"separate_lasso_CA","min",6,2023,"California","CA","CA-524","Yuba City & County/Sutter County CoC",2022,2023,52.2228609234173,52.4770583558972,-0.254197432479884
"separate_lasso_CA","min",6,2023,"California","CA","CA-525","El Dorado County CoC",2022,2023,25.5609349783955,28.6947928403361,-3.13385786194061
"separate_lasso_CA","min",6,2023,"California","CA","CA-526","Amador, Calaveras, Mariposa, Tuolumne Counties CoC",2022,2023,45.8445174723428,55.7877930434779,-9.94327557113508
"separate_lasso_CA","min",6,2023,"California","CA","CA-527","Tehama County CoC",2022,2023,46.7347189767556,43.4860422328214,3.24867674393422
"separate_lasso_CA","min",6,2023,"California","CA","CA-529","Lake County CoC",2022,2023,67.6212036574251,73.9725194766212,-6.35131581919615
"separate_lasso_CA","min",6,2023,"California","CA","CA-530","Alpine, Inyo, Mono Counties CoC",2022,2023,26.9880700463091,61.8099430645594,-34.8218730182503
"separate_lasso_CA","min",6,2023,"California","CA","CA-531","Nevada County CoC",2022,2023,48.206937095826,68.9878852191526,-20.7809481233266
"separate_lasso_CA","min",6,2023,"California","CA","CA-600","Los Angeles City & County CoC",2022,2023,79.6603656143681,68.0524821166333,11.6078834977348
"separate_lasso_CA","min",6,2023,"California","CA","CA-601","San Diego City and County CoC",2022,2023,31.2952018089261,54.1452475252205,-22.8500457162944
"separate_lasso_CA","min",6,2023,"California","CA","CA-602","Santa Ana, Anaheim/Orange County CoC",2022,2023,19.2103681373341,31.166219574075,-11.9558514367409
"separate_lasso_CA","min",6,2023,"California","CA","CA-603","Santa Maria/Santa Barbara County CoC",2022,2023,42.6076707355073,59.796616857861,-17.1889461223537
"separate_lasso_CA","min",6,2023,"California","CA","CA-604","Bakersfield/Kern County CoC",2022,2023,21.2293169456375,50.0308917582354,-28.8015748125979
"separate_lasso_CA","min",6,2023,"California","CA","CA-606","Long Beach CoC",2022,2023,75.9489842939261,81.197963714677,-5.24897942075084
"separate_lasso_CA","min",6,2023,"California","CA","CA-607","Pasadena CoC",2022,2023,40.7525357747308,59.7403956148749,-18.9878598401441
"separate_lasso_CA","min",6,2023,"California","CA","CA-608","Riverside City & County CoC",2022,2023,14.8777310122209,22.116466193346,-7.23873518112509
"separate_lasso_CA","min",6,2023,"California","CA","CA-609","San Bernardino City & County CoC",2022,2023,19.0361146178301,24.3352793730427,-5.29916475521263
"separate_lasso_CA","min",6,2023,"California","CA","CA-611","Oxnard, San Buenaventura/Ventura County CoC",2022,2023,29.3364388375511,39.7572888545647,-10.4208500170136
"separate_lasso_CA","min",6,2023,"California","CA","CA-612","Glendale CoC",2022,2023,10.3028449062627,39.0962153268812,-28.7933704206185
"separate_lasso_CA","min",6,2023,"California","CA","CA-613","Imperial County CoC",2022,2023,72.1152515731973,42.9319596555342,29.1832919176631
"separate_lasso_CA","min",6,2023,"California","CA","CA-614","San Luis Obispo County CoC",2022,2023,54.2829302861192,51.9194949730284,2.36343531309083
"separate_lasso_CA","1se",6,2023,"California","CA","CA-500","San Jose/Santa Clara City & County CoC",2022,2023,52.3863758393167,38.4084506582519,13.9779251810648
"separate_lasso_CA","1se",6,2023,"California","CA","CA-501","San Francisco CoC",2022,2023,92.8113439895413,94.3320549323291,-1.52071094278777
"separate_lasso_CA","1se",6,2023,"California","CA","CA-502","Oakland, Berkeley/Alameda County CoC",2022,2023,59.7591630410488,61.1961167703153,-1.43695372926648
"separate_lasso_CA","1se",6,2023,"California","CA","CA-503","Sacramento City & County CoC",2022,2023,58.128428691055,46.4296116769272,11.6988170141278
"separate_lasso_CA","1se",6,2023,"California","CA","CA-504","Santa Rosa, Petaluma/Sonoma County CoC",2022,2023,46.8758080698379,59.397620850049,-12.5218127802111
"separate_lasso_CA","1se",6,2023,"California","CA","CA-505","Contra Costa County CoC",2022,2023,20.4139065865831,33.2878251179481,-12.873918531365
"separate_lasso_CA","1se",6,2023,"California","CA","CA-506","Salinas/Monterey, San Benito Counties CoC",2022,2023,44.0309410916966,52.8164745662895,-8.78553347459288
"separate_lasso_CA","1se",6,2023,"California","CA","CA-507","Marin County CoC",2022,2023,43.7671026412938,52.063022213663,-8.29591957236918
"separate_lasso_CA","1se",6,2023,"California","CA","CA-508","Watsonville/Santa Cruz City & County CoC",2022,2023,68.5092776144796,66.7655496927623,1.74372792171729
"separate_lasso_CA","1se",6,2023,"California","CA","CA-510","Turlock, Modesto/Stanislaus County CoC",2022,2023,37.7124368077712,51.4770043065986,-13.7645674988274
"separate_lasso_CA","1se",6,2023,"California","CA","CA-511","Stockton/San Joaquin County CoC",2022,2023,30.4445726408248,39.0678960789346,-8.62332343810981
"separate_lasso_CA","1se",6,2023,"California","CA","CA-512","Daly City/San Mateo County CoC",2022,2023,25.3287353753462,38.6618748280199,-13.3331394526737
"separate_lasso_CA","1se",6,2023,"California","CA","CA-513","Visalia/Kings, Tulare Counties CoC",2022,2023,23.1856444583944,25.5857098295461,-2.40006537115169
"separate_lasso_CA","1se",6,2023,"California","CA","CA-514","Fresno City & County/Madera County CoC",2022,2023,37.7900913085313,42.5787155160102,-4.78862420747893
"separate_lasso_CA","1se",6,2023,"California","CA","CA-515","Roseville, Rocklin/Placer County CoC",2022,2023,16.6747021954633,24.7923381137797,-8.11763591831639
"separate_lasso_CA","1se",6,2023,"California","CA","CA-516","Redding/Shasta, Siskiyou, Lassen, Plumas, Del Norte, Modoc, Sierra Counties CoC",2022,2023,81.4394857133627,68.8245064173994,12.6149792959633
"separate_lasso_CA","1se",6,2023,"California","CA","CA-517","Napa City & County CoC",2022,2023,37.8663154428713,39.7439302859189,-1.87761484304757
"separate_lasso_CA","1se",6,2023,"California","CA","CA-518","Vallejo/Solano County CoC",2022,2023,26.5853156009278,34.5664387996091,-7.98112319868133
"separate_lasso_CA","1se",6,2023,"California","CA","CA-519","Chico, Paradise/Butte County CoC",2022,2023,59.6760032033037,66.9395720805378,-7.26356887723406
"separate_lasso_CA","1se",6,2023,"California","CA","CA-520","Merced City & County CoC",2022,2023,26.6377637869115,45.8904854093188,-19.2527216224073
"separate_lasso_CA","1se",6,2023,"California","CA","CA-521","Davis, Woodland/Yolo County CoC",2022,2023,33.203881745524,50.1083847366787,-16.9045029911547
"separate_lasso_CA","1se",6,2023,"California","CA","CA-522","Humboldt County CoC",2022,2023,123.622682074711,83.1416117522049,40.4810703225061
"separate_lasso_CA","1se",6,2023,"California","CA","CA-523","Colusa, Glenn, Trinity Counties CoC",2022,2023,54.619936276741,56.6066133659259,-1.98667708918487
"separate_lasso_CA","1se",6,2023,"California","CA","CA-524","Yuba City & County/Sutter County CoC",2022,2023,52.2228609234173,53.8975930513137,-1.67473212789642
"separate_lasso_CA","1se",6,2023,"California","CA","CA-525","El Dorado County CoC",2022,2023,25.5609349783955,29.8080559470324,-4.24712096863693
"separate_lasso_CA","1se",6,2023,"California","CA","CA-526","Amador, Calaveras, Mariposa, Tuolumne Counties CoC",2022,2023,45.8445174723428,53.6764522415577,-7.83193476921492
"separate_lasso_CA","1se",6,2023,"California","CA","CA-527","Tehama County CoC",2022,2023,46.7347189767556,45.1998977115184,1.53482126523718
"separate_lasso_CA","1se",6,2023,"California","CA","CA-529","Lake County CoC",2022,2023,67.6212036574251,65.1427947635324,2.47840889389273
"separate_lasso_CA","1se",6,2023,"California","CA","CA-530","Alpine, Inyo, Mono Counties CoC",2022,2023,26.9880700463091,59.2897556916692,-32.3016856453601
"separate_lasso_CA","1se",6,2023,"California","CA","CA-531","Nevada County CoC",2022,2023,48.206937095826,62.8257615204025,-14.6188244245765
"separate_lasso_CA","1se",6,2023,"California","CA","CA-600","Los Angeles City & County CoC",2022,2023,79.6603656143681,63.251284948875,16.4090806654931
"separate_lasso_CA","1se",6,2023,"California","CA","CA-601","San Diego City and County CoC",2022,2023,31.2952018089261,50.2528822561134,-18.9576804471873
"separate_lasso_CA","1se",6,2023,"California","CA","CA-602","Santa Ana, Anaheim/Orange County CoC",2022,2023,19.2103681373341,35.0929034646831,-15.882535327349
"separate_lasso_CA","1se",6,2023,"California","CA","CA-603","Santa Maria/Santa Barbara County CoC",2022,2023,42.6076707355073,54.902370693797,-12.2946999582897
"separate_lasso_CA","1se",6,2023,"California","CA","CA-604","Bakersfield/Kern County CoC",2022,2023,21.2293169456375,45.5860537874685,-24.356736841831
"separate_lasso_CA","1se",6,2023,"California","CA","CA-606","Long Beach CoC",2022,2023,75.9489842939261,78.2325153349671,-2.28353104104104
"separate_lasso_CA","1se",6,2023,"California","CA","CA-607","Pasadena CoC",2022,2023,40.7525357747308,54.6364469492186,-13.8839111744878
"separate_lasso_CA","1se",6,2023,"California","CA","CA-608","Riverside City & County CoC",2022,2023,14.8777310122209,24.0646134890584,-9.18688247683746
"separate_lasso_CA","1se",6,2023,"California","CA","CA-609","San Bernardino City & County CoC",2022,2023,19.0361146178301,25.130058455267,-6.09394383743694
"separate_lasso_CA","1se",6,2023,"California","CA","CA-611","Oxnard, San Buenaventura/Ventura County CoC",2022,2023,29.3364388375511,39.2527926717335,-9.91635383418243
"separate_lasso_CA","1se",6,2023,"California","CA","CA-612","Glendale CoC",2022,2023,10.3028449062627,39.7538406019357,-29.450995695673
"separate_lasso_CA","1se",6,2023,"California","CA","CA-613","Imperial County CoC",2022,2023,72.1152515731973,43.7076388465516,28.4076127266457
"separate_lasso_CA","1se",6,2023,"California","CA","CA-614","San Luis Obispo County CoC",2022,2023,54.2829302861192,47.3407031478089,6.94222713831027
"separate_lasso_FL","min",6,2023,"Florida","FL","FL-500","Sarasota, Bradenton/Manatee, Sarasota Counties CoC",2022,2023,12.5336911066377,1.23995980670284,11.2937312999349
"separate_lasso_FL","min",6,2023,"Florida","FL","FL-501","Tampa/Hillsborough County CoC",2022,2023,13.1066988080614,-1.09456750800158,14.201266316063
"separate_lasso_FL","min",6,2023,"Florida","FL","FL-502","St. Petersburg, Clearwater, Largo/Pinellas County CoC",2022,2023,22.2005233276348,13.269835903701,8.93068742393383
"separate_lasso_FL","min",6,2023,"Florida","FL","FL-503","Lakeland/Polk County CoC",2022,2023,9.40840985749169,-0.594761477440878,10.0031713349326
"separate_lasso_FL","min",6,2023,"Florida","FL","FL-504","Deltona, Daytona Beach/Volusia, Flagler Counties CoC",2022,2023,14.5486398472462,4.28196042405207,10.2666794231941
"separate_lasso_FL","min",6,2023,"Florida","FL","FL-505","Fort Walton Beach/Okaloosa, Walton Counties CoC",2022,2023,12.8960221485099,12.423672621992,0.472349526517943
"separate_lasso_FL","min",6,2023,"Florida","FL","FL-506","Tallahassee/Leon County CoC",2022,2023,17.5052373804426,10.3934229756908,7.11181440475182
"separate_lasso_FL","min",6,2023,"Florida","FL","FL-507","Orlando/Orange, Osceola, Seminole Counties CoC",2022,2023,9.26473762082523,-7.02697658094382,16.291714201769
"separate_lasso_FL","min",6,2023,"Florida","FL","FL-508","Gainesville/Alachua, Putnam Counties CoC",2022,2023,20.8237295206089,17.8870857299521,2.93664379065682
"separate_lasso_FL","min",6,2023,"Florida","FL","FL-509","Fort Pierce/St. Lucie, Indian River, Martin Counties CoC",2022,2023,12.9891102108449,2.96290033555503,10.0262098752899
"separate_lasso_FL","min",6,2023,"Florida","FL","FL-510","Jacksonville-Duval, Clay Counties CoC",2022,2023,8.96670800205119,-2.31664876889188,11.2833567709431
"separate_lasso_FL","min",6,2023,"Florida","FL","FL-511","Pensacola/Escambia, Santa Rosa Counties CoC",2022,2023,22.1612891109191,6.6140600453922,15.5472290655269
"separate_lasso_FL","min",6,2023,"Florida","FL","FL-512","St. Johns County CoC",2022,2023,13.553344092923,8.02031535609987,5.53302873682313
"separate_lasso_FL","min",6,2023,"Florida","FL","FL-513","Palm Bay, Melbourne/Brevard County CoC",2022,2023,16.2844515994211,5.04258007256087,11.2418715268602
"separate_lasso_FL","min",6,2023,"Florida","FL","FL-514","Ocala/Marion County CoC",2022,2023,11.011399466408,9.81517617973698,1.19622328667102
"separate_lasso_FL","min",6,2023,"Florida","FL","FL-515","Panama City/Bay, Jackson Counties CoC",2022,2023,16.3420902070736,6.03862415709098,10.3034660499826
"separate_lasso_FL","min",6,2023,"Florida","FL","FL-517","Hendry, Hardee, Highlands Counties CoC",2022,2023,37.7252001366425,8.35117140729309,29.3740287293494
"separate_lasso_FL","min",6,2023,"Florida","FL","FL-519","Pasco County CoC",2022,2023,10.7094878187451,6.10759655929853,4.60189125944656
"separate_lasso_FL","min",6,2023,"Florida","FL","FL-520","Citrus, Hernando, Lake, Sumter Counties CoC",2022,2023,6.7730455745609,-3.31335679590461,10.0864023704655
"separate_lasso_FL","min",6,2023,"Florida","FL","FL-600","Miami-Dade County CoC",2022,2023,13.0910528005796,-0.456664779788103,13.5477175803677
"separate_lasso_FL","min",6,2023,"Florida","FL","FL-601","Ft Lauderdale/Broward County CoC",2022,2023,12.4347450877257,-5.47419697236585,17.9089420600915
"separate_lasso_FL","min",6,2023,"Florida","FL","FL-602","Charlotte County CoC",2022,2023,20.6465713152881,14.8539286189686,5.79264269631948
"separate_lasso_FL","min",6,2023,"Florida","FL","FL-603","Ft Myers, Cape Coral/Lee County CoC",2022,2023,10.1876200325011,-0.643957228698145,10.8315772611992
"separate_lasso_FL","min",6,2023,"Florida","FL","FL-604","Monroe County CoC",2022,2023,59.6166636435093,50.2095971795152,9.40706646399409
"separate_lasso_FL","min",6,2023,"Florida","FL","FL-605","West Palm Beach/Palm Beach County CoC",2022,2023,11.8883736192183,-2.06484870491336,13.9532223241317
"separate_lasso_FL","min",6,2023,"Florida","FL","FL-606","Naples/Collier County CoC",2022,2023,17.0865385783903,7.69256994551415,9.39396863287615
"separate_lasso_FL","1se",6,2023,"Florida","FL","FL-500","Sarasota, Bradenton/Manatee, Sarasota Counties CoC",2022,2023,12.5336911066377,5.20554142141976,7.32814968521794
"separate_lasso_FL","1se",6,2023,"Florida","FL","FL-501","Tampa/Hillsborough County CoC",2022,2023,13.1066988080614,1.50548587169003,11.6012129363714
"separate_lasso_FL","1se",6,2023,"Florida","FL","FL-502","St. Petersburg, Clearwater, Largo/Pinellas County CoC",2022,2023,22.2005233276348,9.65501486521897,12.5455084624158
"separate_lasso_FL","1se",6,2023,"Florida","FL","FL-503","Lakeland/Polk County CoC",2022,2023,9.40840985749169,4.98075785427224,4.42765200321945
"separate_lasso_FL","1se",6,2023,"Florida","FL","FL-504","Deltona, Daytona Beach/Volusia, Flagler Counties CoC",2022,2023,14.5486398472462,6.4268020143768,8.1218378328694
"separate_lasso_FL","1se",6,2023,"Florida","FL","FL-505","Fort Walton Beach/Okaloosa, Walton Counties CoC",2022,2023,12.8960221485099,10.5869131151709,2.30910903333902
"separate_lasso_FL","1se",6,2023,"Florida","FL","FL-506","Tallahassee/Leon County CoC",2022,2023,17.5052373804426,11.0039150659226,6.50132231451998
"separate_lasso_FL","1se",6,2023,"Florida","FL","FL-507","Orlando/Orange, Osceola, Seminole Counties CoC",2022,2023,9.26473762082523,-0.409899362638717,9.67463698346395
"separate_lasso_FL","1se",6,2023,"Florida","FL","FL-508","Gainesville/Alachua, Putnam Counties CoC",2022,2023,20.8237295206089,11.5249381161115,9.29879140449735
"separate_lasso_FL","1se",6,2023,"Florida","FL","FL-509","Fort Pierce/St. Lucie, Indian River, Martin Counties CoC",2022,2023,12.9891102108449,4.38892118516892,8.60018902567598
"separate_lasso_FL","1se",6,2023,"Florida","FL","FL-510","Jacksonville-Duval, Clay Counties CoC",2022,2023,8.96670800205119,2.90629872718641,6.06040927486478
"separate_lasso_FL","1se",6,2023,"Florida","FL","FL-511","Pensacola/Escambia, Santa Rosa Counties CoC",2022,2023,22.1612891109191,9.00727520272224,13.1540139081969
"separate_lasso_FL","1se",6,2023,"Florida","FL","FL-512","St. Johns County CoC",2022,2023,13.553344092923,9.67674723847683,3.87659685444617
"separate_lasso_FL","1se",6,2023,"Florida","FL","FL-513","Palm Bay, Melbourne/Brevard County CoC",2022,2023,16.2844515994211,7.08048968979935,9.20396190962175
"separate_lasso_FL","1se",6,2023,"Florida","FL","FL-514","Ocala/Marion County CoC",2022,2023,11.011399466408,10.200746103337,0.810653363070973
"separate_lasso_FL","1se",6,2023,"Florida","FL","FL-515","Panama City/Bay, Jackson Counties CoC",2022,2023,16.3420902070736,8.67867081314397,7.66341939392963
"separate_lasso_FL","1se",6,2023,"Florida","FL","FL-517","Hendry, Hardee, Highlands Counties CoC",2022,2023,37.7252001366425,9.53143346762155,28.1937666690209
"separate_lasso_FL","1se",6,2023,"Florida","FL","FL-519","Pasco County CoC",2022,2023,10.7094878187451,6.58996665515272,4.11952116359238
"separate_lasso_FL","1se",6,2023,"Florida","FL","FL-520","Citrus, Hernando, Lake, Sumter Counties CoC",2022,2023,6.7730455745609,2.41672357047178,4.35632200408912
"separate_lasso_FL","1se",6,2023,"Florida","FL","FL-600","Miami-Dade County CoC",2022,2023,13.0910528005796,0.528590656941503,12.5624621436381
"separate_lasso_FL","1se",6,2023,"Florida","FL","FL-601","Ft Lauderdale/Broward County CoC",2022,2023,12.4347450877257,-0.533404206016323,12.968149293742
"separate_lasso_FL","1se",6,2023,"Florida","FL","FL-602","Charlotte County CoC",2022,2023,20.6465713152881,12.7331823764984,7.91338893878966
"separate_lasso_FL","1se",6,2023,"Florida","FL","FL-603","Ft Myers, Cape Coral/Lee County CoC",2022,2023,10.1876200325011,3.27354236582697,6.91407766667413
"separate_lasso_FL","1se",6,2023,"Florida","FL","FL-604","Monroe County CoC",2022,2023,59.6166636435093,34.9409998042729,24.6756638392364
"separate_lasso_FL","1se",6,2023,"Florida","FL","FL-605","West Palm Beach/Palm Beach County CoC",2022,2023,11.8883736192183,0.766910389344613,11.1214632298737
"separate_lasso_FL","1se",6,2023,"Florida","FL","FL-606","Naples/Collier County CoC",2022,2023,17.0865385783903,9.0937486949201,7.9927898834702
"separate_state_lasso","min",6,2023,"California","CA","CA-500","San Jose/Santa Clara City & County CoC",2022,2023,52.3863758393167,37.3659278370995,15.0204480022172
"separate_state_lasso","min",6,2023,"California","CA","CA-501","San Francisco CoC",2022,2023,92.8113439895413,90.1549832999154,2.65636068962587
"separate_state_lasso","min",6,2023,"California","CA","CA-502","Oakland, Berkeley/Alameda County CoC",2022,2023,59.7591630410488,62.559040517474,-2.79987747642517
"separate_state_lasso","min",6,2023,"California","CA","CA-503","Sacramento City & County CoC",2022,2023,58.128428691055,46.9927111651711,11.1357175258839
"separate_state_lasso","min",6,2023,"California","CA","CA-504","Santa Rosa, Petaluma/Sonoma County CoC",2022,2023,46.8758080698379,63.854131678574,-16.9783236087361
"separate_state_lasso","min",6,2023,"California","CA","CA-505","Contra Costa County CoC",2022,2023,20.4139065865831,30.8806010006631,-10.46669441408
"separate_state_lasso","min",6,2023,"California","CA","CA-506","Salinas/Monterey, San Benito Counties CoC",2022,2023,44.0309410916966,54.1986304111174,-10.1676893194208
"separate_state_lasso","min",6,2023,"California","CA","CA-507","Marin County CoC",2022,2023,43.7671026412938,57.8699859693762,-14.1028833280823
"separate_state_lasso","min",6,2023,"California","CA","CA-508","Watsonville/Santa Cruz City & County CoC",2022,2023,68.5092776144796,71.7125928014159,-3.20331518693634
"separate_state_lasso","min",6,2023,"California","CA","CA-510","Turlock, Modesto/Stanislaus County CoC",2022,2023,37.7124368077712,50.5212060070934,-12.8087691993222
"separate_state_lasso","min",6,2023,"California","CA","CA-511","Stockton/San Joaquin County CoC",2022,2023,30.4445726408248,36.8954579625362,-6.45088532171141
"separate_state_lasso","min",6,2023,"California","CA","CA-512","Daly City/San Mateo County CoC",2022,2023,25.3287353753462,37.8395425856885,-12.5108072103423
"separate_state_lasso","min",6,2023,"California","CA","CA-513","Visalia/Kings, Tulare Counties CoC",2022,2023,23.1856444583944,21.6995491356595,1.48609532273491
"separate_state_lasso","min",6,2023,"California","CA","CA-514","Fresno City & County/Madera County CoC",2022,2023,37.7900913085313,41.067634514986,-3.27754320645472
"separate_state_lasso","min",6,2023,"California","CA","CA-515","Roseville, Rocklin/Placer County CoC",2022,2023,16.6747021954633,21.7506097992346,-5.07590760377128
"separate_state_lasso","min",6,2023,"California","CA","CA-516","Redding/Shasta, Siskiyou, Lassen, Plumas, Del Norte, Modoc, Sierra Counties CoC",2022,2023,81.4394857133627,63.7520766485064,17.6874090648563
"separate_state_lasso","min",6,2023,"California","CA","CA-517","Napa City & County CoC",2022,2023,37.8663154428713,41.6451045097367,-3.77878906686539
"separate_state_lasso","min",6,2023,"California","CA","CA-518","Vallejo/Solano County CoC",2022,2023,26.5853156009278,33.883107095107,-7.29779149417915
"separate_state_lasso","min",6,2023,"California","CA","CA-519","Chico, Paradise/Butte County CoC",2022,2023,59.6760032033037,70.2943281271408,-10.6183249238371
"separate_state_lasso","min",6,2023,"California","CA","CA-520","Merced City & County CoC",2022,2023,26.6377637869115,43.0677985632632,-16.4300347763517
"separate_state_lasso","min",6,2023,"California","CA","CA-521","Davis, Woodland/Yolo County CoC",2022,2023,33.203881745524,51.0736182179084,-17.8697364723844
"separate_state_lasso","min",6,2023,"California","CA","CA-522","Humboldt County CoC",2022,2023,123.622682074711,90.8875434299825,32.7351386447285
"separate_state_lasso","min",6,2023,"California","CA","CA-523","Colusa, Glenn, Trinity Counties CoC",2022,2023,54.619936276741,51.2052340133344,3.41470226340662
"separate_state_lasso","min",6,2023,"California","CA","CA-524","Yuba City & County/Sutter County CoC",2022,2023,52.2228609234173,52.4770583558972,-0.254197432479884
"separate_state_lasso","min",6,2023,"California","CA","CA-525","El Dorado County CoC",2022,2023,25.5609349783955,28.6947928403361,-3.13385786194061
"separate_state_lasso","min",6,2023,"California","CA","CA-526","Amador, Calaveras, Mariposa, Tuolumne Counties CoC",2022,2023,45.8445174723428,55.7877930434779,-9.94327557113508
"separate_state_lasso","min",6,2023,"California","CA","CA-527","Tehama County CoC",2022,2023,46.7347189767556,43.4860422328214,3.24867674393422
"separate_state_lasso","min",6,2023,"California","CA","CA-529","Lake County CoC",2022,2023,67.6212036574251,73.9725194766212,-6.35131581919615
"separate_state_lasso","min",6,2023,"California","CA","CA-530","Alpine, Inyo, Mono Counties CoC",2022,2023,26.9880700463091,61.8099430645594,-34.8218730182503
"separate_state_lasso","min",6,2023,"California","CA","CA-531","Nevada County CoC",2022,2023,48.206937095826,68.9878852191526,-20.7809481233266
"separate_state_lasso","min",6,2023,"California","CA","CA-600","Los Angeles City & County CoC",2022,2023,79.6603656143681,68.0524821166333,11.6078834977348
"separate_state_lasso","min",6,2023,"California","CA","CA-601","San Diego City and County CoC",2022,2023,31.2952018089261,54.1452475252205,-22.8500457162944
"separate_state_lasso","min",6,2023,"California","CA","CA-602","Santa Ana, Anaheim/Orange County CoC",2022,2023,19.2103681373341,31.166219574075,-11.9558514367409
"separate_state_lasso","min",6,2023,"California","CA","CA-603","Santa Maria/Santa Barbara County CoC",2022,2023,42.6076707355073,59.796616857861,-17.1889461223537
"separate_state_lasso","min",6,2023,"California","CA","CA-604","Bakersfield/Kern County CoC",2022,2023,21.2293169456375,50.0308917582354,-28.8015748125979
"separate_state_lasso","min",6,2023,"California","CA","CA-606","Long Beach CoC",2022,2023,75.9489842939261,81.197963714677,-5.24897942075084
"separate_state_lasso","min",6,2023,"California","CA","CA-607","Pasadena CoC",2022,2023,40.7525357747308,59.7403956148749,-18.9878598401441
"separate_state_lasso","min",6,2023,"California","CA","CA-608","Riverside City & County CoC",2022,2023,14.8777310122209,22.116466193346,-7.23873518112509
"separate_state_lasso","min",6,2023,"California","CA","CA-609","San Bernardino City & County CoC",2022,2023,19.0361146178301,24.3352793730427,-5.29916475521263
"separate_state_lasso","min",6,2023,"California","CA","CA-611","Oxnard, San Buenaventura/Ventura County CoC",2022,2023,29.3364388375511,39.7572888545647,-10.4208500170136
"separate_state_lasso","min",6,2023,"California","CA","CA-612","Glendale CoC",2022,2023,10.3028449062627,39.0962153268812,-28.7933704206185
"separate_state_lasso","min",6,2023,"California","CA","CA-613","Imperial County CoC",2022,2023,72.1152515731973,42.9319596555342,29.1832919176631
"separate_state_lasso","min",6,2023,"California","CA","CA-614","San Luis Obispo County CoC",2022,2023,54.2829302861192,51.9194949730284,2.36343531309083
"separate_state_lasso","min",6,2023,"Florida","FL","FL-500","Sarasota, Bradenton/Manatee, Sarasota Counties CoC",2022,2023,12.5336911066377,1.23995980670284,11.2937312999349
"separate_state_lasso","min",6,2023,"Florida","FL","FL-501","Tampa/Hillsborough County CoC",2022,2023,13.1066988080614,-1.09456750800158,14.201266316063
"separate_state_lasso","min",6,2023,"Florida","FL","FL-502","St. Petersburg, Clearwater, Largo/Pinellas County CoC",2022,2023,22.2005233276348,13.269835903701,8.93068742393383
"separate_state_lasso","min",6,2023,"Florida","FL","FL-503","Lakeland/Polk County CoC",2022,2023,9.40840985749169,-0.594761477440878,10.0031713349326
"separate_state_lasso","min",6,2023,"Florida","FL","FL-504","Deltona, Daytona Beach/Volusia, Flagler Counties CoC",2022,2023,14.5486398472462,4.28196042405207,10.2666794231941
"separate_state_lasso","min",6,2023,"Florida","FL","FL-505","Fort Walton Beach/Okaloosa, Walton Counties CoC",2022,2023,12.8960221485099,12.423672621992,0.472349526517943
"separate_state_lasso","min",6,2023,"Florida","FL","FL-506","Tallahassee/Leon County CoC",2022,2023,17.5052373804426,10.3934229756908,7.11181440475182
"separate_state_lasso","min",6,2023,"Florida","FL","FL-507","Orlando/Orange, Osceola, Seminole Counties CoC",2022,2023,9.26473762082523,-7.02697658094382,16.291714201769
"separate_state_lasso","min",6,2023,"Florida","FL","FL-508","Gainesville/Alachua, Putnam Counties CoC",2022,2023,20.8237295206089,17.8870857299521,2.93664379065682
"separate_state_lasso","min",6,2023,"Florida","FL","FL-509","Fort Pierce/St. Lucie, Indian River, Martin Counties CoC",2022,2023,12.9891102108449,2.96290033555503,10.0262098752899
"separate_state_lasso","min",6,2023,"Florida","FL","FL-510","Jacksonville-Duval, Clay Counties CoC",2022,2023,8.96670800205119,-2.31664876889188,11.2833567709431
"separate_state_lasso","min",6,2023,"Florida","FL","FL-511","Pensacola/Escambia, Santa Rosa Counties CoC",2022,2023,22.1612891109191,6.6140600453922,15.5472290655269
"separate_state_lasso","min",6,2023,"Florida","FL","FL-512","St. Johns County CoC",2022,2023,13.553344092923,8.02031535609987,5.53302873682313
"separate_state_lasso","min",6,2023,"Florida","FL","FL-513","Palm Bay, Melbourne/Brevard County CoC",2022,2023,16.2844515994211,5.04258007256087,11.2418715268602
"separate_state_lasso","min",6,2023,"Florida","FL","FL-514","Ocala/Marion County CoC",2022,2023,11.011399466408,9.81517617973698,1.19622328667102
"separate_state_lasso","min",6,2023,"Florida","FL","FL-515","Panama City/Bay, Jackson Counties CoC",2022,2023,16.3420902070736,6.03862415709098,10.3034660499826
"separate_state_lasso","min",6,2023,"Florida","FL","FL-517","Hendry, Hardee, Highlands Counties CoC",2022,2023,37.7252001366425,8.35117140729309,29.3740287293494
"separate_state_lasso","min",6,2023,"Florida","FL","FL-519","Pasco County CoC",2022,2023,10.7094878187451,6.10759655929853,4.60189125944656
"separate_state_lasso","min",6,2023,"Florida","FL","FL-520","Citrus, Hernando, Lake, Sumter Counties CoC",2022,2023,6.7730455745609,-3.31335679590461,10.0864023704655
"separate_state_lasso","min",6,2023,"Florida","FL","FL-600","Miami-Dade County CoC",2022,2023,13.0910528005796,-0.456664779788103,13.5477175803677
"separate_state_lasso","min",6,2023,"Florida","FL","FL-601","Ft Lauderdale/Broward County CoC",2022,2023,12.4347450877257,-5.47419697236585,17.9089420600915
"separate_state_lasso","min",6,2023,"Florida","FL","FL-602","Charlotte County CoC",2022,2023,20.6465713152881,14.8539286189686,5.79264269631948
"separate_state_lasso","min",6,2023,"Florida","FL","FL-603","Ft Myers, Cape Coral/Lee County CoC",2022,2023,10.1876200325011,-0.643957228698145,10.8315772611992
"separate_state_lasso","min",6,2023,"Florida","FL","FL-604","Monroe County CoC",2022,2023,59.6166636435093,50.2095971795152,9.40706646399409
"separate_state_lasso","min",6,2023,"Florida","FL","FL-605","West Palm Beach/Palm Beach County CoC",2022,2023,11.8883736192183,-2.06484870491336,13.9532223241317
"separate_state_lasso","min",6,2023,"Florida","FL","FL-606","Naples/Collier County CoC",2022,2023,17.0865385783903,7.69256994551415,9.39396863287615
"separate_state_lasso","1se",6,2023,"California","CA","CA-500","San Jose/Santa Clara City & County CoC",2022,2023,52.3863758393167,38.4084506582519,13.9779251810648
"separate_state_lasso","1se",6,2023,"California","CA","CA-501","San Francisco CoC",2022,2023,92.8113439895413,94.3320549323291,-1.52071094278777
"separate_state_lasso","1se",6,2023,"California","CA","CA-502","Oakland, Berkeley/Alameda County CoC",2022,2023,59.7591630410488,61.1961167703153,-1.43695372926648
"separate_state_lasso","1se",6,2023,"California","CA","CA-503","Sacramento City & County CoC",2022,2023,58.128428691055,46.4296116769272,11.6988170141278
"separate_state_lasso","1se",6,2023,"California","CA","CA-504","Santa Rosa, Petaluma/Sonoma County CoC",2022,2023,46.8758080698379,59.397620850049,-12.5218127802111
"separate_state_lasso","1se",6,2023,"California","CA","CA-505","Contra Costa County CoC",2022,2023,20.4139065865831,33.2878251179481,-12.873918531365
"separate_state_lasso","1se",6,2023,"California","CA","CA-506","Salinas/Monterey, San Benito Counties CoC",2022,2023,44.0309410916966,52.8164745662895,-8.78553347459288
"separate_state_lasso","1se",6,2023,"California","CA","CA-507","Marin County CoC",2022,2023,43.7671026412938,52.063022213663,-8.29591957236918
"separate_state_lasso","1se",6,2023,"California","CA","CA-508","Watsonville/Santa Cruz City & County CoC",2022,2023,68.5092776144796,66.7655496927623,1.74372792171729
"separate_state_lasso","1se",6,2023,"California","CA","CA-510","Turlock, Modesto/Stanislaus County CoC",2022,2023,37.7124368077712,51.4770043065986,-13.7645674988274
"separate_state_lasso","1se",6,2023,"California","CA","CA-511","Stockton/San Joaquin County CoC",2022,2023,30.4445726408248,39.0678960789346,-8.62332343810981
"separate_state_lasso","1se",6,2023,"California","CA","CA-512","Daly City/San Mateo County CoC",2022,2023,25.3287353753462,38.6618748280199,-13.3331394526737
"separate_state_lasso","1se",6,2023,"California","CA","CA-513","Visalia/Kings, Tulare Counties CoC",2022,2023,23.1856444583944,25.5857098295461,-2.40006537115169
"separate_state_lasso","1se",6,2023,"California","CA","CA-514","Fresno City & County/Madera County CoC",2022,2023,37.7900913085313,42.5787155160102,-4.78862420747893
"separate_state_lasso","1se",6,2023,"California","CA","CA-515","Roseville, Rocklin/Placer County CoC",2022,2023,16.6747021954633,24.7923381137797,-8.11763591831639
"separate_state_lasso","1se",6,2023,"California","CA","CA-516","Redding/Shasta, Siskiyou, Lassen, Plumas, Del Norte, Modoc, Sierra Counties CoC",2022,2023,81.4394857133627,68.8245064173994,12.6149792959633
"separate_state_lasso","1se",6,2023,"California","CA","CA-517","Napa City & County CoC",2022,2023,37.8663154428713,39.7439302859189,-1.87761484304757
"separate_state_lasso","1se",6,2023,"California","CA","CA-518","Vallejo/Solano County CoC",2022,2023,26.5853156009278,34.5664387996091,-7.98112319868133
"separate_state_lasso","1se",6,2023,"California","CA","CA-519","Chico, Paradise/Butte County CoC",2022,2023,59.6760032033037,66.9395720805378,-7.26356887723406
"separate_state_lasso","1se",6,2023,"California","CA","CA-520","Merced City & County CoC",2022,2023,26.6377637869115,45.8904854093188,-19.2527216224073
"separate_state_lasso","1se",6,2023,"California","CA","CA-521","Davis, Woodland/Yolo County CoC",2022,2023,33.203881745524,50.1083847366787,-16.9045029911547
"separate_state_lasso","1se",6,2023,"California","CA","CA-522","Humboldt County CoC",2022,2023,123.622682074711,83.1416117522049,40.4810703225061
"separate_state_lasso","1se",6,2023,"California","CA","CA-523","Colusa, Glenn, Trinity Counties CoC",2022,2023,54.619936276741,56.6066133659259,-1.98667708918487
"separate_state_lasso","1se",6,2023,"California","CA","CA-524","Yuba City & County/Sutter County CoC",2022,2023,52.2228609234173,53.8975930513137,-1.67473212789642
"separate_state_lasso","1se",6,2023,"California","CA","CA-525","El Dorado County CoC",2022,2023,25.5609349783955,29.8080559470324,-4.24712096863693
"separate_state_lasso","1se",6,2023,"California","CA","CA-526","Amador, Calaveras, Mariposa, Tuolumne Counties CoC",2022,2023,45.8445174723428,53.6764522415577,-7.83193476921492
"separate_state_lasso","1se",6,2023,"California","CA","CA-527","Tehama County CoC",2022,2023,46.7347189767556,45.1998977115184,1.53482126523718
"separate_state_lasso","1se",6,2023,"California","CA","CA-529","Lake County CoC",2022,2023,67.6212036574251,65.1427947635324,2.47840889389273
"separate_state_lasso","1se",6,2023,"California","CA","CA-530","Alpine, Inyo, Mono Counties CoC",2022,2023,26.9880700463091,59.2897556916692,-32.3016856453601
"separate_state_lasso","1se",6,2023,"California","CA","CA-531","Nevada County CoC",2022,2023,48.206937095826,62.8257615204025,-14.6188244245765
"separate_state_lasso","1se",6,2023,"California","CA","CA-600","Los Angeles City & County CoC",2022,2023,79.6603656143681,63.251284948875,16.4090806654931
"separate_state_lasso","1se",6,2023,"California","CA","CA-601","San Diego City and County CoC",2022,2023,31.2952018089261,50.2528822561134,-18.9576804471873
"separate_state_lasso","1se",6,2023,"California","CA","CA-602","Santa Ana, Anaheim/Orange County CoC",2022,2023,19.2103681373341,35.0929034646831,-15.882535327349
"separate_state_lasso","1se",6,2023,"California","CA","CA-603","Santa Maria/Santa Barbara County CoC",2022,2023,42.6076707355073,54.902370693797,-12.2946999582897
"separate_state_lasso","1se",6,2023,"California","CA","CA-604","Bakersfield/Kern County CoC",2022,2023,21.2293169456375,45.5860537874685,-24.356736841831
"separate_state_lasso","1se",6,2023,"California","CA","CA-606","Long Beach CoC",2022,2023,75.9489842939261,78.2325153349671,-2.28353104104104
"separate_state_lasso","1se",6,2023,"California","CA","CA-607","Pasadena CoC",2022,2023,40.7525357747308,54.6364469492186,-13.8839111744878
"separate_state_lasso","1se",6,2023,"California","CA","CA-608","Riverside City & County CoC",2022,2023,14.8777310122209,24.0646134890584,-9.18688247683746
"separate_state_lasso","1se",6,2023,"California","CA","CA-609","San Bernardino City & County CoC",2022,2023,19.0361146178301,25.130058455267,-6.09394383743694
"separate_state_lasso","1se",6,2023,"California","CA","CA-611","Oxnard, San Buenaventura/Ventura County CoC",2022,2023,29.3364388375511,39.2527926717335,-9.91635383418243
"separate_state_lasso","1se",6,2023,"California","CA","CA-612","Glendale CoC",2022,2023,10.3028449062627,39.7538406019357,-29.450995695673
"separate_state_lasso","1se",6,2023,"California","CA","CA-613","Imperial County CoC",2022,2023,72.1152515731973,43.7076388465516,28.4076127266457
"separate_state_lasso","1se",6,2023,"California","CA","CA-614","San Luis Obispo County CoC",2022,2023,54.2829302861192,47.3407031478089,6.94222713831027
"separate_state_lasso","1se",6,2023,"Florida","FL","FL-500","Sarasota, Bradenton/Manatee, Sarasota Counties CoC",2022,2023,12.5336911066377,5.20554142141976,7.32814968521794
"separate_state_lasso","1se",6,2023,"Florida","FL","FL-501","Tampa/Hillsborough County CoC",2022,2023,13.1066988080614,1.50548587169003,11.6012129363714
"separate_state_lasso","1se",6,2023,"Florida","FL","FL-502","St. Petersburg, Clearwater, Largo/Pinellas County CoC",2022,2023,22.2005233276348,9.65501486521897,12.5455084624158
"separate_state_lasso","1se",6,2023,"Florida","FL","FL-503","Lakeland/Polk County CoC",2022,2023,9.40840985749169,4.98075785427224,4.42765200321945
"separate_state_lasso","1se",6,2023,"Florida","FL","FL-504","Deltona, Daytona Beach/Volusia, Flagler Counties CoC",2022,2023,14.5486398472462,6.4268020143768,8.1218378328694
"separate_state_lasso","1se",6,2023,"Florida","FL","FL-505","Fort Walton Beach/Okaloosa, Walton Counties CoC",2022,2023,12.8960221485099,10.5869131151709,2.30910903333902
"separate_state_lasso","1se",6,2023,"Florida","FL","FL-506","Tallahassee/Leon County CoC",2022,2023,17.5052373804426,11.0039150659226,6.50132231451998
"separate_state_lasso","1se",6,2023,"Florida","FL","FL-507","Orlando/Orange, Osceola, Seminole Counties CoC",2022,2023,9.26473762082523,-0.409899362638717,9.67463698346395
"separate_state_lasso","1se",6,2023,"Florida","FL","FL-508","Gainesville/Alachua, Putnam Counties CoC",2022,2023,20.8237295206089,11.5249381161115,9.29879140449735
"separate_state_lasso","1se",6,2023,"Florida","FL","FL-509","Fort Pierce/St. Lucie, Indian River, Martin Counties CoC",2022,2023,12.9891102108449,4.38892118516892,8.60018902567598
"separate_state_lasso","1se",6,2023,"Florida","FL","FL-510","Jacksonville-Duval, Clay Counties CoC",2022,2023,8.96670800205119,2.90629872718641,6.06040927486478
"separate_state_lasso","1se",6,2023,"Florida","FL","FL-511","Pensacola/Escambia, Santa Rosa Counties CoC",2022,2023,22.1612891109191,9.00727520272224,13.1540139081969
"separate_state_lasso","1se",6,2023,"Florida","FL","FL-512","St. Johns County CoC",2022,2023,13.553344092923,9.67674723847683,3.87659685444617
"separate_state_lasso","1se",6,2023,"Florida","FL","FL-513","Palm Bay, Melbourne/Brevard County CoC",2022,2023,16.2844515994211,7.08048968979935,9.20396190962175
"separate_state_lasso","1se",6,2023,"Florida","FL","FL-514","Ocala/Marion County CoC",2022,2023,11.011399466408,10.200746103337,0.810653363070973
"separate_state_lasso","1se",6,2023,"Florida","FL","FL-515","Panama City/Bay, Jackson Counties CoC",2022,2023,16.3420902070736,8.67867081314397,7.66341939392963
"separate_state_lasso","1se",6,2023,"Florida","FL","FL-517","Hendry, Hardee, Highlands Counties CoC",2022,2023,37.7252001366425,9.53143346762155,28.1937666690209
"separate_state_lasso","1se",6,2023,"Florida","FL","FL-519","Pasco County CoC",2022,2023,10.7094878187451,6.58996665515272,4.11952116359238
"separate_state_lasso","1se",6,2023,"Florida","FL","FL-520","Citrus, Hernando, Lake, Sumter Counties CoC",2022,2023,6.7730455745609,2.41672357047178,4.35632200408912
"separate_state_lasso","1se",6,2023,"Florida","FL","FL-600","Miami-Dade County CoC",2022,2023,13.0910528005796,0.528590656941503,12.5624621436381
"separate_state_lasso","1se",6,2023,"Florida","FL","FL-601","Ft Lauderdale/Broward County CoC",2022,2023,12.4347450877257,-0.533404206016323,12.968149293742
"separate_state_lasso","1se",6,2023,"Florida","FL","FL-602","Charlotte County CoC",2022,2023,20.6465713152881,12.7331823764984,7.91338893878966
"separate_state_lasso","1se",6,2023,"Florida","FL","FL-603","Ft Myers, Cape Coral/Lee County CoC",2022,2023,10.1876200325011,3.27354236582697,6.91407766667413
"separate_state_lasso","1se",6,2023,"Florida","FL","FL-604","Monroe County CoC",2022,2023,59.6166636435093,34.9409998042729,24.6756638392364
"separate_state_lasso","1se",6,2023,"Florida","FL","FL-605","West Palm Beach/Palm Beach County CoC",2022,2023,11.8883736192183,0.766910389344613,11.1214632298737
"separate_state_lasso","1se",6,2023,"Florida","FL","FL-606","Naples/Collier County CoC",2022,2023,17.0865385783903,9.0937486949201,7.9927898834702
"state_time_baseline","none",7,2024,"California","CA","CA-500","San Jose/Santa Clara City & County CoC",2023,2024,54.4784607240383,37.2598111732333,17.218649550805
"state_time_baseline","none",7,2024,"California","CA","CA-501","San Francisco CoC",2023,2024,101.383162087594,37.2598111732333,64.1233509143607
"state_time_baseline","none",7,2024,"California","CA","CA-502","Oakland, Berkeley/Alameda County CoC",2023,2024,57.7408127951197,37.2598111732333,20.4810016218864
"state_time_baseline","none",7,2024,"California","CA","CA-503","Sacramento City & County CoC",2023,2024,41.0895852343349,37.2598111732333,3.82977406110157
"state_time_baseline","none",7,2024,"California","CA","CA-504","Santa Rosa, Petaluma/Sonoma County CoC",2023,2024,51.9611095200911,37.2598111732333,14.7012983468578
"state_time_baseline","none",7,2024,"California","CA","CA-505","Contra Costa County CoC",2023,2024,24.308827276505,37.2598111732333,-12.9509838967283
"state_time_baseline","none",7,2024,"California","CA","CA-506","Salinas/Monterey, San Benito Counties CoC",2023,2024,60.8319470202893,37.2598111732333,23.572135847056
"state_time_baseline","none",7,2024,"California","CA","CA-507","Marin County CoC",2023,2024,42.6274129462191,37.2598111732333,5.36760177298577
"state_time_baseline","none",7,2024,"California","CA","CA-508","Watsonville/Santa Cruz City & County CoC",2023,2024,70.7681596835707,37.2598111732333,33.5083485103374
"state_time_baseline","none",7,2024,"California","CA","CA-509","Mendocino County CoC",2023,2024,87.0259391268173,37.2598111732333,49.766127953584
"state_time_baseline","none",7,2024,"California","CA","CA-510","Turlock, Modesto/Stanislaus County CoC",2023,2024,36.8156276239208,37.2598111732333,-0.444183549312534
"state_time_baseline","none",7,2024,"California","CA","CA-511","Stockton/San Joaquin County CoC",2023,2024,57.908655581785,37.2598111732333,20.6488444085517
"state_time_baseline","none",7,2024,"California","CA","CA-512","Daly City/San Mateo County CoC",2023,2024,28.7594160083281,37.2598111732333,-8.50039516490523
"state_time_baseline","none",7,2024,"California","CA","CA-513","Visalia/Kings, Tulare Counties CoC",2023,2024,26.2081289088829,37.2598111732333,-11.0516822643504
"state_time_baseline","none",7,2024,"California","CA","CA-514","Fresno City & County/Madera County CoC",2023,2024,35.88008301176,37.2598111732333,-1.37972816147333
"state_time_baseline","none",7,2024,"California","CA","CA-515","Roseville, Rocklin/Placer County CoC",2023,2024,16.1647235993451,37.2598111732333,-21.0950875738882
"state_time_baseline","none",7,2024,"California","CA","CA-516","Redding/Shasta, Siskiyou, Lassen, Plumas, Del Norte, Modoc, Sierra Counties CoC",2023,2024,77.5826736331863,37.2598111732333,40.322862459953
"state_time_baseline","none",7,2024,"California","CA","CA-517","Napa City & County CoC",2023,2024,31.1009277692221,37.2598111732333,-6.15888340401123
"state_time_baseline","none",7,2024,"California","CA","CA-518","Vallejo/Solano County CoC",2023,2024,37.9057564011286,37.2598111732333,0.645945227895268
"state_time_baseline","none",7,2024,"California","CA","CA-519","Chico, Paradise/Butte County CoC",2023,2024,66.2077032974409,37.2598111732333,28.9478921242076
"state_time_baseline","none",7,2024,"California","CA","CA-520","Merced City & County CoC",2023,2024,28.2001435276122,37.2598111732333,-9.05966764562113
"state_time_baseline","none",7,2024,"California","CA","CA-521","Davis, Woodland/Yolo County CoC",2023,2024,42.192958882021,37.2598111732333,4.93314770878767
"state_time_baseline","none",7,2024,"California","CA","CA-522","Humboldt County CoC",2023,2024,118.874882863275,37.2598111732333,81.6150716900417
"state_time_baseline","none",7,2024,"California","CA","CA-523","Colusa, Glenn, Trinity Counties CoC",2023,2024,37.5569790862145,37.2598111732333,0.297167912981166
"state_time_baseline","none",7,2024,"California","CA","CA-524","Yuba City & County/Sutter County CoC",2023,2024,49.7923530106131,37.2598111732333,12.5325418373798
"state_time_baseline","none",7,2024,"California","CA","CA-525","El Dorado County CoC",2023,2024,14.7631399743205,37.2598111732333,-22.4966711989128
"state_time_baseline","none",7,2024,"California","CA","CA-526","Amador, Calaveras, Mariposa, Tuolumne Counties CoC",2023,2024,45.0492785223335,37.2598111732333,7.78946734910017
"state_time_baseline","none",7,2024,"California","CA","CA-527","Tehama County CoC",2023,2024,50.0254759368197,37.2598111732333,12.7656647635864
"state_time_baseline","none",7,2024,"California","CA","CA-529","Lake County CoC",2023,2024,88.98055391868,37.2598111732333,51.7207427454467
"state_time_baseline","none",7,2024,"California","CA","CA-530","Alpine, Inyo, Mono Counties CoC",2023,2024,33.0423940149626,37.2598111732333,-4.21741715827073
"state_time_baseline","none",7,2024,"California","CA","CA-531","Nevada County CoC",2023,2024,50.5159281812308,37.2598111732333,13.2561170079975
"state_time_baseline","none",7,2024,"California","CA","CA-600","Los Angeles City & County CoC",2023,2024,79.3944803924888,37.2598111732333,42.1346692192555
"state_time_baseline","none",7,2024,"California","CA","CA-601","San Diego City and County CoC",2023,2024,32.2581430138383,37.2598111732333,-5.00166815939503
"state_time_baseline","none",7,2024,"California","CA","CA-602","Santa Ana, Anaheim/Orange County CoC",2023,2024,23.1853622530776,37.2598111732333,-14.0744489201557
"state_time_baseline","none",7,2024,"California","CA","CA-603","Santa Maria/Santa Barbara County CoC",2023,2024,47.8242127285982,37.2598111732333,10.5644015553649
"state_time_baseline","none",7,2024,"California","CA","CA-604","Bakersfield/Kern County CoC",2023,2024,28.8650383713586,37.2598111732333,-8.39477280187473
"state_time_baseline","none",7,2024,"California","CA","CA-606","Long Beach CoC",2023,2024,74.2602456319121,37.2598111732333,37.0004344586788
"state_time_baseline","none",7,2024,"California","CA","CA-607","Pasadena CoC",2023,2024,40.6843979834377,37.2598111732333,3.42458681020437
"state_time_baseline","none",7,2024,"California","CA","CA-608","Riverside City & County CoC",2023,2024,16.8003631314074,37.2598111732333,-20.4594480418259
"state_time_baseline","none",7,2024,"California","CA","CA-609","San Bernardino City & County CoC",2023,2024,19.1773437823942,37.2598111732333,-18.0824673908391
"state_time_baseline","none",7,2024,"California","CA","CA-611","Oxnard, San Buenaventura/Ventura County CoC",2023,2024,28.2926840974238,37.2598111732333,-8.96712707580953
"state_time_baseline","none",7,2024,"California","CA","CA-612","Glendale CoC",2023,2024,9.23068341548815,37.2598111732333,-28.0291277577452
"state_time_baseline","none",7,2024,"California","CA","CA-613","Imperial County CoC",2023,2024,82.5076188235552,37.2598111732333,45.2478076503219
"state_time_baseline","none",7,2024,"California","CA","CA-614","San Luis Obispo County CoC",2023,2024,41.6440725422023,37.2598111732333,4.38426136896897
"state_time_baseline","none",7,2024,"Florida","FL","FL-500","Sarasota, Bradenton/Manatee, Sarasota Counties CoC",2023,2024,12.3750594954783,19.9963540747542,-7.62129457927585
"state_time_baseline","none",7,2024,"Florida","FL","FL-501","Tampa/Hillsborough County CoC",2023,2024,12.0481314258292,19.9963540747542,-7.94822264892496
"state_time_baseline","none",7,2024,"Florida","FL","FL-502","St. Petersburg, Clearwater, Largo/Pinellas County CoC",2023,2024,21.9700811227024,19.9963540747542,1.97372704794824
"state_time_baseline","none",7,2024,"Florida","FL","FL-503","Lakeland/Polk County CoC",2023,2024,14.1760841122154,19.9963540747542,-5.82026996253875
"state_time_baseline","none",7,2024,"Florida","FL","FL-504","Deltona, Daytona Beach/Volusia, Flagler Counties CoC",2023,2024,15.7853838736844,19.9963540747542,-4.21097020106975
"state_time_baseline","none",7,2024,"Florida","FL","FL-505","Fort Walton Beach/Okaloosa, Walton Counties CoC",2023,2024,12.6047304812041,19.9963540747542,-7.39162359355005
"state_time_baseline","none",7,2024,"Florida","FL","FL-506","Tallahassee/Leon County CoC",2023,2024,18.2713080699693,19.9963540747542,-1.72504600478485
"state_time_baseline","none",7,2024,"Florida","FL","FL-507","Orlando/Orange, Osceola, Seminole Counties CoC",2023,2024,11.2092413249517,19.9963540747542,-8.78711274980246
"state_time_baseline","none",7,2024,"Florida","FL","FL-508","Gainesville/Alachua, Putnam Counties CoC",2023,2024,15.4152656138896,19.9963540747542,-4.58108846086455
"state_time_baseline","none",7,2024,"Florida","FL","FL-509","Fort Pierce/St. Lucie, Indian River, Martin Counties CoC",2023,2024,9.62444086254761,19.9963540747542,-10.3719132122065
"state_time_baseline","none",7,2024,"Florida","FL","FL-510","Jacksonville-Duval, Clay Counties CoC",2023,2024,9.48993257017078,19.9963540747542,-10.5064215045834
"state_time_baseline","none",7,2024,"Florida","FL","FL-511","Pensacola/Escambia, Santa Rosa Counties CoC",2023,2024,20.802344385312,19.9963540747542,0.805990310557846
"state_time_baseline","none",7,2024,"Florida","FL","FL-512","St. Johns County CoC",2023,2024,13.259973480053,19.9963540747542,-6.73638059470115
"state_time_baseline","none",7,2024,"Florida","FL","FL-513","Palm Bay, Melbourne/Brevard County CoC",2023,2024,17.0056106324685,19.9963540747542,-2.99074344228566
"state_time_baseline","none",7,2024,"Florida","FL","FL-514","Ocala/Marion County CoC",2023,2024,8.83187887708969,19.9963540747542,-11.1644751976645
"state_time_baseline","none",7,2024,"Florida","FL","FL-515","Panama City/Bay, Jackson Counties CoC",2023,2024,15.3172262007447,19.9963540747542,-4.67912787400945
"state_time_baseline","none",7,2024,"Florida","FL","FL-517","Hendry, Hardee, Highlands Counties CoC",2023,2024,23.3043452969577,19.9963540747542,3.30799122220354
"state_time_baseline","none",7,2024,"Florida","FL","FL-519","Pasco County CoC",2023,2024,11.1400661393804,19.9963540747542,-8.85628793537376
"state_time_baseline","none",7,2024,"Florida","FL","FL-520","Citrus, Hernando, Lake, Sumter Counties CoC",2023,2024,7.9788205963204,19.9963540747542,-12.0175334784338
"state_time_baseline","none",7,2024,"Florida","FL","FL-600","Miami-Dade County CoC",2023,2024,13.5128215340324,19.9963540747542,-6.48353254072176
"state_time_baseline","none",7,2024,"Florida","FL","FL-601","Ft Lauderdale/Broward County CoC",2023,2024,12.2610790444801,19.9963540747542,-7.73527503027405
"state_time_baseline","none",7,2024,"Florida","FL","FL-602","Charlotte County CoC",2023,2024,16.2208686440678,19.9963540747542,-3.77548543068636
"state_time_baseline","none",7,2024,"Florida","FL","FL-603","Ft Myers, Cape Coral/Lee County CoC",2023,2024,10.9206921003125,19.9963540747542,-9.07566197444165
"state_time_baseline","none",7,2024,"Florida","FL","FL-604","Monroe County CoC",2023,2024,54.8680119490337,19.9963540747542,34.8716578742795
"state_time_baseline","none",7,2024,"Florida","FL","FL-605","West Palm Beach/Palm Beach County CoC",2023,2024,13.5057186490724,19.9963540747542,-6.49063542568176
"state_time_baseline","none",7,2024,"Florida","FL","FL-606","Naples/Collier County CoC",2023,2024,15.8378967273146,19.9963540747542,-4.15845734743955
"pooled_lasso","min",7,2024,"California","CA","CA-500","San Jose/Santa Clara City & County CoC",2023,2024,54.4784607240383,36.2131152581142,18.2653454659241
"pooled_lasso","min",7,2024,"California","CA","CA-501","San Francisco CoC",2023,2024,101.383162087594,88.4313400282562,12.9518220593378
"pooled_lasso","min",7,2024,"California","CA","CA-502","Oakland, Berkeley/Alameda County CoC",2023,2024,57.7408127951197,48.5675210868899,9.17329170822985
"pooled_lasso","min",7,2024,"California","CA","CA-503","Sacramento City & County CoC",2023,2024,41.0895852343349,39.3374740079224,1.75211122641254
"pooled_lasso","min",7,2024,"California","CA","CA-504","Santa Rosa, Petaluma/Sonoma County CoC",2023,2024,51.9611095200911,56.70282844363,-4.74171892353888
"pooled_lasso","min",7,2024,"California","CA","CA-505","Contra Costa County CoC",2023,2024,24.308827276505,26.2814930561336,-1.97266577962857
"pooled_lasso","min",7,2024,"California","CA","CA-506","Salinas/Monterey, San Benito Counties CoC",2023,2024,60.8319470202893,39.5909791201833,21.240967900106
"pooled_lasso","min",7,2024,"California","CA","CA-507","Marin County CoC",2023,2024,42.6274129462191,50.6001877656368,-7.97277481941769
"pooled_lasso","min",7,2024,"California","CA","CA-508","Watsonville/Santa Cruz City & County CoC",2023,2024,70.7681596835707,56.4973127907975,14.2708468927732
"pooled_lasso","min",7,2024,"California","CA","CA-509","Mendocino County CoC",2023,2024,87.0259391268173,96.4974408871258,-9.4715017603085
"pooled_lasso","min",7,2024,"California","CA","CA-510","Turlock, Modesto/Stanislaus County CoC",2023,2024,36.8156276239208,42.5334431715686,-5.71781554764785
"pooled_lasso","min",7,2024,"California","CA","CA-511","Stockton/San Joaquin County CoC",2023,2024,57.908655581785,36.8727795903288,21.0358759914562
"pooled_lasso","min",7,2024,"California","CA","CA-512","Daly City/San Mateo County CoC",2023,2024,28.7594160083281,34.5803650932857,-5.82094908495763
"pooled_lasso","min",7,2024,"California","CA","CA-513","Visalia/Kings, Tulare Counties CoC",2023,2024,26.2081289088829,25.3954496886972,0.812679220185743
"pooled_lasso","min",7,2024,"California","CA","CA-514","Fresno City & County/Madera County CoC",2023,2024,35.88008301176,33.042204845779,2.83787816598102
"pooled_lasso","min",7,2024,"California","CA","CA-515","Roseville, Rocklin/Placer County CoC",2023,2024,16.1647235993451,28.375926381407,-12.2112027820619
"pooled_lasso","min",7,2024,"California","CA","CA-516","Redding/Shasta, Siskiyou, Lassen, Plumas, Del Norte, Modoc, Sierra Counties CoC",2023,2024,77.5826736331863,54.6447674663919,22.9379061667944
"pooled_lasso","min",7,2024,"California","CA","CA-517","Napa City & County CoC",2023,2024,31.1009277692221,41.1146690945448,-10.0137413253227
"pooled_lasso","min",7,2024,"California","CA","CA-518","Vallejo/Solano County CoC",2023,2024,37.9057564011286,29.3125233369745,8.59323306415411
"pooled_lasso","min",7,2024,"California","CA","CA-519","Chico, Paradise/Butte County CoC",2023,2024,66.2077032974409,60.364678367217,5.84302493022385
"pooled_lasso","min",7,2024,"California","CA","CA-520","Merced City & County CoC",2023,2024,28.2001435276122,36.2891111081594,-8.08896758054724
"pooled_lasso","min",7,2024,"California","CA","CA-521","Davis, Woodland/Yolo County CoC",2023,2024,42.192958882021,48.7793817217528,-6.58642283973179
"pooled_lasso","min",7,2024,"California","CA","CA-522","Humboldt County CoC",2023,2024,118.874882863275,66.7702992229191,52.1045836403559
"pooled_lasso","min",7,2024,"California","CA","CA-523","Colusa, Glenn, Trinity Counties CoC",2023,2024,37.5569790862145,51.5370762006317,-13.9800971144172
"pooled_lasso","min",7,2024,"California","CA","CA-524","Yuba City & County/Sutter County CoC",2023,2024,49.7923530106131,46.5045716839597,3.2877813266534
"pooled_lasso","min",7,2024,"California","CA","CA-525","El Dorado County CoC",2023,2024,14.7631399743205,31.155922706023,-16.3927827317025
"pooled_lasso","min",7,2024,"California","CA","CA-526","Amador, Calaveras, Mariposa, Tuolumne Counties CoC",2023,2024,45.0492785223335,47.7143734252787,-2.66509490294521
"pooled_lasso","min",7,2024,"California","CA","CA-527","Tehama County CoC",2023,2024,50.0254759368197,41.2238975875549,8.80157834926483
"pooled_lasso","min",7,2024,"California","CA","CA-529","Lake County CoC",2023,2024,88.98055391868,57.3810918023849,31.5994621162951
"pooled_lasso","min",7,2024,"California","CA","CA-530","Alpine, Inyo, Mono Counties CoC",2023,2024,33.0423940149626,39.7042401416035,-6.66184612664086
"pooled_lasso","min",7,2024,"California","CA","CA-531","Nevada County CoC",2023,2024,50.5159281812308,57.6156163407395,-7.09968815950871
"pooled_lasso","min",7,2024,"California","CA","CA-600","Los Angeles City & County CoC",2023,2024,79.3944803924888,41.0668462453547,38.3276341471341
"pooled_lasso","min",7,2024,"California","CA","CA-601","San Diego City and County CoC",2023,2024,32.2581430138383,36.7047653703328,-4.44662235649447
"pooled_lasso","min",7,2024,"California","CA","CA-602","Santa Ana, Anaheim/Orange County CoC",2023,2024,23.1853622530776,20.4704533026112,2.71490895046637
"pooled_lasso","min",7,2024,"California","CA","CA-603","Santa Maria/Santa Barbara County CoC",2023,2024,47.8242127285982,46.8817449995414,0.942467729056808
"pooled_lasso","min",7,2024,"California","CA","CA-604","Bakersfield/Kern County CoC",2023,2024,28.8650383713586,47.8416025290688,-18.9765641577102
"pooled_lasso","min",7,2024,"California","CA","CA-606","Long Beach CoC",2023,2024,74.2602456319121,62.6306200588742,11.6296255730379
"pooled_lasso","min",7,2024,"California","CA","CA-607","Pasadena CoC",2023,2024,40.6843979834377,56.2254714906559,-15.5410735072182
"pooled_lasso","min",7,2024,"California","CA","CA-608","Riverside City & County CoC",2023,2024,16.8003631314074,17.6928045651606,-0.892441433753216
"pooled_lasso","min",7,2024,"California","CA","CA-609","San Bernardino City & County CoC",2023,2024,19.1773437823942,19.1887504107714,-0.0114066283772338
"pooled_lasso","min",7,2024,"California","CA","CA-611","Oxnard, San Buenaventura/Ventura County CoC",2023,2024,28.2926840974238,31.9862601322664,-3.6935760348426
"pooled_lasso","min",7,2024,"California","CA","CA-612","Glendale CoC",2023,2024,9.23068341548815,30.8978663368056,-21.6671829213175
"pooled_lasso","min",7,2024,"California","CA","CA-613","Imperial County CoC",2023,2024,82.5076188235552,33.804967916663,48.7026509068922
"pooled_lasso","min",7,2024,"California","CA","CA-614","San Luis Obispo County CoC",2023,2024,41.6440725422023,40.6005131707922,1.04355937141005
"pooled_lasso","min",7,2024,"Florida","FL","FL-500","Sarasota, Bradenton/Manatee, Sarasota Counties CoC",2023,2024,12.3750594954783,12.8189612832688,-0.443901787790528
"pooled_lasso","min",7,2024,"Florida","FL","FL-501","Tampa/Hillsborough County CoC",2023,2024,12.0481314258292,8.76008337613238,3.28804804969682
"pooled_lasso","min",7,2024,"Florida","FL","FL-502","St. Petersburg, Clearwater, Largo/Pinellas County CoC",2023,2024,21.9700811227024,30.1866498343377,-8.21656871163526
"pooled_lasso","min",7,2024,"Florida","FL","FL-503","Lakeland/Polk County CoC",2023,2024,14.1760841122154,7.81374427061622,6.36233984159918
"pooled_lasso","min",7,2024,"Florida","FL","FL-504","Deltona, Daytona Beach/Volusia, Flagler Counties CoC",2023,2024,15.7853838736844,14.0339298104459,1.7514540632385
"pooled_lasso","min",7,2024,"Florida","FL","FL-505","Fort Walton Beach/Okaloosa, Walton Counties CoC",2023,2024,12.6047304812041,16.4595861319595,-3.85485565075544
"pooled_lasso","min",7,2024,"Florida","FL","FL-506","Tallahassee/Leon County CoC",2023,2024,18.2713080699693,26.7555262091339,-8.48421813916465
"pooled_lasso","min",7,2024,"Florida","FL","FL-507","Orlando/Orange, Osceola, Seminole Counties CoC",2023,2024,11.2092413249517,5.13299960478839,6.07624172016331
"pooled_lasso","min",7,2024,"Florida","FL","FL-508","Gainesville/Alachua, Putnam Counties CoC",2023,2024,15.4152656138896,21.4528671598298,-6.03760154594017
"pooled_lasso","min",7,2024,"Florida","FL","FL-509","Fort Pierce/St. Lucie, Indian River, Martin Counties CoC",2023,2024,9.62444086254761,8.67428510667932,0.950155755868293
"pooled_lasso","min",7,2024,"Florida","FL","FL-510","Jacksonville-Duval, Clay Counties CoC",2023,2024,9.48993257017078,9.33314021127095,0.15679235889983
"pooled_lasso","min",7,2024,"Florida","FL","FL-511","Pensacola/Escambia, Santa Rosa Counties CoC",2023,2024,20.802344385312,17.9871299135816,2.81521447173036
"pooled_lasso","min",7,2024,"Florida","FL","FL-512","St. Johns County CoC",2023,2024,13.259973480053,9.84141080838268,3.41856267167032
"pooled_lasso","min",7,2024,"Florida","FL","FL-513","Palm Bay, Melbourne/Brevard County CoC",2023,2024,17.0056106324685,14.5404282887311,2.46518234373737
"pooled_lasso","min",7,2024,"Florida","FL","FL-514","Ocala/Marion County CoC",2023,2024,8.83187887708969,15.4135300175028,-6.58165114041307
"pooled_lasso","min",7,2024,"Florida","FL","FL-515","Panama City/Bay, Jackson Counties CoC",2023,2024,15.3172262007447,15.7757657784333,-0.458539577688585
"pooled_lasso","min",7,2024,"Florida","FL","FL-517","Hendry, Hardee, Highlands Counties CoC",2023,2024,23.3043452969577,13.4091072878377,9.89523800912001
"pooled_lasso","min",7,2024,"Florida","FL","FL-519","Pasco County CoC",2023,2024,11.1400661393804,10.6645549251368,0.475511214243607
"pooled_lasso","min",7,2024,"Florida","FL","FL-520","Citrus, Hernando, Lake, Sumter Counties CoC",2023,2024,7.9788205963204,5.19979295231649,2.77902764400391
"pooled_lasso","min",7,2024,"Florida","FL","FL-600","Miami-Dade County CoC",2023,2024,13.5128215340324,13.1091462974374,0.403675236595008
"pooled_lasso","min",7,2024,"Florida","FL","FL-601","Ft Lauderdale/Broward County CoC",2023,2024,12.2610790444801,4.848998735107,7.4120803093731
"pooled_lasso","min",7,2024,"Florida","FL","FL-602","Charlotte County CoC",2023,2024,16.2208686440678,21.9069321373873,-5.68606349331945
"pooled_lasso","min",7,2024,"Florida","FL","FL-603","Ft Myers, Cape Coral/Lee County CoC",2023,2024,10.9206921003125,8.58010102329374,2.34059107701876
"pooled_lasso","min",7,2024,"Florida","FL","FL-604","Monroe County CoC",2023,2024,54.8680119490337,71.6824604092701,-16.8144484602364
"pooled_lasso","min",7,2024,"Florida","FL","FL-605","West Palm Beach/Palm Beach County CoC",2023,2024,13.5057186490724,8.940808234963,4.5649104141094
"pooled_lasso","min",7,2024,"Florida","FL","FL-606","Naples/Collier County CoC",2023,2024,15.8378967273146,17.795141023883,-1.95724429656835
"pooled_lasso","1se",7,2024,"California","CA","CA-500","San Jose/Santa Clara City & County CoC",2023,2024,54.4784607240383,36.1476443306649,18.3308163933734
"pooled_lasso","1se",7,2024,"California","CA","CA-501","San Francisco CoC",2023,2024,101.383162087594,84.1549266155891,17.2282354720049
"pooled_lasso","1se",7,2024,"California","CA","CA-502","Oakland, Berkeley/Alameda County CoC",2023,2024,57.7408127951197,44.7877654462515,12.9530473488682
"pooled_lasso","1se",7,2024,"California","CA","CA-503","Sacramento City & County CoC",2023,2024,41.0895852343349,38.1662609821036,2.92332425223128
"pooled_lasso","1se",7,2024,"California","CA","CA-504","Santa Rosa, Petaluma/Sonoma County CoC",2023,2024,51.9611095200911,50.9067543885289,1.05435513156218
"pooled_lasso","1se",7,2024,"California","CA","CA-505","Contra Costa County CoC",2023,2024,24.308827276505,27.2022484351178,-2.89342115861277
"pooled_lasso","1se",7,2024,"California","CA","CA-506","Salinas/Monterey, San Benito Counties CoC",2023,2024,60.8319470202893,38.2717001382579,22.5602468820314
"pooled_lasso","1se",7,2024,"California","CA","CA-507","Marin County CoC",2023,2024,42.6274129462191,43.0786516117552,-0.451238665536145
"pooled_lasso","1se",7,2024,"California","CA","CA-508","Watsonville/Santa Cruz City & County CoC",2023,2024,70.7681596835707,48.3666377372631,22.4015219463076
"pooled_lasso","1se",7,2024,"California","CA","CA-509","Mendocino County CoC",2023,2024,87.0259391268173,76.7365916708583,10.289347455959
"pooled_lasso","1se",7,2024,"California","CA","CA-510","Turlock, Modesto/Stanislaus County CoC",2023,2024,36.8156276239208,41.900922682502,-5.08529505858125
"pooled_lasso","1se",7,2024,"California","CA","CA-511","Stockton/San Joaquin County CoC",2023,2024,57.908655581785,38.8107756621806,19.0978799196044
"pooled_lasso","1se",7,2024,"California","CA","CA-512","Daly City/San Mateo County CoC",2023,2024,28.7594160083281,34.4593708718442,-5.69995486351605
"pooled_lasso","1se",7,2024,"California","CA","CA-513","Visalia/Kings, Tulare Counties CoC",2023,2024,26.2081289088829,27.7237125537916,-1.51558364490868
"pooled_lasso","1se",7,2024,"California","CA","CA-514","Fresno City & County/Madera County CoC",2023,2024,35.88008301176,34.075203769408,1.80487924235197
"pooled_lasso","1se",7,2024,"California","CA","CA-515","Roseville, Rocklin/Placer County CoC",2023,2024,16.1647235993451,29.3707096147649,-13.2059860154198
"pooled_lasso","1se",7,2024,"California","CA","CA-516","Redding/Shasta, Siskiyou, Lassen, Plumas, Del Norte, Modoc, Sierra Counties CoC",2023,2024,77.5826736331863,52.4053623974605,25.1773112357258
"pooled_lasso","1se",7,2024,"California","CA","CA-517","Napa City & County CoC",2023,2024,31.1009277692221,38.4737492379848,-7.37282146876271
"pooled_lasso","1se",7,2024,"California","CA","CA-518","Vallejo/Solano County CoC",2023,2024,37.9057564011286,29.5354834539267,8.3702729472019
"pooled_lasso","1se",7,2024,"California","CA","CA-519","Chico, Paradise/Butte County CoC",2023,2024,66.2077032974409,56.870363438986,9.33733985845492
"pooled_lasso","1se",7,2024,"California","CA","CA-520","Merced City & County CoC",2023,2024,28.2001435276122,37.2596498109927,-9.05950628338054
"pooled_lasso","1se",7,2024,"California","CA","CA-521","Davis, Woodland/Yolo County CoC",2023,2024,42.192958882021,44.3115048633457,-2.11854598132467
"pooled_lasso","1se",7,2024,"California","CA","CA-522","Humboldt County CoC",2023,2024,118.874882863275,58.7524709569095,60.1224119063655
"pooled_lasso","1se",7,2024,"California","CA","CA-523","Colusa, Glenn, Trinity Counties CoC",2023,2024,37.5569790862145,49.7851726691703,-12.2281935829558
"pooled_lasso","1se",7,2024,"California","CA","CA-524","Yuba City & County/Sutter County CoC",2023,2024,49.7923530106131,46.0627707626728,3.72958224794025
"pooled_lasso","1se",7,2024,"California","CA","CA-525","El Dorado County CoC",2023,2024,14.7631399743205,28.8640535385317,-14.1009135642112
"pooled_lasso","1se",7,2024,"California","CA","CA-526","Amador, Calaveras, Mariposa, Tuolumne Counties CoC",2023,2024,45.0492785223335,43.7338746980969,1.31540382423657
"pooled_lasso","1se",7,2024,"California","CA","CA-527","Tehama County CoC",2023,2024,50.0254759368197,38.0891737628532,11.9363021739665
"pooled_lasso","1se",7,2024,"California","CA","CA-529","Lake County CoC",2023,2024,88.98055391868,53.5883807395594,35.3921731791206
"pooled_lasso","1se",7,2024,"California","CA","CA-530","Alpine, Inyo, Mono Counties CoC",2023,2024,33.0423940149626,33.200907137482,-0.15851312251943
"pooled_lasso","1se",7,2024,"California","CA","CA-531","Nevada County CoC",2023,2024,50.5159281812308,52.7486067560489,-2.23267857481811
"pooled_lasso","1se",7,2024,"California","CA","CA-600","Los Angeles City & County CoC",2023,2024,79.3944803924888,41.114978750036,38.2795016424528
"pooled_lasso","1se",7,2024,"California","CA","CA-601","San Diego City and County CoC",2023,2024,32.2581430138383,36.0522760431357,-3.79413302929741
"pooled_lasso","1se",7,2024,"California","CA","CA-602","Santa Ana, Anaheim/Orange County CoC",2023,2024,23.1853622530776,25.5668403819126,-2.38147812883495
"pooled_lasso","1se",7,2024,"California","CA","CA-603","Santa Maria/Santa Barbara County CoC",2023,2024,47.8242127285982,43.5007817468378,4.32343098176044
"pooled_lasso","1se",7,2024,"California","CA","CA-604","Bakersfield/Kern County CoC",2023,2024,28.8650383713586,41.4826058465148,-12.6175674751562
"pooled_lasso","1se",7,2024,"California","CA","CA-606","Long Beach CoC",2023,2024,74.2602456319121,59.5662822669338,14.6939633649783
"pooled_lasso","1se",7,2024,"California","CA","CA-607","Pasadena CoC",2023,2024,40.6843979834377,50.9671099219349,-10.2827119384972
"pooled_lasso","1se",7,2024,"California","CA","CA-608","Riverside City & County CoC",2023,2024,16.8003631314074,21.0675720823725,-4.2672089509651
"pooled_lasso","1se",7,2024,"California","CA","CA-609","San Bernardino City & County CoC",2023,2024,19.1773437823942,21.6671999510861,-2.48985616869194
"pooled_lasso","1se",7,2024,"California","CA","CA-611","Oxnard, San Buenaventura/Ventura County CoC",2023,2024,28.2926840974238,32.1988740014293,-3.90618990400551
"pooled_lasso","1se",7,2024,"California","CA","CA-612","Glendale CoC",2023,2024,9.23068341548815,33.1988464782309,-23.9681630627428
"pooled_lasso","1se",7,2024,"California","CA","CA-613","Imperial County CoC",2023,2024,82.5076188235552,35.3806089072909,47.1270099162643
"pooled_lasso","1se",7,2024,"California","CA","CA-614","San Luis Obispo County CoC",2023,2024,41.6440725422023,36.9854676003591,4.6586049418432
"pooled_lasso","1se",7,2024,"Florida","FL","FL-500","Sarasota, Bradenton/Manatee, Sarasota Counties CoC",2023,2024,12.3750594954783,14.910743143045,-2.53568364756666
"pooled_lasso","1se",7,2024,"Florida","FL","FL-501","Tampa/Hillsborough County CoC",2023,2024,12.0481314258292,12.3894037304515,-0.341272304622258
"pooled_lasso","1se",7,2024,"Florida","FL","FL-502","St. Petersburg, Clearwater, Largo/Pinellas County CoC",2023,2024,21.9700811227024,28.6890739061301,-6.71899278342771
"pooled_lasso","1se",7,2024,"Florida","FL","FL-503","Lakeland/Polk County CoC",2023,2024,14.1760841122154,13.2234241880861,0.952659924129286
"pooled_lasso","1se",7,2024,"Florida","FL","FL-504","Deltona, Daytona Beach/Volusia, Flagler Counties CoC",2023,2024,15.7853838736844,15.1155217444695,0.669862129214915
"pooled_lasso","1se",7,2024,"Florida","FL","FL-505","Fort Walton Beach/Okaloosa, Walton Counties CoC",2023,2024,12.6047304812041,15.9690204805592,-3.36428999935514
"pooled_lasso","1se",7,2024,"Florida","FL","FL-506","Tallahassee/Leon County CoC",2023,2024,18.2713080699693,25.2894322629056,-7.01812419293628
"pooled_lasso","1se",7,2024,"Florida","FL","FL-507","Orlando/Orange, Osceola, Seminole Counties CoC",2023,2024,11.2092413249517,10.7252790279764,0.483962296975344
"pooled_lasso","1se",7,2024,"Florida","FL","FL-508","Gainesville/Alachua, Putnam Counties CoC",2023,2024,15.4152656138896,19.8225781124588,-4.40731249856917
"pooled_lasso","1se",7,2024,"Florida","FL","FL-509","Fort Pierce/St. Lucie, Indian River, Martin Counties CoC",2023,2024,9.62444086254761,11.2621689976796,-1.63772813513197
"pooled_lasso","1se",7,2024,"Florida","FL","FL-510","Jacksonville-Duval, Clay Counties CoC",2023,2024,9.48993257017078,12.663957093021,-3.17402452285023
"pooled_lasso","1se",7,2024,"Florida","FL","FL-511","Pensacola/Escambia, Santa Rosa Counties CoC",2023,2024,20.802344385312,19.4813696617614,1.32097472355063
"pooled_lasso","1se",7,2024,"Florida","FL","FL-512","St. Johns County CoC",2023,2024,13.259973480053,14.7216390818541,-1.46166560180107
"pooled_lasso","1se",7,2024,"Florida","FL","FL-513","Palm Bay, Melbourne/Brevard County CoC",2023,2024,17.0056106324685,15.6292004677115,1.37641016475701
"pooled_lasso","1se",7,2024,"Florida","FL","FL-514","Ocala/Marion County CoC",2023,2024,8.83187887708969,17.6070987967505,-8.7752199196608
"pooled_lasso","1se",7,2024,"Florida","FL","FL-515","Panama City/Bay, Jackson Counties CoC",2023,2024,15.3172262007447,16.860210894699,-1.54298469395434
"pooled_lasso","1se",7,2024,"Florida","FL","FL-517","Hendry, Hardee, Highlands Counties CoC",2023,2024,23.3043452969577,15.1458939917453,8.15845130521244
"pooled_lasso","1se",7,2024,"Florida","FL","FL-519","Pasco County CoC",2023,2024,11.1400661393804,14.1897905052972,-3.04972436591677
"pooled_lasso","1se",7,2024,"Florida","FL","FL-520","Citrus, Hernando, Lake, Sumter Counties CoC",2023,2024,7.9788205963204,9.07181086660587,-1.09299027028547
"pooled_lasso","1se",7,2024,"Florida","FL","FL-600","Miami-Dade County CoC",2023,2024,13.5128215340324,16.112244611128,-2.59942307709558
"pooled_lasso","1se",7,2024,"Florida","FL","FL-601","Ft Lauderdale/Broward County CoC",2023,2024,12.2610790444801,9.30217290073604,2.95890614374406
"pooled_lasso","1se",7,2024,"Florida","FL","FL-602","Charlotte County CoC",2023,2024,16.2208686440678,20.5203512160185,-4.29948257195065
"pooled_lasso","1se",7,2024,"Florida","FL","FL-603","Ft Myers, Cape Coral/Lee County CoC",2023,2024,10.9206921003125,10.9515398364725,-0.0308477361600072
"pooled_lasso","1se",7,2024,"Florida","FL","FL-604","Monroe County CoC",2023,2024,54.8680119490337,62.4905683904935,-7.62255644145981
"pooled_lasso","1se",7,2024,"Florida","FL","FL-605","West Palm Beach/Palm Beach County CoC",2023,2024,13.5057186490724,11.2346798888847,2.27103876018765
"pooled_lasso","1se",7,2024,"Florida","FL","FL-606","Naples/Collier County CoC",2023,2024,15.8378967273146,19.0071411786001,-3.16924445128548
"pooled_lasso_state_interactions","min",7,2024,"California","CA","CA-500","San Jose/Santa Clara City & County CoC",2023,2024,54.4784607240383,37.8140072862628,16.6644534377755
"pooled_lasso_state_interactions","min",7,2024,"California","CA","CA-501","San Francisco CoC",2023,2024,101.383162087594,93.3066502111872,8.07651187640677
"pooled_lasso_state_interactions","min",7,2024,"California","CA","CA-502","Oakland, Berkeley/Alameda County CoC",2023,2024,57.7408127951197,55.4895459016198,2.25126689349985
"pooled_lasso_state_interactions","min",7,2024,"California","CA","CA-503","Sacramento City & County CoC",2023,2024,41.0895852343349,43.8002710480471,-2.71068581371221
"pooled_lasso_state_interactions","min",7,2024,"California","CA","CA-504","Santa Rosa, Petaluma/Sonoma County CoC",2023,2024,51.9611095200911,67.1607129107151,-15.199603390624
"pooled_lasso_state_interactions","min",7,2024,"California","CA","CA-505","Contra Costa County CoC",2023,2024,24.308827276505,24.2733319945332,0.0354952819717944
"pooled_lasso_state_interactions","min",7,2024,"California","CA","CA-506","Salinas/Monterey, San Benito Counties CoC",2023,2024,60.8319470202893,46.106013583271,14.7259334370182
"pooled_lasso_state_interactions","min",7,2024,"California","CA","CA-507","Marin County CoC",2023,2024,42.6274129462191,58.1053480962639,-15.4779351500448
"pooled_lasso_state_interactions","min",7,2024,"California","CA","CA-508","Watsonville/Santa Cruz City & County CoC",2023,2024,70.7681596835707,66.2420256571106,4.5261340264601
"pooled_lasso_state_interactions","min",7,2024,"California","CA","CA-509","Mendocino County CoC",2023,2024,87.0259391268173,116.100866072267,-29.0749269454496
"pooled_lasso_state_interactions","min",7,2024,"California","CA","CA-510","Turlock, Modesto/Stanislaus County CoC",2023,2024,36.8156276239208,46.4030591703102,-9.58743154638941
"pooled_lasso_state_interactions","min",7,2024,"California","CA","CA-511","Stockton/San Joaquin County CoC",2023,2024,57.908655581785,40.1288524942005,17.7798030875845
"pooled_lasso_state_interactions","min",7,2024,"California","CA","CA-512","Daly City/San Mateo County CoC",2023,2024,28.7594160083281,35.6728421613727,-6.91342615304462
"pooled_lasso_state_interactions","min",7,2024,"California","CA","CA-513","Visalia/Kings, Tulare Counties CoC",2023,2024,26.2081289088829,23.332744718657,2.87538419022586
"pooled_lasso_state_interactions","min",7,2024,"California","CA","CA-514","Fresno City & County/Madera County CoC",2023,2024,35.88008301176,36.0922084506451,-0.212125438885074
"pooled_lasso_state_interactions","min",7,2024,"California","CA","CA-515","Roseville, Rocklin/Placer County CoC",2023,2024,16.1647235993451,26.0916610013339,-9.92693740198876
"pooled_lasso_state_interactions","min",7,2024,"California","CA","CA-516","Redding/Shasta, Siskiyou, Lassen, Plumas, Del Norte, Modoc, Sierra Counties CoC",2023,2024,77.5826736331863,62.3969043703486,15.1857692628377
"pooled_lasso_state_interactions","min",7,2024,"California","CA","CA-517","Napa City & County CoC",2023,2024,31.1009277692221,43.8609507134576,-12.7600229442355
"pooled_lasso_state_interactions","min",7,2024,"California","CA","CA-518","Vallejo/Solano County CoC",2023,2024,37.9057564011286,30.6511935521422,7.25456284898635
"pooled_lasso_state_interactions","min",7,2024,"California","CA","CA-519","Chico, Paradise/Butte County CoC",2023,2024,66.2077032974409,71.488132386428,-5.28042908898705
"pooled_lasso_state_interactions","min",7,2024,"California","CA","CA-520","Merced City & County CoC",2023,2024,28.2001435276122,38.4683603816168,-10.2682168540046
"pooled_lasso_state_interactions","min",7,2024,"California","CA","CA-521","Davis, Woodland/Yolo County CoC",2023,2024,42.192958882021,55.775656370798,-13.582697488777
"pooled_lasso_state_interactions","min",7,2024,"California","CA","CA-522","Humboldt County CoC",2023,2024,118.874882863275,81.0278090865968,37.8470737766782
"pooled_lasso_state_interactions","min",7,2024,"California","CA","CA-523","Colusa, Glenn, Trinity Counties CoC",2023,2024,37.5569790862145,51.7586626328957,-14.2016835466812
"pooled_lasso_state_interactions","min",7,2024,"California","CA","CA-524","Yuba City & County/Sutter County CoC",2023,2024,49.7923530106131,51.77339242182,-1.98103941120692
"pooled_lasso_state_interactions","min",7,2024,"California","CA","CA-525","El Dorado County CoC",2023,2024,14.7631399743205,29.0939386071231,-14.3307986328026
"pooled_lasso_state_interactions","min",7,2024,"California","CA","CA-526","Amador, Calaveras, Mariposa, Tuolumne Counties CoC",2023,2024,45.0492785223335,55.3042274649135,-10.25494894258
"pooled_lasso_state_interactions","min",7,2024,"California","CA","CA-527","Tehama County CoC",2023,2024,50.0254759368197,40.3406731127232,9.68480282409649
"pooled_lasso_state_interactions","min",7,2024,"California","CA","CA-529","Lake County CoC",2023,2024,88.98055391868,64.413648420334,24.566905498346
"pooled_lasso_state_interactions","min",7,2024,"California","CA","CA-530","Alpine, Inyo, Mono Counties CoC",2023,2024,33.0423940149626,37.512614729047,-4.47022071408443
"pooled_lasso_state_interactions","min",7,2024,"California","CA","CA-531","Nevada County CoC",2023,2024,50.5159281812308,69.4305233177159,-18.9145951364851
"pooled_lasso_state_interactions","min",7,2024,"California","CA","CA-600","Los Angeles City & County CoC",2023,2024,79.3944803924888,54.6128006047473,24.7816797877415
"pooled_lasso_state_interactions","min",7,2024,"California","CA","CA-601","San Diego City and County CoC",2023,2024,32.2581430138383,46.6385149316401,-14.3803719178018
"pooled_lasso_state_interactions","min",7,2024,"California","CA","CA-602","Santa Ana, Anaheim/Orange County CoC",2023,2024,23.1853622530776,19.4170769018887,3.76828535118892
"pooled_lasso_state_interactions","min",7,2024,"California","CA","CA-603","Santa Maria/Santa Barbara County CoC",2023,2024,47.8242127285982,56.7173873578625,-8.89317462926433
"pooled_lasso_state_interactions","min",7,2024,"California","CA","CA-604","Bakersfield/Kern County CoC",2023,2024,28.8650383713586,54.6420329276868,-25.7769945563282
"pooled_lasso_state_interactions","min",7,2024,"California","CA","CA-606","Long Beach CoC",2023,2024,74.2602456319121,71.4520423990204,2.80820323289171
"pooled_lasso_state_interactions","min",7,2024,"California","CA","CA-607","Pasadena CoC",2023,2024,40.6843979834377,62.8882158632855,-22.2038178798478
"pooled_lasso_state_interactions","min",7,2024,"California","CA","CA-608","Riverside City & County CoC",2023,2024,16.8003631314074,18.1160521584654,-1.31568902705802
"pooled_lasso_state_interactions","min",7,2024,"California","CA","CA-609","San Bernardino City & County CoC",2023,2024,19.1773437823942,20.425855973545,-1.24851219115078
"pooled_lasso_state_interactions","min",7,2024,"California","CA","CA-611","Oxnard, San Buenaventura/Ventura County CoC",2023,2024,28.2926840974238,34.7030958163701,-6.41041171894635
"pooled_lasso_state_interactions","min",7,2024,"California","CA","CA-612","Glendale CoC",2023,2024,9.23068341548815,30.1210218378742,-20.8903384223861
"pooled_lasso_state_interactions","min",7,2024,"California","CA","CA-613","Imperial County CoC",2023,2024,82.5076188235552,35.298516680527,47.2091021430282
"pooled_lasso_state_interactions","min",7,2024,"California","CA","CA-614","San Luis Obispo County CoC",2023,2024,41.6440725422023,47.0466697041179,-5.40259716191559
"pooled_lasso_state_interactions","min",7,2024,"Florida","FL","FL-500","Sarasota, Bradenton/Manatee, Sarasota Counties CoC",2023,2024,12.3750594954783,15.9862765016507,-3.61121700617244
"pooled_lasso_state_interactions","min",7,2024,"Florida","FL","FL-501","Tampa/Hillsborough County CoC",2023,2024,12.0481314258292,8.67838316421861,3.36974826161059
"pooled_lasso_state_interactions","min",7,2024,"Florida","FL","FL-502","St. Petersburg, Clearwater, Largo/Pinellas County CoC",2023,2024,21.9700811227024,28.4853641148791,-6.51528299217669
"pooled_lasso_state_interactions","min",7,2024,"Florida","FL","FL-503","Lakeland/Polk County CoC",2023,2024,14.1760841122154,9.27085149814345,4.90523261407195
"pooled_lasso_state_interactions","min",7,2024,"Florida","FL","FL-504","Deltona, Daytona Beach/Volusia, Flagler Counties CoC",2023,2024,15.7853838736844,20.5654183331552,-4.78003445947084
"pooled_lasso_state_interactions","min",7,2024,"Florida","FL","FL-505","Fort Walton Beach/Okaloosa, Walton Counties CoC",2023,2024,12.6047304812041,21.3181264354511,-8.71339595424697
"pooled_lasso_state_interactions","min",7,2024,"Florida","FL","FL-506","Tallahassee/Leon County CoC",2023,2024,18.2713080699693,24.9733008859453,-6.70199281597602
"pooled_lasso_state_interactions","min",7,2024,"Florida","FL","FL-507","Orlando/Orange, Osceola, Seminole Counties CoC",2023,2024,11.2092413249517,7.07276226684517,4.13647905810653
"pooled_lasso_state_interactions","min",7,2024,"Florida","FL","FL-508","Gainesville/Alachua, Putnam Counties CoC",2023,2024,15.4152656138896,22.4209822295253,-7.00571661563568
"pooled_lasso_state_interactions","min",7,2024,"Florida","FL","FL-509","Fort Pierce/St. Lucie, Indian River, Martin Counties CoC",2023,2024,9.62444086254761,15.9197951592494,-6.29535429670175
"pooled_lasso_state_interactions","min",7,2024,"Florida","FL","FL-510","Jacksonville-Duval, Clay Counties CoC",2023,2024,9.48993257017078,8.56754516473471,0.922387405436073
"pooled_lasso_state_interactions","min",7,2024,"Florida","FL","FL-511","Pensacola/Escambia, Santa Rosa Counties CoC",2023,2024,20.802344385312,20.1785754901897,0.623768895122311
"pooled_lasso_state_interactions","min",7,2024,"Florida","FL","FL-512","St. Johns County CoC",2023,2024,13.259973480053,13.8883566947251,-0.628383214672102
"pooled_lasso_state_interactions","min",7,2024,"Florida","FL","FL-513","Palm Bay, Melbourne/Brevard County CoC",2023,2024,17.0056106324685,18.9974981430698,-1.99188751060128
"pooled_lasso_state_interactions","min",7,2024,"Florida","FL","FL-514","Ocala/Marion County CoC",2023,2024,8.83187887708969,18.507423137564,-9.67554426047429
"pooled_lasso_state_interactions","min",7,2024,"Florida","FL","FL-515","Panama City/Bay, Jackson Counties CoC",2023,2024,15.3172262007447,20.7316655550115,-5.41443935426675
"pooled_lasso_state_interactions","min",7,2024,"Florida","FL","FL-517","Hendry, Hardee, Highlands Counties CoC",2023,2024,23.3043452969577,15.8767942086039,7.42755108835375
"pooled_lasso_state_interactions","min",7,2024,"Florida","FL","FL-519","Pasco County CoC",2023,2024,11.1400661393804,15.5486609142397,-4.40859477485927
"pooled_lasso_state_interactions","min",7,2024,"Florida","FL","FL-520","Citrus, Hernando, Lake, Sumter Counties CoC",2023,2024,7.9788205963204,11.6940679351877,-3.71524733886729
"pooled_lasso_state_interactions","min",7,2024,"Florida","FL","FL-600","Miami-Dade County CoC",2023,2024,13.5128215340324,13.7121538644175,-0.199332330385101
"pooled_lasso_state_interactions","min",7,2024,"Florida","FL","FL-601","Ft Lauderdale/Broward County CoC",2023,2024,12.2610790444801,9.2095530988149,3.0515259456652
"pooled_lasso_state_interactions","min",7,2024,"Florida","FL","FL-602","Charlotte County CoC",2023,2024,16.2208686440678,31.196426760327,-14.9755581162592
"pooled_lasso_state_interactions","min",7,2024,"Florida","FL","FL-603","Ft Myers, Cape Coral/Lee County CoC",2023,2024,10.9206921003125,13.7440915656681,-2.82339946535558
"pooled_lasso_state_interactions","min",7,2024,"Florida","FL","FL-604","Monroe County CoC",2023,2024,54.8680119490337,69.5430725831433,-14.6750606341096
"pooled_lasso_state_interactions","min",7,2024,"Florida","FL","FL-605","West Palm Beach/Palm Beach County CoC",2023,2024,13.5057186490724,13.9779475586527,-0.472228909580338
"pooled_lasso_state_interactions","min",7,2024,"Florida","FL","FL-606","Naples/Collier County CoC",2023,2024,15.8378967273146,22.0331181471287,-6.1952214198141
"pooled_lasso_state_interactions","1se",7,2024,"California","CA","CA-500","San Jose/Santa Clara City & County CoC",2023,2024,54.4784607240383,35.7359058019282,18.7425549221101
"pooled_lasso_state_interactions","1se",7,2024,"California","CA","CA-501","San Francisco CoC",2023,2024,101.383162087594,90.6660100246384,10.7171520629556
"pooled_lasso_state_interactions","1se",7,2024,"California","CA","CA-502","Oakland, Berkeley/Alameda County CoC",2023,2024,57.7408127951197,49.6228590293221,8.11795376579763
"pooled_lasso_state_interactions","1se",7,2024,"California","CA","CA-503","Sacramento City & County CoC",2023,2024,41.0895852343349,39.7667966245177,1.32278860981717
"pooled_lasso_state_interactions","1se",7,2024,"California","CA","CA-504","Santa Rosa, Petaluma/Sonoma County CoC",2023,2024,51.9611095200911,59.2346487876258,-7.27353926753469
"pooled_lasso_state_interactions","1se",7,2024,"California","CA","CA-505","Contra Costa County CoC",2023,2024,24.308827276505,25.2215398164654,-0.912712539960374
"pooled_lasso_state_interactions","1se",7,2024,"California","CA","CA-506","Salinas/Monterey, San Benito Counties CoC",2023,2024,60.8319470202893,40.7395971892056,20.0923498310837
"pooled_lasso_state_interactions","1se",7,2024,"California","CA","CA-507","Marin County CoC",2023,2024,42.6274129462191,51.253503033312,-8.62609008709288
"pooled_lasso_state_interactions","1se",7,2024,"California","CA","CA-508","Watsonville/Santa Cruz City & County CoC",2023,2024,70.7681596835707,57.9189382633255,12.8492214202452
"pooled_lasso_state_interactions","1se",7,2024,"California","CA","CA-509","Mendocino County CoC",2023,2024,87.0259391268173,100.493836049137,-13.4678969223197
"pooled_lasso_state_interactions","1se",7,2024,"California","CA","CA-510","Turlock, Modesto/Stanislaus County CoC",2023,2024,36.8156276239208,43.5598263688846,-6.7441987449638
"pooled_lasso_state_interactions","1se",7,2024,"California","CA","CA-511","Stockton/San Joaquin County CoC",2023,2024,57.908655581785,37.6379718436455,20.2706837381395
"pooled_lasso_state_interactions","1se",7,2024,"California","CA","CA-512","Daly City/San Mateo County CoC",2023,2024,28.7594160083281,33.8924709896186,-5.1330549812905
"pooled_lasso_state_interactions","1se",7,2024,"California","CA","CA-513","Visalia/Kings, Tulare Counties CoC",2023,2024,26.2081289088829,24.666016531594,1.54211237728886
"pooled_lasso_state_interactions","1se",7,2024,"California","CA","CA-514","Fresno City & County/Madera County CoC",2023,2024,35.88008301176,33.471406117155,2.40867689460499
"pooled_lasso_state_interactions","1se",7,2024,"California","CA","CA-515","Roseville, Rocklin/Placer County CoC",2023,2024,16.1647235993451,27.5112588602336,-11.3465352608885
"pooled_lasso_state_interactions","1se",7,2024,"California","CA","CA-516","Redding/Shasta, Siskiyou, Lassen, Plumas, Del Norte, Modoc, Sierra Counties CoC",2023,2024,77.5826736331863,57.5162320198998,20.0664416132865
"pooled_lasso_state_interactions","1se",7,2024,"California","CA","CA-517","Napa City & County CoC",2023,2024,31.1009277692221,41.3961843195287,-10.2952565503066
"pooled_lasso_state_interactions","1se",7,2024,"California","CA","CA-518","Vallejo/Solano County CoC",2023,2024,37.9057564011286,28.6283529884925,9.27740341263613
"pooled_lasso_state_interactions","1se",7,2024,"California","CA","CA-519","Chico, Paradise/Butte County CoC",2023,2024,66.2077032974409,64.0017083549583,2.20599494248263
"pooled_lasso_state_interactions","1se",7,2024,"California","CA","CA-520","Merced City & County CoC",2023,2024,28.2001435276122,36.663735077016,-8.46359154940384
"pooled_lasso_state_interactions","1se",7,2024,"California","CA","CA-521","Davis, Woodland/Yolo County CoC",2023,2024,42.192958882021,49.5578320658169,-7.36487318379591
"pooled_lasso_state_interactions","1se",7,2024,"California","CA","CA-522","Humboldt County CoC",2023,2024,118.874882863275,70.3233185135269,48.5515643497481
"pooled_lasso_state_interactions","1se",7,2024,"California","CA","CA-523","Colusa, Glenn, Trinity Counties CoC",2023,2024,37.5569790862145,52.4655534746526,-14.9085743884381
"pooled_lasso_state_interactions","1se",7,2024,"California","CA","CA-524","Yuba City & County/Sutter County CoC",2023,2024,49.7923530106131,47.9142985856688,1.87805442494425
"pooled_lasso_state_interactions","1se",7,2024,"California","CA","CA-525","El Dorado County CoC",2023,2024,14.7631399743205,30.3254493529019,-15.5623093785814
"pooled_lasso_state_interactions","1se",7,2024,"California","CA","CA-526","Amador, Calaveras, Mariposa, Tuolumne Counties CoC",2023,2024,45.0492785223335,49.4210919817637,-4.37181345943024
"pooled_lasso_state_interactions","1se",7,2024,"California","CA","CA-527","Tehama County CoC",2023,2024,50.0254759368197,40.5440266943383,9.48144924248142
"pooled_lasso_state_interactions","1se",7,2024,"California","CA","CA-529","Lake County CoC",2023,2024,88.98055391868,59.7904153425637,29.1901385761163
"pooled_lasso_state_interactions","1se",7,2024,"California","CA","CA-530","Alpine, Inyo, Mono Counties CoC",2023,2024,33.0423940149626,39.1923515018826,-6.14995748691997
"pooled_lasso_state_interactions","1se",7,2024,"California","CA","CA-531","Nevada County CoC",2023,2024,50.5159281812308,60.9745996366576,-10.4586714554268
"pooled_lasso_state_interactions","1se",7,2024,"California","CA","CA-600","Los Angeles City & County CoC",2023,2024,79.3944803924888,44.2321744808007,35.1623059116881
"pooled_lasso_state_interactions","1se",7,2024,"California","CA","CA-601","San Diego City and County CoC",2023,2024,32.2581430138383,38.6896429880655,-6.43149997422716
"pooled_lasso_state_interactions","1se",7,2024,"California","CA","CA-602","Santa Ana, Anaheim/Orange County CoC",2023,2024,23.1853622530776,20.1283982212499,3.05696403182772
"pooled_lasso_state_interactions","1se",7,2024,"California","CA","CA-603","Santa Maria/Santa Barbara County CoC",2023,2024,47.8242127285982,48.6292953515781,-0.805082622979874
"pooled_lasso_state_interactions","1se",7,2024,"California","CA","CA-604","Bakersfield/Kern County CoC",2023,2024,28.8650383713586,48.4928652985853,-19.6278269272267
"pooled_lasso_state_interactions","1se",7,2024,"California","CA","CA-606","Long Beach CoC",2023,2024,74.2602456319121,64.6118515026617,9.64839412925043
"pooled_lasso_state_interactions","1se",7,2024,"California","CA","CA-607","Pasadena CoC",2023,2024,40.6843979834377,56.7500760982205,-16.0656781147828
"pooled_lasso_state_interactions","1se",7,2024,"California","CA","CA-608","Riverside City & County CoC",2023,2024,16.8003631314074,17.1460864831402,-0.345723351732815
"pooled_lasso_state_interactions","1se",7,2024,"California","CA","CA-609","San Bernardino City & County CoC",2023,2024,19.1773437823942,18.7045841439765,0.472759638417667
"pooled_lasso_state_interactions","1se",7,2024,"California","CA","CA-611","Oxnard, San Buenaventura/Ventura County CoC",2023,2024,28.2926840974238,32.4498236140792,-4.15713951665535
"pooled_lasso_state_interactions","1se",7,2024,"California","CA","CA-612","Glendale CoC",2023,2024,9.23068341548815,29.8224166866788,-20.5917332711906
"pooled_lasso_state_interactions","1se",7,2024,"California","CA","CA-613","Imperial County CoC",2023,2024,82.5076188235552,33.4605132143368,49.0471056092184
"pooled_lasso_state_interactions","1se",7,2024,"California","CA","CA-614","San Luis Obispo County CoC",2023,2024,41.6440725422023,41.3917623284535,0.252310213748828
"pooled_lasso_state_interactions","1se",7,2024,"Florida","FL","FL-500","Sarasota, Bradenton/Manatee, Sarasota Counties CoC",2023,2024,12.3750594954783,13.6589953558101,-1.28393586033176
"pooled_lasso_state_interactions","1se",7,2024,"Florida","FL","FL-501","Tampa/Hillsborough County CoC",2023,2024,12.0481314258292,9.37716381731941,2.67096760850979
"pooled_lasso_state_interactions","1se",7,2024,"Florida","FL","FL-502","St. Petersburg, Clearwater, Largo/Pinellas County CoC",2023,2024,21.9700811227024,29.8172866368088,-7.84720551410638
"pooled_lasso_state_interactions","1se",7,2024,"Florida","FL","FL-503","Lakeland/Polk County CoC",2023,2024,14.1760841122154,8.33655576927562,5.83952834293978
"pooled_lasso_state_interactions","1se",7,2024,"Florida","FL","FL-504","Deltona, Daytona Beach/Volusia, Flagler Counties CoC",2023,2024,15.7853838736844,15.1207646404986,0.664619233185824
"pooled_lasso_state_interactions","1se",7,2024,"Florida","FL","FL-505","Fort Walton Beach/Okaloosa, Walton Counties CoC",2023,2024,12.6047304812041,18.1414391718385,-5.53670869063438
"pooled_lasso_state_interactions","1se",7,2024,"Florida","FL","FL-506","Tallahassee/Leon County CoC",2023,2024,18.2713080699693,26.8903164530097,-8.6190083830404
"pooled_lasso_state_interactions","1se",7,2024,"Florida","FL","FL-507","Orlando/Orange, Osceola, Seminole Counties CoC",2023,2024,11.2092413249517,5.53253909310545,5.67670223184625
"pooled_lasso_state_interactions","1se",7,2024,"Florida","FL","FL-508","Gainesville/Alachua, Putnam Counties CoC",2023,2024,15.4152656138896,22.3837946282184,-6.96852901432881
"pooled_lasso_state_interactions","1se",7,2024,"Florida","FL","FL-509","Fort Pierce/St. Lucie, Indian River, Martin Counties CoC",2023,2024,9.62444086254761,10.1958943871957,-0.571453524648119
"pooled_lasso_state_interactions","1se",7,2024,"Florida","FL","FL-510","Jacksonville-Duval, Clay Counties CoC",2023,2024,9.48993257017078,9.87419364495051,-0.384261074779728
"pooled_lasso_state_interactions","1se",7,2024,"Florida","FL","FL-511","Pensacola/Escambia, Santa Rosa Counties CoC",2023,2024,20.802344385312,17.9885115689536,2.81383281635841
"pooled_lasso_state_interactions","1se",7,2024,"Florida","FL","FL-512","St. Johns County CoC",2023,2024,13.259973480053,11.0018645476433,2.2581089324097
"pooled_lasso_state_interactions","1se",7,2024,"Florida","FL","FL-513","Palm Bay, Melbourne/Brevard County CoC",2023,2024,17.0056106324685,15.3758892595261,1.6297213729424
"pooled_lasso_state_interactions","1se",7,2024,"Florida","FL","FL-514","Ocala/Marion County CoC",2023,2024,8.83187887708969,15.4647979399327,-6.63291906284304
"pooled_lasso_state_interactions","1se",7,2024,"Florida","FL","FL-515","Panama City/Bay, Jackson Counties CoC",2023,2024,15.3172262007447,16.6909561421414,-1.37372994139666
"pooled_lasso_state_interactions","1se",7,2024,"Florida","FL","FL-517","Hendry, Hardee, Highlands Counties CoC",2023,2024,23.3043452969577,13.6800530341468,9.62429226281093
"pooled_lasso_state_interactions","1se",7,2024,"Florida","FL","FL-519","Pasco County CoC",2023,2024,11.1400661393804,11.6613133020439,-0.521247162663458
"pooled_lasso_state_interactions","1se",7,2024,"Florida","FL","FL-520","Citrus, Hernando, Lake, Sumter Counties CoC",2023,2024,7.9788205963204,6.21342495897855,1.76539563734185
"pooled_lasso_state_interactions","1se",7,2024,"Florida","FL","FL-600","Miami-Dade County CoC",2023,2024,13.5128215340324,13.1313373010607,0.38148423297172
"pooled_lasso_state_interactions","1se",7,2024,"Florida","FL","FL-601","Ft Lauderdale/Broward County CoC",2023,2024,12.2610790444801,6.17963344984243,6.08144559463767
"pooled_lasso_state_interactions","1se",7,2024,"Florida","FL","FL-602","Charlotte County CoC",2023,2024,16.2208686440678,23.0560290097857,-6.8351603657179
"pooled_lasso_state_interactions","1se",7,2024,"Florida","FL","FL-603","Ft Myers, Cape Coral/Lee County CoC",2023,2024,10.9206921003125,9.94027848419203,0.980413616120467
"pooled_lasso_state_interactions","1se",7,2024,"Florida","FL","FL-604","Monroe County CoC",2023,2024,54.8680119490337,69.797324615677,-14.9293126666433
"pooled_lasso_state_interactions","1se",7,2024,"Florida","FL","FL-605","West Palm Beach/Palm Beach County CoC",2023,2024,13.5057186490724,10.177487162867,3.32823148620539
"pooled_lasso_state_interactions","1se",7,2024,"Florida","FL","FL-606","Naples/Collier County CoC",2023,2024,15.8378967273146,18.805599040302,-2.96770231298741
"separate_lasso_CA","min",7,2024,"California","CA","CA-500","San Jose/Santa Clara City & County CoC",2023,2024,54.4784607240383,40.3681961706651,14.1102645533732
"separate_lasso_CA","min",7,2024,"California","CA","CA-501","San Francisco CoC",2023,2024,101.383162087594,111.725276700961,-10.3421146133671
"separate_lasso_CA","min",7,2024,"California","CA","CA-502","Oakland, Berkeley/Alameda County CoC",2023,2024,57.7408127951197,60.4933973947553,-2.75258459963564
"separate_lasso_CA","min",7,2024,"California","CA","CA-503","Sacramento City & County CoC",2023,2024,41.0895852343349,44.9226505230016,-3.83306528866672
"separate_lasso_CA","min",7,2024,"California","CA","CA-504","Santa Rosa, Petaluma/Sonoma County CoC",2023,2024,51.9611095200911,66.8279046828258,-14.8667951627347
"separate_lasso_CA","min",7,2024,"California","CA","CA-505","Contra Costa County CoC",2023,2024,24.308827276505,27.6421184153989,-3.3332911388939
"separate_lasso_CA","min",7,2024,"California","CA","CA-506","Salinas/Monterey, San Benito Counties CoC",2023,2024,60.8319470202893,47.1791560057483,13.652791014541
"separate_lasso_CA","min",7,2024,"California","CA","CA-507","Marin County CoC",2023,2024,42.6274129462191,56.5345490270262,-13.9071360808071
"separate_lasso_CA","min",7,2024,"California","CA","CA-508","Watsonville/Santa Cruz City & County CoC",2023,2024,70.7681596835707,68.2716620583937,2.49649762517703
"separate_lasso_CA","min",7,2024,"California","CA","CA-509","Mendocino County CoC",2023,2024,87.0259391268173,106.91281638851,-19.886877261693
"separate_lasso_CA","min",7,2024,"California","CA","CA-510","Turlock, Modesto/Stanislaus County CoC",2023,2024,36.8156276239208,50.7260702860676,-13.9104426621468
"separate_lasso_CA","min",7,2024,"California","CA","CA-511","Stockton/San Joaquin County CoC",2023,2024,57.908655581785,41.5651567718626,16.3434988099224
"separate_lasso_CA","min",7,2024,"California","CA","CA-512","Daly City/San Mateo County CoC",2023,2024,28.7594160083281,37.3789588553301,-8.61954284700203
"separate_lasso_CA","min",7,2024,"California","CA","CA-513","Visalia/Kings, Tulare Counties CoC",2023,2024,26.2081289088829,24.5335175254855,1.67461138339744
"separate_lasso_CA","min",7,2024,"California","CA","CA-514","Fresno City & County/Madera County CoC",2023,2024,35.88008301176,35.3562192473056,0.523863764454369
"separate_lasso_CA","min",7,2024,"California","CA","CA-515","Roseville, Rocklin/Placer County CoC",2023,2024,16.1647235993451,19.130870673107,-2.96614707376192
"separate_lasso_CA","min",7,2024,"California","CA","CA-516","Redding/Shasta, Siskiyou, Lassen, Plumas, Del Norte, Modoc, Sierra Counties CoC",2023,2024,77.5826736331863,68.3745771113024,9.20809652188386
"separate_lasso_CA","min",7,2024,"California","CA","CA-517","Napa City & County CoC",2023,2024,31.1009277692221,45.4480530760008,-14.3471253067787
"separate_lasso_CA","min",7,2024,"California","CA","CA-518","Vallejo/Solano County CoC",2023,2024,37.9057564011286,31.0279714257804,6.87778497534823
"separate_lasso_CA","min",7,2024,"California","CA","CA-519","Chico, Paradise/Butte County CoC",2023,2024,66.2077032974409,79.405656802551,-13.1979535051101
"separate_lasso_CA","min",7,2024,"California","CA","CA-520","Merced City & County CoC",2023,2024,28.2001435276122,40.8940425763153,-12.693899048703
"separate_lasso_CA","min",7,2024,"California","CA","CA-521","Davis, Woodland/Yolo County CoC",2023,2024,42.192958882021,55.1243623320937,-12.9314034500727
"separate_lasso_CA","min",7,2024,"California","CA","CA-522","Humboldt County CoC",2023,2024,118.874882863275,86.6359254595095,32.2389574037656
"separate_lasso_CA","min",7,2024,"California","CA","CA-523","Colusa, Glenn, Trinity Counties CoC",2023,2024,37.5569790862145,53.5214483008665,-15.964469214652
"separate_lasso_CA","min",7,2024,"California","CA","CA-524","Yuba City & County/Sutter County CoC",2023,2024,49.7923530106131,49.5968590269248,0.195493983688337
"separate_lasso_CA","min",7,2024,"California","CA","CA-525","El Dorado County CoC",2023,2024,14.7631399743205,27.2651884116618,-12.5020484373413
"separate_lasso_CA","min",7,2024,"California","CA","CA-526","Amador, Calaveras, Mariposa, Tuolumne Counties CoC",2023,2024,45.0492785223335,61.2122745513539,-16.1629960290204
"separate_lasso_CA","min",7,2024,"California","CA","CA-527","Tehama County CoC",2023,2024,50.0254759368197,39.6858632814324,10.3396126553873
"separate_lasso_CA","min",7,2024,"California","CA","CA-529","Lake County CoC",2023,2024,88.98055391868,73.4077759295714,15.5727779891086
"separate_lasso_CA","min",7,2024,"California","CA","CA-530","Alpine, Inyo, Mono Counties CoC",2023,2024,33.0423940149626,41.5880094454568,-8.54561543049415
"separate_lasso_CA","min",7,2024,"California","CA","CA-531","Nevada County CoC",2023,2024,50.5159281812308,73.8230872563069,-23.3071590750761
"separate_lasso_CA","min",7,2024,"California","CA","CA-600","Los Angeles City & County CoC",2023,2024,79.3944803924888,66.4196779278474,12.9748024646414
"separate_lasso_CA","min",7,2024,"California","CA","CA-601","San Diego City and County CoC",2023,2024,32.2581430138383,54.4695621069268,-22.2114190930885
"separate_lasso_CA","min",7,2024,"California","CA","CA-602","Santa Ana, Anaheim/Orange County CoC",2023,2024,23.1853622530776,31.6929166675843,-8.50755441450668
"separate_lasso_CA","min",7,2024,"California","CA","CA-603","Santa Maria/Santa Barbara County CoC",2023,2024,47.8242127285982,62.084275951668,-14.2600632230698
"separate_lasso_CA","min",7,2024,"California","CA","CA-604","Bakersfield/Kern County CoC",2023,2024,28.8650383713586,49.7077998795719,-20.8427615082133
"separate_lasso_CA","min",7,2024,"California","CA","CA-606","Long Beach CoC",2023,2024,74.2602456319121,77.2326917740889,-2.97244614217681
"separate_lasso_CA","min",7,2024,"California","CA","CA-607","Pasadena CoC",2023,2024,40.6843979834377,60.1214418920899,-19.4370439086522
"separate_lasso_CA","min",7,2024,"California","CA","CA-608","Riverside City & County CoC",2023,2024,16.8003631314074,19.2839229569085,-2.48355982550106
"separate_lasso_CA","min",7,2024,"California","CA","CA-609","San Bernardino City & County CoC",2023,2024,19.1773437823942,23.676474537477,-4.49913075508278
"separate_lasso_CA","min",7,2024,"California","CA","CA-611","Oxnard, San Buenaventura/Ventura County CoC",2023,2024,28.2926840974238,40.344056960183,-12.0513728627592
"separate_lasso_CA","min",7,2024,"California","CA","CA-612","Glendale CoC",2023,2024,9.23068341548815,34.4454219103188,-25.2147384948306
"separate_lasso_CA","min",7,2024,"California","CA","CA-613","Imperial County CoC",2023,2024,82.5076188235552,39.6898121470334,42.8178066765218
"separate_lasso_CA","min",7,2024,"California","CA","CA-614","San Luis Obispo County CoC",2023,2024,41.6440725422023,51.9432305904415,-10.2991580482392
"separate_lasso_CA","1se",7,2024,"California","CA","CA-500","San Jose/Santa Clara City & County CoC",2023,2024,54.4784607240383,44.3146398121392,10.1638209118991
"separate_lasso_CA","1se",7,2024,"California","CA","CA-501","San Francisco CoC",2023,2024,101.383162087594,112.948009711697,-11.5648476241033
"separate_lasso_CA","1se",7,2024,"California","CA","CA-502","Oakland, Berkeley/Alameda County CoC",2023,2024,57.7408127951197,58.7461772802179,-1.00536448509819
"separate_lasso_CA","1se",7,2024,"California","CA","CA-503","Sacramento City & County CoC",2023,2024,41.0895852343349,46.0273874270937,-4.9378021927588
"separate_lasso_CA","1se",7,2024,"California","CA","CA-504","Santa Rosa, Petaluma/Sonoma County CoC",2023,2024,51.9611095200911,62.2393184108165,-10.2782088907254
"separate_lasso_CA","1se",7,2024,"California","CA","CA-505","Contra Costa County CoC",2023,2024,24.308827276505,31.1658211116527,-6.85699383514766
"separate_lasso_CA","1se",7,2024,"California","CA","CA-506","Salinas/Monterey, San Benito Counties CoC",2023,2024,60.8319470202893,46.0643045806052,14.7676424396841
"separate_lasso_CA","1se",7,2024,"California","CA","CA-507","Marin County CoC",2023,2024,42.6274129462191,50.0977159937332,-7.47030304751414
"separate_lasso_CA","1se",7,2024,"California","CA","CA-508","Watsonville/Santa Cruz City & County CoC",2023,2024,70.7681596835707,59.9210502045575,10.8471094790132
"separate_lasso_CA","1se",7,2024,"California","CA","CA-509","Mendocino County CoC",2023,2024,87.0259391268173,92.7400075970053,-5.71406847018802
"separate_lasso_CA","1se",7,2024,"California","CA","CA-510","Turlock, Modesto/Stanislaus County CoC",2023,2024,36.8156276239208,52.1550382098129,-15.3394105858921
"separate_lasso_CA","1se",7,2024,"California","CA","CA-511","Stockton/San Joaquin County CoC",2023,2024,57.908655581785,45.5065802995208,12.4020752822642
"separate_lasso_CA","1se",7,2024,"California","CA","CA-512","Daly City/San Mateo County CoC",2023,2024,28.7594160083281,40.3848405776813,-11.6254245693532
"separate_lasso_CA","1se",7,2024,"California","CA","CA-513","Visalia/Kings, Tulare Counties CoC",2023,2024,26.2081289088829,29.3895082868011,-3.18137937791817
"separate_lasso_CA","1se",7,2024,"California","CA","CA-514","Fresno City & County/Madera County CoC",2023,2024,35.88008301176,39.1617995635962,-3.28171655183619
"separate_lasso_CA","1se",7,2024,"California","CA","CA-515","Roseville, Rocklin/Placer County CoC",2023,2024,16.1647235993451,24.1783414693912,-8.01361787004609
"separate_lasso_CA","1se",7,2024,"California","CA","CA-516","Redding/Shasta, Siskiyou, Lassen, Plumas, Del Norte, Modoc, Sierra Counties CoC",2023,2024,77.5826736331863,74.9498434415028,2.63283019168345
"separate_lasso_CA","1se",7,2024,"California","CA","CA-517","Napa City & County CoC",2023,2024,31.1009277692221,42.8938016503586,-11.7928738811365
"separate_lasso_CA","1se",7,2024,"California","CA","CA-518","Vallejo/Solano County CoC",2023,2024,37.9057564011286,32.1390954014822,5.76666099964638
"separate_lasso_CA","1se",7,2024,"California","CA","CA-519","Chico, Paradise/Butte County CoC",2023,2024,66.2077032974409,75.4180728566896,-9.21036955924873
"separate_lasso_CA","1se",7,2024,"California","CA","CA-520","Merced City & County CoC",2023,2024,28.2001435276122,42.8248138102473,-14.6246702826351
"separate_lasso_CA","1se",7,2024,"California","CA","CA-521","Davis, Woodland/Yolo County CoC",2023,2024,42.192958882021,51.169336924677,-8.97637804265594
"separate_lasso_CA","1se",7,2024,"California","CA","CA-522","Humboldt County CoC",2023,2024,118.874882863275,76.8345105419474,42.0403723213276
"separate_lasso_CA","1se",7,2024,"California","CA","CA-523","Colusa, Glenn, Trinity Counties CoC",2023,2024,37.5569790862145,59.9120294374459,-22.3550503512314
"separate_lasso_CA","1se",7,2024,"California","CA","CA-524","Yuba City & County/Sutter County CoC",2023,2024,49.7923530106131,52.7082388237517,-2.91588581313857
"separate_lasso_CA","1se",7,2024,"California","CA","CA-525","El Dorado County CoC",2023,2024,14.7631399743205,27.7413086721908,-12.9781686978703
"separate_lasso_CA","1se",7,2024,"California","CA","CA-526","Amador, Calaveras, Mariposa, Tuolumne Counties CoC",2023,2024,45.0492785223335,59.0936413197713,-14.0443627974378
"separate_lasso_CA","1se",7,2024,"California","CA","CA-527","Tehama County CoC",2023,2024,50.0254759368197,40.5237238009941,9.50175213582558
"separate_lasso_CA","1se",7,2024,"California","CA","CA-529","Lake County CoC",2023,2024,88.98055391868,70.136836220103,18.843717698577
"separate_lasso_CA","1se",7,2024,"California","CA","CA-530","Alpine, Inyo, Mono Counties CoC",2023,2024,33.0423940149626,39.2021768953023,-6.15978288033969
"separate_lasso_CA","1se",7,2024,"California","CA","CA-531","Nevada County CoC",2023,2024,50.5159281812308,67.009146097576,-16.4932179163452
"separate_lasso_CA","1se",7,2024,"California","CA","CA-600","Los Angeles City & County CoC",2023,2024,79.3944803924888,62.0828506492075,17.3116297432813
"separate_lasso_CA","1se",7,2024,"California","CA","CA-601","San Diego City and County CoC",2023,2024,32.2581430138383,50.3019646434816,-18.0438216296433
"separate_lasso_CA","1se",7,2024,"California","CA","CA-602","Santa Ana, Anaheim/Orange County CoC",2023,2024,23.1853622530776,34.9134058742848,-11.7280436212072
"separate_lasso_CA","1se",7,2024,"California","CA","CA-603","Santa Maria/Santa Barbara County CoC",2023,2024,47.8242127285982,56.1831866894188,-8.35897396082056
"separate_lasso_CA","1se",7,2024,"California","CA","CA-604","Bakersfield/Kern County CoC",2023,2024,28.8650383713586,46.1530188915817,-17.2879805202231
"separate_lasso_CA","1se",7,2024,"California","CA","CA-606","Long Beach CoC",2023,2024,74.2602456319121,73.9373238554632,0.322921776448865
"separate_lasso_CA","1se",7,2024,"California","CA","CA-607","Pasadena CoC",2023,2024,40.6843979834377,55.647108264565,-14.9627102811273
"separate_lasso_CA","1se",7,2024,"California","CA","CA-608","Riverside City & County CoC",2023,2024,16.8003631314074,22.2285499001383,-5.42818676873087
"separate_lasso_CA","1se",7,2024,"California","CA","CA-609","San Bernardino City & County CoC",2023,2024,19.1773437823942,25.3282150033458,-6.15087122095164
"separate_lasso_CA","1se",7,2024,"California","CA","CA-611","Oxnard, San Buenaventura/Ventura County CoC",2023,2024,28.2926840974238,40.1589173393186,-11.8662332418948
"separate_lasso_CA","1se",7,2024,"California","CA","CA-612","Glendale CoC",2023,2024,9.23068341548815,35.0430553253733,-25.8123719098851
"separate_lasso_CA","1se",7,2024,"California","CA","CA-613","Imperial County CoC",2023,2024,82.5076188235552,41.1486344425986,41.3589843809566
"separate_lasso_CA","1se",7,2024,"California","CA","CA-614","San Luis Obispo County CoC",2023,2024,41.6440725422023,45.0928819929898,-3.44880945078753
"separate_lasso_FL","min",7,2024,"Florida","FL","FL-500","Sarasota, Bradenton/Manatee, Sarasota Counties CoC",2023,2024,12.3750594954783,4.4615109155053,7.913548579973
"separate_lasso_FL","min",7,2024,"Florida","FL","FL-501","Tampa/Hillsborough County CoC",2023,2024,12.0481314258292,1.65618150984459,10.3919499159846
"separate_lasso_FL","min",7,2024,"Florida","FL","FL-502","St. Petersburg, Clearwater, Largo/Pinellas County CoC",2023,2024,21.9700811227024,15.4419767628403,6.52810435986214
"separate_lasso_FL","min",7,2024,"Florida","FL","FL-503","Lakeland/Polk County CoC",2023,2024,14.1760841122154,3.62153582645164,10.5545482857638
"separate_lasso_FL","min",7,2024,"Florida","FL","FL-504","Deltona, Daytona Beach/Volusia, Flagler Counties CoC",2023,2024,15.7853838736844,6.68753122833372,9.09785264535068
"separate_lasso_FL","min",7,2024,"Florida","FL","FL-505","Fort Walton Beach/Okaloosa, Walton Counties CoC",2023,2024,12.6047304812041,12.9663109805297,-0.361580499325573
"separate_lasso_FL","min",7,2024,"Florida","FL","FL-506","Tallahassee/Leon County CoC",2023,2024,18.2713080699693,14.5809334505113,3.690374619458
"separate_lasso_FL","min",7,2024,"Florida","FL","FL-507","Orlando/Orange, Osceola, Seminole Counties CoC",2023,2024,11.2092413249517,-4.00029067221241,15.2095319971641
"separate_lasso_FL","min",7,2024,"Florida","FL","FL-508","Gainesville/Alachua, Putnam Counties CoC",2023,2024,15.4152656138896,13.5964688202457,1.81879679364386
"separate_lasso_FL","min",7,2024,"Florida","FL","FL-509","Fort Pierce/St. Lucie, Indian River, Martin Counties CoC",2023,2024,9.62444086254761,5.03660048120004,4.58784038134757
"separate_lasso_FL","min",7,2024,"Florida","FL","FL-510","Jacksonville-Duval, Clay Counties CoC",2023,2024,9.48993257017078,0.430825224710613,9.05910734546017
"separate_lasso_FL","min",7,2024,"Florida","FL","FL-511","Pensacola/Escambia, Santa Rosa Counties CoC",2023,2024,20.802344385312,9.43994017694293,11.3624042083691
"separate_lasso_FL","min",7,2024,"Florida","FL","FL-512","St. Johns County CoC",2023,2024,13.259973480053,10.2958274598479,2.9641460202051
"separate_lasso_FL","min",7,2024,"Florida","FL","FL-513","Palm Bay, Melbourne/Brevard County CoC",2023,2024,17.0056106324685,8.65237659271522,8.35323403975328
"separate_lasso_FL","min",7,2024,"Florida","FL","FL-514","Ocala/Marion County CoC",2023,2024,8.83187887708969,11.0360438624183,-2.20416498532857
"separate_lasso_FL","min",7,2024,"Florida","FL","FL-515","Panama City/Bay, Jackson Counties CoC",2023,2024,15.3172262007447,11.3908930541498,3.92633314659486
"separate_lasso_FL","min",7,2024,"Florida","FL","FL-517","Hendry, Hardee, Highlands Counties CoC",2023,2024,23.3043452969577,11.5693198515035,11.7350254454542
"separate_lasso_FL","min",7,2024,"Florida","FL","FL-519","Pasco County CoC",2023,2024,11.1400661393804,8.02195330907499,3.11811283030541
"separate_lasso_FL","min",7,2024,"Florida","FL","FL-520","Citrus, Hernando, Lake, Sumter Counties CoC",2023,2024,7.9788205963204,0.224069385916273,7.75475121040413
"separate_lasso_FL","min",7,2024,"Florida","FL","FL-600","Miami-Dade County CoC",2023,2024,13.5128215340324,2.97723611590456,10.5355854181278
"separate_lasso_FL","min",7,2024,"Florida","FL","FL-601","Ft Lauderdale/Broward County CoC",2023,2024,12.2610790444801,-2.47008845861325,14.7311675030934
"separate_lasso_FL","min",7,2024,"Florida","FL","FL-602","Charlotte County CoC",2023,2024,16.2208686440678,16.6205982577324,-0.399729613664555
"separate_lasso_FL","min",7,2024,"Florida","FL","FL-603","Ft Myers, Cape Coral/Lee County CoC",2023,2024,10.9206921003125,3.15637724655166,7.76431485376084
"separate_lasso_FL","min",7,2024,"Florida","FL","FL-604","Monroe County CoC",2023,2024,54.8680119490337,49.5529620527777,5.31504989625601
"separate_lasso_FL","min",7,2024,"Florida","FL","FL-605","West Palm Beach/Palm Beach County CoC",2023,2024,13.5057186490724,1.08115315398195,12.4245654950904
"separate_lasso_FL","min",7,2024,"Florida","FL","FL-606","Naples/Collier County CoC",2023,2024,15.8378967273146,11.4957654592929,4.34213126802166
"separate_lasso_FL","1se",7,2024,"Florida","FL","FL-500","Sarasota, Bradenton/Manatee, Sarasota Counties CoC",2023,2024,12.3750594954783,7.26823374071576,5.10682575476254
"separate_lasso_FL","1se",7,2024,"Florida","FL","FL-501","Tampa/Hillsborough County CoC",2023,2024,12.0481314258292,3.55194729561026,8.49618413021894
"separate_lasso_FL","1se",7,2024,"Florida","FL","FL-502","St. Petersburg, Clearwater, Largo/Pinellas County CoC",2023,2024,21.9700811227024,11.4341316679464,10.535949454756
"separate_lasso_FL","1se",7,2024,"Florida","FL","FL-503","Lakeland/Polk County CoC",2023,2024,14.1760841122154,7.07256843464633,7.10351567756908
"separate_lasso_FL","1se",7,2024,"Florida","FL","FL-504","Deltona, Daytona Beach/Volusia, Flagler Counties CoC",2023,2024,15.7853838736844,7.80128069157225,7.98410318211215
"separate_lasso_FL","1se",7,2024,"Florida","FL","FL-505","Fort Walton Beach/Okaloosa, Walton Counties CoC",2023,2024,12.6047304812041,11.1104329279926,1.4942975532115
"separate_lasso_FL","1se",7,2024,"Florida","FL","FL-506","Tallahassee/Leon County CoC",2023,2024,18.2713080699693,13.2287762820628,5.04253178790652
"separate_lasso_FL","1se",7,2024,"Florida","FL","FL-507","Orlando/Orange, Osceola, Seminole Counties CoC",2023,2024,11.2092413249517,1.91181044787416,9.29743087707754
"separate_lasso_FL","1se",7,2024,"Florida","FL","FL-508","Gainesville/Alachua, Putnam Counties CoC",2023,2024,15.4152656138896,9.99533813130753,5.41992748258207
"separate_lasso_FL","1se",7,2024,"Florida","FL","FL-509","Fort Pierce/St. Lucie, Indian River, Martin Counties CoC",2023,2024,9.62444086254761,6.30563737660058,3.31880348594703
"separate_lasso_FL","1se",7,2024,"Florida","FL","FL-510","Jacksonville-Duval, Clay Counties CoC",2023,2024,9.48993257017078,4.60019385484346,4.88973871532732
"separate_lasso_FL","1se",7,2024,"Florida","FL","FL-511","Pensacola/Escambia, Santa Rosa Counties CoC",2023,2024,20.802344385312,11.0827047154082,9.71963966990381
"separate_lasso_FL","1se",7,2024,"Florida","FL","FL-512","St. Johns County CoC",2023,2024,13.259973480053,11.1982571199909,2.0617163600621
"separate_lasso_FL","1se",7,2024,"Florida","FL","FL-513","Palm Bay, Melbourne/Brevard County CoC",2023,2024,17.0056106324685,8.20798395743661,8.79762667503189
"separate_lasso_FL","1se",7,2024,"Florida","FL","FL-514","Ocala/Marion County CoC",2023,2024,8.83187887708969,10.9966570947249,-2.16477821763518
"separate_lasso_FL","1se",7,2024,"Florida","FL","FL-515","Panama City/Bay, Jackson Counties CoC",2023,2024,15.3172262007447,11.7879989450005,3.5292272557442
"separate_lasso_FL","1se",7,2024,"Florida","FL","FL-517","Hendry, Hardee, Highlands Counties CoC",2023,2024,23.3043452969577,11.6824833206773,11.6218619762804
"separate_lasso_FL","1se",7,2024,"Florida","FL","FL-519","Pasco County CoC",2023,2024,11.1400661393804,7.68422372245913,3.45584241692127
"separate_lasso_FL","1se",7,2024,"Florida","FL","FL-520","Citrus, Hernando, Lake, Sumter Counties CoC",2023,2024,7.9788205963204,4.80508745231795,3.17373314400245
"separate_lasso_FL","1se",7,2024,"Florida","FL","FL-600","Miami-Dade County CoC",2023,2024,13.5128215340324,2.0417861147964,11.471035419236
"separate_lasso_FL","1se",7,2024,"Florida","FL","FL-601","Ft Lauderdale/Broward County CoC",2023,2024,12.2610790444801,1.86181144305934,10.3992676014208
"separate_lasso_FL","1se",7,2024,"Florida","FL","FL-602","Charlotte County CoC",2023,2024,16.2208686440678,15.0079869755404,1.21288166852736
"separate_lasso_FL","1se",7,2024,"Florida","FL","FL-603","Ft Myers, Cape Coral/Lee County CoC",2023,2024,10.9206921003125,5.73074676956255,5.18994533074995
"separate_lasso_FL","1se",7,2024,"Florida","FL","FL-604","Monroe County CoC",2023,2024,54.8680119490337,34.367220951365,20.5007909976687
"separate_lasso_FL","1se",7,2024,"Florida","FL","FL-605","West Palm Beach/Palm Beach County CoC",2023,2024,13.5057186490724,3.12182063488071,10.3838980141917
"separate_lasso_FL","1se",7,2024,"Florida","FL","FL-606","Naples/Collier County CoC",2023,2024,15.8378967273146,12.0507668060166,3.78712992129799
"separate_state_lasso","min",7,2024,"California","CA","CA-500","San Jose/Santa Clara City & County CoC",2023,2024,54.4784607240383,40.3681961706651,14.1102645533732
"separate_state_lasso","min",7,2024,"California","CA","CA-501","San Francisco CoC",2023,2024,101.383162087594,111.725276700961,-10.3421146133671
"separate_state_lasso","min",7,2024,"California","CA","CA-502","Oakland, Berkeley/Alameda County CoC",2023,2024,57.7408127951197,60.4933973947553,-2.75258459963564
"separate_state_lasso","min",7,2024,"California","CA","CA-503","Sacramento City & County CoC",2023,2024,41.0895852343349,44.9226505230016,-3.83306528866672
"separate_state_lasso","min",7,2024,"California","CA","CA-504","Santa Rosa, Petaluma/Sonoma County CoC",2023,2024,51.9611095200911,66.8279046828258,-14.8667951627347
"separate_state_lasso","min",7,2024,"California","CA","CA-505","Contra Costa County CoC",2023,2024,24.308827276505,27.6421184153989,-3.3332911388939
"separate_state_lasso","min",7,2024,"California","CA","CA-506","Salinas/Monterey, San Benito Counties CoC",2023,2024,60.8319470202893,47.1791560057483,13.652791014541
"separate_state_lasso","min",7,2024,"California","CA","CA-507","Marin County CoC",2023,2024,42.6274129462191,56.5345490270262,-13.9071360808071
"separate_state_lasso","min",7,2024,"California","CA","CA-508","Watsonville/Santa Cruz City & County CoC",2023,2024,70.7681596835707,68.2716620583937,2.49649762517703
"separate_state_lasso","min",7,2024,"California","CA","CA-509","Mendocino County CoC",2023,2024,87.0259391268173,106.91281638851,-19.886877261693
"separate_state_lasso","min",7,2024,"California","CA","CA-510","Turlock, Modesto/Stanislaus County CoC",2023,2024,36.8156276239208,50.7260702860676,-13.9104426621468
"separate_state_lasso","min",7,2024,"California","CA","CA-511","Stockton/San Joaquin County CoC",2023,2024,57.908655581785,41.5651567718626,16.3434988099224
"separate_state_lasso","min",7,2024,"California","CA","CA-512","Daly City/San Mateo County CoC",2023,2024,28.7594160083281,37.3789588553301,-8.61954284700203
"separate_state_lasso","min",7,2024,"California","CA","CA-513","Visalia/Kings, Tulare Counties CoC",2023,2024,26.2081289088829,24.5335175254855,1.67461138339744
"separate_state_lasso","min",7,2024,"California","CA","CA-514","Fresno City & County/Madera County CoC",2023,2024,35.88008301176,35.3562192473056,0.523863764454369
"separate_state_lasso","min",7,2024,"California","CA","CA-515","Roseville, Rocklin/Placer County CoC",2023,2024,16.1647235993451,19.130870673107,-2.96614707376192
"separate_state_lasso","min",7,2024,"California","CA","CA-516","Redding/Shasta, Siskiyou, Lassen, Plumas, Del Norte, Modoc, Sierra Counties CoC",2023,2024,77.5826736331863,68.3745771113024,9.20809652188386
"separate_state_lasso","min",7,2024,"California","CA","CA-517","Napa City & County CoC",2023,2024,31.1009277692221,45.4480530760008,-14.3471253067787
"separate_state_lasso","min",7,2024,"California","CA","CA-518","Vallejo/Solano County CoC",2023,2024,37.9057564011286,31.0279714257804,6.87778497534823
"separate_state_lasso","min",7,2024,"California","CA","CA-519","Chico, Paradise/Butte County CoC",2023,2024,66.2077032974409,79.405656802551,-13.1979535051101
"separate_state_lasso","min",7,2024,"California","CA","CA-520","Merced City & County CoC",2023,2024,28.2001435276122,40.8940425763153,-12.693899048703
"separate_state_lasso","min",7,2024,"California","CA","CA-521","Davis, Woodland/Yolo County CoC",2023,2024,42.192958882021,55.1243623320937,-12.9314034500727
"separate_state_lasso","min",7,2024,"California","CA","CA-522","Humboldt County CoC",2023,2024,118.874882863275,86.6359254595095,32.2389574037656
"separate_state_lasso","min",7,2024,"California","CA","CA-523","Colusa, Glenn, Trinity Counties CoC",2023,2024,37.5569790862145,53.5214483008665,-15.964469214652
"separate_state_lasso","min",7,2024,"California","CA","CA-524","Yuba City & County/Sutter County CoC",2023,2024,49.7923530106131,49.5968590269248,0.195493983688337
"separate_state_lasso","min",7,2024,"California","CA","CA-525","El Dorado County CoC",2023,2024,14.7631399743205,27.2651884116618,-12.5020484373413
"separate_state_lasso","min",7,2024,"California","CA","CA-526","Amador, Calaveras, Mariposa, Tuolumne Counties CoC",2023,2024,45.0492785223335,61.2122745513539,-16.1629960290204
"separate_state_lasso","min",7,2024,"California","CA","CA-527","Tehama County CoC",2023,2024,50.0254759368197,39.6858632814324,10.3396126553873
"separate_state_lasso","min",7,2024,"California","CA","CA-529","Lake County CoC",2023,2024,88.98055391868,73.4077759295714,15.5727779891086
"separate_state_lasso","min",7,2024,"California","CA","CA-530","Alpine, Inyo, Mono Counties CoC",2023,2024,33.0423940149626,41.5880094454568,-8.54561543049415
"separate_state_lasso","min",7,2024,"California","CA","CA-531","Nevada County CoC",2023,2024,50.5159281812308,73.8230872563069,-23.3071590750761
"separate_state_lasso","min",7,2024,"California","CA","CA-600","Los Angeles City & County CoC",2023,2024,79.3944803924888,66.4196779278474,12.9748024646414
"separate_state_lasso","min",7,2024,"California","CA","CA-601","San Diego City and County CoC",2023,2024,32.2581430138383,54.4695621069268,-22.2114190930885
"separate_state_lasso","min",7,2024,"California","CA","CA-602","Santa Ana, Anaheim/Orange County CoC",2023,2024,23.1853622530776,31.6929166675843,-8.50755441450668
"separate_state_lasso","min",7,2024,"California","CA","CA-603","Santa Maria/Santa Barbara County CoC",2023,2024,47.8242127285982,62.084275951668,-14.2600632230698
"separate_state_lasso","min",7,2024,"California","CA","CA-604","Bakersfield/Kern County CoC",2023,2024,28.8650383713586,49.7077998795719,-20.8427615082133
"separate_state_lasso","min",7,2024,"California","CA","CA-606","Long Beach CoC",2023,2024,74.2602456319121,77.2326917740889,-2.97244614217681
"separate_state_lasso","min",7,2024,"California","CA","CA-607","Pasadena CoC",2023,2024,40.6843979834377,60.1214418920899,-19.4370439086522
"separate_state_lasso","min",7,2024,"California","CA","CA-608","Riverside City & County CoC",2023,2024,16.8003631314074,19.2839229569085,-2.48355982550106
"separate_state_lasso","min",7,2024,"California","CA","CA-609","San Bernardino City & County CoC",2023,2024,19.1773437823942,23.676474537477,-4.49913075508278
"separate_state_lasso","min",7,2024,"California","CA","CA-611","Oxnard, San Buenaventura/Ventura County CoC",2023,2024,28.2926840974238,40.344056960183,-12.0513728627592
"separate_state_lasso","min",7,2024,"California","CA","CA-612","Glendale CoC",2023,2024,9.23068341548815,34.4454219103188,-25.2147384948306
"separate_state_lasso","min",7,2024,"California","CA","CA-613","Imperial County CoC",2023,2024,82.5076188235552,39.6898121470334,42.8178066765218
"separate_state_lasso","min",7,2024,"California","CA","CA-614","San Luis Obispo County CoC",2023,2024,41.6440725422023,51.9432305904415,-10.2991580482392
"separate_state_lasso","min",7,2024,"Florida","FL","FL-500","Sarasota, Bradenton/Manatee, Sarasota Counties CoC",2023,2024,12.3750594954783,4.4615109155053,7.913548579973
"separate_state_lasso","min",7,2024,"Florida","FL","FL-501","Tampa/Hillsborough County CoC",2023,2024,12.0481314258292,1.65618150984459,10.3919499159846
"separate_state_lasso","min",7,2024,"Florida","FL","FL-502","St. Petersburg, Clearwater, Largo/Pinellas County CoC",2023,2024,21.9700811227024,15.4419767628403,6.52810435986214
"separate_state_lasso","min",7,2024,"Florida","FL","FL-503","Lakeland/Polk County CoC",2023,2024,14.1760841122154,3.62153582645164,10.5545482857638
"separate_state_lasso","min",7,2024,"Florida","FL","FL-504","Deltona, Daytona Beach/Volusia, Flagler Counties CoC",2023,2024,15.7853838736844,6.68753122833372,9.09785264535068
"separate_state_lasso","min",7,2024,"Florida","FL","FL-505","Fort Walton Beach/Okaloosa, Walton Counties CoC",2023,2024,12.6047304812041,12.9663109805297,-0.361580499325573
"separate_state_lasso","min",7,2024,"Florida","FL","FL-506","Tallahassee/Leon County CoC",2023,2024,18.2713080699693,14.5809334505113,3.690374619458
"separate_state_lasso","min",7,2024,"Florida","FL","FL-507","Orlando/Orange, Osceola, Seminole Counties CoC",2023,2024,11.2092413249517,-4.00029067221241,15.2095319971641
"separate_state_lasso","min",7,2024,"Florida","FL","FL-508","Gainesville/Alachua, Putnam Counties CoC",2023,2024,15.4152656138896,13.5964688202457,1.81879679364386
"separate_state_lasso","min",7,2024,"Florida","FL","FL-509","Fort Pierce/St. Lucie, Indian River, Martin Counties CoC",2023,2024,9.62444086254761,5.03660048120004,4.58784038134757
"separate_state_lasso","min",7,2024,"Florida","FL","FL-510","Jacksonville-Duval, Clay Counties CoC",2023,2024,9.48993257017078,0.430825224710613,9.05910734546017
"separate_state_lasso","min",7,2024,"Florida","FL","FL-511","Pensacola/Escambia, Santa Rosa Counties CoC",2023,2024,20.802344385312,9.43994017694293,11.3624042083691
"separate_state_lasso","min",7,2024,"Florida","FL","FL-512","St. Johns County CoC",2023,2024,13.259973480053,10.2958274598479,2.9641460202051
"separate_state_lasso","min",7,2024,"Florida","FL","FL-513","Palm Bay, Melbourne/Brevard County CoC",2023,2024,17.0056106324685,8.65237659271522,8.35323403975328
"separate_state_lasso","min",7,2024,"Florida","FL","FL-514","Ocala/Marion County CoC",2023,2024,8.83187887708969,11.0360438624183,-2.20416498532857
"separate_state_lasso","min",7,2024,"Florida","FL","FL-515","Panama City/Bay, Jackson Counties CoC",2023,2024,15.3172262007447,11.3908930541498,3.92633314659486
"separate_state_lasso","min",7,2024,"Florida","FL","FL-517","Hendry, Hardee, Highlands Counties CoC",2023,2024,23.3043452969577,11.5693198515035,11.7350254454542
"separate_state_lasso","min",7,2024,"Florida","FL","FL-519","Pasco County CoC",2023,2024,11.1400661393804,8.02195330907499,3.11811283030541
"separate_state_lasso","min",7,2024,"Florida","FL","FL-520","Citrus, Hernando, Lake, Sumter Counties CoC",2023,2024,7.9788205963204,0.224069385916273,7.75475121040413
"separate_state_lasso","min",7,2024,"Florida","FL","FL-600","Miami-Dade County CoC",2023,2024,13.5128215340324,2.97723611590456,10.5355854181278
"separate_state_lasso","min",7,2024,"Florida","FL","FL-601","Ft Lauderdale/Broward County CoC",2023,2024,12.2610790444801,-2.47008845861325,14.7311675030934
"separate_state_lasso","min",7,2024,"Florida","FL","FL-602","Charlotte County CoC",2023,2024,16.2208686440678,16.6205982577324,-0.399729613664555
"separate_state_lasso","min",7,2024,"Florida","FL","FL-603","Ft Myers, Cape Coral/Lee County CoC",2023,2024,10.9206921003125,3.15637724655166,7.76431485376084
"separate_state_lasso","min",7,2024,"Florida","FL","FL-604","Monroe County CoC",2023,2024,54.8680119490337,49.5529620527777,5.31504989625601
"separate_state_lasso","min",7,2024,"Florida","FL","FL-605","West Palm Beach/Palm Beach County CoC",2023,2024,13.5057186490724,1.08115315398195,12.4245654950904
"separate_state_lasso","min",7,2024,"Florida","FL","FL-606","Naples/Collier County CoC",2023,2024,15.8378967273146,11.4957654592929,4.34213126802166
"separate_state_lasso","1se",7,2024,"California","CA","CA-500","San Jose/Santa Clara City & County CoC",2023,2024,54.4784607240383,44.3146398121392,10.1638209118991
"separate_state_lasso","1se",7,2024,"California","CA","CA-501","San Francisco CoC",2023,2024,101.383162087594,112.948009711697,-11.5648476241033
"separate_state_lasso","1se",7,2024,"California","CA","CA-502","Oakland, Berkeley/Alameda County CoC",2023,2024,57.7408127951197,58.7461772802179,-1.00536448509819
"separate_state_lasso","1se",7,2024,"California","CA","CA-503","Sacramento City & County CoC",2023,2024,41.0895852343349,46.0273874270937,-4.9378021927588
"separate_state_lasso","1se",7,2024,"California","CA","CA-504","Santa Rosa, Petaluma/Sonoma County CoC",2023,2024,51.9611095200911,62.2393184108165,-10.2782088907254
"separate_state_lasso","1se",7,2024,"California","CA","CA-505","Contra Costa County CoC",2023,2024,24.308827276505,31.1658211116527,-6.85699383514766
"separate_state_lasso","1se",7,2024,"California","CA","CA-506","Salinas/Monterey, San Benito Counties CoC",2023,2024,60.8319470202893,46.0643045806052,14.7676424396841
"separate_state_lasso","1se",7,2024,"California","CA","CA-507","Marin County CoC",2023,2024,42.6274129462191,50.0977159937332,-7.47030304751414
"separate_state_lasso","1se",7,2024,"California","CA","CA-508","Watsonville/Santa Cruz City & County CoC",2023,2024,70.7681596835707,59.9210502045575,10.8471094790132
"separate_state_lasso","1se",7,2024,"California","CA","CA-509","Mendocino County CoC",2023,2024,87.0259391268173,92.7400075970053,-5.71406847018802
"separate_state_lasso","1se",7,2024,"California","CA","CA-510","Turlock, Modesto/Stanislaus County CoC",2023,2024,36.8156276239208,52.1550382098129,-15.3394105858921
"separate_state_lasso","1se",7,2024,"California","CA","CA-511","Stockton/San Joaquin County CoC",2023,2024,57.908655581785,45.5065802995208,12.4020752822642
"separate_state_lasso","1se",7,2024,"California","CA","CA-512","Daly City/San Mateo County CoC",2023,2024,28.7594160083281,40.3848405776813,-11.6254245693532
"separate_state_lasso","1se",7,2024,"California","CA","CA-513","Visalia/Kings, Tulare Counties CoC",2023,2024,26.2081289088829,29.3895082868011,-3.18137937791817
"separate_state_lasso","1se",7,2024,"California","CA","CA-514","Fresno City & County/Madera County CoC",2023,2024,35.88008301176,39.1617995635962,-3.28171655183619
"separate_state_lasso","1se",7,2024,"California","CA","CA-515","Roseville, Rocklin/Placer County CoC",2023,2024,16.1647235993451,24.1783414693912,-8.01361787004609
"separate_state_lasso","1se",7,2024,"California","CA","CA-516","Redding/Shasta, Siskiyou, Lassen, Plumas, Del Norte, Modoc, Sierra Counties CoC",2023,2024,77.5826736331863,74.9498434415028,2.63283019168345
"separate_state_lasso","1se",7,2024,"California","CA","CA-517","Napa City & County CoC",2023,2024,31.1009277692221,42.8938016503586,-11.7928738811365
"separate_state_lasso","1se",7,2024,"California","CA","CA-518","Vallejo/Solano County CoC",2023,2024,37.9057564011286,32.1390954014822,5.76666099964638
"separate_state_lasso","1se",7,2024,"California","CA","CA-519","Chico, Paradise/Butte County CoC",2023,2024,66.2077032974409,75.4180728566896,-9.21036955924873
"separate_state_lasso","1se",7,2024,"California","CA","CA-520","Merced City & County CoC",2023,2024,28.2001435276122,42.8248138102473,-14.6246702826351
"separate_state_lasso","1se",7,2024,"California","CA","CA-521","Davis, Woodland/Yolo County CoC",2023,2024,42.192958882021,51.169336924677,-8.97637804265594
"separate_state_lasso","1se",7,2024,"California","CA","CA-522","Humboldt County CoC",2023,2024,118.874882863275,76.8345105419474,42.0403723213276
"separate_state_lasso","1se",7,2024,"California","CA","CA-523","Colusa, Glenn, Trinity Counties CoC",2023,2024,37.5569790862145,59.9120294374459,-22.3550503512314
"separate_state_lasso","1se",7,2024,"California","CA","CA-524","Yuba City & County/Sutter County CoC",2023,2024,49.7923530106131,52.7082388237517,-2.91588581313857
"separate_state_lasso","1se",7,2024,"California","CA","CA-525","El Dorado County CoC",2023,2024,14.7631399743205,27.7413086721908,-12.9781686978703
"separate_state_lasso","1se",7,2024,"California","CA","CA-526","Amador, Calaveras, Mariposa, Tuolumne Counties CoC",2023,2024,45.0492785223335,59.0936413197713,-14.0443627974378
"separate_state_lasso","1se",7,2024,"California","CA","CA-527","Tehama County CoC",2023,2024,50.0254759368197,40.5237238009941,9.50175213582558
"separate_state_lasso","1se",7,2024,"California","CA","CA-529","Lake County CoC",2023,2024,88.98055391868,70.136836220103,18.843717698577
"separate_state_lasso","1se",7,2024,"California","CA","CA-530","Alpine, Inyo, Mono Counties CoC",2023,2024,33.0423940149626,39.2021768953023,-6.15978288033969
"separate_state_lasso","1se",7,2024,"California","CA","CA-531","Nevada County CoC",2023,2024,50.5159281812308,67.009146097576,-16.4932179163452
"separate_state_lasso","1se",7,2024,"California","CA","CA-600","Los Angeles City & County CoC",2023,2024,79.3944803924888,62.0828506492075,17.3116297432813
"separate_state_lasso","1se",7,2024,"California","CA","CA-601","San Diego City and County CoC",2023,2024,32.2581430138383,50.3019646434816,-18.0438216296433
"separate_state_lasso","1se",7,2024,"California","CA","CA-602","Santa Ana, Anaheim/Orange County CoC",2023,2024,23.1853622530776,34.9134058742848,-11.7280436212072
"separate_state_lasso","1se",7,2024,"California","CA","CA-603","Santa Maria/Santa Barbara County CoC",2023,2024,47.8242127285982,56.1831866894188,-8.35897396082056
"separate_state_lasso","1se",7,2024,"California","CA","CA-604","Bakersfield/Kern County CoC",2023,2024,28.8650383713586,46.1530188915817,-17.2879805202231
"separate_state_lasso","1se",7,2024,"California","CA","CA-606","Long Beach CoC",2023,2024,74.2602456319121,73.9373238554632,0.322921776448865
"separate_state_lasso","1se",7,2024,"California","CA","CA-607","Pasadena CoC",2023,2024,40.6843979834377,55.647108264565,-14.9627102811273
"separate_state_lasso","1se",7,2024,"California","CA","CA-608","Riverside City & County CoC",2023,2024,16.8003631314074,22.2285499001383,-5.42818676873087
"separate_state_lasso","1se",7,2024,"California","CA","CA-609","San Bernardino City & County CoC",2023,2024,19.1773437823942,25.3282150033458,-6.15087122095164
"separate_state_lasso","1se",7,2024,"California","CA","CA-611","Oxnard, San Buenaventura/Ventura County CoC",2023,2024,28.2926840974238,40.1589173393186,-11.8662332418948
"separate_state_lasso","1se",7,2024,"California","CA","CA-612","Glendale CoC",2023,2024,9.23068341548815,35.0430553253733,-25.8123719098851
"separate_state_lasso","1se",7,2024,"California","CA","CA-613","Imperial County CoC",2023,2024,82.5076188235552,41.1486344425986,41.3589843809566
"separate_state_lasso","1se",7,2024,"California","CA","CA-614","San Luis Obispo County CoC",2023,2024,41.6440725422023,45.0928819929898,-3.44880945078753
"separate_state_lasso","1se",7,2024,"Florida","FL","FL-500","Sarasota, Bradenton/Manatee, Sarasota Counties CoC",2023,2024,12.3750594954783,7.26823374071576,5.10682575476254
"separate_state_lasso","1se",7,2024,"Florida","FL","FL-501","Tampa/Hillsborough County CoC",2023,2024,12.0481314258292,3.55194729561026,8.49618413021894
"separate_state_lasso","1se",7,2024,"Florida","FL","FL-502","St. Petersburg, Clearwater, Largo/Pinellas County CoC",2023,2024,21.9700811227024,11.4341316679464,10.535949454756
"separate_state_lasso","1se",7,2024,"Florida","FL","FL-503","Lakeland/Polk County CoC",2023,2024,14.1760841122154,7.07256843464633,7.10351567756908
"separate_state_lasso","1se",7,2024,"Florida","FL","FL-504","Deltona, Daytona Beach/Volusia, Flagler Counties CoC",2023,2024,15.7853838736844,7.80128069157225,7.98410318211215
"separate_state_lasso","1se",7,2024,"Florida","FL","FL-505","Fort Walton Beach/Okaloosa, Walton Counties CoC",2023,2024,12.6047304812041,11.1104329279926,1.4942975532115
"separate_state_lasso","1se",7,2024,"Florida","FL","FL-506","Tallahassee/Leon County CoC",2023,2024,18.2713080699693,13.2287762820628,5.04253178790652
"separate_state_lasso","1se",7,2024,"Florida","FL","FL-507","Orlando/Orange, Osceola, Seminole Counties CoC",2023,2024,11.2092413249517,1.91181044787416,9.29743087707754
"separate_state_lasso","1se",7,2024,"Florida","FL","FL-508","Gainesville/Alachua, Putnam Counties CoC",2023,2024,15.4152656138896,9.99533813130753,5.41992748258207
"separate_state_lasso","1se",7,2024,"Florida","FL","FL-509","Fort Pierce/St. Lucie, Indian River, Martin Counties CoC",2023,2024,9.62444086254761,6.30563737660058,3.31880348594703
"separate_state_lasso","1se",7,2024,"Florida","FL","FL-510","Jacksonville-Duval, Clay Counties CoC",2023,2024,9.48993257017078,4.60019385484346,4.88973871532732
"separate_state_lasso","1se",7,2024,"Florida","FL","FL-511","Pensacola/Escambia, Santa Rosa Counties CoC",2023,2024,20.802344385312,11.0827047154082,9.71963966990381
"separate_state_lasso","1se",7,2024,"Florida","FL","FL-512","St. Johns County CoC",2023,2024,13.259973480053,11.1982571199909,2.0617163600621
"separate_state_lasso","1se",7,2024,"Florida","FL","FL-513","Palm Bay, Melbourne/Brevard County CoC",2023,2024,17.0056106324685,8.20798395743661,8.79762667503189
"separate_state_lasso","1se",7,2024,"Florida","FL","FL-514","Ocala/Marion County CoC",2023,2024,8.83187887708969,10.9966570947249,-2.16477821763518
"separate_state_lasso","1se",7,2024,"Florida","FL","FL-515","Panama City/Bay, Jackson Counties CoC",2023,2024,15.3172262007447,11.7879989450005,3.5292272557442
"separate_state_lasso","1se",7,2024,"Florida","FL","FL-517","Hendry, Hardee, Highlands Counties CoC",2023,2024,23.3043452969577,11.6824833206773,11.6218619762804
"separate_state_lasso","1se",7,2024,"Florida","FL","FL-519","Pasco County CoC",2023,2024,11.1400661393804,7.68422372245913,3.45584241692127
"separate_state_lasso","1se",7,2024,"Florida","FL","FL-520","Citrus, Hernando, Lake, Sumter Counties CoC",2023,2024,7.9788205963204,4.80508745231795,3.17373314400245
"separate_state_lasso","1se",7,2024,"Florida","FL","FL-600","Miami-Dade County CoC",2023,2024,13.5128215340324,2.0417861147964,11.471035419236
"separate_state_lasso","1se",7,2024,"Florida","FL","FL-601","Ft Lauderdale/Broward County CoC",2023,2024,12.2610790444801,1.86181144305934,10.3992676014208
"separate_state_lasso","1se",7,2024,"Florida","FL","FL-602","Charlotte County CoC",2023,2024,16.2208686440678,15.0079869755404,1.21288166852736
"separate_state_lasso","1se",7,2024,"Florida","FL","FL-603","Ft Myers, Cape Coral/Lee County CoC",2023,2024,10.9206921003125,5.73074676956255,5.18994533074995
"separate_state_lasso","1se",7,2024,"Florida","FL","FL-604","Monroe County CoC",2023,2024,54.8680119490337,34.367220951365,20.5007909976687
"separate_state_lasso","1se",7,2024,"Florida","FL","FL-605","West Palm Beach/Palm Beach County CoC",2023,2024,13.5057186490724,3.12182063488071,10.3838980141917
"separate_state_lasso","1se",7,2024,"Florida","FL","FL-606","Naples/Collier County CoC",2023,2024,15.8378967273146,12.0507668060166,3.78712992129799
"state_time_baseline","none",8,2025,"California","CA","CA-500","San Jose/Santa Clara City & County CoC",2024,2025,55.9499078296962,39.0715678737818,16.8783399559144
"state_time_baseline","none",8,2025,"California","CA","CA-501","San Francisco CoC",2024,2025,104.965747827992,39.0715678737818,65.8941799542102
"state_time_baseline","none",8,2025,"California","CA","CA-502","Oakland, Berkeley/Alameda County CoC",2024,2025,56.5918992075179,39.0715678737818,17.5203313337361
"state_time_baseline","none",8,2025,"California","CA","CA-503","Sacramento City & County CoC",2024,2025,43.220098117964,39.0715678737818,4.14853024418218
"state_time_baseline","none",8,2025,"California","CA","CA-504","Santa Rosa, Petaluma/Sonoma County CoC",2024,2025,40.1279489519862,39.0715678737818,1.05638107820438
"state_time_baseline","none",8,2025,"California","CA","CA-505","Contra Costa County CoC",2024,2025,18.1014811079679,39.0715678737818,-20.9700867658139
"state_time_baseline","none",8,2025,"California","CA","CA-506","Salinas/Monterey, San Benito Counties CoC",2024,2025,60.479028842165,39.0715678737818,21.4074609683832
"state_time_baseline","none",8,2025,"California","CA","CA-507","Marin County CoC",2024,2025,42.6103888937066,39.0715678737818,3.53882101992478
"state_time_baseline","none",8,2025,"California","CA","CA-508","Watsonville/Santa Cruz City & County CoC",2024,2025,56.9051040749154,39.0715678737818,17.8335362011336
"state_time_baseline","none",8,2025,"California","CA","CA-509","Mendocino County CoC",2024,2025,72.172669707905,39.0715678737818,33.1011018341232
"state_time_baseline","none",8,2025,"California","CA","CA-510","Turlock, Modesto/Stanislaus County CoC",2024,2025,37.4023477772857,39.0715678737818,-1.66922009649612
"state_time_baseline","none",8,2025,"California","CA","CA-511","Stockton/San Joaquin County CoC",2024,2025,57.7799627343518,39.0715678737818,18.70839486057
"state_time_baseline","none",8,2025,"California","CA","CA-512","Daly City/San Mateo County CoC",2024,2025,28.8742926000043,39.0715678737818,-10.1972752737775
"state_time_baseline","none",8,2025,"California","CA","CA-513","Visalia/Kings, Tulare Counties CoC",2024,2025,23.0189546704865,39.0715678737818,-16.0526132032953
"state_time_baseline","none",8,2025,"California","CA","CA-514","Fresno City & County/Madera County CoC",2024,2025,40.7600905114997,39.0715678737818,1.68852263771788
"state_time_baseline","none",8,2025,"California","CA","CA-515","Roseville, Rocklin/Placer County CoC",2024,2025,16.0830255089,39.0715678737818,-22.9885423648818
"state_time_baseline","none",8,2025,"California","CA","CA-516","Redding/Shasta, Siskiyou, Lassen, Plumas, Del Norte, Modoc, Sierra Counties CoC",2024,2025,75.5445271574304,39.0715678737818,36.4729592836486
"state_time_baseline","none",8,2025,"California","CA","CA-517","Napa City & County CoC",2024,2025,28.1310878607586,39.0715678737818,-10.9404800130232
"state_time_baseline","none",8,2025,"California","CA","CA-518","Vallejo/Solano County CoC",2024,2025,36.5412318611433,39.0715678737818,-2.53033601263851
"state_time_baseline","none",8,2025,"California","CA","CA-519","Chico, Paradise/Butte County CoC",2024,2025,66.5356984097395,39.0715678737818,27.4641305359577
"state_time_baseline","none",8,2025,"California","CA","CA-520","Merced City & County CoC",2024,2025,24.1202987283859,39.0715678737818,-14.9512691453959
"state_time_baseline","none",8,2025,"California","CA","CA-521","Davis, Woodland/Yolo County CoC",2024,2025,43.0016487678802,39.0715678737818,3.93008089409838
"state_time_baseline","none",8,2025,"California","CA","CA-522","Humboldt County CoC",2024,2025,113.105501834451,39.0715678737818,74.0339339606692
"state_time_baseline","none",8,2025,"California","CA","CA-523","Colusa, Glenn, Trinity Counties CoC",2024,2025,34.5525670882993,39.0715678737818,-4.51900078548252
"state_time_baseline","none",8,2025,"California","CA","CA-524","Yuba City & County/Sutter County CoC",2024,2025,44.2718612317179,39.0715678737818,5.20029335793608
"state_time_baseline","none",8,2025,"California","CA","CA-525","El Dorado County CoC",2024,2025,15.0268038664122,39.0715678737818,-24.0447640073696
"state_time_baseline","none",8,2025,"California","CA","CA-526","Amador, Calaveras, Mariposa, Tuolumne Counties CoC",2024,2025,50.9589490347442,39.0715678737818,11.8873811609624
"state_time_baseline","none",8,2025,"California","CA","CA-527","Tehama County CoC",2024,2025,51.6508157426738,39.0715678737818,12.579247868892
"state_time_baseline","none",8,2025,"California","CA","CA-529","Lake County CoC",2024,2025,56.5130142241634,39.0715678737818,17.4414463503816
"state_time_baseline","none",8,2025,"California","CA","CA-530","Alpine, Inyo, Mono Counties CoC",2024,2025,39.109316848546,39.0715678737818,0.0377489747641846
"state_time_baseline","none",8,2025,"California","CA","CA-531","Nevada County CoC",2024,2025,45.7261728370833,39.0715678737818,6.65460496330148
"state_time_baseline","none",8,2025,"California","CA","CA-600","Los Angeles City & County CoC",2024,2025,75.9969026711013,39.0715678737818,36.9253347973195
"state_time_baseline","none",8,2025,"California","CA","CA-601","San Diego City and County CoC",2024,2025,30.1774881118063,39.0715678737818,-8.89407976197552
"state_time_baseline","none",8,2025,"California","CA","CA-602","Santa Ana, Anaheim/Orange County CoC",2024,2025,24.4800217938871,39.0715678737818,-14.5915460798947
"state_time_baseline","none",8,2025,"California","CA","CA-603","Santa Maria/Santa Barbara County CoC",2024,2025,55.5348195401129,39.0715678737818,16.4632516663311
"state_time_baseline","none",8,2025,"California","CA","CA-604","Bakersfield/Kern County CoC",2024,2025,28.1640613202052,39.0715678737818,-10.9075065535766
"state_time_baseline","none",8,2025,"California","CA","CA-606","Long Beach CoC",2024,2025,80.7781765738186,39.0715678737818,41.7066087000368
"state_time_baseline","none",8,2025,"California","CA","CA-607","Pasadena CoC",2024,2025,42.7502410640444,39.0715678737818,3.67867319026259
"state_time_baseline","none",8,2025,"California","CA","CA-608","Riverside City & County CoC",2024,2025,15.678317083943,39.0715678737818,-23.3932507898388
"state_time_baseline","none",8,2025,"California","CA","CA-609","San Bernardino City & County CoC",2024,2025,17.2519919373803,39.0715678737818,-21.8195759364015
"state_time_baseline","none",8,2025,"California","CA","CA-611","Oxnard, San Buenaventura/Ventura County CoC",2024,2025,23.9513462702699,39.0715678737818,-15.1202216035119
"state_time_baseline","none",8,2025,"California","CA","CA-612","Glendale CoC",2024,2025,10.4489191046873,39.0715678737818,-28.6226487690945
"state_time_baseline","none",8,2025,"California","CA","CA-613","Imperial County CoC",2024,2025,86.8745555671927,39.0715678737818,47.8029876934109
"state_time_baseline","none",8,2025,"California","CA","CA-614","San Luis Obispo County CoC",2024,2025,43.7374055750141,39.0715678737818,4.66583770123228
"state_time_baseline","none",8,2025,"Florida","FL","FL-500","Sarasota, Bradenton/Manatee, Sarasota Counties CoC",2024,2025,10.2303624501402,20.5796808628281,-10.3493184126879
"state_time_baseline","none",8,2025,"Florida","FL","FL-501","Tampa/Hillsborough County CoC",2024,2025,11.4095857037129,20.5796808628281,-9.17009515911519
"state_time_baseline","none",8,2025,"Florida","FL","FL-502","St. Petersburg, Clearwater, Largo/Pinellas County CoC",2024,2025,19.640234755098,20.5796808628281,-0.939446107730088
"state_time_baseline","none",8,2025,"Florida","FL","FL-503","Lakeland/Polk County CoC",2024,2025,9.19077721510305,20.5796808628281,-11.388903647725
"state_time_baseline","none",8,2025,"Florida","FL","FL-504","Deltona, Daytona Beach/Volusia, Flagler Counties CoC",2024,2025,14.4992924398842,20.5796808628281,-6.08038842294389
"state_time_baseline","none",8,2025,"Florida","FL","FL-505","Fort Walton Beach/Okaloosa, Walton Counties CoC",2024,2025,12.1866847774343,20.5796808628281,-8.39299608539379
"state_time_baseline","none",8,2025,"Florida","FL","FL-506","Tallahassee/Leon County CoC",2024,2025,14.4275725269538,20.5796808628281,-6.15210833587429
"state_time_baseline","none",8,2025,"Florida","FL","FL-507","Orlando/Orange, Osceola, Seminole Counties CoC",2024,2025,10.8970084793596,20.5796808628281,-9.68267238346849
"state_time_baseline","none",8,2025,"Florida","FL","FL-508","Gainesville/Alachua, Putnam Counties CoC",2024,2025,17.3630622306498,20.5796808628281,-3.21661863217829
"state_time_baseline","none",8,2025,"Florida","FL","FL-509","Fort Pierce/St. Lucie, Indian River, Martin Counties CoC",2024,2025,7.67342755421297,20.5796808628281,-12.9062533086151
"state_time_baseline","none",8,2025,"Florida","FL","FL-510","Jacksonville-Duval, Clay Counties CoC",2024,2025,7.07858845715874,20.5796808628281,-13.5010924056693
"state_time_baseline","none",8,2025,"Florida","FL","FL-511","Pensacola/Escambia, Santa Rosa Counties CoC",2024,2025,16.2584021624042,20.5796808628281,-4.32127870042389
"state_time_baseline","none",8,2025,"Florida","FL","FL-512","St. Johns County CoC",2024,2025,9.23979580051281,20.5796808628281,-11.3398850623153
"state_time_baseline","none",8,2025,"Florida","FL","FL-513","Palm Bay, Melbourne/Brevard County CoC",2024,2025,15.9944094870042,20.5796808628281,-4.58527137582389
"state_time_baseline","none",8,2025,"Florida","FL","FL-514","Ocala/Marion County CoC",2024,2025,8.83296435187277,20.5796808628281,-11.7467165109553
"state_time_baseline","none",8,2025,"Florida","FL","FL-515","Panama City/Bay, Jackson Counties CoC",2024,2025,12.569891626332,20.5796808628281,-8.00978923649609
"state_time_baseline","none",8,2025,"Florida","FL","FL-517","Hendry, Hardee, Highlands Counties CoC",2024,2025,18.7217466922519,20.5796808628281,-1.85793417057619
"state_time_baseline","none",8,2025,"Florida","FL","FL-519","Pasco County CoC",2024,2025,9.4586340427803,20.5796808628281,-11.1210468200478
"state_time_baseline","none",8,2025,"Florida","FL","FL-520","Citrus, Hernando, Lake, Sumter Counties CoC",2024,2025,7.61511784568614,20.5796808628281,-12.9645630171419
"state_time_baseline","none",8,2025,"Florida","FL","FL-600","Miami-Dade County CoC",2024,2025,12.9013654034273,20.5796808628281,-7.67831545940079
"state_time_baseline","none",8,2025,"Florida","FL","FL-601","Ft Lauderdale/Broward County CoC",2024,2025,10.8726047611976,20.5796808628281,-9.70707610163049
"state_time_baseline","none",8,2025,"Florida","FL","FL-602","Charlotte County CoC",2024,2025,14.8702649945675,20.5796808628281,-5.70941586826059
"state_time_baseline","none",8,2025,"Florida","FL","FL-603","Ft Myers, Cape Coral/Lee County CoC",2024,2025,10.1415361000997,20.5796808628281,-10.4381447627284
"state_time_baseline","none",8,2025,"Florida","FL","FL-604","Monroe County CoC",2024,2025,47.0114170584285,20.5796808628281,26.4317361956004
"state_time_baseline","none",8,2025,"Florida","FL","FL-605","West Palm Beach/Palm Beach County CoC",2024,2025,9.64634714411008,20.5796808628281,-10.933333718718
"state_time_baseline","none",8,2025,"Florida","FL","FL-606","Naples/Collier County CoC",2024,2025,18.1238028341217,20.5796808628281,-2.45587802870639
"pooled_lasso","min",8,2025,"California","CA","CA-500","San Jose/Santa Clara City & County CoC",2024,2025,55.9499078296962,40.8980075685028,15.0519002611934
"pooled_lasso","min",8,2025,"California","CA","CA-501","San Francisco CoC",2024,2025,104.965747827992,96.9890677966492,7.9766800313428
"pooled_lasso","min",8,2025,"California","CA","CA-502","Oakland, Berkeley/Alameda County CoC",2024,2025,56.5918992075179,49.3019668564536,7.28993235106431
"pooled_lasso","min",8,2025,"California","CA","CA-503","Sacramento City & County CoC",2024,2025,43.220098117964,45.7014028133682,-2.48130469540422
"pooled_lasso","min",8,2025,"California","CA","CA-504","Santa Rosa, Petaluma/Sonoma County CoC",2024,2025,40.1279489519862,60.9529326526192,-20.824983700633
"pooled_lasso","min",8,2025,"California","CA","CA-505","Contra Costa County CoC",2024,2025,18.1014811079679,29.1710854149372,-11.0696043069693
"pooled_lasso","min",8,2025,"California","CA","CA-506","Salinas/Monterey, San Benito Counties CoC",2024,2025,60.479028842165,39.5014038035172,20.9776250386478
"pooled_lasso","min",8,2025,"California","CA","CA-507","Marin County CoC",2024,2025,42.6103888937066,51.5942973551061,-8.98390846139951
"pooled_lasso","min",8,2025,"California","CA","CA-508","Watsonville/Santa Cruz City & County CoC",2024,2025,56.9051040749154,52.8312777240463,4.07382635086908
"pooled_lasso","min",8,2025,"California","CA","CA-509","Mendocino County CoC",2024,2025,72.172669707905,96.0990428867868,-23.9263731788818
"pooled_lasso","min",8,2025,"California","CA","CA-510","Turlock, Modesto/Stanislaus County CoC",2024,2025,37.4023477772857,46.1308193669842,-8.72847158969847
"pooled_lasso","min",8,2025,"California","CA","CA-511","Stockton/San Joaquin County CoC",2024,2025,57.7799627343518,39.5056893240724,18.2742734102794
"pooled_lasso","min",8,2025,"California","CA","CA-512","Daly City/San Mateo County CoC",2024,2025,28.8742926000043,38.4578876452279,-9.58359504522362
"pooled_lasso","min",8,2025,"California","CA","CA-513","Visalia/Kings, Tulare Counties CoC",2024,2025,23.0189546704865,26.2803019130062,-3.26134724251973
"pooled_lasso","min",8,2025,"California","CA","CA-514","Fresno City & County/Madera County CoC",2024,2025,40.7600905114997,33.1292222182936,7.63086829320614
"pooled_lasso","min",8,2025,"California","CA","CA-515","Roseville, Rocklin/Placer County CoC",2024,2025,16.0830255089,28.1905290953817,-12.1075035864817
"pooled_lasso","min",8,2025,"California","CA","CA-516","Redding/Shasta, Siskiyou, Lassen, Plumas, Del Norte, Modoc, Sierra Counties CoC",2024,2025,75.5445271574304,66.7829483532445,8.76157880418589
"pooled_lasso","min",8,2025,"California","CA","CA-517","Napa City & County CoC",2024,2025,28.1310878607586,48.1147699009784,-19.9836820402198
"pooled_lasso","min",8,2025,"California","CA","CA-518","Vallejo/Solano County CoC",2024,2025,36.5412318611433,30.751767068229,5.78946479291433
"pooled_lasso","min",8,2025,"California","CA","CA-519","Chico, Paradise/Butte County CoC",2024,2025,66.5356984097395,66.8224453794575,-0.286746969717981
"pooled_lasso","min",8,2025,"California","CA","CA-520","Merced City & County CoC",2024,2025,24.1202987283859,34.8684342678818,-10.7481355394959
"pooled_lasso","min",8,2025,"California","CA","CA-521","Davis, Woodland/Yolo County CoC",2024,2025,43.0016487678802,43.0983970222736,-0.0967482543933684
"pooled_lasso","min",8,2025,"California","CA","CA-522","Humboldt County CoC",2024,2025,113.105501834451,77.1103769547535,35.9951248796975
"pooled_lasso","min",8,2025,"California","CA","CA-523","Colusa, Glenn, Trinity Counties CoC",2024,2025,34.5525670882993,48.6631759745859,-14.1106088862866
"pooled_lasso","min",8,2025,"California","CA","CA-524","Yuba City & County/Sutter County CoC",2024,2025,44.2718612317179,43.6869207294403,0.584940502277561
"pooled_lasso","min",8,2025,"California","CA","CA-525","El Dorado County CoC",2024,2025,15.0268038664122,34.9335936965902,-19.906789830178
"pooled_lasso","min",8,2025,"California","CA","CA-526","Amador, Calaveras, Mariposa, Tuolumne Counties CoC",2024,2025,50.9589490347442,44.0683047876197,6.89064424712453
"pooled_lasso","min",8,2025,"California","CA","CA-527","Tehama County CoC",2024,2025,51.6508157426738,44.1657228124724,7.48509293020139
"pooled_lasso","min",8,2025,"California","CA","CA-529","Lake County CoC",2024,2025,56.5130142241634,60.7388579240656,-4.22584369990219
"pooled_lasso","min",8,2025,"California","CA","CA-530","Alpine, Inyo, Mono Counties CoC",2024,2025,39.109316848546,48.3582047368371,-9.24888788829109
"pooled_lasso","min",8,2025,"California","CA","CA-531","Nevada County CoC",2024,2025,45.7261728370833,54.9904899354145,-9.26431709833123
"pooled_lasso","min",8,2025,"California","CA","CA-600","Los Angeles City & County CoC",2024,2025,75.9969026711013,46.031513883421,29.9653887876803
"pooled_lasso","min",8,2025,"California","CA","CA-601","San Diego City and County CoC",2024,2025,30.1774881118063,36.9126796105644,-6.73519149875814
"pooled_lasso","min",8,2025,"California","CA","CA-602","Santa Ana, Anaheim/Orange County CoC",2024,2025,24.4800217938871,22.6498229805665,1.83019881332063
"pooled_lasso","min",8,2025,"California","CA","CA-603","Santa Maria/Santa Barbara County CoC",2024,2025,55.5348195401129,47.8774263389576,7.65739320115534
"pooled_lasso","min",8,2025,"California","CA","CA-604","Bakersfield/Kern County CoC",2024,2025,28.1640613202052,34.8350643540516,-6.6710030338464
"pooled_lasso","min",8,2025,"California","CA","CA-606","Long Beach CoC",2024,2025,80.7781765738186,62.0298748652383,18.7483017085803
"pooled_lasso","min",8,2025,"California","CA","CA-607","Pasadena CoC",2024,2025,42.7502410640444,60.8383522969798,-18.0881112329354
"pooled_lasso","min",8,2025,"California","CA","CA-608","Riverside City & County CoC",2024,2025,15.678317083943,20.868112294992,-5.18979521104903
"pooled_lasso","min",8,2025,"California","CA","CA-609","San Bernardino City & County CoC",2024,2025,17.2519919373803,19.9941694373778,-2.74217749999751
"pooled_lasso","min",8,2025,"California","CA","CA-611","Oxnard, San Buenaventura/Ventura County CoC",2024,2025,23.9513462702699,33.7963262770998,-9.84498000682986
"pooled_lasso","min",8,2025,"California","CA","CA-612","Glendale CoC",2024,2025,10.4489191046873,31.103645013331,-20.6547259086437
"pooled_lasso","min",8,2025,"California","CA","CA-613","Imperial County CoC",2024,2025,86.8745555671927,44.4873830068643,42.3871725603284
"pooled_lasso","min",8,2025,"California","CA","CA-614","San Luis Obispo County CoC",2024,2025,43.7374055750141,42.2240278759823,1.51337769903178
"pooled_lasso","min",8,2025,"Florida","FL","FL-500","Sarasota, Bradenton/Manatee, Sarasota Counties CoC",2024,2025,10.2303624501402,14.4079551028031,-4.17759265266288
"pooled_lasso","min",8,2025,"Florida","FL","FL-501","Tampa/Hillsborough County CoC",2024,2025,11.4095857037129,9.7812921880727,1.6282935156402
"pooled_lasso","min",8,2025,"Florida","FL","FL-502","St. Petersburg, Clearwater, Largo/Pinellas County CoC",2024,2025,19.640234755098,32.2491780046752,-12.6089432495772
"pooled_lasso","min",8,2025,"Florida","FL","FL-503","Lakeland/Polk County CoC",2024,2025,9.19077721510305,11.6360682465167,-2.4452910314136
"pooled_lasso","min",8,2025,"Florida","FL","FL-504","Deltona, Daytona Beach/Volusia, Flagler Counties CoC",2024,2025,14.4992924398842,12.4616486349344,2.03764380494981
"pooled_lasso","min",8,2025,"Florida","FL","FL-505","Fort Walton Beach/Okaloosa, Walton Counties CoC",2024,2025,12.1866847774343,17.6597280419542,-5.47304326451988
"pooled_lasso","min",8,2025,"Florida","FL","FL-506","Tallahassee/Leon County CoC",2024,2025,14.4275725269538,28.6616235526552,-14.2340510257014
"pooled_lasso","min",8,2025,"Florida","FL","FL-507","Orlando/Orange, Osceola, Seminole Counties CoC",2024,2025,10.8970084793596,7.98392461094239,2.91308386841721
"pooled_lasso","min",8,2025,"Florida","FL","FL-508","Gainesville/Alachua, Putnam Counties CoC",2024,2025,17.3630622306498,24.0455041837457,-6.68244195309591
"pooled_lasso","min",8,2025,"Florida","FL","FL-509","Fort Pierce/St. Lucie, Indian River, Martin Counties CoC",2024,2025,7.67342755421297,9.69979128800428,-2.02636373379131
"pooled_lasso","min",8,2025,"Florida","FL","FL-510","Jacksonville-Duval, Clay Counties CoC",2024,2025,7.07858845715874,12.7549908699317,-5.67640241277293
"pooled_lasso","min",8,2025,"Florida","FL","FL-511","Pensacola/Escambia, Santa Rosa Counties CoC",2024,2025,16.2584021624042,19.0765910458804,-2.81818888347624
"pooled_lasso","min",8,2025,"Florida","FL","FL-512","St. Johns County CoC",2024,2025,9.23979580051281,12.9619532069131,-3.72215740640028
"pooled_lasso","min",8,2025,"Florida","FL","FL-513","Palm Bay, Melbourne/Brevard County CoC",2024,2025,15.9944094870042,14.2321162737114,1.76229321329282
"pooled_lasso","min",8,2025,"Florida","FL","FL-514","Ocala/Marion County CoC",2024,2025,8.83296435187277,15.7353302080074,-6.90236585613462
"pooled_lasso","min",8,2025,"Florida","FL","FL-515","Panama City/Bay, Jackson Counties CoC",2024,2025,12.569891626332,16.4419933318332,-3.87210170550121
"pooled_lasso","min",8,2025,"Florida","FL","FL-517","Hendry, Hardee, Highlands Counties CoC",2024,2025,18.7217466922519,12.2230779317063,6.49866876054556
"pooled_lasso","min",8,2025,"Florida","FL","FL-519","Pasco County CoC",2024,2025,9.4586340427803,13.984942097696,-4.52630805491566
"pooled_lasso","min",8,2025,"Florida","FL","FL-520","Citrus, Hernando, Lake, Sumter Counties CoC",2024,2025,7.61511784568614,7.67702150570915,-0.0619036600230132
"pooled_lasso","min",8,2025,"Florida","FL","FL-600","Miami-Dade County CoC",2024,2025,12.9013654034273,16.1228942995507,-3.2215288961234
"pooled_lasso","min",8,2025,"Florida","FL","FL-601","Ft Lauderdale/Broward County CoC",2024,2025,10.8726047611976,7.50139015708576,3.37121460411184
"pooled_lasso","min",8,2025,"Florida","FL","FL-602","Charlotte County CoC",2024,2025,14.8702649945675,21.3818843253309,-6.51161933076339
"pooled_lasso","min",8,2025,"Florida","FL","FL-603","Ft Myers, Cape Coral/Lee County CoC",2024,2025,10.1415361000997,10.4105464945295,-0.269010394429833
"pooled_lasso","min",8,2025,"Florida","FL","FL-604","Monroe County CoC",2024,2025,47.0114170584285,69.6923787808124,-22.6809617223839
"pooled_lasso","min",8,2025,"Florida","FL","FL-605","West Palm Beach/Palm Beach County CoC",2024,2025,9.64634714411008,8.69600021204157,0.950346932068509
"pooled_lasso","min",8,2025,"Florida","FL","FL-606","Naples/Collier County CoC",2024,2025,18.1238028341217,15.2102115081347,2.91359132598704
"pooled_lasso","1se",8,2025,"California","CA","CA-500","San Jose/Santa Clara City & County CoC",2024,2025,55.9499078296962,40.6314023106541,15.3185055190421
"pooled_lasso","1se",8,2025,"California","CA","CA-501","San Francisco CoC",2024,2025,104.965747827992,90.3849455625471,14.5808022654449
"pooled_lasso","1se",8,2025,"California","CA","CA-502","Oakland, Berkeley/Alameda County CoC",2024,2025,56.5918992075179,46.2660680348426,10.3258311726753
"pooled_lasso","1se",8,2025,"California","CA","CA-503","Sacramento City & County CoC",2024,2025,43.220098117964,43.8707266267049,-0.650628508740887
"pooled_lasso","1se",8,2025,"California","CA","CA-504","Santa Rosa, Petaluma/Sonoma County CoC",2024,2025,40.1279489519862,54.611191417048,-14.4832424650618
"pooled_lasso","1se",8,2025,"California","CA","CA-505","Contra Costa County CoC",2024,2025,18.1014811079679,30.4404012703845,-12.3389201624166
"pooled_lasso","1se",8,2025,"California","CA","CA-506","Salinas/Monterey, San Benito Counties CoC",2024,2025,60.479028842165,39.6272410049487,20.8517878372163
"pooled_lasso","1se",8,2025,"California","CA","CA-507","Marin County CoC",2024,2025,42.6103888937066,44.8772511973597,-2.26686230365315
"pooled_lasso","1se",8,2025,"California","CA","CA-508","Watsonville/Santa Cruz City & County CoC",2024,2025,56.9051040749154,46.7724018437724,10.132702231143
"pooled_lasso","1se",8,2025,"California","CA","CA-509","Mendocino County CoC",2024,2025,72.172669707905,76.7975484207222,-4.62487871281722
"pooled_lasso","1se",8,2025,"California","CA","CA-510","Turlock, Modesto/Stanislaus County CoC",2024,2025,37.4023477772857,45.6133576789714,-8.21100990168574
"pooled_lasso","1se",8,2025,"California","CA","CA-511","Stockton/San Joaquin County CoC",2024,2025,57.7799627343518,41.4520232031305,16.3279395312213
"pooled_lasso","1se",8,2025,"California","CA","CA-512","Daly City/San Mateo County CoC",2024,2025,28.8742926000043,38.600048153863,-9.72575555385871
"pooled_lasso","1se",8,2025,"California","CA","CA-513","Visalia/Kings, Tulare Counties CoC",2024,2025,23.0189546704865,28.2553674595137,-5.23641278902719
"pooled_lasso","1se",8,2025,"California","CA","CA-514","Fresno City & County/Madera County CoC",2024,2025,40.7600905114997,34.4522607211491,6.30782979035063
"pooled_lasso","1se",8,2025,"California","CA","CA-515","Roseville, Rocklin/Placer County CoC",2024,2025,16.0830255089,30.1973699575998,-14.1143444486998
"pooled_lasso","1se",8,2025,"California","CA","CA-516","Redding/Shasta, Siskiyou, Lassen, Plumas, Del Norte, Modoc, Sierra Counties CoC",2024,2025,75.5445271574304,64.6903371227685,10.8541900346619
"pooled_lasso","1se",8,2025,"California","CA","CA-517","Napa City & County CoC",2024,2025,28.1310878607586,45.7263816740099,-17.5952938132513
"pooled_lasso","1se",8,2025,"California","CA","CA-518","Vallejo/Solano County CoC",2024,2025,36.5412318611433,30.9900978227076,5.55113403843569
"pooled_lasso","1se",8,2025,"California","CA","CA-519","Chico, Paradise/Butte County CoC",2024,2025,66.5356984097395,63.0019171784589,3.5337812312806
"pooled_lasso","1se",8,2025,"California","CA","CA-520","Merced City & County CoC",2024,2025,24.1202987283859,37.0588117371532,-12.9385130087673
"pooled_lasso","1se",8,2025,"California","CA","CA-521","Davis, Woodland/Yolo County CoC",2024,2025,43.0016487678802,40.8902439449169,2.11140482296331
"pooled_lasso","1se",8,2025,"California","CA","CA-522","Humboldt County CoC",2024,2025,113.105501834451,65.7426173366697,47.3628844977814
"pooled_lasso","1se",8,2025,"California","CA","CA-523","Colusa, Glenn, Trinity Counties CoC",2024,2025,34.5525670882993,46.9483524558369,-12.3957853675376
"pooled_lasso","1se",8,2025,"California","CA","CA-524","Yuba City & County/Sutter County CoC",2024,2025,44.2718612317179,42.4956995480494,1.77616168366847
"pooled_lasso","1se",8,2025,"California","CA","CA-525","El Dorado County CoC",2024,2025,15.0268038664122,34.1420523032696,-19.1152484368574
"pooled_lasso","1se",8,2025,"California","CA","CA-526","Amador, Calaveras, Mariposa, Tuolumne Counties CoC",2024,2025,50.9589490347442,40.9135826677972,10.045366366947
"pooled_lasso","1se",8,2025,"California","CA","CA-527","Tehama County CoC",2024,2025,51.6508157426738,41.0107203504152,10.6400953922586
"pooled_lasso","1se",8,2025,"California","CA","CA-529","Lake County CoC",2024,2025,56.5130142241634,56.3386756842247,0.174338539938653
"pooled_lasso","1se",8,2025,"California","CA","CA-530","Alpine, Inyo, Mono Counties CoC",2024,2025,39.109316848546,41.6936633810192,-2.58434653247316
"pooled_lasso","1se",8,2025,"California","CA","CA-531","Nevada County CoC",2024,2025,45.7261728370833,51.0019871670153,-5.27581432993203
"pooled_lasso","1se",8,2025,"California","CA","CA-600","Los Angeles City & County CoC",2024,2025,75.9969026711013,46.3670720383835,29.6298306327178
"pooled_lasso","1se",8,2025,"California","CA","CA-601","San Diego City and County CoC",2024,2025,30.1774881118063,37.0696918236915,-6.8922037118852
"pooled_lasso","1se",8,2025,"California","CA","CA-602","Santa Ana, Anaheim/Orange County CoC",2024,2025,24.4800217938871,28.1408955370378,-3.66087374315066
"pooled_lasso","1se",8,2025,"California","CA","CA-603","Santa Maria/Santa Barbara County CoC",2024,2025,55.5348195401129,45.5305523721813,10.0042671679316
"pooled_lasso","1se",8,2025,"California","CA","CA-604","Bakersfield/Kern County CoC",2024,2025,28.1640613202052,34.8040078261289,-6.63994650592368
"pooled_lasso","1se",8,2025,"California","CA","CA-606","Long Beach CoC",2024,2025,80.7781765738186,57.8345609223555,22.9436156514631
"pooled_lasso","1se",8,2025,"California","CA","CA-607","Pasadena CoC",2024,2025,42.7502410640444,54.4147032329643,-11.6644621689199
"pooled_lasso","1se",8,2025,"California","CA","CA-608","Riverside City & County CoC",2024,2025,15.678317083943,24.5023920209665,-8.8240749370235
"pooled_lasso","1se",8,2025,"California","CA","CA-609","San Bernardino City & County CoC",2024,2025,17.2519919373803,23.3016582883295,-6.04966635094915
"pooled_lasso","1se",8,2025,"California","CA","CA-611","Oxnard, San Buenaventura/Ventura County CoC",2024,2025,23.9513462702699,35.438912268597,-11.4875659983271
"pooled_lasso","1se",8,2025,"California","CA","CA-612","Glendale CoC",2024,2025,10.4489191046873,33.3158090431934,-22.8668899385061
"pooled_lasso","1se",8,2025,"California","CA","CA-613","Imperial County CoC",2024,2025,86.8745555671927,46.0478169804727,40.82673858672
"pooled_lasso","1se",8,2025,"California","CA","CA-614","San Luis Obispo County CoC",2024,2025,43.7374055750141,39.0396767251814,4.69772884983269
"pooled_lasso","1se",8,2025,"Florida","FL","FL-500","Sarasota, Bradenton/Manatee, Sarasota Counties CoC",2024,2025,10.2303624501402,14.7428347408982,-4.51247229075804
"pooled_lasso","1se",8,2025,"Florida","FL","FL-501","Tampa/Hillsborough County CoC",2024,2025,11.4095857037129,11.6045447914814,-0.194959087768547
"pooled_lasso","1se",8,2025,"Florida","FL","FL-502","St. Petersburg, Clearwater, Largo/Pinellas County CoC",2024,2025,19.640234755098,29.0508124095205,-9.41057765442251
"pooled_lasso","1se",8,2025,"Florida","FL","FL-503","Lakeland/Polk County CoC",2024,2025,9.19077721510305,14.6312303889564,-5.44045317385337
"pooled_lasso","1se",8,2025,"Florida","FL","FL-504","Deltona, Daytona Beach/Volusia, Flagler Counties CoC",2024,2025,14.4992924398842,13.0960993554316,1.40319308445261
"pooled_lasso","1se",8,2025,"Florida","FL","FL-505","Fort Walton Beach/Okaloosa, Walton Counties CoC",2024,2025,12.1866847774343,15.985373692428,-3.79868891499374
"pooled_lasso","1se",8,2025,"Florida","FL","FL-506","Tallahassee/Leon County CoC",2024,2025,14.4275725269538,26.0019593796024,-11.5743868526486
"pooled_lasso","1se",8,2025,"Florida","FL","FL-507","Orlando/Orange, Osceola, Seminole Counties CoC",2024,2025,10.8970084793596,11.4314662705398,-0.534457791180216
"pooled_lasso","1se",8,2025,"Florida","FL","FL-508","Gainesville/Alachua, Putnam Counties CoC",2024,2025,17.3630622306498,20.1107475877706,-2.7476853571208
"pooled_lasso","1se",8,2025,"Florida","FL","FL-509","Fort Pierce/St. Lucie, Indian River, Martin Counties CoC",2024,2025,7.67342755421297,10.5272434704344,-2.8538159162214
"pooled_lasso","1se",8,2025,"Florida","FL","FL-510","Jacksonville-Duval, Clay Counties CoC",2024,2025,7.07858845715874,13.9156681374786,-6.83707968031984
"pooled_lasso","1se",8,2025,"Florida","FL","FL-511","Pensacola/Escambia, Santa Rosa Counties CoC",2024,2025,16.2584021624042,18.9936380169099,-2.73523585450571
"pooled_lasso","1se",8,2025,"Florida","FL","FL-512","St. Johns County CoC",2024,2025,9.23979580051281,15.6760873225565,-6.43629152204369
"pooled_lasso","1se",8,2025,"Florida","FL","FL-513","Palm Bay, Melbourne/Brevard County CoC",2024,2025,15.9944094870042,13.9433781814992,2.05103130550503
"pooled_lasso","1se",8,2025,"Florida","FL","FL-514","Ocala/Marion County CoC",2024,2025,8.83296435187277,15.796906469138,-6.96394211726525
"pooled_lasso","1se",8,2025,"Florida","FL","FL-515","Panama City/Bay, Jackson Counties CoC",2024,2025,12.569891626332,15.8889289091597,-3.31903728282775
"pooled_lasso","1se",8,2025,"Florida","FL","FL-517","Hendry, Hardee, Highlands Counties CoC",2024,2025,18.7217466922519,11.4037475377956,7.31799915445627
"pooled_lasso","1se",8,2025,"Florida","FL","FL-519","Pasco County CoC",2024,2025,9.4586340427803,15.0365445265687,-5.57791048378841
"pooled_lasso","1se",8,2025,"Florida","FL","FL-520","Citrus, Hernando, Lake, Sumter Counties CoC",2024,2025,7.61511784568614,9.36689447321016,-1.75177662752402
"pooled_lasso","1se",8,2025,"Florida","FL","FL-600","Miami-Dade County CoC",2024,2025,12.9013654034273,17.0446107658482,-4.14324536242092
"pooled_lasso","1se",8,2025,"Florida","FL","FL-601","Ft Lauderdale/Broward County CoC",2024,2025,10.8726047611976,10.1082960127732,0.764308748424389
"pooled_lasso","1se",8,2025,"Florida","FL","FL-602","Charlotte County CoC",2024,2025,14.8702649945675,18.1921149366245,-3.32184994205696
"pooled_lasso","1se",8,2025,"Florida","FL","FL-603","Ft Myers, Cape Coral/Lee County CoC",2024,2025,10.1415361000997,10.9013415587521,-0.759805458652449
"pooled_lasso","1se",8,2025,"Florida","FL","FL-604","Monroe County CoC",2024,2025,47.0114170584285,60.042400909931,-13.0309838515025
"pooled_lasso","1se",8,2025,"Florida","FL","FL-605","West Palm Beach/Palm Beach County CoC",2024,2025,9.64634714411008,9.91228112104001,-0.265933976929928
"pooled_lasso","1se",8,2025,"Florida","FL","FL-606","Naples/Collier County CoC",2024,2025,18.1238028341217,14.7839378585797,3.33986497554205
"pooled_lasso_state_interactions","min",8,2025,"California","CA","CA-500","San Jose/Santa Clara City & County CoC",2024,2025,55.9499078296962,43.1035611437846,12.8463466859116
"pooled_lasso_state_interactions","min",8,2025,"California","CA","CA-501","San Francisco CoC",2024,2025,104.965747827992,102.49967716857,2.46607065942169
"pooled_lasso_state_interactions","min",8,2025,"California","CA","CA-502","Oakland, Berkeley/Alameda County CoC",2024,2025,56.5918992075179,54.5040615474439,2.08783766007396
"pooled_lasso_state_interactions","min",8,2025,"California","CA","CA-503","Sacramento City & County CoC",2024,2025,43.220098117964,49.755750543949,-6.53565242598497
"pooled_lasso_state_interactions","min",8,2025,"California","CA","CA-504","Santa Rosa, Petaluma/Sonoma County CoC",2024,2025,40.1279489519862,70.274986222448,-30.1470372704619
"pooled_lasso_state_interactions","min",8,2025,"California","CA","CA-505","Contra Costa County CoC",2024,2025,18.1014811079679,26.9399562162059,-8.83847510823799
"pooled_lasso_state_interactions","min",8,2025,"California","CA","CA-506","Salinas/Monterey, San Benito Counties CoC",2024,2025,60.479028842165,44.1086286153421,16.3704002268229
"pooled_lasso_state_interactions","min",8,2025,"California","CA","CA-507","Marin County CoC",2024,2025,42.6103888937066,57.6560544552311,-15.0456655615245
"pooled_lasso_state_interactions","min",8,2025,"California","CA","CA-508","Watsonville/Santa Cruz City & County CoC",2024,2025,56.9051040749154,60.5498135731269,-3.6447094982115
"pooled_lasso_state_interactions","min",8,2025,"California","CA","CA-509","Mendocino County CoC",2024,2025,72.172669707905,113.779428017763,-41.6067583098577
"pooled_lasso_state_interactions","min",8,2025,"California","CA","CA-510","Turlock, Modesto/Stanislaus County CoC",2024,2025,37.4023477772857,49.7001203950436,-12.297772617758
"pooled_lasso_state_interactions","min",8,2025,"California","CA","CA-511","Stockton/San Joaquin County CoC",2024,2025,57.7799627343518,41.0630613629004,16.7169013714514
"pooled_lasso_state_interactions","min",8,2025,"California","CA","CA-512","Daly City/San Mateo County CoC",2024,2025,28.8742926000043,39.3996709712944,-10.5253783712901
"pooled_lasso_state_interactions","min",8,2025,"California","CA","CA-513","Visalia/Kings, Tulare Counties CoC",2024,2025,23.0189546704865,23.2990605097968,-0.280105839310259
"pooled_lasso_state_interactions","min",8,2025,"California","CA","CA-514","Fresno City & County/Madera County CoC",2024,2025,40.7600905114997,34.119213706771,6.64087680472873
"pooled_lasso_state_interactions","min",8,2025,"California","CA","CA-515","Roseville, Rocklin/Placer County CoC",2024,2025,16.0830255089,24.5099357644417,-8.42691025554173
"pooled_lasso_state_interactions","min",8,2025,"California","CA","CA-516","Redding/Shasta, Siskiyou, Lassen, Plumas, Del Norte, Modoc, Sierra Counties CoC",2024,2025,75.5445271574304,76.841531520307,-1.29700436287659
"pooled_lasso_state_interactions","min",8,2025,"California","CA","CA-517","Napa City & County CoC",2024,2025,28.1310878607586,52.6646534160867,-24.5335655553281
"pooled_lasso_state_interactions","min",8,2025,"California","CA","CA-518","Vallejo/Solano County CoC",2024,2025,36.5412318611433,31.5251315236904,5.01610033745286
"pooled_lasso_state_interactions","min",8,2025,"California","CA","CA-519","Chico, Paradise/Butte County CoC",2024,2025,66.5356984097395,78.2384572226993,-11.7027588129598
"pooled_lasso_state_interactions","min",8,2025,"California","CA","CA-520","Merced City & County CoC",2024,2025,24.1202987283859,35.7609064979597,-11.6406077695738
"pooled_lasso_state_interactions","min",8,2025,"California","CA","CA-521","Davis, Woodland/Yolo County CoC",2024,2025,43.0016487678802,48.0392816289922,-5.03763286111202
"pooled_lasso_state_interactions","min",8,2025,"California","CA","CA-522","Humboldt County CoC",2024,2025,113.105501834451,92.8858341139618,20.2196677204892
"pooled_lasso_state_interactions","min",8,2025,"California","CA","CA-523","Colusa, Glenn, Trinity Counties CoC",2024,2025,34.5525670882993,48.2961447981143,-13.743577709815
"pooled_lasso_state_interactions","min",8,2025,"California","CA","CA-524","Yuba City & County/Sutter County CoC",2024,2025,44.2718612317179,45.2808180409664,-1.00895680924853
"pooled_lasso_state_interactions","min",8,2025,"California","CA","CA-525","El Dorado County CoC",2024,2025,15.0268038664122,33.4378147481965,-18.4110108817843
"pooled_lasso_state_interactions","min",8,2025,"California","CA","CA-526","Amador, Calaveras, Mariposa, Tuolumne Counties CoC",2024,2025,50.9589490347442,48.830281017719,2.12866801702523
"pooled_lasso_state_interactions","min",8,2025,"California","CA","CA-527","Tehama County CoC",2024,2025,51.6508157426738,43.5869395527157,8.06387618995814
"pooled_lasso_state_interactions","min",8,2025,"California","CA","CA-529","Lake County CoC",2024,2025,56.5130142241634,68.5424225353119,-12.0294083111485
"pooled_lasso_state_interactions","min",8,2025,"California","CA","CA-530","Alpine, Inyo, Mono Counties CoC",2024,2025,39.109316848546,51.0316411578509,-11.9223243093049
"pooled_lasso_state_interactions","min",8,2025,"California","CA","CA-531","Nevada County CoC",2024,2025,45.7261728370833,62.9887880436375,-17.2626152065542
"pooled_lasso_state_interactions","min",8,2025,"California","CA","CA-600","Los Angeles City & County CoC",2024,2025,75.9969026711013,57.5269727785207,18.4699298925806
"pooled_lasso_state_interactions","min",8,2025,"California","CA","CA-601","San Diego City and County CoC",2024,2025,30.1774881118063,44.463894766266,-14.2864066544597
"pooled_lasso_state_interactions","min",8,2025,"California","CA","CA-602","Santa Ana, Anaheim/Orange County CoC",2024,2025,24.4800217938871,20.8421439637841,3.63787783010297
"pooled_lasso_state_interactions","min",8,2025,"California","CA","CA-603","Santa Maria/Santa Barbara County CoC",2024,2025,55.5348195401129,56.6501489213441,-1.11532938123119
"pooled_lasso_state_interactions","min",8,2025,"California","CA","CA-604","Bakersfield/Kern County CoC",2024,2025,28.1640613202052,36.518798017802,-8.35473669759683
"pooled_lasso_state_interactions","min",8,2025,"California","CA","CA-606","Long Beach CoC",2024,2025,80.7781765738186,67.5192370868454,13.2589394869732
"pooled_lasso_state_interactions","min",8,2025,"California","CA","CA-607","Pasadena CoC",2024,2025,42.7502410640444,66.7416556862811,-23.9914146222367
"pooled_lasso_state_interactions","min",8,2025,"California","CA","CA-608","Riverside City & County CoC",2024,2025,15.678317083943,20.3511143685578,-4.67279728461481
"pooled_lasso_state_interactions","min",8,2025,"California","CA","CA-609","San Bernardino City & County CoC",2024,2025,17.2519919373803,19.5599106854627,-2.30791874808244
"pooled_lasso_state_interactions","min",8,2025,"California","CA","CA-611","Oxnard, San Buenaventura/Ventura County CoC",2024,2025,23.9513462702699,35.7900598540674,-11.8387135837975
"pooled_lasso_state_interactions","min",8,2025,"California","CA","CA-612","Glendale CoC",2024,2025,10.4489191046873,28.503021527991,-18.0541024233037
"pooled_lasso_state_interactions","min",8,2025,"California","CA","CA-613","Imperial County CoC",2024,2025,86.8745555671927,48.1926113939835,38.6819441732092
"pooled_lasso_state_interactions","min",8,2025,"California","CA","CA-614","San Luis Obispo County CoC",2024,2025,43.7374055750141,47.6319928156181,-3.89458724060403
"pooled_lasso_state_interactions","min",8,2025,"Florida","FL","FL-500","Sarasota, Bradenton/Manatee, Sarasota Counties CoC",2024,2025,10.2303624501402,17.6421094546343,-7.41174700449412
"pooled_lasso_state_interactions","min",8,2025,"Florida","FL","FL-501","Tampa/Hillsborough County CoC",2024,2025,11.4095857037129,11.2110177450741,0.198567958638765
"pooled_lasso_state_interactions","min",8,2025,"Florida","FL","FL-502","St. Petersburg, Clearwater, Largo/Pinellas County CoC",2024,2025,19.640234755098,31.8843377676055,-12.2441030125075
"pooled_lasso_state_interactions","min",8,2025,"Florida","FL","FL-503","Lakeland/Polk County CoC",2024,2025,9.19077721510305,12.6175181133643,-3.4267408982613
"pooled_lasso_state_interactions","min",8,2025,"Florida","FL","FL-504","Deltona, Daytona Beach/Volusia, Flagler Counties CoC",2024,2025,14.4992924398842,17.6886093836113,-3.18931694372709
"pooled_lasso_state_interactions","min",8,2025,"Florida","FL","FL-505","Fort Walton Beach/Okaloosa, Walton Counties CoC",2024,2025,12.1866847774343,22.4009080356758,-10.2142232582415
"pooled_lasso_state_interactions","min",8,2025,"Florida","FL","FL-506","Tallahassee/Leon County CoC",2024,2025,14.4275725269538,26.9081092004481,-12.4805366734943
"pooled_lasso_state_interactions","min",8,2025,"Florida","FL","FL-507","Orlando/Orange, Osceola, Seminole Counties CoC",2024,2025,10.8970084793596,10.5813375361061,0.315670943253549
"pooled_lasso_state_interactions","min",8,2025,"Florida","FL","FL-508","Gainesville/Alachua, Putnam Counties CoC",2024,2025,17.3630622306498,25.8524732878823,-8.48941105723252
"pooled_lasso_state_interactions","min",8,2025,"Florida","FL","FL-509","Fort Pierce/St. Lucie, Indian River, Martin Counties CoC",2024,2025,7.67342755421297,16.8527624070066,-9.17933485279363
"pooled_lasso_state_interactions","min",8,2025,"Florida","FL","FL-510","Jacksonville-Duval, Clay Counties CoC",2024,2025,7.07858845715874,14.4929717723698,-7.41438331521104
"pooled_lasso_state_interactions","min",8,2025,"Florida","FL","FL-511","Pensacola/Escambia, Santa Rosa Counties CoC",2024,2025,16.2584021624042,21.5319974035368,-5.27359524113256
"pooled_lasso_state_interactions","min",8,2025,"Florida","FL","FL-512","St. Johns County CoC",2024,2025,9.23979580051281,16.3230753662967,-7.08327956578391
"pooled_lasso_state_interactions","min",8,2025,"Florida","FL","FL-513","Palm Bay, Melbourne/Brevard County CoC",2024,2025,15.9944094870042,18.7707493321684,-2.77633984516418
"pooled_lasso_state_interactions","min",8,2025,"Florida","FL","FL-514","Ocala/Marion County CoC",2024,2025,8.83296435187277,18.270785127001,-9.43782077512821
"pooled_lasso_state_interactions","min",8,2025,"Florida","FL","FL-515","Panama City/Bay, Jackson Counties CoC",2024,2025,12.569891626332,20.037156039105,-7.46726441277305
"pooled_lasso_state_interactions","min",8,2025,"Florida","FL","FL-517","Hendry, Hardee, Highlands Counties CoC",2024,2025,18.7217466922519,15.8001262033739,2.92162048887804
"pooled_lasso_state_interactions","min",8,2025,"Florida","FL","FL-519","Pasco County CoC",2024,2025,9.4586340427803,16.8344341566235,-7.37580011384316
"pooled_lasso_state_interactions","min",8,2025,"Florida","FL","FL-520","Citrus, Hernando, Lake, Sumter Counties CoC",2024,2025,7.61511784568614,12.4152931636952,-4.80017531800901
"pooled_lasso_state_interactions","min",8,2025,"Florida","FL","FL-600","Miami-Dade County CoC",2024,2025,12.9013654034273,18.5375282122545,-5.63616280882719
"pooled_lasso_state_interactions","min",8,2025,"Florida","FL","FL-601","Ft Lauderdale/Broward County CoC",2024,2025,10.8726047611976,13.6113316535325,-2.73872689233493
"pooled_lasso_state_interactions","min",8,2025,"Florida","FL","FL-602","Charlotte County CoC",2024,2025,14.8702649945675,29.4299688625983,-14.5597038680308
"pooled_lasso_state_interactions","min",8,2025,"Florida","FL","FL-603","Ft Myers, Cape Coral/Lee County CoC",2024,2025,10.1415361000997,15.3626021112088,-5.22106601110912
"pooled_lasso_state_interactions","min",8,2025,"Florida","FL","FL-604","Monroe County CoC",2024,2025,47.0114170584285,69.9525403592167,-22.9411233007882
"pooled_lasso_state_interactions","min",8,2025,"Florida","FL","FL-605","West Palm Beach/Palm Beach County CoC",2024,2025,9.64634714411008,15.6242865646467,-5.97793942053659
"pooled_lasso_state_interactions","min",8,2025,"Florida","FL","FL-606","Naples/Collier County CoC",2024,2025,18.1238028341217,21.0539698768935,-2.93016704277183
"pooled_lasso_state_interactions","1se",8,2025,"California","CA","CA-500","San Jose/Santa Clara City & County CoC",2024,2025,55.9499078296962,41.6508495157072,14.299058313989
"pooled_lasso_state_interactions","1se",8,2025,"California","CA","CA-501","San Francisco CoC",2024,2025,104.965747827992,100.030930233925,4.93481759406748
"pooled_lasso_state_interactions","1se",8,2025,"California","CA","CA-502","Oakland, Berkeley/Alameda County CoC",2024,2025,56.5918992075179,50.5193001636142,6.07259904390373
"pooled_lasso_state_interactions","1se",8,2025,"California","CA","CA-503","Sacramento City & County CoC",2024,2025,43.220098117964,46.532641379242,-3.31254326127796
"pooled_lasso_state_interactions","1se",8,2025,"California","CA","CA-504","Santa Rosa, Petaluma/Sonoma County CoC",2024,2025,40.1279489519862,63.1117160819723,-22.9837671299861
"pooled_lasso_state_interactions","1se",8,2025,"California","CA","CA-505","Contra Costa County CoC",2024,2025,18.1014811079679,28.4852192293094,-10.3837381213415
"pooled_lasso_state_interactions","1se",8,2025,"California","CA","CA-506","Salinas/Monterey, San Benito Counties CoC",2024,2025,60.479028842165,40.3198614378635,20.1591674043015
"pooled_lasso_state_interactions","1se",8,2025,"California","CA","CA-507","Marin County CoC",2024,2025,42.6103888937066,52.1826637958258,-9.57227490211924
"pooled_lasso_state_interactions","1se",8,2025,"California","CA","CA-508","Watsonville/Santa Cruz City & County CoC",2024,2025,56.9051040749154,53.7886490260426,3.11645504887277
"pooled_lasso_state_interactions","1se",8,2025,"California","CA","CA-509","Mendocino County CoC",2024,2025,72.172669707905,99.3426091919695,-27.1699394840645
"pooled_lasso_state_interactions","1se",8,2025,"California","CA","CA-510","Turlock, Modesto/Stanislaus County CoC",2024,2025,37.4023477772857,47.2463220066672,-9.84397422938148
"pooled_lasso_state_interactions","1se",8,2025,"California","CA","CA-511","Stockton/San Joaquin County CoC",2024,2025,57.7799627343518,40.3068521130269,17.4731106213249
"pooled_lasso_state_interactions","1se",8,2025,"California","CA","CA-512","Daly City/San Mateo County CoC",2024,2025,28.8742926000043,38.6951892633393,-9.82089666333498
"pooled_lasso_state_interactions","1se",8,2025,"California","CA","CA-513","Visalia/Kings, Tulare Counties CoC",2024,2025,23.0189546704865,25.2508458613167,-2.23189119083021
"pooled_lasso_state_interactions","1se",8,2025,"California","CA","CA-514","Fresno City & County/Madera County CoC",2024,2025,40.7600905114997,33.2248713132041,7.53521919829562
"pooled_lasso_state_interactions","1se",8,2025,"California","CA","CA-515","Roseville, Rocklin/Placer County CoC",2024,2025,16.0830255089,27.4106529656213,-11.3276274567213
"pooled_lasso_state_interactions","1se",8,2025,"California","CA","CA-516","Redding/Shasta, Siskiyou, Lassen, Plumas, Del Norte, Modoc, Sierra Counties CoC",2024,2025,75.5445271574304,70.7837290467023,4.7607981107281
"pooled_lasso_state_interactions","1se",8,2025,"California","CA","CA-517","Napa City & County CoC",2024,2025,28.1310878607586,49.2653414422779,-21.1342535815193
"pooled_lasso_state_interactions","1se",8,2025,"California","CA","CA-518","Vallejo/Solano County CoC",2024,2025,36.5412318611433,29.9677177476997,6.57351411344356
"pooled_lasso_state_interactions","1se",8,2025,"California","CA","CA-519","Chico, Paradise/Butte County CoC",2024,2025,66.5356984097395,70.3624732898194,-3.82677488007991
"pooled_lasso_state_interactions","1se",8,2025,"California","CA","CA-520","Merced City & County CoC",2024,2025,24.1202987283859,35.0656236327998,-10.9453249044139
"pooled_lasso_state_interactions","1se",8,2025,"California","CA","CA-521","Davis, Woodland/Yolo County CoC",2024,2025,43.0016487678802,43.6214365218239,-0.619787753943655
"pooled_lasso_state_interactions","1se",8,2025,"California","CA","CA-522","Humboldt County CoC",2024,2025,113.105501834451,80.3125122415941,32.7929895928569
"pooled_lasso_state_interactions","1se",8,2025,"California","CA","CA-523","Colusa, Glenn, Trinity Counties CoC",2024,2025,34.5525670882993,49.3562689465382,-14.8037018582389
"pooled_lasso_state_interactions","1se",8,2025,"California","CA","CA-524","Yuba City & County/Sutter County CoC",2024,2025,44.2718612317179,43.9905693736811,0.281291858036802
"pooled_lasso_state_interactions","1se",8,2025,"California","CA","CA-525","El Dorado County CoC",2024,2025,15.0268038664122,34.7819889636123,-19.7551850972001
"pooled_lasso_state_interactions","1se",8,2025,"California","CA","CA-526","Amador, Calaveras, Mariposa, Tuolumne Counties CoC",2024,2025,50.9589490347442,44.8424158598842,6.11653317486002
"pooled_lasso_state_interactions","1se",8,2025,"California","CA","CA-527","Tehama County CoC",2024,2025,51.6508157426738,43.8828688921279,7.76794685054587
"pooled_lasso_state_interactions","1se",8,2025,"California","CA","CA-529","Lake County CoC",2024,2025,56.5130142241634,63.0184257413296,-6.50541151716623
"pooled_lasso_state_interactions","1se",8,2025,"California","CA","CA-530","Alpine, Inyo, Mono Counties CoC",2024,2025,39.109316848546,49.620660808123,-10.511343959577
"pooled_lasso_state_interactions","1se",8,2025,"California","CA","CA-531","Nevada County CoC",2024,2025,45.7261728370833,57.0488344364355,-11.3226615993523
"pooled_lasso_state_interactions","1se",8,2025,"California","CA","CA-600","Los Angeles City & County CoC",2024,2025,75.9969026711013,48.6382686633259,27.3586340077754
"pooled_lasso_state_interactions","1se",8,2025,"California","CA","CA-601","San Diego City and County CoC",2024,2025,30.1774881118063,38.1056343787584,-7.92814626695212
"pooled_lasso_state_interactions","1se",8,2025,"California","CA","CA-602","Santa Ana, Anaheim/Orange County CoC",2024,2025,24.4800217938871,22.1925026281651,2.28751916572197
"pooled_lasso_state_interactions","1se",8,2025,"California","CA","CA-603","Santa Maria/Santa Barbara County CoC",2024,2025,55.5348195401129,49.3429149520324,6.19190458808045
"pooled_lasso_state_interactions","1se",8,2025,"California","CA","CA-604","Bakersfield/Kern County CoC",2024,2025,28.1640613202052,34.7291483185415,-6.56508699833628
"pooled_lasso_state_interactions","1se",8,2025,"California","CA","CA-606","Long Beach CoC",2024,2025,80.7781765738186,62.8256057667411,17.9525708070775
"pooled_lasso_state_interactions","1se",8,2025,"California","CA","CA-607","Pasadena CoC",2024,2025,42.7502410640444,61.2343652628851,-18.4841241988407
"pooled_lasso_state_interactions","1se",8,2025,"California","CA","CA-608","Riverside City & County CoC",2024,2025,15.678317083943,20.1642043012643,-4.48588721732134
"pooled_lasso_state_interactions","1se",8,2025,"California","CA","CA-609","San Bernardino City & County CoC",2024,2025,17.2519919373803,19.1395313141777,-1.8875393767974
"pooled_lasso_state_interactions","1se",8,2025,"California","CA","CA-611","Oxnard, San Buenaventura/Ventura County CoC",2024,2025,23.9513462702699,34.2285210778853,-10.2771748076154
"pooled_lasso_state_interactions","1se",8,2025,"California","CA","CA-612","Glendale CoC",2024,2025,10.4489191046873,29.7214726990818,-19.2725535943945
"pooled_lasso_state_interactions","1se",8,2025,"California","CA","CA-613","Imperial County CoC",2024,2025,86.8745555671927,45.7605708284478,41.1139847387449
"pooled_lasso_state_interactions","1se",8,2025,"California","CA","CA-614","San Luis Obispo County CoC",2024,2025,43.7374055750141,42.6579305739237,1.07947500109037
"pooled_lasso_state_interactions","1se",8,2025,"Florida","FL","FL-500","Sarasota, Bradenton/Manatee, Sarasota Counties CoC",2024,2025,10.2303624501402,15.3166102081557,-5.08624775801551
"pooled_lasso_state_interactions","1se",8,2025,"Florida","FL","FL-501","Tampa/Hillsborough County CoC",2024,2025,11.4095857037129,11.1043684812907,0.305217222422192
"pooled_lasso_state_interactions","1se",8,2025,"Florida","FL","FL-502","St. Petersburg, Clearwater, Largo/Pinellas County CoC",2024,2025,19.640234755098,31.7914875780886,-12.1512528229906
"pooled_lasso_state_interactions","1se",8,2025,"Florida","FL","FL-503","Lakeland/Polk County CoC",2024,2025,9.19077721510305,12.0394891732901,-2.84871195818705
"pooled_lasso_state_interactions","1se",8,2025,"Florida","FL","FL-504","Deltona, Daytona Beach/Volusia, Flagler Counties CoC",2024,2025,14.4992924398842,13.2023491464831,1.29694329340115
"pooled_lasso_state_interactions","1se",8,2025,"Florida","FL","FL-505","Fort Walton Beach/Okaloosa, Walton Counties CoC",2024,2025,12.1866847774343,19.4972369952777,-7.31055221784339
"pooled_lasso_state_interactions","1se",8,2025,"Florida","FL","FL-506","Tallahassee/Leon County CoC",2024,2025,14.4275725269538,28.974862158757,-14.5472896318032
"pooled_lasso_state_interactions","1se",8,2025,"Florida","FL","FL-507","Orlando/Orange, Osceola, Seminole Counties CoC",2024,2025,10.8970084793596,9.40822200675648,1.48878647260312
"pooled_lasso_state_interactions","1se",8,2025,"Florida","FL","FL-508","Gainesville/Alachua, Putnam Counties CoC",2024,2025,17.3630622306498,25.3585765006885,-7.99551427003868
"pooled_lasso_state_interactions","1se",8,2025,"Florida","FL","FL-509","Fort Pierce/St. Lucie, Indian River, Martin Counties CoC",2024,2025,7.67342755421297,11.1061323684519,-3.43270481423894
"pooled_lasso_state_interactions","1se",8,2025,"Florida","FL","FL-510","Jacksonville-Duval, Clay Counties CoC",2024,2025,7.07858845715874,13.6921219941864,-6.61353353702763
"pooled_lasso_state_interactions","1se",8,2025,"Florida","FL","FL-511","Pensacola/Escambia, Santa Rosa Counties CoC",2024,2025,16.2584021624042,19.326451628607,-3.06804946620275
"pooled_lasso_state_interactions","1se",8,2025,"Florida","FL","FL-512","St. Johns County CoC",2024,2025,9.23979580051281,13.7070545459531,-4.46725874544028
"pooled_lasso_state_interactions","1se",8,2025,"Florida","FL","FL-513","Palm Bay, Melbourne/Brevard County CoC",2024,2025,15.9944094870042,14.9700094716384,1.0244000153658
"pooled_lasso_state_interactions","1se",8,2025,"Florida","FL","FL-514","Ocala/Marion County CoC",2024,2025,8.83296435187277,15.9960328827675,-7.16306853089468
"pooled_lasso_state_interactions","1se",8,2025,"Florida","FL","FL-515","Panama City/Bay, Jackson Counties CoC",2024,2025,12.569891626332,17.4041713044177,-4.83427967808566
"pooled_lasso_state_interactions","1se",8,2025,"Florida","FL","FL-517","Hendry, Hardee, Highlands Counties CoC",2024,2025,18.7217466922519,13.4888833964754,5.23286329577652
"pooled_lasso_state_interactions","1se",8,2025,"Florida","FL","FL-519","Pasco County CoC",2024,2025,9.4586340427803,14.5159622116265,-5.05732816884622
"pooled_lasso_state_interactions","1se",8,2025,"Florida","FL","FL-520","Citrus, Hernando, Lake, Sumter Counties CoC",2024,2025,7.61511784568614,8.38882619250136,-0.77370834681522
"pooled_lasso_state_interactions","1se",8,2025,"Florida","FL","FL-600","Miami-Dade County CoC",2024,2025,12.9013654034273,17.8414638096154,-4.94009840618814
"pooled_lasso_state_interactions","1se",8,2025,"Florida","FL","FL-601","Ft Lauderdale/Broward County CoC",2024,2025,10.8726047611976,9.4664129754673,1.4061917857303
"pooled_lasso_state_interactions","1se",8,2025,"Florida","FL","FL-602","Charlotte County CoC",2024,2025,14.8702649945675,22.3094004095785,-7.43913541501103
"pooled_lasso_state_interactions","1se",8,2025,"Florida","FL","FL-603","Ft Myers, Cape Coral/Lee County CoC",2024,2025,10.1415361000997,12.0224437361879,-1.88090763608824
"pooled_lasso_state_interactions","1se",8,2025,"Florida","FL","FL-604","Monroe County CoC",2024,2025,47.0114170584285,68.5755060528043,-21.5640889943758
"pooled_lasso_state_interactions","1se",8,2025,"Florida","FL","FL-605","West Palm Beach/Palm Beach County CoC",2024,2025,9.64634714411008,10.6205086190331,-0.974161474922983
"pooled_lasso_state_interactions","1se",8,2025,"Florida","FL","FL-606","Naples/Collier County CoC",2024,2025,18.1238028341217,17.2522111166046,0.871591717517148
"separate_lasso_CA","min",8,2025,"California","CA","CA-500","San Jose/Santa Clara City & County CoC",2024,2025,55.9499078296962,46.0913327883533,9.85857504134292
"separate_lasso_CA","min",8,2025,"California","CA","CA-501","San Francisco CoC",2024,2025,104.965747827992,121.468024297474,-16.5022764694819
"separate_lasso_CA","min",8,2025,"California","CA","CA-502","Oakland, Berkeley/Alameda County CoC",2024,2025,56.5918992075179,60.894351340347,-4.30245213282908
"separate_lasso_CA","min",8,2025,"California","CA","CA-503","Sacramento City & County CoC",2024,2025,43.220098117964,50.1898022244233,-6.9697041064593
"separate_lasso_CA","min",8,2025,"California","CA","CA-504","Santa Rosa, Petaluma/Sonoma County CoC",2024,2025,40.1279489519862,70.9260842341737,-30.7981352821875
"separate_lasso_CA","min",8,2025,"California","CA","CA-505","Contra Costa County CoC",2024,2025,18.1014811079679,30.8936528352478,-12.7921717272799
"separate_lasso_CA","min",8,2025,"California","CA","CA-506","Salinas/Monterey, San Benito Counties CoC",2024,2025,60.479028842165,46.8167364750002,13.6622923671648
"separate_lasso_CA","min",8,2025,"California","CA","CA-507","Marin County CoC",2024,2025,42.6103888937066,56.1651677476462,-13.5547788539396
"separate_lasso_CA","min",8,2025,"California","CA","CA-508","Watsonville/Santa Cruz City & County CoC",2024,2025,56.9051040749154,64.8452926970326,-7.94018862211725
"separate_lasso_CA","min",8,2025,"California","CA","CA-509","Mendocino County CoC",2024,2025,72.172669707905,102.351333652634,-30.1786639447294
"separate_lasso_CA","min",8,2025,"California","CA","CA-510","Turlock, Modesto/Stanislaus County CoC",2024,2025,37.4023477772857,54.4072934938155,-17.0049457165298
"separate_lasso_CA","min",8,2025,"California","CA","CA-511","Stockton/San Joaquin County CoC",2024,2025,57.7799627343518,37.2167826627199,20.5631800716319
"separate_lasso_CA","min",8,2025,"California","CA","CA-512","Daly City/San Mateo County CoC",2024,2025,28.8742926000043,40.3710226639334,-11.4967300639291
"separate_lasso_CA","min",8,2025,"California","CA","CA-513","Visalia/Kings, Tulare Counties CoC",2024,2025,23.0189546704865,23.9359439787835,-0.916989308297023
"separate_lasso_CA","min",8,2025,"California","CA","CA-514","Fresno City & County/Madera County CoC",2024,2025,40.7600905114997,33.3970292370479,7.3630612744518
"separate_lasso_CA","min",8,2025,"California","CA","CA-515","Roseville, Rocklin/Placer County CoC",2024,2025,16.0830255089,18.9263350908793,-2.84330958197928
"separate_lasso_CA","min",8,2025,"California","CA","CA-516","Redding/Shasta, Siskiyou, Lassen, Plumas, Del Norte, Modoc, Sierra Counties CoC",2024,2025,75.5445271574304,84.4220094417677,-8.87748228433728
"separate_lasso_CA","min",8,2025,"California","CA","CA-517","Napa City & County CoC",2024,2025,28.1310878607586,53.3218050457899,-25.1907171850313
"separate_lasso_CA","min",8,2025,"California","CA","CA-518","Vallejo/Solano County CoC",2024,2025,36.5412318611433,29.9364832837482,6.60474857739511
"separate_lasso_CA","min",8,2025,"California","CA","CA-519","Chico, Paradise/Butte County CoC",2024,2025,66.5356984097395,85.333611256345,-18.7979128466055
"separate_lasso_CA","min",8,2025,"California","CA","CA-520","Merced City & County CoC",2024,2025,24.1202987283859,38.9391936183034,-14.8188948899175
"separate_lasso_CA","min",8,2025,"California","CA","CA-521","Davis, Woodland/Yolo County CoC",2024,2025,43.0016487678802,49.286765572637,-6.28511680475679
"separate_lasso_CA","min",8,2025,"California","CA","CA-522","Humboldt County CoC",2024,2025,113.105501834451,93.8398346143053,19.2656672201457
"separate_lasso_CA","min",8,2025,"California","CA","CA-523","Colusa, Glenn, Trinity Counties CoC",2024,2025,34.5525670882993,48.4826552867919,-13.9300881984926
"separate_lasso_CA","min",8,2025,"California","CA","CA-524","Yuba City & County/Sutter County CoC",2024,2025,44.2718612317179,36.0796025958493,8.19225863586865
"separate_lasso_CA","min",8,2025,"California","CA","CA-525","El Dorado County CoC",2024,2025,15.0268038664122,35.885700620543,-20.8588967541308
"separate_lasso_CA","min",8,2025,"California","CA","CA-526","Amador, Calaveras, Mariposa, Tuolumne Counties CoC",2024,2025,50.9589490347442,55.2111231937622,-4.25217415901795
"separate_lasso_CA","min",8,2025,"California","CA","CA-527","Tehama County CoC",2024,2025,51.6508157426738,43.8851170809712,7.76569866170264
"separate_lasso_CA","min",8,2025,"California","CA","CA-529","Lake County CoC",2024,2025,56.5130142241634,75.3857325862296,-18.8727183620662
"separate_lasso_CA","min",8,2025,"California","CA","CA-530","Alpine, Inyo, Mono Counties CoC",2024,2025,39.109316848546,56.1858246190713,-17.0765077705253
"separate_lasso_CA","min",8,2025,"California","CA","CA-531","Nevada County CoC",2024,2025,45.7261728370833,67.0271572599207,-21.3009844228374
"separate_lasso_CA","min",8,2025,"California","CA","CA-600","Los Angeles City & County CoC",2024,2025,75.9969026711013,68.7125160596804,7.28438661142087
"separate_lasso_CA","min",8,2025,"California","CA","CA-601","San Diego City and County CoC",2024,2025,30.1774881118063,50.5734445242198,-20.3959564124135
"separate_lasso_CA","min",8,2025,"California","CA","CA-602","Santa Ana, Anaheim/Orange County CoC",2024,2025,24.4800217938871,32.5714714284863,-8.09144963459917
"separate_lasso_CA","min",8,2025,"California","CA","CA-603","Santa Maria/Santa Barbara County CoC",2024,2025,55.5348195401129,59.4197482838565,-3.88492874374358
"separate_lasso_CA","min",8,2025,"California","CA","CA-604","Bakersfield/Kern County CoC",2024,2025,28.1640613202052,37.1923264092705,-9.02826508906533
"separate_lasso_CA","min",8,2025,"California","CA","CA-606","Long Beach CoC",2024,2025,80.7781765738186,71.3335826051808,9.44459396863779
"separate_lasso_CA","min",8,2025,"California","CA","CA-607","Pasadena CoC",2024,2025,42.7502410640444,63.4006008318981,-20.6503597678537
"separate_lasso_CA","min",8,2025,"California","CA","CA-608","Riverside City & County CoC",2024,2025,15.678317083943,23.1707736251673,-7.49245654122429
"separate_lasso_CA","min",8,2025,"California","CA","CA-609","San Bernardino City & County CoC",2024,2025,17.2519919373803,23.5458533242492,-6.29386138686895
"separate_lasso_CA","min",8,2025,"California","CA","CA-611","Oxnard, San Buenaventura/Ventura County CoC",2024,2025,23.9513462702699,42.1172113304778,-18.1658650602079
"separate_lasso_CA","min",8,2025,"California","CA","CA-612","Glendale CoC",2024,2025,10.4489191046873,33.7147708505986,-23.2658517459113
"separate_lasso_CA","min",8,2025,"California","CA","CA-613","Imperial County CoC",2024,2025,86.8745555671927,55.9485472814282,30.9260082857645
"separate_lasso_CA","min",8,2025,"California","CA","CA-614","San Luis Obispo County CoC",2024,2025,43.7374055750141,51.3133383831215,-7.5759328081074
"separate_lasso_CA","1se",8,2025,"California","CA","CA-500","San Jose/Santa Clara City & County CoC",2024,2025,55.9499078296962,49.3806322507883,6.56927557890789
"separate_lasso_CA","1se",8,2025,"California","CA","CA-501","San Francisco CoC",2024,2025,104.965747827992,119.64983968432,-14.6840918563284
"separate_lasso_CA","1se",8,2025,"California","CA","CA-502","Oakland, Berkeley/Alameda County CoC",2024,2025,56.5918992075179,59.4691336664928,-2.8772344589749
"separate_lasso_CA","1se",8,2025,"California","CA","CA-503","Sacramento City & County CoC",2024,2025,43.220098117964,50.9151895598032,-7.69509144183918
"separate_lasso_CA","1se",8,2025,"California","CA","CA-504","Santa Rosa, Petaluma/Sonoma County CoC",2024,2025,40.1279489519862,66.3854602354933,-26.2575112835071
"separate_lasso_CA","1se",8,2025,"California","CA","CA-505","Contra Costa County CoC",2024,2025,18.1014811079679,33.8270386701452,-15.7255575621773
"separate_lasso_CA","1se",8,2025,"California","CA","CA-506","Salinas/Monterey, San Benito Counties CoC",2024,2025,60.479028842165,46.9552473225858,13.5237815195792
"separate_lasso_CA","1se",8,2025,"California","CA","CA-507","Marin County CoC",2024,2025,42.6103888937066,51.2183882508886,-8.60799935718195
"separate_lasso_CA","1se",8,2025,"California","CA","CA-508","Watsonville/Santa Cruz City & County CoC",2024,2025,56.9051040749154,57.5945332511349,-0.689429176219456
"separate_lasso_CA","1se",8,2025,"California","CA","CA-509","Mendocino County CoC",2024,2025,72.172669707905,89.6144084373258,-17.4417387294208
"separate_lasso_CA","1se",8,2025,"California","CA","CA-510","Turlock, Modesto/Stanislaus County CoC",2024,2025,37.4023477772857,55.3528009373213,-17.9504531600356
"separate_lasso_CA","1se",8,2025,"California","CA","CA-511","Stockton/San Joaquin County CoC",2024,2025,57.7799627343518,41.929467758446,15.8504949759058
"separate_lasso_CA","1se",8,2025,"California","CA","CA-512","Daly City/San Mateo County CoC",2024,2025,28.8742926000043,43.8736161193869,-14.9993235193826
"separate_lasso_CA","1se",8,2025,"California","CA","CA-513","Visalia/Kings, Tulare Counties CoC",2024,2025,23.0189546704865,28.4709665462832,-5.45201187579669
"separate_lasso_CA","1se",8,2025,"California","CA","CA-514","Fresno City & County/Madera County CoC",2024,2025,40.7600905114997,37.6116757627365,3.14841474876324
"separate_lasso_CA","1se",8,2025,"California","CA","CA-515","Roseville, Rocklin/Placer County CoC",2024,2025,16.0830255089,24.0688867526674,-7.98586124376743
"separate_lasso_CA","1se",8,2025,"California","CA","CA-516","Redding/Shasta, Siskiyou, Lassen, Plumas, Del Norte, Modoc, Sierra Counties CoC",2024,2025,75.5445271574304,89.8772188489577,-14.3326916915273
"separate_lasso_CA","1se",8,2025,"California","CA","CA-517","Napa City & County CoC",2024,2025,28.1310878607586,50.3629190927451,-22.2318312319865
"separate_lasso_CA","1se",8,2025,"California","CA","CA-518","Vallejo/Solano County CoC",2024,2025,36.5412318611433,30.7118959284819,5.82933593266144
"separate_lasso_CA","1se",8,2025,"California","CA","CA-519","Chico, Paradise/Butte County CoC",2024,2025,66.5356984097395,80.8444255630403,-14.3087271533008
"separate_lasso_CA","1se",8,2025,"California","CA","CA-520","Merced City & County CoC",2024,2025,24.1202987283859,40.9380936441831,-16.8177949157972
"separate_lasso_CA","1se",8,2025,"California","CA","CA-521","Davis, Woodland/Yolo County CoC",2024,2025,43.0016487678802,46.0770024586714,-3.07535369079115
"separate_lasso_CA","1se",8,2025,"California","CA","CA-522","Humboldt County CoC",2024,2025,113.105501834451,82.2862791616155,30.8192226728355
"separate_lasso_CA","1se",8,2025,"California","CA","CA-523","Colusa, Glenn, Trinity Counties CoC",2024,2025,34.5525670882993,53.1184313978492,-18.5658643095499
"separate_lasso_CA","1se",8,2025,"California","CA","CA-524","Yuba City & County/Sutter County CoC",2024,2025,44.2718612317179,39.8016851869496,4.47017604476826
"separate_lasso_CA","1se",8,2025,"California","CA","CA-525","El Dorado County CoC",2024,2025,15.0268038664122,36.3752754692707,-21.3484716028585
"separate_lasso_CA","1se",8,2025,"California","CA","CA-526","Amador, Calaveras, Mariposa, Tuolumne Counties CoC",2024,2025,50.9589490347442,53.1195654521601,-2.16061641741589
"separate_lasso_CA","1se",8,2025,"California","CA","CA-527","Tehama County CoC",2024,2025,51.6508157426738,43.370802191056,8.28001355161783
"separate_lasso_CA","1se",8,2025,"California","CA","CA-529","Lake County CoC",2024,2025,56.5130142241634,70.6469276385441,-14.1339134143807
"separate_lasso_CA","1se",8,2025,"California","CA","CA-530","Alpine, Inyo, Mono Counties CoC",2024,2025,39.109316848546,51.0304866309025,-11.9211697823565
"separate_lasso_CA","1se",8,2025,"California","CA","CA-531","Nevada County CoC",2024,2025,45.7261728370833,61.5257143814521,-15.7995415443688
"separate_lasso_CA","1se",8,2025,"California","CA","CA-600","Los Angeles City & County CoC",2024,2025,75.9969026711013,65.1508052227998,10.8460974483015
"separate_lasso_CA","1se",8,2025,"California","CA","CA-601","San Diego City and County CoC",2024,2025,30.1774881118063,47.3960872385021,-17.2185991266958
"separate_lasso_CA","1se",8,2025,"California","CA","CA-602","Santa Ana, Anaheim/Orange County CoC",2024,2025,24.4800217938871,35.4692792789326,-10.9892574850455
"separate_lasso_CA","1se",8,2025,"California","CA","CA-603","Santa Maria/Santa Barbara County CoC",2024,2025,55.5348195401129,54.8798585883519,0.654960951761041
"separate_lasso_CA","1se",8,2025,"California","CA","CA-604","Bakersfield/Kern County CoC",2024,2025,28.1640613202052,38.0909461065092,-9.92688478630397
"separate_lasso_CA","1se",8,2025,"California","CA","CA-606","Long Beach CoC",2024,2025,80.7781765738186,68.1525779851172,12.6255985887014
"separate_lasso_CA","1se",8,2025,"California","CA","CA-607","Pasadena CoC",2024,2025,42.7502410640444,59.0001039939038,-16.2498629298594
"separate_lasso_CA","1se",8,2025,"California","CA","CA-608","Riverside City & County CoC",2024,2025,15.678317083943,26.0387334232937,-10.3604163393507
"separate_lasso_CA","1se",8,2025,"California","CA","CA-609","San Bernardino City & County CoC",2024,2025,17.2519919373803,25.6859471977398,-8.43395526035953
"separate_lasso_CA","1se",8,2025,"California","CA","CA-611","Oxnard, San Buenaventura/Ventura County CoC",2024,2025,23.9513462702699,42.6400425223132,-18.6886962520433
"separate_lasso_CA","1se",8,2025,"California","CA","CA-612","Glendale CoC",2024,2025,10.4489191046873,34.2739540733892,-23.8250349687019
"separate_lasso_CA","1se",8,2025,"California","CA","CA-613","Imperial County CoC",2024,2025,86.8745555671927,56.9179550494126,29.9566005177801
"separate_lasso_CA","1se",8,2025,"California","CA","CA-614","San Luis Obispo County CoC",2024,2025,43.7374055750141,45.7307686203696,-1.99336304535554
"separate_lasso_FL","min",8,2025,"Florida","FL","FL-500","Sarasota, Bradenton/Manatee, Sarasota Counties CoC",2024,2025,10.2303624501402,6.96567288848937,3.26468956165083
"separate_lasso_FL","min",8,2025,"Florida","FL","FL-501","Tampa/Hillsborough County CoC",2024,2025,11.4095857037129,3.26472117562987,8.14486452808302
"separate_lasso_FL","min",8,2025,"Florida","FL","FL-502","St. Petersburg, Clearwater, Largo/Pinellas County CoC",2024,2025,19.640234755098,17.4747863721569,2.16544838294113
"separate_lasso_FL","min",8,2025,"Florida","FL","FL-503","Lakeland/Polk County CoC",2024,2025,9.19077721510305,6.42920892025407,2.76156829484898
"separate_lasso_FL","min",8,2025,"Florida","FL","FL-504","Deltona, Daytona Beach/Volusia, Flagler Counties CoC",2024,2025,14.4992924398842,6.95390233758254,7.54539010230166
"separate_lasso_FL","min",8,2025,"Florida","FL","FL-505","Fort Walton Beach/Okaloosa, Walton Counties CoC",2024,2025,12.1866847774343,15.1948327468564,-3.00814796942212
"separate_lasso_FL","min",8,2025,"Florida","FL","FL-506","Tallahassee/Leon County CoC",2024,2025,14.4275725269538,17.9464806977159,-3.51890817076207
"separate_lasso_FL","min",8,2025,"Florida","FL","FL-507","Orlando/Orange, Osceola, Seminole Counties CoC",2024,2025,10.8970084793596,0.0393013300772783,10.8577071492823
"separate_lasso_FL","min",8,2025,"Florida","FL","FL-508","Gainesville/Alachua, Putnam Counties CoC",2024,2025,17.3630622306498,17.2575738042376,0.105488426412204
"separate_lasso_FL","min",8,2025,"Florida","FL","FL-509","Fort Pierce/St. Lucie, Indian River, Martin Counties CoC",2024,2025,7.67342755421297,6.80320419371584,0.870223360497126
"separate_lasso_FL","min",8,2025,"Florida","FL","FL-510","Jacksonville-Duval, Clay Counties CoC",2024,2025,7.07858845715874,4.49381553509245,2.58477292206629
"separate_lasso_FL","min",8,2025,"Florida","FL","FL-511","Pensacola/Escambia, Santa Rosa Counties CoC",2024,2025,16.2584021624042,12.3456749458299,3.91272721657431
"separate_lasso_FL","min",8,2025,"Florida","FL","FL-512","St. Johns County CoC",2024,2025,9.23979580051281,12.777379472271,-3.53758367175817
"separate_lasso_FL","min",8,2025,"Florida","FL","FL-513","Palm Bay, Melbourne/Brevard County CoC",2024,2025,15.9944094870042,9.19490033245116,6.79950915455304
"separate_lasso_FL","min",8,2025,"Florida","FL","FL-514","Ocala/Marion County CoC",2024,2025,8.83296435187277,12.703229843846,-3.87026549197323
"separate_lasso_FL","min",8,2025,"Florida","FL","FL-515","Panama City/Bay, Jackson Counties CoC",2024,2025,12.569891626332,13.6526874138158,-1.08279578748376
"separate_lasso_FL","min",8,2025,"Florida","FL","FL-517","Hendry, Hardee, Highlands Counties CoC",2024,2025,18.7217466922519,12.7159407143308,6.00580597792106
"separate_lasso_FL","min",8,2025,"Florida","FL","FL-519","Pasco County CoC",2024,2025,9.4586340427803,10.2038158872316,-0.745181844451325
"separate_lasso_FL","min",8,2025,"Florida","FL","FL-520","Citrus, Hernando, Lake, Sumter Counties CoC",2024,2025,7.61511784568614,3.25216071532236,4.36295713036378
"separate_lasso_FL","min",8,2025,"Florida","FL","FL-600","Miami-Dade County CoC",2024,2025,12.9013654034273,5.61513409187475,7.28623131155255
"separate_lasso_FL","min",8,2025,"Florida","FL","FL-601","Ft Lauderdale/Broward County CoC",2024,2025,10.8726047611976,1.03075226099691,9.84185250020069
"separate_lasso_FL","min",8,2025,"Florida","FL","FL-602","Charlotte County CoC",2024,2025,14.8702649945675,18.1351405887879,-3.26487559422043
"separate_lasso_FL","min",8,2025,"Florida","FL","FL-603","Ft Myers, Cape Coral/Lee County CoC",2024,2025,10.1415361000997,5.8349234029201,4.3066126971796
"separate_lasso_FL","min",8,2025,"Florida","FL","FL-604","Monroe County CoC",2024,2025,47.0114170584285,48.9423553513659,-1.93093829293737
"separate_lasso_FL","min",8,2025,"Florida","FL","FL-605","West Palm Beach/Palm Beach County CoC",2024,2025,9.64634714411008,2.43727119569761,7.20907594841247
"separate_lasso_FL","min",8,2025,"Florida","FL","FL-606","Naples/Collier County CoC",2024,2025,18.1238028341217,11.6611331424328,6.46266969168888
"separate_lasso_FL","1se",8,2025,"Florida","FL","FL-500","Sarasota, Bradenton/Manatee, Sarasota Counties CoC",2024,2025,10.2303624501402,7.79808464622087,2.43227780391933
"separate_lasso_FL","1se",8,2025,"Florida","FL","FL-501","Tampa/Hillsborough County CoC",2024,2025,11.4095857037129,4.5589530169662,6.8506326867467
"separate_lasso_FL","1se",8,2025,"Florida","FL","FL-502","St. Petersburg, Clearwater, Largo/Pinellas County CoC",2024,2025,19.640234755098,11.8521826961944,7.78805205890364
"separate_lasso_FL","1se",8,2025,"Florida","FL","FL-503","Lakeland/Polk County CoC",2024,2025,9.19077721510305,8.52160070351485,0.669176511588201
"separate_lasso_FL","1se",8,2025,"Florida","FL","FL-504","Deltona, Daytona Beach/Volusia, Flagler Counties CoC",2024,2025,14.4992924398842,8.12749805982094,6.37179438006326
"separate_lasso_FL","1se",8,2025,"Florida","FL","FL-505","Fort Walton Beach/Okaloosa, Walton Counties CoC",2024,2025,12.1866847774343,11.1125844750525,1.07410030238177
"separate_lasso_FL","1se",8,2025,"Florida","FL","FL-506","Tallahassee/Leon County CoC",2024,2025,14.4275725269538,13.6822343823361,0.745338144617735
"separate_lasso_FL","1se",8,2025,"Florida","FL","FL-507","Orlando/Orange, Osceola, Seminole Counties CoC",2024,2025,10.8970084793596,3.37281142997066,7.52419704938894
"separate_lasso_FL","1se",8,2025,"Florida","FL","FL-508","Gainesville/Alachua, Putnam Counties CoC",2024,2025,17.3630622306498,9.9055703634781,7.4574918671717
"separate_lasso_FL","1se",8,2025,"Florida","FL","FL-509","Fort Pierce/St. Lucie, Indian River, Martin Counties CoC",2024,2025,7.67342755421297,6.65731390392038,1.01611365029259
"separate_lasso_FL","1se",8,2025,"Florida","FL","FL-510","Jacksonville-Duval, Clay Counties CoC",2024,2025,7.07858845715874,5.86404706532175,1.21454139183699
"separate_lasso_FL","1se",8,2025,"Florida","FL","FL-511","Pensacola/Escambia, Santa Rosa Counties CoC",2024,2025,16.2584021624042,11.0592203982069,5.1991817641973
"separate_lasso_FL","1se",8,2025,"Florida","FL","FL-512","St. Johns County CoC",2024,2025,9.23979580051281,11.5875648574171,-2.3477690569043
"separate_lasso_FL","1se",8,2025,"Florida","FL","FL-513","Palm Bay, Melbourne/Brevard County CoC",2024,2025,15.9944094870042,8.25775419183859,7.73665529516561
"separate_lasso_FL","1se",8,2025,"Florida","FL","FL-514","Ocala/Marion County CoC",2024,2025,8.83296435187277,10.2325961830443,-1.39963183117153
"separate_lasso_FL","1se",8,2025,"Florida","FL","FL-515","Panama City/Bay, Jackson Counties CoC",2024,2025,12.569891626332,11.4058551138772,1.16403651245481
"separate_lasso_FL","1se",8,2025,"Florida","FL","FL-517","Hendry, Hardee, Highlands Counties CoC",2024,2025,18.7217466922519,9.91210601859027,8.80964067366163
"separate_lasso_FL","1se",8,2025,"Florida","FL","FL-519","Pasco County CoC",2024,2025,9.4586340427803,8.49439068213807,0.964243360642234
"separate_lasso_FL","1se",8,2025,"Florida","FL","FL-520","Citrus, Hernando, Lake, Sumter Counties CoC",2024,2025,7.61511784568614,5.73425904515891,1.88085880052723
"separate_lasso_FL","1se",8,2025,"Florida","FL","FL-600","Miami-Dade County CoC",2024,2025,12.9013654034273,3.73338793382358,9.16797746960372
"separate_lasso_FL","1se",8,2025,"Florida","FL","FL-601","Ft Lauderdale/Broward County CoC",2024,2025,10.8726047611976,3.39592483488027,7.47667992631733
"separate_lasso_FL","1se",8,2025,"Florida","FL","FL-602","Charlotte County CoC",2024,2025,14.8702649945675,13.3788422353453,1.49142275922221
"separate_lasso_FL","1se",8,2025,"Florida","FL","FL-603","Ft Myers, Cape Coral/Lee County CoC",2024,2025,10.1415361000997,6.38735290770516,3.75418319239454
"separate_lasso_FL","1se",8,2025,"Florida","FL","FL-604","Monroe County CoC",2024,2025,47.0114170584285,31.2631097821275,15.748307276301
"separate_lasso_FL","1se",8,2025,"Florida","FL","FL-605","West Palm Beach/Palm Beach County CoC",2024,2025,9.64634714411008,3.92841821015948,5.7179289339506
"separate_lasso_FL","1se",8,2025,"Florida","FL","FL-606","Naples/Collier County CoC",2024,2025,18.1238028341217,10.3910953195792,7.73270751454247
"separate_state_lasso","min",8,2025,"California","CA","CA-500","San Jose/Santa Clara City & County CoC",2024,2025,55.9499078296962,46.0913327883533,9.85857504134292
"separate_state_lasso","min",8,2025,"California","CA","CA-501","San Francisco CoC",2024,2025,104.965747827992,121.468024297474,-16.5022764694819
"separate_state_lasso","min",8,2025,"California","CA","CA-502","Oakland, Berkeley/Alameda County CoC",2024,2025,56.5918992075179,60.894351340347,-4.30245213282908
"separate_state_lasso","min",8,2025,"California","CA","CA-503","Sacramento City & County CoC",2024,2025,43.220098117964,50.1898022244233,-6.9697041064593
"separate_state_lasso","min",8,2025,"California","CA","CA-504","Santa Rosa, Petaluma/Sonoma County CoC",2024,2025,40.1279489519862,70.9260842341737,-30.7981352821875
"separate_state_lasso","min",8,2025,"California","CA","CA-505","Contra Costa County CoC",2024,2025,18.1014811079679,30.8936528352478,-12.7921717272799
"separate_state_lasso","min",8,2025,"California","CA","CA-506","Salinas/Monterey, San Benito Counties CoC",2024,2025,60.479028842165,46.8167364750002,13.6622923671648
"separate_state_lasso","min",8,2025,"California","CA","CA-507","Marin County CoC",2024,2025,42.6103888937066,56.1651677476462,-13.5547788539396
"separate_state_lasso","min",8,2025,"California","CA","CA-508","Watsonville/Santa Cruz City & County CoC",2024,2025,56.9051040749154,64.8452926970326,-7.94018862211725
"separate_state_lasso","min",8,2025,"California","CA","CA-509","Mendocino County CoC",2024,2025,72.172669707905,102.351333652634,-30.1786639447294
"separate_state_lasso","min",8,2025,"California","CA","CA-510","Turlock, Modesto/Stanislaus County CoC",2024,2025,37.4023477772857,54.4072934938155,-17.0049457165298
"separate_state_lasso","min",8,2025,"California","CA","CA-511","Stockton/San Joaquin County CoC",2024,2025,57.7799627343518,37.2167826627199,20.5631800716319
"separate_state_lasso","min",8,2025,"California","CA","CA-512","Daly City/San Mateo County CoC",2024,2025,28.8742926000043,40.3710226639334,-11.4967300639291
"separate_state_lasso","min",8,2025,"California","CA","CA-513","Visalia/Kings, Tulare Counties CoC",2024,2025,23.0189546704865,23.9359439787835,-0.916989308297023
"separate_state_lasso","min",8,2025,"California","CA","CA-514","Fresno City & County/Madera County CoC",2024,2025,40.7600905114997,33.3970292370479,7.3630612744518
"separate_state_lasso","min",8,2025,"California","CA","CA-515","Roseville, Rocklin/Placer County CoC",2024,2025,16.0830255089,18.9263350908793,-2.84330958197928
"separate_state_lasso","min",8,2025,"California","CA","CA-516","Redding/Shasta, Siskiyou, Lassen, Plumas, Del Norte, Modoc, Sierra Counties CoC",2024,2025,75.5445271574304,84.4220094417677,-8.87748228433728
"separate_state_lasso","min",8,2025,"California","CA","CA-517","Napa City & County CoC",2024,2025,28.1310878607586,53.3218050457899,-25.1907171850313
"separate_state_lasso","min",8,2025,"California","CA","CA-518","Vallejo/Solano County CoC",2024,2025,36.5412318611433,29.9364832837482,6.60474857739511
"separate_state_lasso","min",8,2025,"California","CA","CA-519","Chico, Paradise/Butte County CoC",2024,2025,66.5356984097395,85.333611256345,-18.7979128466055
"separate_state_lasso","min",8,2025,"California","CA","CA-520","Merced City & County CoC",2024,2025,24.1202987283859,38.9391936183034,-14.8188948899175
"separate_state_lasso","min",8,2025,"California","CA","CA-521","Davis, Woodland/Yolo County CoC",2024,2025,43.0016487678802,49.286765572637,-6.28511680475679
"separate_state_lasso","min",8,2025,"California","CA","CA-522","Humboldt County CoC",2024,2025,113.105501834451,93.8398346143053,19.2656672201457
"separate_state_lasso","min",8,2025,"California","CA","CA-523","Colusa, Glenn, Trinity Counties CoC",2024,2025,34.5525670882993,48.4826552867919,-13.9300881984926
"separate_state_lasso","min",8,2025,"California","CA","CA-524","Yuba City & County/Sutter County CoC",2024,2025,44.2718612317179,36.0796025958493,8.19225863586865
"separate_state_lasso","min",8,2025,"California","CA","CA-525","El Dorado County CoC",2024,2025,15.0268038664122,35.885700620543,-20.8588967541308
"separate_state_lasso","min",8,2025,"California","CA","CA-526","Amador, Calaveras, Mariposa, Tuolumne Counties CoC",2024,2025,50.9589490347442,55.2111231937622,-4.25217415901795
"separate_state_lasso","min",8,2025,"California","CA","CA-527","Tehama County CoC",2024,2025,51.6508157426738,43.8851170809712,7.76569866170264
"separate_state_lasso","min",8,2025,"California","CA","CA-529","Lake County CoC",2024,2025,56.5130142241634,75.3857325862296,-18.8727183620662
"separate_state_lasso","min",8,2025,"California","CA","CA-530","Alpine, Inyo, Mono Counties CoC",2024,2025,39.109316848546,56.1858246190713,-17.0765077705253
"separate_state_lasso","min",8,2025,"California","CA","CA-531","Nevada County CoC",2024,2025,45.7261728370833,67.0271572599207,-21.3009844228374
"separate_state_lasso","min",8,2025,"California","CA","CA-600","Los Angeles City & County CoC",2024,2025,75.9969026711013,68.7125160596804,7.28438661142087
"separate_state_lasso","min",8,2025,"California","CA","CA-601","San Diego City and County CoC",2024,2025,30.1774881118063,50.5734445242198,-20.3959564124135
"separate_state_lasso","min",8,2025,"California","CA","CA-602","Santa Ana, Anaheim/Orange County CoC",2024,2025,24.4800217938871,32.5714714284863,-8.09144963459917
"separate_state_lasso","min",8,2025,"California","CA","CA-603","Santa Maria/Santa Barbara County CoC",2024,2025,55.5348195401129,59.4197482838565,-3.88492874374358
"separate_state_lasso","min",8,2025,"California","CA","CA-604","Bakersfield/Kern County CoC",2024,2025,28.1640613202052,37.1923264092705,-9.02826508906533
"separate_state_lasso","min",8,2025,"California","CA","CA-606","Long Beach CoC",2024,2025,80.7781765738186,71.3335826051808,9.44459396863779
"separate_state_lasso","min",8,2025,"California","CA","CA-607","Pasadena CoC",2024,2025,42.7502410640444,63.4006008318981,-20.6503597678537
"separate_state_lasso","min",8,2025,"California","CA","CA-608","Riverside City & County CoC",2024,2025,15.678317083943,23.1707736251673,-7.49245654122429
"separate_state_lasso","min",8,2025,"California","CA","CA-609","San Bernardino City & County CoC",2024,2025,17.2519919373803,23.5458533242492,-6.29386138686895
"separate_state_lasso","min",8,2025,"California","CA","CA-611","Oxnard, San Buenaventura/Ventura County CoC",2024,2025,23.9513462702699,42.1172113304778,-18.1658650602079
"separate_state_lasso","min",8,2025,"California","CA","CA-612","Glendale CoC",2024,2025,10.4489191046873,33.7147708505986,-23.2658517459113
"separate_state_lasso","min",8,2025,"California","CA","CA-613","Imperial County CoC",2024,2025,86.8745555671927,55.9485472814282,30.9260082857645
"separate_state_lasso","min",8,2025,"California","CA","CA-614","San Luis Obispo County CoC",2024,2025,43.7374055750141,51.3133383831215,-7.5759328081074
"separate_state_lasso","min",8,2025,"Florida","FL","FL-500","Sarasota, Bradenton/Manatee, Sarasota Counties CoC",2024,2025,10.2303624501402,6.96567288848937,3.26468956165083
"separate_state_lasso","min",8,2025,"Florida","FL","FL-501","Tampa/Hillsborough County CoC",2024,2025,11.4095857037129,3.26472117562987,8.14486452808302
"separate_state_lasso","min",8,2025,"Florida","FL","FL-502","St. Petersburg, Clearwater, Largo/Pinellas County CoC",2024,2025,19.640234755098,17.4747863721569,2.16544838294113
"separate_state_lasso","min",8,2025,"Florida","FL","FL-503","Lakeland/Polk County CoC",2024,2025,9.19077721510305,6.42920892025407,2.76156829484898
"separate_state_lasso","min",8,2025,"Florida","FL","FL-504","Deltona, Daytona Beach/Volusia, Flagler Counties CoC",2024,2025,14.4992924398842,6.95390233758254,7.54539010230166
"separate_state_lasso","min",8,2025,"Florida","FL","FL-505","Fort Walton Beach/Okaloosa, Walton Counties CoC",2024,2025,12.1866847774343,15.1948327468564,-3.00814796942212
"separate_state_lasso","min",8,2025,"Florida","FL","FL-506","Tallahassee/Leon County CoC",2024,2025,14.4275725269538,17.9464806977159,-3.51890817076207
"separate_state_lasso","min",8,2025,"Florida","FL","FL-507","Orlando/Orange, Osceola, Seminole Counties CoC",2024,2025,10.8970084793596,0.0393013300772783,10.8577071492823
"separate_state_lasso","min",8,2025,"Florida","FL","FL-508","Gainesville/Alachua, Putnam Counties CoC",2024,2025,17.3630622306498,17.2575738042376,0.105488426412204
"separate_state_lasso","min",8,2025,"Florida","FL","FL-509","Fort Pierce/St. Lucie, Indian River, Martin Counties CoC",2024,2025,7.67342755421297,6.80320419371584,0.870223360497126
"separate_state_lasso","min",8,2025,"Florida","FL","FL-510","Jacksonville-Duval, Clay Counties CoC",2024,2025,7.07858845715874,4.49381553509245,2.58477292206629
"separate_state_lasso","min",8,2025,"Florida","FL","FL-511","Pensacola/Escambia, Santa Rosa Counties CoC",2024,2025,16.2584021624042,12.3456749458299,3.91272721657431
"separate_state_lasso","min",8,2025,"Florida","FL","FL-512","St. Johns County CoC",2024,2025,9.23979580051281,12.777379472271,-3.53758367175817
"separate_state_lasso","min",8,2025,"Florida","FL","FL-513","Palm Bay, Melbourne/Brevard County CoC",2024,2025,15.9944094870042,9.19490033245116,6.79950915455304
"separate_state_lasso","min",8,2025,"Florida","FL","FL-514","Ocala/Marion County CoC",2024,2025,8.83296435187277,12.703229843846,-3.87026549197323
"separate_state_lasso","min",8,2025,"Florida","FL","FL-515","Panama City/Bay, Jackson Counties CoC",2024,2025,12.569891626332,13.6526874138158,-1.08279578748376
"separate_state_lasso","min",8,2025,"Florida","FL","FL-517","Hendry, Hardee, Highlands Counties CoC",2024,2025,18.7217466922519,12.7159407143308,6.00580597792106
"separate_state_lasso","min",8,2025,"Florida","FL","FL-519","Pasco County CoC",2024,2025,9.4586340427803,10.2038158872316,-0.745181844451325
"separate_state_lasso","min",8,2025,"Florida","FL","FL-520","Citrus, Hernando, Lake, Sumter Counties CoC",2024,2025,7.61511784568614,3.25216071532236,4.36295713036378
"separate_state_lasso","min",8,2025,"Florida","FL","FL-600","Miami-Dade County CoC",2024,2025,12.9013654034273,5.61513409187475,7.28623131155255
"separate_state_lasso","min",8,2025,"Florida","FL","FL-601","Ft Lauderdale/Broward County CoC",2024,2025,10.8726047611976,1.03075226099691,9.84185250020069
"separate_state_lasso","min",8,2025,"Florida","FL","FL-602","Charlotte County CoC",2024,2025,14.8702649945675,18.1351405887879,-3.26487559422043
"separate_state_lasso","min",8,2025,"Florida","FL","FL-603","Ft Myers, Cape Coral/Lee County CoC",2024,2025,10.1415361000997,5.8349234029201,4.3066126971796
"separate_state_lasso","min",8,2025,"Florida","FL","FL-604","Monroe County CoC",2024,2025,47.0114170584285,48.9423553513659,-1.93093829293737
"separate_state_lasso","min",8,2025,"Florida","FL","FL-605","West Palm Beach/Palm Beach County CoC",2024,2025,9.64634714411008,2.43727119569761,7.20907594841247
"separate_state_lasso","min",8,2025,"Florida","FL","FL-606","Naples/Collier County CoC",2024,2025,18.1238028341217,11.6611331424328,6.46266969168888
"separate_state_lasso","1se",8,2025,"California","CA","CA-500","San Jose/Santa Clara City & County CoC",2024,2025,55.9499078296962,49.3806322507883,6.56927557890789
"separate_state_lasso","1se",8,2025,"California","CA","CA-501","San Francisco CoC",2024,2025,104.965747827992,119.64983968432,-14.6840918563284
"separate_state_lasso","1se",8,2025,"California","CA","CA-502","Oakland, Berkeley/Alameda County CoC",2024,2025,56.5918992075179,59.4691336664928,-2.8772344589749
"separate_state_lasso","1se",8,2025,"California","CA","CA-503","Sacramento City & County CoC",2024,2025,43.220098117964,50.9151895598032,-7.69509144183918
"separate_state_lasso","1se",8,2025,"California","CA","CA-504","Santa Rosa, Petaluma/Sonoma County CoC",2024,2025,40.1279489519862,66.3854602354933,-26.2575112835071
"separate_state_lasso","1se",8,2025,"California","CA","CA-505","Contra Costa County CoC",2024,2025,18.1014811079679,33.8270386701452,-15.7255575621773
"separate_state_lasso","1se",8,2025,"California","CA","CA-506","Salinas/Monterey, San Benito Counties CoC",2024,2025,60.479028842165,46.9552473225858,13.5237815195792
"separate_state_lasso","1se",8,2025,"California","CA","CA-507","Marin County CoC",2024,2025,42.6103888937066,51.2183882508886,-8.60799935718195
"separate_state_lasso","1se",8,2025,"California","CA","CA-508","Watsonville/Santa Cruz City & County CoC",2024,2025,56.9051040749154,57.5945332511349,-0.689429176219456
"separate_state_lasso","1se",8,2025,"California","CA","CA-509","Mendocino County CoC",2024,2025,72.172669707905,89.6144084373258,-17.4417387294208
"separate_state_lasso","1se",8,2025,"California","CA","CA-510","Turlock, Modesto/Stanislaus County CoC",2024,2025,37.4023477772857,55.3528009373213,-17.9504531600356
"separate_state_lasso","1se",8,2025,"California","CA","CA-511","Stockton/San Joaquin County CoC",2024,2025,57.7799627343518,41.929467758446,15.8504949759058
"separate_state_lasso","1se",8,2025,"California","CA","CA-512","Daly City/San Mateo County CoC",2024,2025,28.8742926000043,43.8736161193869,-14.9993235193826
"separate_state_lasso","1se",8,2025,"California","CA","CA-513","Visalia/Kings, Tulare Counties CoC",2024,2025,23.0189546704865,28.4709665462832,-5.45201187579669
"separate_state_lasso","1se",8,2025,"California","CA","CA-514","Fresno City & County/Madera County CoC",2024,2025,40.7600905114997,37.6116757627365,3.14841474876324
"separate_state_lasso","1se",8,2025,"California","CA","CA-515","Roseville, Rocklin/Placer County CoC",2024,2025,16.0830255089,24.0688867526674,-7.98586124376743
"separate_state_lasso","1se",8,2025,"California","CA","CA-516","Redding/Shasta, Siskiyou, Lassen, Plumas, Del Norte, Modoc, Sierra Counties CoC",2024,2025,75.5445271574304,89.8772188489577,-14.3326916915273
"separate_state_lasso","1se",8,2025,"California","CA","CA-517","Napa City & County CoC",2024,2025,28.1310878607586,50.3629190927451,-22.2318312319865
"separate_state_lasso","1se",8,2025,"California","CA","CA-518","Vallejo/Solano County CoC",2024,2025,36.5412318611433,30.7118959284819,5.82933593266144
"separate_state_lasso","1se",8,2025,"California","CA","CA-519","Chico, Paradise/Butte County CoC",2024,2025,66.5356984097395,80.8444255630403,-14.3087271533008
"separate_state_lasso","1se",8,2025,"California","CA","CA-520","Merced City & County CoC",2024,2025,24.1202987283859,40.9380936441831,-16.8177949157972
"separate_state_lasso","1se",8,2025,"California","CA","CA-521","Davis, Woodland/Yolo County CoC",2024,2025,43.0016487678802,46.0770024586714,-3.07535369079115
"separate_state_lasso","1se",8,2025,"California","CA","CA-522","Humboldt County CoC",2024,2025,113.105501834451,82.2862791616155,30.8192226728355
"separate_state_lasso","1se",8,2025,"California","CA","CA-523","Colusa, Glenn, Trinity Counties CoC",2024,2025,34.5525670882993,53.1184313978492,-18.5658643095499
"separate_state_lasso","1se",8,2025,"California","CA","CA-524","Yuba City & County/Sutter County CoC",2024,2025,44.2718612317179,39.8016851869496,4.47017604476826
"separate_state_lasso","1se",8,2025,"California","CA","CA-525","El Dorado County CoC",2024,2025,15.0268038664122,36.3752754692707,-21.3484716028585
"separate_state_lasso","1se",8,2025,"California","CA","CA-526","Amador, Calaveras, Mariposa, Tuolumne Counties CoC",2024,2025,50.9589490347442,53.1195654521601,-2.16061641741589
"separate_state_lasso","1se",8,2025,"California","CA","CA-527","Tehama County CoC",2024,2025,51.6508157426738,43.370802191056,8.28001355161783
"separate_state_lasso","1se",8,2025,"California","CA","CA-529","Lake County CoC",2024,2025,56.5130142241634,70.6469276385441,-14.1339134143807
"separate_state_lasso","1se",8,2025,"California","CA","CA-530","Alpine, Inyo, Mono Counties CoC",2024,2025,39.109316848546,51.0304866309025,-11.9211697823565
"separate_state_lasso","1se",8,2025,"California","CA","CA-531","Nevada County CoC",2024,2025,45.7261728370833,61.5257143814521,-15.7995415443688
"separate_state_lasso","1se",8,2025,"California","CA","CA-600","Los Angeles City & County CoC",2024,2025,75.9969026711013,65.1508052227998,10.8460974483015
"separate_state_lasso","1se",8,2025,"California","CA","CA-601","San Diego City and County CoC",2024,2025,30.1774881118063,47.3960872385021,-17.2185991266958
"separate_state_lasso","1se",8,2025,"California","CA","CA-602","Santa Ana, Anaheim/Orange County CoC",2024,2025,24.4800217938871,35.4692792789326,-10.9892574850455
"separate_state_lasso","1se",8,2025,"California","CA","CA-603","Santa Maria/Santa Barbara County CoC",2024,2025,55.5348195401129,54.8798585883519,0.654960951761041
"separate_state_lasso","1se",8,2025,"California","CA","CA-604","Bakersfield/Kern County CoC",2024,2025,28.1640613202052,38.0909461065092,-9.92688478630397
"separate_state_lasso","1se",8,2025,"California","CA","CA-606","Long Beach CoC",2024,2025,80.7781765738186,68.1525779851172,12.6255985887014
"separate_state_lasso","1se",8,2025,"California","CA","CA-607","Pasadena CoC",2024,2025,42.7502410640444,59.0001039939038,-16.2498629298594
"separate_state_lasso","1se",8,2025,"California","CA","CA-608","Riverside City & County CoC",2024,2025,15.678317083943,26.0387334232937,-10.3604163393507
"separate_state_lasso","1se",8,2025,"California","CA","CA-609","San Bernardino City & County CoC",2024,2025,17.2519919373803,25.6859471977398,-8.43395526035953
"separate_state_lasso","1se",8,2025,"California","CA","CA-611","Oxnard, San Buenaventura/Ventura County CoC",2024,2025,23.9513462702699,42.6400425223132,-18.6886962520433
"separate_state_lasso","1se",8,2025,"California","CA","CA-612","Glendale CoC",2024,2025,10.4489191046873,34.2739540733892,-23.8250349687019
"separate_state_lasso","1se",8,2025,"California","CA","CA-613","Imperial County CoC",2024,2025,86.8745555671927,56.9179550494126,29.9566005177801
"separate_state_lasso","1se",8,2025,"California","CA","CA-614","San Luis Obispo County CoC",2024,2025,43.7374055750141,45.7307686203696,-1.99336304535554
"separate_state_lasso","1se",8,2025,"Florida","FL","FL-500","Sarasota, Bradenton/Manatee, Sarasota Counties CoC",2024,2025,10.2303624501402,7.79808464622087,2.43227780391933
"separate_state_lasso","1se",8,2025,"Florida","FL","FL-501","Tampa/Hillsborough County CoC",2024,2025,11.4095857037129,4.5589530169662,6.8506326867467
"separate_state_lasso","1se",8,2025,"Florida","FL","FL-502","St. Petersburg, Clearwater, Largo/Pinellas County CoC",2024,2025,19.640234755098,11.8521826961944,7.78805205890364
"separate_state_lasso","1se",8,2025,"Florida","FL","FL-503","Lakeland/Polk County CoC",2024,2025,9.19077721510305,8.52160070351485,0.669176511588201
"separate_state_lasso","1se",8,2025,"Florida","FL","FL-504","Deltona, Daytona Beach/Volusia, Flagler Counties CoC",2024,2025,14.4992924398842,8.12749805982094,6.37179438006326
"separate_state_lasso","1se",8,2025,"Florida","FL","FL-505","Fort Walton Beach/Okaloosa, Walton Counties CoC",2024,2025,12.1866847774343,11.1125844750525,1.07410030238177
"separate_state_lasso","1se",8,2025,"Florida","FL","FL-506","Tallahassee/Leon County CoC",2024,2025,14.4275725269538,13.6822343823361,0.745338144617735
"separate_state_lasso","1se",8,2025,"Florida","FL","FL-507","Orlando/Orange, Osceola, Seminole Counties CoC",2024,2025,10.8970084793596,3.37281142997066,7.52419704938894
"separate_state_lasso","1se",8,2025,"Florida","FL","FL-508","Gainesville/Alachua, Putnam Counties CoC",2024,2025,17.3630622306498,9.9055703634781,7.4574918671717
"separate_state_lasso","1se",8,2025,"Florida","FL","FL-509","Fort Pierce/St. Lucie, Indian River, Martin Counties CoC",2024,2025,7.67342755421297,6.65731390392038,1.01611365029259
"separate_state_lasso","1se",8,2025,"Florida","FL","FL-510","Jacksonville-Duval, Clay Counties CoC",2024,2025,7.07858845715874,5.86404706532175,1.21454139183699
"separate_state_lasso","1se",8,2025,"Florida","FL","FL-511","Pensacola/Escambia, Santa Rosa Counties CoC",2024,2025,16.2584021624042,11.0592203982069,5.1991817641973
"separate_state_lasso","1se",8,2025,"Florida","FL","FL-512","St. Johns County CoC",2024,2025,9.23979580051281,11.5875648574171,-2.3477690569043
"separate_state_lasso","1se",8,2025,"Florida","FL","FL-513","Palm Bay, Melbourne/Brevard County CoC",2024,2025,15.9944094870042,8.25775419183859,7.73665529516561
"separate_state_lasso","1se",8,2025,"Florida","FL","FL-514","Ocala/Marion County CoC",2024,2025,8.83296435187277,10.2325961830443,-1.39963183117153
"separate_state_lasso","1se",8,2025,"Florida","FL","FL-515","Panama City/Bay, Jackson Counties CoC",2024,2025,12.569891626332,11.4058551138772,1.16403651245481
"separate_state_lasso","1se",8,2025,"Florida","FL","FL-517","Hendry, Hardee, Highlands Counties CoC",2024,2025,18.7217466922519,9.91210601859027,8.80964067366163
"separate_state_lasso","1se",8,2025,"Florida","FL","FL-519","Pasco County CoC",2024,2025,9.4586340427803,8.49439068213807,0.964243360642234
"separate_state_lasso","1se",8,2025,"Florida","FL","FL-520","Citrus, Hernando, Lake, Sumter Counties CoC",2024,2025,7.61511784568614,5.73425904515891,1.88085880052723
"separate_state_lasso","1se",8,2025,"Florida","FL","FL-600","Miami-Dade County CoC",2024,2025,12.9013654034273,3.73338793382358,9.16797746960372
"separate_state_lasso","1se",8,2025,"Florida","FL","FL-601","Ft Lauderdale/Broward County CoC",2024,2025,10.8726047611976,3.39592483488027,7.47667992631733
"separate_state_lasso","1se",8,2025,"Florida","FL","FL-602","Charlotte County CoC",2024,2025,14.8702649945675,13.3788422353453,1.49142275922221
"separate_state_lasso","1se",8,2025,"Florida","FL","FL-603","Ft Myers, Cape Coral/Lee County CoC",2024,2025,10.1415361000997,6.38735290770516,3.75418319239454
"separate_state_lasso","1se",8,2025,"Florida","FL","FL-604","Monroe County CoC",2024,2025,47.0114170584285,31.2631097821275,15.748307276301
"separate_state_lasso","1se",8,2025,"Florida","FL","FL-605","West Palm Beach/Palm Beach County CoC",2024,2025,9.64634714411008,3.92841821015948,5.7179289339506
"separate_state_lasso","1se",8,2025,"Florida","FL","FL-606","Naples/Collier County CoC",2024,2025,18.1238028341217,10.3910953195792,7.73270751454247
