"model","lambda_rule","fold","validation_year","state","state_abbr","coc_number","coc_name","predictor_year","target_year","actual","predicted","residual"
"state_time_baseline","none",1,2017,"California","CA","CA-500","San Jose/Santa Clara City & County CoC",2016,2017,38.2611215465897,29.4298483087442,8.83127323784552
"state_time_baseline","none",1,2017,"California","CA","CA-501","San Francisco CoC",2016,2017,78.1057810578106,29.4298483087442,48.6759327490664
"state_time_baseline","none",1,2017,"California","CA","CA-502","Oakland, Berkeley/Alameda County CoC",2016,2017,33.905635238249,29.4298483087442,4.47578692950482
"state_time_baseline","none",1,2017,"California","CA","CA-503","Sacramento City & County CoC",2016,2017,23.9965795871279,29.4298483087442,-5.43326872161628
"state_time_baseline","none",1,2017,"California","CA","CA-504","Santa Rosa, Petaluma/Sonoma County CoC",2016,2017,56.4213911704006,29.4298483087442,26.9915428616564
"state_time_baseline","none",1,2017,"California","CA","CA-505","Contra Costa County CoC",2016,2017,14.028379752692,29.4298483087442,-15.4014685560522
"state_time_baseline","none",1,2017,"California","CA","CA-506","Salinas/Monterey, San Benito Counties CoC",2016,2017,68.0010834893208,29.4298483087442,38.5712351805766
"state_time_baseline","none",1,2017,"California","CA","CA-507","Marin County CoC",2016,2017,43.0030529472683,29.4298483087442,13.5732046385241
"state_time_baseline","none",1,2017,"California","CA","CA-508","Watsonville/Santa Cruz City & County CoC",2016,2017,81.8246645516198,29.4298483087442,52.3948162428756
"state_time_baseline","none",1,2017,"California","CA","CA-509","Mendocino County CoC",2016,2017,141.362930483237,29.4298483087442,111.933082174493
"state_time_baseline","none",1,2017,"California","CA","CA-510","Turlock, Modesto/Stanislaus County CoC",2016,2017,30.4928981471113,29.4298483087442,1.06304983836712
"state_time_baseline","none",1,2017,"California","CA","CA-511","Stockton/San Joaquin County CoC",2016,2017,20.7454365421044,29.4298483087442,-8.68441176663978
"state_time_baseline","none",1,2017,"California","CA","CA-512","Daly City/San Mateo County CoC",2016,2017,16.2959860892365,29.4298483087442,-13.1338622195077
"state_time_baseline","none",1,2017,"California","CA","CA-513","Visalia/Kings, Tulare Counties CoC",2016,2017,13.9385234315893,29.4298483087442,-15.4913248771549
"state_time_baseline","none",1,2017,"California","CA","CA-514","Fresno City & County/Madera County CoC",2016,2017,17.6739627286284,29.4298483087442,-11.7558855801158
"state_time_baseline","none",1,2017,"California","CA","CA-515","Roseville, Rocklin/Placer County CoC",2016,2017,25.420978149384,29.4298483087442,-4.00887015936018
"state_time_baseline","none",1,2017,"California","CA","CA-516","Redding/Shasta, Siskiyou, Lassen, Plumas, Del Norte, Modoc, Sierra Counties CoC",2016,2017,29.953658419255,29.4298483087442,0.523810110510823
"state_time_baseline","none",1,2017,"California","CA","CA-517","Napa City & County CoC",2016,2017,22.519624243984,29.4298483087442,-6.91022406476018
"state_time_baseline","none",1,2017,"California","CA","CA-518","Vallejo/Solano County CoC",2016,2017,27.7783414616548,29.4298483087442,-1.65150684708938
"state_time_baseline","none",1,2017,"California","CA","CA-519","Chico, Paradise/Butte County CoC",2016,2017,52.2527722391297,29.4298483087442,22.8229239303855
"state_time_baseline","none",1,2017,"California","CA","CA-520","Merced City & County CoC",2016,2017,16.7468350694957,29.4298483087442,-12.6830132392485
"state_time_baseline","none",1,2017,"California","CA","CA-521","Davis, Woodland/Yolo County CoC",2016,2017,21.0090764702921,29.4298483087442,-8.42077183845208
"state_time_baseline","none",1,2017,"California","CA","CA-522","Humboldt County CoC",2016,2017,55.6015442431524,29.4298483087442,26.1716959344082
"state_time_baseline","none",1,2017,"California","CA","CA-523","Colusa, Glenn, Trinity Counties CoC",2016,2017,28.2817245424306,29.4298483087442,-1.14812376631358
"state_time_baseline","none",1,2017,"California","CA","CA-524","Yuba City & County/Sutter County CoC",2016,2017,43.9860633630818,29.4298483087442,14.5562150543376
"state_time_baseline","none",1,2017,"California","CA","CA-525","El Dorado County CoC",2016,2017,31.9060414778539,29.4298483087442,2.47619316910972
"state_time_baseline","none",1,2017,"California","CA","CA-526","Amador, Calaveras, Mariposa, Tuolumne Counties CoC",2016,2017,23.586118251928,29.4298483087442,-5.84373005681618
"state_time_baseline","none",1,2017,"California","CA","CA-527","Tehama County CoC",2016,2017,19.4214293545507,29.4298483087442,-10.0084189541935
"state_time_baseline","none",1,2017,"California","CA","CA-529","Lake County CoC",2016,2017,62.5477687136373,29.4298483087442,33.1179204048931
"state_time_baseline","none",1,2017,"California","CA","CA-600","Los Angeles City & County CoC",2016,2017,56.4230733446126,29.4298483087442,26.9932250358684
"state_time_baseline","none",1,2017,"California","CA","CA-601","San Diego City and County CoC",2016,2017,27.5800853718057,29.4298483087442,-1.84976293693848
"state_time_baseline","none",1,2017,"California","CA","CA-602","Santa Ana, Anaheim/Orange County CoC",2016,2017,15.0962940047362,29.4298483087442,-14.333554304008
"state_time_baseline","none",1,2017,"California","CA","CA-603","Santa Maria/Santa Barbara County CoC",2016,2017,41.7697811353296,29.4298483087442,12.3399328265854
"state_time_baseline","none",1,2017,"California","CA","CA-604","Bakersfield/Kern County CoC",2016,2017,9.12824165273013,29.4298483087442,-20.301606656014
"state_time_baseline","none",1,2017,"California","CA","CA-606","Long Beach CoC",2016,2017,39.5403102800944,29.4298483087442,10.1104619713502
"state_time_baseline","none",1,2017,"California","CA","CA-607","Pasadena CoC",2016,2017,40.5970261817663,29.4298483087442,11.1671778730221
"state_time_baseline","none",1,2017,"California","CA","CA-608","Riverside City & County CoC",2016,2017,9.9628814342574,29.4298483087442,-19.4669668744868
"state_time_baseline","none",1,2017,"California","CA","CA-609","San Bernardino City & County CoC",2016,2017,8.67525668950159,29.4298483087442,-20.7545916192426
"state_time_baseline","none",1,2017,"California","CA","CA-611","Oxnard, San Buenaventura/Ventura County CoC",2016,2017,13.5682014124121,29.4298483087442,-15.8616468963321
"state_time_baseline","none",1,2017,"California","CA","CA-612","Glendale CoC",2016,2017,8.55024115403616,29.4298483087442,-20.879607154708
"state_time_baseline","none",1,2017,"California","CA","CA-613","Imperial County CoC",2016,2017,63.5291138404285,29.4298483087442,34.0992655316843
"state_time_baseline","none",1,2017,"California","CA","CA-614","San Luis Obispo County CoC",2016,2017,39.8256873913644,29.4298483087442,10.3958390826202
"state_time_baseline","none",1,2017,"Florida","FL","FL-500","Sarasota, Bradenton/Manatee, Sarasota Counties CoC",2016,2017,17.9710029732261,22.7607972761193,-4.78979430289317
"state_time_baseline","none",1,2017,"Florida","FL","FL-501","Tampa/Hillsborough County CoC",2016,2017,10.8569490080856,22.7607972761193,-11.9038482680337
"state_time_baseline","none",1,2017,"Florida","FL","FL-502","St. Petersburg, Clearwater, Largo/Pinellas County CoC",2016,2017,29.2355688750141,22.7607972761193,6.47477159889483
"state_time_baseline","none",1,2017,"Florida","FL","FL-503","Lakeland/Polk County CoC",2016,2017,7.4704392384821,22.7607972761193,-15.2903580376372
"state_time_baseline","none",1,2017,"Florida","FL","FL-504","Deltona, Daytona Beach/Volusia, Flagler Counties CoC",2016,2017,11.6227559051472,22.7607972761193,-11.1380413709721
"state_time_baseline","none",1,2017,"Florida","FL","FL-505","Fort Walton Beach/Okaloosa, Walton Counties CoC",2016,2017,14.7698518226586,22.7607972761193,-7.99094545346067
"state_time_baseline","none",1,2017,"Florida","FL","FL-506","Tallahassee/Leon County CoC",2016,2017,24.055135864484,22.7607972761193,1.29433858836473
"state_time_baseline","none",1,2017,"Florida","FL","FL-507","Orlando/Orange, Osceola, Seminole Counties CoC",2016,2017,9.54728645772195,22.7607972761193,-13.2135108183973
"state_time_baseline","none",1,2017,"Florida","FL","FL-508","Gainesville/Alachua, Putnam Counties CoC",2016,2017,18.2397039352823,22.7607972761193,-4.52109334083697
"state_time_baseline","none",1,2017,"Florida","FL","FL-509","Fort Pierce/St. Lucie, Indian River, Martin Counties CoC",2016,2017,27.6189792777924,22.7607972761193,4.85818200167313
"state_time_baseline","none",1,2017,"Florida","FL","FL-510","Jacksonville-Duval, Clay Counties CoC",2016,2017,14.9887317337379,22.7607972761193,-7.77206554238137
"state_time_baseline","none",1,2017,"Florida","FL","FL-511","Pensacola/Escambia, Santa Rosa Counties CoC",2016,2017,15.555163370258,22.7607972761193,-7.20563390586127
"state_time_baseline","none",1,2017,"Florida","FL","FL-512","St. Johns County CoC",2016,2017,18.2606804462992,22.7607972761193,-4.50011682982007
"state_time_baseline","none",1,2017,"Florida","FL","FL-513","Palm Bay, Melbourne/Brevard County CoC",2016,2017,14.3763961692434,22.7607972761193,-8.38440110687587
"state_time_baseline","none",1,2017,"Florida","FL","FL-514","Ocala/Marion County CoC",2016,2017,20.5185388536222,22.7607972761193,-2.24225842249707
"state_time_baseline","none",1,2017,"Florida","FL","FL-515","Panama City/Bay, Jackson Counties CoC",2016,2017,10.9257278128059,22.7607972761193,-11.8350694633134
"state_time_baseline","none",1,2017,"Florida","FL","FL-517","Hendry, Hardee, Highlands Counties CoC",2016,2017,23.0577010449796,22.7607972761193,0.296903768860329
"state_time_baseline","none",1,2017,"Florida","FL","FL-518","Columbia, Hamilton, Lafayette, Suwannee Counties CoC",2016,2017,31.9153764256106,22.7607972761193,9.15457914949133
"state_time_baseline","none",1,2017,"Florida","FL","FL-519","Pasco County CoC",2016,2017,49.3772148813366,22.7607972761193,26.6164176052173
"state_time_baseline","none",1,2017,"Florida","FL","FL-520","Citrus, Hernando, Lake, Sumter Counties CoC",2016,2017,7.91231904464043,22.7607972761193,-14.8484782314788
"state_time_baseline","none",1,2017,"Florida","FL","FL-600","Miami-Dade County CoC",2016,2017,13.7139529612519,22.7607972761193,-9.04684431486737
"state_time_baseline","none",1,2017,"Florida","FL","FL-601","Ft Lauderdale/Broward County CoC",2016,2017,12.6646665108999,22.7607972761193,-10.0961307652194
"state_time_baseline","none",1,2017,"Florida","FL","FL-602","Charlotte County CoC",2016,2017,12.2299225438239,22.7607972761193,-10.5308747322954
"state_time_baseline","none",1,2017,"Florida","FL","FL-603","Ft Myers, Cape Coral/Lee County CoC",2016,2017,5.82432432432432,22.7607972761193,-16.936472951795
"state_time_baseline","none",1,2017,"Florida","FL","FL-604","Monroe County CoC",2016,2017,82.5019939071428,22.7607972761193,59.7411966310235
"state_time_baseline","none",1,2017,"Florida","FL","FL-605","West Palm Beach/Palm Beach County CoC",2016,2017,10.9294151572693,22.7607972761193,-11.83138211885
"state_time_baseline","none",1,2017,"Florida","FL","FL-606","Naples/Collier County CoC",2016,2017,16.6631784006569,22.7607972761193,-6.09761887546237
"pooled_lasso","min",1,2017,"California","CA","CA-500","San Jose/Santa Clara City & County CoC",2016,2017,38.2611215465897,8.50259923232684,29.7585223142629
"pooled_lasso","min",1,2017,"California","CA","CA-501","San Francisco CoC",2016,2017,78.1057810578106,85.8305038588728,-7.72472280106217
"pooled_lasso","min",1,2017,"California","CA","CA-502","Oakland, Berkeley/Alameda County CoC",2016,2017,33.905635238249,14.4654412822498,19.4401939559992
"pooled_lasso","min",1,2017,"California","CA","CA-503","Sacramento City & County CoC",2016,2017,23.9965795871279,26.5761472752468,-2.57956768811889
"pooled_lasso","min",1,2017,"California","CA","CA-504","Santa Rosa, Petaluma/Sonoma County CoC",2016,2017,56.4213911704006,47.9554387606871,8.46595240971348
"pooled_lasso","min",1,2017,"California","CA","CA-505","Contra Costa County CoC",2016,2017,14.028379752692,10.6896759587896,3.3387037939024
"pooled_lasso","min",1,2017,"California","CA","CA-506","Salinas/Monterey, San Benito Counties CoC",2016,2017,68.0010834893208,33.468750882418,34.5323326069028
"pooled_lasso","min",1,2017,"California","CA","CA-507","Marin County CoC",2016,2017,43.0030529472683,41.3713107156711,1.63174223159717
"pooled_lasso","min",1,2017,"California","CA","CA-508","Watsonville/Santa Cruz City & County CoC",2016,2017,81.8246645516198,50.54119818249,31.2834663691298
"pooled_lasso","min",1,2017,"California","CA","CA-509","Mendocino County CoC",2016,2017,141.362930483237,89.4706436905451,51.8922867926919
"pooled_lasso","min",1,2017,"California","CA","CA-510","Turlock, Modesto/Stanislaus County CoC",2016,2017,30.4928981471113,26.7430941403828,3.74980400672847
"pooled_lasso","min",1,2017,"California","CA","CA-511","Stockton/San Joaquin County CoC",2016,2017,20.7454365421044,29.1599527182614,-8.41451617615697
"pooled_lasso","min",1,2017,"California","CA","CA-512","Daly City/San Mateo County CoC",2016,2017,16.2959860892365,17.7805337869288,-1.4845476976923
"pooled_lasso","min",1,2017,"California","CA","CA-513","Visalia/Kings, Tulare Counties CoC",2016,2017,13.9385234315893,18.9096973475642,-4.97117391597486
"pooled_lasso","min",1,2017,"California","CA","CA-514","Fresno City & County/Madera County CoC",2016,2017,17.6739627286284,17.3320430731152,0.341919655513173
"pooled_lasso","min",1,2017,"California","CA","CA-515","Roseville, Rocklin/Placer County CoC",2016,2017,25.420978149384,29.0171345890037,-3.59615643961968
"pooled_lasso","min",1,2017,"California","CA","CA-516","Redding/Shasta, Siskiyou, Lassen, Plumas, Del Norte, Modoc, Sierra Counties CoC",2016,2017,29.953658419255,29.9847806720793,-0.0311222528243391
"pooled_lasso","min",1,2017,"California","CA","CA-517","Napa City & County CoC",2016,2017,22.519624243984,36.936088394117,-14.416464150133
"pooled_lasso","min",1,2017,"California","CA","CA-518","Vallejo/Solano County CoC",2016,2017,27.7783414616548,25.9851846946917,1.79315676696313
"pooled_lasso","min",1,2017,"California","CA","CA-519","Chico, Paradise/Butte County CoC",2016,2017,52.2527722391297,40.8449946990347,11.407777540095
"pooled_lasso","min",1,2017,"California","CA","CA-520","Merced City & County CoC",2016,2017,16.7468350694957,26.4028857780886,-9.65605070859292
"pooled_lasso","min",1,2017,"California","CA","CA-521","Davis, Woodland/Yolo County CoC",2016,2017,21.0090764702921,20.9096693173445,0.0994071529476166
"pooled_lasso","min",1,2017,"California","CA","CA-522","Humboldt County CoC",2016,2017,55.6015442431524,50.5369935163448,5.06455072680763
"pooled_lasso","min",1,2017,"California","CA","CA-523","Colusa, Glenn, Trinity Counties CoC",2016,2017,28.2817245424306,31.0980502196434,-2.81632567721276
"pooled_lasso","min",1,2017,"California","CA","CA-524","Yuba City & County/Sutter County CoC",2016,2017,43.9860633630818,25.6501190541635,18.3359443089183
"pooled_lasso","min",1,2017,"California","CA","CA-525","El Dorado County CoC",2016,2017,31.9060414778539,23.3121906437301,8.59385083412375
"pooled_lasso","min",1,2017,"California","CA","CA-526","Amador, Calaveras, Mariposa, Tuolumne Counties CoC",2016,2017,23.586118251928,34.4669562188359,-10.8808379669079
"pooled_lasso","min",1,2017,"California","CA","CA-527","Tehama County CoC",2016,2017,19.4214293545507,38.7923514172053,-19.3709220626546
"pooled_lasso","min",1,2017,"California","CA","CA-529","Lake County CoC",2016,2017,62.5477687136373,37.8249910472758,24.7227776663615
"pooled_lasso","min",1,2017,"California","CA","CA-600","Los Angeles City & County CoC",2016,2017,56.4230733446126,14.7008941182499,41.7221792263627
"pooled_lasso","min",1,2017,"California","CA","CA-601","San Diego City and County CoC",2016,2017,27.5800853718057,16.070310319788,11.5097750520177
"pooled_lasso","min",1,2017,"California","CA","CA-602","Santa Ana, Anaheim/Orange County CoC",2016,2017,15.0962940047362,4.2845995902329,10.8116944145033
"pooled_lasso","min",1,2017,"California","CA","CA-603","Santa Maria/Santa Barbara County CoC",2016,2017,41.7697811353296,44.7016578030705,-2.93187666774089
"pooled_lasso","min",1,2017,"California","CA","CA-604","Bakersfield/Kern County CoC",2016,2017,9.12824165273013,24.2646319578753,-15.1363903051451
"pooled_lasso","min",1,2017,"California","CA","CA-606","Long Beach CoC",2016,2017,39.5403102800944,46.6168646693288,-7.07655438923444
"pooled_lasso","min",1,2017,"California","CA","CA-607","Pasadena CoC",2016,2017,40.5970261817663,47.8386064905117,-7.24158030874541
"pooled_lasso","min",1,2017,"California","CA","CA-608","Riverside City & County CoC",2016,2017,9.9628814342574,11.459936494665,-1.49705506040758
"pooled_lasso","min",1,2017,"California","CA","CA-609","San Bernardino City & County CoC",2016,2017,8.67525668950159,11.6476960432746,-2.97243935377299
"pooled_lasso","min",1,2017,"California","CA","CA-611","Oxnard, San Buenaventura/Ventura County CoC",2016,2017,13.5682014124121,21.0587104113253,-7.49050899891324
"pooled_lasso","min",1,2017,"California","CA","CA-612","Glendale CoC",2016,2017,8.55024115403616,24.7245978407378,-16.1743566867016
"pooled_lasso","min",1,2017,"California","CA","CA-613","Imperial County CoC",2016,2017,63.5291138404285,13.7497016554301,49.7794121849984
"pooled_lasso","min",1,2017,"California","CA","CA-614","San Luis Obispo County CoC",2016,2017,39.8256873913644,38.5713267925558,1.25436059880862
"pooled_lasso","min",1,2017,"Florida","FL","FL-500","Sarasota, Bradenton/Manatee, Sarasota Counties CoC",2016,2017,17.9710029732261,13.0064420796304,4.96456089359568
"pooled_lasso","min",1,2017,"Florida","FL","FL-501","Tampa/Hillsborough County CoC",2016,2017,10.8569490080856,9.32128182846228,1.53566717962332
"pooled_lasso","min",1,2017,"Florida","FL","FL-502","St. Petersburg, Clearwater, Largo/Pinellas County CoC",2016,2017,29.2355688750141,28.9806236456942,0.254945229319887
"pooled_lasso","min",1,2017,"Florida","FL","FL-503","Lakeland/Polk County CoC",2016,2017,7.4704392384821,13.2412440097168,-5.77080477123472
"pooled_lasso","min",1,2017,"Florida","FL","FL-504","Deltona, Daytona Beach/Volusia, Flagler Counties CoC",2016,2017,11.6227559051472,21.1910676083811,-9.56831170323387
"pooled_lasso","min",1,2017,"Florida","FL","FL-505","Fort Walton Beach/Okaloosa, Walton Counties CoC",2016,2017,14.7698518226586,23.8929415837903,-9.12308976113166
"pooled_lasso","min",1,2017,"Florida","FL","FL-506","Tallahassee/Leon County CoC",2016,2017,24.055135864484,33.7996590962837,-9.74452323179967
"pooled_lasso","min",1,2017,"Florida","FL","FL-507","Orlando/Orange, Osceola, Seminole Counties CoC",2016,2017,9.54728645772195,1.78860219199225,7.7586842657297
"pooled_lasso","min",1,2017,"Florida","FL","FL-508","Gainesville/Alachua, Putnam Counties CoC",2016,2017,18.2397039352823,27.474886111108,-9.23518217582567
"pooled_lasso","min",1,2017,"Florida","FL","FL-509","Fort Pierce/St. Lucie, Indian River, Martin Counties CoC",2016,2017,27.6189792777924,13.1097184844805,14.5092607933119
"pooled_lasso","min",1,2017,"Florida","FL","FL-510","Jacksonville-Duval, Clay Counties CoC",2016,2017,14.9887317337379,18.9074060847511,-3.91867435101316
"pooled_lasso","min",1,2017,"Florida","FL","FL-511","Pensacola/Escambia, Santa Rosa Counties CoC",2016,2017,15.555163370258,33.2003849935254,-17.6452216232674
"pooled_lasso","min",1,2017,"Florida","FL","FL-512","St. Johns County CoC",2016,2017,18.2606804462992,18.1215545605677,0.139125885731477
"pooled_lasso","min",1,2017,"Florida","FL","FL-513","Palm Bay, Melbourne/Brevard County CoC",2016,2017,14.3763961692434,19.1362677107159,-4.75987154147252
"pooled_lasso","min",1,2017,"Florida","FL","FL-514","Ocala/Marion County CoC",2016,2017,20.5185388536222,24.5770181934242,-4.05847933980196
"pooled_lasso","min",1,2017,"Florida","FL","FL-515","Panama City/Bay, Jackson Counties CoC",2016,2017,10.9257278128059,26.3281722346864,-15.4024444218805
"pooled_lasso","min",1,2017,"Florida","FL","FL-517","Hendry, Hardee, Highlands Counties CoC",2016,2017,23.0577010449796,20.1272894978645,2.93041154711509
"pooled_lasso","min",1,2017,"Florida","FL","FL-518","Columbia, Hamilton, Lafayette, Suwannee Counties CoC",2016,2017,31.9153764256106,40.263094517327,-8.34771809171645
"pooled_lasso","min",1,2017,"Florida","FL","FL-519","Pasco County CoC",2016,2017,49.3772148813366,14.4571571474747,34.9200577338619
"pooled_lasso","min",1,2017,"Florida","FL","FL-520","Citrus, Hernando, Lake, Sumter Counties CoC",2016,2017,7.91231904464043,9.43140537206505,-1.51908632742462
"pooled_lasso","min",1,2017,"Florida","FL","FL-600","Miami-Dade County CoC",2016,2017,13.7139529612519,0.733086361283645,12.9808665999683
"pooled_lasso","min",1,2017,"Florida","FL","FL-601","Ft Lauderdale/Broward County CoC",2016,2017,12.6646665108999,7.41106807250336,5.25359843839654
"pooled_lasso","min",1,2017,"Florida","FL","FL-602","Charlotte County CoC",2016,2017,12.2299225438239,31.8858223461804,-19.6558998023565
"pooled_lasso","min",1,2017,"Florida","FL","FL-603","Ft Myers, Cape Coral/Lee County CoC",2016,2017,5.82432432432432,9.78075660601949,-3.95643228169517
"pooled_lasso","min",1,2017,"Florida","FL","FL-604","Monroe County CoC",2016,2017,82.5019939071428,82.7441047835903,-0.242110876447541
"pooled_lasso","min",1,2017,"Florida","FL","FL-605","West Palm Beach/Palm Beach County CoC",2016,2017,10.9294151572693,2.55314474107553,8.37627041619377
"pooled_lasso","min",1,2017,"Florida","FL","FL-606","Naples/Collier County CoC",2016,2017,16.6631784006569,7.21967453011056,9.44350387054634
"pooled_lasso","1se",1,2017,"California","CA","CA-500","San Jose/Santa Clara City & County CoC",2016,2017,38.2611215465897,20.5878934738877,17.673228072702
"pooled_lasso","1se",1,2017,"California","CA","CA-501","San Francisco CoC",2016,2017,78.1057810578106,75.2207150004228,2.88506605738783
"pooled_lasso","1se",1,2017,"California","CA","CA-502","Oakland, Berkeley/Alameda County CoC",2016,2017,33.905635238249,22.766548613964,11.139086624285
"pooled_lasso","1se",1,2017,"California","CA","CA-503","Sacramento City & County CoC",2016,2017,23.9965795871279,24.9592181703342,-0.962638583206282
"pooled_lasso","1se",1,2017,"California","CA","CA-504","Santa Rosa, Petaluma/Sonoma County CoC",2016,2017,56.4213911704006,36.2051708466814,20.2162203237192
"pooled_lasso","1se",1,2017,"California","CA","CA-505","Contra Costa County CoC",2016,2017,14.028379752692,18.3349999368194,-4.30662018412737
"pooled_lasso","1se",1,2017,"California","CA","CA-506","Salinas/Monterey, San Benito Counties CoC",2016,2017,68.0010834893208,28.2857918707555,39.7152916185653
"pooled_lasso","1se",1,2017,"California","CA","CA-507","Marin County CoC",2016,2017,43.0030529472683,39.0600844655937,3.9429684816746
"pooled_lasso","1se",1,2017,"California","CA","CA-508","Watsonville/Santa Cruz City & County CoC",2016,2017,81.8246645516198,39.855246633859,41.9694179177608
"pooled_lasso","1se",1,2017,"California","CA","CA-509","Mendocino County CoC",2016,2017,141.362930483237,59.5697468264813,81.7931836567557
"pooled_lasso","1se",1,2017,"California","CA","CA-510","Turlock, Modesto/Stanislaus County CoC",2016,2017,30.4928981471113,26.7764772717756,3.71642087533575
"pooled_lasso","1se",1,2017,"California","CA","CA-511","Stockton/San Joaquin County CoC",2016,2017,20.7454365421044,29.3830826092742,-8.63764606716978
"pooled_lasso","1se",1,2017,"California","CA","CA-512","Daly City/San Mateo County CoC",2016,2017,16.2959860892365,24.661481756512,-8.3654956672755
"pooled_lasso","1se",1,2017,"California","CA","CA-513","Visalia/Kings, Tulare Counties CoC",2016,2017,13.9385234315893,21.4016909936211,-7.46316756203179
"pooled_lasso","1se",1,2017,"California","CA","CA-514","Fresno City & County/Madera County CoC",2016,2017,17.6739627286284,19.9538453514139,-2.27988262278545
"pooled_lasso","1se",1,2017,"California","CA","CA-515","Roseville, Rocklin/Placer County CoC",2016,2017,25.420978149384,29.0643298066114,-3.64335165722738
"pooled_lasso","1se",1,2017,"California","CA","CA-516","Redding/Shasta, Siskiyou, Lassen, Plumas, Del Norte, Modoc, Sierra Counties CoC",2016,2017,29.953658419255,29.0386714947575,0.914986924497459
"pooled_lasso","1se",1,2017,"California","CA","CA-517","Napa City & County CoC",2016,2017,22.519624243984,32.8286993743346,-10.3090751303506
"pooled_lasso","1se",1,2017,"California","CA","CA-518","Vallejo/Solano County CoC",2016,2017,27.7783414616548,24.7700331687885,3.00830829286633
"pooled_lasso","1se",1,2017,"California","CA","CA-519","Chico, Paradise/Butte County CoC",2016,2017,52.2527722391297,36.5661862839342,15.6865859551955
"pooled_lasso","1se",1,2017,"California","CA","CA-520","Merced City & County CoC",2016,2017,16.7468350694957,28.0006159164368,-11.2537808469411
"pooled_lasso","1se",1,2017,"California","CA","CA-521","Davis, Woodland/Yolo County CoC",2016,2017,21.0090764702921,32.1445993384663,-11.1355228681742
"pooled_lasso","1se",1,2017,"California","CA","CA-522","Humboldt County CoC",2016,2017,55.6015442431524,38.3883511475413,17.2131930956111
"pooled_lasso","1se",1,2017,"California","CA","CA-523","Colusa, Glenn, Trinity Counties CoC",2016,2017,28.2817245424306,35.3139080799041,-7.03218353747355
"pooled_lasso","1se",1,2017,"California","CA","CA-524","Yuba City & County/Sutter County CoC",2016,2017,43.9860633630818,30.0056920598583,13.9803713032235
"pooled_lasso","1se",1,2017,"California","CA","CA-525","El Dorado County CoC",2016,2017,31.9060414778539,27.0124131488521,4.89362832900177
"pooled_lasso","1se",1,2017,"California","CA","CA-526","Amador, Calaveras, Mariposa, Tuolumne Counties CoC",2016,2017,23.586118251928,31.3181581105244,-7.73203985859638
"pooled_lasso","1se",1,2017,"California","CA","CA-527","Tehama County CoC",2016,2017,19.4214293545507,34.1330613485307,-14.71163199398
"pooled_lasso","1se",1,2017,"California","CA","CA-529","Lake County CoC",2016,2017,62.5477687136373,35.0921904138398,27.4555782997975
"pooled_lasso","1se",1,2017,"California","CA","CA-600","Los Angeles City & County CoC",2016,2017,56.4230733446126,14.8594333738688,41.5636399707438
"pooled_lasso","1se",1,2017,"California","CA","CA-601","San Diego City and County CoC",2016,2017,27.5800853718057,16.6948431801648,10.8852421916409
"pooled_lasso","1se",1,2017,"California","CA","CA-602","Santa Ana, Anaheim/Orange County CoC",2016,2017,15.0962940047362,11.8246888205024,3.27160518423378
"pooled_lasso","1se",1,2017,"California","CA","CA-603","Santa Maria/Santa Barbara County CoC",2016,2017,41.7697811353296,35.4399236086043,6.32985752672533
"pooled_lasso","1se",1,2017,"California","CA","CA-604","Bakersfield/Kern County CoC",2016,2017,9.12824165273013,23.6655882209905,-14.5373465682603
"pooled_lasso","1se",1,2017,"California","CA","CA-606","Long Beach CoC",2016,2017,39.5403102800944,40.8321616848032,-1.29185140470884
"pooled_lasso","1se",1,2017,"California","CA","CA-607","Pasadena CoC",2016,2017,40.5970261817663,42.6392315267314,-2.0422053449651
"pooled_lasso","1se",1,2017,"California","CA","CA-608","Riverside City & County CoC",2016,2017,9.9628814342574,12.2989293327722,-2.33604789851484
"pooled_lasso","1se",1,2017,"California","CA","CA-609","San Bernardino City & County CoC",2016,2017,8.67525668950159,11.9023478911924,-3.22709120169079
"pooled_lasso","1se",1,2017,"California","CA","CA-611","Oxnard, San Buenaventura/Ventura County CoC",2016,2017,13.5682014124121,19.2136126258214,-5.64541121340928
"pooled_lasso","1se",1,2017,"California","CA","CA-612","Glendale CoC",2016,2017,8.55024115403616,29.8766519982089,-21.3264108441728
"pooled_lasso","1se",1,2017,"California","CA","CA-613","Imperial County CoC",2016,2017,63.5291138404285,29.7122455431403,33.8168682972882
"pooled_lasso","1se",1,2017,"California","CA","CA-614","San Luis Obispo County CoC",2016,2017,39.8256873913644,29.6674874253897,10.1581999659747
"pooled_lasso","1se",1,2017,"Florida","FL","FL-500","Sarasota, Bradenton/Manatee, Sarasota Counties CoC",2016,2017,17.9710029732261,18.33054039728,-0.359537424053855
"pooled_lasso","1se",1,2017,"Florida","FL","FL-501","Tampa/Hillsborough County CoC",2016,2017,10.8569490080856,17.002336893139,-6.14538788505338
"pooled_lasso","1se",1,2017,"Florida","FL","FL-502","St. Petersburg, Clearwater, Largo/Pinellas County CoC",2016,2017,29.2355688750141,27.8888508593382,1.34671801567586
"pooled_lasso","1se",1,2017,"Florida","FL","FL-503","Lakeland/Polk County CoC",2016,2017,7.4704392384821,17.9939297324671,-10.523490493985
"pooled_lasso","1se",1,2017,"Florida","FL","FL-504","Deltona, Daytona Beach/Volusia, Flagler Counties CoC",2016,2017,11.6227559051472,19.3503624404711,-7.72760653532385
"pooled_lasso","1se",1,2017,"Florida","FL","FL-505","Fort Walton Beach/Okaloosa, Walton Counties CoC",2016,2017,14.7698518226586,23.018331976371,-8.24848015371244
"pooled_lasso","1se",1,2017,"Florida","FL","FL-506","Tallahassee/Leon County CoC",2016,2017,24.055135864484,27.1018759789444,-3.04674011446043
"pooled_lasso","1se",1,2017,"Florida","FL","FL-507","Orlando/Orange, Osceola, Seminole Counties CoC",2016,2017,9.54728645772195,12.4092019849691,-2.86191552724718
"pooled_lasso","1se",1,2017,"Florida","FL","FL-508","Gainesville/Alachua, Putnam Counties CoC",2016,2017,18.2397039352823,27.7294812322435,-9.48977729696117
"pooled_lasso","1se",1,2017,"Florida","FL","FL-509","Fort Pierce/St. Lucie, Indian River, Martin Counties CoC",2016,2017,27.6189792777924,17.5638056076374,10.055173670155
"pooled_lasso","1se",1,2017,"Florida","FL","FL-510","Jacksonville-Duval, Clay Counties CoC",2016,2017,14.9887317337379,19.4710451429888,-4.48231340925093
"pooled_lasso","1se",1,2017,"Florida","FL","FL-511","Pensacola/Escambia, Santa Rosa Counties CoC",2016,2017,15.555163370258,25.6698732684333,-10.1147098981753
"pooled_lasso","1se",1,2017,"Florida","FL","FL-512","St. Johns County CoC",2016,2017,18.2606804462992,23.7857012804249,-5.52502083412574
"pooled_lasso","1se",1,2017,"Florida","FL","FL-513","Palm Bay, Melbourne/Brevard County CoC",2016,2017,14.3763961692434,21.8424788414642,-7.46608267222079
"pooled_lasso","1se",1,2017,"Florida","FL","FL-514","Ocala/Marion County CoC",2016,2017,20.5185388536222,23.6003293470089,-3.08179049338666
"pooled_lasso","1se",1,2017,"Florida","FL","FL-515","Panama City/Bay, Jackson Counties CoC",2016,2017,10.9257278128059,21.6779014071002,-10.7521735942943
"pooled_lasso","1se",1,2017,"Florida","FL","FL-517","Hendry, Hardee, Highlands Counties CoC",2016,2017,23.0577010449796,25.3197926565984,-2.26209161161882
"pooled_lasso","1se",1,2017,"Florida","FL","FL-518","Columbia, Hamilton, Lafayette, Suwannee Counties CoC",2016,2017,31.9153764256106,28.5495954564862,3.3657809691244
"pooled_lasso","1se",1,2017,"Florida","FL","FL-519","Pasco County CoC",2016,2017,49.3772148813366,18.0080702751007,31.3691446062359
"pooled_lasso","1se",1,2017,"Florida","FL","FL-520","Citrus, Hernando, Lake, Sumter Counties CoC",2016,2017,7.91231904464043,13.9614839326752,-6.04916488803482
"pooled_lasso","1se",1,2017,"Florida","FL","FL-600","Miami-Dade County CoC",2016,2017,13.7139529612519,17.5563649659982,-3.84241200474626
"pooled_lasso","1se",1,2017,"Florida","FL","FL-601","Ft Lauderdale/Broward County CoC",2016,2017,12.6646665108999,14.2930709907739,-1.62840447987395
"pooled_lasso","1se",1,2017,"Florida","FL","FL-602","Charlotte County CoC",2016,2017,12.2299225438239,28.455165350744,-16.2252428069201
"pooled_lasso","1se",1,2017,"Florida","FL","FL-603","Ft Myers, Cape Coral/Lee County CoC",2016,2017,5.82432432432432,16.9331808043815,-11.1088564800572
"pooled_lasso","1se",1,2017,"Florida","FL","FL-604","Monroe County CoC",2016,2017,82.5019939071428,63.4219938539865,19.0800000531563
"pooled_lasso","1se",1,2017,"Florida","FL","FL-605","West Palm Beach/Palm Beach County CoC",2016,2017,10.9294151572693,13.1184572551255,-2.18904209785622
"pooled_lasso","1se",1,2017,"Florida","FL","FL-606","Naples/Collier County CoC",2016,2017,16.6631784006569,21.96954874475,-5.30637034409308
"pooled_lasso_state_interactions","min",1,2017,"California","CA","CA-500","San Jose/Santa Clara City & County CoC",2016,2017,38.2611215465897,10.8750394207195,27.3860821258702
"pooled_lasso_state_interactions","min",1,2017,"California","CA","CA-501","San Francisco CoC",2016,2017,78.1057810578106,81.3526289686716,-3.24684791086095
"pooled_lasso_state_interactions","min",1,2017,"California","CA","CA-502","Oakland, Berkeley/Alameda County CoC",2016,2017,33.905635238249,15.7474524500044,18.1581827882446
"pooled_lasso_state_interactions","min",1,2017,"California","CA","CA-503","Sacramento City & County CoC",2016,2017,23.9965795871279,25.5209314146036,-1.52435182747569
"pooled_lasso_state_interactions","min",1,2017,"California","CA","CA-504","Santa Rosa, Petaluma/Sonoma County CoC",2016,2017,56.4213911704006,60.6190859019799,-4.19769473157927
"pooled_lasso_state_interactions","min",1,2017,"California","CA","CA-505","Contra Costa County CoC",2016,2017,14.028379752692,3.65391175164774,10.3744680010443
"pooled_lasso_state_interactions","min",1,2017,"California","CA","CA-506","Salinas/Monterey, San Benito Counties CoC",2016,2017,68.0010834893208,47.2685188681849,20.7325646211359
"pooled_lasso_state_interactions","min",1,2017,"California","CA","CA-507","Marin County CoC",2016,2017,43.0030529472683,42.7549162095248,0.248136737743465
"pooled_lasso_state_interactions","min",1,2017,"California","CA","CA-508","Watsonville/Santa Cruz City & County CoC",2016,2017,81.8246645516198,66.5333363286327,15.2913282229871
"pooled_lasso_state_interactions","min",1,2017,"California","CA","CA-509","Mendocino County CoC",2016,2017,141.362930483237,101.567470632605,39.7954598506317
"pooled_lasso_state_interactions","min",1,2017,"California","CA","CA-510","Turlock, Modesto/Stanislaus County CoC",2016,2017,30.4928981471113,27.7746535989832,2.71824454812809
"pooled_lasso_state_interactions","min",1,2017,"California","CA","CA-511","Stockton/San Joaquin County CoC",2016,2017,20.7454365421044,35.6856028134882,-14.9401662713838
"pooled_lasso_state_interactions","min",1,2017,"California","CA","CA-512","Daly City/San Mateo County CoC",2016,2017,16.2959860892365,19.6706045884026,-3.3746184991661
"pooled_lasso_state_interactions","min",1,2017,"California","CA","CA-513","Visalia/Kings, Tulare Counties CoC",2016,2017,13.9385234315893,18.438718976712,-4.50019554512272
"pooled_lasso_state_interactions","min",1,2017,"California","CA","CA-514","Fresno City & County/Madera County CoC",2016,2017,17.6739627286284,16.4556771344012,1.21828559422723
"pooled_lasso_state_interactions","min",1,2017,"California","CA","CA-515","Roseville, Rocklin/Placer County CoC",2016,2017,25.420978149384,22.512323452647,2.90865469673703
"pooled_lasso_state_interactions","min",1,2017,"California","CA","CA-516","Redding/Shasta, Siskiyou, Lassen, Plumas, Del Norte, Modoc, Sierra Counties CoC",2016,2017,29.953658419255,28.491716911665,1.46194150759
"pooled_lasso_state_interactions","min",1,2017,"California","CA","CA-517","Napa City & County CoC",2016,2017,22.519624243984,36.0178465441366,-13.4982223001526
"pooled_lasso_state_interactions","min",1,2017,"California","CA","CA-518","Vallejo/Solano County CoC",2016,2017,27.7783414616548,23.8641059907405,3.91423547091426
"pooled_lasso_state_interactions","min",1,2017,"California","CA","CA-519","Chico, Paradise/Butte County CoC",2016,2017,52.2527722391297,40.8440541702209,11.4087180689088
"pooled_lasso_state_interactions","min",1,2017,"California","CA","CA-520","Merced City & County CoC",2016,2017,16.7468350694957,24.1539969669832,-7.40716189748754
"pooled_lasso_state_interactions","min",1,2017,"California","CA","CA-521","Davis, Woodland/Yolo County CoC",2016,2017,21.0090764702921,17.9747907727399,3.03428569755225
"pooled_lasso_state_interactions","min",1,2017,"California","CA","CA-522","Humboldt County CoC",2016,2017,55.6015442431524,58.8609178024896,-3.25937355933724
"pooled_lasso_state_interactions","min",1,2017,"California","CA","CA-523","Colusa, Glenn, Trinity Counties CoC",2016,2017,28.2817245424306,17.4834256566492,10.7982988857814
"pooled_lasso_state_interactions","min",1,2017,"California","CA","CA-524","Yuba City & County/Sutter County CoC",2016,2017,43.9860633630818,21.7379548740775,22.2481084890043
"pooled_lasso_state_interactions","min",1,2017,"California","CA","CA-525","El Dorado County CoC",2016,2017,31.9060414778539,10.9069504559839,20.99909102187
"pooled_lasso_state_interactions","min",1,2017,"California","CA","CA-526","Amador, Calaveras, Mariposa, Tuolumne Counties CoC",2016,2017,23.586118251928,25.1821744457351,-1.59605619380714
"pooled_lasso_state_interactions","min",1,2017,"California","CA","CA-527","Tehama County CoC",2016,2017,19.4214293545507,30.2527548410969,-10.8313254865462
"pooled_lasso_state_interactions","min",1,2017,"California","CA","CA-529","Lake County CoC",2016,2017,62.5477687136373,33.8219834079824,28.7257853056549
"pooled_lasso_state_interactions","min",1,2017,"California","CA","CA-600","Los Angeles City & County CoC",2016,2017,56.4230733446126,34.4129435552143,22.0101297893983
"pooled_lasso_state_interactions","min",1,2017,"California","CA","CA-601","San Diego City and County CoC",2016,2017,27.5800853718057,30.7398095830558,-3.15972421125014
"pooled_lasso_state_interactions","min",1,2017,"California","CA","CA-602","Santa Ana, Anaheim/Orange County CoC",2016,2017,15.0962940047362,6.53042132600101,8.56587267873519
"pooled_lasso_state_interactions","min",1,2017,"California","CA","CA-603","Santa Maria/Santa Barbara County CoC",2016,2017,41.7697811353296,60.5579543757346,-18.788173240405
"pooled_lasso_state_interactions","min",1,2017,"California","CA","CA-604","Bakersfield/Kern County CoC",2016,2017,9.12824165273013,21.6356500624085,-12.5074084096784
"pooled_lasso_state_interactions","min",1,2017,"California","CA","CA-606","Long Beach CoC",2016,2017,39.5403102800944,55.8390840417313,-16.2987737616369
"pooled_lasso_state_interactions","min",1,2017,"California","CA","CA-607","Pasadena CoC",2016,2017,40.5970261817663,56.5277614148039,-15.9307352330376
"pooled_lasso_state_interactions","min",1,2017,"California","CA","CA-608","Riverside City & County CoC",2016,2017,9.9628814342574,11.2891530928387,-1.32627165858133
"pooled_lasso_state_interactions","min",1,2017,"California","CA","CA-609","San Bernardino City & County CoC",2016,2017,8.67525668950159,14.3031656412652,-5.62790895176357
"pooled_lasso_state_interactions","min",1,2017,"California","CA","CA-611","Oxnard, San Buenaventura/Ventura County CoC",2016,2017,13.5682014124121,25.4421898002437,-11.8739883878316
"pooled_lasso_state_interactions","min",1,2017,"California","CA","CA-612","Glendale CoC",2016,2017,8.55024115403616,25.8297259933609,-17.2794848393248
"pooled_lasso_state_interactions","min",1,2017,"California","CA","CA-613","Imperial County CoC",2016,2017,63.5291138404285,8.20593479678176,55.3231790436467
"pooled_lasso_state_interactions","min",1,2017,"California","CA","CA-614","San Luis Obispo County CoC",2016,2017,39.8256873913644,40.593460893894,-0.7677735025296
"pooled_lasso_state_interactions","min",1,2017,"Florida","FL","FL-500","Sarasota, Bradenton/Manatee, Sarasota Counties CoC",2016,2017,17.9710029732261,4.33774508921356,13.6332578840125
"pooled_lasso_state_interactions","min",1,2017,"Florida","FL","FL-501","Tampa/Hillsborough County CoC",2016,2017,10.8569490080856,5.06889018006253,5.78805882802307
"pooled_lasso_state_interactions","min",1,2017,"Florida","FL","FL-502","St. Petersburg, Clearwater, Largo/Pinellas County CoC",2016,2017,29.2355688750141,12.8391180641768,16.3964508108373
"pooled_lasso_state_interactions","min",1,2017,"Florida","FL","FL-503","Lakeland/Polk County CoC",2016,2017,7.4704392384821,11.6221034715182,-4.15166423303615
"pooled_lasso_state_interactions","min",1,2017,"Florida","FL","FL-504","Deltona, Daytona Beach/Volusia, Flagler Counties CoC",2016,2017,11.6227559051472,17.7957970141291,-6.17304110898187
"pooled_lasso_state_interactions","min",1,2017,"Florida","FL","FL-505","Fort Walton Beach/Okaloosa, Walton Counties CoC",2016,2017,14.7698518226586,30.4294376258838,-15.6595858032252
"pooled_lasso_state_interactions","min",1,2017,"Florida","FL","FL-506","Tallahassee/Leon County CoC",2016,2017,24.055135864484,28.5325970126523,-4.47746114816827
"pooled_lasso_state_interactions","min",1,2017,"Florida","FL","FL-507","Orlando/Orange, Osceola, Seminole Counties CoC",2016,2017,9.54728645772195,-3.35382686024185,12.9011133179638
"pooled_lasso_state_interactions","min",1,2017,"Florida","FL","FL-508","Gainesville/Alachua, Putnam Counties CoC",2016,2017,18.2397039352823,17.4721794275453,0.767524507736976
"pooled_lasso_state_interactions","min",1,2017,"Florida","FL","FL-509","Fort Pierce/St. Lucie, Indian River, Martin Counties CoC",2016,2017,27.6189792777924,13.6450061559764,13.973973121816
"pooled_lasso_state_interactions","min",1,2017,"Florida","FL","FL-510","Jacksonville-Duval, Clay Counties CoC",2016,2017,14.9887317337379,13.2461650453075,1.74256668843043
"pooled_lasso_state_interactions","min",1,2017,"Florida","FL","FL-511","Pensacola/Escambia, Santa Rosa Counties CoC",2016,2017,15.555163370258,29.6406674441798,-14.0855040739218
"pooled_lasso_state_interactions","min",1,2017,"Florida","FL","FL-512","St. Johns County CoC",2016,2017,18.2606804462992,39.1347747710784,-20.8740943247792
"pooled_lasso_state_interactions","min",1,2017,"Florida","FL","FL-513","Palm Bay, Melbourne/Brevard County CoC",2016,2017,14.3763961692434,9.02656666372233,5.34982950552107
"pooled_lasso_state_interactions","min",1,2017,"Florida","FL","FL-514","Ocala/Marion County CoC",2016,2017,20.5185388536222,25.0516798098223,-4.53314095620008
"pooled_lasso_state_interactions","min",1,2017,"Florida","FL","FL-515","Panama City/Bay, Jackson Counties CoC",2016,2017,10.9257278128059,28.3494566137934,-17.4237288009875
"pooled_lasso_state_interactions","min",1,2017,"Florida","FL","FL-517","Hendry, Hardee, Highlands Counties CoC",2016,2017,23.0577010449796,24.6623694017618,-1.6046683567822
"pooled_lasso_state_interactions","min",1,2017,"Florida","FL","FL-518","Columbia, Hamilton, Lafayette, Suwannee Counties CoC",2016,2017,31.9153764256106,50.3814547072848,-18.4660782816742
"pooled_lasso_state_interactions","min",1,2017,"Florida","FL","FL-519","Pasco County CoC",2016,2017,49.3772148813366,17.414848192991,31.9623666883456
"pooled_lasso_state_interactions","min",1,2017,"Florida","FL","FL-520","Citrus, Hernando, Lake, Sumter Counties CoC",2016,2017,7.91231904464043,6.45365646194303,1.4586625826974
"pooled_lasso_state_interactions","min",1,2017,"Florida","FL","FL-600","Miami-Dade County CoC",2016,2017,13.7139529612519,2.87514965557322,10.8388033056787
"pooled_lasso_state_interactions","min",1,2017,"Florida","FL","FL-601","Ft Lauderdale/Broward County CoC",2016,2017,12.6646665108999,6.64229775758723,6.02236875331267
"pooled_lasso_state_interactions","min",1,2017,"Florida","FL","FL-602","Charlotte County CoC",2016,2017,12.2299225438239,34.7577344527876,-22.5278119089637
"pooled_lasso_state_interactions","min",1,2017,"Florida","FL","FL-603","Ft Myers, Cape Coral/Lee County CoC",2016,2017,5.82432432432432,4.32217887932656,1.50214544499776
"pooled_lasso_state_interactions","min",1,2017,"Florida","FL","FL-604","Monroe County CoC",2016,2017,82.5019939071428,77.4320957404938,5.06989816664903
"pooled_lasso_state_interactions","min",1,2017,"Florida","FL","FL-605","West Palm Beach/Palm Beach County CoC",2016,2017,10.9294151572693,-3.65441955313859,14.5838347104079
"pooled_lasso_state_interactions","min",1,2017,"Florida","FL","FL-606","Naples/Collier County CoC",2016,2017,16.6631784006569,8.89731476712958,7.76586363352732
"pooled_lasso_state_interactions","1se",1,2017,"California","CA","CA-500","San Jose/Santa Clara City & County CoC",2016,2017,38.2611215465897,10.711680550766,27.5494409958237
"pooled_lasso_state_interactions","1se",1,2017,"California","CA","CA-501","San Francisco CoC",2016,2017,78.1057810578106,86.6275558522098,-8.52177479439922
"pooled_lasso_state_interactions","1se",1,2017,"California","CA","CA-502","Oakland, Berkeley/Alameda County CoC",2016,2017,33.905635238249,16.235157261239,17.67047797701
"pooled_lasso_state_interactions","1se",1,2017,"California","CA","CA-503","Sacramento City & County CoC",2016,2017,23.9965795871279,25.9398909067283,-1.94331131960042
"pooled_lasso_state_interactions","1se",1,2017,"California","CA","CA-504","Santa Rosa, Petaluma/Sonoma County CoC",2016,2017,56.4213911704006,48.038813755313,8.38257741508761
"pooled_lasso_state_interactions","1se",1,2017,"California","CA","CA-505","Contra Costa County CoC",2016,2017,14.028379752692,10.1506234021489,3.87775635054311
"pooled_lasso_state_interactions","1se",1,2017,"California","CA","CA-506","Salinas/Monterey, San Benito Counties CoC",2016,2017,68.0010834893208,33.8908526122931,34.1102308770277
"pooled_lasso_state_interactions","1se",1,2017,"California","CA","CA-507","Marin County CoC",2016,2017,43.0030529472683,42.3386882971356,0.664364650132676
"pooled_lasso_state_interactions","1se",1,2017,"California","CA","CA-508","Watsonville/Santa Cruz City & County CoC",2016,2017,81.8246645516198,51.6141575458666,30.2105070057532
"pooled_lasso_state_interactions","1se",1,2017,"California","CA","CA-509","Mendocino County CoC",2016,2017,141.362930483237,86.2175931234219,55.1453373598151
"pooled_lasso_state_interactions","1se",1,2017,"California","CA","CA-510","Turlock, Modesto/Stanislaus County CoC",2016,2017,30.4928981471113,26.1787217068487,4.31417644026257
"pooled_lasso_state_interactions","1se",1,2017,"California","CA","CA-511","Stockton/San Joaquin County CoC",2016,2017,20.7454365421044,30.3606314519412,-9.61519490983678
"pooled_lasso_state_interactions","1se",1,2017,"California","CA","CA-512","Daly City/San Mateo County CoC",2016,2017,16.2959860892365,18.5914462186369,-2.29546012940041
"pooled_lasso_state_interactions","1se",1,2017,"California","CA","CA-513","Visalia/Kings, Tulare Counties CoC",2016,2017,13.9385234315893,18.1216066689121,-4.18308323732284
"pooled_lasso_state_interactions","1se",1,2017,"California","CA","CA-514","Fresno City & County/Madera County CoC",2016,2017,17.6739627286284,17.093615548626,0.580347180002402
"pooled_lasso_state_interactions","1se",1,2017,"California","CA","CA-515","Roseville, Rocklin/Placer County CoC",2016,2017,25.420978149384,27.2073830978846,-1.78640494850055
"pooled_lasso_state_interactions","1se",1,2017,"California","CA","CA-516","Redding/Shasta, Siskiyou, Lassen, Plumas, Del Norte, Modoc, Sierra Counties CoC",2016,2017,29.953658419255,29.9825882040956,-0.0289297848405567
"pooled_lasso_state_interactions","1se",1,2017,"California","CA","CA-517","Napa City & County CoC",2016,2017,22.519624243984,35.2563509368676,-12.7367266928836
"pooled_lasso_state_interactions","1se",1,2017,"California","CA","CA-518","Vallejo/Solano County CoC",2016,2017,27.7783414616548,24.1429224174606,3.63541904419418
"pooled_lasso_state_interactions","1se",1,2017,"California","CA","CA-519","Chico, Paradise/Butte County CoC",2016,2017,52.2527722391297,40.3856316534835,11.8671405856462
"pooled_lasso_state_interactions","1se",1,2017,"California","CA","CA-520","Merced City & County CoC",2016,2017,16.7468350694957,25.0308195949267,-8.28398452543103
"pooled_lasso_state_interactions","1se",1,2017,"California","CA","CA-521","Davis, Woodland/Yolo County CoC",2016,2017,21.0090764702921,22.8990629679972,-1.88998649770513
"pooled_lasso_state_interactions","1se",1,2017,"California","CA","CA-522","Humboldt County CoC",2016,2017,55.6015442431524,49.3654617238064,6.23608251934596
"pooled_lasso_state_interactions","1se",1,2017,"California","CA","CA-523","Colusa, Glenn, Trinity Counties CoC",2016,2017,28.2817245424306,28.5269723632171,-0.245247820786467
"pooled_lasso_state_interactions","1se",1,2017,"California","CA","CA-524","Yuba City & County/Sutter County CoC",2016,2017,43.9860633630818,24.8536118578483,19.1324515052335
"pooled_lasso_state_interactions","1se",1,2017,"California","CA","CA-525","El Dorado County CoC",2016,2017,31.9060414778539,20.9621647614193,10.9438767164346
"pooled_lasso_state_interactions","1se",1,2017,"California","CA","CA-526","Amador, Calaveras, Mariposa, Tuolumne Counties CoC",2016,2017,23.586118251928,32.4296255201029,-8.8435072681749
"pooled_lasso_state_interactions","1se",1,2017,"California","CA","CA-527","Tehama County CoC",2016,2017,19.4214293545507,34.7674868828971,-15.3460575283464
"pooled_lasso_state_interactions","1se",1,2017,"California","CA","CA-529","Lake County CoC",2016,2017,62.5477687136373,37.223634235708,25.3241344779293
"pooled_lasso_state_interactions","1se",1,2017,"California","CA","CA-600","Los Angeles City & County CoC",2016,2017,56.4230733446126,18.1460068740708,38.2770664705418
"pooled_lasso_state_interactions","1se",1,2017,"California","CA","CA-601","San Diego City and County CoC",2016,2017,27.5800853718057,18.3584393846992,9.22164598710653
"pooled_lasso_state_interactions","1se",1,2017,"California","CA","CA-602","Santa Ana, Anaheim/Orange County CoC",2016,2017,15.0962940047362,5.2022265631989,9.8940674415373
"pooled_lasso_state_interactions","1se",1,2017,"California","CA","CA-603","Santa Maria/Santa Barbara County CoC",2016,2017,41.7697811353296,45.3850661812755,-3.61528504594588
"pooled_lasso_state_interactions","1se",1,2017,"California","CA","CA-604","Bakersfield/Kern County CoC",2016,2017,9.12824165273013,22.6628971883771,-13.5346555356469
"pooled_lasso_state_interactions","1se",1,2017,"California","CA","CA-606","Long Beach CoC",2016,2017,39.5403102800944,46.4190420716857,-6.8787317915913
"pooled_lasso_state_interactions","1se",1,2017,"California","CA","CA-607","Pasadena CoC",2016,2017,40.5970261817663,46.9764558353534,-6.37942965358708
"pooled_lasso_state_interactions","1se",1,2017,"California","CA","CA-608","Riverside City & County CoC",2016,2017,9.9628814342574,10.4124939210958,-0.449612486838401
"pooled_lasso_state_interactions","1se",1,2017,"California","CA","CA-609","San Bernardino City & County CoC",2016,2017,8.67525668950159,10.8776554706459,-2.20239878114433
"pooled_lasso_state_interactions","1se",1,2017,"California","CA","CA-611","Oxnard, San Buenaventura/Ventura County CoC",2016,2017,13.5682014124121,19.7268768980886,-6.15867548567648
"pooled_lasso_state_interactions","1se",1,2017,"California","CA","CA-612","Glendale CoC",2016,2017,8.55024115403616,23.9959776286421,-15.4457364746059
"pooled_lasso_state_interactions","1se",1,2017,"California","CA","CA-613","Imperial County CoC",2016,2017,63.5291138404285,15.0605514433733,48.4685623970552
"pooled_lasso_state_interactions","1se",1,2017,"California","CA","CA-614","San Luis Obispo County CoC",2016,2017,39.8256873913644,36.2678448783893,3.55784251297514
"pooled_lasso_state_interactions","1se",1,2017,"Florida","FL","FL-500","Sarasota, Bradenton/Manatee, Sarasota Counties CoC",2016,2017,17.9710029732261,11.7900560847997,6.18094688842641
"pooled_lasso_state_interactions","1se",1,2017,"Florida","FL","FL-501","Tampa/Hillsborough County CoC",2016,2017,10.8569490080856,7.05138771890292,3.80556128918268
"pooled_lasso_state_interactions","1se",1,2017,"Florida","FL","FL-502","St. Petersburg, Clearwater, Largo/Pinellas County CoC",2016,2017,29.2355688750141,24.4580343667677,4.77753450824643
"pooled_lasso_state_interactions","1se",1,2017,"Florida","FL","FL-503","Lakeland/Polk County CoC",2016,2017,7.4704392384821,11.7599948749932,-4.28955563651111
"pooled_lasso_state_interactions","1se",1,2017,"Florida","FL","FL-504","Deltona, Daytona Beach/Volusia, Flagler Counties CoC",2016,2017,11.6227559051472,21.1426523241971,-9.51989641904989
"pooled_lasso_state_interactions","1se",1,2017,"Florida","FL","FL-505","Fort Walton Beach/Okaloosa, Walton Counties CoC",2016,2017,14.7698518226586,25.0306055661115,-10.2607537434529
"pooled_lasso_state_interactions","1se",1,2017,"Florida","FL","FL-506","Tallahassee/Leon County CoC",2016,2017,24.055135864484,31.3184422070051,-7.2633063425211
"pooled_lasso_state_interactions","1se",1,2017,"Florida","FL","FL-507","Orlando/Orange, Osceola, Seminole Counties CoC",2016,2017,9.54728645772195,-0.330293950973312,9.87758040869526
"pooled_lasso_state_interactions","1se",1,2017,"Florida","FL","FL-508","Gainesville/Alachua, Putnam Counties CoC",2016,2017,18.2397039352823,26.3332933275648,-8.09358939228252
"pooled_lasso_state_interactions","1se",1,2017,"Florida","FL","FL-509","Fort Pierce/St. Lucie, Indian River, Martin Counties CoC",2016,2017,27.6189792777924,14.7815795191603,12.8373997586321
"pooled_lasso_state_interactions","1se",1,2017,"Florida","FL","FL-510","Jacksonville-Duval, Clay Counties CoC",2016,2017,14.9887317337379,14.41308166975,0.575650063987943
"pooled_lasso_state_interactions","1se",1,2017,"Florida","FL","FL-511","Pensacola/Escambia, Santa Rosa Counties CoC",2016,2017,15.555163370258,29.9966315803489,-14.4414682100909
"pooled_lasso_state_interactions","1se",1,2017,"Florida","FL","FL-512","St. Johns County CoC",2016,2017,18.2606804462992,20.2882686207538,-2.02758817445463
"pooled_lasso_state_interactions","1se",1,2017,"Florida","FL","FL-513","Palm Bay, Melbourne/Brevard County CoC",2016,2017,14.3763961692434,18.2326427484553,-3.85624657921191
"pooled_lasso_state_interactions","1se",1,2017,"Florida","FL","FL-514","Ocala/Marion County CoC",2016,2017,20.5185388536222,25.0396723967219,-4.52113354309973
"pooled_lasso_state_interactions","1se",1,2017,"Florida","FL","FL-515","Panama City/Bay, Jackson Counties CoC",2016,2017,10.9257278128059,27.4666958604137,-16.5409680476078
"pooled_lasso_state_interactions","1se",1,2017,"Florida","FL","FL-517","Hendry, Hardee, Highlands Counties CoC",2016,2017,23.0577010449796,21.9280891825787,1.12961186240092
"pooled_lasso_state_interactions","1se",1,2017,"Florida","FL","FL-518","Columbia, Hamilton, Lafayette, Suwannee Counties CoC",2016,2017,31.9153764256106,41.0379712629918,-9.12259483738115
"pooled_lasso_state_interactions","1se",1,2017,"Florida","FL","FL-519","Pasco County CoC",2016,2017,49.3772148813366,14.9702756059764,34.4069392753602
"pooled_lasso_state_interactions","1se",1,2017,"Florida","FL","FL-520","Citrus, Hernando, Lake, Sumter Counties CoC",2016,2017,7.91231904464043,8.88994708839801,-0.977628043757578
"pooled_lasso_state_interactions","1se",1,2017,"Florida","FL","FL-600","Miami-Dade County CoC",2016,2017,13.7139529612519,1.96655294934576,11.7474000119061
"pooled_lasso_state_interactions","1se",1,2017,"Florida","FL","FL-601","Ft Lauderdale/Broward County CoC",2016,2017,12.6646665108999,7.253042112199,5.4116243987009
"pooled_lasso_state_interactions","1se",1,2017,"Florida","FL","FL-602","Charlotte County CoC",2016,2017,12.2299225438239,35.1310423153477,-22.9011197715238
"pooled_lasso_state_interactions","1se",1,2017,"Florida","FL","FL-603","Ft Myers, Cape Coral/Lee County CoC",2016,2017,5.82432432432432,9.7842842295504,-3.95995990522608
"pooled_lasso_state_interactions","1se",1,2017,"Florida","FL","FL-604","Monroe County CoC",2016,2017,82.5019939071428,80.8575424713271,1.64445143581572
"pooled_lasso_state_interactions","1se",1,2017,"Florida","FL","FL-605","West Palm Beach/Palm Beach County CoC",2016,2017,10.9294151572693,3.66874171259769,7.26067344467161
"pooled_lasso_state_interactions","1se",1,2017,"Florida","FL","FL-606","Naples/Collier County CoC",2016,2017,16.6631784006569,10.476065722489,6.18711267816791
"separate_lasso_CA","min",1,2017,"California","CA","CA-500","San Jose/Santa Clara City & County CoC",2016,2017,38.2611215465897,16.7691389668079,21.4919825797818
"separate_lasso_CA","min",1,2017,"California","CA","CA-501","San Francisco CoC",2016,2017,78.1057810578106,80.618225360827,-2.51244430301637
"separate_lasso_CA","min",1,2017,"California","CA","CA-502","Oakland, Berkeley/Alameda County CoC",2016,2017,33.905635238249,17.7546842182314,16.1509510200176
"separate_lasso_CA","min",1,2017,"California","CA","CA-503","Sacramento City & County CoC",2016,2017,23.9965795871279,24.7146501005678,-0.71807051343993
"separate_lasso_CA","min",1,2017,"California","CA","CA-504","Santa Rosa, Petaluma/Sonoma County CoC",2016,2017,56.4213911704006,62.8403740259356,-6.41898285553501
"separate_lasso_CA","min",1,2017,"California","CA","CA-505","Contra Costa County CoC",2016,2017,14.028379752692,-1.07727385558241,15.1056536082744
"separate_lasso_CA","min",1,2017,"California","CA","CA-506","Salinas/Monterey, San Benito Counties CoC",2016,2017,68.0010834893208,51.1424789465833,16.8586045427375
"separate_lasso_CA","min",1,2017,"California","CA","CA-507","Marin County CoC",2016,2017,43.0030529472683,42.5902127947074,0.412840152560861
"separate_lasso_CA","min",1,2017,"California","CA","CA-508","Watsonville/Santa Cruz City & County CoC",2016,2017,81.8246645516198,72.9101081125398,8.91455643908002
"separate_lasso_CA","min",1,2017,"California","CA","CA-509","Mendocino County CoC",2016,2017,141.362930483237,101.291422581688,40.0715079015486
"separate_lasso_CA","min",1,2017,"California","CA","CA-510","Turlock, Modesto/Stanislaus County CoC",2016,2017,30.4928981471113,23.9030584219624,6.58983972514887
"separate_lasso_CA","min",1,2017,"California","CA","CA-511","Stockton/San Joaquin County CoC",2016,2017,20.7454365421044,33.3251471603551,-12.5797106182507
"separate_lasso_CA","min",1,2017,"California","CA","CA-512","Daly City/San Mateo County CoC",2016,2017,16.2959860892365,22.2527701918645,-5.95678410262798
"separate_lasso_CA","min",1,2017,"California","CA","CA-513","Visalia/Kings, Tulare Counties CoC",2016,2017,13.9385234315893,14.9680137274957,-1.0294902959064
"separate_lasso_CA","min",1,2017,"California","CA","CA-514","Fresno City & County/Madera County CoC",2016,2017,17.6739627286284,15.8375910121943,1.83637171643412
"separate_lasso_CA","min",1,2017,"California","CA","CA-515","Roseville, Rocklin/Placer County CoC",2016,2017,25.420978149384,15.4259635794563,9.99501456992769
"separate_lasso_CA","min",1,2017,"California","CA","CA-516","Redding/Shasta, Siskiyou, Lassen, Plumas, Del Norte, Modoc, Sierra Counties CoC",2016,2017,29.953658419255,25.2536713588398,4.69998706041519
"separate_lasso_CA","min",1,2017,"California","CA","CA-517","Napa City & County CoC",2016,2017,22.519624243984,32.0849370513367,-9.56531280735274
"separate_lasso_CA","min",1,2017,"California","CA","CA-518","Vallejo/Solano County CoC",2016,2017,27.7783414616548,21.5487540739191,6.22958738773573
"separate_lasso_CA","min",1,2017,"California","CA","CA-519","Chico, Paradise/Butte County CoC",2016,2017,52.2527722391297,37.9786654730637,14.274106766066
"separate_lasso_CA","min",1,2017,"California","CA","CA-520","Merced City & County CoC",2016,2017,16.7468350694957,19.5182272895845,-2.77139222008883
"separate_lasso_CA","min",1,2017,"California","CA","CA-521","Davis, Woodland/Yolo County CoC",2016,2017,21.0090764702921,18.061867169145,2.94720930114709
"separate_lasso_CA","min",1,2017,"California","CA","CA-522","Humboldt County CoC",2016,2017,55.6015442431524,63.1701297300909,-7.56858548693849
"separate_lasso_CA","min",1,2017,"California","CA","CA-523","Colusa, Glenn, Trinity Counties CoC",2016,2017,28.2817245424306,9.22542073735768,19.0563038050729
"separate_lasso_CA","min",1,2017,"California","CA","CA-524","Yuba City & County/Sutter County CoC",2016,2017,43.9860633630818,17.6559972227085,26.3300661403733
"separate_lasso_CA","min",1,2017,"California","CA","CA-525","El Dorado County CoC",2016,2017,31.9060414778539,6.46123515119087,25.444806326663
"separate_lasso_CA","min",1,2017,"California","CA","CA-526","Amador, Calaveras, Mariposa, Tuolumne Counties CoC",2016,2017,23.586118251928,24.9201533662311,-1.33403511430311
"separate_lasso_CA","min",1,2017,"California","CA","CA-527","Tehama County CoC",2016,2017,19.4214293545507,23.8478562969319,-4.42642694238116
"separate_lasso_CA","min",1,2017,"California","CA","CA-529","Lake County CoC",2016,2017,62.5477687136373,39.5339849308498,23.0137837827875
"separate_lasso_CA","min",1,2017,"California","CA","CA-600","Los Angeles City & County CoC",2016,2017,56.4230733446126,41.1776189442467,15.2454544003659
"separate_lasso_CA","min",1,2017,"California","CA","CA-601","San Diego City and County CoC",2016,2017,27.5800853718057,37.1846781446348,-9.60459277282914
"separate_lasso_CA","min",1,2017,"California","CA","CA-602","Santa Ana, Anaheim/Orange County CoC",2016,2017,15.0962940047362,6.72613976611362,8.37015423862258
"separate_lasso_CA","min",1,2017,"California","CA","CA-603","Santa Maria/Santa Barbara County CoC",2016,2017,41.7697811353296,62.3781565217243,-20.6083753863947
"separate_lasso_CA","min",1,2017,"California","CA","CA-604","Bakersfield/Kern County CoC",2016,2017,9.12824165273013,18.9410286405881,-9.81278698785801
"separate_lasso_CA","min",1,2017,"California","CA","CA-606","Long Beach CoC",2016,2017,39.5403102800944,54.5239775748534,-14.983667294759
"separate_lasso_CA","min",1,2017,"California","CA","CA-607","Pasadena CoC",2016,2017,40.5970261817663,54.958451058176,-14.3614248764097
"separate_lasso_CA","min",1,2017,"California","CA","CA-608","Riverside City & County CoC",2016,2017,9.9628814342574,8.13017196426494,1.83270946999246
"separate_lasso_CA","min",1,2017,"California","CA","CA-609","San Bernardino City & County CoC",2016,2017,8.67525668950159,12.0785938554843,-3.40333716598275
"separate_lasso_CA","min",1,2017,"California","CA","CA-611","Oxnard, San Buenaventura/Ventura County CoC",2016,2017,13.5682014124121,22.6340519268068,-9.06585051439465
"separate_lasso_CA","min",1,2017,"California","CA","CA-612","Glendale CoC",2016,2017,8.55024115403616,23.7762348690512,-15.2259937150151
"separate_lasso_CA","min",1,2017,"California","CA","CA-613","Imperial County CoC",2016,2017,63.5291138404285,18.0364780037183,45.4926358367102
"separate_lasso_CA","min",1,2017,"California","CA","CA-614","San Luis Obispo County CoC",2016,2017,39.8256873913644,41.4281085215601,-1.60242113019567
"separate_lasso_CA","1se",1,2017,"California","CA","CA-500","San Jose/Santa Clara City & County CoC",2016,2017,38.2611215465897,13.9930106517166,24.2681108948731
"separate_lasso_CA","1se",1,2017,"California","CA","CA-501","San Francisco CoC",2016,2017,78.1057810578106,83.836663140225,-5.73088208241445
"separate_lasso_CA","1se",1,2017,"California","CA","CA-502","Oakland, Berkeley/Alameda County CoC",2016,2017,33.905635238249,20.4200721464577,13.4855630917913
"separate_lasso_CA","1se",1,2017,"California","CA","CA-503","Sacramento City & County CoC",2016,2017,23.9965795871279,26.5505851740267,-2.55400558689884
"separate_lasso_CA","1se",1,2017,"California","CA","CA-504","Santa Rosa, Petaluma/Sonoma County CoC",2016,2017,56.4213911704006,54.440568611193,1.98082255920765
"separate_lasso_CA","1se",1,2017,"California","CA","CA-505","Contra Costa County CoC",2016,2017,14.028379752692,6.65430549465182,7.37407425804018
"separate_lasso_CA","1se",1,2017,"California","CA","CA-506","Salinas/Monterey, San Benito Counties CoC",2016,2017,68.0010834893208,41.4745880642235,26.5264954250973
"separate_lasso_CA","1se",1,2017,"California","CA","CA-507","Marin County CoC",2016,2017,43.0030529472683,46.8264636800773,-3.82341073280901
"separate_lasso_CA","1se",1,2017,"California","CA","CA-508","Watsonville/Santa Cruz City & County CoC",2016,2017,81.8246645516198,64.2056434550356,17.6190210965842
"separate_lasso_CA","1se",1,2017,"California","CA","CA-509","Mendocino County CoC",2016,2017,141.362930483237,90.3550442681984,51.0078862150386
"separate_lasso_CA","1se",1,2017,"California","CA","CA-510","Turlock, Modesto/Stanislaus County CoC",2016,2017,30.4928981471113,27.3439121648261,3.14898598228524
"separate_lasso_CA","1se",1,2017,"California","CA","CA-511","Stockton/San Joaquin County CoC",2016,2017,20.7454365421044,36.6128464165709,-15.8674098744665
"separate_lasso_CA","1se",1,2017,"California","CA","CA-512","Daly City/San Mateo County CoC",2016,2017,16.2959860892365,19.0084024961897,-2.71241640695325
"separate_lasso_CA","1se",1,2017,"California","CA","CA-513","Visalia/Kings, Tulare Counties CoC",2016,2017,13.9385234315893,17.553620274752,-3.61509684316268
"separate_lasso_CA","1se",1,2017,"California","CA","CA-514","Fresno City & County/Madera County CoC",2016,2017,17.6739627286284,20.5593103659099,-2.8853476372815
"separate_lasso_CA","1se",1,2017,"California","CA","CA-515","Roseville, Rocklin/Placer County CoC",2016,2017,25.420978149384,21.2219625761004,4.19901557328355
"separate_lasso_CA","1se",1,2017,"California","CA","CA-516","Redding/Shasta, Siskiyou, Lassen, Plumas, Del Norte, Modoc, Sierra Counties CoC",2016,2017,29.953658419255,33.1573372548245,-3.20367883556952
"separate_lasso_CA","1se",1,2017,"California","CA","CA-517","Napa City & County CoC",2016,2017,22.519624243984,30.3637918055451,-7.84416756156108
"separate_lasso_CA","1se",1,2017,"California","CA","CA-518","Vallejo/Solano County CoC",2016,2017,27.7783414616548,20.0552441148029,7.72309734685187
"separate_lasso_CA","1se",1,2017,"California","CA","CA-519","Chico, Paradise/Butte County CoC",2016,2017,52.2527722391297,43.836724161166,8.41604807796374
"separate_lasso_CA","1se",1,2017,"California","CA","CA-520","Merced City & County CoC",2016,2017,16.7468350694957,21.5999210762239,-4.85308600672823
"separate_lasso_CA","1se",1,2017,"California","CA","CA-521","Davis, Woodland/Yolo County CoC",2016,2017,21.0090764702921,27.5947174082515,-6.5856409379594
"separate_lasso_CA","1se",1,2017,"California","CA","CA-522","Humboldt County CoC",2016,2017,55.6015442431524,55.5184743855447,0.0830698576076472
"separate_lasso_CA","1se",1,2017,"California","CA","CA-523","Colusa, Glenn, Trinity Counties CoC",2016,2017,28.2817245424306,18.2559790177835,10.0257455246471
"separate_lasso_CA","1se",1,2017,"California","CA","CA-524","Yuba City & County/Sutter County CoC",2016,2017,43.9860633630818,22.5248966024035,21.4611667606783
"separate_lasso_CA","1se",1,2017,"California","CA","CA-525","El Dorado County CoC",2016,2017,31.9060414778539,12.9738317174982,18.9322097603557
"separate_lasso_CA","1se",1,2017,"California","CA","CA-526","Amador, Calaveras, Mariposa, Tuolumne Counties CoC",2016,2017,23.586118251928,30.1539363861196,-6.56781813419158
"separate_lasso_CA","1se",1,2017,"California","CA","CA-527","Tehama County CoC",2016,2017,19.4214293545507,24.9208106308832,-5.49938127633247
"separate_lasso_CA","1se",1,2017,"California","CA","CA-529","Lake County CoC",2016,2017,62.5477687136373,43.2030588790162,19.3447098346211
"separate_lasso_CA","1se",1,2017,"California","CA","CA-600","Los Angeles City & County CoC",2016,2017,56.4230733446126,40.1044830012953,16.3185903433173
"separate_lasso_CA","1se",1,2017,"California","CA","CA-601","San Diego City and County CoC",2016,2017,27.5800853718057,32.069091374316,-4.48900600251034
"separate_lasso_CA","1se",1,2017,"California","CA","CA-602","Santa Ana, Anaheim/Orange County CoC",2016,2017,15.0962940047362,8.74646117009482,6.34983283464138
"separate_lasso_CA","1se",1,2017,"California","CA","CA-603","Santa Maria/Santa Barbara County CoC",2016,2017,41.7697811353296,54.9446868580054,-13.1749057226758
"separate_lasso_CA","1se",1,2017,"California","CA","CA-604","Bakersfield/Kern County CoC",2016,2017,9.12824165273013,20.1600094650556,-11.0317678123255
"separate_lasso_CA","1se",1,2017,"California","CA","CA-606","Long Beach CoC",2016,2017,39.5403102800944,53.6627778026107,-14.1224675225163
"separate_lasso_CA","1se",1,2017,"California","CA","CA-607","Pasadena CoC",2016,2017,40.5970261817663,52.7347784504707,-12.1377522687044
"separate_lasso_CA","1se",1,2017,"California","CA","CA-608","Riverside City & County CoC",2016,2017,9.9628814342574,12.4360122200132,-2.47313078575583
"separate_lasso_CA","1se",1,2017,"California","CA","CA-609","San Bernardino City & County CoC",2016,2017,8.67525668950159,13.6601168121835,-4.98486012268191
"separate_lasso_CA","1se",1,2017,"California","CA","CA-611","Oxnard, San Buenaventura/Ventura County CoC",2016,2017,13.5682014124121,19.2424593564165,-5.67425794400443
"separate_lasso_CA","1se",1,2017,"California","CA","CA-612","Glendale CoC",2016,2017,8.55024115403616,26.8252601351341,-18.2750189810979
"separate_lasso_CA","1se",1,2017,"California","CA","CA-613","Imperial County CoC",2016,2017,63.5291138404285,23.8583377947788,39.6707760456497
"separate_lasso_CA","1se",1,2017,"California","CA","CA-614","San Luis Obispo County CoC",2016,2017,39.8256873913644,35.2580655044325,4.56762188693192
"separate_lasso_FL","min",1,2017,"Florida","FL","FL-500","Sarasota, Bradenton/Manatee, Sarasota Counties CoC",2016,2017,17.9710029732261,2.20007831664443,15.7709246565817
"separate_lasso_FL","min",1,2017,"Florida","FL","FL-501","Tampa/Hillsborough County CoC",2016,2017,10.8569490080856,9.9862085113118,0.870740496773797
"separate_lasso_FL","min",1,2017,"Florida","FL","FL-502","St. Petersburg, Clearwater, Largo/Pinellas County CoC",2016,2017,29.2355688750141,26.6090561425009,2.62651273251316
"separate_lasso_FL","min",1,2017,"Florida","FL","FL-503","Lakeland/Polk County CoC",2016,2017,7.4704392384821,12.3759667610434,-4.90552752256128
"separate_lasso_FL","min",1,2017,"Florida","FL","FL-504","Deltona, Daytona Beach/Volusia, Flagler Counties CoC",2016,2017,11.6227559051472,11.8929350637659,-0.270179158618706
"separate_lasso_FL","min",1,2017,"Florida","FL","FL-505","Fort Walton Beach/Okaloosa, Walton Counties CoC",2016,2017,14.7698518226586,28.5649214230724,-13.7950696004138
"separate_lasso_FL","min",1,2017,"Florida","FL","FL-506","Tallahassee/Leon County CoC",2016,2017,24.055135864484,18.5629445347896,5.49219132969436
"separate_lasso_FL","min",1,2017,"Florida","FL","FL-507","Orlando/Orange, Osceola, Seminole Counties CoC",2016,2017,9.54728645772195,-7.35064561290893,16.8979320706309
"separate_lasso_FL","min",1,2017,"Florida","FL","FL-508","Gainesville/Alachua, Putnam Counties CoC",2016,2017,18.2397039352823,21.5694241954044,-3.32972026012211
"separate_lasso_FL","min",1,2017,"Florida","FL","FL-509","Fort Pierce/St. Lucie, Indian River, Martin Counties CoC",2016,2017,27.6189792777924,10.9156124012137,16.7033668765787
"separate_lasso_FL","min",1,2017,"Florida","FL","FL-510","Jacksonville-Duval, Clay Counties CoC",2016,2017,14.9887317337379,6.84236956796362,8.14636216577428
"separate_lasso_FL","min",1,2017,"Florida","FL","FL-511","Pensacola/Escambia, Santa Rosa Counties CoC",2016,2017,15.555163370258,22.3500387451639,-6.79487537490592
"separate_lasso_FL","min",1,2017,"Florida","FL","FL-512","St. Johns County CoC",2016,2017,18.2606804462992,36.6864202860536,-18.4257398397544
"separate_lasso_FL","min",1,2017,"Florida","FL","FL-513","Palm Bay, Melbourne/Brevard County CoC",2016,2017,14.3763961692434,10.7452291431599,3.63116702608349
"separate_lasso_FL","min",1,2017,"Florida","FL","FL-514","Ocala/Marion County CoC",2016,2017,20.5185388536222,22.6904192134585,-2.17188035983633
"separate_lasso_FL","min",1,2017,"Florida","FL","FL-515","Panama City/Bay, Jackson Counties CoC",2016,2017,10.9257278128059,23.6937372376408,-12.7680094248349
"separate_lasso_FL","min",1,2017,"Florida","FL","FL-517","Hendry, Hardee, Highlands Counties CoC",2016,2017,23.0577010449796,35.4654760471665,-12.4077750021869
"separate_lasso_FL","min",1,2017,"Florida","FL","FL-518","Columbia, Hamilton, Lafayette, Suwannee Counties CoC",2016,2017,31.9153764256106,49.5170779746906,-17.60170154908
"separate_lasso_FL","min",1,2017,"Florida","FL","FL-519","Pasco County CoC",2016,2017,49.3772148813366,20.8771932170198,28.5000216643168
"separate_lasso_FL","min",1,2017,"Florida","FL","FL-520","Citrus, Hernando, Lake, Sumter Counties CoC",2016,2017,7.91231904464043,1.10425023585333,6.8080688087871
"separate_lasso_FL","min",1,2017,"Florida","FL","FL-600","Miami-Dade County CoC",2016,2017,13.7139529612519,5.9418686554857,7.7720843057662
"separate_lasso_FL","min",1,2017,"Florida","FL","FL-601","Ft Lauderdale/Broward County CoC",2016,2017,12.6646665108999,4.75577947679242,7.90888703410748
"separate_lasso_FL","min",1,2017,"Florida","FL","FL-602","Charlotte County CoC",2016,2017,12.2299225438239,34.5303815042512,-22.3004589604273
"separate_lasso_FL","min",1,2017,"Florida","FL","FL-603","Ft Myers, Cape Coral/Lee County CoC",2016,2017,5.82432432432432,10.0179436280032,-4.19361930367889
"separate_lasso_FL","min",1,2017,"Florida","FL","FL-604","Monroe County CoC",2016,2017,82.5019939071428,68.0981098516541,14.4038840554887
"separate_lasso_FL","min",1,2017,"Florida","FL","FL-605","West Palm Beach/Palm Beach County CoC",2016,2017,10.9294151572693,-2.73123420506135,13.6606493623306
"separate_lasso_FL","min",1,2017,"Florida","FL","FL-606","Naples/Collier County CoC",2016,2017,16.6631784006569,18.0525659446678,-1.3893875440109
"separate_lasso_FL","1se",1,2017,"Florida","FL","FL-500","Sarasota, Bradenton/Manatee, Sarasota Counties CoC",2016,2017,17.9710029732261,10.5971345866604,7.3738683865657
"separate_lasso_FL","1se",1,2017,"Florida","FL","FL-501","Tampa/Hillsborough County CoC",2016,2017,10.8569490080856,5.08023404425093,5.77671496383467
"separate_lasso_FL","1se",1,2017,"Florida","FL","FL-502","St. Petersburg, Clearwater, Largo/Pinellas County CoC",2016,2017,29.2355688750141,12.9808550714763,16.2547138035378
"separate_lasso_FL","1se",1,2017,"Florida","FL","FL-503","Lakeland/Polk County CoC",2016,2017,7.4704392384821,12.1466422879101,-4.67620304942803
"separate_lasso_FL","1se",1,2017,"Florida","FL","FL-504","Deltona, Daytona Beach/Volusia, Flagler Counties CoC",2016,2017,11.6227559051472,14.7552772708378,-3.13252136569063
"separate_lasso_FL","1se",1,2017,"Florida","FL","FL-505","Fort Walton Beach/Okaloosa, Walton Counties CoC",2016,2017,14.7698518226586,25.7215432969955,-10.9516914743369
"separate_lasso_FL","1se",1,2017,"Florida","FL","FL-506","Tallahassee/Leon County CoC",2016,2017,24.055135864484,21.8155350346854,2.23960082979855
"separate_lasso_FL","1se",1,2017,"Florida","FL","FL-507","Orlando/Orange, Osceola, Seminole Counties CoC",2016,2017,9.54728645772195,-3.29285241814617,12.8401388758681
"separate_lasso_FL","1se",1,2017,"Florida","FL","FL-508","Gainesville/Alachua, Putnam Counties CoC",2016,2017,18.2397039352823,24.6312143353786,-6.39151040009625
"separate_lasso_FL","1se",1,2017,"Florida","FL","FL-509","Fort Pierce/St. Lucie, Indian River, Martin Counties CoC",2016,2017,27.6189792777924,14.7130130411954,12.905966236597
"separate_lasso_FL","1se",1,2017,"Florida","FL","FL-510","Jacksonville-Duval, Clay Counties CoC",2016,2017,14.9887317337379,6.42810044349813,8.56063129023978
"separate_lasso_FL","1se",1,2017,"Florida","FL","FL-511","Pensacola/Escambia, Santa Rosa Counties CoC",2016,2017,15.555163370258,19.3263401922192,-3.77117682196122
"separate_lasso_FL","1se",1,2017,"Florida","FL","FL-512","St. Johns County CoC",2016,2017,18.2606804462992,26.9022939572545,-8.64161351095534
"separate_lasso_FL","1se",1,2017,"Florida","FL","FL-513","Palm Bay, Melbourne/Brevard County CoC",2016,2017,14.3763961692434,15.26657806258,-0.890181893336647
"separate_lasso_FL","1se",1,2017,"Florida","FL","FL-514","Ocala/Marion County CoC",2016,2017,20.5185388536222,22.6881333463015,-2.16959449267935
"separate_lasso_FL","1se",1,2017,"Florida","FL","FL-515","Panama City/Bay, Jackson Counties CoC",2016,2017,10.9257278128059,23.5832246157731,-12.6574968029672
"separate_lasso_FL","1se",1,2017,"Florida","FL","FL-517","Hendry, Hardee, Highlands Counties CoC",2016,2017,23.0577010449796,26.3700735584029,-3.31237251342328
"separate_lasso_FL","1se",1,2017,"Florida","FL","FL-518","Columbia, Hamilton, Lafayette, Suwannee Counties CoC",2016,2017,31.9153764256106,35.805603433868,-3.89022700825739
"separate_lasso_FL","1se",1,2017,"Florida","FL","FL-519","Pasco County CoC",2016,2017,49.3772148813366,16.7742642345143,32.6029506468223
"separate_lasso_FL","1se",1,2017,"Florida","FL","FL-520","Citrus, Hernando, Lake, Sumter Counties CoC",2016,2017,7.91231904464043,8.983723692253,-1.07140464761257
"separate_lasso_FL","1se",1,2017,"Florida","FL","FL-600","Miami-Dade County CoC",2016,2017,13.7139529612519,-1.97256573371278,15.6865186949647
"separate_lasso_FL","1se",1,2017,"Florida","FL","FL-601","Ft Lauderdale/Broward County CoC",2016,2017,12.6646665108999,-0.255150090719618,12.9198166016195
"separate_lasso_FL","1se",1,2017,"Florida","FL","FL-602","Charlotte County CoC",2016,2017,12.2299225438239,34.3937289537426,-22.1638064099187
"separate_lasso_FL","1se",1,2017,"Florida","FL","FL-603","Ft Myers, Cape Coral/Lee County CoC",2016,2017,5.82432432432432,12.7742694288495,-6.94994510452515
"separate_lasso_FL","1se",1,2017,"Florida","FL","FL-604","Monroe County CoC",2016,2017,82.5019939071428,56.5091671140379,25.992826793105
"separate_lasso_FL","1se",1,2017,"Florida","FL","FL-605","West Palm Beach/Palm Beach County CoC",2016,2017,10.9294151572693,2.85085300859235,8.07856214867695
"separate_lasso_FL","1se",1,2017,"Florida","FL","FL-606","Naples/Collier County CoC",2016,2017,16.6631784006569,20.7464124413059,-4.083234040649
"separate_state_lasso","min",1,2017,"California","CA","CA-500","San Jose/Santa Clara City & County CoC",2016,2017,38.2611215465897,16.7691389668079,21.4919825797818
"separate_state_lasso","min",1,2017,"California","CA","CA-501","San Francisco CoC",2016,2017,78.1057810578106,80.618225360827,-2.51244430301637
"separate_state_lasso","min",1,2017,"California","CA","CA-502","Oakland, Berkeley/Alameda County CoC",2016,2017,33.905635238249,17.7546842182314,16.1509510200176
"separate_state_lasso","min",1,2017,"California","CA","CA-503","Sacramento City & County CoC",2016,2017,23.9965795871279,24.7146501005678,-0.71807051343993
"separate_state_lasso","min",1,2017,"California","CA","CA-504","Santa Rosa, Petaluma/Sonoma County CoC",2016,2017,56.4213911704006,62.8403740259356,-6.41898285553501
"separate_state_lasso","min",1,2017,"California","CA","CA-505","Contra Costa County CoC",2016,2017,14.028379752692,-1.07727385558241,15.1056536082744
"separate_state_lasso","min",1,2017,"California","CA","CA-506","Salinas/Monterey, San Benito Counties CoC",2016,2017,68.0010834893208,51.1424789465833,16.8586045427375
"separate_state_lasso","min",1,2017,"California","CA","CA-507","Marin County CoC",2016,2017,43.0030529472683,42.5902127947074,0.412840152560861
"separate_state_lasso","min",1,2017,"California","CA","CA-508","Watsonville/Santa Cruz City & County CoC",2016,2017,81.8246645516198,72.9101081125398,8.91455643908002
"separate_state_lasso","min",1,2017,"California","CA","CA-509","Mendocino County CoC",2016,2017,141.362930483237,101.291422581688,40.0715079015486
"separate_state_lasso","min",1,2017,"California","CA","CA-510","Turlock, Modesto/Stanislaus County CoC",2016,2017,30.4928981471113,23.9030584219624,6.58983972514887
"separate_state_lasso","min",1,2017,"California","CA","CA-511","Stockton/San Joaquin County CoC",2016,2017,20.7454365421044,33.3251471603551,-12.5797106182507
"separate_state_lasso","min",1,2017,"California","CA","CA-512","Daly City/San Mateo County CoC",2016,2017,16.2959860892365,22.2527701918645,-5.95678410262798
"separate_state_lasso","min",1,2017,"California","CA","CA-513","Visalia/Kings, Tulare Counties CoC",2016,2017,13.9385234315893,14.9680137274957,-1.0294902959064
"separate_state_lasso","min",1,2017,"California","CA","CA-514","Fresno City & County/Madera County CoC",2016,2017,17.6739627286284,15.8375910121943,1.83637171643412
"separate_state_lasso","min",1,2017,"California","CA","CA-515","Roseville, Rocklin/Placer County CoC",2016,2017,25.420978149384,15.4259635794563,9.99501456992769
"separate_state_lasso","min",1,2017,"California","CA","CA-516","Redding/Shasta, Siskiyou, Lassen, Plumas, Del Norte, Modoc, Sierra Counties CoC",2016,2017,29.953658419255,25.2536713588398,4.69998706041519
"separate_state_lasso","min",1,2017,"California","CA","CA-517","Napa City & County CoC",2016,2017,22.519624243984,32.0849370513367,-9.56531280735274
"separate_state_lasso","min",1,2017,"California","CA","CA-518","Vallejo/Solano County CoC",2016,2017,27.7783414616548,21.5487540739191,6.22958738773573
"separate_state_lasso","min",1,2017,"California","CA","CA-519","Chico, Paradise/Butte County CoC",2016,2017,52.2527722391297,37.9786654730637,14.274106766066
"separate_state_lasso","min",1,2017,"California","CA","CA-520","Merced City & County CoC",2016,2017,16.7468350694957,19.5182272895845,-2.77139222008883
"separate_state_lasso","min",1,2017,"California","CA","CA-521","Davis, Woodland/Yolo County CoC",2016,2017,21.0090764702921,18.061867169145,2.94720930114709
"separate_state_lasso","min",1,2017,"California","CA","CA-522","Humboldt County CoC",2016,2017,55.6015442431524,63.1701297300909,-7.56858548693849
"separate_state_lasso","min",1,2017,"California","CA","CA-523","Colusa, Glenn, Trinity Counties CoC",2016,2017,28.2817245424306,9.22542073735768,19.0563038050729
"separate_state_lasso","min",1,2017,"California","CA","CA-524","Yuba City & County/Sutter County CoC",2016,2017,43.9860633630818,17.6559972227085,26.3300661403733
"separate_state_lasso","min",1,2017,"California","CA","CA-525","El Dorado County CoC",2016,2017,31.9060414778539,6.46123515119087,25.444806326663
"separate_state_lasso","min",1,2017,"California","CA","CA-526","Amador, Calaveras, Mariposa, Tuolumne Counties CoC",2016,2017,23.586118251928,24.9201533662311,-1.33403511430311
"separate_state_lasso","min",1,2017,"California","CA","CA-527","Tehama County CoC",2016,2017,19.4214293545507,23.8478562969319,-4.42642694238116
"separate_state_lasso","min",1,2017,"California","CA","CA-529","Lake County CoC",2016,2017,62.5477687136373,39.5339849308498,23.0137837827875
"separate_state_lasso","min",1,2017,"California","CA","CA-600","Los Angeles City & County CoC",2016,2017,56.4230733446126,41.1776189442467,15.2454544003659
"separate_state_lasso","min",1,2017,"California","CA","CA-601","San Diego City and County CoC",2016,2017,27.5800853718057,37.1846781446348,-9.60459277282914
"separate_state_lasso","min",1,2017,"California","CA","CA-602","Santa Ana, Anaheim/Orange County CoC",2016,2017,15.0962940047362,6.72613976611362,8.37015423862258
"separate_state_lasso","min",1,2017,"California","CA","CA-603","Santa Maria/Santa Barbara County CoC",2016,2017,41.7697811353296,62.3781565217243,-20.6083753863947
"separate_state_lasso","min",1,2017,"California","CA","CA-604","Bakersfield/Kern County CoC",2016,2017,9.12824165273013,18.9410286405881,-9.81278698785801
"separate_state_lasso","min",1,2017,"California","CA","CA-606","Long Beach CoC",2016,2017,39.5403102800944,54.5239775748534,-14.983667294759
"separate_state_lasso","min",1,2017,"California","CA","CA-607","Pasadena CoC",2016,2017,40.5970261817663,54.958451058176,-14.3614248764097
"separate_state_lasso","min",1,2017,"California","CA","CA-608","Riverside City & County CoC",2016,2017,9.9628814342574,8.13017196426494,1.83270946999246
"separate_state_lasso","min",1,2017,"California","CA","CA-609","San Bernardino City & County CoC",2016,2017,8.67525668950159,12.0785938554843,-3.40333716598275
"separate_state_lasso","min",1,2017,"California","CA","CA-611","Oxnard, San Buenaventura/Ventura County CoC",2016,2017,13.5682014124121,22.6340519268068,-9.06585051439465
"separate_state_lasso","min",1,2017,"California","CA","CA-612","Glendale CoC",2016,2017,8.55024115403616,23.7762348690512,-15.2259937150151
"separate_state_lasso","min",1,2017,"California","CA","CA-613","Imperial County CoC",2016,2017,63.5291138404285,18.0364780037183,45.4926358367102
"separate_state_lasso","min",1,2017,"California","CA","CA-614","San Luis Obispo County CoC",2016,2017,39.8256873913644,41.4281085215601,-1.60242113019567
"separate_state_lasso","min",1,2017,"Florida","FL","FL-500","Sarasota, Bradenton/Manatee, Sarasota Counties CoC",2016,2017,17.9710029732261,2.20007831664443,15.7709246565817
"separate_state_lasso","min",1,2017,"Florida","FL","FL-501","Tampa/Hillsborough County CoC",2016,2017,10.8569490080856,9.9862085113118,0.870740496773797
"separate_state_lasso","min",1,2017,"Florida","FL","FL-502","St. Petersburg, Clearwater, Largo/Pinellas County CoC",2016,2017,29.2355688750141,26.6090561425009,2.62651273251316
"separate_state_lasso","min",1,2017,"Florida","FL","FL-503","Lakeland/Polk County CoC",2016,2017,7.4704392384821,12.3759667610434,-4.90552752256128
"separate_state_lasso","min",1,2017,"Florida","FL","FL-504","Deltona, Daytona Beach/Volusia, Flagler Counties CoC",2016,2017,11.6227559051472,11.8929350637659,-0.270179158618706
"separate_state_lasso","min",1,2017,"Florida","FL","FL-505","Fort Walton Beach/Okaloosa, Walton Counties CoC",2016,2017,14.7698518226586,28.5649214230724,-13.7950696004138
"separate_state_lasso","min",1,2017,"Florida","FL","FL-506","Tallahassee/Leon County CoC",2016,2017,24.055135864484,18.5629445347896,5.49219132969436
"separate_state_lasso","min",1,2017,"Florida","FL","FL-507","Orlando/Orange, Osceola, Seminole Counties CoC",2016,2017,9.54728645772195,-7.35064561290893,16.8979320706309
"separate_state_lasso","min",1,2017,"Florida","FL","FL-508","Gainesville/Alachua, Putnam Counties CoC",2016,2017,18.2397039352823,21.5694241954044,-3.32972026012211
"separate_state_lasso","min",1,2017,"Florida","FL","FL-509","Fort Pierce/St. Lucie, Indian River, Martin Counties CoC",2016,2017,27.6189792777924,10.9156124012137,16.7033668765787
"separate_state_lasso","min",1,2017,"Florida","FL","FL-510","Jacksonville-Duval, Clay Counties CoC",2016,2017,14.9887317337379,6.84236956796362,8.14636216577428
"separate_state_lasso","min",1,2017,"Florida","FL","FL-511","Pensacola/Escambia, Santa Rosa Counties CoC",2016,2017,15.555163370258,22.3500387451639,-6.79487537490592
"separate_state_lasso","min",1,2017,"Florida","FL","FL-512","St. Johns County CoC",2016,2017,18.2606804462992,36.6864202860536,-18.4257398397544
"separate_state_lasso","min",1,2017,"Florida","FL","FL-513","Palm Bay, Melbourne/Brevard County CoC",2016,2017,14.3763961692434,10.7452291431599,3.63116702608349
"separate_state_lasso","min",1,2017,"Florida","FL","FL-514","Ocala/Marion County CoC",2016,2017,20.5185388536222,22.6904192134585,-2.17188035983633
"separate_state_lasso","min",1,2017,"Florida","FL","FL-515","Panama City/Bay, Jackson Counties CoC",2016,2017,10.9257278128059,23.6937372376408,-12.7680094248349
"separate_state_lasso","min",1,2017,"Florida","FL","FL-517","Hendry, Hardee, Highlands Counties CoC",2016,2017,23.0577010449796,35.4654760471665,-12.4077750021869
"separate_state_lasso","min",1,2017,"Florida","FL","FL-518","Columbia, Hamilton, Lafayette, Suwannee Counties CoC",2016,2017,31.9153764256106,49.5170779746906,-17.60170154908
"separate_state_lasso","min",1,2017,"Florida","FL","FL-519","Pasco County CoC",2016,2017,49.3772148813366,20.8771932170198,28.5000216643168
"separate_state_lasso","min",1,2017,"Florida","FL","FL-520","Citrus, Hernando, Lake, Sumter Counties CoC",2016,2017,7.91231904464043,1.10425023585333,6.8080688087871
"separate_state_lasso","min",1,2017,"Florida","FL","FL-600","Miami-Dade County CoC",2016,2017,13.7139529612519,5.9418686554857,7.7720843057662
"separate_state_lasso","min",1,2017,"Florida","FL","FL-601","Ft Lauderdale/Broward County CoC",2016,2017,12.6646665108999,4.75577947679242,7.90888703410748
"separate_state_lasso","min",1,2017,"Florida","FL","FL-602","Charlotte County CoC",2016,2017,12.2299225438239,34.5303815042512,-22.3004589604273
"separate_state_lasso","min",1,2017,"Florida","FL","FL-603","Ft Myers, Cape Coral/Lee County CoC",2016,2017,5.82432432432432,10.0179436280032,-4.19361930367889
"separate_state_lasso","min",1,2017,"Florida","FL","FL-604","Monroe County CoC",2016,2017,82.5019939071428,68.0981098516541,14.4038840554887
"separate_state_lasso","min",1,2017,"Florida","FL","FL-605","West Palm Beach/Palm Beach County CoC",2016,2017,10.9294151572693,-2.73123420506135,13.6606493623306
"separate_state_lasso","min",1,2017,"Florida","FL","FL-606","Naples/Collier County CoC",2016,2017,16.6631784006569,18.0525659446678,-1.3893875440109
"separate_state_lasso","1se",1,2017,"California","CA","CA-500","San Jose/Santa Clara City & County CoC",2016,2017,38.2611215465897,13.9930106517166,24.2681108948731
"separate_state_lasso","1se",1,2017,"California","CA","CA-501","San Francisco CoC",2016,2017,78.1057810578106,83.836663140225,-5.73088208241445
"separate_state_lasso","1se",1,2017,"California","CA","CA-502","Oakland, Berkeley/Alameda County CoC",2016,2017,33.905635238249,20.4200721464577,13.4855630917913
"separate_state_lasso","1se",1,2017,"California","CA","CA-503","Sacramento City & County CoC",2016,2017,23.9965795871279,26.5505851740267,-2.55400558689884
"separate_state_lasso","1se",1,2017,"California","CA","CA-504","Santa Rosa, Petaluma/Sonoma County CoC",2016,2017,56.4213911704006,54.440568611193,1.98082255920765
"separate_state_lasso","1se",1,2017,"California","CA","CA-505","Contra Costa County CoC",2016,2017,14.028379752692,6.65430549465182,7.37407425804018
"separate_state_lasso","1se",1,2017,"California","CA","CA-506","Salinas/Monterey, San Benito Counties CoC",2016,2017,68.0010834893208,41.4745880642235,26.5264954250973
"separate_state_lasso","1se",1,2017,"California","CA","CA-507","Marin County CoC",2016,2017,43.0030529472683,46.8264636800773,-3.82341073280901
"separate_state_lasso","1se",1,2017,"California","CA","CA-508","Watsonville/Santa Cruz City & County CoC",2016,2017,81.8246645516198,64.2056434550356,17.6190210965842
"separate_state_lasso","1se",1,2017,"California","CA","CA-509","Mendocino County CoC",2016,2017,141.362930483237,90.3550442681984,51.0078862150386
"separate_state_lasso","1se",1,2017,"California","CA","CA-510","Turlock, Modesto/Stanislaus County CoC",2016,2017,30.4928981471113,27.3439121648261,3.14898598228524
"separate_state_lasso","1se",1,2017,"California","CA","CA-511","Stockton/San Joaquin County CoC",2016,2017,20.7454365421044,36.6128464165709,-15.8674098744665
"separate_state_lasso","1se",1,2017,"California","CA","CA-512","Daly City/San Mateo County CoC",2016,2017,16.2959860892365,19.0084024961897,-2.71241640695325
"separate_state_lasso","1se",1,2017,"California","CA","CA-513","Visalia/Kings, Tulare Counties CoC",2016,2017,13.9385234315893,17.553620274752,-3.61509684316268
"separate_state_lasso","1se",1,2017,"California","CA","CA-514","Fresno City & County/Madera County CoC",2016,2017,17.6739627286284,20.5593103659099,-2.8853476372815
"separate_state_lasso","1se",1,2017,"California","CA","CA-515","Roseville, Rocklin/Placer County CoC",2016,2017,25.420978149384,21.2219625761004,4.19901557328355
"separate_state_lasso","1se",1,2017,"California","CA","CA-516","Redding/Shasta, Siskiyou, Lassen, Plumas, Del Norte, Modoc, Sierra Counties CoC",2016,2017,29.953658419255,33.1573372548245,-3.20367883556952
"separate_state_lasso","1se",1,2017,"California","CA","CA-517","Napa City & County CoC",2016,2017,22.519624243984,30.3637918055451,-7.84416756156108
"separate_state_lasso","1se",1,2017,"California","CA","CA-518","Vallejo/Solano County CoC",2016,2017,27.7783414616548,20.0552441148029,7.72309734685187
"separate_state_lasso","1se",1,2017,"California","CA","CA-519","Chico, Paradise/Butte County CoC",2016,2017,52.2527722391297,43.836724161166,8.41604807796374
"separate_state_lasso","1se",1,2017,"California","CA","CA-520","Merced City & County CoC",2016,2017,16.7468350694957,21.5999210762239,-4.85308600672823
"separate_state_lasso","1se",1,2017,"California","CA","CA-521","Davis, Woodland/Yolo County CoC",2016,2017,21.0090764702921,27.5947174082515,-6.5856409379594
"separate_state_lasso","1se",1,2017,"California","CA","CA-522","Humboldt County CoC",2016,2017,55.6015442431524,55.5184743855447,0.0830698576076472
"separate_state_lasso","1se",1,2017,"California","CA","CA-523","Colusa, Glenn, Trinity Counties CoC",2016,2017,28.2817245424306,18.2559790177835,10.0257455246471
"separate_state_lasso","1se",1,2017,"California","CA","CA-524","Yuba City & County/Sutter County CoC",2016,2017,43.9860633630818,22.5248966024035,21.4611667606783
"separate_state_lasso","1se",1,2017,"California","CA","CA-525","El Dorado County CoC",2016,2017,31.9060414778539,12.9738317174982,18.9322097603557
"separate_state_lasso","1se",1,2017,"California","CA","CA-526","Amador, Calaveras, Mariposa, Tuolumne Counties CoC",2016,2017,23.586118251928,30.1539363861196,-6.56781813419158
"separate_state_lasso","1se",1,2017,"California","CA","CA-527","Tehama County CoC",2016,2017,19.4214293545507,24.9208106308832,-5.49938127633247
"separate_state_lasso","1se",1,2017,"California","CA","CA-529","Lake County CoC",2016,2017,62.5477687136373,43.2030588790162,19.3447098346211
"separate_state_lasso","1se",1,2017,"California","CA","CA-600","Los Angeles City & County CoC",2016,2017,56.4230733446126,40.1044830012953,16.3185903433173
"separate_state_lasso","1se",1,2017,"California","CA","CA-601","San Diego City and County CoC",2016,2017,27.5800853718057,32.069091374316,-4.48900600251034
"separate_state_lasso","1se",1,2017,"California","CA","CA-602","Santa Ana, Anaheim/Orange County CoC",2016,2017,15.0962940047362,8.74646117009482,6.34983283464138
"separate_state_lasso","1se",1,2017,"California","CA","CA-603","Santa Maria/Santa Barbara County CoC",2016,2017,41.7697811353296,54.9446868580054,-13.1749057226758
"separate_state_lasso","1se",1,2017,"California","CA","CA-604","Bakersfield/Kern County CoC",2016,2017,9.12824165273013,20.1600094650556,-11.0317678123255
"separate_state_lasso","1se",1,2017,"California","CA","CA-606","Long Beach CoC",2016,2017,39.5403102800944,53.6627778026107,-14.1224675225163
"separate_state_lasso","1se",1,2017,"California","CA","CA-607","Pasadena CoC",2016,2017,40.5970261817663,52.7347784504707,-12.1377522687044
"separate_state_lasso","1se",1,2017,"California","CA","CA-608","Riverside City & County CoC",2016,2017,9.9628814342574,12.4360122200132,-2.47313078575583
"separate_state_lasso","1se",1,2017,"California","CA","CA-609","San Bernardino City & County CoC",2016,2017,8.67525668950159,13.6601168121835,-4.98486012268191
"separate_state_lasso","1se",1,2017,"California","CA","CA-611","Oxnard, San Buenaventura/Ventura County CoC",2016,2017,13.5682014124121,19.2424593564165,-5.67425794400443
"separate_state_lasso","1se",1,2017,"California","CA","CA-612","Glendale CoC",2016,2017,8.55024115403616,26.8252601351341,-18.2750189810979
"separate_state_lasso","1se",1,2017,"California","CA","CA-613","Imperial County CoC",2016,2017,63.5291138404285,23.8583377947788,39.6707760456497
"separate_state_lasso","1se",1,2017,"California","CA","CA-614","San Luis Obispo County CoC",2016,2017,39.8256873913644,35.2580655044325,4.56762188693192
"separate_state_lasso","1se",1,2017,"Florida","FL","FL-500","Sarasota, Bradenton/Manatee, Sarasota Counties CoC",2016,2017,17.9710029732261,10.5971345866604,7.3738683865657
"separate_state_lasso","1se",1,2017,"Florida","FL","FL-501","Tampa/Hillsborough County CoC",2016,2017,10.8569490080856,5.08023404425093,5.77671496383467
"separate_state_lasso","1se",1,2017,"Florida","FL","FL-502","St. Petersburg, Clearwater, Largo/Pinellas County CoC",2016,2017,29.2355688750141,12.9808550714763,16.2547138035378
"separate_state_lasso","1se",1,2017,"Florida","FL","FL-503","Lakeland/Polk County CoC",2016,2017,7.4704392384821,12.1466422879101,-4.67620304942803
"separate_state_lasso","1se",1,2017,"Florida","FL","FL-504","Deltona, Daytona Beach/Volusia, Flagler Counties CoC",2016,2017,11.6227559051472,14.7552772708378,-3.13252136569063
"separate_state_lasso","1se",1,2017,"Florida","FL","FL-505","Fort Walton Beach/Okaloosa, Walton Counties CoC",2016,2017,14.7698518226586,25.7215432969955,-10.9516914743369
"separate_state_lasso","1se",1,2017,"Florida","FL","FL-506","Tallahassee/Leon County CoC",2016,2017,24.055135864484,21.8155350346854,2.23960082979855
"separate_state_lasso","1se",1,2017,"Florida","FL","FL-507","Orlando/Orange, Osceola, Seminole Counties CoC",2016,2017,9.54728645772195,-3.29285241814617,12.8401388758681
"separate_state_lasso","1se",1,2017,"Florida","FL","FL-508","Gainesville/Alachua, Putnam Counties CoC",2016,2017,18.2397039352823,24.6312143353786,-6.39151040009625
"separate_state_lasso","1se",1,2017,"Florida","FL","FL-509","Fort Pierce/St. Lucie, Indian River, Martin Counties CoC",2016,2017,27.6189792777924,14.7130130411954,12.905966236597
"separate_state_lasso","1se",1,2017,"Florida","FL","FL-510","Jacksonville-Duval, Clay Counties CoC",2016,2017,14.9887317337379,6.42810044349813,8.56063129023978
"separate_state_lasso","1se",1,2017,"Florida","FL","FL-511","Pensacola/Escambia, Santa Rosa Counties CoC",2016,2017,15.555163370258,19.3263401922192,-3.77117682196122
"separate_state_lasso","1se",1,2017,"Florida","FL","FL-512","St. Johns County CoC",2016,2017,18.2606804462992,26.9022939572545,-8.64161351095534
"separate_state_lasso","1se",1,2017,"Florida","FL","FL-513","Palm Bay, Melbourne/Brevard County CoC",2016,2017,14.3763961692434,15.26657806258,-0.890181893336647
"separate_state_lasso","1se",1,2017,"Florida","FL","FL-514","Ocala/Marion County CoC",2016,2017,20.5185388536222,22.6881333463015,-2.16959449267935
"separate_state_lasso","1se",1,2017,"Florida","FL","FL-515","Panama City/Bay, Jackson Counties CoC",2016,2017,10.9257278128059,23.5832246157731,-12.6574968029672
"separate_state_lasso","1se",1,2017,"Florida","FL","FL-517","Hendry, Hardee, Highlands Counties CoC",2016,2017,23.0577010449796,26.3700735584029,-3.31237251342328
"separate_state_lasso","1se",1,2017,"Florida","FL","FL-518","Columbia, Hamilton, Lafayette, Suwannee Counties CoC",2016,2017,31.9153764256106,35.805603433868,-3.89022700825739
"separate_state_lasso","1se",1,2017,"Florida","FL","FL-519","Pasco County CoC",2016,2017,49.3772148813366,16.7742642345143,32.6029506468223
"separate_state_lasso","1se",1,2017,"Florida","FL","FL-520","Citrus, Hernando, Lake, Sumter Counties CoC",2016,2017,7.91231904464043,8.983723692253,-1.07140464761257
"separate_state_lasso","1se",1,2017,"Florida","FL","FL-600","Miami-Dade County CoC",2016,2017,13.7139529612519,-1.97256573371278,15.6865186949647
"separate_state_lasso","1se",1,2017,"Florida","FL","FL-601","Ft Lauderdale/Broward County CoC",2016,2017,12.6646665108999,-0.255150090719618,12.9198166016195
"separate_state_lasso","1se",1,2017,"Florida","FL","FL-602","Charlotte County CoC",2016,2017,12.2299225438239,34.3937289537426,-22.1638064099187
"separate_state_lasso","1se",1,2017,"Florida","FL","FL-603","Ft Myers, Cape Coral/Lee County CoC",2016,2017,5.82432432432432,12.7742694288495,-6.94994510452515
"separate_state_lasso","1se",1,2017,"Florida","FL","FL-604","Monroe County CoC",2016,2017,82.5019939071428,56.5091671140379,25.992826793105
"separate_state_lasso","1se",1,2017,"Florida","FL","FL-605","West Palm Beach/Palm Beach County CoC",2016,2017,10.9294151572693,2.85085300859235,8.07856214867695
"separate_state_lasso","1se",1,2017,"Florida","FL","FL-606","Naples/Collier County CoC",2016,2017,16.6631784006569,20.7464124413059,-4.083234040649
"state_time_baseline","none",2,2018,"California","CA","CA-500","San Jose/Santa Clara City & County CoC",2017,2018,37.5400357184073,29.3460124894901,8.19402322891724
"state_time_baseline","none",2,2018,"California","CA","CA-501","San Francisco CoC",2017,2018,77.8588752532088,29.3460124894901,48.5128627637187
"state_time_baseline","none",2,2018,"California","CA","CA-502","Oakland, Berkeley/Alameda County CoC",2017,2018,32.9742325811336,29.3460124894901,3.62822009164354
"state_time_baseline","none",2,2018,"California","CA","CA-503","Sacramento City & County CoC",2017,2018,23.5321489056673,29.3460124894901,-5.81386358382276
"state_time_baseline","none",2,2018,"California","CA","CA-504","Santa Rosa, Petaluma/Sonoma County CoC",2017,2018,60.0830654396031,29.3460124894901,30.737052950113
"state_time_baseline","none",2,2018,"California","CA","CA-505","Contra Costa County CoC",2017,2018,19.4173238338524,29.3460124894901,-9.92868865563766
"state_time_baseline","none",2,2018,"California","CA","CA-506","Salinas/Monterey, San Benito Counties CoC",2017,2018,66.5903673067335,29.3460124894901,37.2443548172434
"state_time_baseline","none",2,2018,"California","CA","CA-507","Marin County CoC",2017,2018,42.1702058830326,29.3460124894901,12.8241933935425
"state_time_baseline","none",2,2018,"California","CA","CA-508","Watsonville/Santa Cruz City & County CoC",2017,2018,84.7206955861248,29.3460124894901,55.3746830966347
"state_time_baseline","none",2,2018,"California","CA","CA-509","Mendocino County CoC",2017,2018,100.685346849578,29.3460124894901,71.3393343600879
"state_time_baseline","none",2,2018,"California","CA","CA-510","Turlock, Modesto/Stanislaus County CoC",2017,2018,24.7388374205931,29.3460124894901,-4.60717506889696
"state_time_baseline","none",2,2018,"California","CA","CA-511","Stockton/San Joaquin County CoC",2017,2018,22.3922943928897,29.3460124894901,-6.95371809660036
"state_time_baseline","none",2,2018,"California","CA","CA-512","Daly City/San Mateo County CoC",2017,2018,16.1055106084318,29.3460124894901,-13.2405018810583
"state_time_baseline","none",2,2018,"California","CA","CA-513","Visalia/Kings, Tulare Counties CoC",2017,2018,15.698791014512,29.3460124894901,-13.6472214749781
"state_time_baseline","none",2,2018,"California","CA","CA-514","Fresno City & County/Madera County CoC",2017,2018,18.6624328013147,29.3460124894901,-10.6835796881754
"state_time_baseline","none",2,2018,"California","CA","CA-515","Roseville, Rocklin/Placer County CoC",2017,2018,24.2143093824077,29.3460124894901,-5.13170310708236
"state_time_baseline","none",2,2018,"California","CA","CA-516","Redding/Shasta, Siskiyou, Lassen, Plumas, Del Norte, Modoc, Sierra Counties CoC",2017,2018,36.8086367349554,29.3460124894901,7.46262424546534
"state_time_baseline","none",2,2018,"California","CA","CA-517","Napa City & County CoC",2017,2018,23.2006859333232,29.3460124894901,-6.14532655616686
"state_time_baseline","none",2,2018,"California","CA","CA-518","Vallejo/Solano County CoC",2017,2018,25.3295193224522,29.3460124894901,-4.01649316703786
"state_time_baseline","none",2,2018,"California","CA","CA-519","Chico, Paradise/Butte County CoC",2017,2018,48.8410560087523,29.3460124894901,19.4950435192622
"state_time_baseline","none",2,2018,"California","CA","CA-520","Merced City & County CoC",2017,2018,18.7487917242687,29.3460124894901,-10.5972207652214
"state_time_baseline","none",2,2018,"California","CA","CA-521","Davis, Woodland/Yolo County CoC",2017,2018,20.3527199047783,29.3460124894901,-8.99329258471176
"state_time_baseline","none",2,2018,"California","CA","CA-522","Humboldt County CoC",2017,2018,51.5986025072664,29.3460124894901,22.2525900177763
"state_time_baseline","none",2,2018,"California","CA","CA-523","Colusa, Glenn, Trinity Counties CoC",2017,2018,43.2592975206612,29.3460124894901,13.9132850311711
"state_time_baseline","none",2,2018,"California","CA","CA-524","Yuba City & County/Sutter County CoC",2017,2018,43.9895345159714,29.3460124894901,14.6435220264813
"state_time_baseline","none",2,2018,"California","CA","CA-525","El Dorado County CoC",2017,2018,33.8146016168098,29.3460124894901,4.46858912731974
"state_time_baseline","none",2,2018,"California","CA","CA-526","Amador, Calaveras, Mariposa, Tuolumne Counties CoC",2017,2018,25.3672838522579,29.3460124894901,-3.97872863723216
"state_time_baseline","none",2,2018,"California","CA","CA-527","Tehama County CoC",2017,2018,19.5257583804555,29.3460124894901,-9.82025410903456
"state_time_baseline","none",2,2018,"California","CA","CA-529","Lake County CoC",2017,2018,95.6201315359858,29.3460124894901,66.2741190464957
"state_time_baseline","none",2,2018,"California","CA","CA-530","Alpine, Inyo, Mono Counties CoC",2017,2018,46.9525689335487,29.3460124894901,17.6065564440586
"state_time_baseline","none",2,2018,"California","CA","CA-600","Los Angeles City & County CoC",2017,2018,53.9062941493289,29.3460124894901,24.5602816598388
"state_time_baseline","none",2,2018,"California","CA","CA-601","San Diego City and County CoC",2017,2018,25.7239279022131,29.3460124894901,-3.62208458727696
"state_time_baseline","none",2,2018,"California","CA","CA-602","Santa Ana, Anaheim/Orange County CoC",2017,2018,15.6015180229807,29.3460124894901,-13.7444944665094
"state_time_baseline","none",2,2018,"California","CA","CA-603","Santa Maria/Santa Barbara County CoC",2017,2018,38.2699986540446,29.3460124894901,8.92398616455454
"state_time_baseline","none",2,2018,"California","CA","CA-604","Bakersfield/Kern County CoC",2017,2018,9.90200926872822,29.3460124894901,-19.4440032207618
"state_time_baseline","none",2,2018,"California","CA","CA-606","Long Beach CoC",2017,2018,39.8701635145064,29.3460124894901,10.5241510250163
"state_time_baseline","none",2,2018,"California","CA","CA-607","Pasadena CoC",2017,2018,47.94000412551,29.3460124894901,18.5939916360199
"state_time_baseline","none",2,2018,"California","CA","CA-608","Riverside City & County CoC",2017,2018,9.46933688883219,29.3460124894901,-19.8766756006579
"state_time_baseline","none",2,2018,"California","CA","CA-609","San Bernardino City & County CoC",2017,2018,9.77499511942524,29.3460124894901,-19.5710173700648
"state_time_baseline","none",2,2018,"California","CA","CA-611","Oxnard, San Buenaventura/Ventura County CoC",2017,2018,15.4219458534066,29.3460124894901,-13.9240666360835
"state_time_baseline","none",2,2018,"California","CA","CA-612","Glendale CoC",2017,2018,13.2716662426214,29.3460124894901,-16.0743462468687
"state_time_baseline","none",2,2018,"California","CA","CA-613","Imperial County CoC",2017,2018,82.2485304892493,29.3460124894901,52.9025179997592
"state_time_baseline","none",2,2018,"California","CA","CA-614","San Luis Obispo County CoC",2017,2018,38.6442400671951,29.3460124894901,9.29822757770504
"state_time_baseline","none",2,2018,"Florida","FL","FL-500","Sarasota, Bradenton/Manatee, Sarasota Counties CoC",2017,2018,14.5239035183913,21.0493086338702,-6.52540511547886
"state_time_baseline","none",2,2018,"Florida","FL","FL-501","Tampa/Hillsborough County CoC",2017,2018,12.3629486217895,21.0493086338702,-8.68636001208067
"state_time_baseline","none",2,2018,"Florida","FL","FL-502","St. Petersburg, Clearwater, Largo/Pinellas County CoC",2017,2018,26.8432097572807,21.0493086338702,5.79390112341054
"state_time_baseline","none",2,2018,"Florida","FL","FL-503","Lakeland/Polk County CoC",2017,2018,7.81209090896225,21.0493086338702,-13.2372177249079
"state_time_baseline","none",2,2018,"Florida","FL","FL-504","Deltona, Daytona Beach/Volusia, Flagler Counties CoC",2017,2018,10.3770058919515,21.0493086338702,-10.6723027419187
"state_time_baseline","none",2,2018,"Florida","FL","FL-505","Fort Walton Beach/Okaloosa, Walton Counties CoC",2017,2018,17.8271736546786,21.0493086338702,-3.22213497919157
"state_time_baseline","none",2,2018,"Florida","FL","FL-506","Tallahassee/Leon County CoC",2017,2018,20.3460220946386,21.0493086338702,-0.703286539231566
"state_time_baseline","none",2,2018,"Florida","FL","FL-507","Orlando/Orange, Osceola, Seminole Counties CoC",2017,2018,9.25559415684828,21.0493086338702,-11.7937144770219
"state_time_baseline","none",2,2018,"Florida","FL","FL-508","Gainesville/Alachua, Putnam Counties CoC",2017,2018,16.660466018682,21.0493086338702,-4.38884261518816
"state_time_baseline","none",2,2018,"Florida","FL","FL-509","Fort Pierce/St. Lucie, Indian River, Martin Counties CoC",2017,2018,24.1558758933131,21.0493086338702,3.10656725944294
"state_time_baseline","none",2,2018,"Florida","FL","FL-510","Jacksonville-Duval, Clay Counties CoC",2017,2018,14.1886011975508,21.0493086338702,-6.86070743631936
"state_time_baseline","none",2,2018,"Florida","FL","FL-511","Pensacola/Escambia, Santa Rosa Counties CoC",2017,2018,12.7831973770173,21.0493086338702,-8.26611125685286
"state_time_baseline","none",2,2018,"Florida","FL","FL-512","St. Johns County CoC",2017,2018,13.4744340343716,21.0493086338702,-7.57487459949857
"state_time_baseline","none",2,2018,"Florida","FL","FL-513","Palm Bay, Melbourne/Brevard County CoC",2017,2018,12.3319270904213,21.0493086338702,-8.71738154344887
"state_time_baseline","none",2,2018,"Florida","FL","FL-514","Ocala/Marion County CoC",2017,2018,15.9303964217879,21.0493086338702,-5.11891221208226
"state_time_baseline","none",2,2018,"Florida","FL","FL-515","Panama City/Bay, Jackson Counties CoC",2017,2018,12.3190537932016,21.0493086338702,-8.73025484066856
"state_time_baseline","none",2,2018,"Florida","FL","FL-517","Hendry, Hardee, Highlands Counties CoC",2017,2018,17.0207969340021,21.0493086338702,-4.02851169986807
"state_time_baseline","none",2,2018,"Florida","FL","FL-518","Columbia, Hamilton, Lafayette, Suwannee Counties CoC",2017,2018,31.2101270574233,21.0493086338702,10.1608184235531
"state_time_baseline","none",2,2018,"Florida","FL","FL-519","Pasco County CoC",2017,2018,49.4908085848374,21.0493086338702,28.4414999509672
"state_time_baseline","none",2,2018,"Florida","FL","FL-520","Citrus, Hernando, Lake, Sumter Counties CoC",2017,2018,8.63175197856509,21.0493086338702,-12.4175566553051
"state_time_baseline","none",2,2018,"Florida","FL","FL-600","Miami-Dade County CoC",2017,2018,12.950972685824,21.0493086338702,-8.09833594804616
"state_time_baseline","none",2,2018,"Florida","FL","FL-601","Ft Lauderdale/Broward County CoC",2017,2018,11.9109586471864,21.0493086338702,-9.13834998668377
"state_time_baseline","none",2,2018,"Florida","FL","FL-602","Charlotte County CoC",2017,2018,8.8721064219985,21.0493086338702,-12.1772022118717
"state_time_baseline","none",2,2018,"Florida","FL","FL-603","Ft Myers, Cape Coral/Lee County CoC",2017,2018,9.64915768685302,21.0493086338702,-11.4001509470171
"state_time_baseline","none",2,2018,"Florida","FL","FL-604","Monroe County CoC",2017,2018,130.155035648836,21.0493086338702,109.105727014966
"state_time_baseline","none",2,2018,"Florida","FL","FL-605","West Palm Beach/Palm Beach County CoC",2017,2018,8.82744073004081,21.0493086338702,-12.2218679038294
"state_time_baseline","none",2,2018,"Florida","FL","FL-606","Naples/Collier County CoC",2017,2018,17.2659511741111,21.0493086338702,-3.78335745975907
"pooled_lasso","min",2,2018,"California","CA","CA-500","San Jose/Santa Clara City & County CoC",2017,2018,37.5400357184073,23.1392469794085,14.4007887389988
"pooled_lasso","min",2,2018,"California","CA","CA-501","San Francisco CoC",2017,2018,77.8588752532088,97.1961427905142,-19.3372675373054
"pooled_lasso","min",2,2018,"California","CA","CA-502","Oakland, Berkeley/Alameda County CoC",2017,2018,32.9742325811336,20.631055011843,12.3431775692906
"pooled_lasso","min",2,2018,"California","CA","CA-503","Sacramento City & County CoC",2017,2018,23.5321489056673,29.4187525381383,-5.88660363247104
"pooled_lasso","min",2,2018,"California","CA","CA-504","Santa Rosa, Petaluma/Sonoma County CoC",2017,2018,60.0830654396031,49.5412195044663,10.5418459351367
"pooled_lasso","min",2,2018,"California","CA","CA-505","Contra Costa County CoC",2017,2018,19.4173238338524,16.558956189943,2.85836764390936
"pooled_lasso","min",2,2018,"California","CA","CA-506","Salinas/Monterey, San Benito Counties CoC",2017,2018,66.5903673067335,35.9179744106409,30.6723928960926
"pooled_lasso","min",2,2018,"California","CA","CA-507","Marin County CoC",2017,2018,42.1702058830326,38.1022698566459,4.06793602638671
"pooled_lasso","min",2,2018,"California","CA","CA-508","Watsonville/Santa Cruz City & County CoC",2017,2018,84.7206955861248,58.9159918069726,25.8047037791522
"pooled_lasso","min",2,2018,"California","CA","CA-509","Mendocino County CoC",2017,2018,100.685346849578,89.5866492921734,11.0986975574046
"pooled_lasso","min",2,2018,"California","CA","CA-510","Turlock, Modesto/Stanislaus County CoC",2017,2018,24.7388374205931,33.0181676845649,-8.2793302639718
"pooled_lasso","min",2,2018,"California","CA","CA-511","Stockton/San Joaquin County CoC",2017,2018,22.3922943928897,29.1870650482655,-6.79477065537584
"pooled_lasso","min",2,2018,"California","CA","CA-512","Daly City/San Mateo County CoC",2017,2018,16.1055106084318,18.1444968864436,-2.03898627801179
"pooled_lasso","min",2,2018,"California","CA","CA-513","Visalia/Kings, Tulare Counties CoC",2017,2018,15.698791014512,22.9667497384732,-7.26795872396115
"pooled_lasso","min",2,2018,"California","CA","CA-514","Fresno City & County/Madera County CoC",2017,2018,18.6624328013147,21.5708837047513,-2.90845090343656
"pooled_lasso","min",2,2018,"California","CA","CA-515","Roseville, Rocklin/Placer County CoC",2017,2018,24.2143093824077,27.3319187318569,-3.11760934944922
"pooled_lasso","min",2,2018,"California","CA","CA-516","Redding/Shasta, Siskiyou, Lassen, Plumas, Del Norte, Modoc, Sierra Counties CoC",2017,2018,36.8086367349554,36.3690830387176,0.43955369623783
"pooled_lasso","min",2,2018,"California","CA","CA-517","Napa City & County CoC",2017,2018,23.2006859333232,38.374460025886,-15.1737740925628
"pooled_lasso","min",2,2018,"California","CA","CA-518","Vallejo/Solano County CoC",2017,2018,25.3295193224522,27.3679029516595,-2.0383836292073
"pooled_lasso","min",2,2018,"California","CA","CA-519","Chico, Paradise/Butte County CoC",2017,2018,48.8410560087523,47.7094224610961,1.13163354765621
"pooled_lasso","min",2,2018,"California","CA","CA-520","Merced City & County CoC",2017,2018,18.7487917242687,27.2576499977205,-8.50885827345182
"pooled_lasso","min",2,2018,"California","CA","CA-521","Davis, Woodland/Yolo County CoC",2017,2018,20.3527199047783,23.0479799979558,-2.69526009317751
"pooled_lasso","min",2,2018,"California","CA","CA-522","Humboldt County CoC",2017,2018,51.5986025072664,50.281820588478,1.31678191878839
"pooled_lasso","min",2,2018,"California","CA","CA-523","Colusa, Glenn, Trinity Counties CoC",2017,2018,43.2592975206612,36.710622538046,6.54867498261522
"pooled_lasso","min",2,2018,"California","CA","CA-524","Yuba City & County/Sutter County CoC",2017,2018,43.9895345159714,30.2761787528273,13.7133557631441
"pooled_lasso","min",2,2018,"California","CA","CA-525","El Dorado County CoC",2017,2018,33.8146016168098,24.0632380362038,9.75136358060601
"pooled_lasso","min",2,2018,"California","CA","CA-526","Amador, Calaveras, Mariposa, Tuolumne Counties CoC",2017,2018,25.3672838522579,32.9903759345646,-7.62309208230669
"pooled_lasso","min",2,2018,"California","CA","CA-527","Tehama County CoC",2017,2018,19.5257583804555,38.5598691836452,-19.0341108031897
"pooled_lasso","min",2,2018,"California","CA","CA-529","Lake County CoC",2017,2018,95.6201315359858,35.6340631488278,59.986068387158
"pooled_lasso","min",2,2018,"California","CA","CA-530","Alpine, Inyo, Mono Counties CoC",2017,2018,46.9525689335487,39.2349567774583,7.71761215609035
"pooled_lasso","min",2,2018,"California","CA","CA-600","Los Angeles City & County CoC",2017,2018,53.9062941493289,18.0548893970655,35.8514047522633
"pooled_lasso","min",2,2018,"California","CA","CA-601","San Diego City and County CoC",2017,2018,25.7239279022131,19.006601615964,6.71732628624911
"pooled_lasso","min",2,2018,"California","CA","CA-602","Santa Ana, Anaheim/Orange County CoC",2017,2018,15.6015180229807,6.86691988122817,8.73459814175254
"pooled_lasso","min",2,2018,"California","CA","CA-603","Santa Maria/Santa Barbara County CoC",2017,2018,38.2699986540446,50.0885181602701,-11.8185195062255
"pooled_lasso","min",2,2018,"California","CA","CA-604","Bakersfield/Kern County CoC",2017,2018,9.90200926872822,29.7375506640046,-19.8355413952764
"pooled_lasso","min",2,2018,"California","CA","CA-606","Long Beach CoC",2017,2018,39.8701635145064,51.8050268084604,-11.934863293954
"pooled_lasso","min",2,2018,"California","CA","CA-607","Pasadena CoC",2017,2018,47.94000412551,56.8819509748898,-8.9419468493798
"pooled_lasso","min",2,2018,"California","CA","CA-608","Riverside City & County CoC",2017,2018,9.46933688883219,11.9449935980355,-2.47565670920333
"pooled_lasso","min",2,2018,"California","CA","CA-609","San Bernardino City & County CoC",2017,2018,9.77499511942524,15.0832230860901,-5.30822796666484
"pooled_lasso","min",2,2018,"California","CA","CA-611","Oxnard, San Buenaventura/Ventura County CoC",2017,2018,15.4219458534066,22.3324003675313,-6.9104545141247
"pooled_lasso","min",2,2018,"California","CA","CA-612","Glendale CoC",2017,2018,13.2716662426214,23.8935321499312,-10.6218659073098
"pooled_lasso","min",2,2018,"California","CA","CA-613","Imperial County CoC",2017,2018,82.2485304892493,26.6455173518931,55.6030131373562
"pooled_lasso","min",2,2018,"California","CA","CA-614","San Luis Obispo County CoC",2017,2018,38.6442400671951,39.6377089438266,-0.993468876631454
"pooled_lasso","min",2,2018,"Florida","FL","FL-500","Sarasota, Bradenton/Manatee, Sarasota Counties CoC",2017,2018,14.5239035183913,14.3030438108653,0.220859707525975
"pooled_lasso","min",2,2018,"Florida","FL","FL-501","Tampa/Hillsborough County CoC",2017,2018,12.3629486217895,9.3211815292067,3.0417670925828
"pooled_lasso","min",2,2018,"Florida","FL","FL-502","St. Petersburg, Clearwater, Largo/Pinellas County CoC",2017,2018,26.8432097572807,27.8140304948658,-0.970820737585132
"pooled_lasso","min",2,2018,"Florida","FL","FL-503","Lakeland/Polk County CoC",2017,2018,7.81209090896225,11.056443819771,-3.24435291080872
"pooled_lasso","min",2,2018,"Florida","FL","FL-504","Deltona, Daytona Beach/Volusia, Flagler Counties CoC",2017,2018,10.3770058919515,19.6044579788182,-9.22745208686667
"pooled_lasso","min",2,2018,"Florida","FL","FL-505","Fort Walton Beach/Okaloosa, Walton Counties CoC",2017,2018,17.8271736546786,27.4328899271925,-9.60571627251394
"pooled_lasso","min",2,2018,"Florida","FL","FL-506","Tallahassee/Leon County CoC",2017,2018,20.3460220946386,32.8187926792601,-12.4727705846215
"pooled_lasso","min",2,2018,"Florida","FL","FL-507","Orlando/Orange, Osceola, Seminole Counties CoC",2017,2018,9.25559415684828,1.07919264038248,8.1764015164658
"pooled_lasso","min",2,2018,"Florida","FL","FL-508","Gainesville/Alachua, Putnam Counties CoC",2017,2018,16.660466018682,27.8801285507638,-11.2196625320818
"pooled_lasso","min",2,2018,"Florida","FL","FL-509","Fort Pierce/St. Lucie, Indian River, Martin Counties CoC",2017,2018,24.1558758933131,13.1938940512334,10.9619818420797
"pooled_lasso","min",2,2018,"Florida","FL","FL-510","Jacksonville-Duval, Clay Counties CoC",2017,2018,14.1886011975508,16.4936267411848,-2.305025543634
"pooled_lasso","min",2,2018,"Florida","FL","FL-511","Pensacola/Escambia, Santa Rosa Counties CoC",2017,2018,12.7831973770173,30.680711709287,-17.8975143322697
"pooled_lasso","min",2,2018,"Florida","FL","FL-512","St. Johns County CoC",2017,2018,13.4744340343716,13.9637268747838,-0.489292840412192
"pooled_lasso","min",2,2018,"Florida","FL","FL-513","Palm Bay, Melbourne/Brevard County CoC",2017,2018,12.3319270904213,16.0530950672093,-3.72116797678803
"pooled_lasso","min",2,2018,"Florida","FL","FL-514","Ocala/Marion County CoC",2017,2018,15.9303964217879,21.3316625320259,-5.40126611023803
"pooled_lasso","min",2,2018,"Florida","FL","FL-515","Panama City/Bay, Jackson Counties CoC",2017,2018,12.3190537932016,22.1619473590383,-9.84289356583673
"pooled_lasso","min",2,2018,"Florida","FL","FL-517","Hendry, Hardee, Highlands Counties CoC",2017,2018,17.0207969340021,19.5904940383344,-2.56969710433225
"pooled_lasso","min",2,2018,"Florida","FL","FL-518","Columbia, Hamilton, Lafayette, Suwannee Counties CoC",2017,2018,31.2101270574233,34.5364578535181,-3.32633079609484
"pooled_lasso","min",2,2018,"Florida","FL","FL-519","Pasco County CoC",2017,2018,49.4908085848374,11.7339770236488,37.7568315611886
"pooled_lasso","min",2,2018,"Florida","FL","FL-520","Citrus, Hernando, Lake, Sumter Counties CoC",2017,2018,8.63175197856509,7.6827991249738,0.948952853591288
"pooled_lasso","min",2,2018,"Florida","FL","FL-600","Miami-Dade County CoC",2017,2018,12.950972685824,6.05740580012883,6.89356688569517
"pooled_lasso","min",2,2018,"Florida","FL","FL-601","Ft Lauderdale/Broward County CoC",2017,2018,11.9109586471864,7.19208946562332,4.71886918156308
"pooled_lasso","min",2,2018,"Florida","FL","FL-602","Charlotte County CoC",2017,2018,8.8721064219985,24.1469099419757,-15.2748035199772
"pooled_lasso","min",2,2018,"Florida","FL","FL-603","Ft Myers, Cape Coral/Lee County CoC",2017,2018,9.64915768685302,8.17334868449757,1.47580900235545
"pooled_lasso","min",2,2018,"Florida","FL","FL-604","Monroe County CoC",2017,2018,130.155035648836,85.0943743696334,45.0606612792026
"pooled_lasso","min",2,2018,"Florida","FL","FL-605","West Palm Beach/Palm Beach County CoC",2017,2018,8.82744073004081,2.74931960255426,6.07812112748655
"pooled_lasso","min",2,2018,"Florida","FL","FL-606","Naples/Collier County CoC",2017,2018,17.2659511741111,9.08140177202911,8.18454940208199
"pooled_lasso","1se",2,2018,"California","CA","CA-500","San Jose/Santa Clara City & County CoC",2017,2018,37.5400357184073,24.2987356046983,13.241300113709
"pooled_lasso","1se",2,2018,"California","CA","CA-501","San Francisco CoC",2017,2018,77.8588752532088,84.5613050720221,-6.70242981881333
"pooled_lasso","1se",2,2018,"California","CA","CA-502","Oakland, Berkeley/Alameda County CoC",2017,2018,32.9742325811336,23.0662691932852,9.9079633878484
"pooled_lasso","1se",2,2018,"California","CA","CA-503","Sacramento City & County CoC",2017,2018,23.5321489056673,24.937558315216,-1.40540940954871
"pooled_lasso","1se",2,2018,"California","CA","CA-504","Santa Rosa, Petaluma/Sonoma County CoC",2017,2018,60.0830654396031,36.6438851359485,23.4391803036546
"pooled_lasso","1se",2,2018,"California","CA","CA-505","Contra Costa County CoC",2017,2018,19.4173238338524,19.4647298993117,-0.0474060654592989
"pooled_lasso","1se",2,2018,"California","CA","CA-506","Salinas/Monterey, San Benito Counties CoC",2017,2018,66.5903673067335,28.2729228642275,38.317444442506
"pooled_lasso","1se",2,2018,"California","CA","CA-507","Marin County CoC",2017,2018,42.1702058830326,35.8159913067898,6.35421457624285
"pooled_lasso","1se",2,2018,"California","CA","CA-508","Watsonville/Santa Cruz City & County CoC",2017,2018,84.7206955861248,42.8552446636756,41.8654509224492
"pooled_lasso","1se",2,2018,"California","CA","CA-509","Mendocino County CoC",2017,2018,100.685346849578,60.9919429615793,39.6934038879987
"pooled_lasso","1se",2,2018,"California","CA","CA-510","Turlock, Modesto/Stanislaus County CoC",2017,2018,24.7388374205931,29.0835616585037,-4.34472423791064
"pooled_lasso","1se",2,2018,"California","CA","CA-511","Stockton/San Joaquin County CoC",2017,2018,22.3922943928897,26.8492834300912,-4.45698903720149
"pooled_lasso","1se",2,2018,"California","CA","CA-512","Daly City/San Mateo County CoC",2017,2018,16.1055106084318,23.0642980697195,-6.95878746128772
"pooled_lasso","1se",2,2018,"California","CA","CA-513","Visalia/Kings, Tulare Counties CoC",2017,2018,15.698791014512,20.8557404577598,-5.15694944324779
"pooled_lasso","1se",2,2018,"California","CA","CA-514","Fresno City & County/Madera County CoC",2017,2018,18.6624328013147,19.3995519702074,-0.737119168892718
"pooled_lasso","1se",2,2018,"California","CA","CA-515","Roseville, Rocklin/Placer County CoC",2017,2018,24.2143093824077,27.4557946228714,-3.24148524046367
"pooled_lasso","1se",2,2018,"California","CA","CA-516","Redding/Shasta, Siskiyou, Lassen, Plumas, Del Norte, Modoc, Sierra Counties CoC",2017,2018,36.8086367349554,34.0847756694805,2.72386106547494
"pooled_lasso","1se",2,2018,"California","CA","CA-517","Napa City & County CoC",2017,2018,23.2006859333232,32.8057265633363,-9.60504063001309
"pooled_lasso","1se",2,2018,"California","CA","CA-518","Vallejo/Solano County CoC",2017,2018,25.3295193224522,23.8792145062937,1.45030481615849
"pooled_lasso","1se",2,2018,"California","CA","CA-519","Chico, Paradise/Butte County CoC",2017,2018,48.8410560087523,40.5370693591932,8.30398664955906
"pooled_lasso","1se",2,2018,"California","CA","CA-520","Merced City & County CoC",2017,2018,18.7487917242687,25.8424425449246,-7.09365082065591
"pooled_lasso","1se",2,2018,"California","CA","CA-521","Davis, Woodland/Yolo County CoC",2017,2018,20.3527199047783,29.8610788920073,-9.50835898722903
"pooled_lasso","1se",2,2018,"California","CA","CA-522","Humboldt County CoC",2017,2018,51.5986025072664,41.7942823180792,9.80432018918724
"pooled_lasso","1se",2,2018,"California","CA","CA-523","Colusa, Glenn, Trinity Counties CoC",2017,2018,43.2592975206612,37.3772022774504,5.88209524321078
"pooled_lasso","1se",2,2018,"California","CA","CA-524","Yuba City & County/Sutter County CoC",2017,2018,43.9895345159714,31.7433061839786,12.2462283319928
"pooled_lasso","1se",2,2018,"California","CA","CA-525","El Dorado County CoC",2017,2018,33.8146016168098,27.0594427022631,6.75515891454669
"pooled_lasso","1se",2,2018,"California","CA","CA-526","Amador, Calaveras, Mariposa, Tuolumne Counties CoC",2017,2018,25.3672838522579,29.775700157018,-4.4084163047601
"pooled_lasso","1se",2,2018,"California","CA","CA-527","Tehama County CoC",2017,2018,19.5257583804555,33.3957963642447,-13.8700379837892
"pooled_lasso","1se",2,2018,"California","CA","CA-529","Lake County CoC",2017,2018,95.6201315359858,33.5080210900999,62.1121104458859
"pooled_lasso","1se",2,2018,"California","CA","CA-530","Alpine, Inyo, Mono Counties CoC",2017,2018,46.9525689335487,34.7184141714111,12.2341547621376
"pooled_lasso","1se",2,2018,"California","CA","CA-600","Los Angeles City & County CoC",2017,2018,53.9062941493289,15.8725332749828,38.033760874346
"pooled_lasso","1se",2,2018,"California","CA","CA-601","San Diego City and County CoC",2017,2018,25.7239279022131,15.550164265686,10.1737636365271
"pooled_lasso","1se",2,2018,"California","CA","CA-602","Santa Ana, Anaheim/Orange County CoC",2017,2018,15.6015180229807,11.832318525997,3.76919949698373
"pooled_lasso","1se",2,2018,"California","CA","CA-603","Santa Maria/Santa Barbara County CoC",2017,2018,38.2699986540446,37.3669199073947,0.903078746649918
"pooled_lasso","1se",2,2018,"California","CA","CA-604","Bakersfield/Kern County CoC",2017,2018,9.90200926872822,23.992832256606,-14.0908229878778
"pooled_lasso","1se",2,2018,"California","CA","CA-606","Long Beach CoC",2017,2018,39.8701635145064,44.2923309807372,-4.42216746623085
"pooled_lasso","1se",2,2018,"California","CA","CA-607","Pasadena CoC",2017,2018,47.94000412551,47.7221990698162,0.21780505569383
"pooled_lasso","1se",2,2018,"California","CA","CA-608","Riverside City & County CoC",2017,2018,9.46933688883219,10.6616537035133,-1.19231681468107
"pooled_lasso","1se",2,2018,"California","CA","CA-609","San Bernardino City & County CoC",2017,2018,9.77499511942524,11.651731095657,-1.87673597623175
"pooled_lasso","1se",2,2018,"California","CA","CA-611","Oxnard, San Buenaventura/Ventura County CoC",2017,2018,15.4219458534066,18.2480900633026,-2.82614420989596
"pooled_lasso","1se",2,2018,"California","CA","CA-612","Glendale CoC",2017,2018,13.2716662426214,29.3017272960892,-16.0300610534678
"pooled_lasso","1se",2,2018,"California","CA","CA-613","Imperial County CoC",2017,2018,82.2485304892493,29.5502890688115,52.6982414204378
"pooled_lasso","1se",2,2018,"California","CA","CA-614","San Luis Obispo County CoC",2017,2018,38.6442400671951,29.7594874951981,8.88475257199703
"pooled_lasso","1se",2,2018,"Florida","FL","FL-500","Sarasota, Bradenton/Manatee, Sarasota Counties CoC",2017,2018,14.5239035183913,17.8699173584779,-3.34601384008656
"pooled_lasso","1se",2,2018,"Florida","FL","FL-501","Tampa/Hillsborough County CoC",2017,2018,12.3629486217895,14.9563812408419,-2.59343261905237
"pooled_lasso","1se",2,2018,"Florida","FL","FL-502","St. Petersburg, Clearwater, Largo/Pinellas County CoC",2017,2018,26.8432097572807,27.0696764323087,-0.226466675027996
"pooled_lasso","1se",2,2018,"Florida","FL","FL-503","Lakeland/Polk County CoC",2017,2018,7.81209090896225,15.5085715012537,-7.69648059229146
"pooled_lasso","1se",2,2018,"Florida","FL","FL-504","Deltona, Daytona Beach/Volusia, Flagler Counties CoC",2017,2018,10.3770058919515,17.3570452618711,-6.98003936991956
"pooled_lasso","1se",2,2018,"Florida","FL","FL-505","Fort Walton Beach/Okaloosa, Walton Counties CoC",2017,2018,17.8271736546786,23.1496795965181,-5.32250594183948
"pooled_lasso","1se",2,2018,"Florida","FL","FL-506","Tallahassee/Leon County CoC",2017,2018,20.3460220946386,27.0005699903826,-6.65454789574396
"pooled_lasso","1se",2,2018,"Florida","FL","FL-507","Orlando/Orange, Osceola, Seminole Counties CoC",2017,2018,9.25559415684828,10.2909247257189,-1.03533056887059
"pooled_lasso","1se",2,2018,"Florida","FL","FL-508","Gainesville/Alachua, Putnam Counties CoC",2017,2018,16.660466018682,26.2516665797325,-9.59120056105054
"pooled_lasso","1se",2,2018,"Florida","FL","FL-509","Fort Pierce/St. Lucie, Indian River, Martin Counties CoC",2017,2018,24.1558758933131,15.3531825853666,8.80269330794648
"pooled_lasso","1se",2,2018,"Florida","FL","FL-510","Jacksonville-Duval, Clay Counties CoC",2017,2018,14.1886011975508,17.1220594724004,-2.93345827484956
"pooled_lasso","1se",2,2018,"Florida","FL","FL-511","Pensacola/Escambia, Santa Rosa Counties CoC",2017,2018,12.7831973770173,24.2122952050005,-11.4290978279832
"pooled_lasso","1se",2,2018,"Florida","FL","FL-512","St. Johns County CoC",2017,2018,13.4744340343716,20.4866621362817,-7.0122281019101
"pooled_lasso","1se",2,2018,"Florida","FL","FL-513","Palm Bay, Melbourne/Brevard County CoC",2017,2018,12.3319270904213,19.077841747307,-6.74591465688566
"pooled_lasso","1se",2,2018,"Florida","FL","FL-514","Ocala/Marion County CoC",2017,2018,15.9303964217879,21.6331250965085,-5.70272867472057
"pooled_lasso","1se",2,2018,"Florida","FL","FL-515","Panama City/Bay, Jackson Counties CoC",2017,2018,12.3190537932016,18.442385556018,-6.12333176281638
"pooled_lasso","1se",2,2018,"Florida","FL","FL-517","Hendry, Hardee, Highlands Counties CoC",2017,2018,17.0207969340021,21.2782039794101,-4.25740704540803
"pooled_lasso","1se",2,2018,"Florida","FL","FL-518","Columbia, Hamilton, Lafayette, Suwannee Counties CoC",2017,2018,31.2101270574233,27.0541678761993,4.155959181224
"pooled_lasso","1se",2,2018,"Florida","FL","FL-519","Pasco County CoC",2017,2018,49.4908085848374,15.6109128681246,33.8798957167128
"pooled_lasso","1se",2,2018,"Florida","FL","FL-520","Citrus, Hernando, Lake, Sumter Counties CoC",2017,2018,8.63175197856509,11.6135875548122,-2.98183557624708
"pooled_lasso","1se",2,2018,"Florida","FL","FL-600","Miami-Dade County CoC",2017,2018,12.950972685824,15.7836534137286,-2.83268072790461
"pooled_lasso","1se",2,2018,"Florida","FL","FL-601","Ft Lauderdale/Broward County CoC",2017,2018,11.9109586471864,12.1216174954909,-0.210658848304462
"pooled_lasso","1se",2,2018,"Florida","FL","FL-602","Charlotte County CoC",2017,2018,8.8721064219985,23.2903193236154,-14.4182129016169
"pooled_lasso","1se",2,2018,"Florida","FL","FL-603","Ft Myers, Cape Coral/Lee County CoC",2017,2018,9.64915768685302,14.0475443927613,-4.39838670590827
"pooled_lasso","1se",2,2018,"Florida","FL","FL-604","Monroe County CoC",2017,2018,130.155035648836,66.4833846927811,63.6716509560549
"pooled_lasso","1se",2,2018,"Florida","FL","FL-605","West Palm Beach/Palm Beach County CoC",2017,2018,8.82744073004081,10.3616648691488,-1.53422413910797
"pooled_lasso","1se",2,2018,"Florida","FL","FL-606","Naples/Collier County CoC",2017,2018,17.2659511741111,20.0173617254433,-2.75141055133219
"pooled_lasso_state_interactions","min",2,2018,"California","CA","CA-500","San Jose/Santa Clara City & County CoC",2017,2018,37.5400357184073,27.6832370875729,9.85679863083443
"pooled_lasso_state_interactions","min",2,2018,"California","CA","CA-501","San Francisco CoC",2017,2018,77.8588752532088,94.228117012929,-16.3692417597202
"pooled_lasso_state_interactions","min",2,2018,"California","CA","CA-502","Oakland, Berkeley/Alameda County CoC",2017,2018,32.9742325811336,23.6447760425361,9.32945653859752
"pooled_lasso_state_interactions","min",2,2018,"California","CA","CA-503","Sacramento City & County CoC",2017,2018,23.5321489056673,30.363958441938,-6.83180953627069
"pooled_lasso_state_interactions","min",2,2018,"California","CA","CA-504","Santa Rosa, Petaluma/Sonoma County CoC",2017,2018,60.0830654396031,61.510213852451,-1.42714841284795
"pooled_lasso_state_interactions","min",2,2018,"California","CA","CA-505","Contra Costa County CoC",2017,2018,19.4173238338524,12.271055170841,7.14626866301144
"pooled_lasso_state_interactions","min",2,2018,"California","CA","CA-506","Salinas/Monterey, San Benito Counties CoC",2017,2018,66.5903673067335,48.8348224712219,17.7555448355116
"pooled_lasso_state_interactions","min",2,2018,"California","CA","CA-507","Marin County CoC",2017,2018,42.1702058830326,39.4964568441574,2.67374903887524
"pooled_lasso_state_interactions","min",2,2018,"California","CA","CA-508","Watsonville/Santa Cruz City & County CoC",2017,2018,84.7206955861248,72.6342323124843,12.0864632736405
"pooled_lasso_state_interactions","min",2,2018,"California","CA","CA-509","Mendocino County CoC",2017,2018,100.685346849578,100.652664886915,0.0326819626629486
"pooled_lasso_state_interactions","min",2,2018,"California","CA","CA-510","Turlock, Modesto/Stanislaus County CoC",2017,2018,24.7388374205931,36.9286990402285,-12.1898616196354
"pooled_lasso_state_interactions","min",2,2018,"California","CA","CA-511","Stockton/San Joaquin County CoC",2017,2018,22.3922943928897,32.1195870017032,-9.7272926088135
"pooled_lasso_state_interactions","min",2,2018,"California","CA","CA-512","Daly City/San Mateo County CoC",2017,2018,16.1055106084318,19.0687736606122,-2.96326305218043
"pooled_lasso_state_interactions","min",2,2018,"California","CA","CA-513","Visalia/Kings, Tulare Counties CoC",2017,2018,15.698791014512,20.0879651574741,-4.38917414296212
"pooled_lasso_state_interactions","min",2,2018,"California","CA","CA-514","Fresno City & County/Madera County CoC",2017,2018,18.6624328013147,19.136850231791,-0.474417430476311
"pooled_lasso_state_interactions","min",2,2018,"California","CA","CA-515","Roseville, Rocklin/Placer County CoC",2017,2018,24.2143093824077,21.1614346058339,3.05287477657383
"pooled_lasso_state_interactions","min",2,2018,"California","CA","CA-516","Redding/Shasta, Siskiyou, Lassen, Plumas, Del Norte, Modoc, Sierra Counties CoC",2017,2018,36.8086367349554,41.1578424102502,-4.34920567529477
"pooled_lasso_state_interactions","min",2,2018,"California","CA","CA-517","Napa City & County CoC",2017,2018,23.2006859333232,40.9470889387788,-17.7464030054556
"pooled_lasso_state_interactions","min",2,2018,"California","CA","CA-518","Vallejo/Solano County CoC",2017,2018,25.3295193224522,25.2922105074368,0.0373088150153968
"pooled_lasso_state_interactions","min",2,2018,"California","CA","CA-519","Chico, Paradise/Butte County CoC",2017,2018,48.8410560087523,53.4479809052836,-4.60692489653128
"pooled_lasso_state_interactions","min",2,2018,"California","CA","CA-520","Merced City & County CoC",2017,2018,18.7487917242687,18.6074002619703,0.141391462298444
"pooled_lasso_state_interactions","min",2,2018,"California","CA","CA-521","Davis, Woodland/Yolo County CoC",2017,2018,20.3527199047783,18.3606311929333,1.99208871184495
"pooled_lasso_state_interactions","min",2,2018,"California","CA","CA-522","Humboldt County CoC",2017,2018,51.5986025072664,65.5759929526107,-13.9773904453443
"pooled_lasso_state_interactions","min",2,2018,"California","CA","CA-523","Colusa, Glenn, Trinity Counties CoC",2017,2018,43.2592975206612,28.978004347749,14.2812931729122
"pooled_lasso_state_interactions","min",2,2018,"California","CA","CA-524","Yuba City & County/Sutter County CoC",2017,2018,43.9895345159714,29.3715844163185,14.6179500996529
"pooled_lasso_state_interactions","min",2,2018,"California","CA","CA-525","El Dorado County CoC",2017,2018,33.8146016168098,14.5562864977692,19.2583151190406
"pooled_lasso_state_interactions","min",2,2018,"California","CA","CA-526","Amador, Calaveras, Mariposa, Tuolumne Counties CoC",2017,2018,25.3672838522579,23.192169687706,2.17511416455185
"pooled_lasso_state_interactions","min",2,2018,"California","CA","CA-527","Tehama County CoC",2017,2018,19.5257583804555,34.0510272885075,-14.525268908052
"pooled_lasso_state_interactions","min",2,2018,"California","CA","CA-529","Lake County CoC",2017,2018,95.6201315359858,31.1579590162807,64.4621725197051
"pooled_lasso_state_interactions","min",2,2018,"California","CA","CA-530","Alpine, Inyo, Mono Counties CoC",2017,2018,46.9525689335487,26.8423254064988,20.1102435270499
"pooled_lasso_state_interactions","min",2,2018,"California","CA","CA-600","Los Angeles City & County CoC",2017,2018,53.9062941493289,37.712642815018,16.1936513343109
"pooled_lasso_state_interactions","min",2,2018,"California","CA","CA-601","San Diego City and County CoC",2017,2018,25.7239279022131,30.2863771172411,-4.56244921502803
"pooled_lasso_state_interactions","min",2,2018,"California","CA","CA-602","Santa Ana, Anaheim/Orange County CoC",2017,2018,15.6015180229807,9.01646588027889,6.58505214270181
"pooled_lasso_state_interactions","min",2,2018,"California","CA","CA-603","Santa Maria/Santa Barbara County CoC",2017,2018,38.2699986540446,64.3425178016094,-26.0725191475648
"pooled_lasso_state_interactions","min",2,2018,"California","CA","CA-604","Bakersfield/Kern County CoC",2017,2018,9.90200926872822,25.7548729754358,-15.8528637067076
"pooled_lasso_state_interactions","min",2,2018,"California","CA","CA-606","Long Beach CoC",2017,2018,39.8701635145064,61.0052336181334,-21.135070103627
"pooled_lasso_state_interactions","min",2,2018,"California","CA","CA-607","Pasadena CoC",2017,2018,47.94000412551,67.1865506238951,-19.2465464983851
"pooled_lasso_state_interactions","min",2,2018,"California","CA","CA-608","Riverside City & County CoC",2017,2018,9.46933688883219,11.8050466622718,-2.33570977343964
"pooled_lasso_state_interactions","min",2,2018,"California","CA","CA-609","San Bernardino City & County CoC",2017,2018,9.77499511942524,16.4595192131816,-6.68452409375634
"pooled_lasso_state_interactions","min",2,2018,"California","CA","CA-611","Oxnard, San Buenaventura/Ventura County CoC",2017,2018,15.4219458534066,24.8447537104532,-9.4228078570466
"pooled_lasso_state_interactions","min",2,2018,"California","CA","CA-612","Glendale CoC",2017,2018,13.2716662426214,25.9132188131124,-12.641552570491
"pooled_lasso_state_interactions","min",2,2018,"California","CA","CA-613","Imperial County CoC",2017,2018,82.2485304892493,22.0053430405826,60.2431874486667
"pooled_lasso_state_interactions","min",2,2018,"California","CA","CA-614","San Luis Obispo County CoC",2017,2018,38.6442400671951,41.0593492844949,-2.41510921729978
"pooled_lasso_state_interactions","min",2,2018,"Florida","FL","FL-500","Sarasota, Bradenton/Manatee, Sarasota Counties CoC",2017,2018,14.5239035183913,13.6712438947129,0.852659623678409
"pooled_lasso_state_interactions","min",2,2018,"Florida","FL","FL-501","Tampa/Hillsborough County CoC",2017,2018,12.3629486217895,6.08941722786569,6.27353139392381
"pooled_lasso_state_interactions","min",2,2018,"Florida","FL","FL-502","St. Petersburg, Clearwater, Largo/Pinellas County CoC",2017,2018,26.8432097572807,14.5661161431192,12.2770936141615
"pooled_lasso_state_interactions","min",2,2018,"Florida","FL","FL-503","Lakeland/Polk County CoC",2017,2018,7.81209090896225,11.8675397404661,-4.05544883150389
"pooled_lasso_state_interactions","min",2,2018,"Florida","FL","FL-504","Deltona, Daytona Beach/Volusia, Flagler Counties CoC",2017,2018,10.3770058919515,20.3565956720561,-9.97958978010457
"pooled_lasso_state_interactions","min",2,2018,"Florida","FL","FL-505","Fort Walton Beach/Okaloosa, Walton Counties CoC",2017,2018,17.8271736546786,33.6413949378533,-15.8142212831747
"pooled_lasso_state_interactions","min",2,2018,"Florida","FL","FL-506","Tallahassee/Leon County CoC",2017,2018,20.3460220946386,30.7156528702611,-10.3696307756225
"pooled_lasso_state_interactions","min",2,2018,"Florida","FL","FL-507","Orlando/Orange, Osceola, Seminole Counties CoC",2017,2018,9.25559415684828,-5.39693395566457,14.6525281125129
"pooled_lasso_state_interactions","min",2,2018,"Florida","FL","FL-508","Gainesville/Alachua, Putnam Counties CoC",2017,2018,16.660466018682,25.3825006936833,-8.72203467500134
"pooled_lasso_state_interactions","min",2,2018,"Florida","FL","FL-509","Fort Pierce/St. Lucie, Indian River, Martin Counties CoC",2017,2018,24.1558758933131,19.3016917308017,4.85418416251138
"pooled_lasso_state_interactions","min",2,2018,"Florida","FL","FL-510","Jacksonville-Duval, Clay Counties CoC",2017,2018,14.1886011975508,12.4579667323691,1.73063446518173
"pooled_lasso_state_interactions","min",2,2018,"Florida","FL","FL-511","Pensacola/Escambia, Santa Rosa Counties CoC",2017,2018,12.7831973770173,29.2454126975504,-16.4622153205331
"pooled_lasso_state_interactions","min",2,2018,"Florida","FL","FL-512","St. Johns County CoC",2017,2018,13.4744340343716,35.6932062460138,-22.2187722116422
"pooled_lasso_state_interactions","min",2,2018,"Florida","FL","FL-513","Palm Bay, Melbourne/Brevard County CoC",2017,2018,12.3319270904213,11.5278075469547,0.804119543466564
"pooled_lasso_state_interactions","min",2,2018,"Florida","FL","FL-514","Ocala/Marion County CoC",2017,2018,15.9303964217879,26.5682238456241,-10.6378274238362
"pooled_lasso_state_interactions","min",2,2018,"Florida","FL","FL-515","Panama City/Bay, Jackson Counties CoC",2017,2018,12.3190537932016,31.4932906348623,-19.1742368416607
"pooled_lasso_state_interactions","min",2,2018,"Florida","FL","FL-517","Hendry, Hardee, Highlands Counties CoC",2017,2018,17.0207969340021,26.5724494233552,-9.55165248935311
"pooled_lasso_state_interactions","min",2,2018,"Florida","FL","FL-518","Columbia, Hamilton, Lafayette, Suwannee Counties CoC",2017,2018,31.2101270574233,44.0246123312222,-12.8144852737989
"pooled_lasso_state_interactions","min",2,2018,"Florida","FL","FL-519","Pasco County CoC",2017,2018,49.4908085848374,15.0879005248228,34.4029080600146
"pooled_lasso_state_interactions","min",2,2018,"Florida","FL","FL-520","Citrus, Hernando, Lake, Sumter Counties CoC",2017,2018,8.63175197856509,9.87130088075673,-1.23954890219164
"pooled_lasso_state_interactions","min",2,2018,"Florida","FL","FL-600","Miami-Dade County CoC",2017,2018,12.950972685824,11.149481414672,1.801491271152
"pooled_lasso_state_interactions","min",2,2018,"Florida","FL","FL-601","Ft Lauderdale/Broward County CoC",2017,2018,11.9109586471864,6.45271219023831,5.45824645694809
"pooled_lasso_state_interactions","min",2,2018,"Florida","FL","FL-602","Charlotte County CoC",2017,2018,8.8721064219985,34.327689174332,-25.4555827523335
"pooled_lasso_state_interactions","min",2,2018,"Florida","FL","FL-603","Ft Myers, Cape Coral/Lee County CoC",2017,2018,9.64915768685302,9.26854628043455,0.380611406418469
"pooled_lasso_state_interactions","min",2,2018,"Florida","FL","FL-604","Monroe County CoC",2017,2018,130.155035648836,85.2630020704914,44.8920335783446
"pooled_lasso_state_interactions","min",2,2018,"Florida","FL","FL-605","West Palm Beach/Palm Beach County CoC",2017,2018,8.82744073004081,0.706174361703398,8.12126636833741
"pooled_lasso_state_interactions","min",2,2018,"Florida","FL","FL-606","Naples/Collier County CoC",2017,2018,17.2659511741111,14.0035896182837,3.26236155582737
"pooled_lasso_state_interactions","1se",2,2018,"California","CA","CA-500","San Jose/Santa Clara City & County CoC",2017,2018,37.5400357184073,23.6147261555621,13.9253095628452
"pooled_lasso_state_interactions","1se",2,2018,"California","CA","CA-501","San Francisco CoC",2017,2018,77.8588752532088,96.1950660200975,-18.3361907668887
"pooled_lasso_state_interactions","1se",2,2018,"California","CA","CA-502","Oakland, Berkeley/Alameda County CoC",2017,2018,32.9742325811336,21.0238874565515,11.9503451245821
"pooled_lasso_state_interactions","1se",2,2018,"California","CA","CA-503","Sacramento City & County CoC",2017,2018,23.5321489056673,27.8770057225625,-4.34485681689523
"pooled_lasso_state_interactions","1se",2,2018,"California","CA","CA-504","Santa Rosa, Petaluma/Sonoma County CoC",2017,2018,60.0830654396031,48.085134190963,11.9979312486401
"pooled_lasso_state_interactions","1se",2,2018,"California","CA","CA-505","Contra Costa County CoC",2017,2018,19.4173238338524,15.582996557719,3.83432727613342
"pooled_lasso_state_interactions","1se",2,2018,"California","CA","CA-506","Salinas/Monterey, San Benito Counties CoC",2017,2018,66.5903673067335,34.8166589178975,31.773708388836
"pooled_lasso_state_interactions","1se",2,2018,"California","CA","CA-507","Marin County CoC",2017,2018,42.1702058830326,39.4282268306282,2.74197905240437
"pooled_lasso_state_interactions","1se",2,2018,"California","CA","CA-508","Watsonville/Santa Cruz City & County CoC",2017,2018,84.7206955861248,58.1315400320404,26.5891555540844
"pooled_lasso_state_interactions","1se",2,2018,"California","CA","CA-509","Mendocino County CoC",2017,2018,100.685346849578,86.2195869775795,14.4657598719985
"pooled_lasso_state_interactions","1se",2,2018,"California","CA","CA-510","Turlock, Modesto/Stanislaus County CoC",2017,2018,24.7388374205931,31.6556682653312,-6.91683084473811
"pooled_lasso_state_interactions","1se",2,2018,"California","CA","CA-511","Stockton/San Joaquin County CoC",2017,2018,22.3922943928897,28.2934543732324,-5.90115998034273
"pooled_lasso_state_interactions","1se",2,2018,"California","CA","CA-512","Daly City/San Mateo County CoC",2017,2018,16.1055106084318,18.4009329206793,-2.29542231224749
"pooled_lasso_state_interactions","1se",2,2018,"California","CA","CA-513","Visalia/Kings, Tulare Counties CoC",2017,2018,15.698791014512,21.2960855212264,-5.59729450671437
"pooled_lasso_state_interactions","1se",2,2018,"California","CA","CA-514","Fresno City & County/Madera County CoC",2017,2018,18.6624328013147,20.4735075346745,-1.81107473335975
"pooled_lasso_state_interactions","1se",2,2018,"California","CA","CA-515","Roseville, Rocklin/Placer County CoC",2017,2018,24.2143093824077,25.1853903100632,-0.971080927655546
"pooled_lasso_state_interactions","1se",2,2018,"California","CA","CA-516","Redding/Shasta, Siskiyou, Lassen, Plumas, Del Norte, Modoc, Sierra Counties CoC",2017,2018,36.8086367349554,36.7647205720324,0.0439161629230398
"pooled_lasso_state_interactions","1se",2,2018,"California","CA","CA-517","Napa City & County CoC",2017,2018,23.2006859333232,36.6805243215874,-13.4798383882642
"pooled_lasso_state_interactions","1se",2,2018,"California","CA","CA-518","Vallejo/Solano County CoC",2017,2018,25.3295193224522,24.3414214993481,0.988097823104084
"pooled_lasso_state_interactions","1se",2,2018,"California","CA","CA-519","Chico, Paradise/Butte County CoC",2017,2018,48.8410560087523,47.4615893794588,1.37946662929352
"pooled_lasso_state_interactions","1se",2,2018,"California","CA","CA-520","Merced City & County CoC",2017,2018,18.7487917242687,24.7205094418918,-5.97171771762306
"pooled_lasso_state_interactions","1se",2,2018,"California","CA","CA-521","Davis, Woodland/Yolo County CoC",2017,2018,20.3527199047783,24.5636227968022,-4.21090289202389
"pooled_lasso_state_interactions","1se",2,2018,"California","CA","CA-522","Humboldt County CoC",2017,2018,51.5986025072664,50.5490594336773,1.04954307358913
"pooled_lasso_state_interactions","1se",2,2018,"California","CA","CA-523","Colusa, Glenn, Trinity Counties CoC",2017,2018,43.2592975206612,35.18080646213,8.07849105853115
"pooled_lasso_state_interactions","1se",2,2018,"California","CA","CA-524","Yuba City & County/Sutter County CoC",2017,2018,43.9895345159714,28.9472221991319,15.0423123168395
"pooled_lasso_state_interactions","1se",2,2018,"California","CA","CA-525","El Dorado County CoC",2017,2018,33.8146016168098,22.0545394808334,11.7600621359764
"pooled_lasso_state_interactions","1se",2,2018,"California","CA","CA-526","Amador, Calaveras, Mariposa, Tuolumne Counties CoC",2017,2018,25.3672838522579,29.9592808328326,-4.59199698057469
"pooled_lasso_state_interactions","1se",2,2018,"California","CA","CA-527","Tehama County CoC",2017,2018,19.5257583804555,34.9541683101187,-15.4284099296632
"pooled_lasso_state_interactions","1se",2,2018,"California","CA","CA-529","Lake County CoC",2017,2018,95.6201315359858,33.9418151039356,61.6783164320502
"pooled_lasso_state_interactions","1se",2,2018,"California","CA","CA-530","Alpine, Inyo, Mono Counties CoC",2017,2018,46.9525689335487,33.1633050180267,13.789263915522
"pooled_lasso_state_interactions","1se",2,2018,"California","CA","CA-600","Los Angeles City & County CoC",2017,2018,53.9062941493289,20.9926056771261,32.9136884722028
"pooled_lasso_state_interactions","1se",2,2018,"California","CA","CA-601","San Diego City and County CoC",2017,2018,25.7239279022131,19.1707058335243,6.55322206868878
"pooled_lasso_state_interactions","1se",2,2018,"California","CA","CA-602","Santa Ana, Anaheim/Orange County CoC",2017,2018,15.6015180229807,6.56718441022634,9.03433361275436
"pooled_lasso_state_interactions","1se",2,2018,"California","CA","CA-603","Santa Maria/Santa Barbara County CoC",2017,2018,38.2699986540446,49.5895767106028,-11.3195780565582
"pooled_lasso_state_interactions","1se",2,2018,"California","CA","CA-604","Bakersfield/Kern County CoC",2017,2018,9.90200926872822,27.6272811655477,-17.7252718968195
"pooled_lasso_state_interactions","1se",2,2018,"California","CA","CA-606","Long Beach CoC",2017,2018,39.8701635145064,50.5037378672817,-10.6335743527753
"pooled_lasso_state_interactions","1se",2,2018,"California","CA","CA-607","Pasadena CoC",2017,2018,47.94000412551,55.6670138464204,-7.72700972091042
"pooled_lasso_state_interactions","1se",2,2018,"California","CA","CA-608","Riverside City & County CoC",2017,2018,9.46933688883219,10.0404211346846,-0.57108424585237
"pooled_lasso_state_interactions","1se",2,2018,"California","CA","CA-609","San Bernardino City & County CoC",2017,2018,9.77499511942524,13.0768940861929,-3.3018989667677
"pooled_lasso_state_interactions","1se",2,2018,"California","CA","CA-611","Oxnard, San Buenaventura/Ventura County CoC",2017,2018,15.4219458534066,19.9574326820618,-4.53548682865517
"pooled_lasso_state_interactions","1se",2,2018,"California","CA","CA-612","Glendale CoC",2017,2018,13.2716662426214,23.5622689954838,-10.2906027528624
"pooled_lasso_state_interactions","1se",2,2018,"California","CA","CA-613","Imperial County CoC",2017,2018,82.2485304892493,26.5193253780769,55.7292051111724
"pooled_lasso_state_interactions","1se",2,2018,"California","CA","CA-614","San Luis Obispo County CoC",2017,2018,38.6442400671951,36.9177613884207,1.72647867877438
"pooled_lasso_state_interactions","1se",2,2018,"Florida","FL","FL-500","Sarasota, Bradenton/Manatee, Sarasota Counties CoC",2017,2018,14.5239035183913,14.887621465992,-0.363717947600744
"pooled_lasso_state_interactions","1se",2,2018,"Florida","FL","FL-501","Tampa/Hillsborough County CoC",2017,2018,12.3629486217895,7.88194286815684,4.48100575363266
"pooled_lasso_state_interactions","1se",2,2018,"Florida","FL","FL-502","St. Petersburg, Clearwater, Largo/Pinellas County CoC",2017,2018,26.8432097572807,25.8437745092262,0.999435248054453
"pooled_lasso_state_interactions","1se",2,2018,"Florida","FL","FL-503","Lakeland/Polk County CoC",2017,2018,7.81209090896225,10.9377168415628,-3.12562593260054
"pooled_lasso_state_interactions","1se",2,2018,"Florida","FL","FL-504","Deltona, Daytona Beach/Volusia, Flagler Counties CoC",2017,2018,10.3770058919515,20.3706386606615,-9.99363276870999
"pooled_lasso_state_interactions","1se",2,2018,"Florida","FL","FL-505","Fort Walton Beach/Okaloosa, Walton Counties CoC",2017,2018,17.8271736546786,27.7263383542952,-9.89916469961659
"pooled_lasso_state_interactions","1se",2,2018,"Florida","FL","FL-506","Tallahassee/Leon County CoC",2017,2018,20.3460220946386,30.904315611091,-10.5582935164524
"pooled_lasso_state_interactions","1se",2,2018,"Florida","FL","FL-507","Orlando/Orange, Osceola, Seminole Counties CoC",2017,2018,9.25559415684828,0.319227631287314,8.93636652556097
"pooled_lasso_state_interactions","1se",2,2018,"Florida","FL","FL-508","Gainesville/Alachua, Putnam Counties CoC",2017,2018,16.660466018682,27.4790752743849,-10.8186092557029
"pooled_lasso_state_interactions","1se",2,2018,"Florida","FL","FL-509","Fort Pierce/St. Lucie, Indian River, Martin Counties CoC",2017,2018,24.1558758933131,15.3226046861114,8.83327120720167
"pooled_lasso_state_interactions","1se",2,2018,"Florida","FL","FL-510","Jacksonville-Duval, Clay Counties CoC",2017,2018,14.1886011975508,14.7476948387189,-0.559093641168065
"pooled_lasso_state_interactions","1se",2,2018,"Florida","FL","FL-511","Pensacola/Escambia, Santa Rosa Counties CoC",2017,2018,12.7831973770173,29.341372078836,-16.5581747018187
"pooled_lasso_state_interactions","1se",2,2018,"Florida","FL","FL-512","St. Johns County CoC",2017,2018,13.4744340343716,16.9647251553859,-3.49029112101425
"pooled_lasso_state_interactions","1se",2,2018,"Florida","FL","FL-513","Palm Bay, Melbourne/Brevard County CoC",2017,2018,12.3319270904213,17.144365944471,-4.81243885404968
"pooled_lasso_state_interactions","1se",2,2018,"Florida","FL","FL-514","Ocala/Marion County CoC",2017,2018,15.9303964217879,23.2632114968443,-7.33281507505641
"pooled_lasso_state_interactions","1se",2,2018,"Florida","FL","FL-515","Panama City/Bay, Jackson Counties CoC",2017,2018,12.3190537932016,23.5666699633141,-11.2476161701125
"pooled_lasso_state_interactions","1se",2,2018,"Florida","FL","FL-517","Hendry, Hardee, Highlands Counties CoC",2017,2018,17.0207969340021,21.9898967953095,-4.9690998613074
"pooled_lasso_state_interactions","1se",2,2018,"Florida","FL","FL-518","Columbia, Hamilton, Lafayette, Suwannee Counties CoC",2017,2018,31.2101270574233,36.2231432029732,-5.01301614554995
"pooled_lasso_state_interactions","1se",2,2018,"Florida","FL","FL-519","Pasco County CoC",2017,2018,49.4908085848374,12.7871034058581,36.7037051789793
"pooled_lasso_state_interactions","1se",2,2018,"Florida","FL","FL-520","Citrus, Hernando, Lake, Sumter Counties CoC",2017,2018,8.63175197856509,9.50546738121898,-0.873715402653893
"pooled_lasso_state_interactions","1se",2,2018,"Florida","FL","FL-600","Miami-Dade County CoC",2017,2018,12.950972685824,7.42456116668705,5.52641151913695
"pooled_lasso_state_interactions","1se",2,2018,"Florida","FL","FL-601","Ft Lauderdale/Broward County CoC",2017,2018,11.9109586471864,7.83626272771765,4.07469591946875
"pooled_lasso_state_interactions","1se",2,2018,"Florida","FL","FL-602","Charlotte County CoC",2017,2018,8.8721064219985,28.1134902414439,-19.2413838194454
"pooled_lasso_state_interactions","1se",2,2018,"Florida","FL","FL-603","Ft Myers, Cape Coral/Lee County CoC",2017,2018,9.64915768685302,9.01184147184934,0.637316215003677
"pooled_lasso_state_interactions","1se",2,2018,"Florida","FL","FL-604","Monroe County CoC",2017,2018,130.155035648836,83.5592261407636,46.5958095080724
"pooled_lasso_state_interactions","1se",2,2018,"Florida","FL","FL-605","West Palm Beach/Palm Beach County CoC",2017,2018,8.82744073004081,4.59746549411842,4.22997523592238
"pooled_lasso_state_interactions","1se",2,2018,"Florida","FL","FL-606","Naples/Collier County CoC",2017,2018,17.2659511741111,12.3425648965739,4.92338627753725
"separate_lasso_CA","min",2,2018,"California","CA","CA-500","San Jose/Santa Clara City & County CoC",2017,2018,37.5400357184073,31.0510454686239,6.48899024978338
"separate_lasso_CA","min",2,2018,"California","CA","CA-501","San Francisco CoC",2017,2018,77.8588752532088,91.7297367432354,-13.8708614900266
"separate_lasso_CA","min",2,2018,"California","CA","CA-502","Oakland, Berkeley/Alameda County CoC",2017,2018,32.9742325811336,26.1305242075755,6.84370837355812
"separate_lasso_CA","min",2,2018,"California","CA","CA-503","Sacramento City & County CoC",2017,2018,23.5321489056673,28.9460218252518,-5.4138729195845
"separate_lasso_CA","min",2,2018,"California","CA","CA-504","Santa Rosa, Petaluma/Sonoma County CoC",2017,2018,60.0830654396031,64.3695921692459,-4.28652672964282
"separate_lasso_CA","min",2,2018,"California","CA","CA-505","Contra Costa County CoC",2017,2018,19.4173238338524,9.04229828279067,10.3750255510617
"separate_lasso_CA","min",2,2018,"California","CA","CA-506","Salinas/Monterey, San Benito Counties CoC",2017,2018,66.5903673067335,52.6773162544781,13.9130510522553
"separate_lasso_CA","min",2,2018,"California","CA","CA-507","Marin County CoC",2017,2018,42.1702058830326,42.1957541439517,-0.0255482609191304
"separate_lasso_CA","min",2,2018,"California","CA","CA-508","Watsonville/Santa Cruz City & County CoC",2017,2018,84.7206955861248,76.5872127116675,8.13348287445726
"separate_lasso_CA","min",2,2018,"California","CA","CA-509","Mendocino County CoC",2017,2018,100.685346849578,101.711383694522,-1.02603684494369
"separate_lasso_CA","min",2,2018,"California","CA","CA-510","Turlock, Modesto/Stanislaus County CoC",2017,2018,24.7388374205931,34.0937966955199,-9.35495927492683
"separate_lasso_CA","min",2,2018,"California","CA","CA-511","Stockton/San Joaquin County CoC",2017,2018,22.3922943928897,30.3796772305042,-7.98738283761445
"separate_lasso_CA","min",2,2018,"California","CA","CA-512","Daly City/San Mateo County CoC",2017,2018,16.1055106084318,19.8259728454547,-3.7204622370229
"separate_lasso_CA","min",2,2018,"California","CA","CA-513","Visalia/Kings, Tulare Counties CoC",2017,2018,15.698791014512,17.6115441181182,-1.91275310360621
"separate_lasso_CA","min",2,2018,"California","CA","CA-514","Fresno City & County/Madera County CoC",2017,2018,18.6624328013147,15.9895751612773,2.67285764003739
"separate_lasso_CA","min",2,2018,"California","CA","CA-515","Roseville, Rocklin/Placer County CoC",2017,2018,24.2143093824077,15.3990458678378,8.81526351456988
"separate_lasso_CA","min",2,2018,"California","CA","CA-516","Redding/Shasta, Siskiyou, Lassen, Plumas, Del Norte, Modoc, Sierra Counties CoC",2017,2018,36.8086367349554,41.5612435667211,-4.75260683176572
"separate_lasso_CA","min",2,2018,"California","CA","CA-517","Napa City & County CoC",2017,2018,23.2006859333232,39.2167899791111,-16.0161040457879
"separate_lasso_CA","min",2,2018,"California","CA","CA-518","Vallejo/Solano County CoC",2017,2018,25.3295193224522,22.748313904776,2.58120541767622
"separate_lasso_CA","min",2,2018,"California","CA","CA-519","Chico, Paradise/Butte County CoC",2017,2018,48.8410560087523,53.3883604627887,-4.54730445403644
"separate_lasso_CA","min",2,2018,"California","CA","CA-520","Merced City & County CoC",2017,2018,18.7487917242687,14.1586903001135,4.59010142415516
"separate_lasso_CA","min",2,2018,"California","CA","CA-521","Davis, Woodland/Yolo County CoC",2017,2018,20.3527199047783,14.8040525665199,5.54866733825845
"separate_lasso_CA","min",2,2018,"California","CA","CA-522","Humboldt County CoC",2017,2018,51.5986025072664,74.6345733424922,-23.0359708352258
"separate_lasso_CA","min",2,2018,"California","CA","CA-523","Colusa, Glenn, Trinity Counties CoC",2017,2018,43.2592975206612,23.6074115721979,19.6518859484633
"separate_lasso_CA","min",2,2018,"California","CA","CA-524","Yuba City & County/Sutter County CoC",2017,2018,43.9895345159714,25.9822066924481,18.0073278235233
"separate_lasso_CA","min",2,2018,"California","CA","CA-525","El Dorado County CoC",2017,2018,33.8146016168098,10.8880787273294,22.9265228894804
"separate_lasso_CA","min",2,2018,"California","CA","CA-526","Amador, Calaveras, Mariposa, Tuolumne Counties CoC",2017,2018,25.3672838522579,23.9069771112108,1.46030674104711
"separate_lasso_CA","min",2,2018,"California","CA","CA-527","Tehama County CoC",2017,2018,19.5257583804555,31.2229067234166,-11.6971483429611
"separate_lasso_CA","min",2,2018,"California","CA","CA-529","Lake County CoC",2017,2018,95.6201315359858,35.1891140905405,60.4310174454453
"separate_lasso_CA","min",2,2018,"California","CA","CA-530","Alpine, Inyo, Mono Counties CoC",2017,2018,46.9525689335487,41.2961778750086,5.65639105854013
"separate_lasso_CA","min",2,2018,"California","CA","CA-600","Los Angeles City & County CoC",2017,2018,53.9062941493289,46.2996204311975,7.60667371813144
"separate_lasso_CA","min",2,2018,"California","CA","CA-601","San Diego City and County CoC",2017,2018,25.7239279022131,37.3848087402568,-11.6608808380437
"separate_lasso_CA","min",2,2018,"California","CA","CA-602","Santa Ana, Anaheim/Orange County CoC",2017,2018,15.6015180229807,10.8459635449542,4.75555447802646
"separate_lasso_CA","min",2,2018,"California","CA","CA-603","Santa Maria/Santa Barbara County CoC",2017,2018,38.2699986540446,68.6890602130072,-30.4190615589626
"separate_lasso_CA","min",2,2018,"California","CA","CA-604","Bakersfield/Kern County CoC",2017,2018,9.90200926872822,23.3369255551722,-13.434916286444
"separate_lasso_CA","min",2,2018,"California","CA","CA-606","Long Beach CoC",2017,2018,39.8701635145064,61.108916867143,-21.2387533526366
"separate_lasso_CA","min",2,2018,"California","CA","CA-607","Pasadena CoC",2017,2018,47.94000412551,67.2161365349003,-19.2761324093903
"separate_lasso_CA","min",2,2018,"California","CA","CA-608","Riverside City & County CoC",2017,2018,9.46933688883219,9.18971001154629,0.279626877285898
"separate_lasso_CA","min",2,2018,"California","CA","CA-609","San Bernardino City & County CoC",2017,2018,9.77499511942524,15.6749980235277,-5.90000290410243
"separate_lasso_CA","min",2,2018,"California","CA","CA-611","Oxnard, San Buenaventura/Ventura County CoC",2017,2018,15.4219458534066,21.8829581242291,-6.46101227082252
"separate_lasso_CA","min",2,2018,"California","CA","CA-612","Glendale CoC",2017,2018,13.2716662426214,25.7413251065848,-12.4696588639634
"separate_lasso_CA","min",2,2018,"California","CA","CA-613","Imperial County CoC",2017,2018,82.2485304892493,21.337542544535,60.9109879447143
"separate_lasso_CA","min",2,2018,"California","CA","CA-614","San Luis Obispo County CoC",2017,2018,38.6442400671951,42.1601466634646,-3.51590659626955
"separate_lasso_CA","1se",2,2018,"California","CA","CA-500","San Jose/Santa Clara City & County CoC",2017,2018,37.5400357184073,24.6386693482665,12.9013663701408
"separate_lasso_CA","1se",2,2018,"California","CA","CA-501","San Francisco CoC",2017,2018,77.8588752532088,91.5769534323854,-13.7180781791766
"separate_lasso_CA","1se",2,2018,"California","CA","CA-502","Oakland, Berkeley/Alameda County CoC",2017,2018,32.9742325811336,23.7331950749764,9.24103750615717
"separate_lasso_CA","1se",2,2018,"California","CA","CA-503","Sacramento City & County CoC",2017,2018,23.5321489056673,28.5697708074352,-5.0376219017679
"separate_lasso_CA","1se",2,2018,"California","CA","CA-504","Santa Rosa, Petaluma/Sonoma County CoC",2017,2018,60.0830654396031,55.4100434722554,4.67302196734771
"separate_lasso_CA","1se",2,2018,"California","CA","CA-505","Contra Costa County CoC",2017,2018,19.4173238338524,12.7430376900598,6.67428614379261
"separate_lasso_CA","1se",2,2018,"California","CA","CA-506","Salinas/Monterey, San Benito Counties CoC",2017,2018,66.5903673067335,43.0619396509324,23.5284276558011
"separate_lasso_CA","1se",2,2018,"California","CA","CA-507","Marin County CoC",2017,2018,42.1702058830326,44.4340655932854,-2.26385971025277
"separate_lasso_CA","1se",2,2018,"California","CA","CA-508","Watsonville/Santa Cruz City & County CoC",2017,2018,84.7206955861248,67.8952521555378,16.825443430587
"separate_lasso_CA","1se",2,2018,"California","CA","CA-509","Mendocino County CoC",2017,2018,100.685346849578,89.738972786274,10.946374063304
"separate_lasso_CA","1se",2,2018,"California","CA","CA-510","Turlock, Modesto/Stanislaus County CoC",2017,2018,24.7388374205931,33.6067604926252,-8.86792307203206
"separate_lasso_CA","1se",2,2018,"California","CA","CA-511","Stockton/San Joaquin County CoC",2017,2018,22.3922943928897,31.2335939393022,-8.8412995464125
"separate_lasso_CA","1se",2,2018,"California","CA","CA-512","Daly City/San Mateo County CoC",2017,2018,16.1055106084318,18.2572357248572,-2.15172511642535
"separate_lasso_CA","1se",2,2018,"California","CA","CA-513","Visalia/Kings, Tulare Counties CoC",2017,2018,15.698791014512,19.5048598764389,-3.80606886192694
"separate_lasso_CA","1se",2,2018,"California","CA","CA-514","Fresno City & County/Madera County CoC",2017,2018,18.6624328013147,20.4468799572894,-1.78444715597471
"separate_lasso_CA","1se",2,2018,"California","CA","CA-515","Roseville, Rocklin/Placer County CoC",2017,2018,24.2143093824077,20.5945246050569,3.61978477735076
"separate_lasso_CA","1se",2,2018,"California","CA","CA-516","Redding/Shasta, Siskiyou, Lassen, Plumas, Del Norte, Modoc, Sierra Counties CoC",2017,2018,36.8086367349554,46.8062403965494,-9.99760366159398
"separate_lasso_CA","1se",2,2018,"California","CA","CA-517","Napa City & County CoC",2017,2018,23.2006859333232,35.4949382370078,-12.2942523036846
"separate_lasso_CA","1se",2,2018,"California","CA","CA-518","Vallejo/Solano County CoC",2017,2018,25.3295193224522,19.6017769918102,5.72774233064204
"separate_lasso_CA","1se",2,2018,"California","CA","CA-519","Chico, Paradise/Butte County CoC",2017,2018,48.8410560087523,55.0123849488458,-6.17132894009355
"separate_lasso_CA","1se",2,2018,"California","CA","CA-520","Merced City & County CoC",2017,2018,18.7487917242687,17.1270271822994,1.62176454196928
"separate_lasso_CA","1se",2,2018,"California","CA","CA-521","Davis, Woodland/Yolo County CoC",2017,2018,20.3527199047783,24.3829793586941,-4.03025945391581
"separate_lasso_CA","1se",2,2018,"California","CA","CA-522","Humboldt County CoC",2017,2018,51.5986025072664,66.8636498551876,-15.2650473479212
"separate_lasso_CA","1se",2,2018,"California","CA","CA-523","Colusa, Glenn, Trinity Counties CoC",2017,2018,43.2592975206612,29.5812337045391,13.6780638161221
"separate_lasso_CA","1se",2,2018,"California","CA","CA-524","Yuba City & County/Sutter County CoC",2017,2018,43.9895345159714,27.9091718003678,16.0803627156036
"separate_lasso_CA","1se",2,2018,"California","CA","CA-525","El Dorado County CoC",2017,2018,33.8146016168098,17.2623532109366,16.5522484058732
"separate_lasso_CA","1se",2,2018,"California","CA","CA-526","Amador, Calaveras, Mariposa, Tuolumne Counties CoC",2017,2018,25.3672838522579,25.9056678074304,-0.538383955172456
"separate_lasso_CA","1se",2,2018,"California","CA","CA-527","Tehama County CoC",2017,2018,19.5257583804555,30.2569076174548,-10.7311492369993
"separate_lasso_CA","1se",2,2018,"California","CA","CA-529","Lake County CoC",2017,2018,95.6201315359858,35.9381602389952,59.6819712969906
"separate_lasso_CA","1se",2,2018,"California","CA","CA-530","Alpine, Inyo, Mono Counties CoC",2017,2018,46.9525689335487,21.5989939792804,25.3535749542683
"separate_lasso_CA","1se",2,2018,"California","CA","CA-600","Los Angeles City & County CoC",2017,2018,53.9062941493289,44.8747665713537,9.03152757797515
"separate_lasso_CA","1se",2,2018,"California","CA","CA-601","San Diego City and County CoC",2017,2018,25.7239279022131,30.9845679836466,-5.26064008143351
"separate_lasso_CA","1se",2,2018,"California","CA","CA-602","Santa Ana, Anaheim/Orange County CoC",2017,2018,15.6015180229807,11.6211321020329,3.98038592094781
"separate_lasso_CA","1se",2,2018,"California","CA","CA-603","Santa Maria/Santa Barbara County CoC",2017,2018,38.2699986540446,59.0856720630505,-20.8156734090059
"separate_lasso_CA","1se",2,2018,"California","CA","CA-604","Bakersfield/Kern County CoC",2017,2018,9.90200926872822,23.8195307616773,-13.9175214929491
"separate_lasso_CA","1se",2,2018,"California","CA","CA-606","Long Beach CoC",2017,2018,39.8701635145064,57.0116842756371,-17.1415207611307
"separate_lasso_CA","1se",2,2018,"California","CA","CA-607","Pasadena CoC",2017,2018,47.94000412551,61.6112914200427,-13.6712872945327
"separate_lasso_CA","1se",2,2018,"California","CA","CA-608","Riverside City & County CoC",2017,2018,9.46933688883219,12.101516692685,-2.63217980385284
"separate_lasso_CA","1se",2,2018,"California","CA","CA-609","San Bernardino City & County CoC",2017,2018,9.77499511942524,15.231923904983,-5.45692878555775
"separate_lasso_CA","1se",2,2018,"California","CA","CA-611","Oxnard, San Buenaventura/Ventura County CoC",2017,2018,15.4219458534066,19.1406741791009,-3.71872832569427
"separate_lasso_CA","1se",2,2018,"California","CA","CA-612","Glendale CoC",2017,2018,13.2716662426214,27.6057143431885,-14.3340481005671
"separate_lasso_CA","1se",2,2018,"California","CA","CA-613","Imperial County CoC",2017,2018,82.2485304892493,24.3729163481241,57.8756141411252
"separate_lasso_CA","1se",2,2018,"California","CA","CA-614","San Luis Obispo County CoC",2017,2018,38.6442400671951,36.0729779179443,2.57126214925084
"separate_lasso_FL","min",2,2018,"Florida","FL","FL-500","Sarasota, Bradenton/Manatee, Sarasota Counties CoC",2017,2018,14.5239035183913,5.48364865810714,9.04025486028416
"separate_lasso_FL","min",2,2018,"Florida","FL","FL-501","Tampa/Hillsborough County CoC",2017,2018,12.3629486217895,6.17550109847399,6.18744752331551
"separate_lasso_FL","min",2,2018,"Florida","FL","FL-502","St. Petersburg, Clearwater, Largo/Pinellas County CoC",2017,2018,26.8432097572807,25.9011874696361,0.942022287644594
"separate_lasso_FL","min",2,2018,"Florida","FL","FL-503","Lakeland/Polk County CoC",2017,2018,7.81209090896225,9.67275291797514,-1.86066200901289
"separate_lasso_FL","min",2,2018,"Florida","FL","FL-504","Deltona, Daytona Beach/Volusia, Flagler Counties CoC",2017,2018,10.3770058919515,6.21080830193578,4.16619759001572
"separate_lasso_FL","min",2,2018,"Florida","FL","FL-505","Fort Walton Beach/Okaloosa, Walton Counties CoC",2017,2018,17.8271736546786,27.9284724152298,-10.1012987605512
"separate_lasso_FL","min",2,2018,"Florida","FL","FL-506","Tallahassee/Leon County CoC",2017,2018,20.3460220946386,17.365874939595,2.98014715504359
"separate_lasso_FL","min",2,2018,"Florida","FL","FL-507","Orlando/Orange, Osceola, Seminole Counties CoC",2017,2018,9.25559415684828,-9.77798611536327,19.0335802722115
"separate_lasso_FL","min",2,2018,"Florida","FL","FL-508","Gainesville/Alachua, Putnam Counties CoC",2017,2018,16.660466018682,20.7130426196077,-4.0525766009257
"separate_lasso_FL","min",2,2018,"Florida","FL","FL-509","Fort Pierce/St. Lucie, Indian River, Martin Counties CoC",2017,2018,24.1558758933131,12.2279204216684,11.9279554716447
"separate_lasso_FL","min",2,2018,"Florida","FL","FL-510","Jacksonville-Duval, Clay Counties CoC",2017,2018,14.1886011975508,2.62344935462978,11.565151842921
"separate_lasso_FL","min",2,2018,"Florida","FL","FL-511","Pensacola/Escambia, Santa Rosa Counties CoC",2017,2018,12.7831973770173,17.719224105219,-4.93602672820174
"separate_lasso_FL","min",2,2018,"Florida","FL","FL-512","St. Johns County CoC",2017,2018,13.4744340343716,27.4668688671542,-13.9924348327826
"separate_lasso_FL","min",2,2018,"Florida","FL","FL-513","Palm Bay, Melbourne/Brevard County CoC",2017,2018,12.3319270904213,9.50497487056071,2.82695221986059
"separate_lasso_FL","min",2,2018,"Florida","FL","FL-514","Ocala/Marion County CoC",2017,2018,15.9303964217879,18.2323642659919,-2.30196784420396
"separate_lasso_FL","min",2,2018,"Florida","FL","FL-515","Panama City/Bay, Jackson Counties CoC",2017,2018,12.3190537932016,20.1613521173405,-7.84229832413892
"separate_lasso_FL","min",2,2018,"Florida","FL","FL-517","Hendry, Hardee, Highlands Counties CoC",2017,2018,17.0207969340021,30.6866489464323,-13.6658520124302
"separate_lasso_FL","min",2,2018,"Florida","FL","FL-518","Columbia, Hamilton, Lafayette, Suwannee Counties CoC",2017,2018,31.2101270574233,40.676872972328,-9.4667459149047
"separate_lasso_FL","min",2,2018,"Florida","FL","FL-519","Pasco County CoC",2017,2018,49.4908085848374,16.3288471481321,33.1619614367053
"separate_lasso_FL","min",2,2018,"Florida","FL","FL-520","Citrus, Hernando, Lake, Sumter Counties CoC",2017,2018,8.63175197856509,-1.5060871212979,10.137839099863
"separate_lasso_FL","min",2,2018,"Florida","FL","FL-600","Miami-Dade County CoC",2017,2018,12.950972685824,5.83490160035517,7.11607108546883
"separate_lasso_FL","min",2,2018,"Florida","FL","FL-601","Ft Lauderdale/Broward County CoC",2017,2018,11.9109586471864,1.42491006964274,10.4860485775437
"separate_lasso_FL","min",2,2018,"Florida","FL","FL-602","Charlotte County CoC",2017,2018,8.8721064219985,30.2279030322162,-21.3557966102177
"separate_lasso_FL","min",2,2018,"Florida","FL","FL-603","Ft Myers, Cape Coral/Lee County CoC",2017,2018,9.64915768685302,8.40068823322367,1.24846945362935
"separate_lasso_FL","min",2,2018,"Florida","FL","FL-604","Monroe County CoC",2017,2018,130.155035648836,66.2708318010036,63.8842038478324
"separate_lasso_FL","min",2,2018,"Florida","FL","FL-605","West Palm Beach/Palm Beach County CoC",2017,2018,8.82744073004081,-2.6314783974526,11.4589191274934
"separate_lasso_FL","min",2,2018,"Florida","FL","FL-606","Naples/Collier County CoC",2017,2018,17.2659511741111,10.996403508328,6.26954766578309
"separate_lasso_FL","1se",2,2018,"Florida","FL","FL-500","Sarasota, Bradenton/Manatee, Sarasota Counties CoC",2017,2018,14.5239035183913,8.93673311455235,5.58717040383895
"separate_lasso_FL","1se",2,2018,"Florida","FL","FL-501","Tampa/Hillsborough County CoC",2017,2018,12.3629486217895,3.59136320681922,8.77158541497028
"separate_lasso_FL","1se",2,2018,"Florida","FL","FL-502","St. Petersburg, Clearwater, Largo/Pinellas County CoC",2017,2018,26.8432097572807,12.5355749718521,14.3076347854286
"separate_lasso_FL","1se",2,2018,"Florida","FL","FL-503","Lakeland/Polk County CoC",2017,2018,7.81209090896225,9.69144205781072,-1.87935114884847
"separate_lasso_FL","1se",2,2018,"Florida","FL","FL-504","Deltona, Daytona Beach/Volusia, Flagler Counties CoC",2017,2018,10.3770058919515,11.9892523697926,-1.61224647784115
"separate_lasso_FL","1se",2,2018,"Florida","FL","FL-505","Fort Walton Beach/Okaloosa, Walton Counties CoC",2017,2018,17.8271736546786,24.3759132987125,-6.54873964403393
"separate_lasso_FL","1se",2,2018,"Florida","FL","FL-506","Tallahassee/Leon County CoC",2017,2018,20.3460220946386,19.7977040643414,0.548318030297175
"separate_lasso_FL","1se",2,2018,"Florida","FL","FL-507","Orlando/Orange, Osceola, Seminole Counties CoC",2017,2018,9.25559415684828,-4.56359628604817,13.8191904428965
"separate_lasso_FL","1se",2,2018,"Florida","FL","FL-508","Gainesville/Alachua, Putnam Counties CoC",2017,2018,16.660466018682,22.0439453351016,-5.3834793164196
"separate_lasso_FL","1se",2,2018,"Florida","FL","FL-509","Fort Pierce/St. Lucie, Indian River, Martin Counties CoC",2017,2018,24.1558758933131,11.663825663263,12.4920502300501
"separate_lasso_FL","1se",2,2018,"Florida","FL","FL-510","Jacksonville-Duval, Clay Counties CoC",2017,2018,14.1886011975508,4.85002165820113,9.33857953934967
"separate_lasso_FL","1se",2,2018,"Florida","FL","FL-511","Pensacola/Escambia, Santa Rosa Counties CoC",2017,2018,12.7831973770173,17.0690462244272,-4.28584884740987
"separate_lasso_FL","1se",2,2018,"Florida","FL","FL-512","St. Johns County CoC",2017,2018,13.4744340343716,21.8688923332924,-8.39445829892076
"separate_lasso_FL","1se",2,2018,"Florida","FL","FL-513","Palm Bay, Melbourne/Brevard County CoC",2017,2018,12.3319270904213,12.3082875521385,0.0236395382828327
"separate_lasso_FL","1se",2,2018,"Florida","FL","FL-514","Ocala/Marion County CoC",2017,2018,15.9303964217879,19.261360101296,-3.33096367950814
"separate_lasso_FL","1se",2,2018,"Florida","FL","FL-515","Panama City/Bay, Jackson Counties CoC",2017,2018,12.3190537932016,19.3060843637921,-6.98703057059048
"separate_lasso_FL","1se",2,2018,"Florida","FL","FL-517","Hendry, Hardee, Highlands Counties CoC",2017,2018,17.0207969340021,23.40669774846,-6.38590081445795
"separate_lasso_FL","1se",2,2018,"Florida","FL","FL-518","Columbia, Hamilton, Lafayette, Suwannee Counties CoC",2017,2018,31.2101270574233,31.0411169323419,0.169010125081403
"separate_lasso_FL","1se",2,2018,"Florida","FL","FL-519","Pasco County CoC",2017,2018,49.4908085848374,13.0029889082037,36.4878196766337
"separate_lasso_FL","1se",2,2018,"Florida","FL","FL-520","Citrus, Hernando, Lake, Sumter Counties CoC",2017,2018,8.63175197856509,6.00386113556653,2.62789084299856
"separate_lasso_FL","1se",2,2018,"Florida","FL","FL-600","Miami-Dade County CoC",2017,2018,12.950972685824,-1.72053267288403,14.671505358708
"separate_lasso_FL","1se",2,2018,"Florida","FL","FL-601","Ft Lauderdale/Broward County CoC",2017,2018,11.9109586471864,-1.50958522547634,13.4205438726627
"separate_lasso_FL","1se",2,2018,"Florida","FL","FL-602","Charlotte County CoC",2017,2018,8.8721064219985,27.5519717377388,-18.6798653157403
"separate_lasso_FL","1se",2,2018,"Florida","FL","FL-603","Ft Myers, Cape Coral/Lee County CoC",2017,2018,9.64915768685302,9.13596098875713,0.513196698095893
"separate_lasso_FL","1se",2,2018,"Florida","FL","FL-604","Monroe County CoC",2017,2018,130.155035648836,55.5838310364519,74.5712046123841
"separate_lasso_FL","1se",2,2018,"Florida","FL","FL-605","West Palm Beach/Palm Beach County CoC",2017,2018,8.82744073004081,0.507783400821001,8.31965732921981
"separate_lasso_FL","1se",2,2018,"Florida","FL","FL-606","Naples/Collier County CoC",2017,2018,17.2659511741111,16.8384632548377,0.427487919273407
"separate_state_lasso","min",2,2018,"California","CA","CA-500","San Jose/Santa Clara City & County CoC",2017,2018,37.5400357184073,31.0510454686239,6.48899024978338
"separate_state_lasso","min",2,2018,"California","CA","CA-501","San Francisco CoC",2017,2018,77.8588752532088,91.7297367432354,-13.8708614900266
"separate_state_lasso","min",2,2018,"California","CA","CA-502","Oakland, Berkeley/Alameda County CoC",2017,2018,32.9742325811336,26.1305242075755,6.84370837355812
"separate_state_lasso","min",2,2018,"California","CA","CA-503","Sacramento City & County CoC",2017,2018,23.5321489056673,28.9460218252518,-5.4138729195845
"separate_state_lasso","min",2,2018,"California","CA","CA-504","Santa Rosa, Petaluma/Sonoma County CoC",2017,2018,60.0830654396031,64.3695921692459,-4.28652672964282
"separate_state_lasso","min",2,2018,"California","CA","CA-505","Contra Costa County CoC",2017,2018,19.4173238338524,9.04229828279067,10.3750255510617
"separate_state_lasso","min",2,2018,"California","CA","CA-506","Salinas/Monterey, San Benito Counties CoC",2017,2018,66.5903673067335,52.6773162544781,13.9130510522553
"separate_state_lasso","min",2,2018,"California","CA","CA-507","Marin County CoC",2017,2018,42.1702058830326,42.1957541439517,-0.0255482609191304
"separate_state_lasso","min",2,2018,"California","CA","CA-508","Watsonville/Santa Cruz City & County CoC",2017,2018,84.7206955861248,76.5872127116675,8.13348287445726
"separate_state_lasso","min",2,2018,"California","CA","CA-509","Mendocino County CoC",2017,2018,100.685346849578,101.711383694522,-1.02603684494369
"separate_state_lasso","min",2,2018,"California","CA","CA-510","Turlock, Modesto/Stanislaus County CoC",2017,2018,24.7388374205931,34.0937966955199,-9.35495927492683
"separate_state_lasso","min",2,2018,"California","CA","CA-511","Stockton/San Joaquin County CoC",2017,2018,22.3922943928897,30.3796772305042,-7.98738283761445
"separate_state_lasso","min",2,2018,"California","CA","CA-512","Daly City/San Mateo County CoC",2017,2018,16.1055106084318,19.8259728454547,-3.7204622370229
"separate_state_lasso","min",2,2018,"California","CA","CA-513","Visalia/Kings, Tulare Counties CoC",2017,2018,15.698791014512,17.6115441181182,-1.91275310360621
"separate_state_lasso","min",2,2018,"California","CA","CA-514","Fresno City & County/Madera County CoC",2017,2018,18.6624328013147,15.9895751612773,2.67285764003739
"separate_state_lasso","min",2,2018,"California","CA","CA-515","Roseville, Rocklin/Placer County CoC",2017,2018,24.2143093824077,15.3990458678378,8.81526351456988
"separate_state_lasso","min",2,2018,"California","CA","CA-516","Redding/Shasta, Siskiyou, Lassen, Plumas, Del Norte, Modoc, Sierra Counties CoC",2017,2018,36.8086367349554,41.5612435667211,-4.75260683176572
"separate_state_lasso","min",2,2018,"California","CA","CA-517","Napa City & County CoC",2017,2018,23.2006859333232,39.2167899791111,-16.0161040457879
"separate_state_lasso","min",2,2018,"California","CA","CA-518","Vallejo/Solano County CoC",2017,2018,25.3295193224522,22.748313904776,2.58120541767622
"separate_state_lasso","min",2,2018,"California","CA","CA-519","Chico, Paradise/Butte County CoC",2017,2018,48.8410560087523,53.3883604627887,-4.54730445403644
"separate_state_lasso","min",2,2018,"California","CA","CA-520","Merced City & County CoC",2017,2018,18.7487917242687,14.1586903001135,4.59010142415516
"separate_state_lasso","min",2,2018,"California","CA","CA-521","Davis, Woodland/Yolo County CoC",2017,2018,20.3527199047783,14.8040525665199,5.54866733825845
"separate_state_lasso","min",2,2018,"California","CA","CA-522","Humboldt County CoC",2017,2018,51.5986025072664,74.6345733424922,-23.0359708352258
"separate_state_lasso","min",2,2018,"California","CA","CA-523","Colusa, Glenn, Trinity Counties CoC",2017,2018,43.2592975206612,23.6074115721979,19.6518859484633
"separate_state_lasso","min",2,2018,"California","CA","CA-524","Yuba City & County/Sutter County CoC",2017,2018,43.9895345159714,25.9822066924481,18.0073278235233
"separate_state_lasso","min",2,2018,"California","CA","CA-525","El Dorado County CoC",2017,2018,33.8146016168098,10.8880787273294,22.9265228894804
"separate_state_lasso","min",2,2018,"California","CA","CA-526","Amador, Calaveras, Mariposa, Tuolumne Counties CoC",2017,2018,25.3672838522579,23.9069771112108,1.46030674104711
"separate_state_lasso","min",2,2018,"California","CA","CA-527","Tehama County CoC",2017,2018,19.5257583804555,31.2229067234166,-11.6971483429611
"separate_state_lasso","min",2,2018,"California","CA","CA-529","Lake County CoC",2017,2018,95.6201315359858,35.1891140905405,60.4310174454453
"separate_state_lasso","min",2,2018,"California","CA","CA-530","Alpine, Inyo, Mono Counties CoC",2017,2018,46.9525689335487,41.2961778750086,5.65639105854013
"separate_state_lasso","min",2,2018,"California","CA","CA-600","Los Angeles City & County CoC",2017,2018,53.9062941493289,46.2996204311975,7.60667371813144
"separate_state_lasso","min",2,2018,"California","CA","CA-601","San Diego City and County CoC",2017,2018,25.7239279022131,37.3848087402568,-11.6608808380437
"separate_state_lasso","min",2,2018,"California","CA","CA-602","Santa Ana, Anaheim/Orange County CoC",2017,2018,15.6015180229807,10.8459635449542,4.75555447802646
"separate_state_lasso","min",2,2018,"California","CA","CA-603","Santa Maria/Santa Barbara County CoC",2017,2018,38.2699986540446,68.6890602130072,-30.4190615589626
"separate_state_lasso","min",2,2018,"California","CA","CA-604","Bakersfield/Kern County CoC",2017,2018,9.90200926872822,23.3369255551722,-13.434916286444
"separate_state_lasso","min",2,2018,"California","CA","CA-606","Long Beach CoC",2017,2018,39.8701635145064,61.108916867143,-21.2387533526366
"separate_state_lasso","min",2,2018,"California","CA","CA-607","Pasadena CoC",2017,2018,47.94000412551,67.2161365349003,-19.2761324093903
"separate_state_lasso","min",2,2018,"California","CA","CA-608","Riverside City & County CoC",2017,2018,9.46933688883219,9.18971001154629,0.279626877285898
"separate_state_lasso","min",2,2018,"California","CA","CA-609","San Bernardino City & County CoC",2017,2018,9.77499511942524,15.6749980235277,-5.90000290410243
"separate_state_lasso","min",2,2018,"California","CA","CA-611","Oxnard, San Buenaventura/Ventura County CoC",2017,2018,15.4219458534066,21.8829581242291,-6.46101227082252
"separate_state_lasso","min",2,2018,"California","CA","CA-612","Glendale CoC",2017,2018,13.2716662426214,25.7413251065848,-12.4696588639634
"separate_state_lasso","min",2,2018,"California","CA","CA-613","Imperial County CoC",2017,2018,82.2485304892493,21.337542544535,60.9109879447143
"separate_state_lasso","min",2,2018,"California","CA","CA-614","San Luis Obispo County CoC",2017,2018,38.6442400671951,42.1601466634646,-3.51590659626955
"separate_state_lasso","min",2,2018,"Florida","FL","FL-500","Sarasota, Bradenton/Manatee, Sarasota Counties CoC",2017,2018,14.5239035183913,5.48364865810714,9.04025486028416
"separate_state_lasso","min",2,2018,"Florida","FL","FL-501","Tampa/Hillsborough County CoC",2017,2018,12.3629486217895,6.17550109847399,6.18744752331551
"separate_state_lasso","min",2,2018,"Florida","FL","FL-502","St. Petersburg, Clearwater, Largo/Pinellas County CoC",2017,2018,26.8432097572807,25.9011874696361,0.942022287644594
"separate_state_lasso","min",2,2018,"Florida","FL","FL-503","Lakeland/Polk County CoC",2017,2018,7.81209090896225,9.67275291797514,-1.86066200901289
"separate_state_lasso","min",2,2018,"Florida","FL","FL-504","Deltona, Daytona Beach/Volusia, Flagler Counties CoC",2017,2018,10.3770058919515,6.21080830193578,4.16619759001572
"separate_state_lasso","min",2,2018,"Florida","FL","FL-505","Fort Walton Beach/Okaloosa, Walton Counties CoC",2017,2018,17.8271736546786,27.9284724152298,-10.1012987605512
"separate_state_lasso","min",2,2018,"Florida","FL","FL-506","Tallahassee/Leon County CoC",2017,2018,20.3460220946386,17.365874939595,2.98014715504359
"separate_state_lasso","min",2,2018,"Florida","FL","FL-507","Orlando/Orange, Osceola, Seminole Counties CoC",2017,2018,9.25559415684828,-9.77798611536327,19.0335802722115
"separate_state_lasso","min",2,2018,"Florida","FL","FL-508","Gainesville/Alachua, Putnam Counties CoC",2017,2018,16.660466018682,20.7130426196077,-4.0525766009257
"separate_state_lasso","min",2,2018,"Florida","FL","FL-509","Fort Pierce/St. Lucie, Indian River, Martin Counties CoC",2017,2018,24.1558758933131,12.2279204216684,11.9279554716447
"separate_state_lasso","min",2,2018,"Florida","FL","FL-510","Jacksonville-Duval, Clay Counties CoC",2017,2018,14.1886011975508,2.62344935462978,11.565151842921
"separate_state_lasso","min",2,2018,"Florida","FL","FL-511","Pensacola/Escambia, Santa Rosa Counties CoC",2017,2018,12.7831973770173,17.719224105219,-4.93602672820174
"separate_state_lasso","min",2,2018,"Florida","FL","FL-512","St. Johns County CoC",2017,2018,13.4744340343716,27.4668688671542,-13.9924348327826
"separate_state_lasso","min",2,2018,"Florida","FL","FL-513","Palm Bay, Melbourne/Brevard County CoC",2017,2018,12.3319270904213,9.50497487056071,2.82695221986059
"separate_state_lasso","min",2,2018,"Florida","FL","FL-514","Ocala/Marion County CoC",2017,2018,15.9303964217879,18.2323642659919,-2.30196784420396
"separate_state_lasso","min",2,2018,"Florida","FL","FL-515","Panama City/Bay, Jackson Counties CoC",2017,2018,12.3190537932016,20.1613521173405,-7.84229832413892
"separate_state_lasso","min",2,2018,"Florida","FL","FL-517","Hendry, Hardee, Highlands Counties CoC",2017,2018,17.0207969340021,30.6866489464323,-13.6658520124302
"separate_state_lasso","min",2,2018,"Florida","FL","FL-518","Columbia, Hamilton, Lafayette, Suwannee Counties CoC",2017,2018,31.2101270574233,40.676872972328,-9.4667459149047
"separate_state_lasso","min",2,2018,"Florida","FL","FL-519","Pasco County CoC",2017,2018,49.4908085848374,16.3288471481321,33.1619614367053
"separate_state_lasso","min",2,2018,"Florida","FL","FL-520","Citrus, Hernando, Lake, Sumter Counties CoC",2017,2018,8.63175197856509,-1.5060871212979,10.137839099863
"separate_state_lasso","min",2,2018,"Florida","FL","FL-600","Miami-Dade County CoC",2017,2018,12.950972685824,5.83490160035517,7.11607108546883
"separate_state_lasso","min",2,2018,"Florida","FL","FL-601","Ft Lauderdale/Broward County CoC",2017,2018,11.9109586471864,1.42491006964274,10.4860485775437
"separate_state_lasso","min",2,2018,"Florida","FL","FL-602","Charlotte County CoC",2017,2018,8.8721064219985,30.2279030322162,-21.3557966102177
"separate_state_lasso","min",2,2018,"Florida","FL","FL-603","Ft Myers, Cape Coral/Lee County CoC",2017,2018,9.64915768685302,8.40068823322367,1.24846945362935
"separate_state_lasso","min",2,2018,"Florida","FL","FL-604","Monroe County CoC",2017,2018,130.155035648836,66.2708318010036,63.8842038478324
"separate_state_lasso","min",2,2018,"Florida","FL","FL-605","West Palm Beach/Palm Beach County CoC",2017,2018,8.82744073004081,-2.6314783974526,11.4589191274934
"separate_state_lasso","min",2,2018,"Florida","FL","FL-606","Naples/Collier County CoC",2017,2018,17.2659511741111,10.996403508328,6.26954766578309
"separate_state_lasso","1se",2,2018,"California","CA","CA-500","San Jose/Santa Clara City & County CoC",2017,2018,37.5400357184073,24.6386693482665,12.9013663701408
"separate_state_lasso","1se",2,2018,"California","CA","CA-501","San Francisco CoC",2017,2018,77.8588752532088,91.5769534323854,-13.7180781791766
"separate_state_lasso","1se",2,2018,"California","CA","CA-502","Oakland, Berkeley/Alameda County CoC",2017,2018,32.9742325811336,23.7331950749764,9.24103750615717
"separate_state_lasso","1se",2,2018,"California","CA","CA-503","Sacramento City & County CoC",2017,2018,23.5321489056673,28.5697708074352,-5.0376219017679
"separate_state_lasso","1se",2,2018,"California","CA","CA-504","Santa Rosa, Petaluma/Sonoma County CoC",2017,2018,60.0830654396031,55.4100434722554,4.67302196734771
"separate_state_lasso","1se",2,2018,"California","CA","CA-505","Contra Costa County CoC",2017,2018,19.4173238338524,12.7430376900598,6.67428614379261
"separate_state_lasso","1se",2,2018,"California","CA","CA-506","Salinas/Monterey, San Benito Counties CoC",2017,2018,66.5903673067335,43.0619396509324,23.5284276558011
"separate_state_lasso","1se",2,2018,"California","CA","CA-507","Marin County CoC",2017,2018,42.1702058830326,44.4340655932854,-2.26385971025277
"separate_state_lasso","1se",2,2018,"California","CA","CA-508","Watsonville/Santa Cruz City & County CoC",2017,2018,84.7206955861248,67.8952521555378,16.825443430587
"separate_state_lasso","1se",2,2018,"California","CA","CA-509","Mendocino County CoC",2017,2018,100.685346849578,89.738972786274,10.946374063304
"separate_state_lasso","1se",2,2018,"California","CA","CA-510","Turlock, Modesto/Stanislaus County CoC",2017,2018,24.7388374205931,33.6067604926252,-8.86792307203206
"separate_state_lasso","1se",2,2018,"California","CA","CA-511","Stockton/San Joaquin County CoC",2017,2018,22.3922943928897,31.2335939393022,-8.8412995464125
"separate_state_lasso","1se",2,2018,"California","CA","CA-512","Daly City/San Mateo County CoC",2017,2018,16.1055106084318,18.2572357248572,-2.15172511642535
"separate_state_lasso","1se",2,2018,"California","CA","CA-513","Visalia/Kings, Tulare Counties CoC",2017,2018,15.698791014512,19.5048598764389,-3.80606886192694
"separate_state_lasso","1se",2,2018,"California","CA","CA-514","Fresno City & County/Madera County CoC",2017,2018,18.6624328013147,20.4468799572894,-1.78444715597471
"separate_state_lasso","1se",2,2018,"California","CA","CA-515","Roseville, Rocklin/Placer County CoC",2017,2018,24.2143093824077,20.5945246050569,3.61978477735076
"separate_state_lasso","1se",2,2018,"California","CA","CA-516","Redding/Shasta, Siskiyou, Lassen, Plumas, Del Norte, Modoc, Sierra Counties CoC",2017,2018,36.8086367349554,46.8062403965494,-9.99760366159398
"separate_state_lasso","1se",2,2018,"California","CA","CA-517","Napa City & County CoC",2017,2018,23.2006859333232,35.4949382370078,-12.2942523036846
"separate_state_lasso","1se",2,2018,"California","CA","CA-518","Vallejo/Solano County CoC",2017,2018,25.3295193224522,19.6017769918102,5.72774233064204
"separate_state_lasso","1se",2,2018,"California","CA","CA-519","Chico, Paradise/Butte County CoC",2017,2018,48.8410560087523,55.0123849488458,-6.17132894009355
"separate_state_lasso","1se",2,2018,"California","CA","CA-520","Merced City & County CoC",2017,2018,18.7487917242687,17.1270271822994,1.62176454196928
"separate_state_lasso","1se",2,2018,"California","CA","CA-521","Davis, Woodland/Yolo County CoC",2017,2018,20.3527199047783,24.3829793586941,-4.03025945391581
"separate_state_lasso","1se",2,2018,"California","CA","CA-522","Humboldt County CoC",2017,2018,51.5986025072664,66.8636498551876,-15.2650473479212
"separate_state_lasso","1se",2,2018,"California","CA","CA-523","Colusa, Glenn, Trinity Counties CoC",2017,2018,43.2592975206612,29.5812337045391,13.6780638161221
"separate_state_lasso","1se",2,2018,"California","CA","CA-524","Yuba City & County/Sutter County CoC",2017,2018,43.9895345159714,27.9091718003678,16.0803627156036
"separate_state_lasso","1se",2,2018,"California","CA","CA-525","El Dorado County CoC",2017,2018,33.8146016168098,17.2623532109366,16.5522484058732
"separate_state_lasso","1se",2,2018,"California","CA","CA-526","Amador, Calaveras, Mariposa, Tuolumne Counties CoC",2017,2018,25.3672838522579,25.9056678074304,-0.538383955172456
"separate_state_lasso","1se",2,2018,"California","CA","CA-527","Tehama County CoC",2017,2018,19.5257583804555,30.2569076174548,-10.7311492369993
"separate_state_lasso","1se",2,2018,"California","CA","CA-529","Lake County CoC",2017,2018,95.6201315359858,35.9381602389952,59.6819712969906
"separate_state_lasso","1se",2,2018,"California","CA","CA-530","Alpine, Inyo, Mono Counties CoC",2017,2018,46.9525689335487,21.5989939792804,25.3535749542683
"separate_state_lasso","1se",2,2018,"California","CA","CA-600","Los Angeles City & County CoC",2017,2018,53.9062941493289,44.8747665713537,9.03152757797515
"separate_state_lasso","1se",2,2018,"California","CA","CA-601","San Diego City and County CoC",2017,2018,25.7239279022131,30.9845679836466,-5.26064008143351
"separate_state_lasso","1se",2,2018,"California","CA","CA-602","Santa Ana, Anaheim/Orange County CoC",2017,2018,15.6015180229807,11.6211321020329,3.98038592094781
"separate_state_lasso","1se",2,2018,"California","CA","CA-603","Santa Maria/Santa Barbara County CoC",2017,2018,38.2699986540446,59.0856720630505,-20.8156734090059
"separate_state_lasso","1se",2,2018,"California","CA","CA-604","Bakersfield/Kern County CoC",2017,2018,9.90200926872822,23.8195307616773,-13.9175214929491
"separate_state_lasso","1se",2,2018,"California","CA","CA-606","Long Beach CoC",2017,2018,39.8701635145064,57.0116842756371,-17.1415207611307
"separate_state_lasso","1se",2,2018,"California","CA","CA-607","Pasadena CoC",2017,2018,47.94000412551,61.6112914200427,-13.6712872945327
"separate_state_lasso","1se",2,2018,"California","CA","CA-608","Riverside City & County CoC",2017,2018,9.46933688883219,12.101516692685,-2.63217980385284
"separate_state_lasso","1se",2,2018,"California","CA","CA-609","San Bernardino City & County CoC",2017,2018,9.77499511942524,15.231923904983,-5.45692878555775
"separate_state_lasso","1se",2,2018,"California","CA","CA-611","Oxnard, San Buenaventura/Ventura County CoC",2017,2018,15.4219458534066,19.1406741791009,-3.71872832569427
"separate_state_lasso","1se",2,2018,"California","CA","CA-612","Glendale CoC",2017,2018,13.2716662426214,27.6057143431885,-14.3340481005671
"separate_state_lasso","1se",2,2018,"California","CA","CA-613","Imperial County CoC",2017,2018,82.2485304892493,24.3729163481241,57.8756141411252
"separate_state_lasso","1se",2,2018,"California","CA","CA-614","San Luis Obispo County CoC",2017,2018,38.6442400671951,36.0729779179443,2.57126214925084
"separate_state_lasso","1se",2,2018,"Florida","FL","FL-500","Sarasota, Bradenton/Manatee, Sarasota Counties CoC",2017,2018,14.5239035183913,8.93673311455235,5.58717040383895
"separate_state_lasso","1se",2,2018,"Florida","FL","FL-501","Tampa/Hillsborough County CoC",2017,2018,12.3629486217895,3.59136320681922,8.77158541497028
"separate_state_lasso","1se",2,2018,"Florida","FL","FL-502","St. Petersburg, Clearwater, Largo/Pinellas County CoC",2017,2018,26.8432097572807,12.5355749718521,14.3076347854286
"separate_state_lasso","1se",2,2018,"Florida","FL","FL-503","Lakeland/Polk County CoC",2017,2018,7.81209090896225,9.69144205781072,-1.87935114884847
"separate_state_lasso","1se",2,2018,"Florida","FL","FL-504","Deltona, Daytona Beach/Volusia, Flagler Counties CoC",2017,2018,10.3770058919515,11.9892523697926,-1.61224647784115
"separate_state_lasso","1se",2,2018,"Florida","FL","FL-505","Fort Walton Beach/Okaloosa, Walton Counties CoC",2017,2018,17.8271736546786,24.3759132987125,-6.54873964403393
"separate_state_lasso","1se",2,2018,"Florida","FL","FL-506","Tallahassee/Leon County CoC",2017,2018,20.3460220946386,19.7977040643414,0.548318030297175
"separate_state_lasso","1se",2,2018,"Florida","FL","FL-507","Orlando/Orange, Osceola, Seminole Counties CoC",2017,2018,9.25559415684828,-4.56359628604817,13.8191904428965
"separate_state_lasso","1se",2,2018,"Florida","FL","FL-508","Gainesville/Alachua, Putnam Counties CoC",2017,2018,16.660466018682,22.0439453351016,-5.3834793164196
"separate_state_lasso","1se",2,2018,"Florida","FL","FL-509","Fort Pierce/St. Lucie, Indian River, Martin Counties CoC",2017,2018,24.1558758933131,11.663825663263,12.4920502300501
"separate_state_lasso","1se",2,2018,"Florida","FL","FL-510","Jacksonville-Duval, Clay Counties CoC",2017,2018,14.1886011975508,4.85002165820113,9.33857953934967
"separate_state_lasso","1se",2,2018,"Florida","FL","FL-511","Pensacola/Escambia, Santa Rosa Counties CoC",2017,2018,12.7831973770173,17.0690462244272,-4.28584884740987
"separate_state_lasso","1se",2,2018,"Florida","FL","FL-512","St. Johns County CoC",2017,2018,13.4744340343716,21.8688923332924,-8.39445829892076
"separate_state_lasso","1se",2,2018,"Florida","FL","FL-513","Palm Bay, Melbourne/Brevard County CoC",2017,2018,12.3319270904213,12.3082875521385,0.0236395382828327
"separate_state_lasso","1se",2,2018,"Florida","FL","FL-514","Ocala/Marion County CoC",2017,2018,15.9303964217879,19.261360101296,-3.33096367950814
"separate_state_lasso","1se",2,2018,"Florida","FL","FL-515","Panama City/Bay, Jackson Counties CoC",2017,2018,12.3190537932016,19.3060843637921,-6.98703057059048
"separate_state_lasso","1se",2,2018,"Florida","FL","FL-517","Hendry, Hardee, Highlands Counties CoC",2017,2018,17.0207969340021,23.40669774846,-6.38590081445795
"separate_state_lasso","1se",2,2018,"Florida","FL","FL-518","Columbia, Hamilton, Lafayette, Suwannee Counties CoC",2017,2018,31.2101270574233,31.0411169323419,0.169010125081403
"separate_state_lasso","1se",2,2018,"Florida","FL","FL-519","Pasco County CoC",2017,2018,49.4908085848374,13.0029889082037,36.4878196766337
"separate_state_lasso","1se",2,2018,"Florida","FL","FL-520","Citrus, Hernando, Lake, Sumter Counties CoC",2017,2018,8.63175197856509,6.00386113556653,2.62789084299856
"separate_state_lasso","1se",2,2018,"Florida","FL","FL-600","Miami-Dade County CoC",2017,2018,12.950972685824,-1.72053267288403,14.671505358708
"separate_state_lasso","1se",2,2018,"Florida","FL","FL-601","Ft Lauderdale/Broward County CoC",2017,2018,11.9109586471864,-1.50958522547634,13.4205438726627
"separate_state_lasso","1se",2,2018,"Florida","FL","FL-602","Charlotte County CoC",2017,2018,8.8721064219985,27.5519717377388,-18.6798653157403
"separate_state_lasso","1se",2,2018,"Florida","FL","FL-603","Ft Myers, Cape Coral/Lee County CoC",2017,2018,9.64915768685302,9.13596098875713,0.513196698095893
"separate_state_lasso","1se",2,2018,"Florida","FL","FL-604","Monroe County CoC",2017,2018,130.155035648836,55.5838310364519,74.5712046123841
"separate_state_lasso","1se",2,2018,"Florida","FL","FL-605","West Palm Beach/Palm Beach County CoC",2017,2018,8.82744073004081,0.507783400821001,8.31965732921981
"separate_state_lasso","1se",2,2018,"Florida","FL","FL-606","Naples/Collier County CoC",2017,2018,17.2659511741111,16.8384632548377,0.427487919273407
"state_time_baseline","none",3,2019,"California","CA","CA-500","San Jose/Santa Clara City & County CoC",2018,2019,50.3461884003544,30.2434072401694,20.102781160185
"state_time_baseline","none",3,2019,"California","CA","CA-501","San Francisco CoC",2018,2019,91.1463798382166,30.2434072401694,60.9029725980472
"state_time_baseline","none",3,2019,"California","CA","CA-502","Oakland, Berkeley/Alameda County CoC",2018,2019,47.9977311468897,30.2434072401694,17.7543239067203
"state_time_baseline","none",3,2019,"California","CA","CA-503","Sacramento City & County CoC",2018,2019,35.8298465650124,30.2434072401694,5.58643932484305
"state_time_baseline","none",3,2019,"California","CA","CA-504","Santa Rosa, Petaluma/Sonoma County CoC",2018,2019,59.6962389953392,30.2434072401694,29.4528317551698
"state_time_baseline","none",3,2019,"California","CA","CA-505","Contra Costa County CoC",2018,2019,19.8955203437114,30.2434072401694,-10.347886896458
"state_time_baseline","none",3,2019,"California","CA","CA-506","Salinas/Monterey, San Benito Counties CoC",2018,2019,54.4207829427877,30.2434072401694,24.1773757026183
"state_time_baseline","none",3,2019,"California","CA","CA-507","Marin County CoC",2018,2019,39.949618662731,30.2434072401694,9.70621142256164
"state_time_baseline","none",3,2019,"California","CA","CA-508","Watsonville/Santa Cruz City & County CoC",2018,2019,79.3154059287076,30.2434072401694,49.0719986885383
"state_time_baseline","none",3,2019,"California","CA","CA-509","Mendocino County CoC",2018,2019,90.4909566680884,30.2434072401694,60.247549427919
"state_time_baseline","none",3,2019,"California","CA","CA-510","Turlock, Modesto/Stanislaus County CoC",2018,2019,34.9217302872916,30.2434072401694,4.67832304712225
"state_time_baseline","none",3,2019,"California","CA","CA-511","Stockton/San Joaquin County CoC",2018,2019,34.5208542172911,30.2434072401694,4.27744697712175
"state_time_baseline","none",3,2019,"California","CA","CA-512","Daly City/San Mateo County CoC",2018,2019,19.7241489068882,30.2434072401694,-10.5192583332812
"state_time_baseline","none",3,2019,"California","CA","CA-513","Visalia/Kings, Tulare Counties CoC",2018,2019,17.1852665412228,30.2434072401694,-13.0581406989466
"state_time_baseline","none",3,2019,"California","CA","CA-514","Fresno City & County/Madera County CoC",2018,2019,21.6874721124013,30.2434072401694,-8.55593512776806
"state_time_baseline","none",3,2019,"California","CA","CA-515","Roseville, Rocklin/Placer County CoC",2018,2019,15.4897082562404,30.2434072401694,-14.753698983929
"state_time_baseline","none",3,2019,"California","CA","CA-516","Redding/Shasta, Siskiyou, Lassen, Plumas, Del Norte, Modoc, Sierra Counties CoC",2018,2019,43.1463232871805,30.2434072401694,12.9029160470111
"state_time_baseline","none",3,2019,"California","CA","CA-517","Napa City & County CoC",2018,2019,23.3766988035776,30.2434072401694,-6.86670843659175
"state_time_baseline","none",3,2019,"California","CA","CA-518","Vallejo/Solano County CoC",2018,2019,25.7124538974138,30.2434072401694,-4.53095334275556
"state_time_baseline","none",3,2019,"California","CA","CA-519","Chico, Paradise/Butte County CoC",2018,2019,57.7591634502204,30.2434072401694,27.515756210051
"state_time_baseline","none",3,2019,"California","CA","CA-520","Merced City & County CoC",2018,2019,21.8957072889657,30.2434072401694,-8.34769995120365
"state_time_baseline","none",3,2019,"California","CA","CA-521","Davis, Woodland/Yolo County CoC",2018,2019,29.7052154195011,30.2434072401694,-0.538191820668253
"state_time_baseline","none",3,2019,"California","CA","CA-522","Humboldt County CoC",2018,2019,125.555112940586,30.2434072401694,95.3117057004166
"state_time_baseline","none",3,2019,"California","CA","CA-523","Colusa, Glenn, Trinity Counties CoC",2018,2019,30.8557653676175,30.2434072401694,0.612358127448147
"state_time_baseline","none",3,2019,"California","CA","CA-524","Yuba City & County/Sutter County CoC",2018,2019,41.0501084611049,30.2434072401694,10.8067012209355
"state_time_baseline","none",3,2019,"California","CA","CA-525","El Dorado County CoC",2018,2019,31.7875162697116,30.2434072401694,1.54410902954224
"state_time_baseline","none",3,2019,"California","CA","CA-526","Amador, Calaveras, Mariposa, Tuolumne Counties CoC",2018,2019,53.7060341430551,30.2434072401694,23.4626269028857
"state_time_baseline","none",3,2019,"California","CA","CA-527","Tehama County CoC",2018,2019,44.2505070370598,30.2434072401694,14.0070997968904
"state_time_baseline","none",3,2019,"California","CA","CA-529","Lake County CoC",2018,2019,63.3678128785761,30.2434072401694,33.1244056384067
"state_time_baseline","none",3,2019,"California","CA","CA-530","Alpine, Inyo, Mono Counties CoC",2018,2019,63.6677377127216,30.2434072401694,33.4243304725522
"state_time_baseline","none",3,2019,"California","CA","CA-600","Los Angeles City & County CoC",2018,2019,60.9171944236223,30.2434072401694,30.6737871834529
"state_time_baseline","none",3,2019,"California","CA","CA-601","San Diego City and County CoC",2018,2019,24.26961983986,30.2434072401694,-5.97378740030936
"state_time_baseline","none",3,2019,"California","CA","CA-602","Santa Ana, Anaheim/Orange County CoC",2018,2019,21.6015910862892,30.2434072401694,-8.64181615388015
"state_time_baseline","none",3,2019,"California","CA","CA-603","Santa Maria/Santa Barbara County CoC",2018,2019,40.3808295203349,30.2434072401694,10.1374222801655
"state_time_baseline","none",3,2019,"California","CA","CA-604","Bakersfield/Kern County CoC",2018,2019,14.7744617319224,30.2434072401694,-15.468945508247
"state_time_baseline","none",3,2019,"California","CA","CA-606","Long Beach CoC",2018,2019,40.4569394131799,30.2434072401694,10.2135321730105
"state_time_baseline","none",3,2019,"California","CA","CA-607","Pasadena CoC",2018,2019,38.5133676929631,30.2434072401694,8.26996045279375
"state_time_baseline","none",3,2019,"California","CA","CA-608","Riverside City & County CoC",2018,2019,11.3780516533592,30.2434072401694,-18.8653555868102
"state_time_baseline","none",3,2019,"California","CA","CA-609","San Bernardino City & County CoC",2018,2019,11.9582493343149,30.2434072401694,-18.2851579058545
"state_time_baseline","none",3,2019,"California","CA","CA-611","Oxnard, San Buenaventura/Ventura County CoC",2018,2019,19.7279924728666,30.2434072401694,-10.5154147673028
"state_time_baseline","none",3,2019,"California","CA","CA-612","Glendale CoC",2018,2019,12.4468996482166,30.2434072401694,-17.7965075919528
"state_time_baseline","none",3,2019,"California","CA","CA-613","Imperial County CoC",2018,2019,77.9736776756891,30.2434072401694,47.7302704355197
"state_time_baseline","none",3,2019,"California","CA","CA-614","San Luis Obispo County CoC",2018,2019,52.3822811547414,30.2434072401694,22.138873914572
"state_time_baseline","none",3,2019,"Florida","FL","FL-500","Sarasota, Bradenton/Manatee, Sarasota Counties CoC",2018,2019,13.560415534143,20.6793059248776,-7.11889039073463
"state_time_baseline","none",3,2019,"Florida","FL","FL-501","Tampa/Hillsborough County CoC",2018,2019,11.2094828148438,20.6793059248776,-9.46982311003383
"state_time_baseline","none",3,2019,"Florida","FL","FL-502","St. Petersburg, Clearwater, Largo/Pinellas County CoC",2018,2019,24.7693323870047,20.6793059248776,4.09002646212707
"state_time_baseline","none",3,2019,"Florida","FL","FL-503","Lakeland/Polk County CoC",2018,2019,7.76790654228818,20.6793059248776,-12.9113993825895
"state_time_baseline","none",3,2019,"Florida","FL","FL-504","Deltona, Daytona Beach/Volusia, Flagler Counties CoC",2018,2019,13.0916490241111,20.6793059248776,-7.58765690076653
"state_time_baseline","none",3,2019,"Florida","FL","FL-505","Fort Walton Beach/Okaloosa, Walton Counties CoC",2018,2019,14.0093887482488,20.6793059248776,-6.66991717662883
"state_time_baseline","none",3,2019,"Florida","FL","FL-506","Tallahassee/Leon County CoC",2018,2019,21.4642095164621,20.6793059248776,0.784903591584467
"state_time_baseline","none",3,2019,"Florida","FL","FL-507","Orlando/Orange, Osceola, Seminole Counties CoC",2018,2019,8.96909410810837,20.6793059248776,-11.7102118167693
"state_time_baseline","none",3,2019,"Florida","FL","FL-508","Gainesville/Alachua, Putnam Counties CoC",2018,2019,17.6241379177769,20.6793059248776,-3.05516800710073
"state_time_baseline","none",3,2019,"Florida","FL","FL-509","Fort Pierce/St. Lucie, Indian River, Martin Counties CoC",2018,2019,23.0892455562059,20.6793059248776,2.40993963132827
"state_time_baseline","none",3,2019,"Florida","FL","FL-510","Jacksonville-Duval, Clay Counties CoC",2018,2019,12.9223659202211,20.6793059248776,-7.75694000465653
"state_time_baseline","none",3,2019,"Florida","FL","FL-511","Pensacola/Escambia, Santa Rosa Counties CoC",2018,2019,10.3058120402921,20.6793059248776,-10.3734938845855
"state_time_baseline","none",3,2019,"Florida","FL","FL-512","St. Johns County CoC",2018,2019,13.4506105670415,20.6793059248776,-7.22869535783613
"state_time_baseline","none",3,2019,"Florida","FL","FL-513","Palm Bay, Melbourne/Brevard County CoC",2018,2019,13.539510451173,20.6793059248776,-7.13979547370463
"state_time_baseline","none",3,2019,"Florida","FL","FL-514","Ocala/Marion County CoC",2018,2019,12.9930876773556,20.6793059248776,-7.68621824752203
"state_time_baseline","none",3,2019,"Florida","FL","FL-515","Panama City/Bay, Jackson Counties CoC",2018,2019,16.6012934040476,20.6793059248776,-4.07801252083003
"state_time_baseline","none",3,2019,"Florida","FL","FL-517","Hendry, Hardee, Highlands Counties CoC",2018,2019,14.7867439441225,20.6793059248776,-5.89256198075513
"state_time_baseline","none",3,2019,"Florida","FL","FL-518","Columbia, Hamilton, Lafayette, Suwannee Counties CoC",2018,2019,33.7768721309251,20.6793059248776,13.0975662060475
"state_time_baseline","none",3,2019,"Florida","FL","FL-519","Pasco County CoC",2018,2019,16.1387280732633,20.6793059248776,-4.54057785161433
"state_time_baseline","none",3,2019,"Florida","FL","FL-520","Citrus, Hernando, Lake, Sumter Counties CoC",2018,2019,8.02974683168963,20.6793059248776,-12.649559093188
"state_time_baseline","none",3,2019,"Florida","FL","FL-600","Miami-Dade County CoC",2018,2019,12.7790823499967,20.6793059248776,-7.90022357488093
"state_time_baseline","none",3,2019,"Florida","FL","FL-601","Ft Lauderdale/Broward County CoC",2018,2019,14.353910173097,20.6793059248776,-6.32539575178063
"state_time_baseline","none",3,2019,"Florida","FL","FL-602","Charlotte County CoC",2018,2019,8.25790058758139,20.6793059248776,-12.4214053372962
"state_time_baseline","none",3,2019,"Florida","FL","FL-603","Ft Myers, Cape Coral/Lee County CoC",2018,2019,4.82755130246556,20.6793059248776,-15.8517546224121
"state_time_baseline","none",3,2019,"Florida","FL","FL-604","Monroe County CoC",2018,2019,67.4947459179824,20.6793059248776,46.8154399931048
"state_time_baseline","none",3,2019,"Florida","FL","FL-605","West Palm Beach/Palm Beach County CoC",2018,2019,9.33343132211362,20.6793059248776,-11.345874602764
"state_time_baseline","none",3,2019,"Florida","FL","FL-606","Naples/Collier County CoC",2018,2019,12.9383583353685,20.6793059248776,-7.74094758950913
"pooled_lasso","min",3,2019,"California","CA","CA-500","San Jose/Santa Clara City & County CoC",2018,2019,50.3461884003544,33.3235351498286,17.0226532505258
"pooled_lasso","min",3,2019,"California","CA","CA-501","San Francisco CoC",2018,2019,91.1463798382166,120.507726080799,-29.3613462425824
"pooled_lasso","min",3,2019,"California","CA","CA-502","Oakland, Berkeley/Alameda County CoC",2018,2019,47.9977311468897,31.2719284341011,16.7258027127886
"pooled_lasso","min",3,2019,"California","CA","CA-503","Sacramento City & County CoC",2018,2019,35.8298465650124,37.8028719740076,-1.97302540899522
"pooled_lasso","min",3,2019,"California","CA","CA-504","Santa Rosa, Petaluma/Sonoma County CoC",2018,2019,59.6962389953392,60.0247759177499,-0.32853692241067
"pooled_lasso","min",3,2019,"California","CA","CA-505","Contra Costa County CoC",2018,2019,19.8955203437114,25.4188443655181,-5.52332402180674
"pooled_lasso","min",3,2019,"California","CA","CA-506","Salinas/Monterey, San Benito Counties CoC",2018,2019,54.4207829427877,46.4536137208217,7.96716922196596
"pooled_lasso","min",3,2019,"California","CA","CA-507","Marin County CoC",2018,2019,39.949618662731,58.3790692502089,-18.4294505874779
"pooled_lasso","min",3,2019,"California","CA","CA-508","Watsonville/Santa Cruz City & County CoC",2018,2019,79.3154059287076,65.0639608667713,14.2514450619363
"pooled_lasso","min",3,2019,"California","CA","CA-509","Mendocino County CoC",2018,2019,90.4909566680884,87.4293271388306,3.0616295292578
"pooled_lasso","min",3,2019,"California","CA","CA-510","Turlock, Modesto/Stanislaus County CoC",2018,2019,34.9217302872916,42.3670985987899,-7.44536831149829
"pooled_lasso","min",3,2019,"California","CA","CA-511","Stockton/San Joaquin County CoC",2018,2019,34.5208542172911,39.0194547583287,-4.49860054103756
"pooled_lasso","min",3,2019,"California","CA","CA-512","Daly City/San Mateo County CoC",2018,2019,19.7241489068882,28.4816661090748,-8.75751720218664
"pooled_lasso","min",3,2019,"California","CA","CA-513","Visalia/Kings, Tulare Counties CoC",2018,2019,17.1852665412228,32.434268453226,-15.2490019120032
"pooled_lasso","min",3,2019,"California","CA","CA-514","Fresno City & County/Madera County CoC",2018,2019,21.6874721124013,32.1405930510928,-10.4531209386916
"pooled_lasso","min",3,2019,"California","CA","CA-515","Roseville, Rocklin/Placer County CoC",2018,2019,15.4897082562404,36.5378050708638,-21.0480968146234
"pooled_lasso","min",3,2019,"California","CA","CA-516","Redding/Shasta, Siskiyou, Lassen, Plumas, Del Norte, Modoc, Sierra Counties CoC",2018,2019,43.1463232871805,39.7544499001928,3.39187338698766
"pooled_lasso","min",3,2019,"California","CA","CA-517","Napa City & County CoC",2018,2019,23.3766988035776,47.7012870424896,-24.324588238912
"pooled_lasso","min",3,2019,"California","CA","CA-518","Vallejo/Solano County CoC",2018,2019,25.7124538974138,36.5069911285135,-10.7945372310997
"pooled_lasso","min",3,2019,"California","CA","CA-519","Chico, Paradise/Butte County CoC",2018,2019,57.7591634502204,57.5934465213312,0.165716928889204
"pooled_lasso","min",3,2019,"California","CA","CA-520","Merced City & County CoC",2018,2019,21.8957072889657,38.0091493104214,-16.1134420214557
"pooled_lasso","min",3,2019,"California","CA","CA-521","Davis, Woodland/Yolo County CoC",2018,2019,29.7052154195011,37.4289959785136,-7.72378055901251
"pooled_lasso","min",3,2019,"California","CA","CA-522","Humboldt County CoC",2018,2019,125.555112940586,58.5896447210703,66.9654682195157
"pooled_lasso","min",3,2019,"California","CA","CA-523","Colusa, Glenn, Trinity Counties CoC",2018,2019,30.8557653676175,50.8569273465762,-20.0011619789587
"pooled_lasso","min",3,2019,"California","CA","CA-524","Yuba City & County/Sutter County CoC",2018,2019,41.0501084611049,43.1249299579318,-2.07482149682691
"pooled_lasso","min",3,2019,"California","CA","CA-525","El Dorado County CoC",2018,2019,31.7875162697116,32.194136207467,-0.406619937755369
"pooled_lasso","min",3,2019,"California","CA","CA-526","Amador, Calaveras, Mariposa, Tuolumne Counties CoC",2018,2019,53.7060341430551,41.6014874022124,12.1045467408427
"pooled_lasso","min",3,2019,"California","CA","CA-527","Tehama County CoC",2018,2019,44.2505070370598,46.6277214254993,-2.3772143884395
"pooled_lasso","min",3,2019,"California","CA","CA-529","Lake County CoC",2018,2019,63.3678128785761,45.0705631943615,18.2972496842146
"pooled_lasso","min",3,2019,"California","CA","CA-530","Alpine, Inyo, Mono Counties CoC",2018,2019,63.6677377127216,47.9853628805468,15.6823748321748
"pooled_lasso","min",3,2019,"California","CA","CA-600","Los Angeles City & County CoC",2018,2019,60.9171944236223,29.5623807427466,31.3548136808757
"pooled_lasso","min",3,2019,"California","CA","CA-601","San Diego City and County CoC",2018,2019,24.26961983986,31.1420668516416,-6.87244701178161
"pooled_lasso","min",3,2019,"California","CA","CA-602","Santa Ana, Anaheim/Orange County CoC",2018,2019,21.6015910862892,16.5031670699251,5.09842401636415
"pooled_lasso","min",3,2019,"California","CA","CA-603","Santa Maria/Santa Barbara County CoC",2018,2019,40.3808295203349,52.8447592530139,-12.463929732679
"pooled_lasso","min",3,2019,"California","CA","CA-604","Bakersfield/Kern County CoC",2018,2019,14.7744617319224,50.5185508447154,-35.744089112793
"pooled_lasso","min",3,2019,"California","CA","CA-606","Long Beach CoC",2018,2019,40.4569394131799,56.8520622021718,-16.3951227889919
"pooled_lasso","min",3,2019,"California","CA","CA-607","Pasadena CoC",2018,2019,38.5133676929631,69.6515095685555,-31.1381418755924
"pooled_lasso","min",3,2019,"California","CA","CA-608","Riverside City & County CoC",2018,2019,11.3780516533592,20.764253793074,-9.38620213971482
"pooled_lasso","min",3,2019,"California","CA","CA-609","San Bernardino City & County CoC",2018,2019,11.9582493343149,23.107469975717,-11.1492206414021
"pooled_lasso","min",3,2019,"California","CA","CA-611","Oxnard, San Buenaventura/Ventura County CoC",2018,2019,19.7279924728666,32.1260148998888,-12.3980224270222
"pooled_lasso","min",3,2019,"California","CA","CA-612","Glendale CoC",2018,2019,12.4468996482166,33.2994876948657,-20.8525880466491
"pooled_lasso","min",3,2019,"California","CA","CA-613","Imperial County CoC",2018,2019,77.9736776756891,41.4696747371716,36.5040029385175
"pooled_lasso","min",3,2019,"California","CA","CA-614","San Luis Obispo County CoC",2018,2019,52.3822811547414,47.9786709475218,4.40361020721962
"pooled_lasso","min",3,2019,"Florida","FL","FL-500","Sarasota, Bradenton/Manatee, Sarasota Counties CoC",2018,2019,13.560415534143,14.6417596955105,-1.08134416136747
"pooled_lasso","min",3,2019,"Florida","FL","FL-501","Tampa/Hillsborough County CoC",2018,2019,11.2094828148438,11.8458877205769,-0.636404905733066
"pooled_lasso","min",3,2019,"Florida","FL","FL-502","St. Petersburg, Clearwater, Largo/Pinellas County CoC",2018,2019,24.7693323870047,29.4157717036839,-4.64643931667918
"pooled_lasso","min",3,2019,"Florida","FL","FL-503","Lakeland/Polk County CoC",2018,2019,7.76790654228818,9.86529030623598,-2.0973837639478
"pooled_lasso","min",3,2019,"Florida","FL","FL-504","Deltona, Daytona Beach/Volusia, Flagler Counties CoC",2018,2019,13.0916490241111,17.6845989489302,-4.59294992481906
"pooled_lasso","min",3,2019,"Florida","FL","FL-505","Fort Walton Beach/Okaloosa, Walton Counties CoC",2018,2019,14.0093887482488,26.8302049135165,-12.8208161652677
"pooled_lasso","min",3,2019,"Florida","FL","FL-506","Tallahassee/Leon County CoC",2018,2019,21.4642095164621,32.8689090076681,-11.404699491206
"pooled_lasso","min",3,2019,"Florida","FL","FL-507","Orlando/Orange, Osceola, Seminole Counties CoC",2018,2019,8.96909410810837,1.90474749481451,7.06434661329386
"pooled_lasso","min",3,2019,"Florida","FL","FL-508","Gainesville/Alachua, Putnam Counties CoC",2018,2019,17.6241379177769,31.5484480977471,-13.9243101799702
"pooled_lasso","min",3,2019,"Florida","FL","FL-509","Fort Pierce/St. Lucie, Indian River, Martin Counties CoC",2018,2019,23.0892455562059,14.0344987276364,9.0547468285695
"pooled_lasso","min",3,2019,"Florida","FL","FL-510","Jacksonville-Duval, Clay Counties CoC",2018,2019,12.9223659202211,18.4311515017307,-5.5087855815096
"pooled_lasso","min",3,2019,"Florida","FL","FL-511","Pensacola/Escambia, Santa Rosa Counties CoC",2018,2019,10.3058120402921,25.400669922084,-15.0948578817919
"pooled_lasso","min",3,2019,"Florida","FL","FL-512","St. Johns County CoC",2018,2019,13.4506105670415,13.2377734786286,0.212837088412911
"pooled_lasso","min",3,2019,"Florida","FL","FL-513","Palm Bay, Melbourne/Brevard County CoC",2018,2019,13.539510451173,16.0046878122734,-2.46517736110036
"pooled_lasso","min",3,2019,"Florida","FL","FL-514","Ocala/Marion County CoC",2018,2019,12.9930876773556,19.811257145108,-6.8181694677524
"pooled_lasso","min",3,2019,"Florida","FL","FL-515","Panama City/Bay, Jackson Counties CoC",2018,2019,16.6012934040476,20.5913042902413,-3.99001088619372
"pooled_lasso","min",3,2019,"Florida","FL","FL-517","Hendry, Hardee, Highlands Counties CoC",2018,2019,14.7867439441225,16.8658482622174,-2.07910431809485
"pooled_lasso","min",3,2019,"Florida","FL","FL-518","Columbia, Hamilton, Lafayette, Suwannee Counties CoC",2018,2019,33.7768721309251,31.2589227478456,2.51794938307948
"pooled_lasso","min",3,2019,"Florida","FL","FL-519","Pasco County CoC",2018,2019,16.1387280732633,12.3315289237953,3.80719914946805
"pooled_lasso","min",3,2019,"Florida","FL","FL-520","Citrus, Hernando, Lake, Sumter Counties CoC",2018,2019,8.02974683168963,5.99870939934635,2.03103743234328
"pooled_lasso","min",3,2019,"Florida","FL","FL-600","Miami-Dade County CoC",2018,2019,12.7790823499967,14.1639717498614,-1.3848893998647
"pooled_lasso","min",3,2019,"Florida","FL","FL-601","Ft Lauderdale/Broward County CoC",2018,2019,14.353910173097,13.7388989473473,0.61501122574971
"pooled_lasso","min",3,2019,"Florida","FL","FL-602","Charlotte County CoC",2018,2019,8.25790058758139,25.9230232250421,-17.6651226374607
"pooled_lasso","min",3,2019,"Florida","FL","FL-603","Ft Myers, Cape Coral/Lee County CoC",2018,2019,4.82755130246556,10.8524505272001,-6.0248992247345
"pooled_lasso","min",3,2019,"Florida","FL","FL-604","Monroe County CoC",2018,2019,67.4947459179824,125.225603968113,-57.7308580501305
"pooled_lasso","min",3,2019,"Florida","FL","FL-605","West Palm Beach/Palm Beach County CoC",2018,2019,9.33343132211362,6.86000467199769,2.47342665011593
"pooled_lasso","min",3,2019,"Florida","FL","FL-606","Naples/Collier County CoC",2018,2019,12.9383583353685,13.0751020064555,-0.136743671087014
"pooled_lasso","1se",3,2019,"California","CA","CA-500","San Jose/Santa Clara City & County CoC",2018,2019,50.3461884003544,23.9011412398035,26.4450471605509
"pooled_lasso","1se",3,2019,"California","CA","CA-501","San Francisco CoC",2018,2019,91.1463798382166,94.168615931429,-3.02223609321243
"pooled_lasso","1se",3,2019,"California","CA","CA-502","Oakland, Berkeley/Alameda County CoC",2018,2019,47.9977311468897,23.3738989794353,24.6238321674544
"pooled_lasso","1se",3,2019,"California","CA","CA-503","Sacramento City & County CoC",2018,2019,35.8298465650124,24.7246296014811,11.1052169635313
"pooled_lasso","1se",3,2019,"California","CA","CA-504","Santa Rosa, Petaluma/Sonoma County CoC",2018,2019,59.6962389953392,39.5822356457218,20.1140033496174
"pooled_lasso","1se",3,2019,"California","CA","CA-505","Contra Costa County CoC",2018,2019,19.8955203437114,18.5971739210513,1.29834642266006
"pooled_lasso","1se",3,2019,"California","CA","CA-506","Salinas/Monterey, San Benito Counties CoC",2018,2019,54.4207829427877,30.8452729127247,23.575510030063
"pooled_lasso","1se",3,2019,"California","CA","CA-507","Marin County CoC",2018,2019,39.949618662731,42.1344022313968,-2.18478356866576
"pooled_lasso","1se",3,2019,"California","CA","CA-508","Watsonville/Santa Cruz City & County CoC",2018,2019,79.3154059287076,43.3032179919043,36.0121879368033
"pooled_lasso","1se",3,2019,"California","CA","CA-509","Mendocino County CoC",2018,2019,90.4909566680884,57.9170061267691,32.5739505413193
"pooled_lasso","1se",3,2019,"California","CA","CA-510","Turlock, Modesto/Stanislaus County CoC",2018,2019,34.9217302872916,29.0864214352232,5.8353088520684
"pooled_lasso","1se",3,2019,"California","CA","CA-511","Stockton/San Joaquin County CoC",2018,2019,34.5208542172911,28.0631809502774,6.45767326701373
"pooled_lasso","1se",3,2019,"California","CA","CA-512","Daly City/San Mateo County CoC",2018,2019,19.7241489068882,23.6987038418399,-3.97455493495167
"pooled_lasso","1se",3,2019,"California","CA","CA-513","Visalia/Kings, Tulare Counties CoC",2018,2019,17.1852665412228,20.9857955775398,-3.80052903631703
"pooled_lasso","1se",3,2019,"California","CA","CA-514","Fresno City & County/Madera County CoC",2018,2019,21.6874721124013,19.3762813395648,2.31119077283653
"pooled_lasso","1se",3,2019,"California","CA","CA-515","Roseville, Rocklin/Placer County CoC",2018,2019,15.4897082562404,29.2423467326676,-13.7526384764272
"pooled_lasso","1se",3,2019,"California","CA","CA-516","Redding/Shasta, Siskiyou, Lassen, Plumas, Del Norte, Modoc, Sierra Counties CoC",2018,2019,43.1463232871805,30.2376795750646,12.9086437121159
"pooled_lasso","1se",3,2019,"California","CA","CA-517","Napa City & County CoC",2018,2019,23.3766988035776,33.7799726495111,-10.4032738459335
"pooled_lasso","1se",3,2019,"California","CA","CA-518","Vallejo/Solano County CoC",2018,2019,25.7124538974138,24.3827706703933,1.32968322702049
"pooled_lasso","1se",3,2019,"California","CA","CA-519","Chico, Paradise/Butte County CoC",2018,2019,57.7591634502204,41.2440934302672,16.5150700199532
"pooled_lasso","1se",3,2019,"California","CA","CA-520","Merced City & County CoC",2018,2019,21.8957072889657,27.4479745659934,-5.55226727702772
"pooled_lasso","1se",3,2019,"California","CA","CA-521","Davis, Woodland/Yolo County CoC",2018,2019,29.7052154195011,31.601976558494,-1.89676113899291
"pooled_lasso","1se",3,2019,"California","CA","CA-522","Humboldt County CoC",2018,2019,125.555112940586,43.2511300806035,82.3039828599825
"pooled_lasso","1se",3,2019,"California","CA","CA-523","Colusa, Glenn, Trinity Counties CoC",2018,2019,30.8557653676175,42.9932441644445,-12.137478796827
"pooled_lasso","1se",3,2019,"California","CA","CA-524","Yuba City & County/Sutter County CoC",2018,2019,41.0501084611049,34.5758035413478,6.47430491975714
"pooled_lasso","1se",3,2019,"California","CA","CA-525","El Dorado County CoC",2018,2019,31.7875162697116,25.2821101893419,6.5054060803697
"pooled_lasso","1se",3,2019,"California","CA","CA-526","Amador, Calaveras, Mariposa, Tuolumne Counties CoC",2018,2019,53.7060341430551,30.4999232115831,23.206110931472
"pooled_lasso","1se",3,2019,"California","CA","CA-527","Tehama County CoC",2018,2019,44.2505070370598,33.8883517595179,10.3621552775419
"pooled_lasso","1se",3,2019,"California","CA","CA-529","Lake County CoC",2018,2019,63.3678128785761,35.0660692619971,28.301743616579
"pooled_lasso","1se",3,2019,"California","CA","CA-530","Alpine, Inyo, Mono Counties CoC",2018,2019,63.6677377127216,36.4833803615736,27.184357351148
"pooled_lasso","1se",3,2019,"California","CA","CA-600","Los Angeles City & County CoC",2018,2019,60.9171944236223,16.469103527307,44.4480908963153
"pooled_lasso","1se",3,2019,"California","CA","CA-601","San Diego City and County CoC",2018,2019,24.26961983986,17.1732979124121,7.09632192744787
"pooled_lasso","1se",3,2019,"California","CA","CA-602","Santa Ana, Anaheim/Orange County CoC",2018,2019,21.6015910862892,12.0847875174285,9.51680356886074
"pooled_lasso","1se",3,2019,"California","CA","CA-603","Santa Maria/Santa Barbara County CoC",2018,2019,40.3808295203349,35.3598149522535,5.02101456808136
"pooled_lasso","1se",3,2019,"California","CA","CA-604","Bakersfield/Kern County CoC",2018,2019,14.7744617319224,29.4203964844124,-14.64593475249
"pooled_lasso","1se",3,2019,"California","CA","CA-606","Long Beach CoC",2018,2019,40.4569394131799,43.4785385678128,-3.0215991546329
"pooled_lasso","1se",3,2019,"California","CA","CA-607","Pasadena CoC",2018,2019,38.5133676929631,50.8247413705784,-12.3113736776153
"pooled_lasso","1se",3,2019,"California","CA","CA-608","Riverside City & County CoC",2018,2019,11.3780516533592,10.285599436818,1.09245221654124
"pooled_lasso","1se",3,2019,"California","CA","CA-609","San Bernardino City & County CoC",2018,2019,11.9582493343149,10.9380037596207,1.02024557469421
"pooled_lasso","1se",3,2019,"California","CA","CA-611","Oxnard, San Buenaventura/Ventura County CoC",2018,2019,19.7279924728666,18.4313577716335,1.29663470123308
"pooled_lasso","1se",3,2019,"California","CA","CA-612","Glendale CoC",2018,2019,12.4468996482166,29.3847970042546,-16.937897356038
"pooled_lasso","1se",3,2019,"California","CA","CA-613","Imperial County CoC",2018,2019,77.9736776756891,30.7620178381659,47.2116598375232
"pooled_lasso","1se",3,2019,"California","CA","CA-614","San Luis Obispo County CoC",2018,2019,52.3822811547414,30.180101559328,22.2021795954134
"pooled_lasso","1se",3,2019,"Florida","FL","FL-500","Sarasota, Bradenton/Manatee, Sarasota Counties CoC",2018,2019,13.560415534143,16.5004286714215,-2.94001313727847
"pooled_lasso","1se",3,2019,"Florida","FL","FL-501","Tampa/Hillsborough County CoC",2018,2019,11.2094828148438,14.6627737639965,-3.45329094915272
"pooled_lasso","1se",3,2019,"Florida","FL","FL-502","St. Petersburg, Clearwater, Largo/Pinellas County CoC",2018,2019,24.7693323870047,27.5373016180885,-2.76796923108376
"pooled_lasso","1se",3,2019,"Florida","FL","FL-503","Lakeland/Polk County CoC",2018,2019,7.76790654228818,14.8307615989048,-7.06285505661658
"pooled_lasso","1se",3,2019,"Florida","FL","FL-504","Deltona, Daytona Beach/Volusia, Flagler Counties CoC",2018,2019,13.0916490241111,15.7445173258152,-2.65286830170414
"pooled_lasso","1se",3,2019,"Florida","FL","FL-505","Fort Walton Beach/Okaloosa, Walton Counties CoC",2018,2019,14.0093887482488,22.1815166258236,-8.17212787757479
"pooled_lasso","1se",3,2019,"Florida","FL","FL-506","Tallahassee/Leon County CoC",2018,2019,21.4642095164621,26.2990537138768,-4.83484419741475
"pooled_lasso","1se",3,2019,"Florida","FL","FL-507","Orlando/Orange, Osceola, Seminole Counties CoC",2018,2019,8.96909410810837,9.22013992139335,-0.251045813284978
"pooled_lasso","1se",3,2019,"Florida","FL","FL-508","Gainesville/Alachua, Putnam Counties CoC",2018,2019,17.6241379177769,26.2761921937408,-8.65205427596388
"pooled_lasso","1se",3,2019,"Florida","FL","FL-509","Fort Pierce/St. Lucie, Indian River, Martin Counties CoC",2018,2019,23.0892455562059,14.1148450037228,8.97440055248314
"pooled_lasso","1se",3,2019,"Florida","FL","FL-510","Jacksonville-Duval, Clay Counties CoC",2018,2019,12.9223659202211,17.1657903666747,-4.2434244464536
"pooled_lasso","1se",3,2019,"Florida","FL","FL-511","Pensacola/Escambia, Santa Rosa Counties CoC",2018,2019,10.3058120402921,22.0514097233932,-11.7455976831011
"pooled_lasso","1se",3,2019,"Florida","FL","FL-512","St. Johns County CoC",2018,2019,13.4506105670415,19.1935653808252,-5.74295481378373
"pooled_lasso","1se",3,2019,"Florida","FL","FL-513","Palm Bay, Melbourne/Brevard County CoC",2018,2019,13.539510451173,17.4758262188626,-3.93631576768965
"pooled_lasso","1se",3,2019,"Florida","FL","FL-514","Ocala/Marion County CoC",2018,2019,12.9930876773556,20.5551614625904,-7.56207378523484
"pooled_lasso","1se",3,2019,"Florida","FL","FL-515","Panama City/Bay, Jackson Counties CoC",2018,2019,16.6012934040476,17.8101458519586,-1.20885244791099
"pooled_lasso","1se",3,2019,"Florida","FL","FL-517","Hendry, Hardee, Highlands Counties CoC",2018,2019,14.7867439441225,17.8060543761406,-3.01931043201806
"pooled_lasso","1se",3,2019,"Florida","FL","FL-518","Columbia, Hamilton, Lafayette, Suwannee Counties CoC",2018,2019,33.7768721309251,26.5408227583589,7.23604937256621
"pooled_lasso","1se",3,2019,"Florida","FL","FL-519","Pasco County CoC",2018,2019,16.1387280732633,15.3189759380804,0.819752135182949
"pooled_lasso","1se",3,2019,"Florida","FL","FL-520","Citrus, Hernando, Lake, Sumter Counties CoC",2018,2019,8.02974683168963,10.2329267495316,-2.20317991784202
"pooled_lasso","1se",3,2019,"Florida","FL","FL-600","Miami-Dade County CoC",2018,2019,12.7790823499967,14.5312119967845,-1.75212964678783
"pooled_lasso","1se",3,2019,"Florida","FL","FL-601","Ft Lauderdale/Broward County CoC",2018,2019,14.353910173097,12.5758851164373,1.77802505665975
"pooled_lasso","1se",3,2019,"Florida","FL","FL-602","Charlotte County CoC",2018,2019,8.25790058758139,23.1896667583543,-14.9317661707729
"pooled_lasso","1se",3,2019,"Florida","FL","FL-603","Ft Myers, Cape Coral/Lee County CoC",2018,2019,4.82755130246556,13.2566341845866,-8.42908288212101
"pooled_lasso","1se",3,2019,"Florida","FL","FL-604","Monroe County CoC",2018,2019,67.4947459179824,108.814581098776,-41.3198351807932
"pooled_lasso","1se",3,2019,"Florida","FL","FL-605","West Palm Beach/Palm Beach County CoC",2018,2019,9.33343132211362,9.01755555926123,0.315875762852389
"pooled_lasso","1se",3,2019,"Florida","FL","FL-606","Naples/Collier County CoC",2018,2019,12.9383583353685,19.1689610833913,-6.23060274802281
"pooled_lasso_state_interactions","min",3,2019,"California","CA","CA-500","San Jose/Santa Clara City & County CoC",2018,2019,50.3461884003544,44.0406417265882,6.30554667376624
"pooled_lasso_state_interactions","min",3,2019,"California","CA","CA-501","San Francisco CoC",2018,2019,91.1463798382166,126.850972235881,-35.7045923976648
"pooled_lasso_state_interactions","min",3,2019,"California","CA","CA-502","Oakland, Berkeley/Alameda County CoC",2018,2019,47.9977311468897,41.2287857896463,6.76894535724344
"pooled_lasso_state_interactions","min",3,2019,"California","CA","CA-503","Sacramento City & County CoC",2018,2019,35.8298465650124,47.0681275926944,-11.238281027682
"pooled_lasso_state_interactions","min",3,2019,"California","CA","CA-504","Santa Rosa, Petaluma/Sonoma County CoC",2018,2019,59.6962389953392,79.8603389756893,-20.1640999803501
"pooled_lasso_state_interactions","min",3,2019,"California","CA","CA-505","Contra Costa County CoC",2018,2019,19.8955203437114,31.1779425568497,-11.2824222131383
"pooled_lasso_state_interactions","min",3,2019,"California","CA","CA-506","Salinas/Monterey, San Benito Counties CoC",2018,2019,54.4207829427877,64.667280353529,-10.2464974107413
"pooled_lasso_state_interactions","min",3,2019,"California","CA","CA-507","Marin County CoC",2018,2019,39.949618662731,71.4651905794165,-31.5155719166855
"pooled_lasso_state_interactions","min",3,2019,"California","CA","CA-508","Watsonville/Santa Cruz City & County CoC",2018,2019,79.3154059287076,85.4046316990868,-6.08922577037919
"pooled_lasso_state_interactions","min",3,2019,"California","CA","CA-509","Mendocino County CoC",2018,2019,90.4909566680884,109.241291987522,-18.7503353194338
"pooled_lasso_state_interactions","min",3,2019,"California","CA","CA-510","Turlock, Modesto/Stanislaus County CoC",2018,2019,34.9217302872916,52.8920515447734,-17.9703212574818
"pooled_lasso_state_interactions","min",3,2019,"California","CA","CA-511","Stockton/San Joaquin County CoC",2018,2019,34.5208542172911,50.4898433628975,-15.9689891456064
"pooled_lasso_state_interactions","min",3,2019,"California","CA","CA-512","Daly City/San Mateo County CoC",2018,2019,19.7241489068882,36.5186959814623,-16.7945470745741
"pooled_lasso_state_interactions","min",3,2019,"California","CA","CA-513","Visalia/Kings, Tulare Counties CoC",2018,2019,17.1852665412228,37.8420676986397,-20.6568011574169
"pooled_lasso_state_interactions","min",3,2019,"California","CA","CA-514","Fresno City & County/Madera County CoC",2018,2019,21.6874721124013,38.0269557852318,-16.3394836728305
"pooled_lasso_state_interactions","min",3,2019,"California","CA","CA-515","Roseville, Rocklin/Placer County CoC",2018,2019,15.4897082562404,41.7386522651783,-26.2489440089379
"pooled_lasso_state_interactions","min",3,2019,"California","CA","CA-516","Redding/Shasta, Siskiyou, Lassen, Plumas, Del Norte, Modoc, Sierra Counties CoC",2018,2019,43.1463232871805,46.3806783938443,-3.23435510666378
"pooled_lasso_state_interactions","min",3,2019,"California","CA","CA-517","Napa City & County CoC",2018,2019,23.3766988035776,57.4574690247813,-34.0807702212037
"pooled_lasso_state_interactions","min",3,2019,"California","CA","CA-518","Vallejo/Solano County CoC",2018,2019,25.7124538974138,44.557388282609,-18.8449343851951
"pooled_lasso_state_interactions","min",3,2019,"California","CA","CA-519","Chico, Paradise/Butte County CoC",2018,2019,57.7591634502204,71.818538554255,-14.0593751040346
"pooled_lasso_state_interactions","min",3,2019,"California","CA","CA-520","Merced City & County CoC",2018,2019,21.8957072889657,41.4423998392295,-19.5466925502638
"pooled_lasso_state_interactions","min",3,2019,"California","CA","CA-521","Davis, Woodland/Yolo County CoC",2018,2019,29.7052154195011,43.3212566880209,-13.6160412685198
"pooled_lasso_state_interactions","min",3,2019,"California","CA","CA-522","Humboldt County CoC",2018,2019,125.555112940586,80.0904746589335,45.4646382816525
"pooled_lasso_state_interactions","min",3,2019,"California","CA","CA-523","Colusa, Glenn, Trinity Counties CoC",2018,2019,30.8557653676175,54.1789742981533,-23.3232089305358
"pooled_lasso_state_interactions","min",3,2019,"California","CA","CA-524","Yuba City & County/Sutter County CoC",2018,2019,41.0501084611049,51.1767852605751,-10.1266767994702
"pooled_lasso_state_interactions","min",3,2019,"California","CA","CA-525","El Dorado County CoC",2018,2019,31.7875162697116,33.6222215458573,-1.83470527614572
"pooled_lasso_state_interactions","min",3,2019,"California","CA","CA-526","Amador, Calaveras, Mariposa, Tuolumne Counties CoC",2018,2019,53.7060341430551,45.5716086731235,8.13442546993158
"pooled_lasso_state_interactions","min",3,2019,"California","CA","CA-527","Tehama County CoC",2018,2019,44.2505070370598,54.0394463580237,-9.78893932096393
"pooled_lasso_state_interactions","min",3,2019,"California","CA","CA-529","Lake County CoC",2018,2019,63.3678128785761,50.99599325414,12.3718196244361
"pooled_lasso_state_interactions","min",3,2019,"California","CA","CA-530","Alpine, Inyo, Mono Counties CoC",2018,2019,63.6677377127216,49.5578617185675,14.1098759941541
"pooled_lasso_state_interactions","min",3,2019,"California","CA","CA-600","Los Angeles City & County CoC",2018,2019,60.9171944236223,52.8242483300594,8.09294609356291
"pooled_lasso_state_interactions","min",3,2019,"California","CA","CA-601","San Diego City and County CoC",2018,2019,24.26961983986,49.5214705309776,-25.2518506911176
"pooled_lasso_state_interactions","min",3,2019,"California","CA","CA-602","Santa Ana, Anaheim/Orange County CoC",2018,2019,21.6015910862892,26.9202675499365,-5.31867646364726
"pooled_lasso_state_interactions","min",3,2019,"California","CA","CA-603","Santa Maria/Santa Barbara County CoC",2018,2019,40.3808295203349,72.2808680875026,-31.9000385671677
"pooled_lasso_state_interactions","min",3,2019,"California","CA","CA-604","Bakersfield/Kern County CoC",2018,2019,14.7744617319224,58.2101214977579,-43.4356597658355
"pooled_lasso_state_interactions","min",3,2019,"California","CA","CA-606","Long Beach CoC",2018,2019,40.4569394131799,72.5068875244056,-32.0499481112257
"pooled_lasso_state_interactions","min",3,2019,"California","CA","CA-607","Pasadena CoC",2018,2019,38.5133676929631,87.9887510385016,-49.4753833455385
"pooled_lasso_state_interactions","min",3,2019,"California","CA","CA-608","Riverside City & County CoC",2018,2019,11.3780516533592,30.0037509241942,-18.625699270835
"pooled_lasso_state_interactions","min",3,2019,"California","CA","CA-609","San Bernardino City & County CoC",2018,2019,11.9582493343149,33.3855904279385,-21.4273410936236
"pooled_lasso_state_interactions","min",3,2019,"California","CA","CA-611","Oxnard, San Buenaventura/Ventura County CoC",2018,2019,19.7279924728666,43.8728625591015,-24.1448700862349
"pooled_lasso_state_interactions","min",3,2019,"California","CA","CA-612","Glendale CoC",2018,2019,12.4468996482166,43.424376165507,-30.9774765172904
"pooled_lasso_state_interactions","min",3,2019,"California","CA","CA-613","Imperial County CoC",2018,2019,77.9736776756891,47.9003612790585,30.0733163966306
"pooled_lasso_state_interactions","min",3,2019,"California","CA","CA-614","San Luis Obispo County CoC",2018,2019,52.3822811547414,58.8617456276184,-6.479464472877
"pooled_lasso_state_interactions","min",3,2019,"Florida","FL","FL-500","Sarasota, Bradenton/Manatee, Sarasota Counties CoC",2018,2019,13.560415534143,15.7433943954794,-2.18297886133641
"pooled_lasso_state_interactions","min",3,2019,"Florida","FL","FL-501","Tampa/Hillsborough County CoC",2018,2019,11.2094828148438,9.92749547969885,1.28198733514495
"pooled_lasso_state_interactions","min",3,2019,"Florida","FL","FL-502","St. Petersburg, Clearwater, Largo/Pinellas County CoC",2018,2019,24.7693323870047,18.9262478423599,5.84308454464479
"pooled_lasso_state_interactions","min",3,2019,"Florida","FL","FL-503","Lakeland/Polk County CoC",2018,2019,7.76790654228818,11.0544508673323,-3.28654432504417
"pooled_lasso_state_interactions","min",3,2019,"Florida","FL","FL-504","Deltona, Daytona Beach/Volusia, Flagler Counties CoC",2018,2019,13.0916490241111,21.5727597892032,-8.48111076509208
"pooled_lasso_state_interactions","min",3,2019,"Florida","FL","FL-505","Fort Walton Beach/Okaloosa, Walton Counties CoC",2018,2019,14.0093887482488,33.0216090895007,-19.0122203412519
"pooled_lasso_state_interactions","min",3,2019,"Florida","FL","FL-506","Tallahassee/Leon County CoC",2018,2019,21.4642095164621,34.1995485927084,-12.7353390762463
"pooled_lasso_state_interactions","min",3,2019,"Florida","FL","FL-507","Orlando/Orange, Osceola, Seminole Counties CoC",2018,2019,8.96909410810837,-3.18049735876568,12.1495914668741
"pooled_lasso_state_interactions","min",3,2019,"Florida","FL","FL-508","Gainesville/Alachua, Putnam Counties CoC",2018,2019,17.6241379177769,29.3955188321477,-11.7713809143708
"pooled_lasso_state_interactions","min",3,2019,"Florida","FL","FL-509","Fort Pierce/St. Lucie, Indian River, Martin Counties CoC",2018,2019,23.0892455562059,21.0650611481253,2.02418440808059
"pooled_lasso_state_interactions","min",3,2019,"Florida","FL","FL-510","Jacksonville-Duval, Clay Counties CoC",2018,2019,12.9223659202211,14.8354012246965,-1.91303530447536
"pooled_lasso_state_interactions","min",3,2019,"Florida","FL","FL-511","Pensacola/Escambia, Santa Rosa Counties CoC",2018,2019,10.3058120402921,25.1574740749454,-14.8516620346533
"pooled_lasso_state_interactions","min",3,2019,"Florida","FL","FL-512","St. Johns County CoC",2018,2019,13.4506105670415,31.4207525745064,-17.9701420074649
"pooled_lasso_state_interactions","min",3,2019,"Florida","FL","FL-513","Palm Bay, Melbourne/Brevard County CoC",2018,2019,13.539510451173,15.5443722162198,-2.00486176504682
"pooled_lasso_state_interactions","min",3,2019,"Florida","FL","FL-514","Ocala/Marion County CoC",2018,2019,12.9930876773556,24.5546216486316,-11.561533971276
"pooled_lasso_state_interactions","min",3,2019,"Florida","FL","FL-515","Panama City/Bay, Jackson Counties CoC",2018,2019,16.6012934040476,26.0451966808798,-9.44390327683218
"pooled_lasso_state_interactions","min",3,2019,"Florida","FL","FL-517","Hendry, Hardee, Highlands Counties CoC",2018,2019,14.7867439441225,23.8862393779872,-9.09949543386471
"pooled_lasso_state_interactions","min",3,2019,"Florida","FL","FL-518","Columbia, Hamilton, Lafayette, Suwannee Counties CoC",2018,2019,33.7768721309251,38.6494065403606,-4.87253440943551
"pooled_lasso_state_interactions","min",3,2019,"Florida","FL","FL-519","Pasco County CoC",2018,2019,16.1387280732633,15.8212894285143,0.317438644748993
"pooled_lasso_state_interactions","min",3,2019,"Florida","FL","FL-520","Citrus, Hernando, Lake, Sumter Counties CoC",2018,2019,8.02974683168963,8.03085439966815,-0.00110756797851685
"pooled_lasso_state_interactions","min",3,2019,"Florida","FL","FL-600","Miami-Dade County CoC",2018,2019,12.7790823499967,19.9850240395146,-7.20594168951792
"pooled_lasso_state_interactions","min",3,2019,"Florida","FL","FL-601","Ft Lauderdale/Broward County CoC",2018,2019,14.353910173097,15.5198449730558,-1.16593479995875
"pooled_lasso_state_interactions","min",3,2019,"Florida","FL","FL-602","Charlotte County CoC",2018,2019,8.25790058758139,38.3046057814218,-30.0467051938404
"pooled_lasso_state_interactions","min",3,2019,"Florida","FL","FL-603","Ft Myers, Cape Coral/Lee County CoC",2018,2019,4.82755130246556,15.2176084569934,-10.3900571545279
"pooled_lasso_state_interactions","min",3,2019,"Florida","FL","FL-604","Monroe County CoC",2018,2019,67.4947459179824,108.247163299751,-40.7524173817681
"pooled_lasso_state_interactions","min",3,2019,"Florida","FL","FL-605","West Palm Beach/Palm Beach County CoC",2018,2019,9.33343132211362,6.21738389650632,3.1160474256073
"pooled_lasso_state_interactions","min",3,2019,"Florida","FL","FL-606","Naples/Collier County CoC",2018,2019,12.9383583353685,19.4411870287515,-6.50282869338295
"pooled_lasso_state_interactions","1se",3,2019,"California","CA","CA-500","San Jose/Santa Clara City & County CoC",2018,2019,50.3461884003544,25.4107977130723,24.9353906872821
"pooled_lasso_state_interactions","1se",3,2019,"California","CA","CA-501","San Francisco CoC",2018,2019,91.1463798382166,109.928005524457,-18.7816256862401
"pooled_lasso_state_interactions","1se",3,2019,"California","CA","CA-502","Oakland, Berkeley/Alameda County CoC",2018,2019,47.9977311468897,23.0776885209774,24.9200426259123
"pooled_lasso_state_interactions","1se",3,2019,"California","CA","CA-503","Sacramento City & County CoC",2018,2019,35.8298465650124,28.1968703529111,7.63297621210132
"pooled_lasso_state_interactions","1se",3,2019,"California","CA","CA-504","Santa Rosa, Petaluma/Sonoma County CoC",2018,2019,59.6962389953392,49.543325469819,10.1529135255202
"pooled_lasso_state_interactions","1se",3,2019,"California","CA","CA-505","Contra Costa County CoC",2018,2019,19.8955203437114,17.0724498084293,2.8230705352821
"pooled_lasso_state_interactions","1se",3,2019,"California","CA","CA-506","Salinas/Monterey, San Benito Counties CoC",2018,2019,54.4207829427877,35.5207586502959,18.9000242924918
"pooled_lasso_state_interactions","1se",3,2019,"California","CA","CA-507","Marin County CoC",2018,2019,39.949618662731,51.154127582371,-11.20450891964
"pooled_lasso_state_interactions","1se",3,2019,"California","CA","CA-508","Watsonville/Santa Cruz City & County CoC",2018,2019,79.3154059287076,55.537369434058,23.7780364946496
"pooled_lasso_state_interactions","1se",3,2019,"California","CA","CA-509","Mendocino County CoC",2018,2019,90.4909566680884,75.8806683921442,14.6102882759442
"pooled_lasso_state_interactions","1se",3,2019,"California","CA","CA-510","Turlock, Modesto/Stanislaus County CoC",2018,2019,34.9217302872916,32.1386442248517,2.78308606243992
"pooled_lasso_state_interactions","1se",3,2019,"California","CA","CA-511","Stockton/San Joaquin County CoC",2018,2019,34.5208542172911,29.3681201351714,5.15273408211971
"pooled_lasso_state_interactions","1se",3,2019,"California","CA","CA-512","Daly City/San Mateo County CoC",2018,2019,19.7241489068882,21.2765892429021,-1.55244033601391
"pooled_lasso_state_interactions","1se",3,2019,"California","CA","CA-513","Visalia/Kings, Tulare Counties CoC",2018,2019,17.1852665412228,22.8827690293608,-5.69750248813796
"pooled_lasso_state_interactions","1se",3,2019,"California","CA","CA-514","Fresno City & County/Madera County CoC",2018,2019,21.6874721124013,23.2632406277632,-1.5757685153619
"pooled_lasso_state_interactions","1se",3,2019,"California","CA","CA-515","Roseville, Rocklin/Placer County CoC",2018,2019,15.4897082562404,27.0653101386439,-11.5756018824035
"pooled_lasso_state_interactions","1se",3,2019,"California","CA","CA-516","Redding/Shasta, Siskiyou, Lassen, Plumas, Del Norte, Modoc, Sierra Counties CoC",2018,2019,43.1463232871805,30.3092845577373,12.8370387294432
"pooled_lasso_state_interactions","1se",3,2019,"California","CA","CA-517","Napa City & County CoC",2018,2019,23.3766988035776,37.780607356541,-14.4039085529634
"pooled_lasso_state_interactions","1se",3,2019,"California","CA","CA-518","Vallejo/Solano County CoC",2018,2019,25.7124538974138,25.5162944521725,0.196159445241346
"pooled_lasso_state_interactions","1se",3,2019,"California","CA","CA-519","Chico, Paradise/Butte County CoC",2018,2019,57.7591634502204,48.7635016046048,8.99566184561555
"pooled_lasso_state_interactions","1se",3,2019,"California","CA","CA-520","Merced City & County CoC",2018,2019,21.8957072889657,28.6841069191291,-6.78839963016336
"pooled_lasso_state_interactions","1se",3,2019,"California","CA","CA-521","Davis, Woodland/Yolo County CoC",2018,2019,29.7052154195011,31.4354855736663,-1.73027015416517
"pooled_lasso_state_interactions","1se",3,2019,"California","CA","CA-522","Humboldt County CoC",2018,2019,125.555112940586,48.7594224069099,76.7956905336761
"pooled_lasso_state_interactions","1se",3,2019,"California","CA","CA-523","Colusa, Glenn, Trinity Counties CoC",2018,2019,30.8557653676175,42.7255082971932,-11.8697429295757
"pooled_lasso_state_interactions","1se",3,2019,"California","CA","CA-524","Yuba City & County/Sutter County CoC",2018,2019,41.0501084611049,33.2196694592713,7.83043900183355
"pooled_lasso_state_interactions","1se",3,2019,"California","CA","CA-525","El Dorado County CoC",2018,2019,31.7875162697116,22.9095423372001,8.87797393251154
"pooled_lasso_state_interactions","1se",3,2019,"California","CA","CA-526","Amador, Calaveras, Mariposa, Tuolumne Counties CoC",2018,2019,53.7060341430551,30.9298628229677,22.7761713200874
"pooled_lasso_state_interactions","1se",3,2019,"California","CA","CA-527","Tehama County CoC",2018,2019,44.2505070370598,36.3474919096812,7.90301512737861
"pooled_lasso_state_interactions","1se",3,2019,"California","CA","CA-529","Lake County CoC",2018,2019,63.3678128785761,36.9450890062417,26.4227238723344
"pooled_lasso_state_interactions","1se",3,2019,"California","CA","CA-530","Alpine, Inyo, Mono Counties CoC",2018,2019,63.6677377127216,35.6203196788402,28.0474180338814
"pooled_lasso_state_interactions","1se",3,2019,"California","CA","CA-600","Los Angeles City & County CoC",2018,2019,60.9171944236223,22.3745011312825,38.5426932923398
"pooled_lasso_state_interactions","1se",3,2019,"California","CA","CA-601","San Diego City and County CoC",2018,2019,24.26961983986,21.4947848647706,2.7748349750894
"pooled_lasso_state_interactions","1se",3,2019,"California","CA","CA-602","Santa Ana, Anaheim/Orange County CoC",2018,2019,21.6015910862892,7.95897563250522,13.642615453784
"pooled_lasso_state_interactions","1se",3,2019,"California","CA","CA-603","Santa Maria/Santa Barbara County CoC",2018,2019,40.3808295203349,42.9706386068778,-2.58980908654292
"pooled_lasso_state_interactions","1se",3,2019,"California","CA","CA-604","Bakersfield/Kern County CoC",2018,2019,14.7744617319224,39.7842757270732,-25.0098139951508
"pooled_lasso_state_interactions","1se",3,2019,"California","CA","CA-606","Long Beach CoC",2018,2019,40.4569394131799,47.1659213518875,-6.7089819387076
"pooled_lasso_state_interactions","1se",3,2019,"California","CA","CA-607","Pasadena CoC",2018,2019,38.5133676929631,59.869610744483,-21.3562430515198
"pooled_lasso_state_interactions","1se",3,2019,"California","CA","CA-608","Riverside City & County CoC",2018,2019,11.3780516533592,11.3580421833329,0.0200094700263413
"pooled_lasso_state_interactions","1se",3,2019,"California","CA","CA-609","San Bernardino City & County CoC",2018,2019,11.9582493343149,13.1099595934782,-1.15171025916331
"pooled_lasso_state_interactions","1se",3,2019,"California","CA","CA-611","Oxnard, San Buenaventura/Ventura County CoC",2018,2019,19.7279924728666,21.8289024664734,-2.10090999360678
"pooled_lasso_state_interactions","1se",3,2019,"California","CA","CA-612","Glendale CoC",2018,2019,12.4468996482166,25.4406116792809,-12.9937120310643
"pooled_lasso_state_interactions","1se",3,2019,"California","CA","CA-613","Imperial County CoC",2018,2019,77.9736776756891,33.4096867463648,44.5639909293243
"pooled_lasso_state_interactions","1se",3,2019,"California","CA","CA-614","San Luis Obispo County CoC",2018,2019,52.3822811547414,37.0486290881665,15.3336520665749
"pooled_lasso_state_interactions","1se",3,2019,"Florida","FL","FL-500","Sarasota, Bradenton/Manatee, Sarasota Counties CoC",2018,2019,13.560415534143,15.1747901635639,-1.6143746294209
"pooled_lasso_state_interactions","1se",3,2019,"Florida","FL","FL-501","Tampa/Hillsborough County CoC",2018,2019,11.2094828148438,11.1244616239329,0.0850211909109451
"pooled_lasso_state_interactions","1se",3,2019,"Florida","FL","FL-502","St. Petersburg, Clearwater, Largo/Pinellas County CoC",2018,2019,24.7693323870047,28.3812892878534,-3.61195690084867
"pooled_lasso_state_interactions","1se",3,2019,"Florida","FL","FL-503","Lakeland/Polk County CoC",2018,2019,7.76790654228818,10.3634390985563,-2.59553255626815
"pooled_lasso_state_interactions","1se",3,2019,"Florida","FL","FL-504","Deltona, Daytona Beach/Volusia, Flagler Counties CoC",2018,2019,13.0916490241111,17.7900873257017,-4.69843830159062
"pooled_lasso_state_interactions","1se",3,2019,"Florida","FL","FL-505","Fort Walton Beach/Okaloosa, Walton Counties CoC",2018,2019,14.0093887482488,26.9615014270747,-12.9521126788259
"pooled_lasso_state_interactions","1se",3,2019,"Florida","FL","FL-506","Tallahassee/Leon County CoC",2018,2019,21.4642095164621,31.8759010595928,-10.4116915431307
"pooled_lasso_state_interactions","1se",3,2019,"Florida","FL","FL-507","Orlando/Orange, Osceola, Seminole Counties CoC",2018,2019,8.96909410810837,1.83119273702503,7.13790137108334
"pooled_lasso_state_interactions","1se",3,2019,"Florida","FL","FL-508","Gainesville/Alachua, Putnam Counties CoC",2018,2019,17.6241379177769,30.0532884289367,-12.4291505111598
"pooled_lasso_state_interactions","1se",3,2019,"Florida","FL","FL-509","Fort Pierce/St. Lucie, Indian River, Martin Counties CoC",2018,2019,23.0892455562059,14.47332225211,8.61592330409592
"pooled_lasso_state_interactions","1se",3,2019,"Florida","FL","FL-510","Jacksonville-Duval, Clay Counties CoC",2018,2019,12.9223659202211,17.7329157778329,-4.81054985761176
"pooled_lasso_state_interactions","1se",3,2019,"Florida","FL","FL-511","Pensacola/Escambia, Santa Rosa Counties CoC",2018,2019,10.3058120402921,25.3123795298912,-15.0065674895991
"pooled_lasso_state_interactions","1se",3,2019,"Florida","FL","FL-512","St. Johns County CoC",2018,2019,13.4506105670415,14.9830017255333,-1.53239115849177
"pooled_lasso_state_interactions","1se",3,2019,"Florida","FL","FL-513","Palm Bay, Melbourne/Brevard County CoC",2018,2019,13.539510451173,17.1236040534361,-3.58409360226308
"pooled_lasso_state_interactions","1se",3,2019,"Florida","FL","FL-514","Ocala/Marion County CoC",2018,2019,12.9930876773556,21.1602689958488,-8.16718131849316
"pooled_lasso_state_interactions","1se",3,2019,"Florida","FL","FL-515","Panama City/Bay, Jackson Counties CoC",2018,2019,16.6012934040476,20.7898829218206,-4.18858951777301
"pooled_lasso_state_interactions","1se",3,2019,"Florida","FL","FL-517","Hendry, Hardee, Highlands Counties CoC",2018,2019,14.7867439441225,18.1067669387331,-3.32002299461057
"pooled_lasso_state_interactions","1se",3,2019,"Florida","FL","FL-518","Columbia, Hamilton, Lafayette, Suwannee Counties CoC",2018,2019,33.7768721309251,31.4237172621687,2.35315486875644
"pooled_lasso_state_interactions","1se",3,2019,"Florida","FL","FL-519","Pasco County CoC",2018,2019,16.1387280732633,12.8765101531174,3.26221792014588
"pooled_lasso_state_interactions","1se",3,2019,"Florida","FL","FL-520","Citrus, Hernando, Lake, Sumter Counties CoC",2018,2019,8.02974683168963,6.96103873837038,1.06870809331925
"pooled_lasso_state_interactions","1se",3,2019,"Florida","FL","FL-600","Miami-Dade County CoC",2018,2019,12.7790823499967,12.8632620802408,-0.0841797302441059
"pooled_lasso_state_interactions","1se",3,2019,"Florida","FL","FL-601","Ft Lauderdale/Broward County CoC",2018,2019,14.353910173097,12.915318332283,1.438591840814
"pooled_lasso_state_interactions","1se",3,2019,"Florida","FL","FL-602","Charlotte County CoC",2018,2019,8.25790058758139,27.6233390796234,-19.365438492042
"pooled_lasso_state_interactions","1se",3,2019,"Florida","FL","FL-603","Ft Myers, Cape Coral/Lee County CoC",2018,2019,4.82755130246556,11.297487539474,-6.46993623700841
"pooled_lasso_state_interactions","1se",3,2019,"Florida","FL","FL-604","Monroe County CoC",2018,2019,67.4947459179824,126.597045990763,-59.1023000727803
"pooled_lasso_state_interactions","1se",3,2019,"Florida","FL","FL-605","West Palm Beach/Palm Beach County CoC",2018,2019,9.33343132211362,6.60972034254356,2.72371097957006
"pooled_lasso_state_interactions","1se",3,2019,"Florida","FL","FL-606","Naples/Collier County CoC",2018,2019,12.9383583353685,14.8367399440551,-1.89838160868662
"separate_lasso_CA","min",3,2019,"California","CA","CA-500","San Jose/Santa Clara City & County CoC",2018,2019,50.3461884003544,26.6055272038857,23.7406611964687
"separate_lasso_CA","min",3,2019,"California","CA","CA-501","San Francisco CoC",2018,2019,91.1463798382166,103.825146363571,-12.6787665253546
"separate_lasso_CA","min",3,2019,"California","CA","CA-502","Oakland, Berkeley/Alameda County CoC",2018,2019,47.9977311468897,25.3525484264107,22.645182720479
"separate_lasso_CA","min",3,2019,"California","CA","CA-503","Sacramento City & County CoC",2018,2019,35.8298465650124,30.3228049364832,5.50704162852918
"separate_lasso_CA","min",3,2019,"California","CA","CA-504","Santa Rosa, Petaluma/Sonoma County CoC",2018,2019,59.6962389953392,65.3103254892989,-5.6140864939597
"separate_lasso_CA","min",3,2019,"California","CA","CA-505","Contra Costa County CoC",2018,2019,19.8955203437114,10.0177534633023,9.8777668804091
"separate_lasso_CA","min",3,2019,"California","CA","CA-506","Salinas/Monterey, San Benito Counties CoC",2018,2019,54.4207829427877,49.7288345516304,4.69194839115728
"separate_lasso_CA","min",3,2019,"California","CA","CA-507","Marin County CoC",2018,2019,39.949618662731,55.878088169894,-15.928469507163
"separate_lasso_CA","min",3,2019,"California","CA","CA-508","Watsonville/Santa Cruz City & County CoC",2018,2019,79.3154059287076,71.8605175354335,7.45488839327415
"separate_lasso_CA","min",3,2019,"California","CA","CA-509","Mendocino County CoC",2018,2019,90.4909566680884,97.6070377043071,-7.11608103621869
"separate_lasso_CA","min",3,2019,"California","CA","CA-510","Turlock, Modesto/Stanislaus County CoC",2018,2019,34.9217302872916,33.2009803405783,1.7207499467133
"separate_lasso_CA","min",3,2019,"California","CA","CA-511","Stockton/San Joaquin County CoC",2018,2019,34.5208542172911,32.965182678889,1.55567153840212
"separate_lasso_CA","min",3,2019,"California","CA","CA-512","Daly City/San Mateo County CoC",2018,2019,19.7241489068882,18.2666785238978,1.45747038299044
"separate_lasso_CA","min",3,2019,"California","CA","CA-513","Visalia/Kings, Tulare Counties CoC",2018,2019,17.1852665412228,17.9815784757446,-0.796311934521778
"separate_lasso_CA","min",3,2019,"California","CA","CA-514","Fresno City & County/Madera County CoC",2018,2019,21.6874721124013,19.5342286760538,2.15324343634753
"separate_lasso_CA","min",3,2019,"California","CA","CA-515","Roseville, Rocklin/Placer County CoC",2018,2019,15.4897082562404,21.7445411530187,-6.25483289677826
"separate_lasso_CA","min",3,2019,"California","CA","CA-516","Redding/Shasta, Siskiyou, Lassen, Plumas, Del Norte, Modoc, Sierra Counties CoC",2018,2019,43.1463232871805,27.7405163842691,15.4058069029114
"separate_lasso_CA","min",3,2019,"California","CA","CA-517","Napa City & County CoC",2018,2019,23.3766988035776,37.3979418097584,-14.0212430061808
"separate_lasso_CA","min",3,2019,"California","CA","CA-518","Vallejo/Solano County CoC",2018,2019,25.7124538974138,23.2824126210893,2.43004127632453
"separate_lasso_CA","min",3,2019,"California","CA","CA-519","Chico, Paradise/Butte County CoC",2018,2019,57.7591634502204,57.8351344864951,-0.0759710362747157
"separate_lasso_CA","min",3,2019,"California","CA","CA-520","Merced City & County CoC",2018,2019,21.8957072889657,21.2217091543036,0.673998134662103
"separate_lasso_CA","min",3,2019,"California","CA","CA-521","Davis, Woodland/Yolo County CoC",2018,2019,29.7052154195011,25.6627054662072,4.0425099532939
"separate_lasso_CA","min",3,2019,"California","CA","CA-522","Humboldt County CoC",2018,2019,125.555112940586,73.3255854139186,52.2295275266674
"separate_lasso_CA","min",3,2019,"California","CA","CA-523","Colusa, Glenn, Trinity Counties CoC",2018,2019,30.8557653676175,34.6743949638924,-3.81862959627489
"separate_lasso_CA","min",3,2019,"California","CA","CA-524","Yuba City & County/Sutter County CoC",2018,2019,41.0501084611049,30.7528813760158,10.2972270850891
"separate_lasso_CA","min",3,2019,"California","CA","CA-525","El Dorado County CoC",2018,2019,31.7875162697116,13.5852041469591,18.2023121227525
"separate_lasso_CA","min",3,2019,"California","CA","CA-526","Amador, Calaveras, Mariposa, Tuolumne Counties CoC",2018,2019,53.7060341430551,31.6265217060631,22.079512436992
"separate_lasso_CA","min",3,2019,"California","CA","CA-527","Tehama County CoC",2018,2019,44.2505070370598,35.7418868146623,8.50862022239749
"separate_lasso_CA","min",3,2019,"California","CA","CA-529","Lake County CoC",2018,2019,63.3678128785761,40.3770250071664,22.9907878714097
"separate_lasso_CA","min",3,2019,"California","CA","CA-530","Alpine, Inyo, Mono Counties CoC",2018,2019,63.6677377127216,47.708645381453,15.9590923312686
"separate_lasso_CA","min",3,2019,"California","CA","CA-600","Los Angeles City & County CoC",2018,2019,60.9171944236223,45.5613738047054,15.3558206189169
"separate_lasso_CA","min",3,2019,"California","CA","CA-601","San Diego City and County CoC",2018,2019,24.26961983986,39.2073924097606,-14.9377725699006
"separate_lasso_CA","min",3,2019,"California","CA","CA-602","Santa Ana, Anaheim/Orange County CoC",2018,2019,21.6015910862892,11.2431125950931,10.3584784911961
"separate_lasso_CA","min",3,2019,"California","CA","CA-603","Santa Maria/Santa Barbara County CoC",2018,2019,40.3808295203349,59.2084395131262,-18.8276099927913
"separate_lasso_CA","min",3,2019,"California","CA","CA-604","Bakersfield/Kern County CoC",2018,2019,14.7744617319224,38.0604676929457,-23.2860059610233
"separate_lasso_CA","min",3,2019,"California","CA","CA-606","Long Beach CoC",2018,2019,40.4569394131799,54.8741574998804,-14.4172180867005
"separate_lasso_CA","min",3,2019,"California","CA","CA-607","Pasadena CoC",2018,2019,38.5133676929631,69.7216146610813,-31.2082469681182
"separate_lasso_CA","min",3,2019,"California","CA","CA-608","Riverside City & County CoC",2018,2019,11.3780516533592,11.6872192025308,-0.309167549171635
"separate_lasso_CA","min",3,2019,"California","CA","CA-609","San Bernardino City & County CoC",2018,2019,11.9582493343149,16.5556454109013,-4.59739607658637
"separate_lasso_CA","min",3,2019,"California","CA","CA-611","Oxnard, San Buenaventura/Ventura County CoC",2018,2019,19.7279924728666,23.3693681586013,-3.6413756857347
"separate_lasso_CA","min",3,2019,"California","CA","CA-612","Glendale CoC",2018,2019,12.4468996482166,26.2531866584522,-13.8062870102356
"separate_lasso_CA","min",3,2019,"California","CA","CA-613","Imperial County CoC",2018,2019,77.9736776756891,28.4544799275721,49.519197748117
"separate_lasso_CA","min",3,2019,"California","CA","CA-614","San Luis Obispo County CoC",2018,2019,52.3822811547414,42.9472466673435,9.43503448739787
"separate_lasso_CA","1se",3,2019,"California","CA","CA-500","San Jose/Santa Clara City & County CoC",2018,2019,50.3461884003544,25.5301253389005,24.8160630614539
"separate_lasso_CA","1se",3,2019,"California","CA","CA-501","San Francisco CoC",2018,2019,91.1463798382166,101.64487060517,-10.4984907669533
"separate_lasso_CA","1se",3,2019,"California","CA","CA-502","Oakland, Berkeley/Alameda County CoC",2018,2019,47.9977311468897,25.6283233567533,22.3694077901364
"separate_lasso_CA","1se",3,2019,"California","CA","CA-503","Sacramento City & County CoC",2018,2019,35.8298465650124,29.4682289455493,6.36161761946307
"separate_lasso_CA","1se",3,2019,"California","CA","CA-504","Santa Rosa, Petaluma/Sonoma County CoC",2018,2019,59.6962389953392,56.792991218321,2.90324777701824
"separate_lasso_CA","1se",3,2019,"California","CA","CA-505","Contra Costa County CoC",2018,2019,19.8955203437114,15.4403155520063,4.45520479170513
"separate_lasso_CA","1se",3,2019,"California","CA","CA-506","Salinas/Monterey, San Benito Counties CoC",2018,2019,54.4207829427877,42.8805258001964,11.5402571425913
"separate_lasso_CA","1se",3,2019,"California","CA","CA-507","Marin County CoC",2018,2019,39.949618662731,54.5952924002346,-14.6456737375036
"separate_lasso_CA","1se",3,2019,"California","CA","CA-508","Watsonville/Santa Cruz City & County CoC",2018,2019,79.3154059287076,63.0916154485511,16.2237904801565
"separate_lasso_CA","1se",3,2019,"California","CA","CA-509","Mendocino County CoC",2018,2019,90.4909566680884,81.8347023494283,8.65625431866012
"separate_lasso_CA","1se",3,2019,"California","CA","CA-510","Turlock, Modesto/Stanislaus County CoC",2018,2019,34.9217302872916,32.1905276936312,2.73120259366042
"separate_lasso_CA","1se",3,2019,"California","CA","CA-511","Stockton/San Joaquin County CoC",2018,2019,34.5208542172911,32.9872024118442,1.53365180544693
"separate_lasso_CA","1se",3,2019,"California","CA","CA-512","Daly City/San Mateo County CoC",2018,2019,19.7241489068882,22.0266281884363,-2.30247928154805
"separate_lasso_CA","1se",3,2019,"California","CA","CA-513","Visalia/Kings, Tulare Counties CoC",2018,2019,17.1852665412228,20.1967766136754,-3.01151007245257
"separate_lasso_CA","1se",3,2019,"California","CA","CA-514","Fresno City & County/Madera County CoC",2018,2019,21.6874721124013,21.6566388233974,0.0308332890038834
"separate_lasso_CA","1se",3,2019,"California","CA","CA-515","Roseville, Rocklin/Placer County CoC",2018,2019,15.4897082562404,27.5146275344388,-12.0249192781984
"separate_lasso_CA","1se",3,2019,"California","CA","CA-516","Redding/Shasta, Siskiyou, Lassen, Plumas, Del Norte, Modoc, Sierra Counties CoC",2018,2019,43.1463232871805,35.0071763375648,8.13914694961572
"separate_lasso_CA","1se",3,2019,"California","CA","CA-517","Napa City & County CoC",2018,2019,23.3766988035776,35.5458972262115,-12.1691984226339
"separate_lasso_CA","1se",3,2019,"California","CA","CA-518","Vallejo/Solano County CoC",2018,2019,25.7124538974138,22.0970254660565,3.61542843135735
"separate_lasso_CA","1se",3,2019,"California","CA","CA-519","Chico, Paradise/Butte County CoC",2018,2019,57.7591634502204,54.9869669146331,2.77219653558732
"separate_lasso_CA","1se",3,2019,"California","CA","CA-520","Merced City & County CoC",2018,2019,21.8957072889657,23.3070455154393,-1.41133822647355
"separate_lasso_CA","1se",3,2019,"California","CA","CA-521","Davis, Woodland/Yolo County CoC",2018,2019,29.7052154195011,31.5400798015253,-1.8348643820242
"separate_lasso_CA","1se",3,2019,"California","CA","CA-522","Humboldt County CoC",2018,2019,125.555112940586,64.546993019927,61.008119920659
"separate_lasso_CA","1se",3,2019,"California","CA","CA-523","Colusa, Glenn, Trinity Counties CoC",2018,2019,30.8557653676175,40.8512353291156,-9.99546996149809
"separate_lasso_CA","1se",3,2019,"California","CA","CA-524","Yuba City & County/Sutter County CoC",2018,2019,41.0501084611049,33.1212666768256,7.92884178427933
"separate_lasso_CA","1se",3,2019,"California","CA","CA-525","El Dorado County CoC",2018,2019,31.7875162697116,18.9245225525455,12.8629937171661
"separate_lasso_CA","1se",3,2019,"California","CA","CA-526","Amador, Calaveras, Mariposa, Tuolumne Counties CoC",2018,2019,53.7060341430551,32.5759187910157,21.1301153520394
"separate_lasso_CA","1se",3,2019,"California","CA","CA-527","Tehama County CoC",2018,2019,44.2505070370598,33.925564371792,10.3249426652678
"separate_lasso_CA","1se",3,2019,"California","CA","CA-529","Lake County CoC",2018,2019,63.3678128785761,40.0841083107428,23.2837045678333
"separate_lasso_CA","1se",3,2019,"California","CA","CA-530","Alpine, Inyo, Mono Counties CoC",2018,2019,63.6677377127216,33.852490462531,29.8152472501906
"separate_lasso_CA","1se",3,2019,"California","CA","CA-600","Los Angeles City & County CoC",2018,2019,60.9171944236223,41.6652129490085,19.2519814746137
"separate_lasso_CA","1se",3,2019,"California","CA","CA-601","San Diego City and County CoC",2018,2019,24.26961983986,32.7902140917706,-8.52059425191058
"separate_lasso_CA","1se",3,2019,"California","CA","CA-602","Santa Ana, Anaheim/Orange County CoC",2018,2019,21.6015910862892,14.8757971613003,6.72579392498892
"separate_lasso_CA","1se",3,2019,"California","CA","CA-603","Santa Maria/Santa Barbara County CoC",2018,2019,40.3808295203349,50.9377623098061,-10.5569327894712
"separate_lasso_CA","1se",3,2019,"California","CA","CA-604","Bakersfield/Kern County CoC",2018,2019,14.7744617319224,33.9651963032807,-19.1907345713583
"separate_lasso_CA","1se",3,2019,"California","CA","CA-606","Long Beach CoC",2018,2019,40.4569394131799,52.7215978974177,-12.2646584842378
"separate_lasso_CA","1se",3,2019,"California","CA","CA-607","Pasadena CoC",2018,2019,38.5133676929631,63.2530262724637,-24.7396585795006
"separate_lasso_CA","1se",3,2019,"California","CA","CA-608","Riverside City & County CoC",2018,2019,11.3780516533592,14.3091370756364,-2.93108542227718
"separate_lasso_CA","1se",3,2019,"California","CA","CA-609","San Bernardino City & County CoC",2018,2019,11.9582493343149,15.6794598408036,-3.72121050648872
"separate_lasso_CA","1se",3,2019,"California","CA","CA-611","Oxnard, San Buenaventura/Ventura County CoC",2018,2019,19.7279924728666,21.8526157253889,-2.12462325252231
"separate_lasso_CA","1se",3,2019,"California","CA","CA-612","Glendale CoC",2018,2019,12.4468996482166,29.636767875057,-17.1898682268404
"separate_lasso_CA","1se",3,2019,"California","CA","CA-613","Imperial County CoC",2018,2019,77.9736776756891,30.070038745604,47.9036389300851
"separate_lasso_CA","1se",3,2019,"California","CA","CA-614","San Luis Obispo County CoC",2018,2019,52.3822811547414,36.9179613347392,15.4643198200022
"separate_lasso_FL","min",3,2019,"Florida","FL","FL-500","Sarasota, Bradenton/Manatee, Sarasota Counties CoC",2018,2019,13.560415534143,4.22413297422338,9.33628255991962
"separate_lasso_FL","min",3,2019,"Florida","FL","FL-501","Tampa/Hillsborough County CoC",2018,2019,11.2094828148438,5.96589595641131,5.24358685843249
"separate_lasso_FL","min",3,2019,"Florida","FL","FL-502","St. Petersburg, Clearwater, Largo/Pinellas County CoC",2018,2019,24.7693323870047,26.3170505424531,-1.54771815544844
"separate_lasso_FL","min",3,2019,"Florida","FL","FL-503","Lakeland/Polk County CoC",2018,2019,7.76790654228818,5.9291406561661,1.83876588612208
"separate_lasso_FL","min",3,2019,"Florida","FL","FL-504","Deltona, Daytona Beach/Volusia, Flagler Counties CoC",2018,2019,13.0916490241111,10.3908248418853,2.70082418222582
"separate_lasso_FL","min",3,2019,"Florida","FL","FL-505","Fort Walton Beach/Okaloosa, Walton Counties CoC",2018,2019,14.0093887482488,26.3361624740063,-12.3267737257575
"separate_lasso_FL","min",3,2019,"Florida","FL","FL-506","Tallahassee/Leon County CoC",2018,2019,21.4642095164621,18.8332302691964,2.63097924726573
"separate_lasso_FL","min",3,2019,"Florida","FL","FL-507","Orlando/Orange, Osceola, Seminole Counties CoC",2018,2019,8.96909410810837,-8.50560757168312,17.4747016797915
"separate_lasso_FL","min",3,2019,"Florida","FL","FL-508","Gainesville/Alachua, Putnam Counties CoC",2018,2019,17.6241379177769,21.8328217499817,-4.20868383220477
"separate_lasso_FL","min",3,2019,"Florida","FL","FL-509","Fort Pierce/St. Lucie, Indian River, Martin Counties CoC",2018,2019,23.0892455562059,11.2358522539642,11.8533933022417
"separate_lasso_FL","min",3,2019,"Florida","FL","FL-510","Jacksonville-Duval, Clay Counties CoC",2018,2019,12.9223659202211,4.5673461552586,8.3550197649625
"separate_lasso_FL","min",3,2019,"Florida","FL","FL-511","Pensacola/Escambia, Santa Rosa Counties CoC",2018,2019,10.3058120402921,14.9815313998943,-4.67571935960216
"separate_lasso_FL","min",3,2019,"Florida","FL","FL-512","St. Johns County CoC",2018,2019,13.4506105670415,23.3441087197679,-9.8934981527264
"separate_lasso_FL","min",3,2019,"Florida","FL","FL-513","Palm Bay, Melbourne/Brevard County CoC",2018,2019,13.539510451173,11.0615037341242,2.47800671704877
"separate_lasso_FL","min",3,2019,"Florida","FL","FL-514","Ocala/Marion County CoC",2018,2019,12.9930876773556,14.8583509326873,-1.8652632553317
"separate_lasso_FL","min",3,2019,"Florida","FL","FL-515","Panama City/Bay, Jackson Counties CoC",2018,2019,16.6012934040476,17.9536659255408,-1.35237252149322
"separate_lasso_FL","min",3,2019,"Florida","FL","FL-517","Hendry, Hardee, Highlands Counties CoC",2018,2019,14.7867439441225,20.6169684400655,-5.83022449594305
"separate_lasso_FL","min",3,2019,"Florida","FL","FL-518","Columbia, Hamilton, Lafayette, Suwannee Counties CoC",2018,2019,33.7768721309251,35.7478634054543,-1.9709912745292
"separate_lasso_FL","min",3,2019,"Florida","FL","FL-519","Pasco County CoC",2018,2019,16.1387280732633,13.1788714913301,2.95985658193322
"separate_lasso_FL","min",3,2019,"Florida","FL","FL-520","Citrus, Hernando, Lake, Sumter Counties CoC",2018,2019,8.02974683168963,-3.76941451786332,11.799161349553
"separate_lasso_FL","min",3,2019,"Florida","FL","FL-600","Miami-Dade County CoC",2018,2019,12.7790823499967,7.42235003729423,5.35673231270247
"separate_lasso_FL","min",3,2019,"Florida","FL","FL-601","Ft Lauderdale/Broward County CoC",2018,2019,14.353910173097,6.24209993882735,8.11181023426965
"separate_lasso_FL","min",3,2019,"Florida","FL","FL-602","Charlotte County CoC",2018,2019,8.25790058758139,28.1298080559291,-19.8719074683477
"separate_lasso_FL","min",3,2019,"Florida","FL","FL-603","Ft Myers, Cape Coral/Lee County CoC",2018,2019,4.82755130246556,9.84470080343482,-5.01714950096926
"separate_lasso_FL","min",3,2019,"Florida","FL","FL-604","Monroe County CoC",2018,2019,67.4947459179824,79.1899287329744,-11.695182814992
"separate_lasso_FL","min",3,2019,"Florida","FL","FL-605","West Palm Beach/Palm Beach County CoC",2018,2019,9.33343132211362,-1.90987423022227,11.2433055523359
"separate_lasso_FL","min",3,2019,"Florida","FL","FL-606","Naples/Collier County CoC",2018,2019,12.9383583353685,14.8515836388491,-1.91322530348063
"separate_lasso_FL","1se",3,2019,"Florida","FL","FL-500","Sarasota, Bradenton/Manatee, Sarasota Counties CoC",2018,2019,13.560415534143,8.24276282260141,5.31765271154159
"separate_lasso_FL","1se",3,2019,"Florida","FL","FL-501","Tampa/Hillsborough County CoC",2018,2019,11.2094828148438,3.61846099219345,7.59102182265035
"separate_lasso_FL","1se",3,2019,"Florida","FL","FL-502","St. Petersburg, Clearwater, Largo/Pinellas County CoC",2018,2019,24.7693323870047,13.9767844434551,10.7925479435496
"separate_lasso_FL","1se",3,2019,"Florida","FL","FL-503","Lakeland/Polk County CoC",2018,2019,7.76790654228818,8.66037420917618,-0.892467666887996
"separate_lasso_FL","1se",3,2019,"Florida","FL","FL-504","Deltona, Daytona Beach/Volusia, Flagler Counties CoC",2018,2019,13.0916490241111,10.2383865309116,2.85326249319948
"separate_lasso_FL","1se",3,2019,"Florida","FL","FL-505","Fort Walton Beach/Okaloosa, Walton Counties CoC",2018,2019,14.0093887482488,21.6702635391252,-7.66087479087637
"separate_lasso_FL","1se",3,2019,"Florida","FL","FL-506","Tallahassee/Leon County CoC",2018,2019,21.4642095164621,19.4478590872973,2.01635042916477
"separate_lasso_FL","1se",3,2019,"Florida","FL","FL-507","Orlando/Orange, Osceola, Seminole Counties CoC",2018,2019,8.96909410810837,-3.79189458289397,12.7609886910023
"separate_lasso_FL","1se",3,2019,"Florida","FL","FL-508","Gainesville/Alachua, Putnam Counties CoC",2018,2019,17.6241379177769,21.1563058765007,-3.53216795872378
"separate_lasso_FL","1se",3,2019,"Florida","FL","FL-509","Fort Pierce/St. Lucie, Indian River, Martin Counties CoC",2018,2019,23.0892455562059,9.78789114383014,13.3013544123758
"separate_lasso_FL","1se",3,2019,"Florida","FL","FL-510","Jacksonville-Duval, Clay Counties CoC",2018,2019,12.9223659202211,5.66301346224304,7.25935245797806
"separate_lasso_FL","1se",3,2019,"Florida","FL","FL-511","Pensacola/Escambia, Santa Rosa Counties CoC",2018,2019,10.3058120402921,15.2362937428215,-4.93048170252937
"separate_lasso_FL","1se",3,2019,"Florida","FL","FL-512","St. Johns County CoC",2018,2019,13.4506105670415,19.1925215944853,-5.74191102744382
"separate_lasso_FL","1se",3,2019,"Florida","FL","FL-513","Palm Bay, Melbourne/Brevard County CoC",2018,2019,13.539510451173,11.2271142406339,2.31239621053906
"separate_lasso_FL","1se",3,2019,"Florida","FL","FL-514","Ocala/Marion County CoC",2018,2019,12.9930876773556,17.433215165489,-4.44012748813339
"separate_lasso_FL","1se",3,2019,"Florida","FL","FL-515","Panama City/Bay, Jackson Counties CoC",2018,2019,16.6012934040476,17.1063307314831,-0.505037327435495
"separate_lasso_FL","1se",3,2019,"Florida","FL","FL-517","Hendry, Hardee, Highlands Counties CoC",2018,2019,14.7867439441225,18.6955292026144,-3.90878525849189
"separate_lasso_FL","1se",3,2019,"Florida","FL","FL-518","Columbia, Hamilton, Lafayette, Suwannee Counties CoC",2018,2019,33.7768721309251,28.0719060134588,5.7049661174663
"separate_lasso_FL","1se",3,2019,"Florida","FL","FL-519","Pasco County CoC",2018,2019,16.1387280732633,11.4227585154535,4.71596955780981
"separate_lasso_FL","1se",3,2019,"Florida","FL","FL-520","Citrus, Hernando, Lake, Sumter Counties CoC",2018,2019,8.02974683168963,4.56242264967847,3.46732418201116
"separate_lasso_FL","1se",3,2019,"Florida","FL","FL-600","Miami-Dade County CoC",2018,2019,12.7790823499967,-0.87379217606858,13.6528745260653
"separate_lasso_FL","1se",3,2019,"Florida","FL","FL-601","Ft Lauderdale/Broward County CoC",2018,2019,14.353910173097,0.00411853642128968,14.3497916366757
"separate_lasso_FL","1se",3,2019,"Florida","FL","FL-602","Charlotte County CoC",2018,2019,8.25790058758139,25.0564662881945,-16.7985657006131
"separate_lasso_FL","1se",3,2019,"Florida","FL","FL-603","Ft Myers, Cape Coral/Lee County CoC",2018,2019,4.82755130246556,7.95900472710708,-3.13145342464152
"separate_lasso_FL","1se",3,2019,"Florida","FL","FL-604","Monroe County CoC",2018,2019,67.4947459179824,73.914238197306,-6.41949227932355
"separate_lasso_FL","1se",3,2019,"Florida","FL","FL-605","West Palm Beach/Palm Beach County CoC",2018,2019,9.33343132211362,-0.0298867291205592,9.36331805123418
"separate_lasso_FL","1se",3,2019,"Florida","FL","FL-606","Naples/Collier County CoC",2018,2019,12.9383583353685,15.2934059451286,-2.35504760976013
"separate_state_lasso","min",3,2019,"California","CA","CA-500","San Jose/Santa Clara City & County CoC",2018,2019,50.3461884003544,26.6055272038857,23.7406611964687
"separate_state_lasso","min",3,2019,"California","CA","CA-501","San Francisco CoC",2018,2019,91.1463798382166,103.825146363571,-12.6787665253546
"separate_state_lasso","min",3,2019,"California","CA","CA-502","Oakland, Berkeley/Alameda County CoC",2018,2019,47.9977311468897,25.3525484264107,22.645182720479
"separate_state_lasso","min",3,2019,"California","CA","CA-503","Sacramento City & County CoC",2018,2019,35.8298465650124,30.3228049364832,5.50704162852918
"separate_state_lasso","min",3,2019,"California","CA","CA-504","Santa Rosa, Petaluma/Sonoma County CoC",2018,2019,59.6962389953392,65.3103254892989,-5.6140864939597
"separate_state_lasso","min",3,2019,"California","CA","CA-505","Contra Costa County CoC",2018,2019,19.8955203437114,10.0177534633023,9.8777668804091
"separate_state_lasso","min",3,2019,"California","CA","CA-506","Salinas/Monterey, San Benito Counties CoC",2018,2019,54.4207829427877,49.7288345516304,4.69194839115728
"separate_state_lasso","min",3,2019,"California","CA","CA-507","Marin County CoC",2018,2019,39.949618662731,55.878088169894,-15.928469507163
"separate_state_lasso","min",3,2019,"California","CA","CA-508","Watsonville/Santa Cruz City & County CoC",2018,2019,79.3154059287076,71.8605175354335,7.45488839327415
"separate_state_lasso","min",3,2019,"California","CA","CA-509","Mendocino County CoC",2018,2019,90.4909566680884,97.6070377043071,-7.11608103621869
"separate_state_lasso","min",3,2019,"California","CA","CA-510","Turlock, Modesto/Stanislaus County CoC",2018,2019,34.9217302872916,33.2009803405783,1.7207499467133
"separate_state_lasso","min",3,2019,"California","CA","CA-511","Stockton/San Joaquin County CoC",2018,2019,34.5208542172911,32.965182678889,1.55567153840212
"separate_state_lasso","min",3,2019,"California","CA","CA-512","Daly City/San Mateo County CoC",2018,2019,19.7241489068882,18.2666785238978,1.45747038299044
"separate_state_lasso","min",3,2019,"California","CA","CA-513","Visalia/Kings, Tulare Counties CoC",2018,2019,17.1852665412228,17.9815784757446,-0.796311934521778
"separate_state_lasso","min",3,2019,"California","CA","CA-514","Fresno City & County/Madera County CoC",2018,2019,21.6874721124013,19.5342286760538,2.15324343634753
"separate_state_lasso","min",3,2019,"California","CA","CA-515","Roseville, Rocklin/Placer County CoC",2018,2019,15.4897082562404,21.7445411530187,-6.25483289677826
"separate_state_lasso","min",3,2019,"California","CA","CA-516","Redding/Shasta, Siskiyou, Lassen, Plumas, Del Norte, Modoc, Sierra Counties CoC",2018,2019,43.1463232871805,27.7405163842691,15.4058069029114
"separate_state_lasso","min",3,2019,"California","CA","CA-517","Napa City & County CoC",2018,2019,23.3766988035776,37.3979418097584,-14.0212430061808
"separate_state_lasso","min",3,2019,"California","CA","CA-518","Vallejo/Solano County CoC",2018,2019,25.7124538974138,23.2824126210893,2.43004127632453
"separate_state_lasso","min",3,2019,"California","CA","CA-519","Chico, Paradise/Butte County CoC",2018,2019,57.7591634502204,57.8351344864951,-0.0759710362747157
"separate_state_lasso","min",3,2019,"California","CA","CA-520","Merced City & County CoC",2018,2019,21.8957072889657,21.2217091543036,0.673998134662103
"separate_state_lasso","min",3,2019,"California","CA","CA-521","Davis, Woodland/Yolo County CoC",2018,2019,29.7052154195011,25.6627054662072,4.0425099532939
"separate_state_lasso","min",3,2019,"California","CA","CA-522","Humboldt County CoC",2018,2019,125.555112940586,73.3255854139186,52.2295275266674
"separate_state_lasso","min",3,2019,"California","CA","CA-523","Colusa, Glenn, Trinity Counties CoC",2018,2019,30.8557653676175,34.6743949638924,-3.81862959627489
"separate_state_lasso","min",3,2019,"California","CA","CA-524","Yuba City & County/Sutter County CoC",2018,2019,41.0501084611049,30.7528813760158,10.2972270850891
"separate_state_lasso","min",3,2019,"California","CA","CA-525","El Dorado County CoC",2018,2019,31.7875162697116,13.5852041469591,18.2023121227525
"separate_state_lasso","min",3,2019,"California","CA","CA-526","Amador, Calaveras, Mariposa, Tuolumne Counties CoC",2018,2019,53.7060341430551,31.6265217060631,22.079512436992
"separate_state_lasso","min",3,2019,"California","CA","CA-527","Tehama County CoC",2018,2019,44.2505070370598,35.7418868146623,8.50862022239749
"separate_state_lasso","min",3,2019,"California","CA","CA-529","Lake County CoC",2018,2019,63.3678128785761,40.3770250071664,22.9907878714097
"separate_state_lasso","min",3,2019,"California","CA","CA-530","Alpine, Inyo, Mono Counties CoC",2018,2019,63.6677377127216,47.708645381453,15.9590923312686
"separate_state_lasso","min",3,2019,"California","CA","CA-600","Los Angeles City & County CoC",2018,2019,60.9171944236223,45.5613738047054,15.3558206189169
"separate_state_lasso","min",3,2019,"California","CA","CA-601","San Diego City and County CoC",2018,2019,24.26961983986,39.2073924097606,-14.9377725699006
"separate_state_lasso","min",3,2019,"California","CA","CA-602","Santa Ana, Anaheim/Orange County CoC",2018,2019,21.6015910862892,11.2431125950931,10.3584784911961
"separate_state_lasso","min",3,2019,"California","CA","CA-603","Santa Maria/Santa Barbara County CoC",2018,2019,40.3808295203349,59.2084395131262,-18.8276099927913
"separate_state_lasso","min",3,2019,"California","CA","CA-604","Bakersfield/Kern County CoC",2018,2019,14.7744617319224,38.0604676929457,-23.2860059610233
"separate_state_lasso","min",3,2019,"California","CA","CA-606","Long Beach CoC",2018,2019,40.4569394131799,54.8741574998804,-14.4172180867005
"separate_state_lasso","min",3,2019,"California","CA","CA-607","Pasadena CoC",2018,2019,38.5133676929631,69.7216146610813,-31.2082469681182
"separate_state_lasso","min",3,2019,"California","CA","CA-608","Riverside City & County CoC",2018,2019,11.3780516533592,11.6872192025308,-0.309167549171635
"separate_state_lasso","min",3,2019,"California","CA","CA-609","San Bernardino City & County CoC",2018,2019,11.9582493343149,16.5556454109013,-4.59739607658637
"separate_state_lasso","min",3,2019,"California","CA","CA-611","Oxnard, San Buenaventura/Ventura County CoC",2018,2019,19.7279924728666,23.3693681586013,-3.6413756857347
"separate_state_lasso","min",3,2019,"California","CA","CA-612","Glendale CoC",2018,2019,12.4468996482166,26.2531866584522,-13.8062870102356
"separate_state_lasso","min",3,2019,"California","CA","CA-613","Imperial County CoC",2018,2019,77.9736776756891,28.4544799275721,49.519197748117
"separate_state_lasso","min",3,2019,"California","CA","CA-614","San Luis Obispo County CoC",2018,2019,52.3822811547414,42.9472466673435,9.43503448739787
"separate_state_lasso","min",3,2019,"Florida","FL","FL-500","Sarasota, Bradenton/Manatee, Sarasota Counties CoC",2018,2019,13.560415534143,4.22413297422338,9.33628255991962
"separate_state_lasso","min",3,2019,"Florida","FL","FL-501","Tampa/Hillsborough County CoC",2018,2019,11.2094828148438,5.96589595641131,5.24358685843249
"separate_state_lasso","min",3,2019,"Florida","FL","FL-502","St. Petersburg, Clearwater, Largo/Pinellas County CoC",2018,2019,24.7693323870047,26.3170505424531,-1.54771815544844
"separate_state_lasso","min",3,2019,"Florida","FL","FL-503","Lakeland/Polk County CoC",2018,2019,7.76790654228818,5.9291406561661,1.83876588612208
"separate_state_lasso","min",3,2019,"Florida","FL","FL-504","Deltona, Daytona Beach/Volusia, Flagler Counties CoC",2018,2019,13.0916490241111,10.3908248418853,2.70082418222582
"separate_state_lasso","min",3,2019,"Florida","FL","FL-505","Fort Walton Beach/Okaloosa, Walton Counties CoC",2018,2019,14.0093887482488,26.3361624740063,-12.3267737257575
"separate_state_lasso","min",3,2019,"Florida","FL","FL-506","Tallahassee/Leon County CoC",2018,2019,21.4642095164621,18.8332302691964,2.63097924726573
"separate_state_lasso","min",3,2019,"Florida","FL","FL-507","Orlando/Orange, Osceola, Seminole Counties CoC",2018,2019,8.96909410810837,-8.50560757168312,17.4747016797915
"separate_state_lasso","min",3,2019,"Florida","FL","FL-508","Gainesville/Alachua, Putnam Counties CoC",2018,2019,17.6241379177769,21.8328217499817,-4.20868383220477
"separate_state_lasso","min",3,2019,"Florida","FL","FL-509","Fort Pierce/St. Lucie, Indian River, Martin Counties CoC",2018,2019,23.0892455562059,11.2358522539642,11.8533933022417
"separate_state_lasso","min",3,2019,"Florida","FL","FL-510","Jacksonville-Duval, Clay Counties CoC",2018,2019,12.9223659202211,4.5673461552586,8.3550197649625
"separate_state_lasso","min",3,2019,"Florida","FL","FL-511","Pensacola/Escambia, Santa Rosa Counties CoC",2018,2019,10.3058120402921,14.9815313998943,-4.67571935960216
"separate_state_lasso","min",3,2019,"Florida","FL","FL-512","St. Johns County CoC",2018,2019,13.4506105670415,23.3441087197679,-9.8934981527264
"separate_state_lasso","min",3,2019,"Florida","FL","FL-513","Palm Bay, Melbourne/Brevard County CoC",2018,2019,13.539510451173,11.0615037341242,2.47800671704877
"separate_state_lasso","min",3,2019,"Florida","FL","FL-514","Ocala/Marion County CoC",2018,2019,12.9930876773556,14.8583509326873,-1.8652632553317
"separate_state_lasso","min",3,2019,"Florida","FL","FL-515","Panama City/Bay, Jackson Counties CoC",2018,2019,16.6012934040476,17.9536659255408,-1.35237252149322
"separate_state_lasso","min",3,2019,"Florida","FL","FL-517","Hendry, Hardee, Highlands Counties CoC",2018,2019,14.7867439441225,20.6169684400655,-5.83022449594305
"separate_state_lasso","min",3,2019,"Florida","FL","FL-518","Columbia, Hamilton, Lafayette, Suwannee Counties CoC",2018,2019,33.7768721309251,35.7478634054543,-1.9709912745292
"separate_state_lasso","min",3,2019,"Florida","FL","FL-519","Pasco County CoC",2018,2019,16.1387280732633,13.1788714913301,2.95985658193322
"separate_state_lasso","min",3,2019,"Florida","FL","FL-520","Citrus, Hernando, Lake, Sumter Counties CoC",2018,2019,8.02974683168963,-3.76941451786332,11.799161349553
"separate_state_lasso","min",3,2019,"Florida","FL","FL-600","Miami-Dade County CoC",2018,2019,12.7790823499967,7.42235003729423,5.35673231270247
"separate_state_lasso","min",3,2019,"Florida","FL","FL-601","Ft Lauderdale/Broward County CoC",2018,2019,14.353910173097,6.24209993882735,8.11181023426965
"separate_state_lasso","min",3,2019,"Florida","FL","FL-602","Charlotte County CoC",2018,2019,8.25790058758139,28.1298080559291,-19.8719074683477
"separate_state_lasso","min",3,2019,"Florida","FL","FL-603","Ft Myers, Cape Coral/Lee County CoC",2018,2019,4.82755130246556,9.84470080343482,-5.01714950096926
"separate_state_lasso","min",3,2019,"Florida","FL","FL-604","Monroe County CoC",2018,2019,67.4947459179824,79.1899287329744,-11.695182814992
"separate_state_lasso","min",3,2019,"Florida","FL","FL-605","West Palm Beach/Palm Beach County CoC",2018,2019,9.33343132211362,-1.90987423022227,11.2433055523359
"separate_state_lasso","min",3,2019,"Florida","FL","FL-606","Naples/Collier County CoC",2018,2019,12.9383583353685,14.8515836388491,-1.91322530348063
"separate_state_lasso","1se",3,2019,"California","CA","CA-500","San Jose/Santa Clara City & County CoC",2018,2019,50.3461884003544,25.5301253389005,24.8160630614539
"separate_state_lasso","1se",3,2019,"California","CA","CA-501","San Francisco CoC",2018,2019,91.1463798382166,101.64487060517,-10.4984907669533
"separate_state_lasso","1se",3,2019,"California","CA","CA-502","Oakland, Berkeley/Alameda County CoC",2018,2019,47.9977311468897,25.6283233567533,22.3694077901364
"separate_state_lasso","1se",3,2019,"California","CA","CA-503","Sacramento City & County CoC",2018,2019,35.8298465650124,29.4682289455493,6.36161761946307
"separate_state_lasso","1se",3,2019,"California","CA","CA-504","Santa Rosa, Petaluma/Sonoma County CoC",2018,2019,59.6962389953392,56.792991218321,2.90324777701824
"separate_state_lasso","1se",3,2019,"California","CA","CA-505","Contra Costa County CoC",2018,2019,19.8955203437114,15.4403155520063,4.45520479170513
"separate_state_lasso","1se",3,2019,"California","CA","CA-506","Salinas/Monterey, San Benito Counties CoC",2018,2019,54.4207829427877,42.8805258001964,11.5402571425913
"separate_state_lasso","1se",3,2019,"California","CA","CA-507","Marin County CoC",2018,2019,39.949618662731,54.5952924002346,-14.6456737375036
"separate_state_lasso","1se",3,2019,"California","CA","CA-508","Watsonville/Santa Cruz City & County CoC",2018,2019,79.3154059287076,63.0916154485511,16.2237904801565
"separate_state_lasso","1se",3,2019,"California","CA","CA-509","Mendocino County CoC",2018,2019,90.4909566680884,81.8347023494283,8.65625431866012
"separate_state_lasso","1se",3,2019,"California","CA","CA-510","Turlock, Modesto/Stanislaus County CoC",2018,2019,34.9217302872916,32.1905276936312,2.73120259366042
"separate_state_lasso","1se",3,2019,"California","CA","CA-511","Stockton/San Joaquin County CoC",2018,2019,34.5208542172911,32.9872024118442,1.53365180544693
"separate_state_lasso","1se",3,2019,"California","CA","CA-512","Daly City/San Mateo County CoC",2018,2019,19.7241489068882,22.0266281884363,-2.30247928154805
"separate_state_lasso","1se",3,2019,"California","CA","CA-513","Visalia/Kings, Tulare Counties CoC",2018,2019,17.1852665412228,20.1967766136754,-3.01151007245257
"separate_state_lasso","1se",3,2019,"California","CA","CA-514","Fresno City & County/Madera County CoC",2018,2019,21.6874721124013,21.6566388233974,0.0308332890038834
"separate_state_lasso","1se",3,2019,"California","CA","CA-515","Roseville, Rocklin/Placer County CoC",2018,2019,15.4897082562404,27.5146275344388,-12.0249192781984
"separate_state_lasso","1se",3,2019,"California","CA","CA-516","Redding/Shasta, Siskiyou, Lassen, Plumas, Del Norte, Modoc, Sierra Counties CoC",2018,2019,43.1463232871805,35.0071763375648,8.13914694961572
"separate_state_lasso","1se",3,2019,"California","CA","CA-517","Napa City & County CoC",2018,2019,23.3766988035776,35.5458972262115,-12.1691984226339
"separate_state_lasso","1se",3,2019,"California","CA","CA-518","Vallejo/Solano County CoC",2018,2019,25.7124538974138,22.0970254660565,3.61542843135735
"separate_state_lasso","1se",3,2019,"California","CA","CA-519","Chico, Paradise/Butte County CoC",2018,2019,57.7591634502204,54.9869669146331,2.77219653558732
"separate_state_lasso","1se",3,2019,"California","CA","CA-520","Merced City & County CoC",2018,2019,21.8957072889657,23.3070455154393,-1.41133822647355
"separate_state_lasso","1se",3,2019,"California","CA","CA-521","Davis, Woodland/Yolo County CoC",2018,2019,29.7052154195011,31.5400798015253,-1.8348643820242
"separate_state_lasso","1se",3,2019,"California","CA","CA-522","Humboldt County CoC",2018,2019,125.555112940586,64.546993019927,61.008119920659
"separate_state_lasso","1se",3,2019,"California","CA","CA-523","Colusa, Glenn, Trinity Counties CoC",2018,2019,30.8557653676175,40.8512353291156,-9.99546996149809
"separate_state_lasso","1se",3,2019,"California","CA","CA-524","Yuba City & County/Sutter County CoC",2018,2019,41.0501084611049,33.1212666768256,7.92884178427933
"separate_state_lasso","1se",3,2019,"California","CA","CA-525","El Dorado County CoC",2018,2019,31.7875162697116,18.9245225525455,12.8629937171661
"separate_state_lasso","1se",3,2019,"California","CA","CA-526","Amador, Calaveras, Mariposa, Tuolumne Counties CoC",2018,2019,53.7060341430551,32.5759187910157,21.1301153520394
"separate_state_lasso","1se",3,2019,"California","CA","CA-527","Tehama County CoC",2018,2019,44.2505070370598,33.925564371792,10.3249426652678
"separate_state_lasso","1se",3,2019,"California","CA","CA-529","Lake County CoC",2018,2019,63.3678128785761,40.0841083107428,23.2837045678333
"separate_state_lasso","1se",3,2019,"California","CA","CA-530","Alpine, Inyo, Mono Counties CoC",2018,2019,63.6677377127216,33.852490462531,29.8152472501906
"separate_state_lasso","1se",3,2019,"California","CA","CA-600","Los Angeles City & County CoC",2018,2019,60.9171944236223,41.6652129490085,19.2519814746137
"separate_state_lasso","1se",3,2019,"California","CA","CA-601","San Diego City and County CoC",2018,2019,24.26961983986,32.7902140917706,-8.52059425191058
"separate_state_lasso","1se",3,2019,"California","CA","CA-602","Santa Ana, Anaheim/Orange County CoC",2018,2019,21.6015910862892,14.8757971613003,6.72579392498892
"separate_state_lasso","1se",3,2019,"California","CA","CA-603","Santa Maria/Santa Barbara County CoC",2018,2019,40.3808295203349,50.9377623098061,-10.5569327894712
"separate_state_lasso","1se",3,2019,"California","CA","CA-604","Bakersfield/Kern County CoC",2018,2019,14.7744617319224,33.9651963032807,-19.1907345713583
"separate_state_lasso","1se",3,2019,"California","CA","CA-606","Long Beach CoC",2018,2019,40.4569394131799,52.7215978974177,-12.2646584842378
"separate_state_lasso","1se",3,2019,"California","CA","CA-607","Pasadena CoC",2018,2019,38.5133676929631,63.2530262724637,-24.7396585795006
"separate_state_lasso","1se",3,2019,"California","CA","CA-608","Riverside City & County CoC",2018,2019,11.3780516533592,14.3091370756364,-2.93108542227718
"separate_state_lasso","1se",3,2019,"California","CA","CA-609","San Bernardino City & County CoC",2018,2019,11.9582493343149,15.6794598408036,-3.72121050648872
"separate_state_lasso","1se",3,2019,"California","CA","CA-611","Oxnard, San Buenaventura/Ventura County CoC",2018,2019,19.7279924728666,21.8526157253889,-2.12462325252231
"separate_state_lasso","1se",3,2019,"California","CA","CA-612","Glendale CoC",2018,2019,12.4468996482166,29.636767875057,-17.1898682268404
"separate_state_lasso","1se",3,2019,"California","CA","CA-613","Imperial County CoC",2018,2019,77.9736776756891,30.070038745604,47.9036389300851
"separate_state_lasso","1se",3,2019,"California","CA","CA-614","San Luis Obispo County CoC",2018,2019,52.3822811547414,36.9179613347392,15.4643198200022
"separate_state_lasso","1se",3,2019,"Florida","FL","FL-500","Sarasota, Bradenton/Manatee, Sarasota Counties CoC",2018,2019,13.560415534143,8.24276282260141,5.31765271154159
"separate_state_lasso","1se",3,2019,"Florida","FL","FL-501","Tampa/Hillsborough County CoC",2018,2019,11.2094828148438,3.61846099219345,7.59102182265035
"separate_state_lasso","1se",3,2019,"Florida","FL","FL-502","St. Petersburg, Clearwater, Largo/Pinellas County CoC",2018,2019,24.7693323870047,13.9767844434551,10.7925479435496
"separate_state_lasso","1se",3,2019,"Florida","FL","FL-503","Lakeland/Polk County CoC",2018,2019,7.76790654228818,8.66037420917618,-0.892467666887996
"separate_state_lasso","1se",3,2019,"Florida","FL","FL-504","Deltona, Daytona Beach/Volusia, Flagler Counties CoC",2018,2019,13.0916490241111,10.2383865309116,2.85326249319948
"separate_state_lasso","1se",3,2019,"Florida","FL","FL-505","Fort Walton Beach/Okaloosa, Walton Counties CoC",2018,2019,14.0093887482488,21.6702635391252,-7.66087479087637
"separate_state_lasso","1se",3,2019,"Florida","FL","FL-506","Tallahassee/Leon County CoC",2018,2019,21.4642095164621,19.4478590872973,2.01635042916477
"separate_state_lasso","1se",3,2019,"Florida","FL","FL-507","Orlando/Orange, Osceola, Seminole Counties CoC",2018,2019,8.96909410810837,-3.79189458289397,12.7609886910023
"separate_state_lasso","1se",3,2019,"Florida","FL","FL-508","Gainesville/Alachua, Putnam Counties CoC",2018,2019,17.6241379177769,21.1563058765007,-3.53216795872378
"separate_state_lasso","1se",3,2019,"Florida","FL","FL-509","Fort Pierce/St. Lucie, Indian River, Martin Counties CoC",2018,2019,23.0892455562059,9.78789114383014,13.3013544123758
"separate_state_lasso","1se",3,2019,"Florida","FL","FL-510","Jacksonville-Duval, Clay Counties CoC",2018,2019,12.9223659202211,5.66301346224304,7.25935245797806
"separate_state_lasso","1se",3,2019,"Florida","FL","FL-511","Pensacola/Escambia, Santa Rosa Counties CoC",2018,2019,10.3058120402921,15.2362937428215,-4.93048170252937
"separate_state_lasso","1se",3,2019,"Florida","FL","FL-512","St. Johns County CoC",2018,2019,13.4506105670415,19.1925215944853,-5.74191102744382
"separate_state_lasso","1se",3,2019,"Florida","FL","FL-513","Palm Bay, Melbourne/Brevard County CoC",2018,2019,13.539510451173,11.2271142406339,2.31239621053906
"separate_state_lasso","1se",3,2019,"Florida","FL","FL-514","Ocala/Marion County CoC",2018,2019,12.9930876773556,17.433215165489,-4.44012748813339
"separate_state_lasso","1se",3,2019,"Florida","FL","FL-515","Panama City/Bay, Jackson Counties CoC",2018,2019,16.6012934040476,17.1063307314831,-0.505037327435495
"separate_state_lasso","1se",3,2019,"Florida","FL","FL-517","Hendry, Hardee, Highlands Counties CoC",2018,2019,14.7867439441225,18.6955292026144,-3.90878525849189
"separate_state_lasso","1se",3,2019,"Florida","FL","FL-518","Columbia, Hamilton, Lafayette, Suwannee Counties CoC",2018,2019,33.7768721309251,28.0719060134588,5.7049661174663
"separate_state_lasso","1se",3,2019,"Florida","FL","FL-519","Pasco County CoC",2018,2019,16.1387280732633,11.4227585154535,4.71596955780981
"separate_state_lasso","1se",3,2019,"Florida","FL","FL-520","Citrus, Hernando, Lake, Sumter Counties CoC",2018,2019,8.02974683168963,4.56242264967847,3.46732418201116
"separate_state_lasso","1se",3,2019,"Florida","FL","FL-600","Miami-Dade County CoC",2018,2019,12.7790823499967,-0.87379217606858,13.6528745260653
"separate_state_lasso","1se",3,2019,"Florida","FL","FL-601","Ft Lauderdale/Broward County CoC",2018,2019,14.353910173097,0.00411853642128968,14.3497916366757
"separate_state_lasso","1se",3,2019,"Florida","FL","FL-602","Charlotte County CoC",2018,2019,8.25790058758139,25.0564662881945,-16.7985657006131
"separate_state_lasso","1se",3,2019,"Florida","FL","FL-603","Ft Myers, Cape Coral/Lee County CoC",2018,2019,4.82755130246556,7.95900472710708,-3.13145342464152
"separate_state_lasso","1se",3,2019,"Florida","FL","FL-604","Monroe County CoC",2018,2019,67.4947459179824,73.914238197306,-6.41949227932355
"separate_state_lasso","1se",3,2019,"Florida","FL","FL-605","West Palm Beach/Palm Beach County CoC",2018,2019,9.33343132211362,-0.0298867291205592,9.36331805123418
"separate_state_lasso","1se",3,2019,"Florida","FL","FL-606","Naples/Collier County CoC",2018,2019,12.9383583353685,15.2934059451286,-2.35504760976013
"state_time_baseline","none",4,2020,"California","CA","CA-500","San Jose/Santa Clara City & County CoC",2019,2020,49.7320784591495,31.9884123781893,17.7436660809602
"state_time_baseline","none",4,2020,"California","CA","CA-501","San Francisco CoC",2019,2020,92.8309674234607,31.9884123781893,60.8425550452714
"state_time_baseline","none",4,2020,"California","CA","CA-502","Oakland, Berkeley/Alameda County CoC",2019,2020,48.42043000579,31.9884123781893,16.4320176276007
"state_time_baseline","none",4,2020,"California","CA","CA-503","Sacramento City & County CoC",2019,2020,34.730953276753,31.9884123781893,2.74254089856372
"state_time_baseline","none",4,2020,"California","CA","CA-504","Santa Rosa, Petaluma/Sonoma County CoC",2019,2020,56.1908154116361,31.9884123781893,24.2024030334468
"state_time_baseline","none",4,2020,"California","CA","CA-505","Contra Costa County CoC",2019,2020,19.5241324965766,31.9884123781893,-12.4642798816127
"state_time_baseline","none",4,2020,"California","CA","CA-506","Salinas/Monterey, San Benito Counties CoC",2019,2020,53.1268192420864,31.9884123781893,21.1384068638971
"state_time_baseline","none",4,2020,"California","CA","CA-507","Marin County CoC",2019,2020,39.489241860127,31.9884123781893,7.50082948193772
"state_time_baseline","none",4,2020,"California","CA","CA-508","Watsonville/Santa Cruz City & County CoC",2019,2020,83.0150354359393,31.9884123781893,51.02662305775
"state_time_baseline","none",4,2020,"California","CA","CA-509","Mendocino County CoC",2019,2020,82.213075272584,31.9884123781893,50.2246628943947
"state_time_baseline","none",4,2020,"California","CA","CA-510","Turlock, Modesto/Stanislaus County CoC",2019,2020,38.052959895395,31.9884123781893,6.06454751720572
"state_time_baseline","none",4,2020,"California","CA","CA-511","Stockton/San Joaquin County CoC",2019,2020,34.2933419418973,31.9884123781893,2.30492956370802
"state_time_baseline","none",4,2020,"California","CA","CA-512","Daly City/San Mateo County CoC",2019,2020,20.6126358604792,31.9884123781893,-11.3757765177101
"state_time_baseline","none",4,2020,"California","CA","CA-513","Visalia/Kings, Tulare Counties CoC",2019,2020,20.6947830637852,31.9884123781893,-11.2936293144041
"state_time_baseline","none",4,2020,"California","CA","CA-514","Fresno City & County/Madera County CoC",2019,2020,31.227513145831,31.9884123781893,-0.76089923235828
"state_time_baseline","none",4,2020,"California","CA","CA-515","Roseville, Rocklin/Placer County CoC",2019,2020,18.3264321835796,31.9884123781893,-13.6619801946097
"state_time_baseline","none",4,2020,"California","CA","CA-516","Redding/Shasta, Siskiyou, Lassen, Plumas, Del Norte, Modoc, Sierra Counties CoC",2019,2020,48.113231295942,31.9884123781893,16.1248189177527
"state_time_baseline","none",4,2020,"California","CA","CA-517","Napa City & County CoC",2019,2020,33.750118198151,31.9884123781893,1.76170581996172
"state_time_baseline","none",4,2020,"California","CA","CA-518","Vallejo/Solano County CoC",2019,2020,25.6571611521434,31.9884123781893,-6.33125122604588
"state_time_baseline","none",4,2020,"California","CA","CA-519","Chico, Paradise/Butte County CoC",2019,2020,60.6077905272973,31.9884123781893,28.619378149108
"state_time_baseline","none",4,2020,"California","CA","CA-520","Merced City & County CoC",2019,2020,22.4818395517772,31.9884123781893,-9.50657282641208
"state_time_baseline","none",4,2020,"California","CA","CA-521","Davis, Woodland/Yolo County CoC",2019,2020,29.4360764144012,31.9884123781893,-2.55233596378808
"state_time_baseline","none",4,2020,"California","CA","CA-522","Humboldt County CoC",2019,2020,124.800070433902,31.9884123781893,92.8116580557127
"state_time_baseline","none",4,2020,"California","CA","CA-523","Colusa, Glenn, Trinity Counties CoC",2019,2020,39.0449690333004,31.9884123781893,7.05655665511112
"state_time_baseline","none",4,2020,"California","CA","CA-524","Yuba City & County/Sutter County CoC",2019,2020,39.7334935164417,31.9884123781893,7.74508113825242
"state_time_baseline","none",4,2020,"California","CA","CA-525","El Dorado County CoC",2019,2020,34.6690232538682,31.9884123781893,2.68061087567892
"state_time_baseline","none",4,2020,"California","CA","CA-526","Amador, Calaveras, Mariposa, Tuolumne Counties CoC",2019,2020,52.646529684689,31.9884123781893,20.6581173064997
"state_time_baseline","none",4,2020,"California","CA","CA-527","Tehama County CoC",2019,2020,45.6204379562044,31.9884123781893,13.6320255780151
"state_time_baseline","none",4,2020,"California","CA","CA-529","Lake County CoC",2019,2020,52.3399014778325,31.9884123781893,20.3514890996432
"state_time_baseline","none",4,2020,"California","CA","CA-530","Alpine, Inyo, Mono Counties CoC",2019,2020,55.1046689227636,31.9884123781893,23.1162565445743
"state_time_baseline","none",4,2020,"California","CA","CA-531","Nevada County CoC",2019,2020,37.8373093468909,31.9884123781893,5.84889696870162
"state_time_baseline","none",4,2020,"California","CA","CA-600","Los Angeles City & County CoC",2019,2020,69.2772021936024,31.9884123781893,37.2887898154131
"state_time_baseline","none",4,2020,"California","CA","CA-601","San Diego City and County CoC",2019,2020,23.137671874006,31.9884123781893,-8.85074050418328
"state_time_baseline","none",4,2020,"California","CA","CA-602","Santa Ana, Anaheim/Orange County CoC",2019,2020,21.9009235862401,31.9884123781893,-10.0874887919492
"state_time_baseline","none",4,2020,"California","CA","CA-603","Santa Maria/Santa Barbara County CoC",2019,2020,42.3130541459878,31.9884123781893,10.3246417677985
"state_time_baseline","none",4,2020,"California","CA","CA-604","Bakersfield/Kern County CoC",2019,2020,17.440063578966,31.9884123781893,-14.5483487992233
"state_time_baseline","none",4,2020,"California","CA","CA-606","Long Beach CoC",2019,2020,43.632558270088,31.9884123781893,11.6441458918987
"state_time_baseline","none",4,2020,"California","CA","CA-607","Pasadena CoC",2019,2020,37.6070703875653,31.9884123781893,5.61865800937602
"state_time_baseline","none",4,2020,"California","CA","CA-608","Riverside City & County CoC",2019,2020,11.8955010752972,31.9884123781893,-20.0929113028921
"state_time_baseline","none",4,2020,"California","CA","CA-609","San Bernardino City & County CoC",2019,2020,14.3138512275559,31.9884123781893,-17.6745611506334
"state_time_baseline","none",4,2020,"California","CA","CA-611","Oxnard, San Buenaventura/Ventura County CoC",2019,2020,21.1781799564585,31.9884123781893,-10.8102324217308
"state_time_baseline","none",4,2020,"California","CA","CA-612","Glendale CoC",2019,2020,8.6933726695118,31.9884123781893,-23.2950397086775
"state_time_baseline","none",4,2020,"California","CA","CA-613","Imperial County CoC",2019,2020,85.0544749682508,31.9884123781893,53.0660625900615
"state_time_baseline","none",4,2020,"California","CA","CA-614","San Luis Obispo County CoC",2019,2020,50.4150472796069,31.9884123781893,18.4266349014176
"state_time_baseline","none",4,2020,"Florida","FL","FL-500","Sarasota, Bradenton/Manatee, Sarasota Counties CoC",2019,2020,12.4599586577617,20.3979189851818,-7.93796032742014
"state_time_baseline","none",4,2020,"Florida","FL","FL-501","Tampa/Hillsborough County CoC",2019,2020,9.90284031465388,20.3979189851818,-10.495078670528
"state_time_baseline","none",4,2020,"Florida","FL","FL-502","St. Petersburg, Clearwater, Largo/Pinellas County CoC",2019,2020,23.1922109178427,20.3979189851818,2.79429193266086
"state_time_baseline","none",4,2020,"Florida","FL","FL-503","Lakeland/Polk County CoC",2019,2020,8.38186230736782,20.3979189851818,-12.016056677814
"state_time_baseline","none",4,2020,"Florida","FL","FL-504","Deltona, Daytona Beach/Volusia, Flagler Counties CoC",2019,2020,13.4559451759543,20.3979189851818,-6.94197380922754
"state_time_baseline","none",4,2020,"Florida","FL","FL-505","Fort Walton Beach/Okaloosa, Walton Counties CoC",2019,2020,12.1883040895059,20.3979189851818,-8.20961489567594
"state_time_baseline","none",4,2020,"Florida","FL","FL-506","Tallahassee/Leon County CoC",2019,2020,17.9748483105292,20.3979189851818,-2.42307067465264
"state_time_baseline","none",4,2020,"Florida","FL","FL-507","Orlando/Orange, Osceola, Seminole Counties CoC",2019,2020,8.74811318410834,20.3979189851818,-11.6498058010735
"state_time_baseline","none",4,2020,"Florida","FL","FL-508","Gainesville/Alachua, Putnam Counties CoC",2019,2020,18.8695314054083,20.3979189851818,-1.52838757977354
"state_time_baseline","none",4,2020,"Florida","FL","FL-509","Fort Pierce/St. Lucie, Indian River, Martin Counties CoC",2019,2020,21.1970247308869,20.3979189851818,0.799105745705059
"state_time_baseline","none",4,2020,"Florida","FL","FL-510","Jacksonville-Duval, Clay Counties CoC",2019,2020,10.3361825206501,20.3979189851818,-10.0617364645317
"state_time_baseline","none",4,2020,"Florida","FL","FL-511","Pensacola/Escambia, Santa Rosa Counties CoC",2019,2020,14.582531066069,20.3979189851818,-5.81538791911284
"state_time_baseline","none",4,2020,"Florida","FL","FL-512","St. Johns County CoC",2019,2020,13.2434080665707,20.3979189851818,-7.15451091861114
"state_time_baseline","none",4,2020,"Florida","FL","FL-513","Palm Bay, Melbourne/Brevard County CoC",2019,2020,15.4410979606252,20.3979189851818,-4.95682102455664
"state_time_baseline","none",4,2020,"Florida","FL","FL-514","Ocala/Marion County CoC",2019,2020,13.8568006952246,20.3979189851818,-6.54111828995724
"state_time_baseline","none",4,2020,"Florida","FL","FL-515","Panama City/Bay, Jackson Counties CoC",2019,2020,13.0710965801258,20.3979189851818,-7.32682240505604
"state_time_baseline","none",4,2020,"Florida","FL","FL-517","Hendry, Hardee, Highlands Counties CoC",2019,2020,15.9771008103522,20.3979189851818,-4.42081817482964
"state_time_baseline","none",4,2020,"Florida","FL","FL-518","Columbia, Hamilton, Lafayette, Suwannee Counties CoC",2019,2020,37.1872491434824,20.3979189851818,16.7893301583006
"state_time_baseline","none",4,2020,"Florida","FL","FL-519","Pasco County CoC",2019,2020,15.8609604888991,20.3979189851818,-4.53695849628274
"state_time_baseline","none",4,2020,"Florida","FL","FL-520","Citrus, Hernando, Lake, Sumter Counties CoC",2019,2020,8.1113481568317,20.3979189851818,-12.2865708283501
"state_time_baseline","none",4,2020,"Florida","FL","FL-600","Miami-Dade County CoC",2019,2020,13.2071040864487,20.3979189851818,-7.19081489873314
"state_time_baseline","none",4,2020,"Florida","FL","FL-601","Ft Lauderdale/Broward County CoC",2019,2020,11.3767516003863,20.3979189851818,-9.02116738479554
"state_time_baseline","none",4,2020,"Florida","FL","FL-602","Charlotte County CoC",2019,2020,8.98826207432069,20.3979189851818,-11.4096569108611
"state_time_baseline","none",4,2020,"Florida","FL","FL-603","Ft Myers, Cape Coral/Lee County CoC",2019,2020,5.79956242040296,20.3979189851818,-14.5983565647789
"state_time_baseline","none",4,2020,"Florida","FL","FL-604","Monroe County CoC",2019,2020,50.8141120807232,20.3979189851818,30.4161930955414
"state_time_baseline","none",4,2020,"Florida","FL","FL-605","West Palm Beach/Palm Beach County CoC",2019,2020,10.1057219132876,20.3979189851818,-10.2921970718942
"state_time_baseline","none",4,2020,"Florida","FL","FL-606","Naples/Collier County CoC",2019,2020,15.980833600564,20.3979189851818,-4.41708538461784
"pooled_lasso","min",4,2020,"California","CA","CA-500","San Jose/Santa Clara City & County CoC",2019,2020,49.7320784591495,24.7377774657497,24.9943009933998
"pooled_lasso","min",4,2020,"California","CA","CA-501","San Francisco CoC",2019,2020,92.8309674234607,128.037537820497,-35.2065703970362
"pooled_lasso","min",4,2020,"California","CA","CA-502","Oakland, Berkeley/Alameda County CoC",2019,2020,48.42043000579,30.1001093371226,18.3203206686674
"pooled_lasso","min",4,2020,"California","CA","CA-503","Sacramento City & County CoC",2019,2020,34.730953276753,34.5111331432434,0.219820133509558
"pooled_lasso","min",4,2020,"California","CA","CA-504","Santa Rosa, Petaluma/Sonoma County CoC",2019,2020,56.1908154116361,48.7911024966921,7.39971291494403
"pooled_lasso","min",4,2020,"California","CA","CA-505","Contra Costa County CoC",2019,2020,19.5241324965766,21.5702748570892,-2.04614236051263
"pooled_lasso","min",4,2020,"California","CA","CA-506","Salinas/Monterey, San Benito Counties CoC",2019,2020,53.1268192420864,37.8899926882903,15.2368265537961
"pooled_lasso","min",4,2020,"California","CA","CA-507","Marin County CoC",2019,2020,39.489241860127,49.1723265612697,-9.68308470114271
"pooled_lasso","min",4,2020,"California","CA","CA-508","Watsonville/Santa Cruz City & County CoC",2019,2020,83.0150354359393,58.1354252179944,24.8796102179449
"pooled_lasso","min",4,2020,"California","CA","CA-509","Mendocino County CoC",2019,2020,82.213075272584,86.0115664304857,-3.79849115790172
"pooled_lasso","min",4,2020,"California","CA","CA-510","Turlock, Modesto/Stanislaus County CoC",2019,2020,38.052959895395,37.9800676295371,0.0728922658579378
"pooled_lasso","min",4,2020,"California","CA","CA-511","Stockton/San Joaquin County CoC",2019,2020,34.2933419418973,33.6554457862837,0.637896155613603
"pooled_lasso","min",4,2020,"California","CA","CA-512","Daly City/San Mateo County CoC",2019,2020,20.6126358604792,29.3953507959199,-8.78271493544073
"pooled_lasso","min",4,2020,"California","CA","CA-513","Visalia/Kings, Tulare Counties CoC",2019,2020,20.6947830637852,27.2704680538649,-6.57568499007972
"pooled_lasso","min",4,2020,"California","CA","CA-514","Fresno City & County/Madera County CoC",2019,2020,31.227513145831,27.3622128176435,3.86530032818748
"pooled_lasso","min",4,2020,"California","CA","CA-515","Roseville, Rocklin/Placer County CoC",2019,2020,18.3264321835796,29.4900275908206,-11.163595407241
"pooled_lasso","min",4,2020,"California","CA","CA-516","Redding/Shasta, Siskiyou, Lassen, Plumas, Del Norte, Modoc, Sierra Counties CoC",2019,2020,48.113231295942,36.8402172116474,11.2730140842946
"pooled_lasso","min",4,2020,"California","CA","CA-517","Napa City & County CoC",2019,2020,33.750118198151,42.4001263096067,-8.65000811145574
"pooled_lasso","min",4,2020,"California","CA","CA-518","Vallejo/Solano County CoC",2019,2020,25.6571611521434,34.5506863514313,-8.89352519928792
"pooled_lasso","min",4,2020,"California","CA","CA-519","Chico, Paradise/Butte County CoC",2019,2020,60.6077905272973,57.6640982366501,2.94369229064723
"pooled_lasso","min",4,2020,"California","CA","CA-520","Merced City & County CoC",2019,2020,22.4818395517772,35.7522150634898,-13.2703755117126
"pooled_lasso","min",4,2020,"California","CA","CA-521","Davis, Woodland/Yolo County CoC",2019,2020,29.4360764144012,35.8962458458513,-6.46016943145006
"pooled_lasso","min",4,2020,"California","CA","CA-522","Humboldt County CoC",2019,2020,124.800070433902,52.744577777394,72.055492656508
"pooled_lasso","min",4,2020,"California","CA","CA-523","Colusa, Glenn, Trinity Counties CoC",2019,2020,39.0449690333004,41.2064010978752,-2.16143206457485
"pooled_lasso","min",4,2020,"California","CA","CA-524","Yuba City & County/Sutter County CoC",2019,2020,39.7334935164417,34.1893270582208,5.54416645822087
"pooled_lasso","min",4,2020,"California","CA","CA-525","El Dorado County CoC",2019,2020,34.6690232538682,28.5826299016709,6.08639335219725
"pooled_lasso","min",4,2020,"California","CA","CA-526","Amador, Calaveras, Mariposa, Tuolumne Counties CoC",2019,2020,52.646529684689,40.8927569069266,11.7537727777624
"pooled_lasso","min",4,2020,"California","CA","CA-527","Tehama County CoC",2019,2020,45.6204379562044,40.5533065769899,5.06713137921454
"pooled_lasso","min",4,2020,"California","CA","CA-529","Lake County CoC",2019,2020,52.3399014778325,40.4177343837802,11.9221670940523
"pooled_lasso","min",4,2020,"California","CA","CA-530","Alpine, Inyo, Mono Counties CoC",2019,2020,55.1046689227636,43.6720309227788,11.4326379999848
"pooled_lasso","min",4,2020,"California","CA","CA-531","Nevada County CoC",2019,2020,37.8373093468909,45.5704759317575,-7.73316658486664
"pooled_lasso","min",4,2020,"California","CA","CA-600","Los Angeles City & County CoC",2019,2020,69.2772021936024,24.9660126479212,44.3111895456812
"pooled_lasso","min",4,2020,"California","CA","CA-601","San Diego City and County CoC",2019,2020,23.137671874006,24.6620994461267,-1.52442757212069
"pooled_lasso","min",4,2020,"California","CA","CA-602","Santa Ana, Anaheim/Orange County CoC",2019,2020,21.9009235862401,11.2555688046273,10.6453547816129
"pooled_lasso","min",4,2020,"California","CA","CA-603","Santa Maria/Santa Barbara County CoC",2019,2020,42.3130541459878,47.4600146357866,-5.14696048979879
"pooled_lasso","min",4,2020,"California","CA","CA-604","Bakersfield/Kern County CoC",2019,2020,17.440063578966,46.892479172527,-29.452415593561
"pooled_lasso","min",4,2020,"California","CA","CA-606","Long Beach CoC",2019,2020,43.632558270088,45.1520708982455,-1.51951262815749
"pooled_lasso","min",4,2020,"California","CA","CA-607","Pasadena CoC",2019,2020,37.6070703875653,61.5142618812041,-23.9071914936388
"pooled_lasso","min",4,2020,"California","CA","CA-608","Riverside City & County CoC",2019,2020,11.8955010752972,16.0735041642854,-4.17800308898819
"pooled_lasso","min",4,2020,"California","CA","CA-609","San Bernardino City & County CoC",2019,2020,14.3138512275559,18.7282596828277,-4.41440845527183
"pooled_lasso","min",4,2020,"California","CA","CA-611","Oxnard, San Buenaventura/Ventura County CoC",2019,2020,21.1781799564585,27.9556174457672,-6.77743748930875
"pooled_lasso","min",4,2020,"California","CA","CA-612","Glendale CoC",2019,2020,8.6933726695118,33.2030808096222,-24.5097081401104
"pooled_lasso","min",4,2020,"California","CA","CA-613","Imperial County CoC",2019,2020,85.0544749682508,39.3911721529807,45.6633028152701
"pooled_lasso","min",4,2020,"California","CA","CA-614","San Luis Obispo County CoC",2019,2020,50.4150472796069,46.1476557550725,4.26739152453445
"pooled_lasso","min",4,2020,"Florida","FL","FL-500","Sarasota, Bradenton/Manatee, Sarasota Counties CoC",2019,2020,12.4599586577617,12.5995358153652,-0.139577157603453
"pooled_lasso","min",4,2020,"Florida","FL","FL-501","Tampa/Hillsborough County CoC",2019,2020,9.90284031465388,11.2081880673623,-1.30534775270845
"pooled_lasso","min",4,2020,"Florida","FL","FL-502","St. Petersburg, Clearwater, Largo/Pinellas County CoC",2019,2020,23.1922109178427,25.6778797881747,-2.485668870332
"pooled_lasso","min",4,2020,"Florida","FL","FL-503","Lakeland/Polk County CoC",2019,2020,8.38186230736782,11.487205115956,-3.10534280858822
"pooled_lasso","min",4,2020,"Florida","FL","FL-504","Deltona, Daytona Beach/Volusia, Flagler Counties CoC",2019,2020,13.4559451759543,17.6492488352498,-4.1933036592955
"pooled_lasso","min",4,2020,"Florida","FL","FL-505","Fort Walton Beach/Okaloosa, Walton Counties CoC",2019,2020,12.1883040895059,21.7853358832296,-9.59703179372366
"pooled_lasso","min",4,2020,"Florida","FL","FL-506","Tallahassee/Leon County CoC",2019,2020,17.9748483105292,29.6951950131331,-11.7203467026039
"pooled_lasso","min",4,2020,"Florida","FL","FL-507","Orlando/Orange, Osceola, Seminole Counties CoC",2019,2020,8.74811318410834,7.44856276311708,1.29955042099126
"pooled_lasso","min",4,2020,"Florida","FL","FL-508","Gainesville/Alachua, Putnam Counties CoC",2019,2020,18.8695314054083,30.9462703623899,-12.0767389569816
"pooled_lasso","min",4,2020,"Florida","FL","FL-509","Fort Pierce/St. Lucie, Indian River, Martin Counties CoC",2019,2020,21.1970247308869,12.8801112684623,8.31691346242462
"pooled_lasso","min",4,2020,"Florida","FL","FL-510","Jacksonville-Duval, Clay Counties CoC",2019,2020,10.3361825206501,16.2460755751552,-5.90989305450509
"pooled_lasso","min",4,2020,"Florida","FL","FL-511","Pensacola/Escambia, Santa Rosa Counties CoC",2019,2020,14.582531066069,23.3204885427341,-8.73795747666509
"pooled_lasso","min",4,2020,"Florida","FL","FL-512","St. Johns County CoC",2019,2020,13.2434080665707,11.4967257163142,1.74668235025648
"pooled_lasso","min",4,2020,"Florida","FL","FL-513","Palm Bay, Melbourne/Brevard County CoC",2019,2020,15.4410979606252,13.6088681040385,1.83222985658675
"pooled_lasso","min",4,2020,"Florida","FL","FL-514","Ocala/Marion County CoC",2019,2020,13.8568006952246,17.4346852669483,-3.57788457172372
"pooled_lasso","min",4,2020,"Florida","FL","FL-515","Panama City/Bay, Jackson Counties CoC",2019,2020,13.0710965801258,24.1246034550604,-11.0535068749346
"pooled_lasso","min",4,2020,"Florida","FL","FL-517","Hendry, Hardee, Highlands Counties CoC",2019,2020,15.9771008103522,16.5258915904081,-0.54879078005594
"pooled_lasso","min",4,2020,"Florida","FL","FL-518","Columbia, Hamilton, Lafayette, Suwannee Counties CoC",2019,2020,37.1872491434824,30.8065521254437,6.3806970180387
"pooled_lasso","min",4,2020,"Florida","FL","FL-519","Pasco County CoC",2019,2020,15.8609604888991,12.022893784807,3.83806670409208
"pooled_lasso","min",4,2020,"Florida","FL","FL-520","Citrus, Hernando, Lake, Sumter Counties CoC",2019,2020,8.1113481568317,6.07737590553596,2.03397225129574
"pooled_lasso","min",4,2020,"Florida","FL","FL-600","Miami-Dade County CoC",2019,2020,13.2071040864487,15.0185701293581,-1.81146604290943
"pooled_lasso","min",4,2020,"Florida","FL","FL-601","Ft Lauderdale/Broward County CoC",2019,2020,11.3767516003863,10.5504670001503,0.826284600236042
"pooled_lasso","min",4,2020,"Florida","FL","FL-602","Charlotte County CoC",2019,2020,8.98826207432069,24.1425258627005,-15.1542637883798
"pooled_lasso","min",4,2020,"Florida","FL","FL-603","Ft Myers, Cape Coral/Lee County CoC",2019,2020,5.79956242040296,9.17545844903239,-3.37589602862943
"pooled_lasso","min",4,2020,"Florida","FL","FL-604","Monroe County CoC",2019,2020,50.8141120807232,78.2857442454567,-27.4716321647335
"pooled_lasso","min",4,2020,"Florida","FL","FL-605","West Palm Beach/Palm Beach County CoC",2019,2020,10.1057219132876,6.35367123630701,3.75205067698059
"pooled_lasso","min",4,2020,"Florida","FL","FL-606","Naples/Collier County CoC",2019,2020,15.980833600564,12.6427716148547,3.33806198570928
"pooled_lasso","1se",4,2020,"California","CA","CA-500","San Jose/Santa Clara City & County CoC",2019,2020,49.7320784591495,23.350280896931,26.3817975622185
"pooled_lasso","1se",4,2020,"California","CA","CA-501","San Francisco CoC",2019,2020,92.8309674234607,109.71738540277,-16.8864179793095
"pooled_lasso","1se",4,2020,"California","CA","CA-502","Oakland, Berkeley/Alameda County CoC",2019,2020,48.42043000579,26.7302790126292,21.6901509931608
"pooled_lasso","1se",4,2020,"California","CA","CA-503","Sacramento City & County CoC",2019,2020,34.730953276753,27.5002019792739,7.23075129747912
"pooled_lasso","1se",4,2020,"California","CA","CA-504","Santa Rosa, Petaluma/Sonoma County CoC",2019,2020,56.1908154116361,38.9804366269686,17.2103787846675
"pooled_lasso","1se",4,2020,"California","CA","CA-505","Contra Costa County CoC",2019,2020,19.5241324965766,20.593302007658,-1.06916951108136
"pooled_lasso","1se",4,2020,"California","CA","CA-506","Salinas/Monterey, San Benito Counties CoC",2019,2020,53.1268192420864,30.2087751276993,22.9180441143871
"pooled_lasso","1se",4,2020,"California","CA","CA-507","Marin County CoC",2019,2020,39.489241860127,41.8530607609948,-2.36381890086783
"pooled_lasso","1se",4,2020,"California","CA","CA-508","Watsonville/Santa Cruz City & County CoC",2019,2020,83.0150354359393,44.8863949118374,38.1286405241019
"pooled_lasso","1se",4,2020,"California","CA","CA-509","Mendocino County CoC",2019,2020,82.213075272584,68.8960132256275,13.3170620469565
"pooled_lasso","1se",4,2020,"California","CA","CA-510","Turlock, Modesto/Stanislaus County CoC",2019,2020,38.052959895395,31.556773434807,6.49618646058801
"pooled_lasso","1se",4,2020,"California","CA","CA-511","Stockton/San Joaquin County CoC",2019,2020,34.2933419418973,28.5054170167305,5.78792492516676
"pooled_lasso","1se",4,2020,"California","CA","CA-512","Daly City/San Mateo County CoC",2019,2020,20.6126358604792,28.0931742755625,-7.48053841508329
"pooled_lasso","1se",4,2020,"California","CA","CA-513","Visalia/Kings, Tulare Counties CoC",2019,2020,20.6947830637852,22.4294022698205,-1.73461920603526
"pooled_lasso","1se",4,2020,"California","CA","CA-514","Fresno City & County/Madera County CoC",2019,2020,31.227513145831,21.1863988118302,10.0411143340008
"pooled_lasso","1se",4,2020,"California","CA","CA-515","Roseville, Rocklin/Placer County CoC",2019,2020,18.3264321835796,27.3356292298137,-9.0091970462341
"pooled_lasso","1se",4,2020,"California","CA","CA-516","Redding/Shasta, Siskiyou, Lassen, Plumas, Del Norte, Modoc, Sierra Counties CoC",2019,2020,48.113231295942,35.4296258745676,12.6836054213744
"pooled_lasso","1se",4,2020,"California","CA","CA-517","Napa City & County CoC",2019,2020,33.750118198151,37.0170556965654,-3.26693749841441
"pooled_lasso","1se",4,2020,"California","CA","CA-518","Vallejo/Solano County CoC",2019,2020,25.6571611521434,27.899952979056,-2.24279182691261
"pooled_lasso","1se",4,2020,"California","CA","CA-519","Chico, Paradise/Butte County CoC",2019,2020,60.6077905272973,50.8445770647073,9.76321346258996
"pooled_lasso","1se",4,2020,"California","CA","CA-520","Merced City & County CoC",2019,2020,22.4818395517772,31.7520456234539,-9.2702060716767
"pooled_lasso","1se",4,2020,"California","CA","CA-521","Davis, Woodland/Yolo County CoC",2019,2020,29.4360764144012,34.252822304184,-4.81674588978282
"pooled_lasso","1se",4,2020,"California","CA","CA-522","Humboldt County CoC",2019,2020,124.800070433902,46.0783940590061,78.7216763748959
"pooled_lasso","1se",4,2020,"California","CA","CA-523","Colusa, Glenn, Trinity Counties CoC",2019,2020,39.0449690333004,39.8259645915287,-0.78099555822827
"pooled_lasso","1se",4,2020,"California","CA","CA-524","Yuba City & County/Sutter County CoC",2019,2020,39.7334935164417,32.0355981818254,7.69789533461633
"pooled_lasso","1se",4,2020,"California","CA","CA-525","El Dorado County CoC",2019,2020,34.6690232538682,27.3853815189659,7.28364173490231
"pooled_lasso","1se",4,2020,"California","CA","CA-526","Amador, Calaveras, Mariposa, Tuolumne Counties CoC",2019,2020,52.646529684689,34.6206975862122,18.0258320984768
"pooled_lasso","1se",4,2020,"California","CA","CA-527","Tehama County CoC",2019,2020,45.6204379562044,36.05917315595,9.56126480025438
"pooled_lasso","1se",4,2020,"California","CA","CA-529","Lake County CoC",2019,2020,52.3399014778325,37.332888517589,15.0070129602435
"pooled_lasso","1se",4,2020,"California","CA","CA-530","Alpine, Inyo, Mono Counties CoC",2019,2020,55.1046689227636,40.5759298241374,14.5287390986262
"pooled_lasso","1se",4,2020,"California","CA","CA-531","Nevada County CoC",2019,2020,37.8373093468909,40.3014143434471,-2.46410499655623
"pooled_lasso","1se",4,2020,"California","CA","CA-600","Los Angeles City & County CoC",2019,2020,69.2772021936024,18.9635067315782,50.3136954620242
"pooled_lasso","1se",4,2020,"California","CA","CA-601","San Diego City and County CoC",2019,2020,23.137671874006,18.1720546150334,4.96561725897261
"pooled_lasso","1se",4,2020,"California","CA","CA-602","Santa Ana, Anaheim/Orange County CoC",2019,2020,21.9009235862401,14.0749251878522,7.82599839838792
"pooled_lasso","1se",4,2020,"California","CA","CA-603","Santa Maria/Santa Barbara County CoC",2019,2020,42.3130541459878,37.2251370445161,5.08791710147166
"pooled_lasso","1se",4,2020,"California","CA","CA-604","Bakersfield/Kern County CoC",2019,2020,17.440063578966,33.1445661882247,-15.7045026092587
"pooled_lasso","1se",4,2020,"California","CA","CA-606","Long Beach CoC",2019,2020,43.632558270088,43.2558391708864,0.376719099201573
"pooled_lasso","1se",4,2020,"California","CA","CA-607","Pasadena CoC",2019,2020,37.6070703875653,52.7547802951407,-15.1477099075754
"pooled_lasso","1se",4,2020,"California","CA","CA-608","Riverside City & County CoC",2019,2020,11.8955010752972,11.6626705810699,0.232830494227256
"pooled_lasso","1se",4,2020,"California","CA","CA-609","San Bernardino City & County CoC",2019,2020,14.3138512275559,13.0124841439812,1.30136708357468
"pooled_lasso","1se",4,2020,"California","CA","CA-611","Oxnard, San Buenaventura/Ventura County CoC",2019,2020,21.1781799564585,21.6310773824535,-0.452897425995008
"pooled_lasso","1se",4,2020,"California","CA","CA-612","Glendale CoC",2019,2020,8.6933726695118,34.2792823658459,-25.5859096963341
"pooled_lasso","1se",4,2020,"California","CA","CA-613","Imperial County CoC",2019,2020,85.0544749682508,34.7841308617312,50.2703441065196
"pooled_lasso","1se",4,2020,"California","CA","CA-614","San Luis Obispo County CoC",2019,2020,50.4150472796069,34.5761871127404,15.8388601668665
"pooled_lasso","1se",4,2020,"Florida","FL","FL-500","Sarasota, Bradenton/Manatee, Sarasota Counties CoC",2019,2020,12.4599586577617,14.8783203852139,-2.41836172745224
"pooled_lasso","1se",4,2020,"Florida","FL","FL-501","Tampa/Hillsborough County CoC",2019,2020,9.90284031465388,13.1423936770386,-3.23955336238469
"pooled_lasso","1se",4,2020,"Florida","FL","FL-502","St. Petersburg, Clearwater, Largo/Pinellas County CoC",2019,2020,23.1922109178427,27.1343081920852,-3.94209727424252
"pooled_lasso","1se",4,2020,"Florida","FL","FL-503","Lakeland/Polk County CoC",2019,2020,8.38186230736782,13.4857050297284,-5.10384272236063
"pooled_lasso","1se",4,2020,"Florida","FL","FL-504","Deltona, Daytona Beach/Volusia, Flagler Counties CoC",2019,2020,13.4559451759543,16.4874212132931,-3.03147603733877
"pooled_lasso","1se",4,2020,"Florida","FL","FL-505","Fort Walton Beach/Okaloosa, Walton Counties CoC",2019,2020,12.1883040895059,19.8072116510465,-7.61890756154062
"pooled_lasso","1se",4,2020,"Florida","FL","FL-506","Tallahassee/Leon County CoC",2019,2020,17.9748483105292,27.2720291044207,-9.29718079389146
"pooled_lasso","1se",4,2020,"Florida","FL","FL-507","Orlando/Orange, Osceola, Seminole Counties CoC",2019,2020,8.74811318410834,8.76907896216528,-0.0209657780569419
"pooled_lasso","1se",4,2020,"Florida","FL","FL-508","Gainesville/Alachua, Putnam Counties CoC",2019,2020,18.8695314054083,27.2262363988518,-8.35670499344352
"pooled_lasso","1se",4,2020,"Florida","FL","FL-509","Fort Pierce/St. Lucie, Indian River, Martin Counties CoC",2019,2020,21.1970247308869,13.650121624513,7.54690310637393
"pooled_lasso","1se",4,2020,"Florida","FL","FL-510","Jacksonville-Duval, Clay Counties CoC",2019,2020,10.3361825206501,16.3215145302212,-5.98533200957108
"pooled_lasso","1se",4,2020,"Florida","FL","FL-511","Pensacola/Escambia, Santa Rosa Counties CoC",2019,2020,14.582531066069,22.2216623554271,-7.63913128935805
"pooled_lasso","1se",4,2020,"Florida","FL","FL-512","St. Johns County CoC",2019,2020,13.2434080665707,16.1138094562921,-2.87040138972137
"pooled_lasso","1se",4,2020,"Florida","FL","FL-513","Palm Bay, Melbourne/Brevard County CoC",2019,2020,15.4410979606252,16.4484317860481,-1.00733382542287
"pooled_lasso","1se",4,2020,"Florida","FL","FL-514","Ocala/Marion County CoC",2019,2020,13.8568006952246,19.2509343683168,-5.39413367309223
"pooled_lasso","1se",4,2020,"Florida","FL","FL-515","Panama City/Bay, Jackson Counties CoC",2019,2020,13.0710965801258,24.6060263799407,-11.5349297998149
"pooled_lasso","1se",4,2020,"Florida","FL","FL-517","Hendry, Hardee, Highlands Counties CoC",2019,2020,15.9771008103522,18.3404234764722,-2.36332266611996
"pooled_lasso","1se",4,2020,"Florida","FL","FL-518","Columbia, Hamilton, Lafayette, Suwannee Counties CoC",2019,2020,37.1872491434824,28.3336044979507,8.85364464553166
"pooled_lasso","1se",4,2020,"Florida","FL","FL-519","Pasco County CoC",2019,2020,15.8609604888991,14.1417605834214,1.71919990547775
"pooled_lasso","1se",4,2020,"Florida","FL","FL-520","Citrus, Hernando, Lake, Sumter Counties CoC",2019,2020,8.1113481568317,8.86850918438698,-0.757161027555281
"pooled_lasso","1se",4,2020,"Florida","FL","FL-600","Miami-Dade County CoC",2019,2020,13.2071040864487,14.3305614072539,-1.12345732080523
"pooled_lasso","1se",4,2020,"Florida","FL","FL-601","Ft Lauderdale/Broward County CoC",2019,2020,11.3767516003863,11.2764378614026,0.100313738983713
"pooled_lasso","1se",4,2020,"Florida","FL","FL-602","Charlotte County CoC",2019,2020,8.98826207432069,22.9239707073325,-13.9357086330118
"pooled_lasso","1se",4,2020,"Florida","FL","FL-603","Ft Myers, Cape Coral/Lee County CoC",2019,2020,5.79956242040296,11.7535938605407,-5.95403144013776
"pooled_lasso","1se",4,2020,"Florida","FL","FL-604","Monroe County CoC",2019,2020,50.8141120807232,67.6055056501237,-16.7913935694005
"pooled_lasso","1se",4,2020,"Florida","FL","FL-605","West Palm Beach/Palm Beach County CoC",2019,2020,10.1057219132876,8.80628776330234,1.29943414998526
"pooled_lasso","1se",4,2020,"Florida","FL","FL-606","Naples/Collier County CoC",2019,2020,15.980833600564,17.9719790907439,-1.9911454901799
"pooled_lasso_state_interactions","min",4,2020,"California","CA","CA-500","San Jose/Santa Clara City & County CoC",2019,2020,49.7320784591495,25.2074666434149,24.5246118157346
"pooled_lasso_state_interactions","min",4,2020,"California","CA","CA-501","San Francisco CoC",2019,2020,92.8309674234607,132.498523602645,-39.6675561791846
"pooled_lasso_state_interactions","min",4,2020,"California","CA","CA-502","Oakland, Berkeley/Alameda County CoC",2019,2020,48.42043000579,31.8846717149297,16.5357582908603
"pooled_lasso_state_interactions","min",4,2020,"California","CA","CA-503","Sacramento City & County CoC",2019,2020,34.730953276753,36.9742242484479,-2.24327097169488
"pooled_lasso_state_interactions","min",4,2020,"California","CA","CA-504","Santa Rosa, Petaluma/Sonoma County CoC",2019,2020,56.1908154116361,57.5867891124998,-1.39597370086369
"pooled_lasso_state_interactions","min",4,2020,"California","CA","CA-505","Contra Costa County CoC",2019,2020,19.5241324965766,18.4515547441421,1.07257775243448
"pooled_lasso_state_interactions","min",4,2020,"California","CA","CA-506","Salinas/Monterey, San Benito Counties CoC",2019,2020,53.1268192420864,45.5024862405575,7.62433300152891
"pooled_lasso_state_interactions","min",4,2020,"California","CA","CA-507","Marin County CoC",2019,2020,39.489241860127,53.3661985570447,-13.8769566969177
"pooled_lasso_state_interactions","min",4,2020,"California","CA","CA-508","Watsonville/Santa Cruz City & County CoC",2019,2020,83.0150354359393,65.8945368399672,17.1204985959721
"pooled_lasso_state_interactions","min",4,2020,"California","CA","CA-509","Mendocino County CoC",2019,2020,82.213075272584,106.059294022934,-23.8462187503503
"pooled_lasso_state_interactions","min",4,2020,"California","CA","CA-510","Turlock, Modesto/Stanislaus County CoC",2019,2020,38.052959895395,41.2270794884211,-3.1741195930261
"pooled_lasso_state_interactions","min",4,2020,"California","CA","CA-511","Stockton/San Joaquin County CoC",2019,2020,34.2933419418973,37.3012240642671,-3.00788212236979
"pooled_lasso_state_interactions","min",4,2020,"California","CA","CA-512","Daly City/San Mateo County CoC",2019,2020,20.6126358604792,28.4361436801759,-7.82350781969669
"pooled_lasso_state_interactions","min",4,2020,"California","CA","CA-513","Visalia/Kings, Tulare Counties CoC",2019,2020,20.6947830637852,25.6932705409795,-4.9984874771943
"pooled_lasso_state_interactions","min",4,2020,"California","CA","CA-514","Fresno City & County/Madera County CoC",2019,2020,31.227513145831,26.1844896277351,5.04302351809589
"pooled_lasso_state_interactions","min",4,2020,"California","CA","CA-515","Roseville, Rocklin/Placer County CoC",2019,2020,18.3264321835796,26.6902640604155,-8.36383187683587
"pooled_lasso_state_interactions","min",4,2020,"California","CA","CA-516","Redding/Shasta, Siskiyou, Lassen, Plumas, Del Norte, Modoc, Sierra Counties CoC",2019,2020,48.113231295942,42.2148141953471,5.8984171005949
"pooled_lasso_state_interactions","min",4,2020,"California","CA","CA-517","Napa City & County CoC",2019,2020,33.750118198151,42.3074391937189,-8.55732099556792
"pooled_lasso_state_interactions","min",4,2020,"California","CA","CA-518","Vallejo/Solano County CoC",2019,2020,25.6571611521434,33.547824936382,-7.89066378423863
"pooled_lasso_state_interactions","min",4,2020,"California","CA","CA-519","Chico, Paradise/Butte County CoC",2019,2020,60.6077905272973,69.5391097648423,-8.931319237545
"pooled_lasso_state_interactions","min",4,2020,"California","CA","CA-520","Merced City & County CoC",2019,2020,22.4818395517772,33.4691324248955,-10.9872928731183
"pooled_lasso_state_interactions","min",4,2020,"California","CA","CA-521","Davis, Woodland/Yolo County CoC",2019,2020,29.4360764144012,34.8682284931042,-5.43215207870298
"pooled_lasso_state_interactions","min",4,2020,"California","CA","CA-522","Humboldt County CoC",2019,2020,124.800070433902,67.7407092602828,57.0593611736192
"pooled_lasso_state_interactions","min",4,2020,"California","CA","CA-523","Colusa, Glenn, Trinity Counties CoC",2019,2020,39.0449690333004,36.3170055900246,2.72796344327585
"pooled_lasso_state_interactions","min",4,2020,"California","CA","CA-524","Yuba City & County/Sutter County CoC",2019,2020,39.7334935164417,32.7885677594853,6.94492575695644
"pooled_lasso_state_interactions","min",4,2020,"California","CA","CA-525","El Dorado County CoC",2019,2020,34.6690232538682,23.2036557375801,11.4653675162881
"pooled_lasso_state_interactions","min",4,2020,"California","CA","CA-526","Amador, Calaveras, Mariposa, Tuolumne Counties CoC",2019,2020,52.646529684689,43.3613033765463,9.28522630814269
"pooled_lasso_state_interactions","min",4,2020,"California","CA","CA-527","Tehama County CoC",2019,2020,45.6204379562044,39.678962854911,5.94147510129335
"pooled_lasso_state_interactions","min",4,2020,"California","CA","CA-529","Lake County CoC",2019,2020,52.3399014778325,39.0707364955964,13.2691649822361
"pooled_lasso_state_interactions","min",4,2020,"California","CA","CA-530","Alpine, Inyo, Mono Counties CoC",2019,2020,55.1046689227636,41.7715861971402,13.3330827256234
"pooled_lasso_state_interactions","min",4,2020,"California","CA","CA-531","Nevada County CoC",2019,2020,37.8373093468909,53.5299364087191,-15.6926270618282
"pooled_lasso_state_interactions","min",4,2020,"California","CA","CA-600","Los Angeles City & County CoC",2019,2020,69.2772021936024,38.0015912167737,31.2756109768287
"pooled_lasso_state_interactions","min",4,2020,"California","CA","CA-601","San Diego City and County CoC",2019,2020,23.137671874006,33.3193503186971,-10.1816784446911
"pooled_lasso_state_interactions","min",4,2020,"California","CA","CA-602","Santa Ana, Anaheim/Orange County CoC",2019,2020,21.9009235862401,12.6883803728304,9.21254321340966
"pooled_lasso_state_interactions","min",4,2020,"California","CA","CA-603","Santa Maria/Santa Barbara County CoC",2019,2020,42.3130541459878,55.9821278914499,-13.6690737454621
"pooled_lasso_state_interactions","min",4,2020,"California","CA","CA-604","Bakersfield/Kern County CoC",2019,2020,17.440063578966,48.4050211200361,-30.9649575410701
"pooled_lasso_state_interactions","min",4,2020,"California","CA","CA-606","Long Beach CoC",2019,2020,43.632558270088,48.7648682212331,-5.13230995114515
"pooled_lasso_state_interactions","min",4,2020,"California","CA","CA-607","Pasadena CoC",2019,2020,37.6070703875653,67.1884905456132,-29.581420158048
"pooled_lasso_state_interactions","min",4,2020,"California","CA","CA-608","Riverside City & County CoC",2019,2020,11.8955010752972,16.4093566827264,-4.5138556074292
"pooled_lasso_state_interactions","min",4,2020,"California","CA","CA-609","San Bernardino City & County CoC",2019,2020,14.3138512275559,19.7772575632782,-5.46340633572231
"pooled_lasso_state_interactions","min",4,2020,"California","CA","CA-611","Oxnard, San Buenaventura/Ventura County CoC",2019,2020,21.1781799564585,28.7580517110291,-7.57987175457062
"pooled_lasso_state_interactions","min",4,2020,"California","CA","CA-612","Glendale CoC",2019,2020,8.6933726695118,33.0280631500319,-24.3346904805201
"pooled_lasso_state_interactions","min",4,2020,"California","CA","CA-613","Imperial County CoC",2019,2020,85.0544749682508,40.3380178858608,44.71645708239
"pooled_lasso_state_interactions","min",4,2020,"California","CA","CA-614","San Luis Obispo County CoC",2019,2020,50.4150472796069,49.0502867443128,1.36476053529415
"pooled_lasso_state_interactions","min",4,2020,"Florida","FL","FL-500","Sarasota, Bradenton/Manatee, Sarasota Counties CoC",2019,2020,12.4599586577617,13.0028594132966,-0.542900755534873
"pooled_lasso_state_interactions","min",4,2020,"Florida","FL","FL-501","Tampa/Hillsborough County CoC",2019,2020,9.90284031465388,7.86482226543003,2.03801804922385
"pooled_lasso_state_interactions","min",4,2020,"Florida","FL","FL-502","St. Petersburg, Clearwater, Largo/Pinellas County CoC",2019,2020,23.1922109178427,18.6326300311271,4.55958088671563
"pooled_lasso_state_interactions","min",4,2020,"Florida","FL","FL-503","Lakeland/Polk County CoC",2019,2020,8.38186230736782,12.286542670967,-3.90468036359916
"pooled_lasso_state_interactions","min",4,2020,"Florida","FL","FL-504","Deltona, Daytona Beach/Volusia, Flagler Counties CoC",2019,2020,13.4559451759543,21.6162119246411,-8.16026674868676
"pooled_lasso_state_interactions","min",4,2020,"Florida","FL","FL-505","Fort Walton Beach/Okaloosa, Walton Counties CoC",2019,2020,12.1883040895059,27.670668915655,-15.4823648261491
"pooled_lasso_state_interactions","min",4,2020,"Florida","FL","FL-506","Tallahassee/Leon County CoC",2019,2020,17.9748483105292,26.7981388731108,-8.82329056258158
"pooled_lasso_state_interactions","min",4,2020,"Florida","FL","FL-507","Orlando/Orange, Osceola, Seminole Counties CoC",2019,2020,8.74811318410834,7.53119598566297,1.21691719844537
"pooled_lasso_state_interactions","min",4,2020,"Florida","FL","FL-508","Gainesville/Alachua, Putnam Counties CoC",2019,2020,18.8695314054083,28.2248503989101,-9.35531899350183
"pooled_lasso_state_interactions","min",4,2020,"Florida","FL","FL-509","Fort Pierce/St. Lucie, Indian River, Martin Counties CoC",2019,2020,21.1970247308869,18.5493644855258,2.64766024536108
"pooled_lasso_state_interactions","min",4,2020,"Florida","FL","FL-510","Jacksonville-Duval, Clay Counties CoC",2019,2020,10.3361825206501,13.1992345279825,-2.86305200733239
"pooled_lasso_state_interactions","min",4,2020,"Florida","FL","FL-511","Pensacola/Escambia, Santa Rosa Counties CoC",2019,2020,14.582531066069,23.2590383759846,-8.67650730991562
"pooled_lasso_state_interactions","min",4,2020,"Florida","FL","FL-512","St. Johns County CoC",2019,2020,13.2434080665707,19.4923963871235,-6.24898832055278
"pooled_lasso_state_interactions","min",4,2020,"Florida","FL","FL-513","Palm Bay, Melbourne/Brevard County CoC",2019,2020,15.4410979606252,15.3398718359507,0.101226124674501
"pooled_lasso_state_interactions","min",4,2020,"Florida","FL","FL-514","Ocala/Marion County CoC",2019,2020,13.8568006952246,20.2960293303279,-6.43922863510332
"pooled_lasso_state_interactions","min",4,2020,"Florida","FL","FL-515","Panama City/Bay, Jackson Counties CoC",2019,2020,13.0710965801258,31.6462367986861,-18.5751402185603
"pooled_lasso_state_interactions","min",4,2020,"Florida","FL","FL-517","Hendry, Hardee, Highlands Counties CoC",2019,2020,15.9771008103522,22.0816606733501,-6.10455986299793
"pooled_lasso_state_interactions","min",4,2020,"Florida","FL","FL-518","Columbia, Hamilton, Lafayette, Suwannee Counties CoC",2019,2020,37.1872491434824,34.6842610789888,2.50298806449359
"pooled_lasso_state_interactions","min",4,2020,"Florida","FL","FL-519","Pasco County CoC",2019,2020,15.8609604888991,14.2560027647502,1.60495772414887
"pooled_lasso_state_interactions","min",4,2020,"Florida","FL","FL-520","Citrus, Hernando, Lake, Sumter Counties CoC",2019,2020,8.1113481568317,8.93821456023506,-0.826866403403356
"pooled_lasso_state_interactions","min",4,2020,"Florida","FL","FL-600","Miami-Dade County CoC",2019,2020,13.2071040864487,19.3499714782223,-6.14286739177363
"pooled_lasso_state_interactions","min",4,2020,"Florida","FL","FL-601","Ft Lauderdale/Broward County CoC",2019,2020,11.3767516003863,14.0034588353587,-2.6267072349724
"pooled_lasso_state_interactions","min",4,2020,"Florida","FL","FL-602","Charlotte County CoC",2019,2020,8.98826207432069,35.1540653546335,-26.1658032803128
"pooled_lasso_state_interactions","min",4,2020,"Florida","FL","FL-603","Ft Myers, Cape Coral/Lee County CoC",2019,2020,5.79956242040296,12.2710674408816,-6.47150502047867
"pooled_lasso_state_interactions","min",4,2020,"Florida","FL","FL-604","Monroe County CoC",2019,2020,50.8141120807232,82.3876412210684,-31.5735291403452
"pooled_lasso_state_interactions","min",4,2020,"Florida","FL","FL-605","West Palm Beach/Palm Beach County CoC",2019,2020,10.1057219132876,7.08177980549754,3.02394210779006
"pooled_lasso_state_interactions","min",4,2020,"Florida","FL","FL-606","Naples/Collier County CoC",2019,2020,15.980833600564,14.7721184747961,1.20871512576794
"pooled_lasso_state_interactions","1se",4,2020,"California","CA","CA-500","San Jose/Santa Clara City & County CoC",2019,2020,49.7320784591495,24.6388599264802,25.0932185326693
"pooled_lasso_state_interactions","1se",4,2020,"California","CA","CA-501","San Francisco CoC",2019,2020,92.8309674234607,126.67227970229,-33.8413122788295
"pooled_lasso_state_interactions","1se",4,2020,"California","CA","CA-502","Oakland, Berkeley/Alameda County CoC",2019,2020,48.42043000579,29.8176015235913,18.6028284821987
"pooled_lasso_state_interactions","1se",4,2020,"California","CA","CA-503","Sacramento City & County CoC",2019,2020,34.730953276753,33.3996898559734,1.33126342077956
"pooled_lasso_state_interactions","1se",4,2020,"California","CA","CA-504","Santa Rosa, Petaluma/Sonoma County CoC",2019,2020,56.1908154116361,47.7563422874504,8.43447312418571
"pooled_lasso_state_interactions","1se",4,2020,"California","CA","CA-505","Contra Costa County CoC",2019,2020,19.5241324965766,20.8929384745424,-1.3688059779658
"pooled_lasso_state_interactions","1se",4,2020,"California","CA","CA-506","Salinas/Monterey, San Benito Counties CoC",2019,2020,53.1268192420864,37.0089792232553,16.1178400188311
"pooled_lasso_state_interactions","1se",4,2020,"California","CA","CA-507","Marin County CoC",2019,2020,39.489241860127,50.6920912323447,-11.2028493722177
"pooled_lasso_state_interactions","1se",4,2020,"California","CA","CA-508","Watsonville/Santa Cruz City & County CoC",2019,2020,83.0150354359393,58.0668622187882,24.9481732171511
"pooled_lasso_state_interactions","1se",4,2020,"California","CA","CA-509","Mendocino County CoC",2019,2020,82.213075272584,86.3144907757473,-4.1014155031633
"pooled_lasso_state_interactions","1se",4,2020,"California","CA","CA-510","Turlock, Modesto/Stanislaus County CoC",2019,2020,38.052959895395,36.9737363046642,1.07922359073078
"pooled_lasso_state_interactions","1se",4,2020,"California","CA","CA-511","Stockton/San Joaquin County CoC",2019,2020,34.2933419418973,33.2322142202928,1.06112772160449
"pooled_lasso_state_interactions","1se",4,2020,"California","CA","CA-512","Daly City/San Mateo County CoC",2019,2020,20.6126358604792,29.5656192283346,-8.95298336785537
"pooled_lasso_state_interactions","1se",4,2020,"California","CA","CA-513","Visalia/Kings, Tulare Counties CoC",2019,2020,20.6947830637852,26.6035716965867,-5.90878863280145
"pooled_lasso_state_interactions","1se",4,2020,"California","CA","CA-514","Fresno City & County/Madera County CoC",2019,2020,31.227513145831,26.8826287679208,4.34488437791022
"pooled_lasso_state_interactions","1se",4,2020,"California","CA","CA-515","Roseville, Rocklin/Placer County CoC",2019,2020,18.3264321835796,28.5917763291768,-10.2653441455972
"pooled_lasso_state_interactions","1se",4,2020,"California","CA","CA-516","Redding/Shasta, Siskiyou, Lassen, Plumas, Del Norte, Modoc, Sierra Counties CoC",2019,2020,48.113231295942,37.2278400144425,10.8853912814995
"pooled_lasso_state_interactions","1se",4,2020,"California","CA","CA-517","Napa City & County CoC",2019,2020,33.750118198151,41.5291303768556,-7.77901217870463
"pooled_lasso_state_interactions","1se",4,2020,"California","CA","CA-518","Vallejo/Solano County CoC",2019,2020,25.6571611521434,32.2788046377405,-6.62164348559709
"pooled_lasso_state_interactions","1se",4,2020,"California","CA","CA-519","Chico, Paradise/Butte County CoC",2019,2020,60.6077905272973,59.8527957645746,0.754994762722717
"pooled_lasso_state_interactions","1se",4,2020,"California","CA","CA-520","Merced City & County CoC",2019,2020,22.4818395517772,35.7091149632215,-13.2272754114443
"pooled_lasso_state_interactions","1se",4,2020,"California","CA","CA-521","Davis, Woodland/Yolo County CoC",2019,2020,29.4360764144012,37.8128018672931,-8.37672545289188
"pooled_lasso_state_interactions","1se",4,2020,"California","CA","CA-522","Humboldt County CoC",2019,2020,124.800070433902,54.222913090717,70.577157343185
"pooled_lasso_state_interactions","1se",4,2020,"California","CA","CA-523","Colusa, Glenn, Trinity Counties CoC",2019,2020,39.0449690333004,40.8119047612957,-1.76693572799533
"pooled_lasso_state_interactions","1se",4,2020,"California","CA","CA-524","Yuba City & County/Sutter County CoC",2019,2020,39.7334935164417,33.6439739793561,6.08951953708561
"pooled_lasso_state_interactions","1se",4,2020,"California","CA","CA-525","El Dorado County CoC",2019,2020,34.6690232538682,27.651338284447,7.01768496942124
"pooled_lasso_state_interactions","1se",4,2020,"California","CA","CA-526","Amador, Calaveras, Mariposa, Tuolumne Counties CoC",2019,2020,52.646529684689,39.4279833021131,13.2185463825759
"pooled_lasso_state_interactions","1se",4,2020,"California","CA","CA-527","Tehama County CoC",2019,2020,45.6204379562044,39.817985706719,5.80245224948542
"pooled_lasso_state_interactions","1se",4,2020,"California","CA","CA-529","Lake County CoC",2019,2020,52.3399014778325,40.5306707461461,11.8092307316864
"pooled_lasso_state_interactions","1se",4,2020,"California","CA","CA-530","Alpine, Inyo, Mono Counties CoC",2019,2020,55.1046689227636,40.8023795352605,14.3022893875031
"pooled_lasso_state_interactions","1se",4,2020,"California","CA","CA-531","Nevada County CoC",2019,2020,37.8373093468909,45.4594921153815,-7.62218276849061
"pooled_lasso_state_interactions","1se",4,2020,"California","CA","CA-600","Los Angeles City & County CoC",2019,2020,69.2772021936024,26.1699888437623,43.1072133498401
"pooled_lasso_state_interactions","1se",4,2020,"California","CA","CA-601","San Diego City and County CoC",2019,2020,23.137671874006,24.1851677312189,-1.04749585721293
"pooled_lasso_state_interactions","1se",4,2020,"California","CA","CA-602","Santa Ana, Anaheim/Orange County CoC",2019,2020,21.9009235862401,10.9234363642217,10.9774872220184
"pooled_lasso_state_interactions","1se",4,2020,"California","CA","CA-603","Santa Maria/Santa Barbara County CoC",2019,2020,42.3130541459878,47.4906770487947,-5.17762290280688
"pooled_lasso_state_interactions","1se",4,2020,"California","CA","CA-604","Bakersfield/Kern County CoC",2019,2020,17.440063578966,45.5708993334821,-28.1308357545161
"pooled_lasso_state_interactions","1se",4,2020,"California","CA","CA-606","Long Beach CoC",2019,2020,43.632558270088,44.6651287974175,-1.03257052732948
"pooled_lasso_state_interactions","1se",4,2020,"California","CA","CA-607","Pasadena CoC",2019,2020,37.6070703875653,61.1554269201541,-23.5483565325888
"pooled_lasso_state_interactions","1se",4,2020,"California","CA","CA-608","Riverside City & County CoC",2019,2020,11.8955010752972,15.1888359753276,-3.29333490003036
"pooled_lasso_state_interactions","1se",4,2020,"California","CA","CA-609","San Bernardino City & County CoC",2019,2020,14.3138512275559,17.2841140810843,-2.97026285352838
"pooled_lasso_state_interactions","1se",4,2020,"California","CA","CA-611","Oxnard, San Buenaventura/Ventura County CoC",2019,2020,21.1781799564585,26.239984776842,-5.06180482038355
"pooled_lasso_state_interactions","1se",4,2020,"California","CA","CA-612","Glendale CoC",2019,2020,8.6933726695118,33.2624728335836,-24.5691001640718
"pooled_lasso_state_interactions","1se",4,2020,"California","CA","CA-613","Imperial County CoC",2019,2020,85.0544749682508,39.8787192676286,45.1757557006222
"pooled_lasso_state_interactions","1se",4,2020,"California","CA","CA-614","San Luis Obispo County CoC",2019,2020,50.4150472796069,44.2708484692815,6.14419881032536
"pooled_lasso_state_interactions","1se",4,2020,"Florida","FL","FL-500","Sarasota, Bradenton/Manatee, Sarasota Counties CoC",2019,2020,12.4599586577617,13.1621409863869,-0.702182328625153
"pooled_lasso_state_interactions","1se",4,2020,"Florida","FL","FL-501","Tampa/Hillsborough County CoC",2019,2020,9.90284031465388,10.7559283459083,-0.853088031254419
"pooled_lasso_state_interactions","1se",4,2020,"Florida","FL","FL-502","St. Petersburg, Clearwater, Largo/Pinellas County CoC",2019,2020,23.1922109178427,24.6990972789336,-1.50688636109093
"pooled_lasso_state_interactions","1se",4,2020,"Florida","FL","FL-503","Lakeland/Polk County CoC",2019,2020,8.38186230736782,11.9495343219573,-3.56767201458949
"pooled_lasso_state_interactions","1se",4,2020,"Florida","FL","FL-504","Deltona, Daytona Beach/Volusia, Flagler Counties CoC",2019,2020,13.4559451759543,17.9940487330103,-4.53810355705598
"pooled_lasso_state_interactions","1se",4,2020,"Florida","FL","FL-505","Fort Walton Beach/Okaloosa, Walton Counties CoC",2019,2020,12.1883040895059,22.1836887064129,-9.995384616907
"pooled_lasso_state_interactions","1se",4,2020,"Florida","FL","FL-506","Tallahassee/Leon County CoC",2019,2020,17.9748483105292,28.5666125414892,-10.59176423096
"pooled_lasso_state_interactions","1se",4,2020,"Florida","FL","FL-507","Orlando/Orange, Osceola, Seminole Counties CoC",2019,2020,8.74811318410834,7.47522794083474,1.2728852432736
"pooled_lasso_state_interactions","1se",4,2020,"Florida","FL","FL-508","Gainesville/Alachua, Putnam Counties CoC",2019,2020,18.8695314054083,29.4024119327792,-10.5328805273709
"pooled_lasso_state_interactions","1se",4,2020,"Florida","FL","FL-509","Fort Pierce/St. Lucie, Indian River, Martin Counties CoC",2019,2020,21.1970247308869,13.5826393177062,7.61438541318074
"pooled_lasso_state_interactions","1se",4,2020,"Florida","FL","FL-510","Jacksonville-Duval, Clay Counties CoC",2019,2020,10.3361825206501,16.3365000262495,-6.00031750559942
"pooled_lasso_state_interactions","1se",4,2020,"Florida","FL","FL-511","Pensacola/Escambia, Santa Rosa Counties CoC",2019,2020,14.582531066069,23.5319195789879,-8.94938851291892
"pooled_lasso_state_interactions","1se",4,2020,"Florida","FL","FL-512","St. Johns County CoC",2019,2020,13.2434080665707,12.5865807046537,0.656827361916951
"pooled_lasso_state_interactions","1se",4,2020,"Florida","FL","FL-513","Palm Bay, Melbourne/Brevard County CoC",2019,2020,15.4410979606252,14.7118038524515,0.72929410817367
"pooled_lasso_state_interactions","1se",4,2020,"Florida","FL","FL-514","Ocala/Marion County CoC",2019,2020,13.8568006952246,18.0927306777382,-4.23592998251361
"pooled_lasso_state_interactions","1se",4,2020,"Florida","FL","FL-515","Panama City/Bay, Jackson Counties CoC",2019,2020,13.0710965801258,25.2377150556531,-12.1666184755273
"pooled_lasso_state_interactions","1se",4,2020,"Florida","FL","FL-517","Hendry, Hardee, Highlands Counties CoC",2019,2020,15.9771008103522,17.1818225380224,-1.20472172767019
"pooled_lasso_state_interactions","1se",4,2020,"Florida","FL","FL-518","Columbia, Hamilton, Lafayette, Suwannee Counties CoC",2019,2020,37.1872491434824,30.4971740916334,6.69007505184903
"pooled_lasso_state_interactions","1se",4,2020,"Florida","FL","FL-519","Pasco County CoC",2019,2020,15.8609604888991,12.4415125350247,3.41944795387441
"pooled_lasso_state_interactions","1se",4,2020,"Florida","FL","FL-520","Citrus, Hernando, Lake, Sumter Counties CoC",2019,2020,8.1113481568317,7.32698030544258,0.78436785138912
"pooled_lasso_state_interactions","1se",4,2020,"Florida","FL","FL-600","Miami-Dade County CoC",2019,2020,13.2071040864487,14.292588207247,-1.0854841207983
"pooled_lasso_state_interactions","1se",4,2020,"Florida","FL","FL-601","Ft Lauderdale/Broward County CoC",2019,2020,11.3767516003863,10.7971096544177,0.579641945968639
"pooled_lasso_state_interactions","1se",4,2020,"Florida","FL","FL-602","Charlotte County CoC",2019,2020,8.98826207432069,24.9447678571635,-15.9565057828428
"pooled_lasso_state_interactions","1se",4,2020,"Florida","FL","FL-603","Ft Myers, Cape Coral/Lee County CoC",2019,2020,5.79956242040296,9.69426500417921,-3.89470258377625
"pooled_lasso_state_interactions","1se",4,2020,"Florida","FL","FL-604","Monroe County CoC",2019,2020,50.8141120807232,76.6942739100905,-25.8801618293673
"pooled_lasso_state_interactions","1se",4,2020,"Florida","FL","FL-605","West Palm Beach/Palm Beach County CoC",2019,2020,10.1057219132876,6.53548136253248,3.57024055075512
"pooled_lasso_state_interactions","1se",4,2020,"Florida","FL","FL-606","Naples/Collier County CoC",2019,2020,15.980833600564,13.2495653247819,2.73126827578215
"separate_lasso_CA","min",4,2020,"California","CA","CA-500","San Jose/Santa Clara City & County CoC",2019,2020,49.7320784591495,26.5154450639192,23.2166333952303
"separate_lasso_CA","min",4,2020,"California","CA","CA-501","San Francisco CoC",2019,2020,92.8309674234607,129.387593226478,-36.5566258030173
"separate_lasso_CA","min",4,2020,"California","CA","CA-502","Oakland, Berkeley/Alameda County CoC",2019,2020,48.42043000579,34.4268626589059,13.9935673468841
"separate_lasso_CA","min",4,2020,"California","CA","CA-503","Sacramento City & County CoC",2019,2020,34.730953276753,38.1912027268321,-3.4602494500791
"separate_lasso_CA","min",4,2020,"California","CA","CA-504","Santa Rosa, Petaluma/Sonoma County CoC",2019,2020,56.1908154116361,65.7032796540732,-9.51246424243713
"separate_lasso_CA","min",4,2020,"California","CA","CA-505","Contra Costa County CoC",2019,2020,19.5241324965766,15.5051035701285,4.01902892644811
"separate_lasso_CA","min",4,2020,"California","CA","CA-506","Salinas/Monterey, San Benito Counties CoC",2019,2020,53.1268192420864,49.5976228773433,3.52919636474308
"separate_lasso_CA","min",4,2020,"California","CA","CA-507","Marin County CoC",2019,2020,39.489241860127,57.6446885387829,-18.1554466786559
"separate_lasso_CA","min",4,2020,"California","CA","CA-508","Watsonville/Santa Cruz City & County CoC",2019,2020,83.0150354359393,71.1998106732308,11.8152247627085
"separate_lasso_CA","min",4,2020,"California","CA","CA-509","Mendocino County CoC",2019,2020,82.213075272584,120.743525084039,-38.5304498114545
"separate_lasso_CA","min",4,2020,"California","CA","CA-510","Turlock, Modesto/Stanislaus County CoC",2019,2020,38.052959895395,40.820352984706,-2.76739308931098
"separate_lasso_CA","min",4,2020,"California","CA","CA-511","Stockton/San Joaquin County CoC",2019,2020,34.2933419418973,37.3835664746911,-3.09022453279377
"separate_lasso_CA","min",4,2020,"California","CA","CA-512","Daly City/San Mateo County CoC",2019,2020,20.6126358604792,27.3951941192353,-6.78255825875613
"separate_lasso_CA","min",4,2020,"California","CA","CA-513","Visalia/Kings, Tulare Counties CoC",2019,2020,20.6947830637852,22.8794056106618,-2.1846225468766
"separate_lasso_CA","min",4,2020,"California","CA","CA-514","Fresno City & County/Madera County CoC",2019,2020,31.227513145831,23.2623002355081,7.96521291032292
"separate_lasso_CA","min",4,2020,"California","CA","CA-515","Roseville, Rocklin/Placer County CoC",2019,2020,18.3264321835796,23.2096126122103,-4.88318042863073
"separate_lasso_CA","min",4,2020,"California","CA","CA-516","Redding/Shasta, Siskiyou, Lassen, Plumas, Del Norte, Modoc, Sierra Counties CoC",2019,2020,48.113231295942,40.7211878054854,7.39204349045659
"separate_lasso_CA","min",4,2020,"California","CA","CA-517","Napa City & County CoC",2019,2020,33.750118198151,42.2896262541803,-8.53950805602926
"separate_lasso_CA","min",4,2020,"California","CA","CA-518","Vallejo/Solano County CoC",2019,2020,25.6571611521434,30.4300552936252,-4.77289414148181
"separate_lasso_CA","min",4,2020,"California","CA","CA-519","Chico, Paradise/Butte County CoC",2019,2020,60.6077905272973,82.4447335218926,-21.8369429945953
"separate_lasso_CA","min",4,2020,"California","CA","CA-520","Merced City & County CoC",2019,2020,22.4818395517772,29.0332303158735,-6.55139076409632
"separate_lasso_CA","min",4,2020,"California","CA","CA-521","Davis, Woodland/Yolo County CoC",2019,2020,29.4360764144012,34.5362626221584,-5.10018620775725
"separate_lasso_CA","min",4,2020,"California","CA","CA-522","Humboldt County CoC",2019,2020,124.800070433902,84.1690586204916,40.6310118134104
"separate_lasso_CA","min",4,2020,"California","CA","CA-523","Colusa, Glenn, Trinity Counties CoC",2019,2020,39.0449690333004,30.8801035528282,8.1648654804722
"separate_lasso_CA","min",4,2020,"California","CA","CA-524","Yuba City & County/Sutter County CoC",2019,2020,39.7334935164417,27.6081601635315,12.1253333529102
"separate_lasso_CA","min",4,2020,"California","CA","CA-525","El Dorado County CoC",2019,2020,34.6690232538682,20.2253884962136,14.4436347576546
"separate_lasso_CA","min",4,2020,"California","CA","CA-526","Amador, Calaveras, Mariposa, Tuolumne Counties CoC",2019,2020,52.646529684689,47.4596178219117,5.18691186277731
"separate_lasso_CA","min",4,2020,"California","CA","CA-527","Tehama County CoC",2019,2020,45.6204379562044,36.5380213454917,9.08241661071267
"separate_lasso_CA","min",4,2020,"California","CA","CA-529","Lake County CoC",2019,2020,52.3399014778325,43.6551993402582,8.68470213757425
"separate_lasso_CA","min",4,2020,"California","CA","CA-530","Alpine, Inyo, Mono Counties CoC",2019,2020,55.1046689227636,54.9566585226272,0.1480104001364
"separate_lasso_CA","min",4,2020,"California","CA","CA-531","Nevada County CoC",2019,2020,37.8373093468909,64.5191465417435,-26.6818371948526
"separate_lasso_CA","min",4,2020,"California","CA","CA-600","Los Angeles City & County CoC",2019,2020,69.2772021936024,53.2825126099177,15.9946895836847
"separate_lasso_CA","min",4,2020,"California","CA","CA-601","San Diego City and County CoC",2019,2020,23.137671874006,44.1488267651576,-21.0111548911516
"separate_lasso_CA","min",4,2020,"California","CA","CA-602","Santa Ana, Anaheim/Orange County CoC",2019,2020,21.9009235862401,18.0981065148357,3.80281707140443
"separate_lasso_CA","min",4,2020,"California","CA","CA-603","Santa Maria/Santa Barbara County CoC",2019,2020,42.3130541459878,62.2625561678365,-19.9495020218487
"separate_lasso_CA","min",4,2020,"California","CA","CA-604","Bakersfield/Kern County CoC",2019,2020,17.440063578966,46.3546710762207,-28.9146074972547
"separate_lasso_CA","min",4,2020,"California","CA","CA-606","Long Beach CoC",2019,2020,43.632558270088,51.8846737139212,-8.25211544383315
"separate_lasso_CA","min",4,2020,"California","CA","CA-607","Pasadena CoC",2019,2020,37.6070703875653,68.0664129343221,-30.4593425467568
"separate_lasso_CA","min",4,2020,"California","CA","CA-608","Riverside City & County CoC",2019,2020,11.8955010752972,16.5312078524293,-4.63570677713214
"separate_lasso_CA","min",4,2020,"California","CA","CA-609","San Bernardino City & County CoC",2019,2020,14.3138512275559,21.0376872185784,-6.72383599102246
"separate_lasso_CA","min",4,2020,"California","CA","CA-611","Oxnard, San Buenaventura/Ventura County CoC",2019,2020,21.1781799564585,28.2502264826582,-7.07204652619971
"separate_lasso_CA","min",4,2020,"California","CA","CA-612","Glendale CoC",2019,2020,8.6933726695118,34.159739495565,-25.4663668260532
"separate_lasso_CA","min",4,2020,"California","CA","CA-613","Imperial County CoC",2019,2020,85.0544749682508,41.7597005712484,43.2947743970024
"separate_lasso_CA","min",4,2020,"California","CA","CA-614","San Luis Obispo County CoC",2019,2020,50.4150472796069,53.3766290778191,-2.96158179821223
"separate_lasso_CA","1se",4,2020,"California","CA","CA-500","San Jose/Santa Clara City & County CoC",2019,2020,49.7320784591495,25.8783149013616,23.8537635577879
"separate_lasso_CA","1se",4,2020,"California","CA","CA-501","San Francisco CoC",2019,2020,92.8309674234607,120.268360544413,-27.4373931209518
"separate_lasso_CA","1se",4,2020,"California","CA","CA-502","Oakland, Berkeley/Alameda County CoC",2019,2020,48.42043000579,32.38452338069,16.0359066251
"separate_lasso_CA","1se",4,2020,"California","CA","CA-503","Sacramento City & County CoC",2019,2020,34.730953276753,34.0463332520039,0.684620024749115
"separate_lasso_CA","1se",4,2020,"California","CA","CA-504","Santa Rosa, Petaluma/Sonoma County CoC",2019,2020,56.1908154116361,56.427798825916,-0.236983414279848
"separate_lasso_CA","1se",4,2020,"California","CA","CA-505","Contra Costa County CoC",2019,2020,19.5241324965766,19.2751298374795,0.249002659097094
"separate_lasso_CA","1se",4,2020,"California","CA","CA-506","Salinas/Monterey, San Benito Counties CoC",2019,2020,53.1268192420864,42.4333754052402,10.6934438368462
"separate_lasso_CA","1se",4,2020,"California","CA","CA-507","Marin County CoC",2019,2020,39.489241860127,55.3018274135094,-15.8125855533824
"separate_lasso_CA","1se",4,2020,"California","CA","CA-508","Watsonville/Santa Cruz City & County CoC",2019,2020,83.0150354359393,61.7221082713512,21.292927164588
"separate_lasso_CA","1se",4,2020,"California","CA","CA-509","Mendocino County CoC",2019,2020,82.213075272584,101.518101101658,-19.3050258290739
"separate_lasso_CA","1se",4,2020,"California","CA","CA-510","Turlock, Modesto/Stanislaus County CoC",2019,2020,38.052959895395,36.7639512851309,1.28900861026413
"separate_lasso_CA","1se",4,2020,"California","CA","CA-511","Stockton/San Joaquin County CoC",2019,2020,34.2933419418973,35.4983238523335,-1.20498191043617
"separate_lasso_CA","1se",4,2020,"California","CA","CA-512","Daly City/San Mateo County CoC",2019,2020,20.6126358604792,28.8242753208664,-8.21163946038717
"separate_lasso_CA","1se",4,2020,"California","CA","CA-513","Visalia/Kings, Tulare Counties CoC",2019,2020,20.6947830637852,22.3014012039748,-1.60661814018957
"separate_lasso_CA","1se",4,2020,"California","CA","CA-514","Fresno City & County/Madera County CoC",2019,2020,31.227513145831,22.4293900409277,8.79812310490331
"separate_lasso_CA","1se",4,2020,"California","CA","CA-515","Roseville, Rocklin/Placer County CoC",2019,2020,18.3264321835796,27.6206551592818,-9.29422297570217
"separate_lasso_CA","1se",4,2020,"California","CA","CA-516","Redding/Shasta, Siskiyou, Lassen, Plumas, Del Norte, Modoc, Sierra Counties CoC",2019,2020,48.113231295942,47.8501526863645,0.263078609577498
"separate_lasso_CA","1se",4,2020,"California","CA","CA-517","Napa City & County CoC",2019,2020,33.750118198151,40.4329820836829,-6.68286388553187
"separate_lasso_CA","1se",4,2020,"California","CA","CA-518","Vallejo/Solano County CoC",2019,2020,25.6571611521434,27.3609545598601,-1.70379340771674
"separate_lasso_CA","1se",4,2020,"California","CA","CA-519","Chico, Paradise/Butte County CoC",2019,2020,60.6077905272973,72.1923330280568,-11.5845425007595
"separate_lasso_CA","1se",4,2020,"California","CA","CA-520","Merced City & County CoC",2019,2020,22.4818395517772,29.5434457128487,-7.06160616107149
"separate_lasso_CA","1se",4,2020,"California","CA","CA-521","Davis, Woodland/Yolo County CoC",2019,2020,29.4360764144012,36.8190877587262,-7.38301134432502
"separate_lasso_CA","1se",4,2020,"California","CA","CA-522","Humboldt County CoC",2019,2020,124.800070433902,74.5475581201402,50.2525123137618
"separate_lasso_CA","1se",4,2020,"California","CA","CA-523","Colusa, Glenn, Trinity Counties CoC",2019,2020,39.0449690333004,34.3002095145454,4.74475951875495
"separate_lasso_CA","1se",4,2020,"California","CA","CA-524","Yuba City & County/Sutter County CoC",2019,2020,39.7334935164417,29.0224401112442,10.7110534051975
"separate_lasso_CA","1se",4,2020,"California","CA","CA-525","El Dorado County CoC",2019,2020,34.6690232538682,24.5485507793867,10.1204724744815
"separate_lasso_CA","1se",4,2020,"California","CA","CA-526","Amador, Calaveras, Mariposa, Tuolumne Counties CoC",2019,2020,52.646529684689,44.9889486257704,7.65758105891857
"separate_lasso_CA","1se",4,2020,"California","CA","CA-527","Tehama County CoC",2019,2020,45.6204379562044,35.4765198409853,10.1439181152191
"separate_lasso_CA","1se",4,2020,"California","CA","CA-529","Lake County CoC",2019,2020,52.3399014778325,41.2896184043665,11.050283073466
"separate_lasso_CA","1se",4,2020,"California","CA","CA-530","Alpine, Inyo, Mono Counties CoC",2019,2020,55.1046689227636,42.9204478004468,12.1842211223168
"separate_lasso_CA","1se",4,2020,"California","CA","CA-531","Nevada County CoC",2019,2020,37.8373093468909,58.0887514755759,-20.251442128685
"separate_lasso_CA","1se",4,2020,"California","CA","CA-600","Los Angeles City & County CoC",2019,2020,69.2772021936024,46.1057537690587,23.1714484245437
"separate_lasso_CA","1se",4,2020,"California","CA","CA-601","San Diego City and County CoC",2019,2020,23.137671874006,36.2948194881885,-13.1571476141825
"separate_lasso_CA","1se",4,2020,"California","CA","CA-602","Santa Ana, Anaheim/Orange County CoC",2019,2020,21.9009235862401,21.216084222241,0.6848393639991
"separate_lasso_CA","1se",4,2020,"California","CA","CA-603","Santa Maria/Santa Barbara County CoC",2019,2020,42.3130541459878,52.9279082358273,-10.6148540898395
"separate_lasso_CA","1se",4,2020,"California","CA","CA-604","Bakersfield/Kern County CoC",2019,2020,17.440063578966,37.9783730344327,-20.5383094554667
"separate_lasso_CA","1se",4,2020,"California","CA","CA-606","Long Beach CoC",2019,2020,43.632558270088,50.0539581541167,-6.4213998840287
"separate_lasso_CA","1se",4,2020,"California","CA","CA-607","Pasadena CoC",2019,2020,37.6070703875653,60.3638618225168,-22.7567914349515
"separate_lasso_CA","1se",4,2020,"California","CA","CA-608","Riverside City & County CoC",2019,2020,11.8955010752972,17.0563000553004,-5.16079898000321
"separate_lasso_CA","1se",4,2020,"California","CA","CA-609","San Bernardino City & County CoC",2019,2020,14.3138512275559,17.8704553707704,-3.55660414321448
"separate_lasso_CA","1se",4,2020,"California","CA","CA-611","Oxnard, San Buenaventura/Ventura County CoC",2019,2020,21.1781799564585,24.9965995404701,-3.81841958401161
"separate_lasso_CA","1se",4,2020,"California","CA","CA-612","Glendale CoC",2019,2020,8.6933726695118,34.9126711542039,-26.2192984846921
"separate_lasso_CA","1se",4,2020,"California","CA","CA-613","Imperial County CoC",2019,2020,85.0544749682508,38.0995264580726,46.9549485101782
"separate_lasso_CA","1se",4,2020,"California","CA","CA-614","San Luis Obispo County CoC",2019,2020,50.4150472796069,44.271934842574,6.1431124370329
"separate_lasso_FL","min",4,2020,"Florida","FL","FL-500","Sarasota, Bradenton/Manatee, Sarasota Counties CoC",2019,2020,12.4599586577617,2.45724042112669,10.002718236635
"separate_lasso_FL","min",4,2020,"Florida","FL","FL-501","Tampa/Hillsborough County CoC",2019,2020,9.90284031465388,4.05593988428994,5.84690043036394
"separate_lasso_FL","min",4,2020,"Florida","FL","FL-502","St. Petersburg, Clearwater, Largo/Pinellas County CoC",2019,2020,23.1922109178427,23.4074502660305,-0.215239348187826
"separate_lasso_FL","min",4,2020,"Florida","FL","FL-503","Lakeland/Polk County CoC",2019,2020,8.38186230736782,4.7086425539399,3.67321975342792
"separate_lasso_FL","min",4,2020,"Florida","FL","FL-504","Deltona, Daytona Beach/Volusia, Flagler Counties CoC",2019,2020,13.4559451759543,6.11976379471802,7.33618138123628
"separate_lasso_FL","min",4,2020,"Florida","FL","FL-505","Fort Walton Beach/Okaloosa, Walton Counties CoC",2019,2020,12.1883040895059,21.9996759374696,-9.81137184796369
"separate_lasso_FL","min",4,2020,"Florida","FL","FL-506","Tallahassee/Leon County CoC",2019,2020,17.9748483105292,12.8297770800217,5.14507123050754
"separate_lasso_FL","min",4,2020,"Florida","FL","FL-507","Orlando/Orange, Osceola, Seminole Counties CoC",2019,2020,8.74811318410834,-6.05400123823908,14.8021144223474
"separate_lasso_FL","min",4,2020,"Florida","FL","FL-508","Gainesville/Alachua, Putnam Counties CoC",2019,2020,18.8695314054083,21.6986956690886,-2.82916426368027
"separate_lasso_FL","min",4,2020,"Florida","FL","FL-509","Fort Pierce/St. Lucie, Indian River, Martin Counties CoC",2019,2020,21.1970247308869,9.25962464251705,11.9374000883699
"separate_lasso_FL","min",4,2020,"Florida","FL","FL-510","Jacksonville-Duval, Clay Counties CoC",2019,2020,10.3361825206501,4.81739869829087,5.51878382235923
"separate_lasso_FL","min",4,2020,"Florida","FL","FL-511","Pensacola/Escambia, Santa Rosa Counties CoC",2019,2020,14.582531066069,12.7103996411291,1.87213142493992
"separate_lasso_FL","min",4,2020,"Florida","FL","FL-512","St. Johns County CoC",2019,2020,13.2434080665707,16.8734778226118,-3.63006975604111
"separate_lasso_FL","min",4,2020,"Florida","FL","FL-513","Palm Bay, Melbourne/Brevard County CoC",2019,2020,15.4410979606252,10.8764084279134,4.56468953271178
"separate_lasso_FL","min",4,2020,"Florida","FL","FL-514","Ocala/Marion County CoC",2019,2020,13.8568006952246,9.83986801498822,4.01693268023638
"separate_lasso_FL","min",4,2020,"Florida","FL","FL-515","Panama City/Bay, Jackson Counties CoC",2019,2020,13.0710965801258,31.8151854891999,-18.7440889090741
"separate_lasso_FL","min",4,2020,"Florida","FL","FL-517","Hendry, Hardee, Highlands Counties CoC",2019,2020,15.9771008103522,21.7956310294086,-5.81853021905639
"separate_lasso_FL","min",4,2020,"Florida","FL","FL-518","Columbia, Hamilton, Lafayette, Suwannee Counties CoC",2019,2020,37.1872491434824,32.4638429621042,4.72340618137817
"separate_lasso_FL","min",4,2020,"Florida","FL","FL-519","Pasco County CoC",2019,2020,15.8609604888991,10.2957709448417,5.56518954405741
"separate_lasso_FL","min",4,2020,"Florida","FL","FL-520","Citrus, Hernando, Lake, Sumter Counties CoC",2019,2020,8.1113481568317,-4.87022947979391,12.9815776366256
"separate_lasso_FL","min",4,2020,"Florida","FL","FL-600","Miami-Dade County CoC",2019,2020,13.2071040864487,7.01326582734201,6.19383825910668
"separate_lasso_FL","min",4,2020,"Florida","FL","FL-601","Ft Lauderdale/Broward County CoC",2019,2020,11.3767516003863,2.50851639061458,8.86823520977172
"separate_lasso_FL","min",4,2020,"Florida","FL","FL-602","Charlotte County CoC",2019,2020,8.98826207432069,23.4730416734576,-14.4847795991369
"separate_lasso_FL","min",4,2020,"Florida","FL","FL-603","Ft Myers, Cape Coral/Lee County CoC",2019,2020,5.79956242040296,5.52983125148915,0.269731168913812
"separate_lasso_FL","min",4,2020,"Florida","FL","FL-604","Monroe County CoC",2019,2020,50.8141120807232,67.9545740101574,-17.1404619294342
"separate_lasso_FL","min",4,2020,"Florida","FL","FL-605","West Palm Beach/Palm Beach County CoC",2019,2020,10.1057219132876,-2.16784455107473,12.2735664643623
"separate_lasso_FL","min",4,2020,"Florida","FL","FL-606","Naples/Collier County CoC",2019,2020,15.980833600564,14.1186184483129,1.86221515225112
"separate_lasso_FL","1se",4,2020,"Florida","FL","FL-500","Sarasota, Bradenton/Manatee, Sarasota Counties CoC",2019,2020,12.4599586577617,6.24626848162998,6.21369017613172
"separate_lasso_FL","1se",4,2020,"Florida","FL","FL-501","Tampa/Hillsborough County CoC",2019,2020,9.90284031465388,2.46567388692673,7.43716642772715
"separate_lasso_FL","1se",4,2020,"Florida","FL","FL-502","St. Petersburg, Clearwater, Largo/Pinellas County CoC",2019,2020,23.1922109178427,11.2943090525967,11.897901865246
"separate_lasso_FL","1se",4,2020,"Florida","FL","FL-503","Lakeland/Polk County CoC",2019,2020,8.38186230736782,6.86612367861251,1.51573862875531
"separate_lasso_FL","1se",4,2020,"Florida","FL","FL-504","Deltona, Daytona Beach/Volusia, Flagler Counties CoC",2019,2020,13.4559451759543,8.9413178589539,4.5146273170004
"separate_lasso_FL","1se",4,2020,"Florida","FL","FL-505","Fort Walton Beach/Okaloosa, Walton Counties CoC",2019,2020,12.1883040895059,17.7470174892677,-5.55871339976178
"separate_lasso_FL","1se",4,2020,"Florida","FL","FL-506","Tallahassee/Leon County CoC",2019,2020,17.9748483105292,15.8708949568352,2.10395335369405
"separate_lasso_FL","1se",4,2020,"Florida","FL","FL-507","Orlando/Orange, Osceola, Seminole Counties CoC",2019,2020,8.74811318410834,-3.67917284571017,12.4272860298185
"separate_lasso_FL","1se",4,2020,"Florida","FL","FL-508","Gainesville/Alachua, Putnam Counties CoC",2019,2020,18.8695314054083,18.2640084811745,0.605522924233799
"separate_lasso_FL","1se",4,2020,"Florida","FL","FL-509","Fort Pierce/St. Lucie, Indian River, Martin Counties CoC",2019,2020,21.1970247308869,8.20003509650678,12.9969896343801
"separate_lasso_FL","1se",4,2020,"Florida","FL","FL-510","Jacksonville-Duval, Clay Counties CoC",2019,2020,10.3361825206501,4.56720126991064,5.76898125073946
"separate_lasso_FL","1se",4,2020,"Florida","FL","FL-511","Pensacola/Escambia, Santa Rosa Counties CoC",2019,2020,14.582531066069,13.140507263161,1.44202380290805
"separate_lasso_FL","1se",4,2020,"Florida","FL","FL-512","St. Johns County CoC",2019,2020,13.2434080665707,15.6404741171848,-2.39706605061413
"separate_lasso_FL","1se",4,2020,"Florida","FL","FL-513","Palm Bay, Melbourne/Brevard County CoC",2019,2020,15.4410979606252,8.71547314906622,6.72562481155898
"separate_lasso_FL","1se",4,2020,"Florida","FL","FL-514","Ocala/Marion County CoC",2019,2020,13.8568006952246,14.1250382918552,-0.26823759663057
"separate_lasso_FL","1se",4,2020,"Florida","FL","FL-515","Panama City/Bay, Jackson Counties CoC",2019,2020,13.0710965801258,15.1404206542903,-2.06932407416451
"separate_lasso_FL","1se",4,2020,"Florida","FL","FL-517","Hendry, Hardee, Highlands Counties CoC",2019,2020,15.9771008103522,16.0279634560224,-0.0508626456702483
"separate_lasso_FL","1se",4,2020,"Florida","FL","FL-518","Columbia, Hamilton, Lafayette, Suwannee Counties CoC",2019,2020,37.1872491434824,24.3181591849341,12.8690899585482
"separate_lasso_FL","1se",4,2020,"Florida","FL","FL-519","Pasco County CoC",2019,2020,15.8609604888991,9.77010377360186,6.09085671529724
"separate_lasso_FL","1se",4,2020,"Florida","FL","FL-520","Citrus, Hernando, Lake, Sumter Counties CoC",2019,2020,8.1113481568317,3.26788598353885,4.84346217329285
"separate_lasso_FL","1se",4,2020,"Florida","FL","FL-600","Miami-Dade County CoC",2019,2020,13.2071040864487,-0.558477460687315,13.765581547136
"separate_lasso_FL","1se",4,2020,"Florida","FL","FL-601","Ft Lauderdale/Broward County CoC",2019,2020,11.3767516003863,-1.10044114436226,12.4771927447486
"separate_lasso_FL","1se",4,2020,"Florida","FL","FL-602","Charlotte County CoC",2019,2020,8.98826207432069,21.6261298489021,-12.6378677745814
"separate_lasso_FL","1se",4,2020,"Florida","FL","FL-603","Ft Myers, Cape Coral/Lee County CoC",2019,2020,5.79956242040296,6.30608166398722,-0.506519243584255
"separate_lasso_FL","1se",4,2020,"Florida","FL","FL-604","Monroe County CoC",2019,2020,50.8141120807232,47.4553777000557,3.35873438066753
"separate_lasso_FL","1se",4,2020,"Florida","FL","FL-605","West Palm Beach/Palm Beach County CoC",2019,2020,10.1057219132876,-0.230299214957361,10.336021128245
"separate_lasso_FL","1se",4,2020,"Florida","FL","FL-606","Naples/Collier County CoC",2019,2020,15.980833600564,12.6207725340527,3.36006106651132
"separate_state_lasso","min",4,2020,"California","CA","CA-500","San Jose/Santa Clara City & County CoC",2019,2020,49.7320784591495,26.5154450639192,23.2166333952303
"separate_state_lasso","min",4,2020,"California","CA","CA-501","San Francisco CoC",2019,2020,92.8309674234607,129.387593226478,-36.5566258030173
"separate_state_lasso","min",4,2020,"California","CA","CA-502","Oakland, Berkeley/Alameda County CoC",2019,2020,48.42043000579,34.4268626589059,13.9935673468841
"separate_state_lasso","min",4,2020,"California","CA","CA-503","Sacramento City & County CoC",2019,2020,34.730953276753,38.1912027268321,-3.4602494500791
"separate_state_lasso","min",4,2020,"California","CA","CA-504","Santa Rosa, Petaluma/Sonoma County CoC",2019,2020,56.1908154116361,65.7032796540732,-9.51246424243713
"separate_state_lasso","min",4,2020,"California","CA","CA-505","Contra Costa County CoC",2019,2020,19.5241324965766,15.5051035701285,4.01902892644811
"separate_state_lasso","min",4,2020,"California","CA","CA-506","Salinas/Monterey, San Benito Counties CoC",2019,2020,53.1268192420864,49.5976228773433,3.52919636474308
"separate_state_lasso","min",4,2020,"California","CA","CA-507","Marin County CoC",2019,2020,39.489241860127,57.6446885387829,-18.1554466786559
"separate_state_lasso","min",4,2020,"California","CA","CA-508","Watsonville/Santa Cruz City & County CoC",2019,2020,83.0150354359393,71.1998106732308,11.8152247627085
"separate_state_lasso","min",4,2020,"California","CA","CA-509","Mendocino County CoC",2019,2020,82.213075272584,120.743525084039,-38.5304498114545
"separate_state_lasso","min",4,2020,"California","CA","CA-510","Turlock, Modesto/Stanislaus County CoC",2019,2020,38.052959895395,40.820352984706,-2.76739308931098
"separate_state_lasso","min",4,2020,"California","CA","CA-511","Stockton/San Joaquin County CoC",2019,2020,34.2933419418973,37.3835664746911,-3.09022453279377
"separate_state_lasso","min",4,2020,"California","CA","CA-512","Daly City/San Mateo County CoC",2019,2020,20.6126358604792,27.3951941192353,-6.78255825875613
"separate_state_lasso","min",4,2020,"California","CA","CA-513","Visalia/Kings, Tulare Counties CoC",2019,2020,20.6947830637852,22.8794056106618,-2.1846225468766
"separate_state_lasso","min",4,2020,"California","CA","CA-514","Fresno City & County/Madera County CoC",2019,2020,31.227513145831,23.2623002355081,7.96521291032292
"separate_state_lasso","min",4,2020,"California","CA","CA-515","Roseville, Rocklin/Placer County CoC",2019,2020,18.3264321835796,23.2096126122103,-4.88318042863073
"separate_state_lasso","min",4,2020,"California","CA","CA-516","Redding/Shasta, Siskiyou, Lassen, Plumas, Del Norte, Modoc, Sierra Counties CoC",2019,2020,48.113231295942,40.7211878054854,7.39204349045659
"separate_state_lasso","min",4,2020,"California","CA","CA-517","Napa City & County CoC",2019,2020,33.750118198151,42.2896262541803,-8.53950805602926
"separate_state_lasso","min",4,2020,"California","CA","CA-518","Vallejo/Solano County CoC",2019,2020,25.6571611521434,30.4300552936252,-4.77289414148181
"separate_state_lasso","min",4,2020,"California","CA","CA-519","Chico, Paradise/Butte County CoC",2019,2020,60.6077905272973,82.4447335218926,-21.8369429945953
"separate_state_lasso","min",4,2020,"California","CA","CA-520","Merced City & County CoC",2019,2020,22.4818395517772,29.0332303158735,-6.55139076409632
"separate_state_lasso","min",4,2020,"California","CA","CA-521","Davis, Woodland/Yolo County CoC",2019,2020,29.4360764144012,34.5362626221584,-5.10018620775725
"separate_state_lasso","min",4,2020,"California","CA","CA-522","Humboldt County CoC",2019,2020,124.800070433902,84.1690586204916,40.6310118134104
"separate_state_lasso","min",4,2020,"California","CA","CA-523","Colusa, Glenn, Trinity Counties CoC",2019,2020,39.0449690333004,30.8801035528282,8.1648654804722
"separate_state_lasso","min",4,2020,"California","CA","CA-524","Yuba City & County/Sutter County CoC",2019,2020,39.7334935164417,27.6081601635315,12.1253333529102
"separate_state_lasso","min",4,2020,"California","CA","CA-525","El Dorado County CoC",2019,2020,34.6690232538682,20.2253884962136,14.4436347576546
"separate_state_lasso","min",4,2020,"California","CA","CA-526","Amador, Calaveras, Mariposa, Tuolumne Counties CoC",2019,2020,52.646529684689,47.4596178219117,5.18691186277731
"separate_state_lasso","min",4,2020,"California","CA","CA-527","Tehama County CoC",2019,2020,45.6204379562044,36.5380213454917,9.08241661071267
"separate_state_lasso","min",4,2020,"California","CA","CA-529","Lake County CoC",2019,2020,52.3399014778325,43.6551993402582,8.68470213757425
"separate_state_lasso","min",4,2020,"California","CA","CA-530","Alpine, Inyo, Mono Counties CoC",2019,2020,55.1046689227636,54.9566585226272,0.1480104001364
"separate_state_lasso","min",4,2020,"California","CA","CA-531","Nevada County CoC",2019,2020,37.8373093468909,64.5191465417435,-26.6818371948526
"separate_state_lasso","min",4,2020,"California","CA","CA-600","Los Angeles City & County CoC",2019,2020,69.2772021936024,53.2825126099177,15.9946895836847
"separate_state_lasso","min",4,2020,"California","CA","CA-601","San Diego City and County CoC",2019,2020,23.137671874006,44.1488267651576,-21.0111548911516
"separate_state_lasso","min",4,2020,"California","CA","CA-602","Santa Ana, Anaheim/Orange County CoC",2019,2020,21.9009235862401,18.0981065148357,3.80281707140443
"separate_state_lasso","min",4,2020,"California","CA","CA-603","Santa Maria/Santa Barbara County CoC",2019,2020,42.3130541459878,62.2625561678365,-19.9495020218487
"separate_state_lasso","min",4,2020,"California","CA","CA-604","Bakersfield/Kern County CoC",2019,2020,17.440063578966,46.3546710762207,-28.9146074972547
"separate_state_lasso","min",4,2020,"California","CA","CA-606","Long Beach CoC",2019,2020,43.632558270088,51.8846737139212,-8.25211544383315
"separate_state_lasso","min",4,2020,"California","CA","CA-607","Pasadena CoC",2019,2020,37.6070703875653,68.0664129343221,-30.4593425467568
"separate_state_lasso","min",4,2020,"California","CA","CA-608","Riverside City & County CoC",2019,2020,11.8955010752972,16.5312078524293,-4.63570677713214
"separate_state_lasso","min",4,2020,"California","CA","CA-609","San Bernardino City & County CoC",2019,2020,14.3138512275559,21.0376872185784,-6.72383599102246
"separate_state_lasso","min",4,2020,"California","CA","CA-611","Oxnard, San Buenaventura/Ventura County CoC",2019,2020,21.1781799564585,28.2502264826582,-7.07204652619971
"separate_state_lasso","min",4,2020,"California","CA","CA-612","Glendale CoC",2019,2020,8.6933726695118,34.159739495565,-25.4663668260532
"separate_state_lasso","min",4,2020,"California","CA","CA-613","Imperial County CoC",2019,2020,85.0544749682508,41.7597005712484,43.2947743970024
"separate_state_lasso","min",4,2020,"California","CA","CA-614","San Luis Obispo County CoC",2019,2020,50.4150472796069,53.3766290778191,-2.96158179821223
"separate_state_lasso","min",4,2020,"Florida","FL","FL-500","Sarasota, Bradenton/Manatee, Sarasota Counties CoC",2019,2020,12.4599586577617,2.45724042112669,10.002718236635
"separate_state_lasso","min",4,2020,"Florida","FL","FL-501","Tampa/Hillsborough County CoC",2019,2020,9.90284031465388,4.05593988428994,5.84690043036394
"separate_state_lasso","min",4,2020,"Florida","FL","FL-502","St. Petersburg, Clearwater, Largo/Pinellas County CoC",2019,2020,23.1922109178427,23.4074502660305,-0.215239348187826
"separate_state_lasso","min",4,2020,"Florida","FL","FL-503","Lakeland/Polk County CoC",2019,2020,8.38186230736782,4.7086425539399,3.67321975342792
"separate_state_lasso","min",4,2020,"Florida","FL","FL-504","Deltona, Daytona Beach/Volusia, Flagler Counties CoC",2019,2020,13.4559451759543,6.11976379471802,7.33618138123628
"separate_state_lasso","min",4,2020,"Florida","FL","FL-505","Fort Walton Beach/Okaloosa, Walton Counties CoC",2019,2020,12.1883040895059,21.9996759374696,-9.81137184796369
"separate_state_lasso","min",4,2020,"Florida","FL","FL-506","Tallahassee/Leon County CoC",2019,2020,17.9748483105292,12.8297770800217,5.14507123050754
"separate_state_lasso","min",4,2020,"Florida","FL","FL-507","Orlando/Orange, Osceola, Seminole Counties CoC",2019,2020,8.74811318410834,-6.05400123823908,14.8021144223474
"separate_state_lasso","min",4,2020,"Florida","FL","FL-508","Gainesville/Alachua, Putnam Counties CoC",2019,2020,18.8695314054083,21.6986956690886,-2.82916426368027
"separate_state_lasso","min",4,2020,"Florida","FL","FL-509","Fort Pierce/St. Lucie, Indian River, Martin Counties CoC",2019,2020,21.1970247308869,9.25962464251705,11.9374000883699
"separate_state_lasso","min",4,2020,"Florida","FL","FL-510","Jacksonville-Duval, Clay Counties CoC",2019,2020,10.3361825206501,4.81739869829087,5.51878382235923
"separate_state_lasso","min",4,2020,"Florida","FL","FL-511","Pensacola/Escambia, Santa Rosa Counties CoC",2019,2020,14.582531066069,12.7103996411291,1.87213142493992
"separate_state_lasso","min",4,2020,"Florida","FL","FL-512","St. Johns County CoC",2019,2020,13.2434080665707,16.8734778226118,-3.63006975604111
"separate_state_lasso","min",4,2020,"Florida","FL","FL-513","Palm Bay, Melbourne/Brevard County CoC",2019,2020,15.4410979606252,10.8764084279134,4.56468953271178
"separate_state_lasso","min",4,2020,"Florida","FL","FL-514","Ocala/Marion County CoC",2019,2020,13.8568006952246,9.83986801498822,4.01693268023638
"separate_state_lasso","min",4,2020,"Florida","FL","FL-515","Panama City/Bay, Jackson Counties CoC",2019,2020,13.0710965801258,31.8151854891999,-18.7440889090741
"separate_state_lasso","min",4,2020,"Florida","FL","FL-517","Hendry, Hardee, Highlands Counties CoC",2019,2020,15.9771008103522,21.7956310294086,-5.81853021905639
"separate_state_lasso","min",4,2020,"Florida","FL","FL-518","Columbia, Hamilton, Lafayette, Suwannee Counties CoC",2019,2020,37.1872491434824,32.4638429621042,4.72340618137817
"separate_state_lasso","min",4,2020,"Florida","FL","FL-519","Pasco County CoC",2019,2020,15.8609604888991,10.2957709448417,5.56518954405741
"separate_state_lasso","min",4,2020,"Florida","FL","FL-520","Citrus, Hernando, Lake, Sumter Counties CoC",2019,2020,8.1113481568317,-4.87022947979391,12.9815776366256
"separate_state_lasso","min",4,2020,"Florida","FL","FL-600","Miami-Dade County CoC",2019,2020,13.2071040864487,7.01326582734201,6.19383825910668
"separate_state_lasso","min",4,2020,"Florida","FL","FL-601","Ft Lauderdale/Broward County CoC",2019,2020,11.3767516003863,2.50851639061458,8.86823520977172
"separate_state_lasso","min",4,2020,"Florida","FL","FL-602","Charlotte County CoC",2019,2020,8.98826207432069,23.4730416734576,-14.4847795991369
"separate_state_lasso","min",4,2020,"Florida","FL","FL-603","Ft Myers, Cape Coral/Lee County CoC",2019,2020,5.79956242040296,5.52983125148915,0.269731168913812
"separate_state_lasso","min",4,2020,"Florida","FL","FL-604","Monroe County CoC",2019,2020,50.8141120807232,67.9545740101574,-17.1404619294342
"separate_state_lasso","min",4,2020,"Florida","FL","FL-605","West Palm Beach/Palm Beach County CoC",2019,2020,10.1057219132876,-2.16784455107473,12.2735664643623
"separate_state_lasso","min",4,2020,"Florida","FL","FL-606","Naples/Collier County CoC",2019,2020,15.980833600564,14.1186184483129,1.86221515225112
"separate_state_lasso","1se",4,2020,"California","CA","CA-500","San Jose/Santa Clara City & County CoC",2019,2020,49.7320784591495,25.8783149013616,23.8537635577879
"separate_state_lasso","1se",4,2020,"California","CA","CA-501","San Francisco CoC",2019,2020,92.8309674234607,120.268360544413,-27.4373931209518
"separate_state_lasso","1se",4,2020,"California","CA","CA-502","Oakland, Berkeley/Alameda County CoC",2019,2020,48.42043000579,32.38452338069,16.0359066251
"separate_state_lasso","1se",4,2020,"California","CA","CA-503","Sacramento City & County CoC",2019,2020,34.730953276753,34.0463332520039,0.684620024749115
"separate_state_lasso","1se",4,2020,"California","CA","CA-504","Santa Rosa, Petaluma/Sonoma County CoC",2019,2020,56.1908154116361,56.427798825916,-0.236983414279848
"separate_state_lasso","1se",4,2020,"California","CA","CA-505","Contra Costa County CoC",2019,2020,19.5241324965766,19.2751298374795,0.249002659097094
"separate_state_lasso","1se",4,2020,"California","CA","CA-506","Salinas/Monterey, San Benito Counties CoC",2019,2020,53.1268192420864,42.4333754052402,10.6934438368462
"separate_state_lasso","1se",4,2020,"California","CA","CA-507","Marin County CoC",2019,2020,39.489241860127,55.3018274135094,-15.8125855533824
"separate_state_lasso","1se",4,2020,"California","CA","CA-508","Watsonville/Santa Cruz City & County CoC",2019,2020,83.0150354359393,61.7221082713512,21.292927164588
"separate_state_lasso","1se",4,2020,"California","CA","CA-509","Mendocino County CoC",2019,2020,82.213075272584,101.518101101658,-19.3050258290739
"separate_state_lasso","1se",4,2020,"California","CA","CA-510","Turlock, Modesto/Stanislaus County CoC",2019,2020,38.052959895395,36.7639512851309,1.28900861026413
"separate_state_lasso","1se",4,2020,"California","CA","CA-511","Stockton/San Joaquin County CoC",2019,2020,34.2933419418973,35.4983238523335,-1.20498191043617
"separate_state_lasso","1se",4,2020,"California","CA","CA-512","Daly City/San Mateo County CoC",2019,2020,20.6126358604792,28.8242753208664,-8.21163946038717
"separate_state_lasso","1se",4,2020,"California","CA","CA-513","Visalia/Kings, Tulare Counties CoC",2019,2020,20.6947830637852,22.3014012039748,-1.60661814018957
"separate_state_lasso","1se",4,2020,"California","CA","CA-514","Fresno City & County/Madera County CoC",2019,2020,31.227513145831,22.4293900409277,8.79812310490331
"separate_state_lasso","1se",4,2020,"California","CA","CA-515","Roseville, Rocklin/Placer County CoC",2019,2020,18.3264321835796,27.6206551592818,-9.29422297570217
"separate_state_lasso","1se",4,2020,"California","CA","CA-516","Redding/Shasta, Siskiyou, Lassen, Plumas, Del Norte, Modoc, Sierra Counties CoC",2019,2020,48.113231295942,47.8501526863645,0.263078609577498
"separate_state_lasso","1se",4,2020,"California","CA","CA-517","Napa City & County CoC",2019,2020,33.750118198151,40.4329820836829,-6.68286388553187
"separate_state_lasso","1se",4,2020,"California","CA","CA-518","Vallejo/Solano County CoC",2019,2020,25.6571611521434,27.3609545598601,-1.70379340771674
"separate_state_lasso","1se",4,2020,"California","CA","CA-519","Chico, Paradise/Butte County CoC",2019,2020,60.6077905272973,72.1923330280568,-11.5845425007595
"separate_state_lasso","1se",4,2020,"California","CA","CA-520","Merced City & County CoC",2019,2020,22.4818395517772,29.5434457128487,-7.06160616107149
"separate_state_lasso","1se",4,2020,"California","CA","CA-521","Davis, Woodland/Yolo County CoC",2019,2020,29.4360764144012,36.8190877587262,-7.38301134432502
"separate_state_lasso","1se",4,2020,"California","CA","CA-522","Humboldt County CoC",2019,2020,124.800070433902,74.5475581201402,50.2525123137618
"separate_state_lasso","1se",4,2020,"California","CA","CA-523","Colusa, Glenn, Trinity Counties CoC",2019,2020,39.0449690333004,34.3002095145454,4.74475951875495
"separate_state_lasso","1se",4,2020,"California","CA","CA-524","Yuba City & County/Sutter County CoC",2019,2020,39.7334935164417,29.0224401112442,10.7110534051975
"separate_state_lasso","1se",4,2020,"California","CA","CA-525","El Dorado County CoC",2019,2020,34.6690232538682,24.5485507793867,10.1204724744815
"separate_state_lasso","1se",4,2020,"California","CA","CA-526","Amador, Calaveras, Mariposa, Tuolumne Counties CoC",2019,2020,52.646529684689,44.9889486257704,7.65758105891857
"separate_state_lasso","1se",4,2020,"California","CA","CA-527","Tehama County CoC",2019,2020,45.6204379562044,35.4765198409853,10.1439181152191
"separate_state_lasso","1se",4,2020,"California","CA","CA-529","Lake County CoC",2019,2020,52.3399014778325,41.2896184043665,11.050283073466
"separate_state_lasso","1se",4,2020,"California","CA","CA-530","Alpine, Inyo, Mono Counties CoC",2019,2020,55.1046689227636,42.9204478004468,12.1842211223168
"separate_state_lasso","1se",4,2020,"California","CA","CA-531","Nevada County CoC",2019,2020,37.8373093468909,58.0887514755759,-20.251442128685
"separate_state_lasso","1se",4,2020,"California","CA","CA-600","Los Angeles City & County CoC",2019,2020,69.2772021936024,46.1057537690587,23.1714484245437
"separate_state_lasso","1se",4,2020,"California","CA","CA-601","San Diego City and County CoC",2019,2020,23.137671874006,36.2948194881885,-13.1571476141825
"separate_state_lasso","1se",4,2020,"California","CA","CA-602","Santa Ana, Anaheim/Orange County CoC",2019,2020,21.9009235862401,21.216084222241,0.6848393639991
"separate_state_lasso","1se",4,2020,"California","CA","CA-603","Santa Maria/Santa Barbara County CoC",2019,2020,42.3130541459878,52.9279082358273,-10.6148540898395
"separate_state_lasso","1se",4,2020,"California","CA","CA-604","Bakersfield/Kern County CoC",2019,2020,17.440063578966,37.9783730344327,-20.5383094554667
"separate_state_lasso","1se",4,2020,"California","CA","CA-606","Long Beach CoC",2019,2020,43.632558270088,50.0539581541167,-6.4213998840287
"separate_state_lasso","1se",4,2020,"California","CA","CA-607","Pasadena CoC",2019,2020,37.6070703875653,60.3638618225168,-22.7567914349515
"separate_state_lasso","1se",4,2020,"California","CA","CA-608","Riverside City & County CoC",2019,2020,11.8955010752972,17.0563000553004,-5.16079898000321
"separate_state_lasso","1se",4,2020,"California","CA","CA-609","San Bernardino City & County CoC",2019,2020,14.3138512275559,17.8704553707704,-3.55660414321448
"separate_state_lasso","1se",4,2020,"California","CA","CA-611","Oxnard, San Buenaventura/Ventura County CoC",2019,2020,21.1781799564585,24.9965995404701,-3.81841958401161
"separate_state_lasso","1se",4,2020,"California","CA","CA-612","Glendale CoC",2019,2020,8.6933726695118,34.9126711542039,-26.2192984846921
"separate_state_lasso","1se",4,2020,"California","CA","CA-613","Imperial County CoC",2019,2020,85.0544749682508,38.0995264580726,46.9549485101782
"separate_state_lasso","1se",4,2020,"California","CA","CA-614","San Luis Obispo County CoC",2019,2020,50.4150472796069,44.271934842574,6.1431124370329
"separate_state_lasso","1se",4,2020,"Florida","FL","FL-500","Sarasota, Bradenton/Manatee, Sarasota Counties CoC",2019,2020,12.4599586577617,6.24626848162998,6.21369017613172
"separate_state_lasso","1se",4,2020,"Florida","FL","FL-501","Tampa/Hillsborough County CoC",2019,2020,9.90284031465388,2.46567388692673,7.43716642772715
"separate_state_lasso","1se",4,2020,"Florida","FL","FL-502","St. Petersburg, Clearwater, Largo/Pinellas County CoC",2019,2020,23.1922109178427,11.2943090525967,11.897901865246
"separate_state_lasso","1se",4,2020,"Florida","FL","FL-503","Lakeland/Polk County CoC",2019,2020,8.38186230736782,6.86612367861251,1.51573862875531
"separate_state_lasso","1se",4,2020,"Florida","FL","FL-504","Deltona, Daytona Beach/Volusia, Flagler Counties CoC",2019,2020,13.4559451759543,8.9413178589539,4.5146273170004
"separate_state_lasso","1se",4,2020,"Florida","FL","FL-505","Fort Walton Beach/Okaloosa, Walton Counties CoC",2019,2020,12.1883040895059,17.7470174892677,-5.55871339976178
"separate_state_lasso","1se",4,2020,"Florida","FL","FL-506","Tallahassee/Leon County CoC",2019,2020,17.9748483105292,15.8708949568352,2.10395335369405
"separate_state_lasso","1se",4,2020,"Florida","FL","FL-507","Orlando/Orange, Osceola, Seminole Counties CoC",2019,2020,8.74811318410834,-3.67917284571017,12.4272860298185
"separate_state_lasso","1se",4,2020,"Florida","FL","FL-508","Gainesville/Alachua, Putnam Counties CoC",2019,2020,18.8695314054083,18.2640084811745,0.605522924233799
"separate_state_lasso","1se",4,2020,"Florida","FL","FL-509","Fort Pierce/St. Lucie, Indian River, Martin Counties CoC",2019,2020,21.1970247308869,8.20003509650678,12.9969896343801
"separate_state_lasso","1se",4,2020,"Florida","FL","FL-510","Jacksonville-Duval, Clay Counties CoC",2019,2020,10.3361825206501,4.56720126991064,5.76898125073946
"separate_state_lasso","1se",4,2020,"Florida","FL","FL-511","Pensacola/Escambia, Santa Rosa Counties CoC",2019,2020,14.582531066069,13.140507263161,1.44202380290805
"separate_state_lasso","1se",4,2020,"Florida","FL","FL-512","St. Johns County CoC",2019,2020,13.2434080665707,15.6404741171848,-2.39706605061413
"separate_state_lasso","1se",4,2020,"Florida","FL","FL-513","Palm Bay, Melbourne/Brevard County CoC",2019,2020,15.4410979606252,8.71547314906622,6.72562481155898
"separate_state_lasso","1se",4,2020,"Florida","FL","FL-514","Ocala/Marion County CoC",2019,2020,13.8568006952246,14.1250382918552,-0.26823759663057
"separate_state_lasso","1se",4,2020,"Florida","FL","FL-515","Panama City/Bay, Jackson Counties CoC",2019,2020,13.0710965801258,15.1404206542903,-2.06932407416451
"separate_state_lasso","1se",4,2020,"Florida","FL","FL-517","Hendry, Hardee, Highlands Counties CoC",2019,2020,15.9771008103522,16.0279634560224,-0.0508626456702483
"separate_state_lasso","1se",4,2020,"Florida","FL","FL-518","Columbia, Hamilton, Lafayette, Suwannee Counties CoC",2019,2020,37.1872491434824,24.3181591849341,12.8690899585482
"separate_state_lasso","1se",4,2020,"Florida","FL","FL-519","Pasco County CoC",2019,2020,15.8609604888991,9.77010377360186,6.09085671529724
"separate_state_lasso","1se",4,2020,"Florida","FL","FL-520","Citrus, Hernando, Lake, Sumter Counties CoC",2019,2020,8.1113481568317,3.26788598353885,4.84346217329285
"separate_state_lasso","1se",4,2020,"Florida","FL","FL-600","Miami-Dade County CoC",2019,2020,13.2071040864487,-0.558477460687315,13.765581547136
"separate_state_lasso","1se",4,2020,"Florida","FL","FL-601","Ft Lauderdale/Broward County CoC",2019,2020,11.3767516003863,-1.10044114436226,12.4771927447486
"separate_state_lasso","1se",4,2020,"Florida","FL","FL-602","Charlotte County CoC",2019,2020,8.98826207432069,21.6261298489021,-12.6378677745814
"separate_state_lasso","1se",4,2020,"Florida","FL","FL-603","Ft Myers, Cape Coral/Lee County CoC",2019,2020,5.79956242040296,6.30608166398722,-0.506519243584255
"separate_state_lasso","1se",4,2020,"Florida","FL","FL-604","Monroe County CoC",2019,2020,50.8141120807232,47.4553777000557,3.35873438066753
"separate_state_lasso","1se",4,2020,"Florida","FL","FL-605","West Palm Beach/Palm Beach County CoC",2019,2020,10.1057219132876,-0.230299214957361,10.336021128245
"separate_state_lasso","1se",4,2020,"Florida","FL","FL-606","Naples/Collier County CoC",2019,2020,15.980833600564,12.6207725340527,3.36006106651132
"state_time_baseline","none",5,2022,"California","CA","CA-500","San Jose/Santa Clara City & County CoC",2021,2022,53.3361416184126,32.5187556274119,20.8173859910007
"state_time_baseline","none",5,2022,"California","CA","CA-501","San Francisco CoC",2021,2022,95.3439588031468,32.5187556274119,62.8252031757349
"state_time_baseline","none",5,2022,"California","CA","CA-502","Oakland, Berkeley/Alameda County CoC",2021,2022,59.6826477615486,32.5187556274119,27.1638921341367
"state_time_baseline","none",5,2022,"California","CA","CA-503","Sacramento City & County CoC",2021,2022,58.3996923284155,32.5187556274119,25.8809367010036
"state_time_baseline","none",5,2022,"California","CA","CA-504","Santa Rosa, Petaluma/Sonoma County CoC",2021,2022,59.8672284349676,32.5187556274119,27.3484728075557
"state_time_baseline","none",5,2022,"California","CA","CA-505","Contra Costa County CoC",2021,2022,26.6600469072018,32.5187556274119,-5.85870872021011
"state_time_baseline","none",5,2022,"California","CA","CA-506","Salinas/Monterey, San Benito Counties CoC",2021,2022,47.7402801663363,32.5187556274119,15.2215245389244
"state_time_baseline","none",5,2022,"California","CA","CA-507","Marin County CoC",2021,2022,43.6122285420833,32.5187556274119,11.0934729146714
"state_time_baseline","none",5,2022,"California","CA","CA-508","Watsonville/Santa Cruz City & County CoC",2021,2022,86.4981601739746,32.5187556274119,53.9794045465627
"state_time_baseline","none",5,2022,"California","CA","CA-509","Mendocino County CoC",2021,2022,92.1884198016283,32.5187556274119,59.6696641742164
"state_time_baseline","none",5,2022,"California","CA","CA-510","Turlock, Modesto/Stanislaus County CoC",2021,2022,33.6137191761109,32.5187556274119,1.09496354869899
"state_time_baseline","none",5,2022,"California","CA","CA-511","Stockton/San Joaquin County CoC",2021,2022,29.1535660003294,32.5187556274119,-3.36518962708251
"state_time_baseline","none",5,2022,"California","CA","CA-512","Daly City/San Mateo County CoC",2021,2022,24.6911894243047,32.5187556274119,-7.82756620310721
"state_time_baseline","none",5,2022,"California","CA","CA-513","Visalia/Kings, Tulare Counties CoC",2021,2022,19.578313253012,32.5187556274119,-12.9404423743999
"state_time_baseline","none",5,2022,"California","CA","CA-514","Fresno City & County/Madera County CoC",2021,2022,35.7819710128691,32.5187556274119,3.26321538545719
"state_time_baseline","none",5,2022,"California","CA","CA-515","Roseville, Rocklin/Placer County CoC",2021,2022,17.922474544112,32.5187556274119,-14.5962810832999
"state_time_baseline","none",5,2022,"California","CA","CA-516","Redding/Shasta, Siskiyou, Lassen, Plumas, Del Norte, Modoc, Sierra Counties CoC",2021,2022,58.7420816505342,32.5187556274119,26.2233260231223
"state_time_baseline","none",5,2022,"California","CA","CA-517","Napa City & County CoC",2021,2022,36.8032476077889,32.5187556274119,4.28449198037699
"state_time_baseline","none",5,2022,"California","CA","CA-518","Vallejo/Solano County CoC",2021,2022,26.2086197238203,32.5187556274119,-6.31013590359161
"state_time_baseline","none",5,2022,"California","CA","CA-519","Chico, Paradise/Butte County CoC",2021,2022,48.5258933395076,32.5187556274119,16.0071377120957
"state_time_baseline","none",5,2022,"California","CA","CA-520","Merced City & County CoC",2021,2022,29.302799017071,32.5187556274119,-3.21595661034091
"state_time_baseline","none",5,2022,"California","CA","CA-521","Davis, Woodland/Yolo County CoC",2021,2022,33.4748310553098,32.5187556274119,0.956075427897893
"state_time_baseline","none",5,2022,"California","CA","CA-522","Humboldt County CoC",2021,2022,122.093066328836,32.5187556274119,89.5743107014241
"state_time_baseline","none",5,2022,"California","CA","CA-523","Colusa, Glenn, Trinity Counties CoC",2021,2022,51.4348819266902,32.5187556274119,18.9161262992783
"state_time_baseline","none",5,2022,"California","CA","CA-524","Yuba City & County/Sutter County CoC",2021,2022,59.7775009289008,32.5187556274119,27.2587453014889
"state_time_baseline","none",5,2022,"California","CA","CA-525","El Dorado County CoC",2021,2022,26.4884870978778,32.5187556274119,-6.0302685295341
"state_time_baseline","none",5,2022,"California","CA","CA-526","Amador, Calaveras, Mariposa, Tuolumne Counties CoC",2021,2022,39.2926073316862,32.5187556274119,6.77385170427429
"state_time_baseline","none",5,2022,"California","CA","CA-527","Tehama County CoC",2021,2022,44.5553650171485,32.5187556274119,12.0366093897366
"state_time_baseline","none",5,2022,"California","CA","CA-529","Lake County CoC",2021,2022,49.6550511930395,32.5187556274119,17.1362955656276
"state_time_baseline","none",5,2022,"California","CA","CA-530","Alpine, Inyo, Mono Counties CoC",2021,2022,42.7180911115858,32.5187556274119,10.1993354841739
"state_time_baseline","none",5,2022,"California","CA","CA-531","Nevada County CoC",2021,2022,51.4764058333415,32.5187556274119,18.9576502059296
"state_time_baseline","none",5,2022,"California","CA","CA-600","Los Angeles City & County CoC",2021,2022,72.6062334713274,32.5187556274119,40.0874778439155
"state_time_baseline","none",5,2022,"California","CA","CA-601","San Diego City and County CoC",2021,2022,25.6992109698761,32.5187556274119,-6.81954465753581
"state_time_baseline","none",5,2022,"California","CA","CA-602","Santa Ana, Anaheim/Orange County CoC",2021,2022,18.11642416385,32.5187556274119,-14.4023314635619
"state_time_baseline","none",5,2022,"California","CA","CA-603","Santa Maria/Santa Barbara County CoC",2021,2022,44.0501929721756,32.5187556274119,11.5314373447637
"state_time_baseline","none",5,2022,"California","CA","CA-604","Bakersfield/Kern County CoC",2021,2022,17.4795054706599,32.5187556274119,-15.039250156752
"state_time_baseline","none",5,2022,"California","CA","CA-606","Long Beach CoC",2021,2022,72.5030825259475,32.5187556274119,39.9843268985356
"state_time_baseline","none",5,2022,"California","CA","CA-607","Pasadena CoC",2021,2022,37.466091400093,32.5187556274119,4.94733577268109
"state_time_baseline","none",5,2022,"California","CA","CA-608","Riverside City & County CoC",2021,2022,13.3745324862796,32.5187556274119,-19.1442231411323
"state_time_baseline","none",5,2022,"California","CA","CA-609","San Bernardino City & County CoC",2021,2022,15.1757504893531,32.5187556274119,-17.3430051380588
"state_time_baseline","none",5,2022,"California","CA","CA-611","Oxnard, San Buenaventura/Ventura County CoC",2021,2022,26.9326384520921,32.5187556274119,-5.58611717531981
"state_time_baseline","none",5,2022,"California","CA","CA-612","Glendale CoC",2021,2022,11.868440325742,32.5187556274119,-20.6503153016699
"state_time_baseline","none",5,2022,"California","CA","CA-613","Imperial County CoC",2021,2022,58.9117215933475,32.5187556274119,26.3929659659356
"state_time_baseline","none",5,2022,"California","CA","CA-614","San Luis Obispo County CoC",2021,2022,51.2118607801321,32.5187556274119,18.6931051527202
"state_time_baseline","none",5,2022,"Florida","FL","FL-500","Sarasota, Bradenton/Manatee, Sarasota Counties CoC",2021,2022,12.7081688511391,19.1793393061323,-6.47117045499316
"state_time_baseline","none",5,2022,"Florida","FL","FL-501","Tampa/Hillsborough County CoC",2021,2022,9.91975683810865,19.1793393061323,-9.25958246802361
"state_time_baseline","none",5,2022,"Florida","FL","FL-502","St. Petersburg, Clearwater, Largo/Pinellas County CoC",2021,2022,20.5806970687281,19.1793393061323,1.40135776259584
"state_time_baseline","none",5,2022,"Florida","FL","FL-503","Lakeland/Polk County CoC",2021,2022,6.39861607797713,19.1793393061323,-12.7807232281551
"state_time_baseline","none",5,2022,"Florida","FL","FL-504","Deltona, Daytona Beach/Volusia, Flagler Counties CoC",2021,2022,12.2257509649863,19.1793393061323,-6.95358834114596
"state_time_baseline","none",5,2022,"Florida","FL","FL-505","Fort Walton Beach/Okaloosa, Walton Counties CoC",2021,2022,13.412990298048,19.1793393061323,-5.76634900808426
"state_time_baseline","none",5,2022,"Florida","FL","FL-506","Tallahassee/Leon County CoC",2021,2022,13.692247663593,19.1793393061323,-5.48709164253926
"state_time_baseline","none",5,2022,"Florida","FL","FL-507","Orlando/Orange, Osceola, Seminole Counties CoC",2021,2022,9.05458894228847,19.1793393061323,-10.1247503638438
"state_time_baseline","none",5,2022,"Florida","FL","FL-508","Gainesville/Alachua, Putnam Counties CoC",2021,2022,19.4522461756038,19.1793393061323,0.272906869471541
"state_time_baseline","none",5,2022,"Florida","FL","FL-509","Fort Pierce/St. Lucie, Indian River, Martin Counties CoC",2021,2022,12.2479470935013,19.1793393061323,-6.93139221263096
"state_time_baseline","none",5,2022,"Florida","FL","FL-510","Jacksonville-Duval, Clay Counties CoC",2021,2022,9.39554976294391,19.1793393061323,-9.78378954318835
"state_time_baseline","none",5,2022,"Florida","FL","FL-511","Pensacola/Escambia, Santa Rosa Counties CoC",2021,2022,13.8871909288181,19.1793393061323,-5.29214837731416
"state_time_baseline","none",5,2022,"Florida","FL","FL-512","St. Johns County CoC",2021,2022,11.3442441775423,19.1793393061323,-7.83509512858996
"state_time_baseline","none",5,2022,"Florida","FL","FL-513","Palm Bay, Melbourne/Brevard County CoC",2021,2022,14.4975017132692,19.1793393061323,-4.68183759286306
"state_time_baseline","none",5,2022,"Florida","FL","FL-514","Ocala/Marion County CoC",2021,2022,11.4587924195681,19.1793393061323,-7.72054688656416
"state_time_baseline","none",5,2022,"Florida","FL","FL-515","Panama City/Bay, Jackson Counties CoC",2021,2022,12.2666735896571,19.1793393061323,-6.91266571647516
"state_time_baseline","none",5,2022,"Florida","FL","FL-517","Hendry, Hardee, Highlands Counties CoC",2021,2022,24.8165484380846,19.1793393061323,5.63720913195234
"state_time_baseline","none",5,2022,"Florida","FL","FL-518","Columbia, Hamilton, Lafayette, Suwannee Counties CoC",2021,2022,30.7522790128968,19.1793393061323,11.5729397067645
"state_time_baseline","none",5,2022,"Florida","FL","FL-519","Pasco County CoC",2021,2022,9.64947345657573,19.1793393061323,-9.52986584955653
"state_time_baseline","none",5,2022,"Florida","FL","FL-520","Citrus, Hernando, Lake, Sumter Counties CoC",2021,2022,8.05144277531611,19.1793393061323,-11.1278965308161
"state_time_baseline","none",5,2022,"Florida","FL","FL-600","Miami-Dade County CoC",2021,2022,11.9825660248166,19.1793393061323,-7.19677328131566
"state_time_baseline","none",5,2022,"Florida","FL","FL-601","Ft Lauderdale/Broward County CoC",2021,2022,10.4457338026285,19.1793393061323,-8.73360550350376
"state_time_baseline","none",5,2022,"Florida","FL","FL-602","Charlotte County CoC",2021,2022,7.28647669312117,19.1793393061323,-11.8928626130111
"state_time_baseline","none",5,2022,"Florida","FL","FL-603","Ft Myers, Cape Coral/Lee County CoC",2021,2022,6.76280313359314,19.1793393061323,-12.4165361725391
"state_time_baseline","none",5,2022,"Florida","FL","FL-604","Monroe County CoC",2021,2022,63.6064622230821,19.1793393061323,44.4271229169498
"state_time_baseline","none",5,2022,"Florida","FL","FL-605","West Palm Beach/Palm Beach County CoC",2021,2022,9.15773613457437,19.1793393061323,-10.0216031715579
"state_time_baseline","none",5,2022,"Florida","FL","FL-606","Naples/Collier County CoC",2021,2022,11.5072505641542,19.1793393061323,-7.67208874197806
"pooled_lasso","min",5,2022,"California","CA","CA-500","San Jose/Santa Clara City & County CoC",2021,2022,53.3361416184126,55.0725845639173,-1.73644294550475
"pooled_lasso","min",5,2022,"California","CA","CA-501","San Francisco CoC",2021,2022,95.3439588031468,92.4658122888033,2.87814651434354
"pooled_lasso","min",5,2022,"California","CA","CA-502","Oakland, Berkeley/Alameda County CoC",2021,2022,59.6826477615486,62.792893318316,-3.1102455567674
"pooled_lasso","min",5,2022,"California","CA","CA-503","Sacramento City & County CoC",2021,2022,58.3996923284155,59.7465519178147,-1.34685958939921
"pooled_lasso","min",5,2022,"California","CA","CA-504","Santa Rosa, Petaluma/Sonoma County CoC",2021,2022,59.8672284349676,74.0033123601154,-14.1360839251478
"pooled_lasso","min",5,2022,"California","CA","CA-505","Contra Costa County CoC",2021,2022,26.6600469072018,45.7603477323348,-19.100300825133
"pooled_lasso","min",5,2022,"California","CA","CA-506","Salinas/Monterey, San Benito Counties CoC",2021,2022,47.7402801663363,63.838551445673,-16.0982712793367
"pooled_lasso","min",5,2022,"California","CA","CA-507","Marin County CoC",2021,2022,43.6122285420833,68.9421735512732,-25.3299450091899
"pooled_lasso","min",5,2022,"California","CA","CA-508","Watsonville/Santa Cruz City & County CoC",2021,2022,86.4981601739746,80.9638357258434,5.53432444813117
"pooled_lasso","min",5,2022,"California","CA","CA-509","Mendocino County CoC",2021,2022,92.1884198016283,109.03807675207,-16.8496569504419
"pooled_lasso","min",5,2022,"California","CA","CA-510","Turlock, Modesto/Stanislaus County CoC",2021,2022,33.6137191761109,56.0453644936454,-22.4316453175345
"pooled_lasso","min",5,2022,"California","CA","CA-511","Stockton/San Joaquin County CoC",2021,2022,29.1535660003294,55.0884746695347,-25.9349086692053
"pooled_lasso","min",5,2022,"California","CA","CA-512","Daly City/San Mateo County CoC",2021,2022,24.6911894243047,53.1860518168865,-28.4948623925818
"pooled_lasso","min",5,2022,"California","CA","CA-513","Visalia/Kings, Tulare Counties CoC",2021,2022,19.578313253012,47.4441710015722,-27.8658577485602
"pooled_lasso","min",5,2022,"California","CA","CA-514","Fresno City & County/Madera County CoC",2021,2022,35.7819710128691,48.0001606086711,-12.218189595802
"pooled_lasso","min",5,2022,"California","CA","CA-515","Roseville, Rocklin/Placer County CoC",2021,2022,17.922474544112,50.3286210509086,-32.4061465067966
"pooled_lasso","min",5,2022,"California","CA","CA-516","Redding/Shasta, Siskiyou, Lassen, Plumas, Del Norte, Modoc, Sierra Counties CoC",2021,2022,58.7420816505342,67.7531447483647,-9.0110630978305
"pooled_lasso","min",5,2022,"California","CA","CA-517","Napa City & County CoC",2021,2022,36.8032476077889,66.9644551012367,-30.1612074934478
"pooled_lasso","min",5,2022,"California","CA","CA-518","Vallejo/Solano County CoC",2021,2022,26.2086197238203,53.2387513985568,-27.0301316747365
"pooled_lasso","min",5,2022,"California","CA","CA-519","Chico, Paradise/Butte County CoC",2021,2022,48.5258933395076,85.92243986424,-37.3965465247324
"pooled_lasso","min",5,2022,"California","CA","CA-520","Merced City & County CoC",2021,2022,29.302799017071,58.3629004311141,-29.0601014140431
"pooled_lasso","min",5,2022,"California","CA","CA-521","Davis, Woodland/Yolo County CoC",2021,2022,33.4748310553098,65.4080757870542,-31.9332447317444
"pooled_lasso","min",5,2022,"California","CA","CA-522","Humboldt County CoC",2021,2022,122.093066328836,75.529751733673,46.563314595163
"pooled_lasso","min",5,2022,"California","CA","CA-523","Colusa, Glenn, Trinity Counties CoC",2021,2022,51.4348819266902,66.748240811925,-15.3133588852348
"pooled_lasso","min",5,2022,"California","CA","CA-524","Yuba City & County/Sutter County CoC",2021,2022,59.7775009289008,75.7564394694045,-15.9789385405037
"pooled_lasso","min",5,2022,"California","CA","CA-525","El Dorado County CoC",2021,2022,26.4884870978778,51.0048426152357,-24.5163555173579
"pooled_lasso","min",5,2022,"California","CA","CA-526","Amador, Calaveras, Mariposa, Tuolumne Counties CoC",2021,2022,39.2926073316862,64.2340798569847,-24.9414725252985
"pooled_lasso","min",5,2022,"California","CA","CA-527","Tehama County CoC",2021,2022,44.5553650171485,61.3487990111951,-16.7934339940466
"pooled_lasso","min",5,2022,"California","CA","CA-529","Lake County CoC",2021,2022,49.6550511930395,94.1092117052684,-44.4541605122289
"pooled_lasso","min",5,2022,"California","CA","CA-530","Alpine, Inyo, Mono Counties CoC",2021,2022,42.7180911115858,72.2333914506151,-29.5153003390293
"pooled_lasso","min",5,2022,"California","CA","CA-531","Nevada County CoC",2021,2022,51.4764058333415,68.8031176073977,-17.3267117740562
"pooled_lasso","min",5,2022,"California","CA","CA-600","Los Angeles City & County CoC",2021,2022,72.6062334713274,56.541273049116,16.0649604222114
"pooled_lasso","min",5,2022,"California","CA","CA-601","San Diego City and County CoC",2021,2022,25.6992109698761,55.6390431196583,-29.9398321497822
"pooled_lasso","min",5,2022,"California","CA","CA-602","Santa Ana, Anaheim/Orange County CoC",2021,2022,18.11642416385,36.1512117600965,-18.0347875962465
"pooled_lasso","min",5,2022,"California","CA","CA-603","Santa Maria/Santa Barbara County CoC",2021,2022,44.0501929721756,69.9673841238728,-25.9171911516972
"pooled_lasso","min",5,2022,"California","CA","CA-604","Bakersfield/Kern County CoC",2021,2022,17.4795054706599,67.6471779797549,-50.167672509095
"pooled_lasso","min",5,2022,"California","CA","CA-606","Long Beach CoC",2021,2022,72.5030825259475,80.6776381318418,-8.17455560589434
"pooled_lasso","min",5,2022,"California","CA","CA-607","Pasadena CoC",2021,2022,37.466091400093,81.0165936716813,-43.5505022715883
"pooled_lasso","min",5,2022,"California","CA","CA-608","Riverside City & County CoC",2021,2022,13.3745324862796,36.3932186015965,-23.0186861153169
"pooled_lasso","min",5,2022,"California","CA","CA-609","San Bernardino City & County CoC",2021,2022,15.1757504893531,39.2800574055548,-24.1043069162017
"pooled_lasso","min",5,2022,"California","CA","CA-611","Oxnard, San Buenaventura/Ventura County CoC",2021,2022,26.9326384520921,52.0337705482191,-25.101132096127
"pooled_lasso","min",5,2022,"California","CA","CA-612","Glendale CoC",2021,2022,11.868440325742,55.2171560591803,-43.3487157334383
"pooled_lasso","min",5,2022,"California","CA","CA-613","Imperial County CoC",2021,2022,58.9117215933475,71.6343552598018,-12.7226336664543
"pooled_lasso","min",5,2022,"California","CA","CA-614","San Luis Obispo County CoC",2021,2022,51.2118607801321,66.0772046264141,-14.865343846282
"pooled_lasso","min",5,2022,"Florida","FL","FL-500","Sarasota, Bradenton/Manatee, Sarasota Counties CoC",2021,2022,12.7081688511391,6.87484718465386,5.83332166648524
"pooled_lasso","min",5,2022,"Florida","FL","FL-501","Tampa/Hillsborough County CoC",2021,2022,9.91975683810865,6.97529055284086,2.94446628526779
"pooled_lasso","min",5,2022,"Florida","FL","FL-502","St. Petersburg, Clearwater, Largo/Pinellas County CoC",2021,2022,20.5806970687281,20.4243812653301,0.156315803398012
"pooled_lasso","min",5,2022,"Florida","FL","FL-503","Lakeland/Polk County CoC",2021,2022,6.39861607797713,5.77577462136105,0.622841456616078
"pooled_lasso","min",5,2022,"Florida","FL","FL-504","Deltona, Daytona Beach/Volusia, Flagler Counties CoC",2021,2022,12.2257509649863,12.8069449871078,-0.581194022121453
"pooled_lasso","min",5,2022,"Florida","FL","FL-505","Fort Walton Beach/Okaloosa, Walton Counties CoC",2021,2022,13.412990298048,15.8407733249876,-2.42778302693958
"pooled_lasso","min",5,2022,"Florida","FL","FL-506","Tallahassee/Leon County CoC",2021,2022,13.692247663593,21.9409413670649,-8.24869370347191
"pooled_lasso","min",5,2022,"Florida","FL","FL-507","Orlando/Orange, Osceola, Seminole Counties CoC",2021,2022,9.05458894228847,4.14450281623691,4.91008612605156
"pooled_lasso","min",5,2022,"Florida","FL","FL-508","Gainesville/Alachua, Putnam Counties CoC",2021,2022,19.4522461756038,31.6216488744557,-12.1694026988519
"pooled_lasso","min",5,2022,"Florida","FL","FL-509","Fort Pierce/St. Lucie, Indian River, Martin Counties CoC",2021,2022,12.2479470935013,6.35817805925659,5.88976903424471
"pooled_lasso","min",5,2022,"Florida","FL","FL-510","Jacksonville-Duval, Clay Counties CoC",2021,2022,9.39554976294391,9.18811725392225,0.207432509021659
"pooled_lasso","min",5,2022,"Florida","FL","FL-511","Pensacola/Escambia, Santa Rosa Counties CoC",2021,2022,13.8871909288181,11.4262326843678,2.46095824445029
"pooled_lasso","min",5,2022,"Florida","FL","FL-512","St. Johns County CoC",2021,2022,11.3442441775423,6.00576134860102,5.33848282894128
"pooled_lasso","min",5,2022,"Florida","FL","FL-513","Palm Bay, Melbourne/Brevard County CoC",2021,2022,14.4975017132692,9.12359294322983,5.37390877003937
"pooled_lasso","min",5,2022,"Florida","FL","FL-514","Ocala/Marion County CoC",2021,2022,11.4587924195681,11.5919961826708,-0.133203763102692
"pooled_lasso","min",5,2022,"Florida","FL","FL-515","Panama City/Bay, Jackson Counties CoC",2021,2022,12.2666735896571,13.8509100244818,-1.58423643482474
"pooled_lasso","min",5,2022,"Florida","FL","FL-517","Hendry, Hardee, Highlands Counties CoC",2021,2022,24.8165484380846,13.9929495690669,10.8235988690177
"pooled_lasso","min",5,2022,"Florida","FL","FL-518","Columbia, Hamilton, Lafayette, Suwannee Counties CoC",2021,2022,30.7522790128968,25.2650100869596,5.48726892593722
"pooled_lasso","min",5,2022,"Florida","FL","FL-519","Pasco County CoC",2021,2022,9.64947345657573,8.35359135626768,1.29588210030805
"pooled_lasso","min",5,2022,"Florida","FL","FL-520","Citrus, Hernando, Lake, Sumter Counties CoC",2021,2022,8.05144277531611,1.76888494429889,6.28255783101722
"pooled_lasso","min",5,2022,"Florida","FL","FL-600","Miami-Dade County CoC",2021,2022,11.9825660248166,14.6596120219387,-2.67704599712205
"pooled_lasso","min",5,2022,"Florida","FL","FL-601","Ft Lauderdale/Broward County CoC",2021,2022,10.4457338026285,2.63696565223504,7.80876815039345
"pooled_lasso","min",5,2022,"Florida","FL","FL-602","Charlotte County CoC",2021,2022,7.28647669312117,14.5520178987075,-7.26554120558633
"pooled_lasso","min",5,2022,"Florida","FL","FL-603","Ft Myers, Cape Coral/Lee County CoC",2021,2022,6.76280313359314,3.95036885477299,2.81243427882015
"pooled_lasso","min",5,2022,"Florida","FL","FL-604","Monroe County CoC",2021,2022,63.6064622230821,66.9513116111729,-3.34484938809079
"pooled_lasso","min",5,2022,"Florida","FL","FL-605","West Palm Beach/Palm Beach County CoC",2021,2022,9.15773613457437,5.95881179151901,3.19892434305536
"pooled_lasso","min",5,2022,"Florida","FL","FL-606","Naples/Collier County CoC",2021,2022,11.5072505641542,11.4122567931728,0.0949937709813824
"pooled_lasso","1se",5,2022,"California","CA","CA-500","San Jose/Santa Clara City & County CoC",2021,2022,53.3361416184126,39.3033467055318,14.0327949128808
"pooled_lasso","1se",5,2022,"California","CA","CA-501","San Francisco CoC",2021,2022,95.3439588031468,84.7781840624944,10.5657747406524
"pooled_lasso","1se",5,2022,"California","CA","CA-502","Oakland, Berkeley/Alameda County CoC",2021,2022,59.6826477615486,46.496204003861,13.1864437576876
"pooled_lasso","1se",5,2022,"California","CA","CA-503","Sacramento City & County CoC",2021,2022,58.3996923284155,41.1280415042153,17.2716508242002
"pooled_lasso","1se",5,2022,"California","CA","CA-504","Santa Rosa, Petaluma/Sonoma County CoC",2021,2022,59.8672284349676,52.5928517696242,7.27437666534339
"pooled_lasso","1se",5,2022,"California","CA","CA-505","Contra Costa County CoC",2021,2022,26.6600469072018,31.6518556602572,-4.99180875305541
"pooled_lasso","1se",5,2022,"California","CA","CA-506","Salinas/Monterey, San Benito Counties CoC",2021,2022,47.7402801663363,45.1498742221793,2.59040594415698
"pooled_lasso","1se",5,2022,"California","CA","CA-507","Marin County CoC",2021,2022,43.6122285420833,49.4657760307485,-5.85354748866516
"pooled_lasso","1se",5,2022,"California","CA","CA-508","Watsonville/Santa Cruz City & County CoC",2021,2022,86.4981601739746,59.3028376671776,27.195322506797
"pooled_lasso","1se",5,2022,"California","CA","CA-509","Mendocino County CoC",2021,2022,92.1884198016283,79.9644716231468,12.2239481784815
"pooled_lasso","1se",5,2022,"California","CA","CA-510","Turlock, Modesto/Stanislaus County CoC",2021,2022,33.6137191761109,38.9944617979898,-5.38074262187895
"pooled_lasso","1se",5,2022,"California","CA","CA-511","Stockton/San Joaquin County CoC",2021,2022,29.1535660003294,39.8183239472927,-10.6647579469633
"pooled_lasso","1se",5,2022,"California","CA","CA-512","Daly City/San Mateo County CoC",2021,2022,24.6911894243047,40.1614336910429,-15.4702442667382
"pooled_lasso","1se",5,2022,"California","CA","CA-513","Visalia/Kings, Tulare Counties CoC",2021,2022,19.578313253012,32.0782558754017,-12.4999426223897
"pooled_lasso","1se",5,2022,"California","CA","CA-514","Fresno City & County/Madera County CoC",2021,2022,35.7819710128691,31.7410168422736,4.04095417059552
"pooled_lasso","1se",5,2022,"California","CA","CA-515","Roseville, Rocklin/Placer County CoC",2021,2022,17.922474544112,35.884746821525,-17.962272277413
"pooled_lasso","1se",5,2022,"California","CA","CA-516","Redding/Shasta, Siskiyou, Lassen, Plumas, Del Norte, Modoc, Sierra Counties CoC",2021,2022,58.7420816505342,54.5313297559758,4.21075189455841
"pooled_lasso","1se",5,2022,"California","CA","CA-517","Napa City & County CoC",2021,2022,36.8032476077889,50.9891499621668,-14.185902354378
"pooled_lasso","1se",5,2022,"California","CA","CA-518","Vallejo/Solano County CoC",2021,2022,26.2086197238203,37.7048867528771,-11.4962670290568
"pooled_lasso","1se",5,2022,"California","CA","CA-519","Chico, Paradise/Butte County CoC",2021,2022,48.5258933395076,66.5432101553628,-18.0173168158552
"pooled_lasso","1se",5,2022,"California","CA","CA-520","Merced City & County CoC",2021,2022,29.302799017071,43.1941455697244,-13.8913465526534
"pooled_lasso","1se",5,2022,"California","CA","CA-521","Davis, Woodland/Yolo County CoC",2021,2022,33.4748310553098,48.9084018751089,-15.4335708197991
"pooled_lasso","1se",5,2022,"California","CA","CA-522","Humboldt County CoC",2021,2022,122.093066328836,58.6299299171011,63.4631364117349
"pooled_lasso","1se",5,2022,"California","CA","CA-523","Colusa, Glenn, Trinity Counties CoC",2021,2022,51.4348819266902,53.5614438376055,-2.12656191091526
"pooled_lasso","1se",5,2022,"California","CA","CA-524","Yuba City & County/Sutter County CoC",2021,2022,59.7775009289008,61.6498662758027,-1.87236534690191
"pooled_lasso","1se",5,2022,"California","CA","CA-525","El Dorado County CoC",2021,2022,26.4884870978778,36.9427428755943,-10.4542557777165
"pooled_lasso","1se",5,2022,"California","CA","CA-526","Amador, Calaveras, Mariposa, Tuolumne Counties CoC",2021,2022,39.2926073316862,45.7497521736649,-6.45714484197869
"pooled_lasso","1se",5,2022,"California","CA","CA-527","Tehama County CoC",2021,2022,44.5553650171485,47.1770066237975,-2.62164160664904
"pooled_lasso","1se",5,2022,"California","CA","CA-529","Lake County CoC",2021,2022,49.6550511930395,66.5559820366305,-16.900930843591
"pooled_lasso","1se",5,2022,"California","CA","CA-530","Alpine, Inyo, Mono Counties CoC",2021,2022,42.7180911115858,57.4540579714603,-14.7359668598745
"pooled_lasso","1se",5,2022,"California","CA","CA-531","Nevada County CoC",2021,2022,51.4764058333415,50.6693213385264,0.807084494815143
"pooled_lasso","1se",5,2022,"California","CA","CA-600","Los Angeles City & County CoC",2021,2022,72.6062334713274,37.6022723465312,35.0039611247962
"pooled_lasso","1se",5,2022,"California","CA","CA-601","San Diego City and County CoC",2021,2022,25.6992109698761,36.1624839392394,-10.4632729693633
"pooled_lasso","1se",5,2022,"California","CA","CA-602","Santa Ana, Anaheim/Orange County CoC",2021,2022,18.11642416385,25.6368759338478,-7.52045176999783
"pooled_lasso","1se",5,2022,"California","CA","CA-603","Santa Maria/Santa Barbara County CoC",2021,2022,44.0501929721756,49.4066341978836,-5.356441225708
"pooled_lasso","1se",5,2022,"California","CA","CA-604","Bakersfield/Kern County CoC",2021,2022,17.4795054706599,44.1147598379567,-26.6352543672968
"pooled_lasso","1se",5,2022,"California","CA","CA-606","Long Beach CoC",2021,2022,72.5030825259475,62.2326841800196,10.2703983459279
"pooled_lasso","1se",5,2022,"California","CA","CA-607","Pasadena CoC",2021,2022,37.466091400093,60.7462456815319,-23.2801542814389
"pooled_lasso","1se",5,2022,"California","CA","CA-608","Riverside City & County CoC",2021,2022,13.3745324862796,21.2411871782544,-7.86665469197482
"pooled_lasso","1se",5,2022,"California","CA","CA-609","San Bernardino City & County CoC",2021,2022,15.1757504893531,22.9100200741995,-7.73426958484642
"pooled_lasso","1se",5,2022,"California","CA","CA-611","Oxnard, San Buenaventura/Ventura County CoC",2021,2022,26.9326384520921,34.7032608377594,-7.77062238566726
"pooled_lasso","1se",5,2022,"California","CA","CA-612","Glendale CoC",2021,2022,11.868440325742,43.2761226152771,-31.4076822895351
"pooled_lasso","1se",5,2022,"California","CA","CA-613","Imperial County CoC",2021,2022,58.9117215933475,51.35994747104,7.55177412230751
"pooled_lasso","1se",5,2022,"California","CA","CA-614","San Luis Obispo County CoC",2021,2022,51.2118607801321,44.8154754155161,6.39638536461602
"pooled_lasso","1se",5,2022,"Florida","FL","FL-500","Sarasota, Bradenton/Manatee, Sarasota Counties CoC",2021,2022,12.7081688511391,10.5422041424163,2.16596470872279
"pooled_lasso","1se",5,2022,"Florida","FL","FL-501","Tampa/Hillsborough County CoC",2021,2022,9.91975683810865,9.90475190047243,0.0150049376362205
"pooled_lasso","1se",5,2022,"Florida","FL","FL-502","St. Petersburg, Clearwater, Largo/Pinellas County CoC",2021,2022,20.5806970687281,22.8348952178602,-2.25419814913209
"pooled_lasso","1se",5,2022,"Florida","FL","FL-503","Lakeland/Polk County CoC",2021,2022,6.39861607797713,9.48003702540496,-3.08142094742783
"pooled_lasso","1se",5,2022,"Florida","FL","FL-504","Deltona, Daytona Beach/Volusia, Flagler Counties CoC",2021,2022,12.2257509649863,13.6943149462496,-1.46856398126335
"pooled_lasso","1se",5,2022,"Florida","FL","FL-505","Fort Walton Beach/Okaloosa, Walton Counties CoC",2021,2022,13.412990298048,16.3654733056383,-2.95248300759033
"pooled_lasso","1se",5,2022,"Florida","FL","FL-506","Tallahassee/Leon County CoC",2021,2022,13.692247663593,20.7340586624885,-7.0418109988955
"pooled_lasso","1se",5,2022,"Florida","FL","FL-507","Orlando/Orange, Osceola, Seminole Counties CoC",2021,2022,9.05458894228847,6.62326380967955,2.43132513260892
"pooled_lasso","1se",5,2022,"Florida","FL","FL-508","Gainesville/Alachua, Putnam Counties CoC",2021,2022,19.4522461756038,26.8705939598375,-7.41834778423374
"pooled_lasso","1se",5,2022,"Florida","FL","FL-509","Fort Pierce/St. Lucie, Indian River, Martin Counties CoC",2021,2022,12.2479470935013,8.51601514677843,3.73193194672287
"pooled_lasso","1se",5,2022,"Florida","FL","FL-510","Jacksonville-Duval, Clay Counties CoC",2021,2022,9.39554976294391,12.1134944509438,-2.71794468799986
"pooled_lasso","1se",5,2022,"Florida","FL","FL-511","Pensacola/Escambia, Santa Rosa Counties CoC",2021,2022,13.8871909288181,13.8853038568749,0.00188707194316251
"pooled_lasso","1se",5,2022,"Florida","FL","FL-512","St. Johns County CoC",2021,2022,11.3442441775423,10.8585103922511,0.485733785291172
"pooled_lasso","1se",5,2022,"Florida","FL","FL-513","Palm Bay, Melbourne/Brevard County CoC",2021,2022,14.4975017132692,13.4792675258333,1.0182341874359
"pooled_lasso","1se",5,2022,"Florida","FL","FL-514","Ocala/Marion County CoC",2021,2022,11.4587924195681,14.8458196388443,-3.38702721927617
"pooled_lasso","1se",5,2022,"Florida","FL","FL-515","Panama City/Bay, Jackson Counties CoC",2021,2022,12.2666735896571,15.5494223603985,-3.28274877074139
"pooled_lasso","1se",5,2022,"Florida","FL","FL-517","Hendry, Hardee, Highlands Counties CoC",2021,2022,24.8165484380846,16.2606638402161,8.5558845978685
"pooled_lasso","1se",5,2022,"Florida","FL","FL-518","Columbia, Hamilton, Lafayette, Suwannee Counties CoC",2021,2022,30.7522790128968,26.3490250756029,4.40325393729395
"pooled_lasso","1se",5,2022,"Florida","FL","FL-519","Pasco County CoC",2021,2022,9.64947345657573,10.9710048941349,-1.32153143755912
"pooled_lasso","1se",5,2022,"Florida","FL","FL-520","Citrus, Hernando, Lake, Sumter Counties CoC",2021,2022,8.05144277531611,5.55100325474433,2.50043952057178
"pooled_lasso","1se",5,2022,"Florida","FL","FL-600","Miami-Dade County CoC",2021,2022,11.9825660248166,13.1674273486296,-1.184861323813
"pooled_lasso","1se",5,2022,"Florida","FL","FL-601","Ft Lauderdale/Broward County CoC",2021,2022,10.4457338026285,5.43670406580465,5.00902973682385
"pooled_lasso","1se",5,2022,"Florida","FL","FL-602","Charlotte County CoC",2021,2022,7.28647669312117,15.7988697314064,-8.51239303828524
"pooled_lasso","1se",5,2022,"Florida","FL","FL-603","Ft Myers, Cape Coral/Lee County CoC",2021,2022,6.76280313359314,7.15853607030584,-0.395732936712704
"pooled_lasso","1se",5,2022,"Florida","FL","FL-604","Monroe County CoC",2021,2022,63.6064622230821,60.6131393270472,2.99332289603491
"pooled_lasso","1se",5,2022,"Florida","FL","FL-605","West Palm Beach/Palm Beach County CoC",2021,2022,9.15773613457437,7.53787798479979,1.61985814977458
"pooled_lasso","1se",5,2022,"Florida","FL","FL-606","Naples/Collier County CoC",2021,2022,11.5072505641542,15.3304700090395,-3.8232194448853
"pooled_lasso_state_interactions","min",5,2022,"California","CA","CA-500","San Jose/Santa Clara City & County CoC",2021,2022,53.3361416184126,55.6320537851849,-2.29591216677226
"pooled_lasso_state_interactions","min",5,2022,"California","CA","CA-501","San Francisco CoC",2021,2022,95.3439588031468,88.5759655119604,6.7679932911864
"pooled_lasso_state_interactions","min",5,2022,"California","CA","CA-502","Oakland, Berkeley/Alameda County CoC",2021,2022,59.6826477615486,68.3397777202405,-8.65712995869189
"pooled_lasso_state_interactions","min",5,2022,"California","CA","CA-503","Sacramento City & County CoC",2021,2022,58.3996923284155,64.6586113127491,-6.25891898433359
"pooled_lasso_state_interactions","min",5,2022,"California","CA","CA-504","Santa Rosa, Petaluma/Sonoma County CoC",2021,2022,59.8672284349676,84.1257873074699,-24.2585588725023
"pooled_lasso_state_interactions","min",5,2022,"California","CA","CA-505","Contra Costa County CoC",2021,2022,26.6600469072018,43.457264154855,-16.7972172476532
"pooled_lasso_state_interactions","min",5,2022,"California","CA","CA-506","Salinas/Monterey, San Benito Counties CoC",2021,2022,47.7402801663363,73.4233333206649,-25.6830531543286
"pooled_lasso_state_interactions","min",5,2022,"California","CA","CA-507","Marin County CoC",2021,2022,43.6122285420833,71.2231931253009,-27.6109645832176
"pooled_lasso_state_interactions","min",5,2022,"California","CA","CA-508","Watsonville/Santa Cruz City & County CoC",2021,2022,86.4981601739746,88.9723512235696,-2.47419104959496
"pooled_lasso_state_interactions","min",5,2022,"California","CA","CA-509","Mendocino County CoC",2021,2022,92.1884198016283,125.055973789101,-32.8675539874731
"pooled_lasso_state_interactions","min",5,2022,"California","CA","CA-510","Turlock, Modesto/Stanislaus County CoC",2021,2022,33.6137191761109,56.6785164746466,-23.0647972985357
"pooled_lasso_state_interactions","min",5,2022,"California","CA","CA-511","Stockton/San Joaquin County CoC",2021,2022,29.1535660003294,59.4734071580495,-30.3198411577201
"pooled_lasso_state_interactions","min",5,2022,"California","CA","CA-512","Daly City/San Mateo County CoC",2021,2022,24.6911894243047,52.6829352830821,-27.9917458587774
"pooled_lasso_state_interactions","min",5,2022,"California","CA","CA-513","Visalia/Kings, Tulare Counties CoC",2021,2022,19.578313253012,44.8544104525765,-25.2760971995645
"pooled_lasso_state_interactions","min",5,2022,"California","CA","CA-514","Fresno City & County/Madera County CoC",2021,2022,35.7819710128691,47.7360587731888,-11.9540877603197
"pooled_lasso_state_interactions","min",5,2022,"California","CA","CA-515","Roseville, Rocklin/Placer County CoC",2021,2022,17.922474544112,48.7132974138616,-30.7908228697496
"pooled_lasso_state_interactions","min",5,2022,"California","CA","CA-516","Redding/Shasta, Siskiyou, Lassen, Plumas, Del Norte, Modoc, Sierra Counties CoC",2021,2022,58.7420816505342,76.8205411033104,-18.0784594527762
"pooled_lasso_state_interactions","min",5,2022,"California","CA","CA-517","Napa City & County CoC",2021,2022,36.8032476077889,70.9551889448847,-34.1519413370958
"pooled_lasso_state_interactions","min",5,2022,"California","CA","CA-518","Vallejo/Solano County CoC",2021,2022,26.2086197238203,54.2563028305024,-28.0476831066821
"pooled_lasso_state_interactions","min",5,2022,"California","CA","CA-519","Chico, Paradise/Butte County CoC",2021,2022,48.5258933395076,98.5529372183978,-50.0270438788902
"pooled_lasso_state_interactions","min",5,2022,"California","CA","CA-520","Merced City & County CoC",2021,2022,29.302799017071,59.8726073283523,-30.5698083112813
"pooled_lasso_state_interactions","min",5,2022,"California","CA","CA-521","Davis, Woodland/Yolo County CoC",2021,2022,33.4748310553098,64.9590872402307,-31.4842561849209
"pooled_lasso_state_interactions","min",5,2022,"California","CA","CA-522","Humboldt County CoC",2021,2022,122.093066328836,90.5051998547494,31.5878664740866
"pooled_lasso_state_interactions","min",5,2022,"California","CA","CA-523","Colusa, Glenn, Trinity Counties CoC",2021,2022,51.4348819266902,65.8911640929969,-14.4562821663067
"pooled_lasso_state_interactions","min",5,2022,"California","CA","CA-524","Yuba City & County/Sutter County CoC",2021,2022,59.7775009289008,87.8471216631357,-28.0696207342349
"pooled_lasso_state_interactions","min",5,2022,"California","CA","CA-525","El Dorado County CoC",2021,2022,26.4884870978778,47.2497468796272,-20.7612597817494
"pooled_lasso_state_interactions","min",5,2022,"California","CA","CA-526","Amador, Calaveras, Mariposa, Tuolumne Counties CoC",2021,2022,39.2926073316862,69.4926249379813,-30.2000176062951
"pooled_lasso_state_interactions","min",5,2022,"California","CA","CA-527","Tehama County CoC",2021,2022,44.5553650171485,56.5946156059096,-12.0392505887611
"pooled_lasso_state_interactions","min",5,2022,"California","CA","CA-529","Lake County CoC",2021,2022,49.6550511930395,97.8376164629538,-48.1825652699143
"pooled_lasso_state_interactions","min",5,2022,"California","CA","CA-530","Alpine, Inyo, Mono Counties CoC",2021,2022,42.7180911115858,77.7244355216762,-35.0063444100904
"pooled_lasso_state_interactions","min",5,2022,"California","CA","CA-531","Nevada County CoC",2021,2022,51.4764058333415,77.5365735902973,-26.0601677569558
"pooled_lasso_state_interactions","min",5,2022,"California","CA","CA-600","Los Angeles City & County CoC",2021,2022,72.6062334713274,71.5339300512067,1.07230342012073
"pooled_lasso_state_interactions","min",5,2022,"California","CA","CA-601","San Diego City and County CoC",2021,2022,25.6992109698761,66.5949618699924,-40.8957509001163
"pooled_lasso_state_interactions","min",5,2022,"California","CA","CA-602","Santa Ana, Anaheim/Orange County CoC",2021,2022,18.11642416385,36.037881086289,-17.921456922439
"pooled_lasso_state_interactions","min",5,2022,"California","CA","CA-603","Santa Maria/Santa Barbara County CoC",2021,2022,44.0501929721756,77.7861664561967,-33.7359734840211
"pooled_lasso_state_interactions","min",5,2022,"California","CA","CA-604","Bakersfield/Kern County CoC",2021,2022,17.4795054706599,70.6531456655345,-53.1736401948746
"pooled_lasso_state_interactions","min",5,2022,"California","CA","CA-606","Long Beach CoC",2021,2022,72.5030825259475,86.0789103359949,-13.5758278100474
"pooled_lasso_state_interactions","min",5,2022,"California","CA","CA-607","Pasadena CoC",2021,2022,37.466091400093,84.6550499338123,-47.1889585337193
"pooled_lasso_state_interactions","min",5,2022,"California","CA","CA-608","Riverside City & County CoC",2021,2022,13.3745324862796,37.3537111090594,-23.9791786227798
"pooled_lasso_state_interactions","min",5,2022,"California","CA","CA-609","San Bernardino City & County CoC",2021,2022,15.1757504893531,39.8923334492127,-24.7165829598596
"pooled_lasso_state_interactions","min",5,2022,"California","CA","CA-611","Oxnard, San Buenaventura/Ventura County CoC",2021,2022,26.9326384520921,55.5604532758559,-28.6278148237638
"pooled_lasso_state_interactions","min",5,2022,"California","CA","CA-612","Glendale CoC",2021,2022,11.868440325742,53.7195084849964,-41.8510681592544
"pooled_lasso_state_interactions","min",5,2022,"California","CA","CA-613","Imperial County CoC",2021,2022,58.9117215933475,74.1039691811347,-15.1922475877872
"pooled_lasso_state_interactions","min",5,2022,"California","CA","CA-614","San Luis Obispo County CoC",2021,2022,51.2118607801321,70.247769131033,-19.0359083509009
"pooled_lasso_state_interactions","min",5,2022,"Florida","FL","FL-500","Sarasota, Bradenton/Manatee, Sarasota Counties CoC",2021,2022,12.7081688511391,4.60965085990266,8.09851799123645
"pooled_lasso_state_interactions","min",5,2022,"Florida","FL","FL-501","Tampa/Hillsborough County CoC",2021,2022,9.91975683810865,3.98598966393947,5.93376717416918
"pooled_lasso_state_interactions","min",5,2022,"Florida","FL","FL-502","St. Petersburg, Clearwater, Largo/Pinellas County CoC",2021,2022,20.5806970687281,15.1864867483536,5.39421032037451
"pooled_lasso_state_interactions","min",5,2022,"Florida","FL","FL-503","Lakeland/Polk County CoC",2021,2022,6.39861607797713,6.17191691131878,0.226699166658353
"pooled_lasso_state_interactions","min",5,2022,"Florida","FL","FL-504","Deltona, Daytona Beach/Volusia, Flagler Counties CoC",2021,2022,12.2257509649863,15.8215200307301,-3.5957690657438
"pooled_lasso_state_interactions","min",5,2022,"Florida","FL","FL-505","Fort Walton Beach/Okaloosa, Walton Counties CoC",2021,2022,13.412990298048,23.1022145232716,-9.6892242252236
"pooled_lasso_state_interactions","min",5,2022,"Florida","FL","FL-506","Tallahassee/Leon County CoC",2021,2022,13.692247663593,20.5398434213857,-6.84759575779268
"pooled_lasso_state_interactions","min",5,2022,"Florida","FL","FL-507","Orlando/Orange, Osceola, Seminole Counties CoC",2021,2022,9.05458894228847,3.90668970507005,5.14789923721842
"pooled_lasso_state_interactions","min",5,2022,"Florida","FL","FL-508","Gainesville/Alachua, Putnam Counties CoC",2021,2022,19.4522461756038,29.5531883935125,-10.1009422179087
"pooled_lasso_state_interactions","min",5,2022,"Florida","FL","FL-509","Fort Pierce/St. Lucie, Indian River, Martin Counties CoC",2021,2022,12.2479470935013,10.0931377268514,2.15480936664991
"pooled_lasso_state_interactions","min",5,2022,"Florida","FL","FL-510","Jacksonville-Duval, Clay Counties CoC",2021,2022,9.39554976294391,5.44360887208255,3.95194089086136
"pooled_lasso_state_interactions","min",5,2022,"Florida","FL","FL-511","Pensacola/Escambia, Santa Rosa Counties CoC",2021,2022,13.8871909288181,13.4024449389504,0.484745989867696
"pooled_lasso_state_interactions","min",5,2022,"Florida","FL","FL-512","St. Johns County CoC",2021,2022,11.3442441775423,10.0583353550616,1.28590882248069
"pooled_lasso_state_interactions","min",5,2022,"Florida","FL","FL-513","Palm Bay, Melbourne/Brevard County CoC",2021,2022,14.4975017132692,10.5026537991212,3.99484791414805
"pooled_lasso_state_interactions","min",5,2022,"Florida","FL","FL-514","Ocala/Marion County CoC",2021,2022,11.4587924195681,13.5187660709866,-2.05997365141852
"pooled_lasso_state_interactions","min",5,2022,"Florida","FL","FL-515","Panama City/Bay, Jackson Counties CoC",2021,2022,12.2666735896571,19.9365878528623,-7.66991426320523
"pooled_lasso_state_interactions","min",5,2022,"Florida","FL","FL-517","Hendry, Hardee, Highlands Counties CoC",2021,2022,24.8165484380846,18.3651907207492,6.45135771733535
"pooled_lasso_state_interactions","min",5,2022,"Florida","FL","FL-518","Columbia, Hamilton, Lafayette, Suwannee Counties CoC",2021,2022,30.7522790128968,28.3258852297467,2.42639378315012
"pooled_lasso_state_interactions","min",5,2022,"Florida","FL","FL-519","Pasco County CoC",2021,2022,9.64947345657573,9.31900176006677,0.330471696508962
"pooled_lasso_state_interactions","min",5,2022,"Florida","FL","FL-520","Citrus, Hernando, Lake, Sumter Counties CoC",2021,2022,8.05144277531611,3.80918244493796,4.24226033037815
"pooled_lasso_state_interactions","min",5,2022,"Florida","FL","FL-600","Miami-Dade County CoC",2021,2022,11.9825660248166,16.4799701852149,-4.49740416039832
"pooled_lasso_state_interactions","min",5,2022,"Florida","FL","FL-601","Ft Lauderdale/Broward County CoC",2021,2022,10.4457338026285,6.3393057209126,4.1064280817159
"pooled_lasso_state_interactions","min",5,2022,"Florida","FL","FL-602","Charlotte County CoC",2021,2022,7.28647669312117,23.1134087629864,-15.8269320698652
"pooled_lasso_state_interactions","min",5,2022,"Florida","FL","FL-603","Ft Myers, Cape Coral/Lee County CoC",2021,2022,6.76280313359314,4.58972942359316,2.17307370999998
"pooled_lasso_state_interactions","min",5,2022,"Florida","FL","FL-604","Monroe County CoC",2021,2022,63.6064622230821,69.378274542275,-5.77181231919294
"pooled_lasso_state_interactions","min",5,2022,"Florida","FL","FL-605","West Palm Beach/Palm Beach County CoC",2021,2022,9.15773613457437,7.2571384242317,1.90059771034267
"pooled_lasso_state_interactions","min",5,2022,"Florida","FL","FL-606","Naples/Collier County CoC",2021,2022,11.5072505641542,10.7830147654341,0.724235798720057
"pooled_lasso_state_interactions","1se",5,2022,"California","CA","CA-500","San Jose/Santa Clara City & County CoC",2021,2022,53.3361416184126,53.0138871329731,0.322254485439451
"pooled_lasso_state_interactions","1se",5,2022,"California","CA","CA-501","San Francisco CoC",2021,2022,95.3439588031468,92.0300133193048,3.313945483842
"pooled_lasso_state_interactions","1se",5,2022,"California","CA","CA-502","Oakland, Berkeley/Alameda County CoC",2021,2022,59.6826477615486,61.3314861811766,-1.64883841962802
"pooled_lasso_state_interactions","1se",5,2022,"California","CA","CA-503","Sacramento City & County CoC",2021,2022,58.3996923284155,57.2524053259901,1.14728700242537
"pooled_lasso_state_interactions","1se",5,2022,"California","CA","CA-504","Santa Rosa, Petaluma/Sonoma County CoC",2021,2022,59.8672284349676,71.7553368118553,-11.8881083768877
"pooled_lasso_state_interactions","1se",5,2022,"California","CA","CA-505","Contra Costa County CoC",2021,2022,26.6600469072018,43.1716494933593,-16.5116025861575
"pooled_lasso_state_interactions","1se",5,2022,"California","CA","CA-506","Salinas/Monterey, San Benito Counties CoC",2021,2022,47.7402801663363,61.8473917155896,-14.1071115492533
"pooled_lasso_state_interactions","1se",5,2022,"California","CA","CA-507","Marin County CoC",2021,2022,43.6122285420833,67.1970028713107,-23.5847743292274
"pooled_lasso_state_interactions","1se",5,2022,"California","CA","CA-508","Watsonville/Santa Cruz City & County CoC",2021,2022,86.4981601739746,78.883611218556,7.61454895541858
"pooled_lasso_state_interactions","1se",5,2022,"California","CA","CA-509","Mendocino County CoC",2021,2022,92.1884198016283,106.944907657236,-14.7564878556075
"pooled_lasso_state_interactions","1se",5,2022,"California","CA","CA-510","Turlock, Modesto/Stanislaus County CoC",2021,2022,33.6137191761109,53.2151098306298,-19.601390654519
"pooled_lasso_state_interactions","1se",5,2022,"California","CA","CA-511","Stockton/San Joaquin County CoC",2021,2022,29.1535660003294,53.4267907619542,-24.2732247616248
"pooled_lasso_state_interactions","1se",5,2022,"California","CA","CA-512","Daly City/San Mateo County CoC",2021,2022,24.6911894243047,51.740742790976,-27.0495533666714
"pooled_lasso_state_interactions","1se",5,2022,"California","CA","CA-513","Visalia/Kings, Tulare Counties CoC",2021,2022,19.578313253012,44.7468665218407,-25.1685532688287
"pooled_lasso_state_interactions","1se",5,2022,"California","CA","CA-514","Fresno City & County/Madera County CoC",2021,2022,35.7819710128691,45.9640682030455,-10.1820971901764
"pooled_lasso_state_interactions","1se",5,2022,"California","CA","CA-515","Roseville, Rocklin/Placer County CoC",2021,2022,17.922474544112,47.6651229848194,-29.7426484407074
"pooled_lasso_state_interactions","1se",5,2022,"California","CA","CA-516","Redding/Shasta, Siskiyou, Lassen, Plumas, Del Norte, Modoc, Sierra Counties CoC",2021,2022,58.7420816505342,67.7272178538102,-8.985136203276
"pooled_lasso_state_interactions","1se",5,2022,"California","CA","CA-517","Napa City & County CoC",2021,2022,36.8032476077889,65.2711272266099,-28.467879618821
"pooled_lasso_state_interactions","1se",5,2022,"California","CA","CA-518","Vallejo/Solano County CoC",2021,2022,26.2086197238203,50.2485570191488,-24.0399372953285
"pooled_lasso_state_interactions","1se",5,2022,"California","CA","CA-519","Chico, Paradise/Butte County CoC",2021,2022,48.5258933395076,85.6825089185018,-37.1566155789942
"pooled_lasso_state_interactions","1se",5,2022,"California","CA","CA-520","Merced City & County CoC",2021,2022,29.302799017071,56.6485226960306,-27.3457236789596
"pooled_lasso_state_interactions","1se",5,2022,"California","CA","CA-521","Davis, Woodland/Yolo County CoC",2021,2022,33.4748310553098,64.0820525761667,-30.6072215208569
"pooled_lasso_state_interactions","1se",5,2022,"California","CA","CA-522","Humboldt County CoC",2021,2022,122.093066328836,75.6644424321985,46.4286238966375
"pooled_lasso_state_interactions","1se",5,2022,"California","CA","CA-523","Colusa, Glenn, Trinity Counties CoC",2021,2022,51.4348819266902,65.2518075541734,-13.8169256274832
"pooled_lasso_state_interactions","1se",5,2022,"California","CA","CA-524","Yuba City & County/Sutter County CoC",2021,2022,59.7775009289008,76.0144806041588,-16.236979675258
"pooled_lasso_state_interactions","1se",5,2022,"California","CA","CA-525","El Dorado County CoC",2021,2022,26.4884870978778,48.6456047210761,-22.1571176231983
"pooled_lasso_state_interactions","1se",5,2022,"California","CA","CA-526","Amador, Calaveras, Mariposa, Tuolumne Counties CoC",2021,2022,39.2926073316862,61.727810657746,-22.4352033260598
"pooled_lasso_state_interactions","1se",5,2022,"California","CA","CA-527","Tehama County CoC",2021,2022,44.5553650171485,59.6730173260238,-15.1176523088753
"pooled_lasso_state_interactions","1se",5,2022,"California","CA","CA-529","Lake County CoC",2021,2022,49.6550511930395,91.1110437707819,-41.4559925777424
"pooled_lasso_state_interactions","1se",5,2022,"California","CA","CA-530","Alpine, Inyo, Mono Counties CoC",2021,2022,42.7180911115858,70.7614854534477,-28.0433943418619
"pooled_lasso_state_interactions","1se",5,2022,"California","CA","CA-531","Nevada County CoC",2021,2022,51.4764058333415,67.3072271040823,-15.8308212707408
"pooled_lasso_state_interactions","1se",5,2022,"California","CA","CA-600","Los Angeles City & County CoC",2021,2022,72.6062334713274,55.9412289805137,16.6650044908137
"pooled_lasso_state_interactions","1se",5,2022,"California","CA","CA-601","San Diego City and County CoC",2021,2022,25.6992109698761,53.9709267133902,-28.2717157435141
"pooled_lasso_state_interactions","1se",5,2022,"California","CA","CA-602","Santa Ana, Anaheim/Orange County CoC",2021,2022,18.11642416385,33.9333323593573,-15.8169081955073
"pooled_lasso_state_interactions","1se",5,2022,"California","CA","CA-603","Santa Maria/Santa Barbara County CoC",2021,2022,44.0501929721756,68.3667941965605,-24.3166012243849
"pooled_lasso_state_interactions","1se",5,2022,"California","CA","CA-604","Bakersfield/Kern County CoC",2021,2022,17.4795054706599,64.6465977270384,-47.1670922563785
"pooled_lasso_state_interactions","1se",5,2022,"California","CA","CA-606","Long Beach CoC",2021,2022,72.5030825259475,77.9206806170718,-5.41759809112426
"pooled_lasso_state_interactions","1se",5,2022,"California","CA","CA-607","Pasadena CoC",2021,2022,37.466091400093,78.0217078604271,-40.5556164603341
"pooled_lasso_state_interactions","1se",5,2022,"California","CA","CA-608","Riverside City & County CoC",2021,2022,13.3745324862796,33.848840015882,-20.4743075296024
"pooled_lasso_state_interactions","1se",5,2022,"California","CA","CA-609","San Bernardino City & County CoC",2021,2022,15.1757504893531,36.2987572435528,-21.1230067541997
"pooled_lasso_state_interactions","1se",5,2022,"California","CA","CA-611","Oxnard, San Buenaventura/Ventura County CoC",2021,2022,26.9326384520921,49.1212521603476,-22.1886137082555
"pooled_lasso_state_interactions","1se",5,2022,"California","CA","CA-612","Glendale CoC",2021,2022,11.868440325742,52.7912929520666,-40.9228526263246
"pooled_lasso_state_interactions","1se",5,2022,"California","CA","CA-613","Imperial County CoC",2021,2022,58.9117215933475,68.972814052776,-10.0610924594285
"pooled_lasso_state_interactions","1se",5,2022,"California","CA","CA-614","San Luis Obispo County CoC",2021,2022,51.2118607801321,62.863062125915,-11.6512013457829
"pooled_lasso_state_interactions","1se",5,2022,"Florida","FL","FL-500","Sarasota, Bradenton/Manatee, Sarasota Counties CoC",2021,2022,12.7081688511391,6.8170537208076,5.8911151303315
"pooled_lasso_state_interactions","1se",5,2022,"Florida","FL","FL-501","Tampa/Hillsborough County CoC",2021,2022,9.91975683810865,6.44544184511235,3.4743149929963
"pooled_lasso_state_interactions","1se",5,2022,"Florida","FL","FL-502","St. Petersburg, Clearwater, Largo/Pinellas County CoC",2021,2022,20.5806970687281,19.2501666321857,1.33053043654244
"pooled_lasso_state_interactions","1se",5,2022,"Florida","FL","FL-503","Lakeland/Polk County CoC",2021,2022,6.39861607797713,5.95096689885935,0.447649179117776
"pooled_lasso_state_interactions","1se",5,2022,"Florida","FL","FL-504","Deltona, Daytona Beach/Volusia, Flagler Counties CoC",2021,2022,12.2257509649863,12.7074194351008,-0.481668470114506
"pooled_lasso_state_interactions","1se",5,2022,"Florida","FL","FL-505","Fort Walton Beach/Okaloosa, Walton Counties CoC",2021,2022,13.412990298048,16.8560271605751,-3.44303686252712
"pooled_lasso_state_interactions","1se",5,2022,"Florida","FL","FL-506","Tallahassee/Leon County CoC",2021,2022,13.692247663593,20.846837513345,-7.15458984975196
"pooled_lasso_state_interactions","1se",5,2022,"Florida","FL","FL-507","Orlando/Orange, Osceola, Seminole Counties CoC",2021,2022,9.05458894228847,4.38638004561115,4.66820889667732
"pooled_lasso_state_interactions","1se",5,2022,"Florida","FL","FL-508","Gainesville/Alachua, Putnam Counties CoC",2021,2022,19.4522461756038,29.4509140723524,-9.99866789674861
"pooled_lasso_state_interactions","1se",5,2022,"Florida","FL","FL-509","Fort Pierce/St. Lucie, Indian River, Martin Counties CoC",2021,2022,12.2479470935013,6.45794370017771,5.79000339332359
"pooled_lasso_state_interactions","1se",5,2022,"Florida","FL","FL-510","Jacksonville-Duval, Clay Counties CoC",2021,2022,9.39554976294391,9.15901991473934,0.236529848204571
"pooled_lasso_state_interactions","1se",5,2022,"Florida","FL","FL-511","Pensacola/Escambia, Santa Rosa Counties CoC",2021,2022,13.8871909288181,11.6619862576664,2.22520467115175
"pooled_lasso_state_interactions","1se",5,2022,"Florida","FL","FL-512","St. Johns County CoC",2021,2022,11.3442441775423,6.1912378264186,5.1530063511237
"pooled_lasso_state_interactions","1se",5,2022,"Florida","FL","FL-513","Palm Bay, Melbourne/Brevard County CoC",2021,2022,14.4975017132692,9.47728843651636,5.02021327675284
"pooled_lasso_state_interactions","1se",5,2022,"Florida","FL","FL-514","Ocala/Marion County CoC",2021,2022,11.4587924195681,11.6467658867904,-0.187973467222294
"pooled_lasso_state_interactions","1se",5,2022,"Florida","FL","FL-515","Panama City/Bay, Jackson Counties CoC",2021,2022,12.2666735896571,15.0682709869712,-2.80159739731409
"pooled_lasso_state_interactions","1se",5,2022,"Florida","FL","FL-517","Hendry, Hardee, Highlands Counties CoC",2021,2022,24.8165484380846,14.1774831358264,10.6390653022582
"pooled_lasso_state_interactions","1se",5,2022,"Florida","FL","FL-518","Columbia, Hamilton, Lafayette, Suwannee Counties CoC",2021,2022,30.7522790128968,24.808566705515,5.94371230738184
"pooled_lasso_state_interactions","1se",5,2022,"Florida","FL","FL-519","Pasco County CoC",2021,2022,9.64947345657573,7.77480075662796,1.87467269994777
"pooled_lasso_state_interactions","1se",5,2022,"Florida","FL","FL-520","Citrus, Hernando, Lake, Sumter Counties CoC",2021,2022,8.05144277531611,2.52648615113116,5.52495662418495
"pooled_lasso_state_interactions","1se",5,2022,"Florida","FL","FL-600","Miami-Dade County CoC",2021,2022,11.9825660248166,13.4430974631576,-1.46053143834095
"pooled_lasso_state_interactions","1se",5,2022,"Florida","FL","FL-601","Ft Lauderdale/Broward County CoC",2021,2022,10.4457338026285,2.89250101865174,7.55323278397676
"pooled_lasso_state_interactions","1se",5,2022,"Florida","FL","FL-602","Charlotte County CoC",2021,2022,7.28647669312117,14.8248831650403,-7.53840647191911
"pooled_lasso_state_interactions","1se",5,2022,"Florida","FL","FL-603","Ft Myers, Cape Coral/Lee County CoC",2021,2022,6.76280313359314,3.998975937805,2.76382719578814
"pooled_lasso_state_interactions","1se",5,2022,"Florida","FL","FL-604","Monroe County CoC",2021,2022,63.6064622230821,64.8189670369753,-1.21250481389321
"pooled_lasso_state_interactions","1se",5,2022,"Florida","FL","FL-605","West Palm Beach/Palm Beach County CoC",2021,2022,9.15773613457437,5.70207973773365,3.45565639684072
"pooled_lasso_state_interactions","1se",5,2022,"Florida","FL","FL-606","Naples/Collier County CoC",2021,2022,11.5072505641542,11.1967816836977,0.310468880456451
"separate_lasso_CA","min",5,2022,"California","CA","CA-500","San Jose/Santa Clara City & County CoC",2021,2022,53.3361416184126,40.2790516272163,13.0570899911963
"separate_lasso_CA","min",5,2022,"California","CA","CA-501","San Francisco CoC",2021,2022,95.3439588031468,80.5999028486371,14.7440559545097
"separate_lasso_CA","min",5,2022,"California","CA","CA-502","Oakland, Berkeley/Alameda County CoC",2021,2022,59.6826477615486,58.8565766492786,0.826071112270036
"separate_lasso_CA","min",5,2022,"California","CA","CA-503","Sacramento City & County CoC",2021,2022,58.3996923284155,50.7052546339324,7.69443769448309
"separate_lasso_CA","min",5,2022,"California","CA","CA-504","Santa Rosa, Petaluma/Sonoma County CoC",2021,2022,59.8672284349676,74.0229980147584,-14.1557695797908
"separate_lasso_CA","min",5,2022,"California","CA","CA-505","Contra Costa County CoC",2021,2022,26.6600469072018,24.2523174964179,2.4077294107839
"separate_lasso_CA","min",5,2022,"California","CA","CA-506","Salinas/Monterey, San Benito Counties CoC",2021,2022,47.7402801663363,59.878176231224,-12.1378960648877
"separate_lasso_CA","min",5,2022,"California","CA","CA-507","Marin County CoC",2021,2022,43.6122285420833,54.9014049762379,-11.2891764341546
"separate_lasso_CA","min",5,2022,"California","CA","CA-508","Watsonville/Santa Cruz City & County CoC",2021,2022,86.4981601739746,79.3181488965087,7.18001127746587
"separate_lasso_CA","min",5,2022,"California","CA","CA-509","Mendocino County CoC",2021,2022,92.1884198016283,113.774867973666,-21.5864481720374
"separate_lasso_CA","min",5,2022,"California","CA","CA-510","Turlock, Modesto/Stanislaus County CoC",2021,2022,33.6137191761109,37.500063099462,-3.88634392335114
"separate_lasso_CA","min",5,2022,"California","CA","CA-511","Stockton/San Joaquin County CoC",2021,2022,29.1535660003294,42.0601418578649,-12.9065758575355
"separate_lasso_CA","min",5,2022,"California","CA","CA-512","Daly City/San Mateo County CoC",2021,2022,24.6911894243047,36.8384687538206,-12.1472793295159
"separate_lasso_CA","min",5,2022,"California","CA","CA-513","Visalia/Kings, Tulare Counties CoC",2021,2022,19.578313253012,22.8651138861529,-3.28680063314085
"separate_lasso_CA","min",5,2022,"California","CA","CA-514","Fresno City & County/Madera County CoC",2021,2022,35.7819710128691,28.321176887547,7.46079412532213
"separate_lasso_CA","min",5,2022,"California","CA","CA-515","Roseville, Rocklin/Placer County CoC",2021,2022,17.922474544112,25.8584504175639,-7.9359758734519
"separate_lasso_CA","min",5,2022,"California","CA","CA-516","Redding/Shasta, Siskiyou, Lassen, Plumas, Del Norte, Modoc, Sierra Counties CoC",2021,2022,58.7420816505342,58.5671902979415,0.174891352592716
"separate_lasso_CA","min",5,2022,"California","CA","CA-517","Napa City & County CoC",2021,2022,36.8032476077889,54.0250358759431,-17.2217882681542
"separate_lasso_CA","min",5,2022,"California","CA","CA-518","Vallejo/Solano County CoC",2021,2022,26.2086197238203,36.3367515271675,-10.1281318033472
"separate_lasso_CA","min",5,2022,"California","CA","CA-519","Chico, Paradise/Butte County CoC",2021,2022,48.5258933395076,90.7265703542909,-42.2006770147833
"separate_lasso_CA","min",5,2022,"California","CA","CA-520","Merced City & County CoC",2021,2022,29.302799017071,40.2607580274243,-10.9579590103533
"separate_lasso_CA","min",5,2022,"California","CA","CA-521","Davis, Woodland/Yolo County CoC",2021,2022,33.4748310553098,47.7290835529541,-14.2542524976443
"separate_lasso_CA","min",5,2022,"California","CA","CA-522","Humboldt County CoC",2021,2022,122.093066328836,87.9145465425504,34.1785197862856
"separate_lasso_CA","min",5,2022,"California","CA","CA-523","Colusa, Glenn, Trinity Counties CoC",2021,2022,51.4348819266902,43.5950447624137,7.8398371642765
"separate_lasso_CA","min",5,2022,"California","CA","CA-524","Yuba City & County/Sutter County CoC",2021,2022,59.7775009289008,73.3306051885682,-13.5531042596674
"separate_lasso_CA","min",5,2022,"California","CA","CA-525","El Dorado County CoC",2021,2022,26.4884870978778,27.5394214780935,-1.05093438021571
"separate_lasso_CA","min",5,2022,"California","CA","CA-526","Amador, Calaveras, Mariposa, Tuolumne Counties CoC",2021,2022,39.2926073316862,53.1383662650033,-13.8457589333171
"separate_lasso_CA","min",5,2022,"California","CA","CA-527","Tehama County CoC",2021,2022,44.5553650171485,33.8336770312088,10.7216879859398
"separate_lasso_CA","min",5,2022,"California","CA","CA-529","Lake County CoC",2021,2022,49.6550511930395,78.6076845765246,-28.9526333834851
"separate_lasso_CA","min",5,2022,"California","CA","CA-530","Alpine, Inyo, Mono Counties CoC",2021,2022,42.7180911115858,74.4157359141311,-31.6976448025453
"separate_lasso_CA","min",5,2022,"California","CA","CA-531","Nevada County CoC",2021,2022,51.4764058333415,66.208284495728,-14.7318786623864
"separate_lasso_CA","min",5,2022,"California","CA","CA-600","Los Angeles City & County CoC",2021,2022,72.6062334713274,73.7093302505722,-1.10309677924477
"separate_lasso_CA","min",5,2022,"California","CA","CA-601","San Diego City and County CoC",2021,2022,25.6992109698761,61.33916474194,-35.6399537720639
"separate_lasso_CA","min",5,2022,"California","CA","CA-602","Santa Ana, Anaheim/Orange County CoC",2021,2022,18.11642416385,24.6839312259493,-6.56750706209926
"separate_lasso_CA","min",5,2022,"California","CA","CA-603","Santa Maria/Santa Barbara County CoC",2021,2022,44.0501929721756,66.9236540670229,-22.8734610948473
"separate_lasso_CA","min",5,2022,"California","CA","CA-604","Bakersfield/Kern County CoC",2021,2022,17.4795054706599,50.8603600330743,-33.3808545624144
"separate_lasso_CA","min",5,2022,"California","CA","CA-606","Long Beach CoC",2021,2022,72.5030825259475,73.4626547240441,-0.959572198096552
"separate_lasso_CA","min",5,2022,"California","CA","CA-607","Pasadena CoC",2021,2022,37.466091400093,68.4663470566714,-31.0002556565784
"separate_lasso_CA","min",5,2022,"California","CA","CA-608","Riverside City & County CoC",2021,2022,13.3745324862796,20.1968649902275,-6.82233250394788
"separate_lasso_CA","min",5,2022,"California","CA","CA-609","San Bernardino City & County CoC",2021,2022,15.1757504893531,23.5343133339457,-8.35856284459261
"separate_lasso_CA","min",5,2022,"California","CA","CA-611","Oxnard, San Buenaventura/Ventura County CoC",2021,2022,26.9326384520921,40.2058856125144,-13.2732471604223
"separate_lasso_CA","min",5,2022,"California","CA","CA-612","Glendale CoC",2021,2022,11.868440325742,38.8723621323137,-27.0039218065717
"separate_lasso_CA","min",5,2022,"California","CA","CA-613","Imperial County CoC",2021,2022,58.9117215933475,55.0465865043398,3.86513508900769
"separate_lasso_CA","min",5,2022,"California","CA","CA-614","San Luis Obispo County CoC",2021,2022,51.2118607801321,57.0894578356457,-5.87759705551358
"separate_lasso_CA","1se",5,2022,"California","CA","CA-500","San Jose/Santa Clara City & County CoC",2021,2022,53.3361416184126,37.5450454845749,15.7910961338377
"separate_lasso_CA","1se",5,2022,"California","CA","CA-501","San Francisco CoC",2021,2022,95.3439588031468,86.9021952967891,8.44176350635773
"separate_lasso_CA","1se",5,2022,"California","CA","CA-502","Oakland, Berkeley/Alameda County CoC",2021,2022,59.6826477615486,55.4914141445451,4.19123361700348
"separate_lasso_CA","1se",5,2022,"California","CA","CA-503","Sacramento City & County CoC",2021,2022,58.3996923284155,45.0020889164889,13.3976034119266
"separate_lasso_CA","1se",5,2022,"California","CA","CA-504","Santa Rosa, Petaluma/Sonoma County CoC",2021,2022,59.8672284349676,62.6312216361681,-2.76399320120048
"separate_lasso_CA","1se",5,2022,"California","CA","CA-505","Contra Costa County CoC",2021,2022,26.6600469072018,28.047390029039,-1.38734312183716
"separate_lasso_CA","1se",5,2022,"California","CA","CA-506","Salinas/Monterey, San Benito Counties CoC",2021,2022,47.7402801663363,52.3440410858391,-4.60376091950278
"separate_lasso_CA","1se",5,2022,"California","CA","CA-507","Marin County CoC",2021,2022,43.6122285420833,50.0664577306314,-6.45422918854808
"separate_lasso_CA","1se",5,2022,"California","CA","CA-508","Watsonville/Santa Cruz City & County CoC",2021,2022,86.4981601739746,68.1686990091193,18.3294611648553
"separate_lasso_CA","1se",5,2022,"California","CA","CA-509","Mendocino County CoC",2021,2022,92.1884198016283,92.6068557211524,-0.418435919524057
"separate_lasso_CA","1se",5,2022,"California","CA","CA-510","Turlock, Modesto/Stanislaus County CoC",2021,2022,33.6137191761109,35.0969070706958,-1.48318789458487
"separate_lasso_CA","1se",5,2022,"California","CA","CA-511","Stockton/San Joaquin County CoC",2021,2022,29.1535660003294,42.3314891501933,-13.1779231498639
"separate_lasso_CA","1se",5,2022,"California","CA","CA-512","Daly City/San Mateo County CoC",2021,2022,24.6911894243047,37.1754854191937,-12.484295994889
"separate_lasso_CA","1se",5,2022,"California","CA","CA-513","Visalia/Kings, Tulare Counties CoC",2021,2022,19.578313253012,24.3908043377907,-4.81249108477872
"separate_lasso_CA","1se",5,2022,"California","CA","CA-514","Fresno City & County/Madera County CoC",2021,2022,35.7819710128691,28.3317559025563,7.45021511031278
"separate_lasso_CA","1se",5,2022,"California","CA","CA-515","Roseville, Rocklin/Placer County CoC",2021,2022,17.922474544112,30.955681593208,-13.033207049096
"separate_lasso_CA","1se",5,2022,"California","CA","CA-516","Redding/Shasta, Siskiyou, Lassen, Plumas, Del Norte, Modoc, Sierra Counties CoC",2021,2022,58.7420816505342,68.7374498673287,-9.99536821679446
"separate_lasso_CA","1se",5,2022,"California","CA","CA-517","Napa City & County CoC",2021,2022,36.8032476077889,52.8986454721761,-16.0953978643872
"separate_lasso_CA","1se",5,2022,"California","CA","CA-518","Vallejo/Solano County CoC",2021,2022,26.2086197238203,34.9525115992086,-8.7438918753883
"separate_lasso_CA","1se",5,2022,"California","CA","CA-519","Chico, Paradise/Butte County CoC",2021,2022,48.5258933395076,82.0791754730437,-33.5532821335361
"separate_lasso_CA","1se",5,2022,"California","CA","CA-520","Merced City & County CoC",2021,2022,29.302799017071,40.1625749565095,-10.8597759394385
"separate_lasso_CA","1se",5,2022,"California","CA","CA-521","Davis, Woodland/Yolo County CoC",2021,2022,33.4748310553098,45.8637884163577,-12.3889573610479
"separate_lasso_CA","1se",5,2022,"California","CA","CA-522","Humboldt County CoC",2021,2022,122.093066328836,79.096112027761,42.996954301075
"separate_lasso_CA","1se",5,2022,"California","CA","CA-523","Colusa, Glenn, Trinity Counties CoC",2021,2022,51.4348819266902,48.7825617594906,2.65232016719964
"separate_lasso_CA","1se",5,2022,"California","CA","CA-524","Yuba City & County/Sutter County CoC",2021,2022,59.7775009289008,74.3094314584555,-14.5319305295547
"separate_lasso_CA","1se",5,2022,"California","CA","CA-525","El Dorado County CoC",2021,2022,26.4884870978778,32.2680925758782,-5.77960547800043
"separate_lasso_CA","1se",5,2022,"California","CA","CA-526","Amador, Calaveras, Mariposa, Tuolumne Counties CoC",2021,2022,39.2926073316862,51.6846148594066,-12.3920075277204
"separate_lasso_CA","1se",5,2022,"California","CA","CA-527","Tehama County CoC",2021,2022,44.5553650171485,38.5665120569232,5.9888529602253
"separate_lasso_CA","1se",5,2022,"California","CA","CA-529","Lake County CoC",2021,2022,49.6550511930395,63.3517349916689,-13.6966837986294
"separate_lasso_CA","1se",5,2022,"California","CA","CA-530","Alpine, Inyo, Mono Counties CoC",2021,2022,42.7180911115858,65.628656899077,-22.9105657874912
"separate_lasso_CA","1se",5,2022,"California","CA","CA-531","Nevada County CoC",2021,2022,51.4764058333415,60.3874190290314,-8.91101319568994
"separate_lasso_CA","1se",5,2022,"California","CA","CA-600","Los Angeles City & County CoC",2021,2022,72.6062334713274,61.750900418699,10.8553330526283
"separate_lasso_CA","1se",5,2022,"California","CA","CA-601","San Diego City and County CoC",2021,2022,25.6992109698761,50.6231920975894,-24.9239811277133
"separate_lasso_CA","1se",5,2022,"California","CA","CA-602","Santa Ana, Anaheim/Orange County CoC",2021,2022,18.11642416385,29.3747760113553,-11.2583518475053
"separate_lasso_CA","1se",5,2022,"California","CA","CA-603","Santa Maria/Santa Barbara County CoC",2021,2022,44.0501929721756,55.2376176865036,-11.187424714328
"separate_lasso_CA","1se",5,2022,"California","CA","CA-604","Bakersfield/Kern County CoC",2021,2022,17.4795054706599,41.1371110316063,-23.6576055609464
"separate_lasso_CA","1se",5,2022,"California","CA","CA-606","Long Beach CoC",2021,2022,72.5030825259475,65.632992490802,6.87009003514551
"separate_lasso_CA","1se",5,2022,"California","CA","CA-607","Pasadena CoC",2021,2022,37.466091400093,57.7891498181441,-20.3230584180511
"separate_lasso_CA","1se",5,2022,"California","CA","CA-608","Riverside City & County CoC",2021,2022,13.3745324862796,22.1153628530624,-8.7408303667828
"separate_lasso_CA","1se",5,2022,"California","CA","CA-609","San Bernardino City & County CoC",2021,2022,15.1757504893531,21.6639448686233,-6.48819437927021
"separate_lasso_CA","1se",5,2022,"California","CA","CA-611","Oxnard, San Buenaventura/Ventura County CoC",2021,2022,26.9326384520921,36.6743018563763,-9.74166340428425
"separate_lasso_CA","1se",5,2022,"California","CA","CA-612","Glendale CoC",2021,2022,11.868440325742,38.5008398742621,-26.6323995485201
"separate_lasso_CA","1se",5,2022,"California","CA","CA-613","Imperial County CoC",2021,2022,58.9117215933475,47.493946537569,11.4177750557785
"separate_lasso_CA","1se",5,2022,"California","CA","CA-614","San Luis Obispo County CoC",2021,2022,51.2118607801321,47.1054015846411,4.10645919549101
"separate_lasso_FL","min",5,2022,"Florida","FL","FL-500","Sarasota, Bradenton/Manatee, Sarasota Counties CoC",2021,2022,12.7081688511391,-5.17260666274628,17.8807755138854
"separate_lasso_FL","min",5,2022,"Florida","FL","FL-501","Tampa/Hillsborough County CoC",2021,2022,9.91975683810865,-3.85200857642428,13.7717654145329
"separate_lasso_FL","min",5,2022,"Florida","FL","FL-502","St. Petersburg, Clearwater, Largo/Pinellas County CoC",2021,2022,20.5806970687281,14.2762886162636,6.30440845246448
"separate_lasso_FL","min",5,2022,"Florida","FL","FL-503","Lakeland/Polk County CoC",2021,2022,6.39861607797713,-5.29552325476247,11.6941393327396
"separate_lasso_FL","min",5,2022,"Florida","FL","FL-504","Deltona, Daytona Beach/Volusia, Flagler Counties CoC",2021,2022,12.2257509649863,-1.33720620388925,13.5629571688755
"separate_lasso_FL","min",5,2022,"Florida","FL","FL-505","Fort Walton Beach/Okaloosa, Walton Counties CoC",2021,2022,13.412990298048,13.8139487398332,-0.400958441785201
"separate_lasso_FL","min",5,2022,"Florida","FL","FL-506","Tallahassee/Leon County CoC",2021,2022,13.692247663593,10.247040534313,3.44520712927995
"separate_lasso_FL","min",5,2022,"Florida","FL","FL-507","Orlando/Orange, Osceola, Seminole Counties CoC",2021,2022,9.05458894228847,-12.4126213925131,21.4672103348016
"separate_lasso_FL","min",5,2022,"Florida","FL","FL-508","Gainesville/Alachua, Putnam Counties CoC",2021,2022,19.4522461756038,17.9014075377857,1.55083863781807
"separate_lasso_FL","min",5,2022,"Florida","FL","FL-509","Fort Pierce/St. Lucie, Indian River, Martin Counties CoC",2021,2022,12.2479470935013,-1.74817528757051,13.9961223810718
"separate_lasso_FL","min",5,2022,"Florida","FL","FL-510","Jacksonville-Duval, Clay Counties CoC",2021,2022,9.39554976294391,-5.37432961843711,14.769879381381
"separate_lasso_FL","min",5,2022,"Florida","FL","FL-511","Pensacola/Escambia, Santa Rosa Counties CoC",2021,2022,13.8871909288181,0.777397702343882,13.1097932264742
"separate_lasso_FL","min",5,2022,"Florida","FL","FL-512","St. Johns County CoC",2021,2022,11.3442441775423,7.73605871827501,3.60818545926729
"separate_lasso_FL","min",5,2022,"Florida","FL","FL-513","Palm Bay, Melbourne/Brevard County CoC",2021,2022,14.4975017132692,-1.37239400945325,15.8698957227225
"separate_lasso_FL","min",5,2022,"Florida","FL","FL-514","Ocala/Marion County CoC",2021,2022,11.4587924195681,5.5646819001516,5.8941105194165
"separate_lasso_FL","min",5,2022,"Florida","FL","FL-515","Panama City/Bay, Jackson Counties CoC",2021,2022,12.2666735896571,6.82049408850936,5.44617950114774
"separate_lasso_FL","min",5,2022,"Florida","FL","FL-517","Hendry, Hardee, Highlands Counties CoC",2021,2022,24.8165484380846,13.8669123647176,10.949636073367
"separate_lasso_FL","min",5,2022,"Florida","FL","FL-518","Columbia, Hamilton, Lafayette, Suwannee Counties CoC",2021,2022,30.7522790128968,24.7495957676039,6.00268324529291
"separate_lasso_FL","min",5,2022,"Florida","FL","FL-519","Pasco County CoC",2021,2022,9.64947345657573,2.71282009753272,6.93665335904301
"separate_lasso_FL","min",5,2022,"Florida","FL","FL-520","Citrus, Hernando, Lake, Sumter Counties CoC",2021,2022,8.05144277531611,-9.97465731608553,18.0261000914016
"separate_lasso_FL","min",5,2022,"Florida","FL","FL-600","Miami-Dade County CoC",2021,2022,11.9825660248166,0.82230096416118,11.1602650606554
"separate_lasso_FL","min",5,2022,"Florida","FL","FL-601","Ft Lauderdale/Broward County CoC",2021,2022,10.4457338026285,-9.41708252905656,19.8628163316851
"separate_lasso_FL","min",5,2022,"Florida","FL","FL-602","Charlotte County CoC",2021,2022,7.28647669312117,11.1781816327549,-3.89170493963371
"separate_lasso_FL","min",5,2022,"Florida","FL","FL-603","Ft Myers, Cape Coral/Lee County CoC",2021,2022,6.76280313359314,-4.12934918241267,10.8921523160058
"separate_lasso_FL","min",5,2022,"Florida","FL","FL-604","Monroe County CoC",2021,2022,63.6064622230821,51.5981033483953,12.0083588746868
"separate_lasso_FL","min",5,2022,"Florida","FL","FL-605","West Palm Beach/Palm Beach County CoC",2021,2022,9.15773613457437,-6.58619641228409,15.7439325468585
"separate_lasso_FL","min",5,2022,"Florida","FL","FL-606","Naples/Collier County CoC",2021,2022,11.5072505641542,2.69328326399494,8.81396730015926
"separate_lasso_FL","1se",5,2022,"Florida","FL","FL-500","Sarasota, Bradenton/Manatee, Sarasota Counties CoC",2021,2022,12.7081688511391,3.24673513576166,9.46143371537744
"separate_lasso_FL","1se",5,2022,"Florida","FL","FL-501","Tampa/Hillsborough County CoC",2021,2022,9.91975683810865,-0.657480605405346,10.577237443514
"separate_lasso_FL","1se",5,2022,"Florida","FL","FL-502","St. Petersburg, Clearwater, Largo/Pinellas County CoC",2021,2022,20.5806970687281,6.14857610462516,14.4321209641029
"separate_lasso_FL","1se",5,2022,"Florida","FL","FL-503","Lakeland/Polk County CoC",2021,2022,6.39861607797713,3.7434337075635,2.65518237041364
"separate_lasso_FL","1se",5,2022,"Florida","FL","FL-504","Deltona, Daytona Beach/Volusia, Flagler Counties CoC",2021,2022,12.2257509649863,5.44688383673922,6.77886712824708
"separate_lasso_FL","1se",5,2022,"Florida","FL","FL-505","Fort Walton Beach/Okaloosa, Walton Counties CoC",2021,2022,13.412990298048,11.6288781744148,1.78411212363323
"separate_lasso_FL","1se",5,2022,"Florida","FL","FL-506","Tallahassee/Leon County CoC",2021,2022,13.692247663593,9.45667285737606,4.23557480621693
"separate_lasso_FL","1se",5,2022,"Florida","FL","FL-507","Orlando/Orange, Osceola, Seminole Counties CoC",2021,2022,9.05458894228847,-4.79087213102026,13.8454610733087
"separate_lasso_FL","1se",5,2022,"Florida","FL","FL-508","Gainesville/Alachua, Putnam Counties CoC",2021,2022,19.4522461756038,11.7618706146695,7.69037556093432
"separate_lasso_FL","1se",5,2022,"Florida","FL","FL-509","Fort Pierce/St. Lucie, Indian River, Martin Counties CoC",2021,2022,12.2479470935013,4.2155736223155,8.0323734711858
"separate_lasso_FL","1se",5,2022,"Florida","FL","FL-510","Jacksonville-Duval, Clay Counties CoC",2021,2022,9.39554976294391,0.567728190329374,8.82782157261454
"separate_lasso_FL","1se",5,2022,"Florida","FL","FL-511","Pensacola/Escambia, Santa Rosa Counties CoC",2021,2022,13.8871909288181,6.61963725874281,7.26755367007529
"separate_lasso_FL","1se",5,2022,"Florida","FL","FL-512","St. Johns County CoC",2021,2022,11.3442441775423,10.706266308752,0.637977868790291
"separate_lasso_FL","1se",5,2022,"Florida","FL","FL-513","Palm Bay, Melbourne/Brevard County CoC",2021,2022,14.4975017132692,5.86416553626102,8.63333617700818
"separate_lasso_FL","1se",5,2022,"Florida","FL","FL-514","Ocala/Marion County CoC",2021,2022,11.4587924195681,9.3516225561409,2.1071698634272
"separate_lasso_FL","1se",5,2022,"Florida","FL","FL-515","Panama City/Bay, Jackson Counties CoC",2021,2022,12.2666735896571,10.5188309283648,1.74784266129235
"separate_lasso_FL","1se",5,2022,"Florida","FL","FL-517","Hendry, Hardee, Highlands Counties CoC",2021,2022,24.8165484380846,11.8050541311193,13.0114943069653
"separate_lasso_FL","1se",5,2022,"Florida","FL","FL-518","Columbia, Hamilton, Lafayette, Suwannee Counties CoC",2021,2022,30.7522790128968,17.6374429257379,13.1148360871589
"separate_lasso_FL","1se",5,2022,"Florida","FL","FL-519","Pasco County CoC",2021,2022,9.64947345657573,6.09281175580478,3.55666170077095
"separate_lasso_FL","1se",5,2022,"Florida","FL","FL-520","Citrus, Hernando, Lake, Sumter Counties CoC",2021,2022,8.05144277531611,1.20490659605762,6.84653617925849
"separate_lasso_FL","1se",5,2022,"Florida","FL","FL-600","Miami-Dade County CoC",2021,2022,11.9825660248166,-3.5134239918141,15.4959900166307
"separate_lasso_FL","1se",5,2022,"Florida","FL","FL-601","Ft Lauderdale/Broward County CoC",2021,2022,10.4457338026285,-4.17722422522646,14.622958027855
"separate_lasso_FL","1se",5,2022,"Florida","FL","FL-602","Charlotte County CoC",2021,2022,7.28647669312117,14.4484733910338,-7.16199669791263
"separate_lasso_FL","1se",5,2022,"Florida","FL","FL-603","Ft Myers, Cape Coral/Lee County CoC",2021,2022,6.76280313359314,2.8333626056266,3.92944052796654
"separate_lasso_FL","1se",5,2022,"Florida","FL","FL-604","Monroe County CoC",2021,2022,63.6064622230821,33.9225937347356,29.6838684883465
"separate_lasso_FL","1se",5,2022,"Florida","FL","FL-605","West Palm Beach/Palm Beach County CoC",2021,2022,9.15773613457437,-1.71761502463741,10.8753511592118
"separate_lasso_FL","1se",5,2022,"Florida","FL","FL-606","Naples/Collier County CoC",2021,2022,11.5072505641542,9.75186073099971,1.75538983315449
"separate_state_lasso","min",5,2022,"California","CA","CA-500","San Jose/Santa Clara City & County CoC",2021,2022,53.3361416184126,40.2790516272163,13.0570899911963
"separate_state_lasso","min",5,2022,"California","CA","CA-501","San Francisco CoC",2021,2022,95.3439588031468,80.5999028486371,14.7440559545097
"separate_state_lasso","min",5,2022,"California","CA","CA-502","Oakland, Berkeley/Alameda County CoC",2021,2022,59.6826477615486,58.8565766492786,0.826071112270036
"separate_state_lasso","min",5,2022,"California","CA","CA-503","Sacramento City & County CoC",2021,2022,58.3996923284155,50.7052546339324,7.69443769448309
"separate_state_lasso","min",5,2022,"California","CA","CA-504","Santa Rosa, Petaluma/Sonoma County CoC",2021,2022,59.8672284349676,74.0229980147584,-14.1557695797908
"separate_state_lasso","min",5,2022,"California","CA","CA-505","Contra Costa County CoC",2021,2022,26.6600469072018,24.2523174964179,2.4077294107839
"separate_state_lasso","min",5,2022,"California","CA","CA-506","Salinas/Monterey, San Benito Counties CoC",2021,2022,47.7402801663363,59.878176231224,-12.1378960648877
"separate_state_lasso","min",5,2022,"California","CA","CA-507","Marin County CoC",2021,2022,43.6122285420833,54.9014049762379,-11.2891764341546
"separate_state_lasso","min",5,2022,"California","CA","CA-508","Watsonville/Santa Cruz City & County CoC",2021,2022,86.4981601739746,79.3181488965087,7.18001127746587
"separate_state_lasso","min",5,2022,"California","CA","CA-509","Mendocino County CoC",2021,2022,92.1884198016283,113.774867973666,-21.5864481720374
"separate_state_lasso","min",5,2022,"California","CA","CA-510","Turlock, Modesto/Stanislaus County CoC",2021,2022,33.6137191761109,37.500063099462,-3.88634392335114
"separate_state_lasso","min",5,2022,"California","CA","CA-511","Stockton/San Joaquin County CoC",2021,2022,29.1535660003294,42.0601418578649,-12.9065758575355
"separate_state_lasso","min",5,2022,"California","CA","CA-512","Daly City/San Mateo County CoC",2021,2022,24.6911894243047,36.8384687538206,-12.1472793295159
"separate_state_lasso","min",5,2022,"California","CA","CA-513","Visalia/Kings, Tulare Counties CoC",2021,2022,19.578313253012,22.8651138861529,-3.28680063314085
"separate_state_lasso","min",5,2022,"California","CA","CA-514","Fresno City & County/Madera County CoC",2021,2022,35.7819710128691,28.321176887547,7.46079412532213
"separate_state_lasso","min",5,2022,"California","CA","CA-515","Roseville, Rocklin/Placer County CoC",2021,2022,17.922474544112,25.8584504175639,-7.9359758734519
"separate_state_lasso","min",5,2022,"California","CA","CA-516","Redding/Shasta, Siskiyou, Lassen, Plumas, Del Norte, Modoc, Sierra Counties CoC",2021,2022,58.7420816505342,58.5671902979415,0.174891352592716
"separate_state_lasso","min",5,2022,"California","CA","CA-517","Napa City & County CoC",2021,2022,36.8032476077889,54.0250358759431,-17.2217882681542
"separate_state_lasso","min",5,2022,"California","CA","CA-518","Vallejo/Solano County CoC",2021,2022,26.2086197238203,36.3367515271675,-10.1281318033472
"separate_state_lasso","min",5,2022,"California","CA","CA-519","Chico, Paradise/Butte County CoC",2021,2022,48.5258933395076,90.7265703542909,-42.2006770147833
"separate_state_lasso","min",5,2022,"California","CA","CA-520","Merced City & County CoC",2021,2022,29.302799017071,40.2607580274243,-10.9579590103533
"separate_state_lasso","min",5,2022,"California","CA","CA-521","Davis, Woodland/Yolo County CoC",2021,2022,33.4748310553098,47.7290835529541,-14.2542524976443
"separate_state_lasso","min",5,2022,"California","CA","CA-522","Humboldt County CoC",2021,2022,122.093066328836,87.9145465425504,34.1785197862856
"separate_state_lasso","min",5,2022,"California","CA","CA-523","Colusa, Glenn, Trinity Counties CoC",2021,2022,51.4348819266902,43.5950447624137,7.8398371642765
"separate_state_lasso","min",5,2022,"California","CA","CA-524","Yuba City & County/Sutter County CoC",2021,2022,59.7775009289008,73.3306051885682,-13.5531042596674
"separate_state_lasso","min",5,2022,"California","CA","CA-525","El Dorado County CoC",2021,2022,26.4884870978778,27.5394214780935,-1.05093438021571
"separate_state_lasso","min",5,2022,"California","CA","CA-526","Amador, Calaveras, Mariposa, Tuolumne Counties CoC",2021,2022,39.2926073316862,53.1383662650033,-13.8457589333171
"separate_state_lasso","min",5,2022,"California","CA","CA-527","Tehama County CoC",2021,2022,44.5553650171485,33.8336770312088,10.7216879859398
"separate_state_lasso","min",5,2022,"California","CA","CA-529","Lake County CoC",2021,2022,49.6550511930395,78.6076845765246,-28.9526333834851
"separate_state_lasso","min",5,2022,"California","CA","CA-530","Alpine, Inyo, Mono Counties CoC",2021,2022,42.7180911115858,74.4157359141311,-31.6976448025453
"separate_state_lasso","min",5,2022,"California","CA","CA-531","Nevada County CoC",2021,2022,51.4764058333415,66.208284495728,-14.7318786623864
"separate_state_lasso","min",5,2022,"California","CA","CA-600","Los Angeles City & County CoC",2021,2022,72.6062334713274,73.7093302505722,-1.10309677924477
"separate_state_lasso","min",5,2022,"California","CA","CA-601","San Diego City and County CoC",2021,2022,25.6992109698761,61.33916474194,-35.6399537720639
"separate_state_lasso","min",5,2022,"California","CA","CA-602","Santa Ana, Anaheim/Orange County CoC",2021,2022,18.11642416385,24.6839312259493,-6.56750706209926
"separate_state_lasso","min",5,2022,"California","CA","CA-603","Santa Maria/Santa Barbara County CoC",2021,2022,44.0501929721756,66.9236540670229,-22.8734610948473
"separate_state_lasso","min",5,2022,"California","CA","CA-604","Bakersfield/Kern County CoC",2021,2022,17.4795054706599,50.8603600330743,-33.3808545624144
"separate_state_lasso","min",5,2022,"California","CA","CA-606","Long Beach CoC",2021,2022,72.5030825259475,73.4626547240441,-0.959572198096552
"separate_state_lasso","min",5,2022,"California","CA","CA-607","Pasadena CoC",2021,2022,37.466091400093,68.4663470566714,-31.0002556565784
"separate_state_lasso","min",5,2022,"California","CA","CA-608","Riverside City & County CoC",2021,2022,13.3745324862796,20.1968649902275,-6.82233250394788
"separate_state_lasso","min",5,2022,"California","CA","CA-609","San Bernardino City & County CoC",2021,2022,15.1757504893531,23.5343133339457,-8.35856284459261
"separate_state_lasso","min",5,2022,"California","CA","CA-611","Oxnard, San Buenaventura/Ventura County CoC",2021,2022,26.9326384520921,40.2058856125144,-13.2732471604223
"separate_state_lasso","min",5,2022,"California","CA","CA-612","Glendale CoC",2021,2022,11.868440325742,38.8723621323137,-27.0039218065717
"separate_state_lasso","min",5,2022,"California","CA","CA-613","Imperial County CoC",2021,2022,58.9117215933475,55.0465865043398,3.86513508900769
"separate_state_lasso","min",5,2022,"California","CA","CA-614","San Luis Obispo County CoC",2021,2022,51.2118607801321,57.0894578356457,-5.87759705551358
"separate_state_lasso","min",5,2022,"Florida","FL","FL-500","Sarasota, Bradenton/Manatee, Sarasota Counties CoC",2021,2022,12.7081688511391,-5.17260666274628,17.8807755138854
"separate_state_lasso","min",5,2022,"Florida","FL","FL-501","Tampa/Hillsborough County CoC",2021,2022,9.91975683810865,-3.85200857642428,13.7717654145329
"separate_state_lasso","min",5,2022,"Florida","FL","FL-502","St. Petersburg, Clearwater, Largo/Pinellas County CoC",2021,2022,20.5806970687281,14.2762886162636,6.30440845246448
"separate_state_lasso","min",5,2022,"Florida","FL","FL-503","Lakeland/Polk County CoC",2021,2022,6.39861607797713,-5.29552325476247,11.6941393327396
"separate_state_lasso","min",5,2022,"Florida","FL","FL-504","Deltona, Daytona Beach/Volusia, Flagler Counties CoC",2021,2022,12.2257509649863,-1.33720620388925,13.5629571688755
"separate_state_lasso","min",5,2022,"Florida","FL","FL-505","Fort Walton Beach/Okaloosa, Walton Counties CoC",2021,2022,13.412990298048,13.8139487398332,-0.400958441785201
"separate_state_lasso","min",5,2022,"Florida","FL","FL-506","Tallahassee/Leon County CoC",2021,2022,13.692247663593,10.247040534313,3.44520712927995
"separate_state_lasso","min",5,2022,"Florida","FL","FL-507","Orlando/Orange, Osceola, Seminole Counties CoC",2021,2022,9.05458894228847,-12.4126213925131,21.4672103348016
"separate_state_lasso","min",5,2022,"Florida","FL","FL-508","Gainesville/Alachua, Putnam Counties CoC",2021,2022,19.4522461756038,17.9014075377857,1.55083863781807
"separate_state_lasso","min",5,2022,"Florida","FL","FL-509","Fort Pierce/St. Lucie, Indian River, Martin Counties CoC",2021,2022,12.2479470935013,-1.74817528757051,13.9961223810718
"separate_state_lasso","min",5,2022,"Florida","FL","FL-510","Jacksonville-Duval, Clay Counties CoC",2021,2022,9.39554976294391,-5.37432961843711,14.769879381381
"separate_state_lasso","min",5,2022,"Florida","FL","FL-511","Pensacola/Escambia, Santa Rosa Counties CoC",2021,2022,13.8871909288181,0.777397702343882,13.1097932264742
"separate_state_lasso","min",5,2022,"Florida","FL","FL-512","St. Johns County CoC",2021,2022,11.3442441775423,7.73605871827501,3.60818545926729
"separate_state_lasso","min",5,2022,"Florida","FL","FL-513","Palm Bay, Melbourne/Brevard County CoC",2021,2022,14.4975017132692,-1.37239400945325,15.8698957227225
"separate_state_lasso","min",5,2022,"Florida","FL","FL-514","Ocala/Marion County CoC",2021,2022,11.4587924195681,5.5646819001516,5.8941105194165
"separate_state_lasso","min",5,2022,"Florida","FL","FL-515","Panama City/Bay, Jackson Counties CoC",2021,2022,12.2666735896571,6.82049408850936,5.44617950114774
"separate_state_lasso","min",5,2022,"Florida","FL","FL-517","Hendry, Hardee, Highlands Counties CoC",2021,2022,24.8165484380846,13.8669123647176,10.949636073367
"separate_state_lasso","min",5,2022,"Florida","FL","FL-518","Columbia, Hamilton, Lafayette, Suwannee Counties CoC",2021,2022,30.7522790128968,24.7495957676039,6.00268324529291
"separate_state_lasso","min",5,2022,"Florida","FL","FL-519","Pasco County CoC",2021,2022,9.64947345657573,2.71282009753272,6.93665335904301
"separate_state_lasso","min",5,2022,"Florida","FL","FL-520","Citrus, Hernando, Lake, Sumter Counties CoC",2021,2022,8.05144277531611,-9.97465731608553,18.0261000914016
"separate_state_lasso","min",5,2022,"Florida","FL","FL-600","Miami-Dade County CoC",2021,2022,11.9825660248166,0.82230096416118,11.1602650606554
"separate_state_lasso","min",5,2022,"Florida","FL","FL-601","Ft Lauderdale/Broward County CoC",2021,2022,10.4457338026285,-9.41708252905656,19.8628163316851
"separate_state_lasso","min",5,2022,"Florida","FL","FL-602","Charlotte County CoC",2021,2022,7.28647669312117,11.1781816327549,-3.89170493963371
"separate_state_lasso","min",5,2022,"Florida","FL","FL-603","Ft Myers, Cape Coral/Lee County CoC",2021,2022,6.76280313359314,-4.12934918241267,10.8921523160058
"separate_state_lasso","min",5,2022,"Florida","FL","FL-604","Monroe County CoC",2021,2022,63.6064622230821,51.5981033483953,12.0083588746868
"separate_state_lasso","min",5,2022,"Florida","FL","FL-605","West Palm Beach/Palm Beach County CoC",2021,2022,9.15773613457437,-6.58619641228409,15.7439325468585
"separate_state_lasso","min",5,2022,"Florida","FL","FL-606","Naples/Collier County CoC",2021,2022,11.5072505641542,2.69328326399494,8.81396730015926
"separate_state_lasso","1se",5,2022,"California","CA","CA-500","San Jose/Santa Clara City & County CoC",2021,2022,53.3361416184126,37.5450454845749,15.7910961338377
"separate_state_lasso","1se",5,2022,"California","CA","CA-501","San Francisco CoC",2021,2022,95.3439588031468,86.9021952967891,8.44176350635773
"separate_state_lasso","1se",5,2022,"California","CA","CA-502","Oakland, Berkeley/Alameda County CoC",2021,2022,59.6826477615486,55.4914141445451,4.19123361700348
"separate_state_lasso","1se",5,2022,"California","CA","CA-503","Sacramento City & County CoC",2021,2022,58.3996923284155,45.0020889164889,13.3976034119266
"separate_state_lasso","1se",5,2022,"California","CA","CA-504","Santa Rosa, Petaluma/Sonoma County CoC",2021,2022,59.8672284349676,62.6312216361681,-2.76399320120048
"separate_state_lasso","1se",5,2022,"California","CA","CA-505","Contra Costa County CoC",2021,2022,26.6600469072018,28.047390029039,-1.38734312183716
"separate_state_lasso","1se",5,2022,"California","CA","CA-506","Salinas/Monterey, San Benito Counties CoC",2021,2022,47.7402801663363,52.3440410858391,-4.60376091950278
"separate_state_lasso","1se",5,2022,"California","CA","CA-507","Marin County CoC",2021,2022,43.6122285420833,50.0664577306314,-6.45422918854808
"separate_state_lasso","1se",5,2022,"California","CA","CA-508","Watsonville/Santa Cruz City & County CoC",2021,2022,86.4981601739746,68.1686990091193,18.3294611648553
"separate_state_lasso","1se",5,2022,"California","CA","CA-509","Mendocino County CoC",2021,2022,92.1884198016283,92.6068557211524,-0.418435919524057
"separate_state_lasso","1se",5,2022,"California","CA","CA-510","Turlock, Modesto/Stanislaus County CoC",2021,2022,33.6137191761109,35.0969070706958,-1.48318789458487
"separate_state_lasso","1se",5,2022,"California","CA","CA-511","Stockton/San Joaquin County CoC",2021,2022,29.1535660003294,42.3314891501933,-13.1779231498639
"separate_state_lasso","1se",5,2022,"California","CA","CA-512","Daly City/San Mateo County CoC",2021,2022,24.6911894243047,37.1754854191937,-12.484295994889
"separate_state_lasso","1se",5,2022,"California","CA","CA-513","Visalia/Kings, Tulare Counties CoC",2021,2022,19.578313253012,24.3908043377907,-4.81249108477872
"separate_state_lasso","1se",5,2022,"California","CA","CA-514","Fresno City & County/Madera County CoC",2021,2022,35.7819710128691,28.3317559025563,7.45021511031278
"separate_state_lasso","1se",5,2022,"California","CA","CA-515","Roseville, Rocklin/Placer County CoC",2021,2022,17.922474544112,30.955681593208,-13.033207049096
"separate_state_lasso","1se",5,2022,"California","CA","CA-516","Redding/Shasta, Siskiyou, Lassen, Plumas, Del Norte, Modoc, Sierra Counties CoC",2021,2022,58.7420816505342,68.7374498673287,-9.99536821679446
"separate_state_lasso","1se",5,2022,"California","CA","CA-517","Napa City & County CoC",2021,2022,36.8032476077889,52.8986454721761,-16.0953978643872
"separate_state_lasso","1se",5,2022,"California","CA","CA-518","Vallejo/Solano County CoC",2021,2022,26.2086197238203,34.9525115992086,-8.7438918753883
"separate_state_lasso","1se",5,2022,"California","CA","CA-519","Chico, Paradise/Butte County CoC",2021,2022,48.5258933395076,82.0791754730437,-33.5532821335361
"separate_state_lasso","1se",5,2022,"California","CA","CA-520","Merced City & County CoC",2021,2022,29.302799017071,40.1625749565095,-10.8597759394385
"separate_state_lasso","1se",5,2022,"California","CA","CA-521","Davis, Woodland/Yolo County CoC",2021,2022,33.4748310553098,45.8637884163577,-12.3889573610479
"separate_state_lasso","1se",5,2022,"California","CA","CA-522","Humboldt County CoC",2021,2022,122.093066328836,79.096112027761,42.996954301075
"separate_state_lasso","1se",5,2022,"California","CA","CA-523","Colusa, Glenn, Trinity Counties CoC",2021,2022,51.4348819266902,48.7825617594906,2.65232016719964
"separate_state_lasso","1se",5,2022,"California","CA","CA-524","Yuba City & County/Sutter County CoC",2021,2022,59.7775009289008,74.3094314584555,-14.5319305295547
"separate_state_lasso","1se",5,2022,"California","CA","CA-525","El Dorado County CoC",2021,2022,26.4884870978778,32.2680925758782,-5.77960547800043
"separate_state_lasso","1se",5,2022,"California","CA","CA-526","Amador, Calaveras, Mariposa, Tuolumne Counties CoC",2021,2022,39.2926073316862,51.6846148594066,-12.3920075277204
"separate_state_lasso","1se",5,2022,"California","CA","CA-527","Tehama County CoC",2021,2022,44.5553650171485,38.5665120569232,5.9888529602253
"separate_state_lasso","1se",5,2022,"California","CA","CA-529","Lake County CoC",2021,2022,49.6550511930395,63.3517349916689,-13.6966837986294
"separate_state_lasso","1se",5,2022,"California","CA","CA-530","Alpine, Inyo, Mono Counties CoC",2021,2022,42.7180911115858,65.628656899077,-22.9105657874912
"separate_state_lasso","1se",5,2022,"California","CA","CA-531","Nevada County CoC",2021,2022,51.4764058333415,60.3874190290314,-8.91101319568994
"separate_state_lasso","1se",5,2022,"California","CA","CA-600","Los Angeles City & County CoC",2021,2022,72.6062334713274,61.750900418699,10.8553330526283
"separate_state_lasso","1se",5,2022,"California","CA","CA-601","San Diego City and County CoC",2021,2022,25.6992109698761,50.6231920975894,-24.9239811277133
"separate_state_lasso","1se",5,2022,"California","CA","CA-602","Santa Ana, Anaheim/Orange County CoC",2021,2022,18.11642416385,29.3747760113553,-11.2583518475053
"separate_state_lasso","1se",5,2022,"California","CA","CA-603","Santa Maria/Santa Barbara County CoC",2021,2022,44.0501929721756,55.2376176865036,-11.187424714328
"separate_state_lasso","1se",5,2022,"California","CA","CA-604","Bakersfield/Kern County CoC",2021,2022,17.4795054706599,41.1371110316063,-23.6576055609464
"separate_state_lasso","1se",5,2022,"California","CA","CA-606","Long Beach CoC",2021,2022,72.5030825259475,65.632992490802,6.87009003514551
"separate_state_lasso","1se",5,2022,"California","CA","CA-607","Pasadena CoC",2021,2022,37.466091400093,57.7891498181441,-20.3230584180511
"separate_state_lasso","1se",5,2022,"California","CA","CA-608","Riverside City & County CoC",2021,2022,13.3745324862796,22.1153628530624,-8.7408303667828
"separate_state_lasso","1se",5,2022,"California","CA","CA-609","San Bernardino City & County CoC",2021,2022,15.1757504893531,21.6639448686233,-6.48819437927021
"separate_state_lasso","1se",5,2022,"California","CA","CA-611","Oxnard, San Buenaventura/Ventura County CoC",2021,2022,26.9326384520921,36.6743018563763,-9.74166340428425
"separate_state_lasso","1se",5,2022,"California","CA","CA-612","Glendale CoC",2021,2022,11.868440325742,38.5008398742621,-26.6323995485201
"separate_state_lasso","1se",5,2022,"California","CA","CA-613","Imperial County CoC",2021,2022,58.9117215933475,47.493946537569,11.4177750557785
"separate_state_lasso","1se",5,2022,"California","CA","CA-614","San Luis Obispo County CoC",2021,2022,51.2118607801321,47.1054015846411,4.10645919549101
"separate_state_lasso","1se",5,2022,"Florida","FL","FL-500","Sarasota, Bradenton/Manatee, Sarasota Counties CoC",2021,2022,12.7081688511391,3.24673513576166,9.46143371537744
"separate_state_lasso","1se",5,2022,"Florida","FL","FL-501","Tampa/Hillsborough County CoC",2021,2022,9.91975683810865,-0.657480605405346,10.577237443514
"separate_state_lasso","1se",5,2022,"Florida","FL","FL-502","St. Petersburg, Clearwater, Largo/Pinellas County CoC",2021,2022,20.5806970687281,6.14857610462516,14.4321209641029
"separate_state_lasso","1se",5,2022,"Florida","FL","FL-503","Lakeland/Polk County CoC",2021,2022,6.39861607797713,3.7434337075635,2.65518237041364
"separate_state_lasso","1se",5,2022,"Florida","FL","FL-504","Deltona, Daytona Beach/Volusia, Flagler Counties CoC",2021,2022,12.2257509649863,5.44688383673922,6.77886712824708
"separate_state_lasso","1se",5,2022,"Florida","FL","FL-505","Fort Walton Beach/Okaloosa, Walton Counties CoC",2021,2022,13.412990298048,11.6288781744148,1.78411212363323
"separate_state_lasso","1se",5,2022,"Florida","FL","FL-506","Tallahassee/Leon County CoC",2021,2022,13.692247663593,9.45667285737606,4.23557480621693
"separate_state_lasso","1se",5,2022,"Florida","FL","FL-507","Orlando/Orange, Osceola, Seminole Counties CoC",2021,2022,9.05458894228847,-4.79087213102026,13.8454610733087
"separate_state_lasso","1se",5,2022,"Florida","FL","FL-508","Gainesville/Alachua, Putnam Counties CoC",2021,2022,19.4522461756038,11.7618706146695,7.69037556093432
"separate_state_lasso","1se",5,2022,"Florida","FL","FL-509","Fort Pierce/St. Lucie, Indian River, Martin Counties CoC",2021,2022,12.2479470935013,4.2155736223155,8.0323734711858
"separate_state_lasso","1se",5,2022,"Florida","FL","FL-510","Jacksonville-Duval, Clay Counties CoC",2021,2022,9.39554976294391,0.567728190329374,8.82782157261454
"separate_state_lasso","1se",5,2022,"Florida","FL","FL-511","Pensacola/Escambia, Santa Rosa Counties CoC",2021,2022,13.8871909288181,6.61963725874281,7.26755367007529
"separate_state_lasso","1se",5,2022,"Florida","FL","FL-512","St. Johns County CoC",2021,2022,11.3442441775423,10.706266308752,0.637977868790291
"separate_state_lasso","1se",5,2022,"Florida","FL","FL-513","Palm Bay, Melbourne/Brevard County CoC",2021,2022,14.4975017132692,5.86416553626102,8.63333617700818
"separate_state_lasso","1se",5,2022,"Florida","FL","FL-514","Ocala/Marion County CoC",2021,2022,11.4587924195681,9.3516225561409,2.1071698634272
"separate_state_lasso","1se",5,2022,"Florida","FL","FL-515","Panama City/Bay, Jackson Counties CoC",2021,2022,12.2666735896571,10.5188309283648,1.74784266129235
"separate_state_lasso","1se",5,2022,"Florida","FL","FL-517","Hendry, Hardee, Highlands Counties CoC",2021,2022,24.8165484380846,11.8050541311193,13.0114943069653
"separate_state_lasso","1se",5,2022,"Florida","FL","FL-518","Columbia, Hamilton, Lafayette, Suwannee Counties CoC",2021,2022,30.7522790128968,17.6374429257379,13.1148360871589
"separate_state_lasso","1se",5,2022,"Florida","FL","FL-519","Pasco County CoC",2021,2022,9.64947345657573,6.09281175580478,3.55666170077095
"separate_state_lasso","1se",5,2022,"Florida","FL","FL-520","Citrus, Hernando, Lake, Sumter Counties CoC",2021,2022,8.05144277531611,1.20490659605762,6.84653617925849
"separate_state_lasso","1se",5,2022,"Florida","FL","FL-600","Miami-Dade County CoC",2021,2022,11.9825660248166,-3.5134239918141,15.4959900166307
"separate_state_lasso","1se",5,2022,"Florida","FL","FL-601","Ft Lauderdale/Broward County CoC",2021,2022,10.4457338026285,-4.17722422522646,14.622958027855
"separate_state_lasso","1se",5,2022,"Florida","FL","FL-602","Charlotte County CoC",2021,2022,7.28647669312117,14.4484733910338,-7.16199669791263
"separate_state_lasso","1se",5,2022,"Florida","FL","FL-603","Ft Myers, Cape Coral/Lee County CoC",2021,2022,6.76280313359314,2.8333626056266,3.92944052796654
"separate_state_lasso","1se",5,2022,"Florida","FL","FL-604","Monroe County CoC",2021,2022,63.6064622230821,33.9225937347356,29.6838684883465
"separate_state_lasso","1se",5,2022,"Florida","FL","FL-605","West Palm Beach/Palm Beach County CoC",2021,2022,9.15773613457437,-1.71761502463741,10.8753511592118
"separate_state_lasso","1se",5,2022,"Florida","FL","FL-606","Naples/Collier County CoC",2021,2022,11.5072505641542,9.75186073099971,1.75538983315449
"state_time_baseline","none",6,2023,"California","CA","CA-500","San Jose/Santa Clara City & County CoC",2022,2023,52.3863758393167,35.0092411453417,17.377134693975
"state_time_baseline","none",6,2023,"California","CA","CA-501","San Francisco CoC",2022,2023,92.8113439895413,35.0092411453417,57.8021028441996
"state_time_baseline","none",6,2023,"California","CA","CA-502","Oakland, Berkeley/Alameda County CoC",2022,2023,59.7591630410488,35.0092411453417,24.7499218957071
"state_time_baseline","none",6,2023,"California","CA","CA-503","Sacramento City & County CoC",2022,2023,58.128428691055,35.0092411453417,23.1191875457133
"state_time_baseline","none",6,2023,"California","CA","CA-504","Santa Rosa, Petaluma/Sonoma County CoC",2022,2023,46.8758080698379,35.0092411453417,11.8665669244962
"state_time_baseline","none",6,2023,"California","CA","CA-505","Contra Costa County CoC",2022,2023,20.4139065865831,35.0092411453417,-14.5953345587586
"state_time_baseline","none",6,2023,"California","CA","CA-506","Salinas/Monterey, San Benito Counties CoC",2022,2023,44.0309410916966,35.0092411453417,9.02169994635485
"state_time_baseline","none",6,2023,"California","CA","CA-507","Marin County CoC",2022,2023,43.7671026412938,35.0092411453417,8.75786149595206
"state_time_baseline","none",6,2023,"California","CA","CA-508","Watsonville/Santa Cruz City & County CoC",2022,2023,68.5092776144796,35.0092411453417,33.5000364691379
"state_time_baseline","none",6,2023,"California","CA","CA-510","Turlock, Modesto/Stanislaus County CoC",2022,2023,37.7124368077712,35.0092411453417,2.70319566242945
"state_time_baseline","none",6,2023,"California","CA","CA-511","Stockton/San Joaquin County CoC",2022,2023,30.4445726408248,35.0092411453417,-4.56466850451695
"state_time_baseline","none",6,2023,"California","CA","CA-512","Daly City/San Mateo County CoC",2022,2023,25.3287353753462,35.0092411453417,-9.68050576999555
"state_time_baseline","none",6,2023,"California","CA","CA-513","Visalia/Kings, Tulare Counties CoC",2022,2023,23.1856444583944,35.0092411453417,-11.8235966869473
"state_time_baseline","none",6,2023,"California","CA","CA-514","Fresno City & County/Madera County CoC",2022,2023,37.7900913085313,35.0092411453417,2.78085016318956
"state_time_baseline","none",6,2023,"California","CA","CA-515","Roseville, Rocklin/Placer County CoC",2022,2023,16.6747021954633,35.0092411453417,-18.3345389498784
"state_time_baseline","none",6,2023,"California","CA","CA-516","Redding/Shasta, Siskiyou, Lassen, Plumas, Del Norte, Modoc, Sierra Counties CoC",2022,2023,81.4394857133627,35.0092411453417,46.430244568021
"state_time_baseline","none",6,2023,"California","CA","CA-517","Napa City & County CoC",2022,2023,37.8663154428713,35.0092411453417,2.85707429752955
"state_time_baseline","none",6,2023,"California","CA","CA-518","Vallejo/Solano County CoC",2022,2023,26.5853156009278,35.0092411453417,-8.42392554441395
"state_time_baseline","none",6,2023,"California","CA","CA-519","Chico, Paradise/Butte County CoC",2022,2023,59.6760032033037,35.0092411453417,24.666762057962
"state_time_baseline","none",6,2023,"California","CA","CA-520","Merced City & County CoC",2022,2023,26.6377637869115,35.0092411453417,-8.37147735843025
"state_time_baseline","none",6,2023,"California","CA","CA-521","Davis, Woodland/Yolo County CoC",2022,2023,33.203881745524,35.0092411453417,-1.80535939981775
"state_time_baseline","none",6,2023,"California","CA","CA-522","Humboldt County CoC",2022,2023,123.622682074711,35.0092411453417,88.6134409293692
"state_time_baseline","none",6,2023,"California","CA","CA-523","Colusa, Glenn, Trinity Counties CoC",2022,2023,54.619936276741,35.0092411453417,19.6106951313993
"state_time_baseline","none",6,2023,"California","CA","CA-524","Yuba City & County/Sutter County CoC",2022,2023,52.2228609234173,35.0092411453417,17.2136197780756
"state_time_baseline","none",6,2023,"California","CA","CA-525","El Dorado County CoC",2022,2023,25.5609349783955,35.0092411453417,-9.44830616694625
"state_time_baseline","none",6,2023,"California","CA","CA-526","Amador, Calaveras, Mariposa, Tuolumne Counties CoC",2022,2023,45.8445174723428,35.0092411453417,10.8352763270011
"state_time_baseline","none",6,2023,"California","CA","CA-527","Tehama County CoC",2022,2023,46.7347189767556,35.0092411453417,11.7254778314139
"state_time_baseline","none",6,2023,"California","CA","CA-529","Lake County CoC",2022,2023,67.6212036574251,35.0092411453417,32.6119625120834
"state_time_baseline","none",6,2023,"California","CA","CA-530","Alpine, Inyo, Mono Counties CoC",2022,2023,26.9880700463091,35.0092411453417,-8.02117109903265
"state_time_baseline","none",6,2023,"California","CA","CA-531","Nevada County CoC",2022,2023,48.206937095826,35.0092411453417,13.1976959504843
"state_time_baseline","none",6,2023,"California","CA","CA-600","Los Angeles City & County CoC",2022,2023,79.6603656143681,35.0092411453417,44.6511244690264
"state_time_baseline","none",6,2023,"California","CA","CA-601","San Diego City and County CoC",2022,2023,31.2952018089261,35.0092411453417,-3.71403933641565
"state_time_baseline","none",6,2023,"California","CA","CA-602","Santa Ana, Anaheim/Orange County CoC",2022,2023,19.2103681373341,35.0092411453417,-15.7988730080076
"state_time_baseline","none",6,2023,"California","CA","CA-603","Santa Maria/Santa Barbara County CoC",2022,2023,42.6076707355073,35.0092411453417,7.59842959016555
"state_time_baseline","none",6,2023,"California","CA","CA-604","Bakersfield/Kern County CoC",2022,2023,21.2293169456375,35.0092411453417,-13.7799241997042
"state_time_baseline","none",6,2023,"California","CA","CA-606","Long Beach CoC",2022,2023,75.9489842939261,35.0092411453417,40.9397431485844
"state_time_baseline","none",6,2023,"California","CA","CA-607","Pasadena CoC",2022,2023,40.7525357747308,35.0092411453417,5.74329462938906
"state_time_baseline","none",6,2023,"California","CA","CA-608","Riverside City & County CoC",2022,2023,14.8777310122209,35.0092411453417,-20.1315101331208
"state_time_baseline","none",6,2023,"California","CA","CA-609","San Bernardino City & County CoC",2022,2023,19.0361146178301,35.0092411453417,-15.9731265275116
"state_time_baseline","none",6,2023,"California","CA","CA-611","Oxnard, San Buenaventura/Ventura County CoC",2022,2023,29.3364388375511,35.0092411453417,-5.67280230779065
"state_time_baseline","none",6,2023,"California","CA","CA-612","Glendale CoC",2022,2023,10.3028449062627,35.0092411453417,-24.706396239079
"state_time_baseline","none",6,2023,"California","CA","CA-613","Imperial County CoC",2022,2023,72.1152515731973,35.0092411453417,37.1060104278556
"state_time_baseline","none",6,2023,"California","CA","CA-614","San Luis Obispo County CoC",2022,2023,54.2829302861192,35.0092411453417,19.2736891407775
"state_time_baseline","none",6,2023,"Florida","FL","FL-500","Sarasota, Bradenton/Manatee, Sarasota Counties CoC",2022,2023,12.5336911066377,19.9688169382676,-7.43512583162994
"state_time_baseline","none",6,2023,"Florida","FL","FL-501","Tampa/Hillsborough County CoC",2022,2023,13.1066988080614,19.9688169382676,-6.86211813020624
"state_time_baseline","none",6,2023,"Florida","FL","FL-502","St. Petersburg, Clearwater, Largo/Pinellas County CoC",2022,2023,22.2005233276348,19.9688169382676,2.23170638936717
"state_time_baseline","none",6,2023,"Florida","FL","FL-503","Lakeland/Polk County CoC",2022,2023,9.40840985749169,19.9688169382676,-10.5604070807759
"state_time_baseline","none",6,2023,"Florida","FL","FL-504","Deltona, Daytona Beach/Volusia, Flagler Counties CoC",2022,2023,14.5486398472462,19.9688169382676,-5.42017709102144
"state_time_baseline","none",6,2023,"Florida","FL","FL-505","Fort Walton Beach/Okaloosa, Walton Counties CoC",2022,2023,12.8960221485099,19.9688169382676,-7.07279478975774
"state_time_baseline","none",6,2023,"Florida","FL","FL-506","Tallahassee/Leon County CoC",2022,2023,17.5052373804426,19.9688169382676,-2.46357955782504
"state_time_baseline","none",6,2023,"Florida","FL","FL-507","Orlando/Orange, Osceola, Seminole Counties CoC",2022,2023,9.26473762082523,19.9688169382676,-10.7040793174424
"state_time_baseline","none",6,2023,"Florida","FL","FL-508","Gainesville/Alachua, Putnam Counties CoC",2022,2023,20.8237295206089,19.9688169382676,0.854912582341264
"state_time_baseline","none",6,2023,"Florida","FL","FL-509","Fort Pierce/St. Lucie, Indian River, Martin Counties CoC",2022,2023,12.9891102108449,19.9688169382676,-6.97970672742274
"state_time_baseline","none",6,2023,"Florida","FL","FL-510","Jacksonville-Duval, Clay Counties CoC",2022,2023,8.96670800205119,19.9688169382676,-11.0021089362164
"state_time_baseline","none",6,2023,"Florida","FL","FL-511","Pensacola/Escambia, Santa Rosa Counties CoC",2022,2023,22.1612891109191,19.9688169382676,2.19247217265146
"state_time_baseline","none",6,2023,"Florida","FL","FL-512","St. Johns County CoC",2022,2023,13.553344092923,19.9688169382676,-6.41547284534464
"state_time_baseline","none",6,2023,"Florida","FL","FL-513","Palm Bay, Melbourne/Brevard County CoC",2022,2023,16.2844515994211,19.9688169382676,-3.68436533884654
"state_time_baseline","none",6,2023,"Florida","FL","FL-514","Ocala/Marion County CoC",2022,2023,11.011399466408,19.9688169382676,-8.95741747185964
"state_time_baseline","none",6,2023,"Florida","FL","FL-515","Panama City/Bay, Jackson Counties CoC",2022,2023,16.3420902070736,19.9688169382676,-3.62672673119404
"state_time_baseline","none",6,2023,"Florida","FL","FL-517","Hendry, Hardee, Highlands Counties CoC",2022,2023,37.7252001366425,19.9688169382676,17.7563831983749
"state_time_baseline","none",6,2023,"Florida","FL","FL-518","Columbia, Hamilton, Lafayette, Suwannee Counties CoC",2022,2023,30.4179612613957,19.9688169382676,10.4491443231281
"state_time_baseline","none",6,2023,"Florida","FL","FL-519","Pasco County CoC",2022,2023,10.7094878187451,19.9688169382676,-9.25932911952254
"state_time_baseline","none",6,2023,"Florida","FL","FL-520","Citrus, Hernando, Lake, Sumter Counties CoC",2022,2023,6.7730455745609,19.9688169382676,-13.1957713637067
"state_time_baseline","none",6,2023,"Florida","FL","FL-600","Miami-Dade County CoC",2022,2023,13.0910528005796,19.9688169382676,-6.87776413768804
"state_time_baseline","none",6,2023,"Florida","FL","FL-601","Ft Lauderdale/Broward County CoC",2022,2023,12.4347450877257,19.9688169382676,-7.53407185054194
"state_time_baseline","none",6,2023,"Florida","FL","FL-602","Charlotte County CoC",2022,2023,20.6465713152881,19.9688169382676,0.677754377020463
"state_time_baseline","none",6,2023,"Florida","FL","FL-603","Ft Myers, Cape Coral/Lee County CoC",2022,2023,10.1876200325011,19.9688169382676,-9.78119690576654
"state_time_baseline","none",6,2023,"Florida","FL","FL-604","Monroe County CoC",2022,2023,59.6166636435093,19.9688169382676,39.6478467052417
"state_time_baseline","none",6,2023,"Florida","FL","FL-605","West Palm Beach/Palm Beach County CoC",2022,2023,11.8883736192183,19.9688169382676,-8.08044331904934
"state_time_baseline","none",6,2023,"Florida","FL","FL-606","Naples/Collier County CoC",2022,2023,17.0865385783903,19.9688169382676,-2.88227835987734
"pooled_lasso","min",6,2023,"California","CA","CA-500","San Jose/Santa Clara City & County CoC",2022,2023,52.3863758393167,28.3332008629162,24.0531749764005
"pooled_lasso","min",6,2023,"California","CA","CA-501","San Francisco CoC",2022,2023,92.8113439895413,75.4512694306567,17.3600745588846
"pooled_lasso","min",6,2023,"California","CA","CA-502","Oakland, Berkeley/Alameda County CoC",2022,2023,59.7591630410488,41.17793530222,18.5812277388288
"pooled_lasso","min",6,2023,"California","CA","CA-503","Sacramento City & County CoC",2022,2023,58.128428691055,32.8135731322663,25.3148555587887
"pooled_lasso","min",6,2023,"California","CA","CA-504","Santa Rosa, Petaluma/Sonoma County CoC",2022,2023,46.8758080698379,46.8985507667465,-0.0227426969085798
"pooled_lasso","min",6,2023,"California","CA","CA-505","Contra Costa County CoC",2022,2023,20.4139065865831,23.1070391450861,-2.69313255850303
"pooled_lasso","min",6,2023,"California","CA","CA-506","Salinas/Monterey, San Benito Counties CoC",2022,2023,44.0309410916966,40.0170007978428,4.01394029385382
"pooled_lasso","min",6,2023,"California","CA","CA-507","Marin County CoC",2022,2023,43.7671026412938,44.4414566181567,-0.674353976862861
"pooled_lasso","min",6,2023,"California","CA","CA-508","Watsonville/Santa Cruz City & County CoC",2022,2023,68.5092776144796,49.5654493623624,18.9438282521172
"pooled_lasso","min",6,2023,"California","CA","CA-510","Turlock, Modesto/Stanislaus County CoC",2022,2023,37.7124368077712,37.5087774988865,0.203659308884738
"pooled_lasso","min",6,2023,"California","CA","CA-511","Stockton/San Joaquin County CoC",2022,2023,30.4445726408248,30.3235111908646,0.121061449960212
"pooled_lasso","min",6,2023,"California","CA","CA-512","Daly City/San Mateo County CoC",2022,2023,25.3287353753462,30.1267254647764,-4.79799008943021
"pooled_lasso","min",6,2023,"California","CA","CA-513","Visalia/Kings, Tulare Counties CoC",2022,2023,23.1856444583944,23.7585594305302,-0.572914972135752
"pooled_lasso","min",6,2023,"California","CA","CA-514","Fresno City & County/Madera County CoC",2022,2023,37.7900913085313,31.338297673635,6.45179363489633
"pooled_lasso","min",6,2023,"California","CA","CA-515","Roseville, Rocklin/Placer County CoC",2022,2023,16.6747021954633,25.4943192556986,-8.81961706023534
"pooled_lasso","min",6,2023,"California","CA","CA-516","Redding/Shasta, Siskiyou, Lassen, Plumas, Del Norte, Modoc, Sierra Counties CoC",2022,2023,81.4394857133627,50.416914996328,31.0225707170347
"pooled_lasso","min",6,2023,"California","CA","CA-517","Napa City & County CoC",2022,2023,37.8663154428713,39.0688816407405,-1.20256619786917
"pooled_lasso","min",6,2023,"California","CA","CA-518","Vallejo/Solano County CoC",2022,2023,26.5853156009278,28.1744932776958,-1.58917767676797
"pooled_lasso","min",6,2023,"California","CA","CA-519","Chico, Paradise/Butte County CoC",2022,2023,59.6760032033037,54.0618425111918,5.6141606921119
"pooled_lasso","min",6,2023,"California","CA","CA-520","Merced City & County CoC",2022,2023,26.6377637869115,34.636453044985,-7.99868925807347
"pooled_lasso","min",6,2023,"California","CA","CA-521","Davis, Woodland/Yolo County CoC",2022,2023,33.203881745524,36.2487479918194,-3.04486624629535
"pooled_lasso","min",6,2023,"California","CA","CA-522","Humboldt County CoC",2022,2023,123.622682074711,60.5014567696884,63.1212253050226
"pooled_lasso","min",6,2023,"California","CA","CA-523","Colusa, Glenn, Trinity Counties CoC",2022,2023,54.619936276741,49.5399154681775,5.08002080856352
"pooled_lasso","min",6,2023,"California","CA","CA-524","Yuba City & County/Sutter County CoC",2022,2023,52.2228609234173,43.530284011157,8.69257691226034
"pooled_lasso","min",6,2023,"California","CA","CA-525","El Dorado County CoC",2022,2023,25.5609349783955,27.7192164602196,-2.15828148182406
"pooled_lasso","min",6,2023,"California","CA","CA-526","Amador, Calaveras, Mariposa, Tuolumne Counties CoC",2022,2023,45.8445174723428,40.0546463861952,5.78987108614759
"pooled_lasso","min",6,2023,"California","CA","CA-527","Tehama County CoC",2022,2023,46.7347189767556,40.6422908177668,6.09242815898875
"pooled_lasso","min",6,2023,"California","CA","CA-529","Lake County CoC",2022,2023,67.6212036574251,63.2957907689815,4.32541288844359
"pooled_lasso","min",6,2023,"California","CA","CA-530","Alpine, Inyo, Mono Counties CoC",2022,2023,26.9880700463091,46.5056267587384,-19.5175567124293
"pooled_lasso","min",6,2023,"California","CA","CA-531","Nevada County CoC",2022,2023,48.206937095826,50.1903688252065,-1.98343172938053
"pooled_lasso","min",6,2023,"California","CA","CA-600","Los Angeles City & County CoC",2022,2023,79.6603656143681,32.8139305524292,46.8464350619389
"pooled_lasso","min",6,2023,"California","CA","CA-601","San Diego City and County CoC",2022,2023,31.2952018089261,28.8522927467852,2.44290906214085
"pooled_lasso","min",6,2023,"California","CA","CA-602","Santa Ana, Anaheim/Orange County CoC",2022,2023,19.2103681373341,16.8095112459698,2.4008568913643
"pooled_lasso","min",6,2023,"California","CA","CA-603","Santa Maria/Santa Barbara County CoC",2022,2023,42.6076707355073,39.9919536030392,2.61571713246808
"pooled_lasso","min",6,2023,"California","CA","CA-604","Bakersfield/Kern County CoC",2022,2023,21.2293169456375,41.1699997365376,-19.9406827909001
"pooled_lasso","min",6,2023,"California","CA","CA-606","Long Beach CoC",2022,2023,75.9489842939261,60.3641813430901,15.584802950836
"pooled_lasso","min",6,2023,"California","CA","CA-607","Pasadena CoC",2022,2023,40.7525357747308,51.7333030013668,-10.980767226636
"pooled_lasso","min",6,2023,"California","CA","CA-608","Riverside City & County CoC",2022,2023,14.8777310122209,13.2909412086671,1.58678980355381
"pooled_lasso","min",6,2023,"California","CA","CA-609","San Bernardino City & County CoC",2022,2023,19.0361146178301,15.0372336080097,3.99888100982038
"pooled_lasso","min",6,2023,"California","CA","CA-611","Oxnard, San Buenaventura/Ventura County CoC",2022,2023,29.3364388375511,27.757699731172,1.5787391063791
"pooled_lasso","min",6,2023,"California","CA","CA-612","Glendale CoC",2022,2023,10.3028449062627,32.4962280476599,-22.1933831413972
"pooled_lasso","min",6,2023,"California","CA","CA-613","Imperial County CoC",2022,2023,72.1152515731973,34.5142234872988,37.6010280858985
"pooled_lasso","min",6,2023,"California","CA","CA-614","San Luis Obispo County CoC",2022,2023,54.2829302861192,36.0647089828909,18.2182213032283
"pooled_lasso","min",6,2023,"Florida","FL","FL-500","Sarasota, Bradenton/Manatee, Sarasota Counties CoC",2022,2023,12.5336911066377,6.8293143422926,5.7043767643451
"pooled_lasso","min",6,2023,"Florida","FL","FL-501","Tampa/Hillsborough County CoC",2022,2023,13.1066988080614,3.88765212203011,9.21904668603129
"pooled_lasso","min",6,2023,"Florida","FL","FL-502","St. Petersburg, Clearwater, Largo/Pinellas County CoC",2022,2023,22.2005233276348,25.1918260621915,-2.99130273455674
"pooled_lasso","min",6,2023,"Florida","FL","FL-503","Lakeland/Polk County CoC",2022,2023,9.40840985749169,4.46139829483383,4.94701156265786
"pooled_lasso","min",6,2023,"Florida","FL","FL-504","Deltona, Daytona Beach/Volusia, Flagler Counties CoC",2022,2023,14.5486398472462,11.4456572487968,3.10298259844942
"pooled_lasso","min",6,2023,"Florida","FL","FL-505","Fort Walton Beach/Okaloosa, Walton Counties CoC",2022,2023,12.8960221485099,14.597596426841,-1.70157427833112
"pooled_lasso","min",6,2023,"Florida","FL","FL-506","Tallahassee/Leon County CoC",2022,2023,17.5052373804426,24.0693447054381,-6.56410732499553
"pooled_lasso","min",6,2023,"Florida","FL","FL-507","Orlando/Orange, Osceola, Seminole Counties CoC",2022,2023,9.26473762082523,0.285248978426687,8.97948864239854
"pooled_lasso","min",6,2023,"Florida","FL","FL-508","Gainesville/Alachua, Putnam Counties CoC",2022,2023,20.8237295206089,27.4832249321404,-6.65949541153149
"pooled_lasso","min",6,2023,"Florida","FL","FL-509","Fort Pierce/St. Lucie, Indian River, Martin Counties CoC",2022,2023,12.9891102108449,5.01049841965963,7.97861179118527
"pooled_lasso","min",6,2023,"Florida","FL","FL-510","Jacksonville-Duval, Clay Counties CoC",2022,2023,8.96670800205119,8.21831040597462,0.748397596076568
"pooled_lasso","min",6,2023,"Florida","FL","FL-511","Pensacola/Escambia, Santa Rosa Counties CoC",2022,2023,22.1612891109191,18.3140017351795,3.8472873757396
"pooled_lasso","min",6,2023,"Florida","FL","FL-512","St. Johns County CoC",2022,2023,13.553344092923,7.75944227559893,5.79390181732407
"pooled_lasso","min",6,2023,"Florida","FL","FL-513","Palm Bay, Melbourne/Brevard County CoC",2022,2023,16.2844515994211,11.7572937834465,4.52715781597459
"pooled_lasso","min",6,2023,"Florida","FL","FL-514","Ocala/Marion County CoC",2022,2023,11.011399466408,14.7265684629173,-3.7151689965093
"pooled_lasso","min",6,2023,"Florida","FL","FL-515","Panama City/Bay, Jackson Counties CoC",2022,2023,16.3420902070736,10.3867104463086,5.95537976076497
"pooled_lasso","min",6,2023,"Florida","FL","FL-517","Hendry, Hardee, Highlands Counties CoC",2022,2023,37.7252001366425,11.1194369141497,26.6057632224928
"pooled_lasso","min",6,2023,"Florida","FL","FL-518","Columbia, Hamilton, Lafayette, Suwannee Counties CoC",2022,2023,30.4179612613957,24.0457117270337,6.37224953436203
"pooled_lasso","min",6,2023,"Florida","FL","FL-519","Pasco County CoC",2022,2023,10.7094878187451,7.84536810563819,2.86411971310691
"pooled_lasso","min",6,2023,"Florida","FL","FL-520","Citrus, Hernando, Lake, Sumter Counties CoC",2022,2023,6.7730455745609,1.82670231007405,4.94634326448685
"pooled_lasso","min",6,2023,"Florida","FL","FL-600","Miami-Dade County CoC",2022,2023,13.0910528005796,1.14620009801274,11.9448527025669
"pooled_lasso","min",6,2023,"Florida","FL","FL-601","Ft Lauderdale/Broward County CoC",2022,2023,12.4347450877257,0.00368161960202458,12.4310634681237
"pooled_lasso","min",6,2023,"Florida","FL","FL-602","Charlotte County CoC",2022,2023,20.6465713152881,13.3953544250853,7.25121689020275
"pooled_lasso","min",6,2023,"Florida","FL","FL-603","Ft Myers, Cape Coral/Lee County CoC",2022,2023,10.1876200325011,-0.406792054582012,10.5944120870831
"pooled_lasso","min",6,2023,"Florida","FL","FL-604","Monroe County CoC",2022,2023,59.6166636435093,60.1639852098354,-0.547321566326062
"pooled_lasso","min",6,2023,"Florida","FL","FL-605","West Palm Beach/Palm Beach County CoC",2022,2023,11.8883736192183,2.7595031727394,9.1288704464789
"pooled_lasso","min",6,2023,"Florida","FL","FL-606","Naples/Collier County CoC",2022,2023,17.0865385783903,7.21090248954458,9.87563608884572
"pooled_lasso","1se",6,2023,"California","CA","CA-500","San Jose/Santa Clara City & County CoC",2022,2023,52.3863758393167,31.8056046503031,20.5807711890136
"pooled_lasso","1se",6,2023,"California","CA","CA-501","San Francisco CoC",2022,2023,92.8113439895413,68.027114706659,24.7842292828823
"pooled_lasso","1se",6,2023,"California","CA","CA-502","Oakland, Berkeley/Alameda County CoC",2022,2023,59.7591630410488,41.3424533792493,18.4167096617995
"pooled_lasso","1se",6,2023,"California","CA","CA-503","Sacramento City & County CoC",2022,2023,58.128428691055,34.3958742694758,23.7325544215792
"pooled_lasso","1se",6,2023,"California","CA","CA-504","Santa Rosa, Petaluma/Sonoma County CoC",2022,2023,46.8758080698379,44.6892044219284,2.18660364790951
"pooled_lasso","1se",6,2023,"California","CA","CA-505","Contra Costa County CoC",2022,2023,20.4139065865831,26.5549633378573,-6.14105675127416
"pooled_lasso","1se",6,2023,"California","CA","CA-506","Salinas/Monterey, San Benito Counties CoC",2022,2023,44.0309410916966,39.432461773938,4.59847931775862
"pooled_lasso","1se",6,2023,"California","CA","CA-507","Marin County CoC",2022,2023,43.7671026412938,41.3831125248094,2.38399011648439
"pooled_lasso","1se",6,2023,"California","CA","CA-508","Watsonville/Santa Cruz City & County CoC",2022,2023,68.5092776144796,47.2617141461922,21.2475634682874
"pooled_lasso","1se",6,2023,"California","CA","CA-510","Turlock, Modesto/Stanislaus County CoC",2022,2023,37.7124368077712,38.498616469075,-0.786179661303777
"pooled_lasso","1se",6,2023,"California","CA","CA-511","Stockton/San Joaquin County CoC",2022,2023,30.4445726408248,34.0587056758137,-3.61413303498892
"pooled_lasso","1se",6,2023,"California","CA","CA-512","Daly City/San Mateo County CoC",2022,2023,25.3287353753462,32.3472341195151,-7.01849874416891
"pooled_lasso","1se",6,2023,"California","CA","CA-513","Visalia/Kings, Tulare Counties CoC",2022,2023,23.1856444583944,26.1715517344672,-2.98590727607279
"pooled_lasso","1se",6,2023,"California","CA","CA-514","Fresno City & County/Madera County CoC",2022,2023,37.7900913085313,33.8743337004265,3.91575760810478
"pooled_lasso","1se",6,2023,"California","CA","CA-515","Roseville, Rocklin/Placer County CoC",2022,2023,16.6747021954633,29.365129271621,-12.6904270761577
"pooled_lasso","1se",6,2023,"California","CA","CA-516","Redding/Shasta, Siskiyou, Lassen, Plumas, Del Norte, Modoc, Sierra Counties CoC",2022,2023,81.4394857133627,47.6423695540291,33.7971161593336
"pooled_lasso","1se",6,2023,"California","CA","CA-517","Napa City & County CoC",2022,2023,37.8663154428713,37.1252432193012,0.741072223570086
"pooled_lasso","1se",6,2023,"California","CA","CA-518","Vallejo/Solano County CoC",2022,2023,26.5853156009278,29.8365094764702,-3.25119387554237
"pooled_lasso","1se",6,2023,"California","CA","CA-519","Chico, Paradise/Butte County CoC",2022,2023,59.6760032033037,51.468940181381,8.20706302192274
"pooled_lasso","1se",6,2023,"California","CA","CA-520","Merced City & County CoC",2022,2023,26.6377637869115,37.6277837375358,-10.9900199506243
"pooled_lasso","1se",6,2023,"California","CA","CA-521","Davis, Woodland/Yolo County CoC",2022,2023,33.203881745524,40.2698543920824,-7.06597264655841
"pooled_lasso","1se",6,2023,"California","CA","CA-522","Humboldt County CoC",2022,2023,123.622682074711,56.5155351639959,67.1071469107151
"pooled_lasso","1se",6,2023,"California","CA","CA-523","Colusa, Glenn, Trinity Counties CoC",2022,2023,54.619936276741,47.9797115642569,6.6402247124841
"pooled_lasso","1se",6,2023,"California","CA","CA-524","Yuba City & County/Sutter County CoC",2022,2023,52.2228609234173,44.2932251744336,7.92963574898375
"pooled_lasso","1se",6,2023,"California","CA","CA-525","El Dorado County CoC",2022,2023,25.5609349783955,29.0878243070895,-3.52688932869396
"pooled_lasso","1se",6,2023,"California","CA","CA-526","Amador, Calaveras, Mariposa, Tuolumne Counties CoC",2022,2023,45.8445174723428,38.3208250828387,7.52369238950406
"pooled_lasso","1se",6,2023,"California","CA","CA-527","Tehama County CoC",2022,2023,46.7347189767556,40.2010385650229,6.53368041173274
"pooled_lasso","1se",6,2023,"California","CA","CA-529","Lake County CoC",2022,2023,67.6212036574251,55.0751634692783,12.5460401881468
"pooled_lasso","1se",6,2023,"California","CA","CA-530","Alpine, Inyo, Mono Counties CoC",2022,2023,26.9880700463091,44.1806480464725,-17.1925780001634
"pooled_lasso","1se",6,2023,"California","CA","CA-531","Nevada County CoC",2022,2023,48.206937095826,47.2876127444497,0.919324351376297
"pooled_lasso","1se",6,2023,"California","CA","CA-600","Los Angeles City & County CoC",2022,2023,79.6603656143681,34.9464464813203,44.7139191330478
"pooled_lasso","1se",6,2023,"California","CA","CA-601","San Diego City and County CoC",2022,2023,31.2952018089261,30.9519079135975,0.343293895328557
"pooled_lasso","1se",6,2023,"California","CA","CA-602","Santa Ana, Anaheim/Orange County CoC",2022,2023,19.2103681373341,22.3717337347301,-3.16136559739596
"pooled_lasso","1se",6,2023,"California","CA","CA-603","Santa Maria/Santa Barbara County CoC",2022,2023,42.6076707355073,40.3914335559068,2.21623717960052
"pooled_lasso","1se",6,2023,"California","CA","CA-604","Bakersfield/Kern County CoC",2022,2023,21.2293169456375,38.8829329596767,-17.6536160140392
"pooled_lasso","1se",6,2023,"California","CA","CA-606","Long Beach CoC",2022,2023,75.9489842939261,56.6140894297355,19.3348948641907
"pooled_lasso","1se",6,2023,"California","CA","CA-607","Pasadena CoC",2022,2023,40.7525357747308,47.8516585529831,-7.09912277825231
"pooled_lasso","1se",6,2023,"California","CA","CA-608","Riverside City & County CoC",2022,2023,14.8777310122209,19.380188752538,-4.50245774031714
"pooled_lasso","1se",6,2023,"California","CA","CA-609","San Bernardino City & County CoC",2022,2023,19.0361146178301,19.7766936430559,-0.740579025225806
"pooled_lasso","1se",6,2023,"California","CA","CA-611","Oxnard, San Buenaventura/Ventura County CoC",2022,2023,29.3364388375511,29.4344911354218,-0.0980522978707263
"pooled_lasso","1se",6,2023,"California","CA","CA-612","Glendale CoC",2022,2023,10.3028449062627,34.1797553766648,-23.8769104704021
"pooled_lasso","1se",6,2023,"California","CA","CA-613","Imperial County CoC",2022,2023,72.1152515731973,36.0430093709845,36.0722422022128
"pooled_lasso","1se",6,2023,"California","CA","CA-614","San Luis Obispo County CoC",2022,2023,54.2829302861192,35.4535999188978,18.8293303672214
"pooled_lasso","1se",6,2023,"Florida","FL","FL-500","Sarasota, Bradenton/Manatee, Sarasota Counties CoC",2022,2023,12.5336911066377,14.5484569692658,-2.01476586262806
"pooled_lasso","1se",6,2023,"Florida","FL","FL-501","Tampa/Hillsborough County CoC",2022,2023,13.1066988080614,11.7792048803619,1.32749392769953
"pooled_lasso","1se",6,2023,"Florida","FL","FL-502","St. Petersburg, Clearwater, Largo/Pinellas County CoC",2022,2023,22.2005233276348,25.6765064253638,-3.47598309772901
"pooled_lasso","1se",6,2023,"Florida","FL","FL-503","Lakeland/Polk County CoC",2022,2023,9.40840985749169,12.8810799755417,-3.47267011805004
"pooled_lasso","1se",6,2023,"Florida","FL","FL-504","Deltona, Daytona Beach/Volusia, Flagler Counties CoC",2022,2023,14.5486398472462,15.7211381001375,-1.17249825289127
"pooled_lasso","1se",6,2023,"Florida","FL","FL-505","Fort Walton Beach/Okaloosa, Walton Counties CoC",2022,2023,12.8960221485099,17.991332842985,-5.09531069447514
"pooled_lasso","1se",6,2023,"Florida","FL","FL-506","Tallahassee/Leon County CoC",2022,2023,17.5052373804426,22.4623855161973,-4.95714813575468
"pooled_lasso","1se",6,2023,"Florida","FL","FL-507","Orlando/Orange, Osceola, Seminole Counties CoC",2022,2023,9.26473762082523,10.7248607039058,-1.46012308308059
"pooled_lasso","1se",6,2023,"Florida","FL","FL-508","Gainesville/Alachua, Putnam Counties CoC",2022,2023,20.8237295206089,24.6632519432673,-3.83952242265837
"pooled_lasso","1se",6,2023,"Florida","FL","FL-509","Fort Pierce/St. Lucie, Indian River, Martin Counties CoC",2022,2023,12.9891102108449,11.4124544906255,1.57665572021939
"pooled_lasso","1se",6,2023,"Florida","FL","FL-510","Jacksonville-Duval, Clay Counties CoC",2022,2023,8.96670800205119,13.6315663088432,-4.66485830679201
"pooled_lasso","1se",6,2023,"Florida","FL","FL-511","Pensacola/Escambia, Santa Rosa Counties CoC",2022,2023,22.1612891109191,19.0891235500532,3.07216556086586
"pooled_lasso","1se",6,2023,"Florida","FL","FL-512","St. Johns County CoC",2022,2023,13.553344092923,15.2488091282806,-1.69546503535763
"pooled_lasso","1se",6,2023,"Florida","FL","FL-513","Palm Bay, Melbourne/Brevard County CoC",2022,2023,16.2844515994211,16.2042916622764,0.0801599371447246
"pooled_lasso","1se",6,2023,"Florida","FL","FL-514","Ocala/Marion County CoC",2022,2023,11.011399466408,18.9796888551193,-7.96828938871126
"pooled_lasso","1se",6,2023,"Florida","FL","FL-515","Panama City/Bay, Jackson Counties CoC",2022,2023,16.3420902070736,14.005148267253,2.33694193982059
"pooled_lasso","1se",6,2023,"Florida","FL","FL-517","Hendry, Hardee, Highlands Counties CoC",2022,2023,37.7252001366425,14.7700394527037,22.9551606839388
"pooled_lasso","1se",6,2023,"Florida","FL","FL-518","Columbia, Hamilton, Lafayette, Suwannee Counties CoC",2022,2023,30.4179612613957,22.570467487979,7.84749377341666
"pooled_lasso","1se",6,2023,"Florida","FL","FL-519","Pasco County CoC",2022,2023,10.7094878187451,14.6886044270841,-3.97911660833901
"pooled_lasso","1se",6,2023,"Florida","FL","FL-520","Citrus, Hernando, Lake, Sumter Counties CoC",2022,2023,6.7730455745609,9.10231338407161,-2.32926780951071
"pooled_lasso","1se",6,2023,"Florida","FL","FL-600","Miami-Dade County CoC",2022,2023,13.0910528005796,14.4974404642489,-1.4063876636693
"pooled_lasso","1se",6,2023,"Florida","FL","FL-601","Ft Lauderdale/Broward County CoC",2022,2023,12.4347450877257,9.57177636922454,2.86296871850116
"pooled_lasso","1se",6,2023,"Florida","FL","FL-602","Charlotte County CoC",2022,2023,20.6465713152881,18.8767130852282,1.7698582300599
"pooled_lasso","1se",6,2023,"Florida","FL","FL-603","Ft Myers, Cape Coral/Lee County CoC",2022,2023,10.1876200325011,9.97675337351478,0.210866658986321
"pooled_lasso","1se",6,2023,"Florida","FL","FL-604","Monroe County CoC",2022,2023,59.6166636435093,58.2874623145548,1.3292013289545
"pooled_lasso","1se",6,2023,"Florida","FL","FL-605","West Palm Beach/Palm Beach County CoC",2022,2023,11.8883736192183,10.493453498834,1.39492012038427
"pooled_lasso","1se",6,2023,"Florida","FL","FL-606","Naples/Collier County CoC",2022,2023,17.0865385783903,16.5012423390491,0.585296239341176
"pooled_lasso_state_interactions","min",6,2023,"California","CA","CA-500","San Jose/Santa Clara City & County CoC",2022,2023,52.3863758393167,28.6777973351464,23.7085785041703
"pooled_lasso_state_interactions","min",6,2023,"California","CA","CA-501","San Francisco CoC",2022,2023,92.8113439895413,72.1629680152395,20.6483759743018
"pooled_lasso_state_interactions","min",6,2023,"California","CA","CA-502","Oakland, Berkeley/Alameda County CoC",2022,2023,59.7591630410488,45.7958996924485,13.9632633486003
"pooled_lasso_state_interactions","min",6,2023,"California","CA","CA-503","Sacramento City & County CoC",2022,2023,58.128428691055,35.9075614761816,22.2208672148734
"pooled_lasso_state_interactions","min",6,2023,"California","CA","CA-504","Santa Rosa, Petaluma/Sonoma County CoC",2022,2023,46.8758080698379,54.8804739864342,-8.00466591659631
"pooled_lasso_state_interactions","min",6,2023,"California","CA","CA-505","Contra Costa County CoC",2022,2023,20.4139065865831,21.3111055885186,-0.897199001935455
"pooled_lasso_state_interactions","min",6,2023,"California","CA","CA-506","Salinas/Monterey, San Benito Counties CoC",2022,2023,44.0309410916966,45.6246154989331,-1.59367440723654
"pooled_lasso_state_interactions","min",6,2023,"California","CA","CA-507","Marin County CoC",2022,2023,43.7671026412938,50.8716986749837,-7.10459603368987
"pooled_lasso_state_interactions","min",6,2023,"California","CA","CA-508","Watsonville/Santa Cruz City & County CoC",2022,2023,68.5092776144796,58.8179058744856,9.69137173999396
"pooled_lasso_state_interactions","min",6,2023,"California","CA","CA-510","Turlock, Modesto/Stanislaus County CoC",2022,2023,37.7124368077712,39.7794426852573,-2.06700587748607
"pooled_lasso_state_interactions","min",6,2023,"California","CA","CA-511","Stockton/San Joaquin County CoC",2022,2023,30.4445726408248,31.6166323777244,-1.17205973689964
"pooled_lasso_state_interactions","min",6,2023,"California","CA","CA-512","Daly City/San Mateo County CoC",2022,2023,25.3287353753462,29.3334017307932,-4.00466635544695
"pooled_lasso_state_interactions","min",6,2023,"California","CA","CA-513","Visalia/Kings, Tulare Counties CoC",2022,2023,23.1856444583944,22.066216510636,1.11942794775844
"pooled_lasso_state_interactions","min",6,2023,"California","CA","CA-514","Fresno City & County/Madera County CoC",2022,2023,37.7900913085313,34.4641015928555,3.32598971567584
"pooled_lasso_state_interactions","min",6,2023,"California","CA","CA-515","Roseville, Rocklin/Placer County CoC",2022,2023,16.6747021954633,23.810468286038,-7.13576609057474
"pooled_lasso_state_interactions","min",6,2023,"California","CA","CA-516","Redding/Shasta, Siskiyou, Lassen, Plumas, Del Norte, Modoc, Sierra Counties CoC",2022,2023,81.4394857133627,54.4885091047553,26.9509766086074
"pooled_lasso_state_interactions","min",6,2023,"California","CA","CA-517","Napa City & County CoC",2022,2023,37.8663154428713,41.0249978402335,-3.15868239736221
"pooled_lasso_state_interactions","min",6,2023,"California","CA","CA-518","Vallejo/Solano County CoC",2022,2023,26.5853156009278,28.0335959714006,-1.44828037047282
"pooled_lasso_state_interactions","min",6,2023,"California","CA","CA-519","Chico, Paradise/Butte County CoC",2022,2023,59.6760032033037,62.1504874570353,-2.47448425373155
"pooled_lasso_state_interactions","min",6,2023,"California","CA","CA-520","Merced City & County CoC",2022,2023,26.6377637869115,35.3408788546664,-8.70311506775489
"pooled_lasso_state_interactions","min",6,2023,"California","CA","CA-521","Davis, Woodland/Yolo County CoC",2022,2023,33.203881745524,41.8339227886272,-8.63004104310316
"pooled_lasso_state_interactions","min",6,2023,"California","CA","CA-522","Humboldt County CoC",2022,2023,123.622682074711,72.754298646923,50.868383427788
"pooled_lasso_state_interactions","min",6,2023,"California","CA","CA-523","Colusa, Glenn, Trinity Counties CoC",2022,2023,54.619936276741,48.0773545537752,6.54258172296582
"pooled_lasso_state_interactions","min",6,2023,"California","CA","CA-524","Yuba City & County/Sutter County CoC",2022,2023,52.2228609234173,46.5456894567571,5.67717146666024
"pooled_lasso_state_interactions","min",6,2023,"California","CA","CA-525","El Dorado County CoC",2022,2023,25.5609349783955,25.5245627461476,0.0363722322479454
"pooled_lasso_state_interactions","min",6,2023,"California","CA","CA-526","Amador, Calaveras, Mariposa, Tuolumne Counties CoC",2022,2023,45.8445174723428,45.541977212233,0.302540260109851
"pooled_lasso_state_interactions","min",6,2023,"California","CA","CA-527","Tehama County CoC",2022,2023,46.7347189767556,39.374918620888,7.35980035586757
"pooled_lasso_state_interactions","min",6,2023,"California","CA","CA-529","Lake County CoC",2022,2023,67.6212036574251,73.6206055989125,-5.99940194148739
"pooled_lasso_state_interactions","min",6,2023,"California","CA","CA-530","Alpine, Inyo, Mono Counties CoC",2022,2023,26.9880700463091,48.1855218584705,-21.1974518121614
"pooled_lasso_state_interactions","min",6,2023,"California","CA","CA-531","Nevada County CoC",2022,2023,48.206937095826,58.0594157709988,-9.85247867517283
"pooled_lasso_state_interactions","min",6,2023,"California","CA","CA-600","Los Angeles City & County CoC",2022,2023,79.6603656143681,42.5584565859508,37.1019090284173
"pooled_lasso_state_interactions","min",6,2023,"California","CA","CA-601","San Diego City and County CoC",2022,2023,31.2952018089261,36.2672976669794,-4.97209585805329
"pooled_lasso_state_interactions","min",6,2023,"California","CA","CA-602","Santa Ana, Anaheim/Orange County CoC",2022,2023,19.2103681373341,13.7913478272907,5.41902031004336
"pooled_lasso_state_interactions","min",6,2023,"California","CA","CA-603","Santa Maria/Santa Barbara County CoC",2022,2023,42.6076707355073,48.6145696430033,-6.00689890749604
"pooled_lasso_state_interactions","min",6,2023,"California","CA","CA-604","Bakersfield/Kern County CoC",2022,2023,21.2293169456375,48.8966040666626,-27.6672871210251
"pooled_lasso_state_interactions","min",6,2023,"California","CA","CA-606","Long Beach CoC",2022,2023,75.9489842939261,65.8462319310661,10.10275236286
"pooled_lasso_state_interactions","min",6,2023,"California","CA","CA-607","Pasadena CoC",2022,2023,40.7525357747308,56.3932129268246,-15.6406771520938
"pooled_lasso_state_interactions","min",6,2023,"California","CA","CA-608","Riverside City & County CoC",2022,2023,14.8777310122209,13.222413525551,1.65531748666989
"pooled_lasso_state_interactions","min",6,2023,"California","CA","CA-609","San Bernardino City & County CoC",2022,2023,19.0361146178301,15.4921923985588,3.54392221927127
"pooled_lasso_state_interactions","min",6,2023,"California","CA","CA-611","Oxnard, San Buenaventura/Ventura County CoC",2022,2023,29.3364388375511,29.6958433693883,-0.359404531837196
"pooled_lasso_state_interactions","min",6,2023,"California","CA","CA-612","Glendale CoC",2022,2023,10.3028449062627,29.9543489311295,-19.6515040248668
"pooled_lasso_state_interactions","min",6,2023,"California","CA","CA-613","Imperial County CoC",2022,2023,72.1152515731973,35.377984159479,36.7372674137183
"pooled_lasso_state_interactions","min",6,2023,"California","CA","CA-614","San Luis Obispo County CoC",2022,2023,54.2829302861192,42.2861850754192,11.9967452107
"pooled_lasso_state_interactions","min",6,2023,"Florida","FL","FL-500","Sarasota, Bradenton/Manatee, Sarasota Counties CoC",2022,2023,12.5336911066377,1.31489552070831,11.2187955859294
"pooled_lasso_state_interactions","min",6,2023,"Florida","FL","FL-501","Tampa/Hillsborough County CoC",2022,2023,13.1066988080614,-2.97515564954814,16.0818544576095
"pooled_lasso_state_interactions","min",6,2023,"Florida","FL","FL-502","St. Petersburg, Clearwater, Largo/Pinellas County CoC",2022,2023,22.2005233276348,17.5695545979092,4.63096872972561
"pooled_lasso_state_interactions","min",6,2023,"Florida","FL","FL-503","Lakeland/Polk County CoC",2022,2023,9.40840985749169,-0.373175627365024,9.78158548485671
"pooled_lasso_state_interactions","min",6,2023,"Florida","FL","FL-504","Deltona, Daytona Beach/Volusia, Flagler Counties CoC",2022,2023,14.5486398472462,10.0503275818305,4.49831226541566
"pooled_lasso_state_interactions","min",6,2023,"Florida","FL","FL-505","Fort Walton Beach/Okaloosa, Walton Counties CoC",2022,2023,12.8960221485099,14.0525594056392,-1.15653725712931
"pooled_lasso_state_interactions","min",6,2023,"Florida","FL","FL-506","Tallahassee/Leon County CoC",2022,2023,17.5052373804426,19.9944162912533,-2.4891789108107
"pooled_lasso_state_interactions","min",6,2023,"Florida","FL","FL-507","Orlando/Orange, Osceola, Seminole Counties CoC",2022,2023,9.26473762082523,-4.21115838638184,13.4758960072071
"pooled_lasso_state_interactions","min",6,2023,"Florida","FL","FL-508","Gainesville/Alachua, Putnam Counties CoC",2022,2023,20.8237295206089,24.490122426651,-3.66639290604214
"pooled_lasso_state_interactions","min",6,2023,"Florida","FL","FL-509","Fort Pierce/St. Lucie, Indian River, Martin Counties CoC",2022,2023,12.9891102108449,2.8563336785577,10.1327765322872
"pooled_lasso_state_interactions","min",6,2023,"Florida","FL","FL-510","Jacksonville-Duval, Clay Counties CoC",2022,2023,8.96670800205119,2.15461523665103,6.81209276540016
"pooled_lasso_state_interactions","min",6,2023,"Florida","FL","FL-511","Pensacola/Escambia, Santa Rosa Counties CoC",2022,2023,22.1612891109191,15.5350688109138,6.62622030000526
"pooled_lasso_state_interactions","min",6,2023,"Florida","FL","FL-512","St. Johns County CoC",2022,2023,13.553344092923,1.66973737714812,11.8836067157749
"pooled_lasso_state_interactions","min",6,2023,"Florida","FL","FL-513","Palm Bay, Melbourne/Brevard County CoC",2022,2023,16.2844515994211,7.44137948814328,8.84307211127782
"pooled_lasso_state_interactions","min",6,2023,"Florida","FL","FL-514","Ocala/Marion County CoC",2022,2023,11.011399466408,10.0039019350324,1.00749753137559
"pooled_lasso_state_interactions","min",6,2023,"Florida","FL","FL-515","Panama City/Bay, Jackson Counties CoC",2022,2023,16.3420902070736,10.8313726020865,5.51071760498707
"pooled_lasso_state_interactions","min",6,2023,"Florida","FL","FL-517","Hendry, Hardee, Highlands Counties CoC",2022,2023,37.7252001366425,7.66261550958743,30.0625846270551
"pooled_lasso_state_interactions","min",6,2023,"Florida","FL","FL-518","Columbia, Hamilton, Lafayette, Suwannee Counties CoC",2022,2023,30.4179612613957,20.6569251231606,9.76103613823506
"pooled_lasso_state_interactions","min",6,2023,"Florida","FL","FL-519","Pasco County CoC",2022,2023,10.7094878187451,4.08188156306312,6.62760625568198
"pooled_lasso_state_interactions","min",6,2023,"Florida","FL","FL-520","Citrus, Hernando, Lake, Sumter Counties CoC",2022,2023,6.7730455745609,-0.713177225873039,7.48622280043394
"pooled_lasso_state_interactions","min",6,2023,"Florida","FL","FL-600","Miami-Dade County CoC",2022,2023,13.0910528005796,-3.04248742970459,16.1335402302842
"pooled_lasso_state_interactions","min",6,2023,"Florida","FL","FL-601","Ft Lauderdale/Broward County CoC",2022,2023,12.4347450877257,-3.13212771125236,15.5668727989781
"pooled_lasso_state_interactions","min",6,2023,"Florida","FL","FL-602","Charlotte County CoC",2022,2023,20.6465713152881,12.7365247958596,7.9100465194285
"pooled_lasso_state_interactions","min",6,2023,"Florida","FL","FL-603","Ft Myers, Cape Coral/Lee County CoC",2022,2023,10.1876200325011,-4.89964820679278,15.0872682392939
"pooled_lasso_state_interactions","min",6,2023,"Florida","FL","FL-604","Monroe County CoC",2022,2023,59.6166636435093,58.6880769653848,0.928586678124468
"pooled_lasso_state_interactions","min",6,2023,"Florida","FL","FL-605","West Palm Beach/Palm Beach County CoC",2022,2023,11.8883736192183,-0.298510311310079,12.1868839305284
"pooled_lasso_state_interactions","min",6,2023,"Florida","FL","FL-606","Naples/Collier County CoC",2022,2023,17.0865385783903,2.66025058598643,14.4262879924039
"pooled_lasso_state_interactions","1se",6,2023,"California","CA","CA-500","San Jose/Santa Clara City & County CoC",2022,2023,52.3863758393167,31.4191408692975,20.9672349700192
"pooled_lasso_state_interactions","1se",6,2023,"California","CA","CA-501","San Francisco CoC",2022,2023,92.8113439895413,73.3863661506599,19.4249778388814
"pooled_lasso_state_interactions","1se",6,2023,"California","CA","CA-502","Oakland, Berkeley/Alameda County CoC",2022,2023,59.7591630410488,42.1074463755657,17.6517166654831
"pooled_lasso_state_interactions","1se",6,2023,"California","CA","CA-503","Sacramento City & County CoC",2022,2023,58.128428691055,33.9947257267907,24.1337029642643
"pooled_lasso_state_interactions","1se",6,2023,"California","CA","CA-504","Santa Rosa, Petaluma/Sonoma County CoC",2022,2023,46.8758080698379,45.6434054771875,1.23240259265037
"pooled_lasso_state_interactions","1se",6,2023,"California","CA","CA-505","Contra Costa County CoC",2022,2023,20.4139065865831,25.4511183285948,-5.03721174201172
"pooled_lasso_state_interactions","1se",6,2023,"California","CA","CA-506","Salinas/Monterey, San Benito Counties CoC",2022,2023,44.0309410916966,39.9769838617837,4.05395722991293
"pooled_lasso_state_interactions","1se",6,2023,"California","CA","CA-507","Marin County CoC",2022,2023,43.7671026412938,43.5572661693298,0.209836471964046
"pooled_lasso_state_interactions","1se",6,2023,"California","CA","CA-508","Watsonville/Santa Cruz City & County CoC",2022,2023,68.5092776144796,48.0612214493819,20.4480561650977
"pooled_lasso_state_interactions","1se",6,2023,"California","CA","CA-510","Turlock, Modesto/Stanislaus County CoC",2022,2023,37.7124368077712,38.1971775585902,-0.484740750819
"pooled_lasso_state_interactions","1se",6,2023,"California","CA","CA-511","Stockton/San Joaquin County CoC",2022,2023,30.4445726408248,32.4509176776552,-2.00634503683042
"pooled_lasso_state_interactions","1se",6,2023,"California","CA","CA-512","Daly City/San Mateo County CoC",2022,2023,25.3287353753462,32.5828894018284,-7.25415402648216
"pooled_lasso_state_interactions","1se",6,2023,"California","CA","CA-513","Visalia/Kings, Tulare Counties CoC",2022,2023,23.1856444583944,25.0520482787555,-1.86640382036111
"pooled_lasso_state_interactions","1se",6,2023,"California","CA","CA-514","Fresno City & County/Madera County CoC",2022,2023,37.7900913085313,32.6493488087068,5.14074249982452
"pooled_lasso_state_interactions","1se",6,2023,"California","CA","CA-515","Roseville, Rocklin/Placer County CoC",2022,2023,16.6747021954633,27.3784967760304,-10.7037945805671
"pooled_lasso_state_interactions","1se",6,2023,"California","CA","CA-516","Redding/Shasta, Siskiyou, Lassen, Plumas, Del Norte, Modoc, Sierra Counties CoC",2022,2023,81.4394857133627,49.3599286282108,32.0795570851519
"pooled_lasso_state_interactions","1se",6,2023,"California","CA","CA-517","Napa City & County CoC",2022,2023,37.8663154428713,38.7781069177205,-0.911791474849203
"pooled_lasso_state_interactions","1se",6,2023,"California","CA","CA-518","Vallejo/Solano County CoC",2022,2023,26.5853156009278,29.3979156113386,-2.81260001041075
"pooled_lasso_state_interactions","1se",6,2023,"California","CA","CA-519","Chico, Paradise/Butte County CoC",2022,2023,59.6760032033037,52.5066560486007,7.16934715470296
"pooled_lasso_state_interactions","1se",6,2023,"California","CA","CA-520","Merced City & County CoC",2022,2023,26.6377637869115,36.3659274513674,-9.72816366445586
"pooled_lasso_state_interactions","1se",6,2023,"California","CA","CA-521","Davis, Woodland/Yolo County CoC",2022,2023,33.203881745524,38.3465771368509,-5.14269539132695
"pooled_lasso_state_interactions","1se",6,2023,"California","CA","CA-522","Humboldt County CoC",2022,2023,123.622682074711,58.681110172851,64.94157190186
"pooled_lasso_state_interactions","1se",6,2023,"California","CA","CA-523","Colusa, Glenn, Trinity Counties CoC",2022,2023,54.619936276741,49.3868068696415,5.23312940709948
"pooled_lasso_state_interactions","1se",6,2023,"California","CA","CA-524","Yuba City & County/Sutter County CoC",2022,2023,52.2228609234173,44.3206867664076,7.90217415700969
"pooled_lasso_state_interactions","1se",6,2023,"California","CA","CA-525","El Dorado County CoC",2022,2023,25.5609349783955,28.7197892589935,-3.158854280598
"pooled_lasso_state_interactions","1se",6,2023,"California","CA","CA-526","Amador, Calaveras, Mariposa, Tuolumne Counties CoC",2022,2023,45.8445174723428,39.444141657937,6.40037581440584
"pooled_lasso_state_interactions","1se",6,2023,"California","CA","CA-527","Tehama County CoC",2022,2023,46.7347189767556,40.943861675215,5.79085730154065
"pooled_lasso_state_interactions","1se",6,2023,"California","CA","CA-529","Lake County CoC",2022,2023,67.6212036574251,59.0633163179441,8.55788733948101
"pooled_lasso_state_interactions","1se",6,2023,"California","CA","CA-530","Alpine, Inyo, Mono Counties CoC",2022,2023,26.9880700463091,46.9447479288905,-19.9566778825814
"pooled_lasso_state_interactions","1se",6,2023,"California","CA","CA-531","Nevada County CoC",2022,2023,48.206937095826,49.0350335332437,-0.828096437417663
"pooled_lasso_state_interactions","1se",6,2023,"California","CA","CA-600","Los Angeles City & County CoC",2022,2023,79.6603656143681,33.9229289630639,45.7374366513042
"pooled_lasso_state_interactions","1se",6,2023,"California","CA","CA-601","San Diego City and County CoC",2022,2023,31.2952018089261,29.7747653207149,1.52043648821117
"pooled_lasso_state_interactions","1se",6,2023,"California","CA","CA-602","Santa Ana, Anaheim/Orange County CoC",2022,2023,19.2103681373341,20.1247869053448,-0.914418768010687
"pooled_lasso_state_interactions","1se",6,2023,"California","CA","CA-603","Santa Maria/Santa Barbara County CoC",2022,2023,42.6076707355073,40.2144414799964,2.39322925551087
"pooled_lasso_state_interactions","1se",6,2023,"California","CA","CA-604","Bakersfield/Kern County CoC",2022,2023,21.2293169456375,39.6538186037466,-18.4245016581091
"pooled_lasso_state_interactions","1se",6,2023,"California","CA","CA-606","Long Beach CoC",2022,2023,75.9489842939261,59.7217020725554,16.2272822213707
"pooled_lasso_state_interactions","1se",6,2023,"California","CA","CA-607","Pasadena CoC",2022,2023,40.7525357747308,51.1545874848695,-10.4020517101387
"pooled_lasso_state_interactions","1se",6,2023,"California","CA","CA-608","Riverside City & County CoC",2022,2023,14.8777310122209,16.1001696949114,-1.22243868269046
"pooled_lasso_state_interactions","1se",6,2023,"California","CA","CA-609","San Bernardino City & County CoC",2022,2023,19.0361146178301,17.3691432254661,1.66697139236398
"pooled_lasso_state_interactions","1se",6,2023,"California","CA","CA-611","Oxnard, San Buenaventura/Ventura County CoC",2022,2023,29.3364388375511,28.7689936051898,0.567445232361298
"pooled_lasso_state_interactions","1se",6,2023,"California","CA","CA-612","Glendale CoC",2022,2023,10.3028449062627,35.038558444505,-24.7357135382423
"pooled_lasso_state_interactions","1se",6,2023,"California","CA","CA-613","Imperial County CoC",2022,2023,72.1152515731973,36.0891076662997,36.0261439068976
"pooled_lasso_state_interactions","1se",6,2023,"California","CA","CA-614","San Luis Obispo County CoC",2022,2023,54.2829302861192,35.6462230063951,18.6367072797241
"pooled_lasso_state_interactions","1se",6,2023,"Florida","FL","FL-500","Sarasota, Bradenton/Manatee, Sarasota Counties CoC",2022,2023,12.5336911066377,11.3245185489697,1.209172557668
"pooled_lasso_state_interactions","1se",6,2023,"Florida","FL","FL-501","Tampa/Hillsborough County CoC",2022,2023,13.1066988080614,9.43843436178815,3.66826444627325
"pooled_lasso_state_interactions","1se",6,2023,"Florida","FL","FL-502","St. Petersburg, Clearwater, Largo/Pinellas County CoC",2022,2023,22.2005233276348,26.3955367948616,-4.1950134672268
"pooled_lasso_state_interactions","1se",6,2023,"Florida","FL","FL-503","Lakeland/Polk County CoC",2022,2023,9.40840985749169,9.02330577717944,0.385104080312248
"pooled_lasso_state_interactions","1se",6,2023,"Florida","FL","FL-504","Deltona, Daytona Beach/Volusia, Flagler Counties CoC",2022,2023,14.5486398472462,13.7689182469898,0.779721600256407
"pooled_lasso_state_interactions","1se",6,2023,"Florida","FL","FL-505","Fort Walton Beach/Okaloosa, Walton Counties CoC",2022,2023,12.8960221485099,16.999643958371,-4.10362180986115
"pooled_lasso_state_interactions","1se",6,2023,"Florida","FL","FL-506","Tallahassee/Leon County CoC",2022,2023,17.5052373804426,23.6496522236181,-6.14441484317554
"pooled_lasso_state_interactions","1se",6,2023,"Florida","FL","FL-507","Orlando/Orange, Osceola, Seminole Counties CoC",2022,2023,9.26473762082523,7.35837450518555,1.90636311563968
"pooled_lasso_state_interactions","1se",6,2023,"Florida","FL","FL-508","Gainesville/Alachua, Putnam Counties CoC",2022,2023,20.8237295206089,26.5725896848204,-5.74886016421145
"pooled_lasso_state_interactions","1se",6,2023,"Florida","FL","FL-509","Fort Pierce/St. Lucie, Indian River, Martin Counties CoC",2022,2023,12.9891102108449,8.71401226226987,4.27509794857503
"pooled_lasso_state_interactions","1se",6,2023,"Florida","FL","FL-510","Jacksonville-Duval, Clay Counties CoC",2022,2023,8.96670800205119,11.6661979408246,-2.69948993877342
"pooled_lasso_state_interactions","1se",6,2023,"Florida","FL","FL-511","Pensacola/Escambia, Santa Rosa Counties CoC",2022,2023,22.1612891109191,19.1526429243281,3.00864618659104
"pooled_lasso_state_interactions","1se",6,2023,"Florida","FL","FL-512","St. Johns County CoC",2022,2023,13.553344092923,11.6855178986062,1.86782619431682
"pooled_lasso_state_interactions","1se",6,2023,"Florida","FL","FL-513","Palm Bay, Melbourne/Brevard County CoC",2022,2023,16.2844515994211,14.4421969012107,1.84225469821042
"pooled_lasso_state_interactions","1se",6,2023,"Florida","FL","FL-514","Ocala/Marion County CoC",2022,2023,11.011399466408,17.3272762735208,-6.31587680711278
"pooled_lasso_state_interactions","1se",6,2023,"Florida","FL","FL-515","Panama City/Bay, Jackson Counties CoC",2022,2023,16.3420902070736,12.7340491901007,3.60804101697293
"pooled_lasso_state_interactions","1se",6,2023,"Florida","FL","FL-517","Hendry, Hardee, Highlands Counties CoC",2022,2023,37.7252001366425,14.0575070584177,23.6676930782248
"pooled_lasso_state_interactions","1se",6,2023,"Florida","FL","FL-518","Columbia, Hamilton, Lafayette, Suwannee Counties CoC",2022,2023,30.4179612613957,23.8463331385409,6.57162812285485
"pooled_lasso_state_interactions","1se",6,2023,"Florida","FL","FL-519","Pasco County CoC",2022,2023,10.7094878187451,11.5713554826397,-0.86186766389457
"pooled_lasso_state_interactions","1se",6,2023,"Florida","FL","FL-520","Citrus, Hernando, Lake, Sumter Counties CoC",2022,2023,6.7730455745609,5.42242739354434,1.35061818101656
"pooled_lasso_state_interactions","1se",6,2023,"Florida","FL","FL-600","Miami-Dade County CoC",2022,2023,13.0910528005796,12.3820571108587,0.708995689720869
"pooled_lasso_state_interactions","1se",6,2023,"Florida","FL","FL-601","Ft Lauderdale/Broward County CoC",2022,2023,12.4347450877257,7.28000174446658,5.15474334325912
"pooled_lasso_state_interactions","1se",6,2023,"Florida","FL","FL-602","Charlotte County CoC",2022,2023,20.6465713152881,16.7552420844197,3.8913292308684
"pooled_lasso_state_interactions","1se",6,2023,"Florida","FL","FL-603","Ft Myers, Cape Coral/Lee County CoC",2022,2023,10.1876200325011,5.99432158106388,4.19329845143722
"pooled_lasso_state_interactions","1se",6,2023,"Florida","FL","FL-604","Monroe County CoC",2022,2023,59.6166636435093,62.0439592730458,-2.42729562953645
"pooled_lasso_state_interactions","1se",6,2023,"Florida","FL","FL-605","West Palm Beach/Palm Beach County CoC",2022,2023,11.8883736192183,8.56183364675602,3.32653997246228
"pooled_lasso_state_interactions","1se",6,2023,"Florida","FL","FL-606","Naples/Collier County CoC",2022,2023,17.0865385783903,13.9038430047438,3.18269557364646
"separate_lasso_CA","min",6,2023,"California","CA","CA-500","San Jose/Santa Clara City & County CoC",2022,2023,52.3863758393167,35.770319356576,16.6160564827407
"separate_lasso_CA","min",6,2023,"California","CA","CA-501","San Francisco CoC",2022,2023,92.8113439895413,86.2542763761716,6.55706761336967
"separate_lasso_CA","min",6,2023,"California","CA","CA-502","Oakland, Berkeley/Alameda County CoC",2022,2023,59.7591630410488,60.8636583290344,-1.10449528798562
"separate_lasso_CA","min",6,2023,"California","CA","CA-503","Sacramento City & County CoC",2022,2023,58.128428691055,45.9763080586202,12.1521206324348
"separate_lasso_CA","min",6,2023,"California","CA","CA-504","Santa Rosa, Petaluma/Sonoma County CoC",2022,2023,46.8758080698379,64.7886284824707,-17.9128204126328
"separate_lasso_CA","min",6,2023,"California","CA","CA-505","Contra Costa County CoC",2022,2023,20.4139065865831,28.8265455947137,-8.41263900813056
"separate_lasso_CA","min",6,2023,"California","CA","CA-506","Salinas/Monterey, San Benito Counties CoC",2022,2023,44.0309410916966,54.1785030503833,-10.1475619586867
"separate_lasso_CA","min",6,2023,"California","CA","CA-507","Marin County CoC",2022,2023,43.7671026412938,58.3476796424757,-14.5805770011819
"separate_lasso_CA","min",6,2023,"California","CA","CA-508","Watsonville/Santa Cruz City & County CoC",2022,2023,68.5092776144796,69.5335332979123,-1.0242556834327
"separate_lasso_CA","min",6,2023,"California","CA","CA-510","Turlock, Modesto/Stanislaus County CoC",2022,2023,37.7124368077712,48.4280089374589,-10.7155721296877
"separate_lasso_CA","min",6,2023,"California","CA","CA-511","Stockton/San Joaquin County CoC",2022,2023,30.4445726408248,38.667547205572,-8.22297456474717
"separate_lasso_CA","min",6,2023,"California","CA","CA-512","Daly City/San Mateo County CoC",2022,2023,25.3287353753462,37.0733212205435,-11.7445858451973
"separate_lasso_CA","min",6,2023,"California","CA","CA-513","Visalia/Kings, Tulare Counties CoC",2022,2023,23.1856444583944,20.6569007475382,2.52874371085619
"separate_lasso_CA","min",6,2023,"California","CA","CA-514","Fresno City & County/Madera County CoC",2022,2023,37.7900913085313,41.1518766106561,-3.36178530212482
"separate_lasso_CA","min",6,2023,"California","CA","CA-515","Roseville, Rocklin/Placer County CoC",2022,2023,16.6747021954633,22.900948871079,-6.22624667561567
"separate_lasso_CA","min",6,2023,"California","CA","CA-516","Redding/Shasta, Siskiyou, Lassen, Plumas, Del Norte, Modoc, Sierra Counties CoC",2022,2023,81.4394857133627,63.2945243415682,18.1449613717945
"separate_lasso_CA","min",6,2023,"California","CA","CA-517","Napa City & County CoC",2022,2023,37.8663154428713,41.5669722968885,-3.70065685401721
"separate_lasso_CA","min",6,2023,"California","CA","CA-518","Vallejo/Solano County CoC",2022,2023,26.5853156009278,32.6709256554071,-6.08561005447933
"separate_lasso_CA","min",6,2023,"California","CA","CA-519","Chico, Paradise/Butte County CoC",2022,2023,59.6760032033037,69.6321829499188,-9.95617974661511
"separate_lasso_CA","min",6,2023,"California","CA","CA-520","Merced City & County CoC",2022,2023,26.6377637869115,41.1139026947827,-14.4761389078712
"separate_lasso_CA","min",6,2023,"California","CA","CA-521","Davis, Woodland/Yolo County CoC",2022,2023,33.203881745524,49.8131960355984,-16.6093142900744
"separate_lasso_CA","min",6,2023,"California","CA","CA-522","Humboldt County CoC",2022,2023,123.622682074711,90.2882432397659,33.3344388349451
"separate_lasso_CA","min",6,2023,"California","CA","CA-523","Colusa, Glenn, Trinity Counties CoC",2022,2023,54.619936276741,48.8096691408844,5.81026713585665
"separate_lasso_CA","min",6,2023,"California","CA","CA-524","Yuba City & County/Sutter County CoC",2022,2023,52.2228609234173,52.0109128759497,0.211948047467637
"separate_lasso_CA","min",6,2023,"California","CA","CA-525","El Dorado County CoC",2022,2023,25.5609349783955,29.2814841312599,-3.72054915286438
"separate_lasso_CA","min",6,2023,"California","CA","CA-526","Amador, Calaveras, Mariposa, Tuolumne Counties CoC",2022,2023,45.8445174723428,55.6954109091952,-9.8508934368524
"separate_lasso_CA","min",6,2023,"California","CA","CA-527","Tehama County CoC",2022,2023,46.7347189767556,41.1411567590338,5.59356221772178
"separate_lasso_CA","min",6,2023,"California","CA","CA-529","Lake County CoC",2022,2023,67.6212036574251,74.2489663822332,-6.62776272480812
"separate_lasso_CA","min",6,2023,"California","CA","CA-530","Alpine, Inyo, Mono Counties CoC",2022,2023,26.9880700463091,61.405125671591,-34.4170556252819
"separate_lasso_CA","min",6,2023,"California","CA","CA-531","Nevada County CoC",2022,2023,48.206937095826,73.5595647871515,-25.3526276913255
"separate_lasso_CA","min",6,2023,"California","CA","CA-600","Los Angeles City & County CoC",2022,2023,79.6603656143681,67.711934683467,11.9484309309011
"separate_lasso_CA","min",6,2023,"California","CA","CA-601","San Diego City and County CoC",2022,2023,31.2952018089261,53.5540641100611,-22.258862301135
"separate_lasso_CA","min",6,2023,"California","CA","CA-602","Santa Ana, Anaheim/Orange County CoC",2022,2023,19.2103681373341,28.4961077779245,-9.28573964059039
"separate_lasso_CA","min",6,2023,"California","CA","CA-603","Santa Maria/Santa Barbara County CoC",2022,2023,42.6076707355073,58.8788180101542,-16.2711472746469
"separate_lasso_CA","min",6,2023,"California","CA","CA-604","Bakersfield/Kern County CoC",2022,2023,21.2293169456375,50.3034861831725,-29.074169237535
"separate_lasso_CA","min",6,2023,"California","CA","CA-606","Long Beach CoC",2022,2023,75.9489842939261,80.253595298668,-4.30461100474184
"separate_lasso_CA","min",6,2023,"California","CA","CA-607","Pasadena CoC",2022,2023,40.7525357747308,60.068426000956,-19.3158902262252
"separate_lasso_CA","min",6,2023,"California","CA","CA-608","Riverside City & County CoC",2022,2023,14.8777310122209,20.74931545293,-5.87158444070905
"separate_lasso_CA","min",6,2023,"California","CA","CA-609","San Bernardino City & County CoC",2022,2023,19.0361146178301,22.6815826325668,-3.64546801473665
"separate_lasso_CA","min",6,2023,"California","CA","CA-611","Oxnard, San Buenaventura/Ventura County CoC",2022,2023,29.3364388375511,38.3306422130228,-8.99420337547166
"separate_lasso_CA","min",6,2023,"California","CA","CA-612","Glendale CoC",2022,2023,10.3028449062627,37.9896214713578,-27.6867765650951
"separate_lasso_CA","min",6,2023,"California","CA","CA-613","Imperial County CoC",2022,2023,72.1152515731973,40.08879595239,32.0264556208073
"separate_lasso_CA","min",6,2023,"California","CA","CA-614","San Luis Obispo County CoC",2022,2023,54.2829302861192,51.2866698207954,2.99626046532384
"separate_lasso_CA","1se",6,2023,"California","CA","CA-500","San Jose/Santa Clara City & County CoC",2022,2023,52.3863758393167,37.1384728239808,15.2479030153359
"separate_lasso_CA","1se",6,2023,"California","CA","CA-501","San Francisco CoC",2022,2023,92.8113439895413,92.1470791421263,0.66426484741504
"separate_lasso_CA","1se",6,2023,"California","CA","CA-502","Oakland, Berkeley/Alameda County CoC",2022,2023,59.7591630410488,59.1582449193045,0.600918121744293
"separate_lasso_CA","1se",6,2023,"California","CA","CA-503","Sacramento City & County CoC",2022,2023,58.128428691055,45.1421451884666,12.9862835025884
"separate_lasso_CA","1se",6,2023,"California","CA","CA-504","Santa Rosa, Petaluma/Sonoma County CoC",2022,2023,46.8758080698379,59.4960789847449,-12.620270914907
"separate_lasso_CA","1se",6,2023,"California","CA","CA-505","Contra Costa County CoC",2022,2023,20.4139065865831,31.294485925672,-10.8805793390889
"separate_lasso_CA","1se",6,2023,"California","CA","CA-506","Salinas/Monterey, San Benito Counties CoC",2022,2023,44.0309410916966,52.3032585004281,-8.27231740873152
"separate_lasso_CA","1se",6,2023,"California","CA","CA-507","Marin County CoC",2022,2023,43.7671026412938,51.1999548541424,-7.43285221284862
"separate_lasso_CA","1se",6,2023,"California","CA","CA-508","Watsonville/Santa Cruz City & County CoC",2022,2023,68.5092776144796,63.7263534625992,4.78292415188044
"separate_lasso_CA","1se",6,2023,"California","CA","CA-510","Turlock, Modesto/Stanislaus County CoC",2022,2023,37.7124368077712,48.8085220934824,-11.0960852857112
"separate_lasso_CA","1se",6,2023,"California","CA","CA-511","Stockton/San Joaquin County CoC",2022,2023,30.4445726408248,41.4875471999199,-11.0429745590951
"separate_lasso_CA","1se",6,2023,"California","CA","CA-512","Daly City/San Mateo County CoC",2022,2023,25.3287353753462,38.0498860595292,-12.721150684183
"separate_lasso_CA","1se",6,2023,"California","CA","CA-513","Visalia/Kings, Tulare Counties CoC",2022,2023,23.1856444583944,25.399633093272,-2.21398863487757
"separate_lasso_CA","1se",6,2023,"California","CA","CA-514","Fresno City & County/Madera County CoC",2022,2023,37.7900913085313,42.5466626201693,-4.75657131163798
"separate_lasso_CA","1se",6,2023,"California","CA","CA-515","Roseville, Rocklin/Placer County CoC",2022,2023,16.6747021954633,28.0775157869263,-11.402813591463
"separate_lasso_CA","1se",6,2023,"California","CA","CA-516","Redding/Shasta, Siskiyou, Lassen, Plumas, Del Norte, Modoc, Sierra Counties CoC",2022,2023,81.4394857133627,68.6976151444864,12.7418705688763
"separate_lasso_CA","1se",6,2023,"California","CA","CA-517","Napa City & County CoC",2022,2023,37.8663154428713,40.7487118508209,-2.88239640794965
"separate_lasso_CA","1se",6,2023,"California","CA","CA-518","Vallejo/Solano County CoC",2022,2023,26.5853156009278,33.5920086451351,-7.00669304420727
"separate_lasso_CA","1se",6,2023,"California","CA","CA-519","Chico, Paradise/Butte County CoC",2022,2023,59.6760032033037,66.3981542166093,-6.72215101330556
"separate_lasso_CA","1se",6,2023,"California","CA","CA-520","Merced City & County CoC",2022,2023,26.6377637869115,43.9133370375312,-17.2755732506197
"separate_lasso_CA","1se",6,2023,"California","CA","CA-521","Davis, Woodland/Yolo County CoC",2022,2023,33.203881745524,48.7020065863833,-15.4981248408593
"separate_lasso_CA","1se",6,2023,"California","CA","CA-522","Humboldt County CoC",2022,2023,123.622682074711,80.9621744948033,42.6605075799077
"separate_lasso_CA","1se",6,2023,"California","CA","CA-523","Colusa, Glenn, Trinity Counties CoC",2022,2023,54.619936276741,54.8430855062876,-0.223149229546607
"separate_lasso_CA","1se",6,2023,"California","CA","CA-524","Yuba City & County/Sutter County CoC",2022,2023,52.2228609234173,53.868469912052,-1.64560898863471
"separate_lasso_CA","1se",6,2023,"California","CA","CA-525","El Dorado County CoC",2022,2023,25.5609349783955,30.7289626180617,-5.16802763966615
"separate_lasso_CA","1se",6,2023,"California","CA","CA-526","Amador, Calaveras, Mariposa, Tuolumne Counties CoC",2022,2023,45.8445174723428,53.5993143026081,-7.75479683026528
"separate_lasso_CA","1se",6,2023,"California","CA","CA-527","Tehama County CoC",2022,2023,46.7347189767556,43.0836450174463,3.65107395930927
"separate_lasso_CA","1se",6,2023,"California","CA","CA-529","Lake County CoC",2022,2023,67.6212036574251,63.0171037774869,4.60409987993825
"separate_lasso_CA","1se",6,2023,"California","CA","CA-530","Alpine, Inyo, Mono Counties CoC",2022,2023,26.9880700463091,58.7768767834987,-31.7888067371896
"separate_lasso_CA","1se",6,2023,"California","CA","CA-531","Nevada County CoC",2022,2023,48.206937095826,67.011461484775,-18.804524388949
"separate_lasso_CA","1se",6,2023,"California","CA","CA-600","Los Angeles City & County CoC",2022,2023,79.6603656143681,61.6409390011674,18.0194266132007
"separate_lasso_CA","1se",6,2023,"California","CA","CA-601","San Diego City and County CoC",2022,2023,31.2952018089261,48.7860993273133,-17.4908975183872
"separate_lasso_CA","1se",6,2023,"California","CA","CA-602","Santa Ana, Anaheim/Orange County CoC",2022,2023,19.2103681373341,33.1054301763188,-13.8950620389847
"separate_lasso_CA","1se",6,2023,"California","CA","CA-603","Santa Maria/Santa Barbara County CoC",2022,2023,42.6076707355073,52.7832068739033,-10.175536138396
"separate_lasso_CA","1se",6,2023,"California","CA","CA-604","Bakersfield/Kern County CoC",2022,2023,21.2293169456375,44.364057343167,-23.1347403975295
"separate_lasso_CA","1se",6,2023,"California","CA","CA-606","Long Beach CoC",2022,2023,75.9489842939261,77.4358193131408,-1.48683501921468
"separate_lasso_CA","1se",6,2023,"California","CA","CA-607","Pasadena CoC",2022,2023,40.7525357747308,54.3757392994013,-13.6232035246705
"separate_lasso_CA","1se",6,2023,"California","CA","CA-608","Riverside City & County CoC",2022,2023,14.8777310122209,23.4935913797389,-8.61586036751803
"separate_lasso_CA","1se",6,2023,"California","CA","CA-609","San Bernardino City & County CoC",2022,2023,19.0361146178301,23.5396977003572,-4.50358308252709
"separate_lasso_CA","1se",6,2023,"California","CA","CA-611","Oxnard, San Buenaventura/Ventura County CoC",2022,2023,29.3364388375511,37.4070241428845,-8.07058530533337
"separate_lasso_CA","1se",6,2023,"California","CA","CA-612","Glendale CoC",2022,2023,10.3028449062627,39.5406010823521,-29.2377561760894
"separate_lasso_CA","1se",6,2023,"California","CA","CA-613","Imperial County CoC",2022,2023,72.1152515731973,41.4317710859606,30.6834804872367
"separate_lasso_CA","1se",6,2023,"California","CA","CA-614","San Luis Obispo County CoC",2022,2023,54.2829302861192,46.3425882003019,7.94034208581734
"separate_lasso_FL","min",6,2023,"Florida","FL","FL-500","Sarasota, Bradenton/Manatee, Sarasota Counties CoC",2022,2023,12.5336911066377,1.73843957972896,10.7952515269087
"separate_lasso_FL","min",6,2023,"Florida","FL","FL-501","Tampa/Hillsborough County CoC",2022,2023,13.1066988080614,0.610303364118144,12.4963954439433
"separate_lasso_FL","min",6,2023,"Florida","FL","FL-502","St. Petersburg, Clearwater, Largo/Pinellas County CoC",2022,2023,22.2005233276348,16.9663292244355,5.23419410319926
"separate_lasso_FL","min",6,2023,"Florida","FL","FL-503","Lakeland/Polk County CoC",2022,2023,9.40840985749169,0.279515295151809,9.12889456233988
"separate_lasso_FL","min",6,2023,"Florida","FL","FL-504","Deltona, Daytona Beach/Volusia, Flagler Counties CoC",2022,2023,14.5486398472462,5.72973937048174,8.81890047676446
"separate_lasso_FL","min",6,2023,"Florida","FL","FL-505","Fort Walton Beach/Okaloosa, Walton Counties CoC",2022,2023,12.8960221485099,16.0933285290828,-3.19730638057285
"separate_lasso_FL","min",6,2023,"Florida","FL","FL-506","Tallahassee/Leon County CoC",2022,2023,17.5052373804426,16.6634264890814,0.841810891361153
"separate_lasso_FL","min",6,2023,"Florida","FL","FL-507","Orlando/Orange, Osceola, Seminole Counties CoC",2022,2023,9.26473762082523,-7.2056638772652,16.4704014980904
"separate_lasso_FL","min",6,2023,"Florida","FL","FL-508","Gainesville/Alachua, Putnam Counties CoC",2022,2023,20.8237295206089,22.9209494118653,-2.09721989125644
"separate_lasso_FL","min",6,2023,"Florida","FL","FL-509","Fort Pierce/St. Lucie, Indian River, Martin Counties CoC",2022,2023,12.9891102108449,4.17383109556763,8.81527911527727
"separate_lasso_FL","min",6,2023,"Florida","FL","FL-510","Jacksonville-Duval, Clay Counties CoC",2022,2023,8.96670800205119,-0.62512638704606,9.59183438909725
"separate_lasso_FL","min",6,2023,"Florida","FL","FL-511","Pensacola/Escambia, Santa Rosa Counties CoC",2022,2023,22.1612891109191,10.8139464292358,11.3473426816833
"separate_lasso_FL","min",6,2023,"Florida","FL","FL-512","St. Johns County CoC",2022,2023,13.553344092923,10.5758307274607,2.9775133654623
"separate_lasso_FL","min",6,2023,"Florida","FL","FL-513","Palm Bay, Melbourne/Brevard County CoC",2022,2023,16.2844515994211,6.78197232374509,9.50247927567601
"separate_lasso_FL","min",6,2023,"Florida","FL","FL-514","Ocala/Marion County CoC",2022,2023,11.011399466408,11.9986318562395,-0.987232389831476
"separate_lasso_FL","min",6,2023,"Florida","FL","FL-515","Panama City/Bay, Jackson Counties CoC",2022,2023,16.3420902070736,11.8118972862087,4.53019292086494
"separate_lasso_FL","min",6,2023,"Florida","FL","FL-517","Hendry, Hardee, Highlands Counties CoC",2022,2023,37.7252001366425,15.2131558426181,22.5120442940244
"separate_lasso_FL","min",6,2023,"Florida","FL","FL-518","Columbia, Hamilton, Lafayette, Suwannee Counties CoC",2022,2023,30.4179612613957,25.175481622989,5.24247963840673
"separate_lasso_FL","min",6,2023,"Florida","FL","FL-519","Pasco County CoC",2022,2023,10.7094878187451,7.35321038673336,3.35627743201174
"separate_lasso_FL","min",6,2023,"Florida","FL","FL-520","Citrus, Hernando, Lake, Sumter Counties CoC",2022,2023,6.7730455745609,-2.97634584177103,9.74939141633193
"separate_lasso_FL","min",6,2023,"Florida","FL","FL-600","Miami-Dade County CoC",2022,2023,13.0910528005796,0.626879514783174,12.4641732857964
"separate_lasso_FL","min",6,2023,"Florida","FL","FL-601","Ft Lauderdale/Broward County CoC",2022,2023,12.4347450877257,-4.1767103217611,16.6114554094868
"separate_lasso_FL","min",6,2023,"Florida","FL","FL-602","Charlotte County CoC",2022,2023,20.6465713152881,18.1649025597844,2.48166875550374
"separate_lasso_FL","min",6,2023,"Florida","FL","FL-603","Ft Myers, Cape Coral/Lee County CoC",2022,2023,10.1876200325011,0.863729667724765,9.32389036477634
"separate_lasso_FL","min",6,2023,"Florida","FL","FL-604","Monroe County CoC",2022,2023,59.6166636435093,53.942203162404,5.67446048110529
"separate_lasso_FL","min",6,2023,"Florida","FL","FL-605","West Palm Beach/Palm Beach County CoC",2022,2023,11.8883736192183,-0.764360038928715,12.652733658147
"separate_lasso_FL","min",6,2023,"Florida","FL","FL-606","Naples/Collier County CoC",2022,2023,17.0865385783903,10.1964138667769,6.89012471161344
"separate_lasso_FL","1se",6,2023,"Florida","FL","FL-500","Sarasota, Bradenton/Manatee, Sarasota Counties CoC",2022,2023,12.5336911066377,4.81517190082392,7.71851920581379
"separate_lasso_FL","1se",6,2023,"Florida","FL","FL-501","Tampa/Hillsborough County CoC",2022,2023,13.1066988080614,0.415603288796657,12.6910955192647
"separate_lasso_FL","1se",6,2023,"Florida","FL","FL-502","St. Petersburg, Clearwater, Largo/Pinellas County CoC",2022,2023,22.2005233276348,7.43783260038585,14.762690727249
"separate_lasso_FL","1se",6,2023,"Florida","FL","FL-503","Lakeland/Polk County CoC",2022,2023,9.40840985749169,5.07720058456343,4.33120927292826
"separate_lasso_FL","1se",6,2023,"Florida","FL","FL-504","Deltona, Daytona Beach/Volusia, Flagler Counties CoC",2022,2023,14.5486398472462,6.3583869109198,8.1902529363264
"separate_lasso_FL","1se",6,2023,"Florida","FL","FL-505","Fort Walton Beach/Okaloosa, Walton Counties CoC",2022,2023,12.8960221485099,11.9654830975746,0.930539050935273
"separate_lasso_FL","1se",6,2023,"Florida","FL","FL-506","Tallahassee/Leon County CoC",2022,2023,17.5052373804426,10.8692009735508,6.63603640689183
"separate_lasso_FL","1se",6,2023,"Florida","FL","FL-507","Orlando/Orange, Osceola, Seminole Counties CoC",2022,2023,9.26473762082523,-2.22548788418759,11.4902255050128
"separate_lasso_FL","1se",6,2023,"Florida","FL","FL-508","Gainesville/Alachua, Putnam Counties CoC",2022,2023,20.8237295206089,10.8180311839083,10.0056983367006
"separate_lasso_FL","1se",6,2023,"Florida","FL","FL-509","Fort Pierce/St. Lucie, Indian River, Martin Counties CoC",2022,2023,12.9891102108449,5.00185134355938,7.98725886728552
"separate_lasso_FL","1se",6,2023,"Florida","FL","FL-510","Jacksonville-Duval, Clay Counties CoC",2022,2023,8.96670800205119,1.85572181633235,7.11098618571884
"separate_lasso_FL","1se",6,2023,"Florida","FL","FL-511","Pensacola/Escambia, Santa Rosa Counties CoC",2022,2023,22.1612891109191,9.15164787931968,13.0096412315994
"separate_lasso_FL","1se",6,2023,"Florida","FL","FL-512","St. Johns County CoC",2022,2023,13.553344092923,11.3710155039695,2.18232858895352
"separate_lasso_FL","1se",6,2023,"Florida","FL","FL-513","Palm Bay, Melbourne/Brevard County CoC",2022,2023,16.2844515994211,7.2398310824296,9.0446205169915
"separate_lasso_FL","1se",6,2023,"Florida","FL","FL-514","Ocala/Marion County CoC",2022,2023,11.011399466408,10.8266260185136,0.184773447894353
"separate_lasso_FL","1se",6,2023,"Florida","FL","FL-515","Panama City/Bay, Jackson Counties CoC",2022,2023,16.3420902070736,10.6062655221782,5.73582468489537
"separate_lasso_FL","1se",6,2023,"Florida","FL","FL-517","Hendry, Hardee, Highlands Counties CoC",2022,2023,37.7252001366425,11.6976002389689,26.0275998976736
"separate_lasso_FL","1se",6,2023,"Florida","FL","FL-518","Columbia, Hamilton, Lafayette, Suwannee Counties CoC",2022,2023,30.4179612613957,17.0582267201736,13.3597345412221
"separate_lasso_FL","1se",6,2023,"Florida","FL","FL-519","Pasco County CoC",2022,2023,10.7094878187451,6.90033700786234,3.80915081088276
"separate_lasso_FL","1se",6,2023,"Florida","FL","FL-520","Citrus, Hernando, Lake, Sumter Counties CoC",2022,2023,6.7730455745609,2.80007854397745,3.97296703058345
"separate_lasso_FL","1se",6,2023,"Florida","FL","FL-600","Miami-Dade County CoC",2022,2023,13.0910528005796,-2.23225149274826,15.3233042933279
"separate_lasso_FL","1se",6,2023,"Florida","FL","FL-601","Ft Lauderdale/Broward County CoC",2022,2023,12.4347450877257,-1.70009498801048,14.1348400757362
"separate_lasso_FL","1se",6,2023,"Florida","FL","FL-602","Charlotte County CoC",2022,2023,20.6465713152881,14.7122103046207,5.9343610106674
"separate_lasso_FL","1se",6,2023,"Florida","FL","FL-603","Ft Myers, Cape Coral/Lee County CoC",2022,2023,10.1876200325011,3.68935896919352,6.49826106330758
"separate_lasso_FL","1se",6,2023,"Florida","FL","FL-604","Monroe County CoC",2022,2023,59.6166636435093,32.8057868579022,26.8108767856071
"separate_lasso_FL","1se",6,2023,"Florida","FL","FL-605","West Palm Beach/Palm Beach County CoC",2022,2023,11.8883736192183,-0.0852646295109364,11.9736382487292
"separate_lasso_FL","1se",6,2023,"Florida","FL","FL-606","Naples/Collier County CoC",2022,2023,17.0865385783903,10.0828078255939,7.00373075279641
"separate_state_lasso","min",6,2023,"California","CA","CA-500","San Jose/Santa Clara City & County CoC",2022,2023,52.3863758393167,35.770319356576,16.6160564827407
"separate_state_lasso","min",6,2023,"California","CA","CA-501","San Francisco CoC",2022,2023,92.8113439895413,86.2542763761716,6.55706761336967
"separate_state_lasso","min",6,2023,"California","CA","CA-502","Oakland, Berkeley/Alameda County CoC",2022,2023,59.7591630410488,60.8636583290344,-1.10449528798562
"separate_state_lasso","min",6,2023,"California","CA","CA-503","Sacramento City & County CoC",2022,2023,58.128428691055,45.9763080586202,12.1521206324348
"separate_state_lasso","min",6,2023,"California","CA","CA-504","Santa Rosa, Petaluma/Sonoma County CoC",2022,2023,46.8758080698379,64.7886284824707,-17.9128204126328
"separate_state_lasso","min",6,2023,"California","CA","CA-505","Contra Costa County CoC",2022,2023,20.4139065865831,28.8265455947137,-8.41263900813056
"separate_state_lasso","min",6,2023,"California","CA","CA-506","Salinas/Monterey, San Benito Counties CoC",2022,2023,44.0309410916966,54.1785030503833,-10.1475619586867
"separate_state_lasso","min",6,2023,"California","CA","CA-507","Marin County CoC",2022,2023,43.7671026412938,58.3476796424757,-14.5805770011819
"separate_state_lasso","min",6,2023,"California","CA","CA-508","Watsonville/Santa Cruz City & County CoC",2022,2023,68.5092776144796,69.5335332979123,-1.0242556834327
"separate_state_lasso","min",6,2023,"California","CA","CA-510","Turlock, Modesto/Stanislaus County CoC",2022,2023,37.7124368077712,48.4280089374589,-10.7155721296877
"separate_state_lasso","min",6,2023,"California","CA","CA-511","Stockton/San Joaquin County CoC",2022,2023,30.4445726408248,38.667547205572,-8.22297456474717
"separate_state_lasso","min",6,2023,"California","CA","CA-512","Daly City/San Mateo County CoC",2022,2023,25.3287353753462,37.0733212205435,-11.7445858451973
"separate_state_lasso","min",6,2023,"California","CA","CA-513","Visalia/Kings, Tulare Counties CoC",2022,2023,23.1856444583944,20.6569007475382,2.52874371085619
"separate_state_lasso","min",6,2023,"California","CA","CA-514","Fresno City & County/Madera County CoC",2022,2023,37.7900913085313,41.1518766106561,-3.36178530212482
"separate_state_lasso","min",6,2023,"California","CA","CA-515","Roseville, Rocklin/Placer County CoC",2022,2023,16.6747021954633,22.900948871079,-6.22624667561567
"separate_state_lasso","min",6,2023,"California","CA","CA-516","Redding/Shasta, Siskiyou, Lassen, Plumas, Del Norte, Modoc, Sierra Counties CoC",2022,2023,81.4394857133627,63.2945243415682,18.1449613717945
"separate_state_lasso","min",6,2023,"California","CA","CA-517","Napa City & County CoC",2022,2023,37.8663154428713,41.5669722968885,-3.70065685401721
"separate_state_lasso","min",6,2023,"California","CA","CA-518","Vallejo/Solano County CoC",2022,2023,26.5853156009278,32.6709256554071,-6.08561005447933
"separate_state_lasso","min",6,2023,"California","CA","CA-519","Chico, Paradise/Butte County CoC",2022,2023,59.6760032033037,69.6321829499188,-9.95617974661511
"separate_state_lasso","min",6,2023,"California","CA","CA-520","Merced City & County CoC",2022,2023,26.6377637869115,41.1139026947827,-14.4761389078712
"separate_state_lasso","min",6,2023,"California","CA","CA-521","Davis, Woodland/Yolo County CoC",2022,2023,33.203881745524,49.8131960355984,-16.6093142900744
"separate_state_lasso","min",6,2023,"California","CA","CA-522","Humboldt County CoC",2022,2023,123.622682074711,90.2882432397659,33.3344388349451
"separate_state_lasso","min",6,2023,"California","CA","CA-523","Colusa, Glenn, Trinity Counties CoC",2022,2023,54.619936276741,48.8096691408844,5.81026713585665
"separate_state_lasso","min",6,2023,"California","CA","CA-524","Yuba City & County/Sutter County CoC",2022,2023,52.2228609234173,52.0109128759497,0.211948047467637
"separate_state_lasso","min",6,2023,"California","CA","CA-525","El Dorado County CoC",2022,2023,25.5609349783955,29.2814841312599,-3.72054915286438
"separate_state_lasso","min",6,2023,"California","CA","CA-526","Amador, Calaveras, Mariposa, Tuolumne Counties CoC",2022,2023,45.8445174723428,55.6954109091952,-9.8508934368524
"separate_state_lasso","min",6,2023,"California","CA","CA-527","Tehama County CoC",2022,2023,46.7347189767556,41.1411567590338,5.59356221772178
"separate_state_lasso","min",6,2023,"California","CA","CA-529","Lake County CoC",2022,2023,67.6212036574251,74.2489663822332,-6.62776272480812
"separate_state_lasso","min",6,2023,"California","CA","CA-530","Alpine, Inyo, Mono Counties CoC",2022,2023,26.9880700463091,61.405125671591,-34.4170556252819
"separate_state_lasso","min",6,2023,"California","CA","CA-531","Nevada County CoC",2022,2023,48.206937095826,73.5595647871515,-25.3526276913255
"separate_state_lasso","min",6,2023,"California","CA","CA-600","Los Angeles City & County CoC",2022,2023,79.6603656143681,67.711934683467,11.9484309309011
"separate_state_lasso","min",6,2023,"California","CA","CA-601","San Diego City and County CoC",2022,2023,31.2952018089261,53.5540641100611,-22.258862301135
"separate_state_lasso","min",6,2023,"California","CA","CA-602","Santa Ana, Anaheim/Orange County CoC",2022,2023,19.2103681373341,28.4961077779245,-9.28573964059039
"separate_state_lasso","min",6,2023,"California","CA","CA-603","Santa Maria/Santa Barbara County CoC",2022,2023,42.6076707355073,58.8788180101542,-16.2711472746469
"separate_state_lasso","min",6,2023,"California","CA","CA-604","Bakersfield/Kern County CoC",2022,2023,21.2293169456375,50.3034861831725,-29.074169237535
"separate_state_lasso","min",6,2023,"California","CA","CA-606","Long Beach CoC",2022,2023,75.9489842939261,80.253595298668,-4.30461100474184
"separate_state_lasso","min",6,2023,"California","CA","CA-607","Pasadena CoC",2022,2023,40.7525357747308,60.068426000956,-19.3158902262252
"separate_state_lasso","min",6,2023,"California","CA","CA-608","Riverside City & County CoC",2022,2023,14.8777310122209,20.74931545293,-5.87158444070905
"separate_state_lasso","min",6,2023,"California","CA","CA-609","San Bernardino City & County CoC",2022,2023,19.0361146178301,22.6815826325668,-3.64546801473665
"separate_state_lasso","min",6,2023,"California","CA","CA-611","Oxnard, San Buenaventura/Ventura County CoC",2022,2023,29.3364388375511,38.3306422130228,-8.99420337547166
"separate_state_lasso","min",6,2023,"California","CA","CA-612","Glendale CoC",2022,2023,10.3028449062627,37.9896214713578,-27.6867765650951
"separate_state_lasso","min",6,2023,"California","CA","CA-613","Imperial County CoC",2022,2023,72.1152515731973,40.08879595239,32.0264556208073
"separate_state_lasso","min",6,2023,"California","CA","CA-614","San Luis Obispo County CoC",2022,2023,54.2829302861192,51.2866698207954,2.99626046532384
"separate_state_lasso","min",6,2023,"Florida","FL","FL-500","Sarasota, Bradenton/Manatee, Sarasota Counties CoC",2022,2023,12.5336911066377,1.73843957972896,10.7952515269087
"separate_state_lasso","min",6,2023,"Florida","FL","FL-501","Tampa/Hillsborough County CoC",2022,2023,13.1066988080614,0.610303364118144,12.4963954439433
"separate_state_lasso","min",6,2023,"Florida","FL","FL-502","St. Petersburg, Clearwater, Largo/Pinellas County CoC",2022,2023,22.2005233276348,16.9663292244355,5.23419410319926
"separate_state_lasso","min",6,2023,"Florida","FL","FL-503","Lakeland/Polk County CoC",2022,2023,9.40840985749169,0.279515295151809,9.12889456233988
"separate_state_lasso","min",6,2023,"Florida","FL","FL-504","Deltona, Daytona Beach/Volusia, Flagler Counties CoC",2022,2023,14.5486398472462,5.72973937048174,8.81890047676446
"separate_state_lasso","min",6,2023,"Florida","FL","FL-505","Fort Walton Beach/Okaloosa, Walton Counties CoC",2022,2023,12.8960221485099,16.0933285290828,-3.19730638057285
"separate_state_lasso","min",6,2023,"Florida","FL","FL-506","Tallahassee/Leon County CoC",2022,2023,17.5052373804426,16.6634264890814,0.841810891361153
"separate_state_lasso","min",6,2023,"Florida","FL","FL-507","Orlando/Orange, Osceola, Seminole Counties CoC",2022,2023,9.26473762082523,-7.2056638772652,16.4704014980904
"separate_state_lasso","min",6,2023,"Florida","FL","FL-508","Gainesville/Alachua, Putnam Counties CoC",2022,2023,20.8237295206089,22.9209494118653,-2.09721989125644
"separate_state_lasso","min",6,2023,"Florida","FL","FL-509","Fort Pierce/St. Lucie, Indian River, Martin Counties CoC",2022,2023,12.9891102108449,4.17383109556763,8.81527911527727
"separate_state_lasso","min",6,2023,"Florida","FL","FL-510","Jacksonville-Duval, Clay Counties CoC",2022,2023,8.96670800205119,-0.62512638704606,9.59183438909725
"separate_state_lasso","min",6,2023,"Florida","FL","FL-511","Pensacola/Escambia, Santa Rosa Counties CoC",2022,2023,22.1612891109191,10.8139464292358,11.3473426816833
"separate_state_lasso","min",6,2023,"Florida","FL","FL-512","St. Johns County CoC",2022,2023,13.553344092923,10.5758307274607,2.9775133654623
"separate_state_lasso","min",6,2023,"Florida","FL","FL-513","Palm Bay, Melbourne/Brevard County CoC",2022,2023,16.2844515994211,6.78197232374509,9.50247927567601
"separate_state_lasso","min",6,2023,"Florida","FL","FL-514","Ocala/Marion County CoC",2022,2023,11.011399466408,11.9986318562395,-0.987232389831476
"separate_state_lasso","min",6,2023,"Florida","FL","FL-515","Panama City/Bay, Jackson Counties CoC",2022,2023,16.3420902070736,11.8118972862087,4.53019292086494
"separate_state_lasso","min",6,2023,"Florida","FL","FL-517","Hendry, Hardee, Highlands Counties CoC",2022,2023,37.7252001366425,15.2131558426181,22.5120442940244
"separate_state_lasso","min",6,2023,"Florida","FL","FL-518","Columbia, Hamilton, Lafayette, Suwannee Counties CoC",2022,2023,30.4179612613957,25.175481622989,5.24247963840673
"separate_state_lasso","min",6,2023,"Florida","FL","FL-519","Pasco County CoC",2022,2023,10.7094878187451,7.35321038673336,3.35627743201174
"separate_state_lasso","min",6,2023,"Florida","FL","FL-520","Citrus, Hernando, Lake, Sumter Counties CoC",2022,2023,6.7730455745609,-2.97634584177103,9.74939141633193
"separate_state_lasso","min",6,2023,"Florida","FL","FL-600","Miami-Dade County CoC",2022,2023,13.0910528005796,0.626879514783174,12.4641732857964
"separate_state_lasso","min",6,2023,"Florida","FL","FL-601","Ft Lauderdale/Broward County CoC",2022,2023,12.4347450877257,-4.1767103217611,16.6114554094868
"separate_state_lasso","min",6,2023,"Florida","FL","FL-602","Charlotte County CoC",2022,2023,20.6465713152881,18.1649025597844,2.48166875550374
"separate_state_lasso","min",6,2023,"Florida","FL","FL-603","Ft Myers, Cape Coral/Lee County CoC",2022,2023,10.1876200325011,0.863729667724765,9.32389036477634
"separate_state_lasso","min",6,2023,"Florida","FL","FL-604","Monroe County CoC",2022,2023,59.6166636435093,53.942203162404,5.67446048110529
"separate_state_lasso","min",6,2023,"Florida","FL","FL-605","West Palm Beach/Palm Beach County CoC",2022,2023,11.8883736192183,-0.764360038928715,12.652733658147
"separate_state_lasso","min",6,2023,"Florida","FL","FL-606","Naples/Collier County CoC",2022,2023,17.0865385783903,10.1964138667769,6.89012471161344
"separate_state_lasso","1se",6,2023,"California","CA","CA-500","San Jose/Santa Clara City & County CoC",2022,2023,52.3863758393167,37.1384728239808,15.2479030153359
"separate_state_lasso","1se",6,2023,"California","CA","CA-501","San Francisco CoC",2022,2023,92.8113439895413,92.1470791421263,0.66426484741504
"separate_state_lasso","1se",6,2023,"California","CA","CA-502","Oakland, Berkeley/Alameda County CoC",2022,2023,59.7591630410488,59.1582449193045,0.600918121744293
"separate_state_lasso","1se",6,2023,"California","CA","CA-503","Sacramento City & County CoC",2022,2023,58.128428691055,45.1421451884666,12.9862835025884
"separate_state_lasso","1se",6,2023,"California","CA","CA-504","Santa Rosa, Petaluma/Sonoma County CoC",2022,2023,46.8758080698379,59.4960789847449,-12.620270914907
"separate_state_lasso","1se",6,2023,"California","CA","CA-505","Contra Costa County CoC",2022,2023,20.4139065865831,31.294485925672,-10.8805793390889
"separate_state_lasso","1se",6,2023,"California","CA","CA-506","Salinas/Monterey, San Benito Counties CoC",2022,2023,44.0309410916966,52.3032585004281,-8.27231740873152
"separate_state_lasso","1se",6,2023,"California","CA","CA-507","Marin County CoC",2022,2023,43.7671026412938,51.1999548541424,-7.43285221284862
"separate_state_lasso","1se",6,2023,"California","CA","CA-508","Watsonville/Santa Cruz City & County CoC",2022,2023,68.5092776144796,63.7263534625992,4.78292415188044
"separate_state_lasso","1se",6,2023,"California","CA","CA-510","Turlock, Modesto/Stanislaus County CoC",2022,2023,37.7124368077712,48.8085220934824,-11.0960852857112
"separate_state_lasso","1se",6,2023,"California","CA","CA-511","Stockton/San Joaquin County CoC",2022,2023,30.4445726408248,41.4875471999199,-11.0429745590951
"separate_state_lasso","1se",6,2023,"California","CA","CA-512","Daly City/San Mateo County CoC",2022,2023,25.3287353753462,38.0498860595292,-12.721150684183
"separate_state_lasso","1se",6,2023,"California","CA","CA-513","Visalia/Kings, Tulare Counties CoC",2022,2023,23.1856444583944,25.399633093272,-2.21398863487757
"separate_state_lasso","1se",6,2023,"California","CA","CA-514","Fresno City & County/Madera County CoC",2022,2023,37.7900913085313,42.5466626201693,-4.75657131163798
"separate_state_lasso","1se",6,2023,"California","CA","CA-515","Roseville, Rocklin/Placer County CoC",2022,2023,16.6747021954633,28.0775157869263,-11.402813591463
"separate_state_lasso","1se",6,2023,"California","CA","CA-516","Redding/Shasta, Siskiyou, Lassen, Plumas, Del Norte, Modoc, Sierra Counties CoC",2022,2023,81.4394857133627,68.6976151444864,12.7418705688763
"separate_state_lasso","1se",6,2023,"California","CA","CA-517","Napa City & County CoC",2022,2023,37.8663154428713,40.7487118508209,-2.88239640794965
"separate_state_lasso","1se",6,2023,"California","CA","CA-518","Vallejo/Solano County CoC",2022,2023,26.5853156009278,33.5920086451351,-7.00669304420727
"separate_state_lasso","1se",6,2023,"California","CA","CA-519","Chico, Paradise/Butte County CoC",2022,2023,59.6760032033037,66.3981542166093,-6.72215101330556
"separate_state_lasso","1se",6,2023,"California","CA","CA-520","Merced City & County CoC",2022,2023,26.6377637869115,43.9133370375312,-17.2755732506197
"separate_state_lasso","1se",6,2023,"California","CA","CA-521","Davis, Woodland/Yolo County CoC",2022,2023,33.203881745524,48.7020065863833,-15.4981248408593
"separate_state_lasso","1se",6,2023,"California","CA","CA-522","Humboldt County CoC",2022,2023,123.622682074711,80.9621744948033,42.6605075799077
"separate_state_lasso","1se",6,2023,"California","CA","CA-523","Colusa, Glenn, Trinity Counties CoC",2022,2023,54.619936276741,54.8430855062876,-0.223149229546607
"separate_state_lasso","1se",6,2023,"California","CA","CA-524","Yuba City & County/Sutter County CoC",2022,2023,52.2228609234173,53.868469912052,-1.64560898863471
"separate_state_lasso","1se",6,2023,"California","CA","CA-525","El Dorado County CoC",2022,2023,25.5609349783955,30.7289626180617,-5.16802763966615
"separate_state_lasso","1se",6,2023,"California","CA","CA-526","Amador, Calaveras, Mariposa, Tuolumne Counties CoC",2022,2023,45.8445174723428,53.5993143026081,-7.75479683026528
"separate_state_lasso","1se",6,2023,"California","CA","CA-527","Tehama County CoC",2022,2023,46.7347189767556,43.0836450174463,3.65107395930927
"separate_state_lasso","1se",6,2023,"California","CA","CA-529","Lake County CoC",2022,2023,67.6212036574251,63.0171037774869,4.60409987993825
"separate_state_lasso","1se",6,2023,"California","CA","CA-530","Alpine, Inyo, Mono Counties CoC",2022,2023,26.9880700463091,58.7768767834987,-31.7888067371896
"separate_state_lasso","1se",6,2023,"California","CA","CA-531","Nevada County CoC",2022,2023,48.206937095826,67.011461484775,-18.804524388949
"separate_state_lasso","1se",6,2023,"California","CA","CA-600","Los Angeles City & County CoC",2022,2023,79.6603656143681,61.6409390011674,18.0194266132007
"separate_state_lasso","1se",6,2023,"California","CA","CA-601","San Diego City and County CoC",2022,2023,31.2952018089261,48.7860993273133,-17.4908975183872
"separate_state_lasso","1se",6,2023,"California","CA","CA-602","Santa Ana, Anaheim/Orange County CoC",2022,2023,19.2103681373341,33.1054301763188,-13.8950620389847
"separate_state_lasso","1se",6,2023,"California","CA","CA-603","Santa Maria/Santa Barbara County CoC",2022,2023,42.6076707355073,52.7832068739033,-10.175536138396
"separate_state_lasso","1se",6,2023,"California","CA","CA-604","Bakersfield/Kern County CoC",2022,2023,21.2293169456375,44.364057343167,-23.1347403975295
"separate_state_lasso","1se",6,2023,"California","CA","CA-606","Long Beach CoC",2022,2023,75.9489842939261,77.4358193131408,-1.48683501921468
"separate_state_lasso","1se",6,2023,"California","CA","CA-607","Pasadena CoC",2022,2023,40.7525357747308,54.3757392994013,-13.6232035246705
"separate_state_lasso","1se",6,2023,"California","CA","CA-608","Riverside City & County CoC",2022,2023,14.8777310122209,23.4935913797389,-8.61586036751803
"separate_state_lasso","1se",6,2023,"California","CA","CA-609","San Bernardino City & County CoC",2022,2023,19.0361146178301,23.5396977003572,-4.50358308252709
"separate_state_lasso","1se",6,2023,"California","CA","CA-611","Oxnard, San Buenaventura/Ventura County CoC",2022,2023,29.3364388375511,37.4070241428845,-8.07058530533337
"separate_state_lasso","1se",6,2023,"California","CA","CA-612","Glendale CoC",2022,2023,10.3028449062627,39.5406010823521,-29.2377561760894
"separate_state_lasso","1se",6,2023,"California","CA","CA-613","Imperial County CoC",2022,2023,72.1152515731973,41.4317710859606,30.6834804872367
"separate_state_lasso","1se",6,2023,"California","CA","CA-614","San Luis Obispo County CoC",2022,2023,54.2829302861192,46.3425882003019,7.94034208581734
"separate_state_lasso","1se",6,2023,"Florida","FL","FL-500","Sarasota, Bradenton/Manatee, Sarasota Counties CoC",2022,2023,12.5336911066377,4.81517190082392,7.71851920581379
"separate_state_lasso","1se",6,2023,"Florida","FL","FL-501","Tampa/Hillsborough County CoC",2022,2023,13.1066988080614,0.415603288796657,12.6910955192647
"separate_state_lasso","1se",6,2023,"Florida","FL","FL-502","St. Petersburg, Clearwater, Largo/Pinellas County CoC",2022,2023,22.2005233276348,7.43783260038585,14.762690727249
"separate_state_lasso","1se",6,2023,"Florida","FL","FL-503","Lakeland/Polk County CoC",2022,2023,9.40840985749169,5.07720058456343,4.33120927292826
"separate_state_lasso","1se",6,2023,"Florida","FL","FL-504","Deltona, Daytona Beach/Volusia, Flagler Counties CoC",2022,2023,14.5486398472462,6.3583869109198,8.1902529363264
"separate_state_lasso","1se",6,2023,"Florida","FL","FL-505","Fort Walton Beach/Okaloosa, Walton Counties CoC",2022,2023,12.8960221485099,11.9654830975746,0.930539050935273
"separate_state_lasso","1se",6,2023,"Florida","FL","FL-506","Tallahassee/Leon County CoC",2022,2023,17.5052373804426,10.8692009735508,6.63603640689183
"separate_state_lasso","1se",6,2023,"Florida","FL","FL-507","Orlando/Orange, Osceola, Seminole Counties CoC",2022,2023,9.26473762082523,-2.22548788418759,11.4902255050128
"separate_state_lasso","1se",6,2023,"Florida","FL","FL-508","Gainesville/Alachua, Putnam Counties CoC",2022,2023,20.8237295206089,10.8180311839083,10.0056983367006
"separate_state_lasso","1se",6,2023,"Florida","FL","FL-509","Fort Pierce/St. Lucie, Indian River, Martin Counties CoC",2022,2023,12.9891102108449,5.00185134355938,7.98725886728552
"separate_state_lasso","1se",6,2023,"Florida","FL","FL-510","Jacksonville-Duval, Clay Counties CoC",2022,2023,8.96670800205119,1.85572181633235,7.11098618571884
"separate_state_lasso","1se",6,2023,"Florida","FL","FL-511","Pensacola/Escambia, Santa Rosa Counties CoC",2022,2023,22.1612891109191,9.15164787931968,13.0096412315994
"separate_state_lasso","1se",6,2023,"Florida","FL","FL-512","St. Johns County CoC",2022,2023,13.553344092923,11.3710155039695,2.18232858895352
"separate_state_lasso","1se",6,2023,"Florida","FL","FL-513","Palm Bay, Melbourne/Brevard County CoC",2022,2023,16.2844515994211,7.2398310824296,9.0446205169915
"separate_state_lasso","1se",6,2023,"Florida","FL","FL-514","Ocala/Marion County CoC",2022,2023,11.011399466408,10.8266260185136,0.184773447894353
"separate_state_lasso","1se",6,2023,"Florida","FL","FL-515","Panama City/Bay, Jackson Counties CoC",2022,2023,16.3420902070736,10.6062655221782,5.73582468489537
"separate_state_lasso","1se",6,2023,"Florida","FL","FL-517","Hendry, Hardee, Highlands Counties CoC",2022,2023,37.7252001366425,11.6976002389689,26.0275998976736
"separate_state_lasso","1se",6,2023,"Florida","FL","FL-518","Columbia, Hamilton, Lafayette, Suwannee Counties CoC",2022,2023,30.4179612613957,17.0582267201736,13.3597345412221
"separate_state_lasso","1se",6,2023,"Florida","FL","FL-519","Pasco County CoC",2022,2023,10.7094878187451,6.90033700786234,3.80915081088276
"separate_state_lasso","1se",6,2023,"Florida","FL","FL-520","Citrus, Hernando, Lake, Sumter Counties CoC",2022,2023,6.7730455745609,2.80007854397745,3.97296703058345
"separate_state_lasso","1se",6,2023,"Florida","FL","FL-600","Miami-Dade County CoC",2022,2023,13.0910528005796,-2.23225149274826,15.3233042933279
"separate_state_lasso","1se",6,2023,"Florida","FL","FL-601","Ft Lauderdale/Broward County CoC",2022,2023,12.4347450877257,-1.70009498801048,14.1348400757362
"separate_state_lasso","1se",6,2023,"Florida","FL","FL-602","Charlotte County CoC",2022,2023,20.6465713152881,14.7122103046207,5.9343610106674
"separate_state_lasso","1se",6,2023,"Florida","FL","FL-603","Ft Myers, Cape Coral/Lee County CoC",2022,2023,10.1876200325011,3.68935896919352,6.49826106330758
"separate_state_lasso","1se",6,2023,"Florida","FL","FL-604","Monroe County CoC",2022,2023,59.6166636435093,32.8057868579022,26.8108767856071
"separate_state_lasso","1se",6,2023,"Florida","FL","FL-605","West Palm Beach/Palm Beach County CoC",2022,2023,11.8883736192183,-0.0852646295109364,11.9736382487292
"separate_state_lasso","1se",6,2023,"Florida","FL","FL-606","Naples/Collier County CoC",2022,2023,17.0865385783903,10.0828078255939,7.00373075279641
"state_time_baseline","none",7,2024,"California","CA","CA-500","San Jose/Santa Clara City & County CoC",2023,2024,54.4784607240383,36.7685572312348,17.7099034928035
"state_time_baseline","none",7,2024,"California","CA","CA-501","San Francisco CoC",2023,2024,101.383162087594,36.7685572312348,64.6146048563592
"state_time_baseline","none",7,2024,"California","CA","CA-502","Oakland, Berkeley/Alameda County CoC",2023,2024,57.7408127951197,36.7685572312348,20.9722555638849
"state_time_baseline","none",7,2024,"California","CA","CA-503","Sacramento City & County CoC",2023,2024,41.0895852343349,36.7685572312348,4.32102800310005
"state_time_baseline","none",7,2024,"California","CA","CA-504","Santa Rosa, Petaluma/Sonoma County CoC",2023,2024,51.9611095200911,36.7685572312348,15.1925522888563
"state_time_baseline","none",7,2024,"California","CA","CA-505","Contra Costa County CoC",2023,2024,24.308827276505,36.7685572312348,-12.4597299547298
"state_time_baseline","none",7,2024,"California","CA","CA-506","Salinas/Monterey, San Benito Counties CoC",2023,2024,60.8319470202893,36.7685572312348,24.0633897890545
"state_time_baseline","none",7,2024,"California","CA","CA-507","Marin County CoC",2023,2024,42.6274129462191,36.7685572312348,5.85885571498426
"state_time_baseline","none",7,2024,"California","CA","CA-508","Watsonville/Santa Cruz City & County CoC",2023,2024,70.7681596835707,36.7685572312348,33.9996024523359
"state_time_baseline","none",7,2024,"California","CA","CA-509","Mendocino County CoC",2023,2024,87.0259391268173,36.7685572312348,50.2573818955825
"state_time_baseline","none",7,2024,"California","CA","CA-510","Turlock, Modesto/Stanislaus County CoC",2023,2024,36.8156276239208,36.7685572312348,0.0470703926859528
"state_time_baseline","none",7,2024,"California","CA","CA-511","Stockton/San Joaquin County CoC",2023,2024,57.908655581785,36.7685572312348,21.1400983505502
"state_time_baseline","none",7,2024,"California","CA","CA-512","Daly City/San Mateo County CoC",2023,2024,28.7594160083281,36.7685572312348,-8.00914122290675
"state_time_baseline","none",7,2024,"California","CA","CA-513","Visalia/Kings, Tulare Counties CoC",2023,2024,26.2081289088829,36.7685572312348,-10.5604283223519
"state_time_baseline","none",7,2024,"California","CA","CA-514","Fresno City & County/Madera County CoC",2023,2024,35.88008301176,36.7685572312348,-0.888474219474844
"state_time_baseline","none",7,2024,"California","CA","CA-515","Roseville, Rocklin/Placer County CoC",2023,2024,16.1647235993451,36.7685572312348,-20.6038336318897
"state_time_baseline","none",7,2024,"California","CA","CA-516","Redding/Shasta, Siskiyou, Lassen, Plumas, Del Norte, Modoc, Sierra Counties CoC",2023,2024,77.5826736331863,36.7685572312348,40.8141164019515
"state_time_baseline","none",7,2024,"California","CA","CA-517","Napa City & County CoC",2023,2024,31.1009277692221,36.7685572312348,-5.66762946201274
"state_time_baseline","none",7,2024,"California","CA","CA-518","Vallejo/Solano County CoC",2023,2024,37.9057564011286,36.7685572312348,1.13719916989375
"state_time_baseline","none",7,2024,"California","CA","CA-519","Chico, Paradise/Butte County CoC",2023,2024,66.2077032974409,36.7685572312348,29.4391460662061
"state_time_baseline","none",7,2024,"California","CA","CA-520","Merced City & County CoC",2023,2024,28.2001435276122,36.7685572312348,-8.56841370362264
"state_time_baseline","none",7,2024,"California","CA","CA-521","Davis, Woodland/Yolo County CoC",2023,2024,42.192958882021,36.7685572312348,5.42440165078616
"state_time_baseline","none",7,2024,"California","CA","CA-522","Humboldt County CoC",2023,2024,118.874882863275,36.7685572312348,82.1063256320402
"state_time_baseline","none",7,2024,"California","CA","CA-523","Colusa, Glenn, Trinity Counties CoC",2023,2024,37.5569790862145,36.7685572312348,0.788421854979653
"state_time_baseline","none",7,2024,"California","CA","CA-524","Yuba City & County/Sutter County CoC",2023,2024,49.7923530106131,36.7685572312348,13.0237957793783
"state_time_baseline","none",7,2024,"California","CA","CA-525","El Dorado County CoC",2023,2024,14.7631399743205,36.7685572312348,-22.0054172569143
"state_time_baseline","none",7,2024,"California","CA","CA-526","Amador, Calaveras, Mariposa, Tuolumne Counties CoC",2023,2024,45.0492785223335,36.7685572312348,8.28072129109866
"state_time_baseline","none",7,2024,"California","CA","CA-527","Tehama County CoC",2023,2024,50.0254759368197,36.7685572312348,13.2569187055849
"state_time_baseline","none",7,2024,"California","CA","CA-529","Lake County CoC",2023,2024,88.98055391868,36.7685572312348,52.2119966874452
"state_time_baseline","none",7,2024,"California","CA","CA-530","Alpine, Inyo, Mono Counties CoC",2023,2024,33.0423940149626,36.7685572312348,-3.72616321627224
"state_time_baseline","none",7,2024,"California","CA","CA-531","Nevada County CoC",2023,2024,50.5159281812308,36.7685572312348,13.747370949996
"state_time_baseline","none",7,2024,"California","CA","CA-600","Los Angeles City & County CoC",2023,2024,79.3944803924888,36.7685572312348,42.625923161254
"state_time_baseline","none",7,2024,"California","CA","CA-601","San Diego City and County CoC",2023,2024,32.2581430138383,36.7685572312348,-4.51041421739654
"state_time_baseline","none",7,2024,"California","CA","CA-602","Santa Ana, Anaheim/Orange County CoC",2023,2024,23.1853622530776,36.7685572312348,-13.5831949781572
"state_time_baseline","none",7,2024,"California","CA","CA-603","Santa Maria/Santa Barbara County CoC",2023,2024,47.8242127285982,36.7685572312348,11.0556554973634
"state_time_baseline","none",7,2024,"California","CA","CA-604","Bakersfield/Kern County CoC",2023,2024,28.8650383713586,36.7685572312348,-7.90351885987624
"state_time_baseline","none",7,2024,"California","CA","CA-606","Long Beach CoC",2023,2024,74.2602456319121,36.7685572312348,37.4916884006773
"state_time_baseline","none",7,2024,"California","CA","CA-607","Pasadena CoC",2023,2024,40.6843979834377,36.7685572312348,3.91584075220285
"state_time_baseline","none",7,2024,"California","CA","CA-608","Riverside City & County CoC",2023,2024,16.8003631314074,36.7685572312348,-19.9681940998274
"state_time_baseline","none",7,2024,"California","CA","CA-609","San Bernardino City & County CoC",2023,2024,19.1773437823942,36.7685572312348,-17.5912134488406
"state_time_baseline","none",7,2024,"California","CA","CA-611","Oxnard, San Buenaventura/Ventura County CoC",2023,2024,28.2926840974238,36.7685572312348,-8.47587313381105
"state_time_baseline","none",7,2024,"California","CA","CA-612","Glendale CoC",2023,2024,9.23068341548815,36.7685572312348,-27.5378738157467
"state_time_baseline","none",7,2024,"California","CA","CA-613","Imperial County CoC",2023,2024,82.5076188235552,36.7685572312348,45.7390615923204
"state_time_baseline","none",7,2024,"California","CA","CA-614","San Luis Obispo County CoC",2023,2024,41.6440725422023,36.7685572312348,4.87551531096746
"state_time_baseline","none",7,2024,"Florida","FL","FL-500","Sarasota, Bradenton/Manatee, Sarasota Counties CoC",2023,2024,12.3750594954783,20.5901232083276,-8.21506371284932
"state_time_baseline","none",7,2024,"Florida","FL","FL-501","Tampa/Hillsborough County CoC",2023,2024,12.0481314258292,20.5901232083276,-8.54199178249842
"state_time_baseline","none",7,2024,"Florida","FL","FL-502","St. Petersburg, Clearwater, Largo/Pinellas County CoC",2023,2024,21.9700811227024,20.5901232083276,1.37995791437478
"state_time_baseline","none",7,2024,"Florida","FL","FL-503","Lakeland/Polk County CoC",2023,2024,14.1760841122154,20.5901232083276,-6.41403909611222
"state_time_baseline","none",7,2024,"Florida","FL","FL-504","Deltona, Daytona Beach/Volusia, Flagler Counties CoC",2023,2024,15.7853838736844,20.5901232083276,-4.80473933464322
"state_time_baseline","none",7,2024,"Florida","FL","FL-505","Fort Walton Beach/Okaloosa, Walton Counties CoC",2023,2024,12.6047304812041,20.5901232083276,-7.98539272712352
"state_time_baseline","none",7,2024,"Florida","FL","FL-506","Tallahassee/Leon County CoC",2023,2024,18.2713080699693,20.5901232083276,-2.31881513835832
"state_time_baseline","none",7,2024,"Florida","FL","FL-507","Orlando/Orange, Osceola, Seminole Counties CoC",2023,2024,11.2092413249517,20.5901232083276,-9.38088188337592
"state_time_baseline","none",7,2024,"Florida","FL","FL-508","Gainesville/Alachua, Putnam Counties CoC",2023,2024,15.4152656138896,20.5901232083276,-5.17485759443802
"state_time_baseline","none",7,2024,"Florida","FL","FL-509","Fort Pierce/St. Lucie, Indian River, Martin Counties CoC",2023,2024,9.62444086254761,20.5901232083276,-10.96568234578
"state_time_baseline","none",7,2024,"Florida","FL","FL-510","Jacksonville-Duval, Clay Counties CoC",2023,2024,9.48993257017078,20.5901232083276,-11.1001906381568
"state_time_baseline","none",7,2024,"Florida","FL","FL-511","Pensacola/Escambia, Santa Rosa Counties CoC",2023,2024,20.802344385312,20.5901232083276,0.212221176984382
"state_time_baseline","none",7,2024,"Florida","FL","FL-512","St. Johns County CoC",2023,2024,13.259973480053,20.5901232083276,-7.33014972827462
"state_time_baseline","none",7,2024,"Florida","FL","FL-513","Palm Bay, Melbourne/Brevard County CoC",2023,2024,17.0056106324685,20.5901232083276,-3.58451257585912
"state_time_baseline","none",7,2024,"Florida","FL","FL-514","Ocala/Marion County CoC",2023,2024,8.83187887708969,20.5901232083276,-11.7582443312379
"state_time_baseline","none",7,2024,"Florida","FL","FL-515","Panama City/Bay, Jackson Counties CoC",2023,2024,15.3172262007447,20.5901232083276,-5.27289700758292
"state_time_baseline","none",7,2024,"Florida","FL","FL-517","Hendry, Hardee, Highlands Counties CoC",2023,2024,23.3043452969577,20.5901232083276,2.71422208863008
"state_time_baseline","none",7,2024,"Florida","FL","FL-519","Pasco County CoC",2023,2024,11.1400661393804,20.5901232083276,-9.45005706894722
"state_time_baseline","none",7,2024,"Florida","FL","FL-520","Citrus, Hernando, Lake, Sumter Counties CoC",2023,2024,7.9788205963204,20.5901232083276,-12.6113026120072
"state_time_baseline","none",7,2024,"Florida","FL","FL-600","Miami-Dade County CoC",2023,2024,13.5128215340324,20.5901232083276,-7.07730167429522
"state_time_baseline","none",7,2024,"Florida","FL","FL-601","Ft Lauderdale/Broward County CoC",2023,2024,12.2610790444801,20.5901232083276,-8.32904416384752
"state_time_baseline","none",7,2024,"Florida","FL","FL-602","Charlotte County CoC",2023,2024,16.2208686440678,20.5901232083276,-4.36925456425982
"state_time_baseline","none",7,2024,"Florida","FL","FL-603","Ft Myers, Cape Coral/Lee County CoC",2023,2024,10.9206921003125,20.5901232083276,-9.66943110801512
"state_time_baseline","none",7,2024,"Florida","FL","FL-604","Monroe County CoC",2023,2024,54.8680119490337,20.5901232083276,34.2778887407061
"state_time_baseline","none",7,2024,"Florida","FL","FL-605","West Palm Beach/Palm Beach County CoC",2023,2024,13.5057186490724,20.5901232083276,-7.08440455925522
"state_time_baseline","none",7,2024,"Florida","FL","FL-606","Naples/Collier County CoC",2023,2024,15.8378967273146,20.5901232083276,-4.75222648101302
"pooled_lasso","min",7,2024,"California","CA","CA-500","San Jose/Santa Clara City & County CoC",2023,2024,54.4784607240383,34.0463866707325,20.4320740533058
"pooled_lasso","min",7,2024,"California","CA","CA-501","San Francisco CoC",2023,2024,101.383162087594,89.8729604316358,11.5102016559582
"pooled_lasso","min",7,2024,"California","CA","CA-502","Oakland, Berkeley/Alameda County CoC",2023,2024,57.7408127951197,45.3177566513094,12.4230561438103
"pooled_lasso","min",7,2024,"California","CA","CA-503","Sacramento City & County CoC",2023,2024,41.0895852343349,36.3836971024674,4.7058881318675
"pooled_lasso","min",7,2024,"California","CA","CA-504","Santa Rosa, Petaluma/Sonoma County CoC",2023,2024,51.9611095200911,51.4646297753667,0.496479744724354
"pooled_lasso","min",7,2024,"California","CA","CA-505","Contra Costa County CoC",2023,2024,24.308827276505,24.4085657035616,-0.0997384270565824
"pooled_lasso","min",7,2024,"California","CA","CA-506","Salinas/Monterey, San Benito Counties CoC",2023,2024,60.8319470202893,39.036481873194,21.7954651470952
"pooled_lasso","min",7,2024,"California","CA","CA-507","Marin County CoC",2023,2024,42.6274129462191,46.681223519282,-4.05381057306288
"pooled_lasso","min",7,2024,"California","CA","CA-508","Watsonville/Santa Cruz City & County CoC",2023,2024,70.7681596835707,54.4638360562282,16.3043236273425
"pooled_lasso","min",7,2024,"California","CA","CA-509","Mendocino County CoC",2023,2024,87.0259391268173,85.3034054912114,1.72253363560587
"pooled_lasso","min",7,2024,"California","CA","CA-510","Turlock, Modesto/Stanislaus County CoC",2023,2024,36.8156276239208,40.1031666687707,-3.28753904484992
"pooled_lasso","min",7,2024,"California","CA","CA-511","Stockton/San Joaquin County CoC",2023,2024,57.908655581785,35.4136330778313,22.4950225039537
"pooled_lasso","min",7,2024,"California","CA","CA-512","Daly City/San Mateo County CoC",2023,2024,28.7594160083281,32.8627801956024,-4.10336418727429
"pooled_lasso","min",7,2024,"California","CA","CA-513","Visalia/Kings, Tulare Counties CoC",2023,2024,26.2081289088829,26.0134423742273,0.194686534655617
"pooled_lasso","min",7,2024,"California","CA","CA-514","Fresno City & County/Madera County CoC",2023,2024,35.88008301176,31.0984397756882,4.78164323607182
"pooled_lasso","min",7,2024,"California","CA","CA-515","Roseville, Rocklin/Placer County CoC",2023,2024,16.1647235993451,25.9174481160539,-9.75272451670876
"pooled_lasso","min",7,2024,"California","CA","CA-516","Redding/Shasta, Siskiyou, Lassen, Plumas, Del Norte, Modoc, Sierra Counties CoC",2023,2024,77.5826736331863,53.2827037057784,24.2999699274079
"pooled_lasso","min",7,2024,"California","CA","CA-517","Napa City & County CoC",2023,2024,31.1009277692221,40.9468675710726,-9.84593980185051
"pooled_lasso","min",7,2024,"California","CA","CA-518","Vallejo/Solano County CoC",2023,2024,37.9057564011286,28.2747107863806,9.63104561474799
"pooled_lasso","min",7,2024,"California","CA","CA-519","Chico, Paradise/Butte County CoC",2023,2024,66.2077032974409,57.1740226587821,9.03368063865875
"pooled_lasso","min",7,2024,"California","CA","CA-520","Merced City & County CoC",2023,2024,28.2001435276122,35.9215483478086,-7.72140482019644
"pooled_lasso","min",7,2024,"California","CA","CA-521","Davis, Woodland/Yolo County CoC",2023,2024,42.192958882021,48.4327246876487,-6.23976580562769
"pooled_lasso","min",7,2024,"California","CA","CA-522","Humboldt County CoC",2023,2024,118.874882863275,62.7487679907912,56.1261148724838
"pooled_lasso","min",7,2024,"California","CA","CA-523","Colusa, Glenn, Trinity Counties CoC",2023,2024,37.5569790862145,50.2159099762045,-12.65893088999
"pooled_lasso","min",7,2024,"California","CA","CA-524","Yuba City & County/Sutter County CoC",2023,2024,49.7923530106131,45.09145280446,4.70090020615313
"pooled_lasso","min",7,2024,"California","CA","CA-525","El Dorado County CoC",2023,2024,14.7631399743205,28.3737589488294,-13.6106189745089
"pooled_lasso","min",7,2024,"California","CA","CA-526","Amador, Calaveras, Mariposa, Tuolumne Counties CoC",2023,2024,45.0492785223335,45.9151328095647,-0.865854287231237
"pooled_lasso","min",7,2024,"California","CA","CA-527","Tehama County CoC",2023,2024,50.0254759368197,39.4864473404957,10.539028596324
"pooled_lasso","min",7,2024,"California","CA","CA-529","Lake County CoC",2023,2024,88.98055391868,54.2882505985983,34.6923033200817
"pooled_lasso","min",7,2024,"California","CA","CA-530","Alpine, Inyo, Mono Counties CoC",2023,2024,33.0423940149626,36.8757167896586,-3.83332277469604
"pooled_lasso","min",7,2024,"California","CA","CA-531","Nevada County CoC",2023,2024,50.5159281812308,53.9932074718125,-3.47727929058168
"pooled_lasso","min",7,2024,"California","CA","CA-600","Los Angeles City & County CoC",2023,2024,79.3944803924888,37.3974998840839,41.9969805084049
"pooled_lasso","min",7,2024,"California","CA","CA-601","San Diego City and County CoC",2023,2024,32.2581430138383,34.0775154708575,-1.81937245701918
"pooled_lasso","min",7,2024,"California","CA","CA-602","Santa Ana, Anaheim/Orange County CoC",2023,2024,23.1853622530776,21.4285791600505,1.75678309302714
"pooled_lasso","min",7,2024,"California","CA","CA-603","Santa Maria/Santa Barbara County CoC",2023,2024,47.8242127285982,45.8122001605296,2.01201256806855
"pooled_lasso","min",7,2024,"California","CA","CA-604","Bakersfield/Kern County CoC",2023,2024,28.8650383713586,42.7340187436704,-13.8689803723118
"pooled_lasso","min",7,2024,"California","CA","CA-606","Long Beach CoC",2023,2024,74.2602456319121,62.5222408936145,11.7380047382976
"pooled_lasso","min",7,2024,"California","CA","CA-607","Pasadena CoC",2023,2024,40.6843979834377,55.369425252018,-14.6850272685803
"pooled_lasso","min",7,2024,"California","CA","CA-608","Riverside City & County CoC",2023,2024,16.8003631314074,15.872225527305,0.928137604102437
"pooled_lasso","min",7,2024,"California","CA","CA-609","San Bernardino City & County CoC",2023,2024,19.1773437823942,17.5517148491408,1.62562893325343
"pooled_lasso","min",7,2024,"California","CA","CA-611","Oxnard, San Buenaventura/Ventura County CoC",2023,2024,28.2926840974238,30.1903053586833,-1.8976212612595
"pooled_lasso","min",7,2024,"California","CA","CA-612","Glendale CoC",2023,2024,9.23068341548815,34.0884648775316,-24.8577814620435
"pooled_lasso","min",7,2024,"California","CA","CA-613","Imperial County CoC",2023,2024,82.5076188235552,35.7578796832245,46.7497391403307
"pooled_lasso","min",7,2024,"California","CA","CA-614","San Luis Obispo County CoC",2023,2024,41.6440725422023,40.0310213495216,1.61305119268075
"pooled_lasso","min",7,2024,"Florida","FL","FL-500","Sarasota, Bradenton/Manatee, Sarasota Counties CoC",2023,2024,12.3750594954783,12.1380885984031,0.236970897075246
"pooled_lasso","min",7,2024,"Florida","FL","FL-501","Tampa/Hillsborough County CoC",2023,2024,12.0481314258292,10.1984689568701,1.84966246895906
"pooled_lasso","min",7,2024,"Florida","FL","FL-502","St. Petersburg, Clearwater, Largo/Pinellas County CoC",2023,2024,21.9700811227024,30.0678463266678,-8.09776520396542
"pooled_lasso","min",7,2024,"Florida","FL","FL-503","Lakeland/Polk County CoC",2023,2024,14.1760841122154,8.74849143964196,5.42759267257344
"pooled_lasso","min",7,2024,"Florida","FL","FL-504","Deltona, Daytona Beach/Volusia, Flagler Counties CoC",2023,2024,15.7853838736844,13.9005435567909,1.88484031689351
"pooled_lasso","min",7,2024,"Florida","FL","FL-505","Fort Walton Beach/Okaloosa, Walton Counties CoC",2023,2024,12.6047304812041,16.0154164677987,-3.41068598659461
"pooled_lasso","min",7,2024,"Florida","FL","FL-506","Tallahassee/Leon County CoC",2023,2024,18.2713080699693,29.4048516036186,-11.1335435336493
"pooled_lasso","min",7,2024,"Florida","FL","FL-507","Orlando/Orange, Osceola, Seminole Counties CoC",2023,2024,11.2092413249517,6.51625891801687,4.69298240693483
"pooled_lasso","min",7,2024,"Florida","FL","FL-508","Gainesville/Alachua, Putnam Counties CoC",2023,2024,15.4152656138896,23.1105046907403,-7.6952390768507
"pooled_lasso","min",7,2024,"Florida","FL","FL-509","Fort Pierce/St. Lucie, Indian River, Martin Counties CoC",2023,2024,9.62444086254761,8.17461258807,1.44982827447761
"pooled_lasso","min",7,2024,"Florida","FL","FL-510","Jacksonville-Duval, Clay Counties CoC",2023,2024,9.48993257017078,10.0174604647991,-0.5275278946283
"pooled_lasso","min",7,2024,"Florida","FL","FL-511","Pensacola/Escambia, Santa Rosa Counties CoC",2023,2024,20.802344385312,20.4421535164927,0.360190868819263
"pooled_lasso","min",7,2024,"Florida","FL","FL-512","St. Johns County CoC",2023,2024,13.259973480053,10.9440154141483,2.31595806590475
"pooled_lasso","min",7,2024,"Florida","FL","FL-513","Palm Bay, Melbourne/Brevard County CoC",2023,2024,17.0056106324685,13.959498399272,3.04611223319649
"pooled_lasso","min",7,2024,"Florida","FL","FL-514","Ocala/Marion County CoC",2023,2024,8.83187887708969,15.3420411695031,-6.51016229241341
"pooled_lasso","min",7,2024,"Florida","FL","FL-515","Panama City/Bay, Jackson Counties CoC",2023,2024,15.3172262007447,18.0455711242447,-2.72834492350004
"pooled_lasso","min",7,2024,"Florida","FL","FL-517","Hendry, Hardee, Highlands Counties CoC",2023,2024,23.3043452969577,15.9993948127787,7.30495048417897
"pooled_lasso","min",7,2024,"Florida","FL","FL-519","Pasco County CoC",2023,2024,11.1400661393804,10.5096914886342,0.630374650746219
"pooled_lasso","min",7,2024,"Florida","FL","FL-520","Citrus, Hernando, Lake, Sumter Counties CoC",2023,2024,7.9788205963204,5.11057393753859,2.86824665878181
"pooled_lasso","min",7,2024,"Florida","FL","FL-600","Miami-Dade County CoC",2023,2024,13.5128215340324,13.2129063745587,0.299915159473697
"pooled_lasso","min",7,2024,"Florida","FL","FL-601","Ft Lauderdale/Broward County CoC",2023,2024,12.2610790444801,5.67052483433896,6.59055421014114
"pooled_lasso","min",7,2024,"Florida","FL","FL-602","Charlotte County CoC",2023,2024,16.2208686440678,20.8678871896988,-4.64701854563098
"pooled_lasso","min",7,2024,"Florida","FL","FL-603","Ft Myers, Cape Coral/Lee County CoC",2023,2024,10.9206921003125,8.71280945668224,2.20788264363026
"pooled_lasso","min",7,2024,"Florida","FL","FL-604","Monroe County CoC",2023,2024,54.8680119490337,67.2926693119631,-12.4246573629294
"pooled_lasso","min",7,2024,"Florida","FL","FL-605","West Palm Beach/Palm Beach County CoC",2023,2024,13.5057186490724,9.09368027228514,4.41203837678726
"pooled_lasso","min",7,2024,"Florida","FL","FL-606","Naples/Collier County CoC",2023,2024,15.8378967273146,16.9163466552021,-1.07844992788752
"pooled_lasso","1se",7,2024,"California","CA","CA-500","San Jose/Santa Clara City & County CoC",2023,2024,54.4784607240383,35.1509114741023,19.327549249936
"pooled_lasso","1se",7,2024,"California","CA","CA-501","San Francisco CoC",2023,2024,101.383162087594,79.4196170671717,21.9635450204223
"pooled_lasso","1se",7,2024,"California","CA","CA-502","Oakland, Berkeley/Alameda County CoC",2023,2024,57.7408127951197,43.1170639762635,14.6237488188562
"pooled_lasso","1se",7,2024,"California","CA","CA-503","Sacramento City & County CoC",2023,2024,41.0895852343349,37.0631157023047,4.02646953203024
"pooled_lasso","1se",7,2024,"California","CA","CA-504","Santa Rosa, Petaluma/Sonoma County CoC",2023,2024,51.9611095200911,49.1940488078823,2.76706071220879
"pooled_lasso","1se",7,2024,"California","CA","CA-505","Contra Costa County CoC",2023,2024,24.308827276505,27.1593949543001,-2.85056767779514
"pooled_lasso","1se",7,2024,"California","CA","CA-506","Salinas/Monterey, San Benito Counties CoC",2023,2024,60.8319470202893,37.6163414199177,23.2156056003716
"pooled_lasso","1se",7,2024,"California","CA","CA-507","Marin County CoC",2023,2024,42.6274129462191,42.2998662233158,0.327546722903264
"pooled_lasso","1se",7,2024,"California","CA","CA-508","Watsonville/Santa Cruz City & County CoC",2023,2024,70.7681596835707,47.1230996461149,23.6450600374558
"pooled_lasso","1se",7,2024,"California","CA","CA-509","Mendocino County CoC",2023,2024,87.0259391268173,73.5248138804116,13.5011252464057
"pooled_lasso","1se",7,2024,"California","CA","CA-510","Turlock, Modesto/Stanislaus County CoC",2023,2024,36.8156276239208,40.8935068976928,-4.07787927377201
"pooled_lasso","1se",7,2024,"California","CA","CA-511","Stockton/San Joaquin County CoC",2023,2024,57.908655581785,37.9142423764761,19.9944132053089
"pooled_lasso","1se",7,2024,"California","CA","CA-512","Daly City/San Mateo County CoC",2023,2024,28.7594160083281,33.9826210857544,-5.22320507742628
"pooled_lasso","1se",7,2024,"California","CA","CA-513","Visalia/Kings, Tulare Counties CoC",2023,2024,26.2081289088829,27.8728933211912,-1.66476441230833
"pooled_lasso","1se",7,2024,"California","CA","CA-514","Fresno City & County/Madera County CoC",2023,2024,35.88008301176,33.4323373103045,2.44774570145547
"pooled_lasso","1se",7,2024,"California","CA","CA-515","Roseville, Rocklin/Placer County CoC",2023,2024,16.1647235993451,29.54067397087,-13.3759503715249
"pooled_lasso","1se",7,2024,"California","CA","CA-516","Redding/Shasta, Siskiyou, Lassen, Plumas, Del Norte, Modoc, Sierra Counties CoC",2023,2024,77.5826736331863,50.7195763567864,26.8630972763999
"pooled_lasso","1se",7,2024,"California","CA","CA-517","Napa City & County CoC",2023,2024,31.1009277692221,38.3287594077405,-7.22783163851843
"pooled_lasso","1se",7,2024,"California","CA","CA-518","Vallejo/Solano County CoC",2023,2024,37.9057564011286,29.6688035917191,8.2369528094095
"pooled_lasso","1se",7,2024,"California","CA","CA-519","Chico, Paradise/Butte County CoC",2023,2024,66.2077032974409,54.9699110366679,11.237792260773
"pooled_lasso","1se",7,2024,"California","CA","CA-520","Merced City & County CoC",2023,2024,28.2001435276122,36.9001383130658,-8.69999478545364
"pooled_lasso","1se",7,2024,"California","CA","CA-521","Davis, Woodland/Yolo County CoC",2023,2024,42.192958882021,43.4730059728796,-1.28004709085862
"pooled_lasso","1se",7,2024,"California","CA","CA-522","Humboldt County CoC",2023,2024,118.874882863275,56.8792971328211,61.9955857304539
"pooled_lasso","1se",7,2024,"California","CA","CA-523","Colusa, Glenn, Trinity Counties CoC",2023,2024,37.5569790862145,48.946983154608,-11.3900040683935
"pooled_lasso","1se",7,2024,"California","CA","CA-524","Yuba City & County/Sutter County CoC",2023,2024,49.7923530106131,45.1353744637997,4.65697854681342
"pooled_lasso","1se",7,2024,"California","CA","CA-525","El Dorado County CoC",2023,2024,14.7631399743205,29.3967373653353,-14.6335973910148
"pooled_lasso","1se",7,2024,"California","CA","CA-526","Amador, Calaveras, Mariposa, Tuolumne Counties CoC",2023,2024,45.0492785223335,43.0659357740273,1.98334274830624
"pooled_lasso","1se",7,2024,"California","CA","CA-527","Tehama County CoC",2023,2024,50.0254759368197,38.263884519045,11.7615914177747
"pooled_lasso","1se",7,2024,"California","CA","CA-529","Lake County CoC",2023,2024,88.98055391868,52.4118755540084,36.5686783646716
"pooled_lasso","1se",7,2024,"California","CA","CA-530","Alpine, Inyo, Mono Counties CoC",2023,2024,33.0423940149626,34.0768152592278,-1.03442124426516
"pooled_lasso","1se",7,2024,"California","CA","CA-531","Nevada County CoC",2023,2024,50.5159281812308,51.4858281786231,-0.969899997392318
"pooled_lasso","1se",7,2024,"California","CA","CA-600","Los Angeles City & County CoC",2023,2024,79.3944803924888,39.0642728110922,40.3302075813966
"pooled_lasso","1se",7,2024,"California","CA","CA-601","San Diego City and County CoC",2023,2024,32.2581430138383,34.8376757595978,-2.57953274575953
"pooled_lasso","1se",7,2024,"California","CA","CA-602","Santa Ana, Anaheim/Orange County CoC",2023,2024,23.1853622530776,25.2578737817759,-2.07251152869831
"pooled_lasso","1se",7,2024,"California","CA","CA-603","Santa Maria/Santa Barbara County CoC",2023,2024,47.8242127285982,42.4526505138271,5.37156221477113
"pooled_lasso","1se",7,2024,"California","CA","CA-604","Bakersfield/Kern County CoC",2023,2024,28.8650383713586,40.3323551058502,-11.4673167344916
"pooled_lasso","1se",7,2024,"California","CA","CA-606","Long Beach CoC",2023,2024,74.2602456319121,57.1513563577852,17.1088892741269
"pooled_lasso","1se",7,2024,"California","CA","CA-607","Pasadena CoC",2023,2024,40.6843979834377,49.7715986703106,-9.0872006868729
"pooled_lasso","1se",7,2024,"California","CA","CA-608","Riverside City & County CoC",2023,2024,16.8003631314074,21.2363484811033,-4.43598534969585
"pooled_lasso","1se",7,2024,"California","CA","CA-609","San Bernardino City & County CoC",2023,2024,19.1773437823942,21.8365149559207,-2.65917117352649
"pooled_lasso","1se",7,2024,"California","CA","CA-611","Oxnard, San Buenaventura/Ventura County CoC",2023,2024,28.2926840974238,31.8579059541017,-3.56522185667794
"pooled_lasso","1se",7,2024,"California","CA","CA-612","Glendale CoC",2023,2024,9.23068341548815,33.3716129851874,-24.1409295696992
"pooled_lasso","1se",7,2024,"California","CA","CA-613","Imperial County CoC",2023,2024,82.5076188235552,35.3759010492608,47.1317177742944
"pooled_lasso","1se",7,2024,"California","CA","CA-614","San Luis Obispo County CoC",2023,2024,41.6440725422023,36.6755647263539,4.96850781584838
"pooled_lasso","1se",7,2024,"Florida","FL","FL-500","Sarasota, Bradenton/Manatee, Sarasota Counties CoC",2023,2024,12.3750594954783,15.6676138903677,-3.2925543948894
"pooled_lasso","1se",7,2024,"Florida","FL","FL-501","Tampa/Hillsborough County CoC",2023,2024,12.0481314258292,13.1552123497133,-1.1070809238841
"pooled_lasso","1se",7,2024,"Florida","FL","FL-502","St. Petersburg, Clearwater, Largo/Pinellas County CoC",2023,2024,21.9700811227024,28.2537773552527,-6.28369623255029
"pooled_lasso","1se",7,2024,"Florida","FL","FL-503","Lakeland/Polk County CoC",2023,2024,14.1760841122154,14.1669788452792,0.00910526693615132
"pooled_lasso","1se",7,2024,"Florida","FL","FL-504","Deltona, Daytona Beach/Volusia, Flagler Counties CoC",2023,2024,15.7853838736844,15.9531894729069,-0.1678055992225
"pooled_lasso","1se",7,2024,"Florida","FL","FL-505","Fort Walton Beach/Okaloosa, Walton Counties CoC",2023,2024,12.6047304812041,17.0806093174389,-4.4758788362348
"pooled_lasso","1se",7,2024,"Florida","FL","FL-506","Tallahassee/Leon County CoC",2023,2024,18.2713080699693,25.442550514083,-7.17124244411367
"pooled_lasso","1se",7,2024,"Florida","FL","FL-507","Orlando/Orange, Osceola, Seminole Counties CoC",2023,2024,11.2092413249517,11.4485464455601,-0.239305120608421
"pooled_lasso","1se",7,2024,"Florida","FL","FL-508","Gainesville/Alachua, Putnam Counties CoC",2023,2024,15.4152656138896,20.4280336694857,-5.01276805559605
"pooled_lasso","1se",7,2024,"Florida","FL","FL-509","Fort Pierce/St. Lucie, Indian River, Martin Counties CoC",2023,2024,9.62444086254761,12.4364132123004,-2.81197234975284
"pooled_lasso","1se",7,2024,"Florida","FL","FL-510","Jacksonville-Duval, Clay Counties CoC",2023,2024,9.48993257017078,13.4477786709641,-3.95784610079328
"pooled_lasso","1se",7,2024,"Florida","FL","FL-511","Pensacola/Escambia, Santa Rosa Counties CoC",2023,2024,20.802344385312,20.0656799865156,0.736664398796393
"pooled_lasso","1se",7,2024,"Florida","FL","FL-512","St. Johns County CoC",2023,2024,13.259973480053,15.9158483599539,-2.65587487990087
"pooled_lasso","1se",7,2024,"Florida","FL","FL-513","Palm Bay, Melbourne/Brevard County CoC",2023,2024,17.0056106324685,16.4701091868194,0.535501445649142
"pooled_lasso","1se",7,2024,"Florida","FL","FL-514","Ocala/Marion County CoC",2023,2024,8.83187887708969,18.4566650988201,-9.62478622173044
"pooled_lasso","1se",7,2024,"Florida","FL","FL-515","Panama City/Bay, Jackson Counties CoC",2023,2024,15.3172262007447,17.8793594771369,-2.5621332763922
"pooled_lasso","1se",7,2024,"Florida","FL","FL-517","Hendry, Hardee, Highlands Counties CoC",2023,2024,23.3043452969577,16.3766296300672,6.92771566689049
"pooled_lasso","1se",7,2024,"Florida","FL","FL-519","Pasco County CoC",2023,2024,11.1400661393804,15.1609795344684,-4.02091339508796
"pooled_lasso","1se",7,2024,"Florida","FL","FL-520","Citrus, Hernando, Lake, Sumter Counties CoC",2023,2024,7.9788205963204,10.31099870108,-2.33217810475956
"pooled_lasso","1se",7,2024,"Florida","FL","FL-600","Miami-Dade County CoC",2023,2024,13.5128215340324,16.3302382122645,-2.81741667823213
"pooled_lasso","1se",7,2024,"Florida","FL","FL-601","Ft Lauderdale/Broward County CoC",2023,2024,12.2610790444801,10.2282299117162,2.03284913276392
"pooled_lasso","1se",7,2024,"Florida","FL","FL-602","Charlotte County CoC",2023,2024,16.2208686440678,21.3955513293946,-5.17468268532683
"pooled_lasso","1se",7,2024,"Florida","FL","FL-603","Ft Myers, Cape Coral/Lee County CoC",2023,2024,10.9206921003125,12.0817871636808,-1.16109506336829
"pooled_lasso","1se",7,2024,"Florida","FL","FL-604","Monroe County CoC",2023,2024,54.8680119490337,60.1460144197679,-5.27800247073422
"pooled_lasso","1se",7,2024,"Florida","FL","FL-605","West Palm Beach/Palm Beach County CoC",2023,2024,13.5057186490724,12.0980709347664,1.40764771430596
"pooled_lasso","1se",7,2024,"Florida","FL","FL-606","Naples/Collier County CoC",2023,2024,15.8378967273146,19.7342031568193,-3.89630642950467
"pooled_lasso_state_interactions","min",7,2024,"California","CA","CA-500","San Jose/Santa Clara City & County CoC",2023,2024,54.4784607240383,36.761785312042,17.7166754119963
"pooled_lasso_state_interactions","min",7,2024,"California","CA","CA-501","San Francisco CoC",2023,2024,101.383162087594,91.7325965771927,9.65056551040135
"pooled_lasso_state_interactions","min",7,2024,"California","CA","CA-502","Oakland, Berkeley/Alameda County CoC",2023,2024,57.7408127951197,53.2021612020776,4.53865159304215
"pooled_lasso_state_interactions","min",7,2024,"California","CA","CA-503","Sacramento City & County CoC",2023,2024,41.0895852343349,41.3349206234879,-0.245335389152977
"pooled_lasso_state_interactions","min",7,2024,"California","CA","CA-504","Santa Rosa, Petaluma/Sonoma County CoC",2023,2024,51.9611095200911,62.0405822550557,-10.0794727349646
"pooled_lasso_state_interactions","min",7,2024,"California","CA","CA-505","Contra Costa County CoC",2023,2024,24.308827276505,24.1577787467264,0.151048529778549
"pooled_lasso_state_interactions","min",7,2024,"California","CA","CA-506","Salinas/Monterey, San Benito Counties CoC",2023,2024,60.8319470202893,44.960145009195,15.8718020110943
"pooled_lasso_state_interactions","min",7,2024,"California","CA","CA-507","Marin County CoC",2023,2024,42.6274129462191,55.2120407891142,-12.5846278428951
"pooled_lasso_state_interactions","min",7,2024,"California","CA","CA-508","Watsonville/Santa Cruz City & County CoC",2023,2024,70.7681596835707,64.8630276827745,5.90513200079616
"pooled_lasso_state_interactions","min",7,2024,"California","CA","CA-509","Mendocino County CoC",2023,2024,87.0259391268173,107.364378159347,-20.3384390325299
"pooled_lasso_state_interactions","min",7,2024,"California","CA","CA-510","Turlock, Modesto/Stanislaus County CoC",2023,2024,36.8156276239208,44.3778414475817,-7.56221382366089
"pooled_lasso_state_interactions","min",7,2024,"California","CA","CA-511","Stockton/San Joaquin County CoC",2023,2024,57.908655581785,38.455489777615,19.45316580417
"pooled_lasso_state_interactions","min",7,2024,"California","CA","CA-512","Daly City/San Mateo County CoC",2023,2024,28.7594160083281,33.835592685913,-5.0761766775849
"pooled_lasso_state_interactions","min",7,2024,"California","CA","CA-513","Visalia/Kings, Tulare Counties CoC",2023,2024,26.2081289088829,25.2519791357001,0.956149773182823
"pooled_lasso_state_interactions","min",7,2024,"California","CA","CA-514","Fresno City & County/Madera County CoC",2023,2024,35.88008301176,34.7158828765088,1.16420013525118
"pooled_lasso_state_interactions","min",7,2024,"California","CA","CA-515","Roseville, Rocklin/Placer County CoC",2023,2024,16.1647235993451,24.9636530503346,-8.79892945098945
"pooled_lasso_state_interactions","min",7,2024,"California","CA","CA-516","Redding/Shasta, Siskiyou, Lassen, Plumas, Del Norte, Modoc, Sierra Counties CoC",2023,2024,77.5826736331863,60.1282679675472,17.4544056656391
"pooled_lasso_state_interactions","min",7,2024,"California","CA","CA-517","Napa City & County CoC",2023,2024,31.1009277692221,44.3875999691531,-13.286672199931
"pooled_lasso_state_interactions","min",7,2024,"California","CA","CA-518","Vallejo/Solano County CoC",2023,2024,37.9057564011286,29.400455344889,8.50530105623963
"pooled_lasso_state_interactions","min",7,2024,"California","CA","CA-519","Chico, Paradise/Butte County CoC",2023,2024,66.2077032974409,66.783190576304,-0.575487278863136
"pooled_lasso_state_interactions","min",7,2024,"California","CA","CA-520","Merced City & County CoC",2023,2024,28.2001435276122,38.2229360652474,-10.0227925376352
"pooled_lasso_state_interactions","min",7,2024,"California","CA","CA-521","Davis, Woodland/Yolo County CoC",2023,2024,42.192958882021,56.1228758213782,-13.9299169393572
"pooled_lasso_state_interactions","min",7,2024,"California","CA","CA-522","Humboldt County CoC",2023,2024,118.874882863275,75.7728229090115,43.1020599542635
"pooled_lasso_state_interactions","min",7,2024,"California","CA","CA-523","Colusa, Glenn, Trinity Counties CoC",2023,2024,37.5569790862145,51.0083574722609,-13.4513783860464
"pooled_lasso_state_interactions","min",7,2024,"California","CA","CA-524","Yuba City & County/Sutter County CoC",2023,2024,49.7923530106131,49.2488944201427,0.543458590470415
"pooled_lasso_state_interactions","min",7,2024,"California","CA","CA-525","El Dorado County CoC",2023,2024,14.7631399743205,27.9111892422859,-13.1480492679654
"pooled_lasso_state_interactions","min",7,2024,"California","CA","CA-526","Amador, Calaveras, Mariposa, Tuolumne Counties CoC",2023,2024,45.0492785223335,53.0229385729135,-7.97366005058004
"pooled_lasso_state_interactions","min",7,2024,"California","CA","CA-527","Tehama County CoC",2023,2024,50.0254759368197,39.831211384741,10.1942645520787
"pooled_lasso_state_interactions","min",7,2024,"California","CA","CA-529","Lake County CoC",2023,2024,88.98055391868,60.4005811756477,28.5799727430323
"pooled_lasso_state_interactions","min",7,2024,"California","CA","CA-530","Alpine, Inyo, Mono Counties CoC",2023,2024,33.0423940149626,37.2562444815378,-4.21385046657517
"pooled_lasso_state_interactions","min",7,2024,"California","CA","CA-531","Nevada County CoC",2023,2024,50.5159281812308,63.4144008156958,-12.898472634465
"pooled_lasso_state_interactions","min",7,2024,"California","CA","CA-600","Los Angeles City & County CoC",2023,2024,79.3944803924888,48.1979512612923,31.1965291311965
"pooled_lasso_state_interactions","min",7,2024,"California","CA","CA-601","San Diego City and County CoC",2023,2024,32.2581430138383,42.5051730338368,-10.2470300199985
"pooled_lasso_state_interactions","min",7,2024,"California","CA","CA-602","Santa Ana, Anaheim/Orange County CoC",2023,2024,23.1853622530776,19.2740726168834,3.9112896361942
"pooled_lasso_state_interactions","min",7,2024,"California","CA","CA-603","Santa Maria/Santa Barbara County CoC",2023,2024,47.8242127285982,54.4246842027354,-6.60047147413719
"pooled_lasso_state_interactions","min",7,2024,"California","CA","CA-604","Bakersfield/Kern County CoC",2023,2024,28.8650383713586,51.6644816868411,-22.7994433154825
"pooled_lasso_state_interactions","min",7,2024,"California","CA","CA-606","Long Beach CoC",2023,2024,74.2602456319121,68.1207854394307,6.13946019248141
"pooled_lasso_state_interactions","min",7,2024,"California","CA","CA-607","Pasadena CoC",2023,2024,40.6843979834377,60.4861884720115,-19.8017904885738
"pooled_lasso_state_interactions","min",7,2024,"California","CA","CA-608","Riverside City & County CoC",2023,2024,16.8003631314074,16.2595338129552,0.540829318452154
"pooled_lasso_state_interactions","min",7,2024,"California","CA","CA-609","San Bernardino City & County CoC",2023,2024,19.1773437823942,18.771298456441,0.406045325953169
"pooled_lasso_state_interactions","min",7,2024,"California","CA","CA-611","Oxnard, San Buenaventura/Ventura County CoC",2023,2024,28.2926840974238,33.0090290016216,-4.71634490419776
"pooled_lasso_state_interactions","min",7,2024,"California","CA","CA-612","Glendale CoC",2023,2024,9.23068341548815,30.8268862278238,-21.5962028123356
"pooled_lasso_state_interactions","min",7,2024,"California","CA","CA-613","Imperial County CoC",2023,2024,82.5076188235552,36.4639110589766,46.0437077645786
"pooled_lasso_state_interactions","min",7,2024,"California","CA","CA-614","San Luis Obispo County CoC",2023,2024,41.6440725422023,46.4464790189607,-4.80240647675836
"pooled_lasso_state_interactions","min",7,2024,"Florida","FL","FL-500","Sarasota, Bradenton/Manatee, Sarasota Counties CoC",2023,2024,12.3750594954783,14.0468102019181,-1.67175070643979
"pooled_lasso_state_interactions","min",7,2024,"Florida","FL","FL-501","Tampa/Hillsborough County CoC",2023,2024,12.0481314258292,9.18914532838871,2.85898609744049
"pooled_lasso_state_interactions","min",7,2024,"Florida","FL","FL-502","St. Petersburg, Clearwater, Largo/Pinellas County CoC",2023,2024,21.9700811227024,28.448172025665,-6.47809090296258
"pooled_lasso_state_interactions","min",7,2024,"Florida","FL","FL-503","Lakeland/Polk County CoC",2023,2024,14.1760841122154,9.16113131866862,5.01495279354678
"pooled_lasso_state_interactions","min",7,2024,"Florida","FL","FL-504","Deltona, Daytona Beach/Volusia, Flagler Counties CoC",2023,2024,15.7853838736844,18.7042315583133,-2.9188476846289
"pooled_lasso_state_interactions","min",7,2024,"Florida","FL","FL-505","Fort Walton Beach/Okaloosa, Walton Counties CoC",2023,2024,12.6047304812041,19.5620193186728,-6.9572888374687
"pooled_lasso_state_interactions","min",7,2024,"Florida","FL","FL-506","Tallahassee/Leon County CoC",2023,2024,18.2713080699693,29.6240316245881,-11.3527235546188
"pooled_lasso_state_interactions","min",7,2024,"Florida","FL","FL-507","Orlando/Orange, Osceola, Seminole Counties CoC",2023,2024,11.2092413249517,6.94185108669291,4.26739023825879
"pooled_lasso_state_interactions","min",7,2024,"Florida","FL","FL-508","Gainesville/Alachua, Putnam Counties CoC",2023,2024,15.4152656138896,25.3438138071529,-9.92854819326334
"pooled_lasso_state_interactions","min",7,2024,"Florida","FL","FL-509","Fort Pierce/St. Lucie, Indian River, Martin Counties CoC",2023,2024,9.62444086254761,13.0413254868349,-3.41688462428725
"pooled_lasso_state_interactions","min",7,2024,"Florida","FL","FL-510","Jacksonville-Duval, Clay Counties CoC",2023,2024,9.48993257017078,9.43379202652255,0.0561405436482332
"pooled_lasso_state_interactions","min",7,2024,"Florida","FL","FL-511","Pensacola/Escambia, Santa Rosa Counties CoC",2023,2024,20.802344385312,22.8111693524595,-2.00882496714754
"pooled_lasso_state_interactions","min",7,2024,"Florida","FL","FL-512","St. Johns County CoC",2023,2024,13.259973480053,12.6035933762909,0.656380103762082
"pooled_lasso_state_interactions","min",7,2024,"Florida","FL","FL-513","Palm Bay, Melbourne/Brevard County CoC",2023,2024,17.0056106324685,17.2798289948549,-0.274218362386396
"pooled_lasso_state_interactions","min",7,2024,"Florida","FL","FL-514","Ocala/Marion County CoC",2023,2024,8.83187887708969,18.1086333391683,-9.27675446207861
"pooled_lasso_state_interactions","min",7,2024,"Florida","FL","FL-515","Panama City/Bay, Jackson Counties CoC",2023,2024,15.3172262007447,22.2065536637583,-6.88932746301356
"pooled_lasso_state_interactions","min",7,2024,"Florida","FL","FL-517","Hendry, Hardee, Highlands Counties CoC",2023,2024,23.3043452969577,18.426223624628,4.87812167232975
"pooled_lasso_state_interactions","min",7,2024,"Florida","FL","FL-519","Pasco County CoC",2023,2024,11.1400661393804,13.3976484822389,-2.25758234285854
"pooled_lasso_state_interactions","min",7,2024,"Florida","FL","FL-520","Citrus, Hernando, Lake, Sumter Counties CoC",2023,2024,7.9788205963204,9.4756885245864,-1.496867928266
"pooled_lasso_state_interactions","min",7,2024,"Florida","FL","FL-600","Miami-Dade County CoC",2023,2024,13.5128215340324,12.9782285619283,0.534592972104061
"pooled_lasso_state_interactions","min",7,2024,"Florida","FL","FL-601","Ft Lauderdale/Broward County CoC",2023,2024,12.2610790444801,6.53669851471714,5.72438052976296
"pooled_lasso_state_interactions","min",7,2024,"Florida","FL","FL-602","Charlotte County CoC",2023,2024,16.2208686440678,27.8244653214131,-11.6035966773453
"pooled_lasso_state_interactions","min",7,2024,"Florida","FL","FL-603","Ft Myers, Cape Coral/Lee County CoC",2023,2024,10.9206921003125,11.7054721552795,-0.784780054966957
"pooled_lasso_state_interactions","min",7,2024,"Florida","FL","FL-604","Monroe County CoC",2023,2024,54.8680119490337,68.0630041417976,-13.1949921927639
"pooled_lasso_state_interactions","min",7,2024,"Florida","FL","FL-605","West Palm Beach/Palm Beach County CoC",2023,2024,13.5057186490724,12.0872872977631,1.41843135130934
"pooled_lasso_state_interactions","min",7,2024,"Florida","FL","FL-606","Naples/Collier County CoC",2023,2024,15.8378967273146,19.4018079508494,-3.56391122353482
"pooled_lasso_state_interactions","1se",7,2024,"California","CA","CA-500","San Jose/Santa Clara City & County CoC",2023,2024,54.4784607240383,34.4067679359695,20.0716927880688
"pooled_lasso_state_interactions","1se",7,2024,"California","CA","CA-501","San Francisco CoC",2023,2024,101.383162087594,85.0385142468106,16.3446478407834
"pooled_lasso_state_interactions","1se",7,2024,"California","CA","CA-502","Oakland, Berkeley/Alameda County CoC",2023,2024,57.7408127951197,44.1007655923241,13.6400472027956
"pooled_lasso_state_interactions","1se",7,2024,"California","CA","CA-503","Sacramento City & County CoC",2023,2024,41.0895852343349,36.4694766395086,4.62010859482631
"pooled_lasso_state_interactions","1se",7,2024,"California","CA","CA-504","Santa Rosa, Petaluma/Sonoma County CoC",2023,2024,51.9611095200911,50.2458715594272,1.71523796066388
"pooled_lasso_state_interactions","1se",7,2024,"California","CA","CA-505","Contra Costa County CoC",2023,2024,24.308827276505,25.3932980555718,-1.08447077906676
"pooled_lasso_state_interactions","1se",7,2024,"California","CA","CA-506","Salinas/Monterey, San Benito Counties CoC",2023,2024,60.8319470202893,38.1889318356511,22.6430151846382
"pooled_lasso_state_interactions","1se",7,2024,"California","CA","CA-507","Marin County CoC",2023,2024,42.6274129462191,44.4646001106897,-1.83718716447055
"pooled_lasso_state_interactions","1se",7,2024,"California","CA","CA-508","Watsonville/Santa Cruz City & County CoC",2023,2024,70.7681596835707,50.8755618077449,19.8925978758258
"pooled_lasso_state_interactions","1se",7,2024,"California","CA","CA-509","Mendocino County CoC",2023,2024,87.0259391268173,79.7220232123598,7.30391591445746
"pooled_lasso_state_interactions","1se",7,2024,"California","CA","CA-510","Turlock, Modesto/Stanislaus County CoC",2023,2024,36.8156276239208,40.2703352522627,-3.45470762834192
"pooled_lasso_state_interactions","1se",7,2024,"California","CA","CA-511","Stockton/San Joaquin County CoC",2023,2024,57.908655581785,36.3880085206476,21.5206470611374
"pooled_lasso_state_interactions","1se",7,2024,"California","CA","CA-512","Daly City/San Mateo County CoC",2023,2024,28.7594160083281,33.2045126885303,-4.44509668020221
"pooled_lasso_state_interactions","1se",7,2024,"California","CA","CA-513","Visalia/Kings, Tulare Counties CoC",2023,2024,26.2081289088829,26.6878950144459,-0.479766105562955
"pooled_lasso_state_interactions","1se",7,2024,"California","CA","CA-514","Fresno City & County/Madera County CoC",2023,2024,35.88008301176,31.9921281208725,3.88795489088747
"pooled_lasso_state_interactions","1se",7,2024,"California","CA","CA-515","Roseville, Rocklin/Placer County CoC",2023,2024,16.1647235993451,27.3787536129119,-11.2140300135668
"pooled_lasso_state_interactions","1se",7,2024,"California","CA","CA-516","Redding/Shasta, Siskiyou, Lassen, Plumas, Del Norte, Modoc, Sierra Counties CoC",2023,2024,77.5826736331863,51.8697607138143,25.712912919372
"pooled_lasso_state_interactions","1se",7,2024,"California","CA","CA-517","Napa City & County CoC",2023,2024,31.1009277692221,39.514773034571,-8.41384526534894
"pooled_lasso_state_interactions","1se",7,2024,"California","CA","CA-518","Vallejo/Solano County CoC",2023,2024,37.9057564011286,28.6636572932422,9.24209910788645
"pooled_lasso_state_interactions","1se",7,2024,"California","CA","CA-519","Chico, Paradise/Butte County CoC",2023,2024,66.2077032974409,55.9784620762892,10.2292412211517
"pooled_lasso_state_interactions","1se",7,2024,"California","CA","CA-520","Merced City & County CoC",2023,2024,28.2001435276122,36.1985842179659,-7.99844069035371
"pooled_lasso_state_interactions","1se",7,2024,"California","CA","CA-521","Davis, Woodland/Yolo County CoC",2023,2024,42.192958882021,45.944159868248,-3.75120098622696
"pooled_lasso_state_interactions","1se",7,2024,"California","CA","CA-522","Humboldt County CoC",2023,2024,118.874882863275,59.8899692401924,58.9849136230826
"pooled_lasso_state_interactions","1se",7,2024,"California","CA","CA-523","Colusa, Glenn, Trinity Counties CoC",2023,2024,37.5569790862145,49.4392760150383,-11.8822969288238
"pooled_lasso_state_interactions","1se",7,2024,"California","CA","CA-524","Yuba City & County/Sutter County CoC",2023,2024,49.7923530106131,44.9502203404682,4.84213267014488
"pooled_lasso_state_interactions","1se",7,2024,"California","CA","CA-525","El Dorado County CoC",2023,2024,14.7631399743205,28.5564572562469,-13.7933172819264
"pooled_lasso_state_interactions","1se",7,2024,"California","CA","CA-526","Amador, Calaveras, Mariposa, Tuolumne Counties CoC",2023,2024,45.0492785223335,44.3863834499964,0.662895072337079
"pooled_lasso_state_interactions","1se",7,2024,"California","CA","CA-527","Tehama County CoC",2023,2024,50.0254759368197,38.6071585692389,11.4183173675808
"pooled_lasso_state_interactions","1se",7,2024,"California","CA","CA-529","Lake County CoC",2023,2024,88.98055391868,53.2212951704511,35.7592587482289
"pooled_lasso_state_interactions","1se",7,2024,"California","CA","CA-530","Alpine, Inyo, Mono Counties CoC",2023,2024,33.0423940149626,35.3883504943019,-2.3459564793393
"pooled_lasso_state_interactions","1se",7,2024,"California","CA","CA-531","Nevada County CoC",2023,2024,50.5159281812308,52.6353549661431,-2.11942678491234
"pooled_lasso_state_interactions","1se",7,2024,"California","CA","CA-600","Los Angeles City & County CoC",2023,2024,79.3944803924888,37.9447316011288,41.44974879136
"pooled_lasso_state_interactions","1se",7,2024,"California","CA","CA-601","San Diego City and County CoC",2023,2024,32.2581430138383,34.237180260789,-1.97903724695066
"pooled_lasso_state_interactions","1se",7,2024,"California","CA","CA-602","Santa Ana, Anaheim/Orange County CoC",2023,2024,23.1853622530776,22.9700098404549,0.21535241262271
"pooled_lasso_state_interactions","1se",7,2024,"California","CA","CA-603","Santa Maria/Santa Barbara County CoC",2023,2024,47.8242127285982,44.1128262381378,3.71138649046036
"pooled_lasso_state_interactions","1se",7,2024,"California","CA","CA-604","Bakersfield/Kern County CoC",2023,2024,28.8650383713586,41.4511003900152,-12.5860620186566
"pooled_lasso_state_interactions","1se",7,2024,"California","CA","CA-606","Long Beach CoC",2023,2024,74.2602456319121,59.9458994918021,14.31434614011
"pooled_lasso_state_interactions","1se",7,2024,"California","CA","CA-607","Pasadena CoC",2023,2024,40.6843979834377,52.6672050014888,-11.9828070180511
"pooled_lasso_state_interactions","1se",7,2024,"California","CA","CA-608","Riverside City & County CoC",2023,2024,16.8003631314074,18.1076477748367,-1.30728464342933
"pooled_lasso_state_interactions","1se",7,2024,"California","CA","CA-609","San Bernardino City & County CoC",2023,2024,19.1773437823942,19.2644757980534,-0.0871320156592184
"pooled_lasso_state_interactions","1se",7,2024,"California","CA","CA-611","Oxnard, San Buenaventura/Ventura County CoC",2023,2024,28.2926840974238,30.7290293727571,-2.4363452753333
"pooled_lasso_state_interactions","1se",7,2024,"California","CA","CA-612","Glendale CoC",2023,2024,9.23068341548815,33.569378936671,-24.3386955211829
"pooled_lasso_state_interactions","1se",7,2024,"California","CA","CA-613","Imperial County CoC",2023,2024,82.5076188235552,35.4624682098717,47.0451506136835
"pooled_lasso_state_interactions","1se",7,2024,"California","CA","CA-614","San Luis Obispo County CoC",2023,2024,41.6440725422023,38.3337303069394,3.31034223526292
"pooled_lasso_state_interactions","1se",7,2024,"Florida","FL","FL-500","Sarasota, Bradenton/Manatee, Sarasota Counties CoC",2023,2024,12.3750594954783,13.786284064314,-1.41122456883567
"pooled_lasso_state_interactions","1se",7,2024,"Florida","FL","FL-501","Tampa/Hillsborough County CoC",2023,2024,12.0481314258292,11.6040233723752,0.444108053453968
"pooled_lasso_state_interactions","1se",7,2024,"Florida","FL","FL-502","St. Petersburg, Clearwater, Largo/Pinellas County CoC",2023,2024,21.9700811227024,29.2189210123854,-7.24883988968297
"pooled_lasso_state_interactions","1se",7,2024,"Florida","FL","FL-503","Lakeland/Polk County CoC",2023,2024,14.1760841122154,11.3766678307286,2.79941628148676
"pooled_lasso_state_interactions","1se",7,2024,"Florida","FL","FL-504","Deltona, Daytona Beach/Volusia, Flagler Counties CoC",2023,2024,15.7853838736844,14.8533879811611,0.931995892523329
"pooled_lasso_state_interactions","1se",7,2024,"Florida","FL","FL-505","Fort Walton Beach/Okaloosa, Walton Counties CoC",2023,2024,12.6047304812041,16.5242150795265,-3.91948459832241
"pooled_lasso_state_interactions","1se",7,2024,"Florida","FL","FL-506","Tallahassee/Leon County CoC",2023,2024,18.2713080699693,27.6365448610364,-9.36523679106708
"pooled_lasso_state_interactions","1se",7,2024,"Florida","FL","FL-507","Orlando/Orange, Osceola, Seminole Counties CoC",2023,2024,11.2092413249517,8.84416783260172,2.36507349234998
"pooled_lasso_state_interactions","1se",7,2024,"Florida","FL","FL-508","Gainesville/Alachua, Putnam Counties CoC",2023,2024,15.4152656138896,21.9351728603128,-6.51990724642325
"pooled_lasso_state_interactions","1se",7,2024,"Florida","FL","FL-509","Fort Pierce/St. Lucie, Indian River, Martin Counties CoC",2023,2024,9.62444086254761,10.1811588628054,-0.556718000257741
"pooled_lasso_state_interactions","1se",7,2024,"Florida","FL","FL-510","Jacksonville-Duval, Clay Counties CoC",2023,2024,9.48993257017078,11.6111989552058,-2.12126638503497
"pooled_lasso_state_interactions","1se",7,2024,"Florida","FL","FL-511","Pensacola/Escambia, Santa Rosa Counties CoC",2023,2024,20.802344385312,20.2909649049084,0.511379480403647
"pooled_lasso_state_interactions","1se",7,2024,"Florida","FL","FL-512","St. Johns County CoC",2023,2024,13.259973480053,13.3929642976825,-0.13299081762945
"pooled_lasso_state_interactions","1se",7,2024,"Florida","FL","FL-513","Palm Bay, Melbourne/Brevard County CoC",2023,2024,17.0056106324685,15.1297937627022,1.87581686976625
"pooled_lasso_state_interactions","1se",7,2024,"Florida","FL","FL-514","Ocala/Marion County CoC",2023,2024,8.83187887708969,16.856323284468,-8.02444440737833
"pooled_lasso_state_interactions","1se",7,2024,"Florida","FL","FL-515","Panama City/Bay, Jackson Counties CoC",2023,2024,15.3172262007447,18.0538801940378,-2.73665399329307
"pooled_lasso_state_interactions","1se",7,2024,"Florida","FL","FL-517","Hendry, Hardee, Highlands Counties CoC",2023,2024,23.3043452969577,16.2342880341675,7.07005726279015
"pooled_lasso_state_interactions","1se",7,2024,"Florida","FL","FL-519","Pasco County CoC",2023,2024,11.1400661393804,12.7718661298006,-1.63179999042016
"pooled_lasso_state_interactions","1se",7,2024,"Florida","FL","FL-520","Citrus, Hernando, Lake, Sumter Counties CoC",2023,2024,7.9788205963204,7.53317813743339,0.445642458887012
"pooled_lasso_state_interactions","1se",7,2024,"Florida","FL","FL-600","Miami-Dade County CoC",2023,2024,13.5128215340324,14.7561534395221,-1.24333190548974
"pooled_lasso_state_interactions","1se",7,2024,"Florida","FL","FL-601","Ft Lauderdale/Broward County CoC",2023,2024,12.2610790444801,7.79111233069783,4.46996671378227
"pooled_lasso_state_interactions","1se",7,2024,"Florida","FL","FL-602","Charlotte County CoC",2023,2024,16.2208686440678,21.1093903296847,-4.88852168561693
"pooled_lasso_state_interactions","1se",7,2024,"Florida","FL","FL-603","Ft Myers, Cape Coral/Lee County CoC",2023,2024,10.9206921003125,10.2631385062688,0.657553594043675
"pooled_lasso_state_interactions","1se",7,2024,"Florida","FL","FL-604","Monroe County CoC",2023,2024,54.8680119490337,64.158546961575,-9.2905350125413
"pooled_lasso_state_interactions","1se",7,2024,"Florida","FL","FL-605","West Palm Beach/Palm Beach County CoC",2023,2024,13.5057186490724,10.4996768997024,3.00604174936999
"pooled_lasso_state_interactions","1se",7,2024,"Florida","FL","FL-606","Naples/Collier County CoC",2023,2024,15.8378967273146,18.3076895127415,-2.46979278542692
"separate_lasso_CA","min",7,2024,"California","CA","CA-500","San Jose/Santa Clara City & County CoC",2023,2024,54.4784607240383,38.6944926679454,15.7839680560929
"separate_lasso_CA","min",7,2024,"California","CA","CA-501","San Francisco CoC",2023,2024,101.383162087594,107.681424484546,-6.29826239695183
"separate_lasso_CA","min",7,2024,"California","CA","CA-502","Oakland, Berkeley/Alameda County CoC",2023,2024,57.7408127951197,59.613116009639,-1.87230321451931
"separate_lasso_CA","min",7,2024,"California","CA","CA-503","Sacramento City & County CoC",2023,2024,41.0895852343349,44.4556252785847,-3.36604004424984
"separate_lasso_CA","min",7,2024,"California","CA","CA-504","Santa Rosa, Petaluma/Sonoma County CoC",2023,2024,51.9611095200911,67.6861058288284,-15.7249963087373
"separate_lasso_CA","min",7,2024,"California","CA","CA-505","Contra Costa County CoC",2023,2024,24.308827276505,25.9142586908376,-1.60543141433257
"separate_lasso_CA","min",7,2024,"California","CA","CA-506","Salinas/Monterey, San Benito Counties CoC",2023,2024,60.8319470202893,48.2107813093129,12.6211657109764
"separate_lasso_CA","min",7,2024,"California","CA","CA-507","Marin County CoC",2023,2024,42.6274129462191,57.4342554926251,-14.806842546406
"separate_lasso_CA","min",7,2024,"California","CA","CA-508","Watsonville/Santa Cruz City & County CoC",2023,2024,70.7681596835707,67.8095855107757,2.95857417279502
"separate_lasso_CA","min",7,2024,"California","CA","CA-509","Mendocino County CoC",2023,2024,87.0259391268173,108.910535260096,-21.8845961332786
"separate_lasso_CA","min",7,2024,"California","CA","CA-510","Turlock, Modesto/Stanislaus County CoC",2023,2024,36.8156276239208,48.6382154178352,-11.8225877939144
"separate_lasso_CA","min",7,2024,"California","CA","CA-511","Stockton/San Joaquin County CoC",2023,2024,57.908655581785,42.1469302939349,15.7617252878501
"separate_lasso_CA","min",7,2024,"California","CA","CA-512","Daly City/San Mateo County CoC",2023,2024,28.7594160083281,36.1883921717157,-7.42897616338756
"separate_lasso_CA","min",7,2024,"California","CA","CA-513","Visalia/Kings, Tulare Counties CoC",2023,2024,26.2081289088829,23.6340662574623,2.57406265142057
"separate_lasso_CA","min",7,2024,"California","CA","CA-514","Fresno City & County/Madera County CoC",2023,2024,35.88008301176,36.0396106000002,-0.159527588240152
"separate_lasso_CA","min",7,2024,"California","CA","CA-515","Roseville, Rocklin/Placer County CoC",2023,2024,16.1647235993451,20.4034778406174,-4.23875424127227
"separate_lasso_CA","min",7,2024,"California","CA","CA-516","Redding/Shasta, Siskiyou, Lassen, Plumas, Del Norte, Modoc, Sierra Counties CoC",2023,2024,77.5826736331863,67.489358339529,10.0933152936573
"separate_lasso_CA","min",7,2024,"California","CA","CA-517","Napa City & County CoC",2023,2024,31.1009277692221,47.193550913634,-16.0926231444119
"separate_lasso_CA","min",7,2024,"California","CA","CA-518","Vallejo/Solano County CoC",2023,2024,37.9057564011286,29.3943295019948,8.51142689913381
"separate_lasso_CA","min",7,2024,"California","CA","CA-519","Chico, Paradise/Butte County CoC",2023,2024,66.2077032974409,77.9801959914368,-11.7724926939959
"separate_lasso_CA","min",7,2024,"California","CA","CA-520","Merced City & County CoC",2023,2024,28.2001435276122,40.0736000686802,-11.873456541068
"separate_lasso_CA","min",7,2024,"California","CA","CA-521","Davis, Woodland/Yolo County CoC",2023,2024,42.192958882021,56.9456549669839,-14.7526960849629
"separate_lasso_CA","min",7,2024,"California","CA","CA-522","Humboldt County CoC",2023,2024,118.874882863275,86.7311356287511,32.1437472345239
"separate_lasso_CA","min",7,2024,"California","CA","CA-523","Colusa, Glenn, Trinity Counties CoC",2023,2024,37.5569790862145,50.3680141062902,-12.8110350200757
"separate_lasso_CA","min",7,2024,"California","CA","CA-524","Yuba City & County/Sutter County CoC",2023,2024,49.7923530106131,50.1374542865377,-0.34510127592462
"separate_lasso_CA","min",7,2024,"California","CA","CA-525","El Dorado County CoC",2023,2024,14.7631399743205,28.5834224155641,-13.8202824412436
"separate_lasso_CA","min",7,2024,"California","CA","CA-526","Amador, Calaveras, Mariposa, Tuolumne Counties CoC",2023,2024,45.0492785223335,60.1452896862603,-15.0960111639268
"separate_lasso_CA","min",7,2024,"California","CA","CA-527","Tehama County CoC",2023,2024,50.0254759368197,37.5455190426014,12.4799568942183
"separate_lasso_CA","min",7,2024,"California","CA","CA-529","Lake County CoC",2023,2024,88.98055391868,71.4748802131055,17.5056737055745
"separate_lasso_CA","min",7,2024,"California","CA","CA-530","Alpine, Inyo, Mono Counties CoC",2023,2024,33.0423940149626,40.7840539422534,-7.74165992729076
"separate_lasso_CA","min",7,2024,"California","CA","CA-531","Nevada County CoC",2023,2024,50.5159281812308,76.1278697922867,-25.6119416110559
"separate_lasso_CA","min",7,2024,"California","CA","CA-600","Los Angeles City & County CoC",2023,2024,79.3944803924888,66.2558033332855,13.1386770592033
"separate_lasso_CA","min",7,2024,"California","CA","CA-601","San Diego City and County CoC",2023,2024,32.2581430138383,53.7924236731935,-21.5342806593552
"separate_lasso_CA","min",7,2024,"California","CA","CA-602","Santa Ana, Anaheim/Orange County CoC",2023,2024,23.1853622530776,29.5455338386737,-6.36017158559606
"separate_lasso_CA","min",7,2024,"California","CA","CA-603","Santa Maria/Santa Barbara County CoC",2023,2024,47.8242127285982,62.2061948653141,-14.3819821367159
"separate_lasso_CA","min",7,2024,"California","CA","CA-604","Bakersfield/Kern County CoC",2023,2024,28.8650383713586,50.2850013373815,-21.4199629660229
"separate_lasso_CA","min",7,2024,"California","CA","CA-606","Long Beach CoC",2023,2024,74.2602456319121,76.3668589057151,-2.10661327380303
"separate_lasso_CA","min",7,2024,"California","CA","CA-607","Pasadena CoC",2023,2024,40.6843979834377,60.4515674124764,-19.7671694290387
"separate_lasso_CA","min",7,2024,"California","CA","CA-608","Riverside City & County CoC",2023,2024,16.8003631314074,18.0031578499162,-1.20279471850875
"separate_lasso_CA","min",7,2024,"California","CA","CA-609","San Bernardino City & County CoC",2023,2024,19.1773437823942,21.8879076685659,-2.71056388617175
"separate_lasso_CA","min",7,2024,"California","CA","CA-611","Oxnard, San Buenaventura/Ventura County CoC",2023,2024,28.2926840974238,38.7209404757225,-10.4282563782987
"separate_lasso_CA","min",7,2024,"California","CA","CA-612","Glendale CoC",2023,2024,9.23068341548815,33.3426413865457,-24.1119579710576
"separate_lasso_CA","min",7,2024,"California","CA","CA-613","Imperial County CoC",2023,2024,82.5076188235552,37.1409962103701,45.3666226131851
"separate_lasso_CA","min",7,2024,"California","CA","CA-614","San Luis Obispo County CoC",2023,2024,41.6440725422023,52.1864472478265,-10.5423747056241
"separate_lasso_CA","1se",7,2024,"California","CA","CA-500","San Jose/Santa Clara City & County CoC",2023,2024,54.4784607240383,41.9618934832042,12.5165672408341
"separate_lasso_CA","1se",7,2024,"California","CA","CA-501","San Francisco CoC",2023,2024,101.383162087594,111.694346143447,-10.3111840558534
"separate_lasso_CA","1se",7,2024,"California","CA","CA-502","Oakland, Berkeley/Alameda County CoC",2023,2024,57.7408127951197,57.0318319802372,0.708980814882452
"separate_lasso_CA","1se",7,2024,"California","CA","CA-503","Sacramento City & County CoC",2023,2024,41.0895852343349,45.3440055170304,-4.25442028269553
"separate_lasso_CA","1se",7,2024,"California","CA","CA-504","Santa Rosa, Petaluma/Sonoma County CoC",2023,2024,51.9611095200911,62.5682262585634,-10.6071167384723
"separate_lasso_CA","1se",7,2024,"California","CA","CA-505","Contra Costa County CoC",2023,2024,24.308827276505,29.0864797555632,-4.77765247905824
"separate_lasso_CA","1se",7,2024,"California","CA","CA-506","Salinas/Monterey, San Benito Counties CoC",2023,2024,60.8319470202893,46.2741394072753,14.557807613014
"separate_lasso_CA","1se",7,2024,"California","CA","CA-507","Marin County CoC",2023,2024,42.6274129462191,50.1833805772909,-7.55596763107176
"separate_lasso_CA","1se",7,2024,"California","CA","CA-508","Watsonville/Santa Cruz City & County CoC",2023,2024,70.7681596835707,59.4779447529577,11.290214930613
"separate_lasso_CA","1se",7,2024,"California","CA","CA-509","Mendocino County CoC",2023,2024,87.0259391268173,91.7711243266087,-4.74518519979135
"separate_lasso_CA","1se",7,2024,"California","CA","CA-510","Turlock, Modesto/Stanislaus County CoC",2023,2024,36.8156276239208,49.3324794453252,-12.5168518214044
"separate_lasso_CA","1se",7,2024,"California","CA","CA-511","Stockton/San Joaquin County CoC",2023,2024,57.908655581785,45.5897415523306,12.3189140294544
"separate_lasso_CA","1se",7,2024,"California","CA","CA-512","Daly City/San Mateo County CoC",2023,2024,28.7594160083281,38.6718656255187,-9.91244961719059
"separate_lasso_CA","1se",7,2024,"California","CA","CA-513","Visalia/Kings, Tulare Counties CoC",2023,2024,26.2081289088829,28.176882755756,-1.96875384687312
"separate_lasso_CA","1se",7,2024,"California","CA","CA-514","Fresno City & County/Madera County CoC",2023,2024,35.88008301176,38.8798870908293,-2.99980407906929
"separate_lasso_CA","1se",7,2024,"California","CA","CA-515","Roseville, Rocklin/Placer County CoC",2023,2024,16.1647235993451,26.3398813492462,-10.1751577499011
"separate_lasso_CA","1se",7,2024,"California","CA","CA-516","Redding/Shasta, Siskiyou, Lassen, Plumas, Del Norte, Modoc, Sierra Counties CoC",2023,2024,77.5826736331863,73.2571388044584,4.3255348287279
"separate_lasso_CA","1se",7,2024,"California","CA","CA-517","Napa City & County CoC",2023,2024,31.1009277692221,44.8627538364714,-13.7618260672493
"separate_lasso_CA","1se",7,2024,"California","CA","CA-518","Vallejo/Solano County CoC",2023,2024,37.9057564011286,30.7504830311647,7.15527336996389
"separate_lasso_CA","1se",7,2024,"California","CA","CA-519","Chico, Paradise/Butte County CoC",2023,2024,66.2077032974409,74.4437937185794,-8.23609042113854
"separate_lasso_CA","1se",7,2024,"California","CA","CA-520","Merced City & County CoC",2023,2024,28.2001435276122,41.2457451337882,-13.045601606176
"separate_lasso_CA","1se",7,2024,"California","CA","CA-521","Davis, Woodland/Yolo County CoC",2023,2024,42.192958882021,52.9044295409628,-10.7114706589418
"separate_lasso_CA","1se",7,2024,"California","CA","CA-522","Humboldt County CoC",2023,2024,118.874882863275,76.710053318929,42.164829544346
"separate_lasso_CA","1se",7,2024,"California","CA","CA-523","Colusa, Glenn, Trinity Counties CoC",2023,2024,37.5569790862145,56.4659824015445,-18.90900331533
"separate_lasso_CA","1se",7,2024,"California","CA","CA-524","Yuba City & County/Sutter County CoC",2023,2024,49.7923530106131,52.9176994885223,-3.12534647790925
"separate_lasso_CA","1se",7,2024,"California","CA","CA-525","El Dorado County CoC",2023,2024,14.7631399743205,29.1143580425756,-14.3512180682551
"separate_lasso_CA","1se",7,2024,"California","CA","CA-526","Amador, Calaveras, Mariposa, Tuolumne Counties CoC",2023,2024,45.0492785223335,58.8019433220766,-13.7526647997431
"separate_lasso_CA","1se",7,2024,"California","CA","CA-527","Tehama County CoC",2023,2024,50.0254759368197,38.6169172155897,11.40855872123
"separate_lasso_CA","1se",7,2024,"California","CA","CA-529","Lake County CoC",2023,2024,88.98055391868,68.590088155148,20.390465763532
"separate_lasso_CA","1se",7,2024,"California","CA","CA-530","Alpine, Inyo, Mono Counties CoC",2023,2024,33.0423940149626,38.4724445282186,-5.43005051325601
"separate_lasso_CA","1se",7,2024,"California","CA","CA-531","Nevada County CoC",2023,2024,50.5159281812308,69.8164036720933,-19.3004754908625
"separate_lasso_CA","1se",7,2024,"California","CA","CA-600","Los Angeles City & County CoC",2023,2024,79.3944803924888,61.2195162292647,18.1749641632241
"separate_lasso_CA","1se",7,2024,"California","CA","CA-601","San Diego City and County CoC",2023,2024,32.2581430138383,49.4791102403357,-17.2209672264974
"separate_lasso_CA","1se",7,2024,"California","CA","CA-602","Santa Ana, Anaheim/Orange County CoC",2023,2024,23.1853622530776,33.3934431568012,-10.2080809037236
"separate_lasso_CA","1se",7,2024,"California","CA","CA-603","Santa Maria/Santa Barbara County CoC",2023,2024,47.8242127285982,55.763275411233,-7.93906268263483
"separate_lasso_CA","1se",7,2024,"California","CA","CA-604","Bakersfield/Kern County CoC",2023,2024,28.8650383713586,45.1646389928752,-16.2996006215166
"separate_lasso_CA","1se",7,2024,"California","CA","CA-606","Long Beach CoC",2023,2024,74.2602456319121,74.2654067660321,-0.00516113412002994
"separate_lasso_CA","1se",7,2024,"California","CA","CA-607","Pasadena CoC",2023,2024,40.6843979834377,56.2984925768904,-15.6140945934527
"separate_lasso_CA","1se",7,2024,"California","CA","CA-608","Riverside City & County CoC",2023,2024,16.8003631314074,21.4755423943077,-4.67517926290029
"separate_lasso_CA","1se",7,2024,"California","CA","CA-609","San Bernardino City & County CoC",2023,2024,19.1773437823942,23.429905156646,-4.25256137425181
"separate_lasso_CA","1se",7,2024,"California","CA","CA-611","Oxnard, San Buenaventura/Ventura County CoC",2023,2024,28.2926840974238,38.1533946351055,-9.86071053768167
"separate_lasso_CA","1se",7,2024,"California","CA","CA-612","Glendale CoC",2023,2024,9.23068341548815,35.4358089856647,-26.2051255701766
"separate_lasso_CA","1se",7,2024,"California","CA","CA-613","Imperial County CoC",2023,2024,82.5076188235552,38.9852873111501,43.5223315124051
"separate_lasso_CA","1se",7,2024,"California","CA","CA-614","San Luis Obispo County CoC",2023,2024,41.6440725422023,45.9854490065106,-4.34137646430829
"separate_lasso_FL","min",7,2024,"Florida","FL","FL-500","Sarasota, Bradenton/Manatee, Sarasota Counties CoC",2023,2024,12.3750594954783,4.71211690384911,7.66294259162919
"separate_lasso_FL","min",7,2024,"Florida","FL","FL-501","Tampa/Hillsborough County CoC",2023,2024,12.0481314258292,3.84940236242182,8.19872906340738
"separate_lasso_FL","min",7,2024,"Florida","FL","FL-502","St. Petersburg, Clearwater, Largo/Pinellas County CoC",2023,2024,21.9700811227024,19.5655248283905,2.40455629431192
"separate_lasso_FL","min",7,2024,"Florida","FL","FL-503","Lakeland/Polk County CoC",2023,2024,14.1760841122154,3.86475720628336,10.311326905932
"separate_lasso_FL","min",7,2024,"Florida","FL","FL-504","Deltona, Daytona Beach/Volusia, Flagler Counties CoC",2023,2024,15.7853838736844,7.1862241161201,8.5991597575643
"separate_lasso_FL","min",7,2024,"Florida","FL","FL-505","Fort Walton Beach/Okaloosa, Walton Counties CoC",2023,2024,12.6047304812041,17.8597081306978,-5.25497764949366
"separate_lasso_FL","min",7,2024,"Florida","FL","FL-506","Tallahassee/Leon County CoC",2023,2024,18.2713080699693,19.1046887524389,-0.833380682469603
"separate_lasso_FL","min",7,2024,"Florida","FL","FL-507","Orlando/Orange, Osceola, Seminole Counties CoC",2023,2024,11.2092413249517,-3.94896452734305,15.1582058522948
"separate_lasso_FL","min",7,2024,"Florida","FL","FL-508","Gainesville/Alachua, Putnam Counties CoC",2023,2024,15.4152656138896,17.6421054270372,-2.2268398131476
"separate_lasso_FL","min",7,2024,"Florida","FL","FL-509","Fort Pierce/St. Lucie, Indian River, Martin Counties CoC",2023,2024,9.62444086254761,5.96131282360036,3.66312803894725
"separate_lasso_FL","min",7,2024,"Florida","FL","FL-510","Jacksonville-Duval, Clay Counties CoC",2023,2024,9.48993257017078,1.13174538089964,8.35818718927114
"separate_lasso_FL","min",7,2024,"Florida","FL","FL-511","Pensacola/Escambia, Santa Rosa Counties CoC",2023,2024,20.802344385312,12.518375510929,8.28396887438302
"separate_lasso_FL","min",7,2024,"Florida","FL","FL-512","St. Johns County CoC",2023,2024,13.259973480053,12.7945583363056,0.465415143747443
"separate_lasso_FL","min",7,2024,"Florida","FL","FL-513","Palm Bay, Melbourne/Brevard County CoC",2023,2024,17.0056106324685,9.65860612494455,7.34700450752395
"separate_lasso_FL","min",7,2024,"Florida","FL","FL-514","Ocala/Marion County CoC",2023,2024,8.83187887708969,11.7943666981353,-2.96248782104558
"separate_lasso_FL","min",7,2024,"Florida","FL","FL-515","Panama City/Bay, Jackson Counties CoC",2023,2024,15.3172262007447,15.9770790351678,-0.659852834423123
"separate_lasso_FL","min",7,2024,"Florida","FL","FL-517","Hendry, Hardee, Highlands Counties CoC",2023,2024,23.3043452969577,17.663114735277,5.64123056168074
"separate_lasso_FL","min",7,2024,"Florida","FL","FL-519","Pasco County CoC",2023,2024,11.1400661393804,8.72320058679665,2.41686555258375
"separate_lasso_FL","min",7,2024,"Florida","FL","FL-520","Citrus, Hernando, Lake, Sumter Counties CoC",2023,2024,7.9788205963204,-0.871589112315086,8.85040970863549
"separate_lasso_FL","min",7,2024,"Florida","FL","FL-600","Miami-Dade County CoC",2023,2024,13.5128215340324,5.37471395640596,8.13810757762644
"separate_lasso_FL","min",7,2024,"Florida","FL","FL-601","Ft Lauderdale/Broward County CoC",2023,2024,12.2610790444801,-0.351994906449689,12.6130739509298
"separate_lasso_FL","min",7,2024,"Florida","FL","FL-602","Charlotte County CoC",2023,2024,16.2208686440678,21.1471372404981,-4.92626859643032
"separate_lasso_FL","min",7,2024,"Florida","FL","FL-603","Ft Myers, Cape Coral/Lee County CoC",2023,2024,10.9206921003125,5.98727347058598,4.93341862972652
"separate_lasso_FL","min",7,2024,"Florida","FL","FL-604","Monroe County CoC",2023,2024,54.8680119490337,56.5056505322136,-1.63763858317985
"separate_lasso_FL","min",7,2024,"Florida","FL","FL-605","West Palm Beach/Palm Beach County CoC",2023,2024,13.5057186490724,2.46869657141476,11.0370220776576
"separate_lasso_FL","min",7,2024,"Florida","FL","FL-606","Naples/Collier County CoC",2023,2024,15.8378967273146,14.792340020758,1.04555670655663
"separate_lasso_FL","1se",7,2024,"Florida","FL","FL-500","Sarasota, Bradenton/Manatee, Sarasota Counties CoC",2023,2024,12.3750594954783,6.39582799870987,5.97923149676843
"separate_lasso_FL","1se",7,2024,"Florida","FL","FL-501","Tampa/Hillsborough County CoC",2023,2024,12.0481314258292,2.07841594488051,9.96971548094869
"separate_lasso_FL","1se",7,2024,"Florida","FL","FL-502","St. Petersburg, Clearwater, Largo/Pinellas County CoC",2023,2024,21.9700811227024,9.49576384773169,12.4743172749707
"separate_lasso_FL","1se",7,2024,"Florida","FL","FL-503","Lakeland/Polk County CoC",2023,2024,14.1760841122154,6.56141797795109,7.61466613426431
"separate_lasso_FL","1se",7,2024,"Florida","FL","FL-504","Deltona, Daytona Beach/Volusia, Flagler Counties CoC",2023,2024,15.7853838736844,7.55636508903431,8.22901878465009
"separate_lasso_FL","1se",7,2024,"Florida","FL","FL-505","Fort Walton Beach/Okaloosa, Walton Counties CoC",2023,2024,12.6047304812041,12.6654613739693,-0.0607308927652284
"separate_lasso_FL","1se",7,2024,"Florida","FL","FL-506","Tallahassee/Leon County CoC",2023,2024,18.2713080699693,13.0619965241898,5.20931154577949
"separate_lasso_FL","1se",7,2024,"Florida","FL","FL-507","Orlando/Orange, Osceola, Seminole Counties CoC",2023,2024,11.2092413249517,-0.579578865802988,11.7888201907547
"separate_lasso_FL","1se",7,2024,"Florida","FL","FL-508","Gainesville/Alachua, Putnam Counties CoC",2023,2024,15.4152656138896,10.5488447232961,4.86642089059345
"separate_lasso_FL","1se",7,2024,"Florida","FL","FL-509","Fort Pierce/St. Lucie, Indian River, Martin Counties CoC",2023,2024,9.62444086254761,6.48040502448271,3.1440358380649
"separate_lasso_FL","1se",7,2024,"Florida","FL","FL-510","Jacksonville-Duval, Clay Counties CoC",2023,2024,9.48993257017078,3.15478385418775,6.33514871598303
"separate_lasso_FL","1se",7,2024,"Florida","FL","FL-511","Pensacola/Escambia, Santa Rosa Counties CoC",2023,2024,20.802344385312,10.9135712283992,9.88877315691276
"separate_lasso_FL","1se",7,2024,"Florida","FL","FL-512","St. Johns County CoC",2023,2024,13.259973480053,12.5134946169861,0.746478863066889
"separate_lasso_FL","1se",7,2024,"Florida","FL","FL-513","Palm Bay, Melbourne/Brevard County CoC",2023,2024,17.0056106324685,8.22792556511055,8.77768506735794
"separate_lasso_FL","1se",7,2024,"Florida","FL","FL-514","Ocala/Marion County CoC",2023,2024,8.83187887708969,11.6493034075474,-2.81742453045768
"separate_lasso_FL","1se",7,2024,"Florida","FL","FL-515","Panama City/Bay, Jackson Counties CoC",2023,2024,15.3172262007447,13.0334705552601,2.28375564548464
"separate_lasso_FL","1se",7,2024,"Florida","FL","FL-517","Hendry, Hardee, Highlands Counties CoC",2023,2024,23.3043452969577,13.4414734592038,9.86287183775393
"separate_lasso_FL","1se",7,2024,"Florida","FL","FL-519","Pasco County CoC",2023,2024,11.1400661393804,7.88682905286184,3.25323708651856
"separate_lasso_FL","1se",7,2024,"Florida","FL","FL-520","Citrus, Hernando, Lake, Sumter Counties CoC",2023,2024,7.9788205963204,4.4065711967922,3.5722493995282
"separate_lasso_FL","1se",7,2024,"Florida","FL","FL-600","Miami-Dade County CoC",2023,2024,13.5128215340324,-0.739403920253369,14.2522254542858
"separate_lasso_FL","1se",7,2024,"Florida","FL","FL-601","Ft Lauderdale/Broward County CoC",2023,2024,12.2610790444801,0.000886517300679323,12.2601925271794
"separate_lasso_FL","1se",7,2024,"Florida","FL","FL-602","Charlotte County CoC",2023,2024,16.2208686440678,16.7226984488431,-0.501829804775312
"separate_lasso_FL","1se",7,2024,"Florida","FL","FL-603","Ft Myers, Cape Coral/Lee County CoC",2023,2024,10.9206921003125,5.5081691896442,5.4125229106683
"separate_lasso_FL","1se",7,2024,"Florida","FL","FL-604","Monroe County CoC",2023,2024,54.8680119490337,34.1516794737065,20.7163324753272
"separate_lasso_FL","1se",7,2024,"Florida","FL","FL-605","West Palm Beach/Palm Beach County CoC",2023,2024,13.5057186490724,1.7427959097602,11.7629227393122
"separate_lasso_FL","1se",7,2024,"Florida","FL","FL-606","Naples/Collier County CoC",2023,2024,15.8378967273146,12.4001785337349,3.43771819357974
"separate_state_lasso","min",7,2024,"California","CA","CA-500","San Jose/Santa Clara City & County CoC",2023,2024,54.4784607240383,38.6944926679454,15.7839680560929
"separate_state_lasso","min",7,2024,"California","CA","CA-501","San Francisco CoC",2023,2024,101.383162087594,107.681424484546,-6.29826239695183
"separate_state_lasso","min",7,2024,"California","CA","CA-502","Oakland, Berkeley/Alameda County CoC",2023,2024,57.7408127951197,59.613116009639,-1.87230321451931
"separate_state_lasso","min",7,2024,"California","CA","CA-503","Sacramento City & County CoC",2023,2024,41.0895852343349,44.4556252785847,-3.36604004424984
"separate_state_lasso","min",7,2024,"California","CA","CA-504","Santa Rosa, Petaluma/Sonoma County CoC",2023,2024,51.9611095200911,67.6861058288284,-15.7249963087373
"separate_state_lasso","min",7,2024,"California","CA","CA-505","Contra Costa County CoC",2023,2024,24.308827276505,25.9142586908376,-1.60543141433257
"separate_state_lasso","min",7,2024,"California","CA","CA-506","Salinas/Monterey, San Benito Counties CoC",2023,2024,60.8319470202893,48.2107813093129,12.6211657109764
"separate_state_lasso","min",7,2024,"California","CA","CA-507","Marin County CoC",2023,2024,42.6274129462191,57.4342554926251,-14.806842546406
"separate_state_lasso","min",7,2024,"California","CA","CA-508","Watsonville/Santa Cruz City & County CoC",2023,2024,70.7681596835707,67.8095855107757,2.95857417279502
"separate_state_lasso","min",7,2024,"California","CA","CA-509","Mendocino County CoC",2023,2024,87.0259391268173,108.910535260096,-21.8845961332786
"separate_state_lasso","min",7,2024,"California","CA","CA-510","Turlock, Modesto/Stanislaus County CoC",2023,2024,36.8156276239208,48.6382154178352,-11.8225877939144
"separate_state_lasso","min",7,2024,"California","CA","CA-511","Stockton/San Joaquin County CoC",2023,2024,57.908655581785,42.1469302939349,15.7617252878501
"separate_state_lasso","min",7,2024,"California","CA","CA-512","Daly City/San Mateo County CoC",2023,2024,28.7594160083281,36.1883921717157,-7.42897616338756
"separate_state_lasso","min",7,2024,"California","CA","CA-513","Visalia/Kings, Tulare Counties CoC",2023,2024,26.2081289088829,23.6340662574623,2.57406265142057
"separate_state_lasso","min",7,2024,"California","CA","CA-514","Fresno City & County/Madera County CoC",2023,2024,35.88008301176,36.0396106000002,-0.159527588240152
"separate_state_lasso","min",7,2024,"California","CA","CA-515","Roseville, Rocklin/Placer County CoC",2023,2024,16.1647235993451,20.4034778406174,-4.23875424127227
"separate_state_lasso","min",7,2024,"California","CA","CA-516","Redding/Shasta, Siskiyou, Lassen, Plumas, Del Norte, Modoc, Sierra Counties CoC",2023,2024,77.5826736331863,67.489358339529,10.0933152936573
"separate_state_lasso","min",7,2024,"California","CA","CA-517","Napa City & County CoC",2023,2024,31.1009277692221,47.193550913634,-16.0926231444119
"separate_state_lasso","min",7,2024,"California","CA","CA-518","Vallejo/Solano County CoC",2023,2024,37.9057564011286,29.3943295019948,8.51142689913381
"separate_state_lasso","min",7,2024,"California","CA","CA-519","Chico, Paradise/Butte County CoC",2023,2024,66.2077032974409,77.9801959914368,-11.7724926939959
"separate_state_lasso","min",7,2024,"California","CA","CA-520","Merced City & County CoC",2023,2024,28.2001435276122,40.0736000686802,-11.873456541068
"separate_state_lasso","min",7,2024,"California","CA","CA-521","Davis, Woodland/Yolo County CoC",2023,2024,42.192958882021,56.9456549669839,-14.7526960849629
"separate_state_lasso","min",7,2024,"California","CA","CA-522","Humboldt County CoC",2023,2024,118.874882863275,86.7311356287511,32.1437472345239
"separate_state_lasso","min",7,2024,"California","CA","CA-523","Colusa, Glenn, Trinity Counties CoC",2023,2024,37.5569790862145,50.3680141062902,-12.8110350200757
"separate_state_lasso","min",7,2024,"California","CA","CA-524","Yuba City & County/Sutter County CoC",2023,2024,49.7923530106131,50.1374542865377,-0.34510127592462
"separate_state_lasso","min",7,2024,"California","CA","CA-525","El Dorado County CoC",2023,2024,14.7631399743205,28.5834224155641,-13.8202824412436
"separate_state_lasso","min",7,2024,"California","CA","CA-526","Amador, Calaveras, Mariposa, Tuolumne Counties CoC",2023,2024,45.0492785223335,60.1452896862603,-15.0960111639268
"separate_state_lasso","min",7,2024,"California","CA","CA-527","Tehama County CoC",2023,2024,50.0254759368197,37.5455190426014,12.4799568942183
"separate_state_lasso","min",7,2024,"California","CA","CA-529","Lake County CoC",2023,2024,88.98055391868,71.4748802131055,17.5056737055745
"separate_state_lasso","min",7,2024,"California","CA","CA-530","Alpine, Inyo, Mono Counties CoC",2023,2024,33.0423940149626,40.7840539422534,-7.74165992729076
"separate_state_lasso","min",7,2024,"California","CA","CA-531","Nevada County CoC",2023,2024,50.5159281812308,76.1278697922867,-25.6119416110559
"separate_state_lasso","min",7,2024,"California","CA","CA-600","Los Angeles City & County CoC",2023,2024,79.3944803924888,66.2558033332855,13.1386770592033
"separate_state_lasso","min",7,2024,"California","CA","CA-601","San Diego City and County CoC",2023,2024,32.2581430138383,53.7924236731935,-21.5342806593552
"separate_state_lasso","min",7,2024,"California","CA","CA-602","Santa Ana, Anaheim/Orange County CoC",2023,2024,23.1853622530776,29.5455338386737,-6.36017158559606
"separate_state_lasso","min",7,2024,"California","CA","CA-603","Santa Maria/Santa Barbara County CoC",2023,2024,47.8242127285982,62.2061948653141,-14.3819821367159
"separate_state_lasso","min",7,2024,"California","CA","CA-604","Bakersfield/Kern County CoC",2023,2024,28.8650383713586,50.2850013373815,-21.4199629660229
"separate_state_lasso","min",7,2024,"California","CA","CA-606","Long Beach CoC",2023,2024,74.2602456319121,76.3668589057151,-2.10661327380303
"separate_state_lasso","min",7,2024,"California","CA","CA-607","Pasadena CoC",2023,2024,40.6843979834377,60.4515674124764,-19.7671694290387
"separate_state_lasso","min",7,2024,"California","CA","CA-608","Riverside City & County CoC",2023,2024,16.8003631314074,18.0031578499162,-1.20279471850875
"separate_state_lasso","min",7,2024,"California","CA","CA-609","San Bernardino City & County CoC",2023,2024,19.1773437823942,21.8879076685659,-2.71056388617175
"separate_state_lasso","min",7,2024,"California","CA","CA-611","Oxnard, San Buenaventura/Ventura County CoC",2023,2024,28.2926840974238,38.7209404757225,-10.4282563782987
"separate_state_lasso","min",7,2024,"California","CA","CA-612","Glendale CoC",2023,2024,9.23068341548815,33.3426413865457,-24.1119579710576
"separate_state_lasso","min",7,2024,"California","CA","CA-613","Imperial County CoC",2023,2024,82.5076188235552,37.1409962103701,45.3666226131851
"separate_state_lasso","min",7,2024,"California","CA","CA-614","San Luis Obispo County CoC",2023,2024,41.6440725422023,52.1864472478265,-10.5423747056241
"separate_state_lasso","min",7,2024,"Florida","FL","FL-500","Sarasota, Bradenton/Manatee, Sarasota Counties CoC",2023,2024,12.3750594954783,4.71211690384911,7.66294259162919
"separate_state_lasso","min",7,2024,"Florida","FL","FL-501","Tampa/Hillsborough County CoC",2023,2024,12.0481314258292,3.84940236242182,8.19872906340738
"separate_state_lasso","min",7,2024,"Florida","FL","FL-502","St. Petersburg, Clearwater, Largo/Pinellas County CoC",2023,2024,21.9700811227024,19.5655248283905,2.40455629431192
"separate_state_lasso","min",7,2024,"Florida","FL","FL-503","Lakeland/Polk County CoC",2023,2024,14.1760841122154,3.86475720628336,10.311326905932
"separate_state_lasso","min",7,2024,"Florida","FL","FL-504","Deltona, Daytona Beach/Volusia, Flagler Counties CoC",2023,2024,15.7853838736844,7.1862241161201,8.5991597575643
"separate_state_lasso","min",7,2024,"Florida","FL","FL-505","Fort Walton Beach/Okaloosa, Walton Counties CoC",2023,2024,12.6047304812041,17.8597081306978,-5.25497764949366
"separate_state_lasso","min",7,2024,"Florida","FL","FL-506","Tallahassee/Leon County CoC",2023,2024,18.2713080699693,19.1046887524389,-0.833380682469603
"separate_state_lasso","min",7,2024,"Florida","FL","FL-507","Orlando/Orange, Osceola, Seminole Counties CoC",2023,2024,11.2092413249517,-3.94896452734305,15.1582058522948
"separate_state_lasso","min",7,2024,"Florida","FL","FL-508","Gainesville/Alachua, Putnam Counties CoC",2023,2024,15.4152656138896,17.6421054270372,-2.2268398131476
"separate_state_lasso","min",7,2024,"Florida","FL","FL-509","Fort Pierce/St. Lucie, Indian River, Martin Counties CoC",2023,2024,9.62444086254761,5.96131282360036,3.66312803894725
"separate_state_lasso","min",7,2024,"Florida","FL","FL-510","Jacksonville-Duval, Clay Counties CoC",2023,2024,9.48993257017078,1.13174538089964,8.35818718927114
"separate_state_lasso","min",7,2024,"Florida","FL","FL-511","Pensacola/Escambia, Santa Rosa Counties CoC",2023,2024,20.802344385312,12.518375510929,8.28396887438302
"separate_state_lasso","min",7,2024,"Florida","FL","FL-512","St. Johns County CoC",2023,2024,13.259973480053,12.7945583363056,0.465415143747443
"separate_state_lasso","min",7,2024,"Florida","FL","FL-513","Palm Bay, Melbourne/Brevard County CoC",2023,2024,17.0056106324685,9.65860612494455,7.34700450752395
"separate_state_lasso","min",7,2024,"Florida","FL","FL-514","Ocala/Marion County CoC",2023,2024,8.83187887708969,11.7943666981353,-2.96248782104558
"separate_state_lasso","min",7,2024,"Florida","FL","FL-515","Panama City/Bay, Jackson Counties CoC",2023,2024,15.3172262007447,15.9770790351678,-0.659852834423123
"separate_state_lasso","min",7,2024,"Florida","FL","FL-517","Hendry, Hardee, Highlands Counties CoC",2023,2024,23.3043452969577,17.663114735277,5.64123056168074
"separate_state_lasso","min",7,2024,"Florida","FL","FL-519","Pasco County CoC",2023,2024,11.1400661393804,8.72320058679665,2.41686555258375
"separate_state_lasso","min",7,2024,"Florida","FL","FL-520","Citrus, Hernando, Lake, Sumter Counties CoC",2023,2024,7.9788205963204,-0.871589112315086,8.85040970863549
"separate_state_lasso","min",7,2024,"Florida","FL","FL-600","Miami-Dade County CoC",2023,2024,13.5128215340324,5.37471395640596,8.13810757762644
"separate_state_lasso","min",7,2024,"Florida","FL","FL-601","Ft Lauderdale/Broward County CoC",2023,2024,12.2610790444801,-0.351994906449689,12.6130739509298
"separate_state_lasso","min",7,2024,"Florida","FL","FL-602","Charlotte County CoC",2023,2024,16.2208686440678,21.1471372404981,-4.92626859643032
"separate_state_lasso","min",7,2024,"Florida","FL","FL-603","Ft Myers, Cape Coral/Lee County CoC",2023,2024,10.9206921003125,5.98727347058598,4.93341862972652
"separate_state_lasso","min",7,2024,"Florida","FL","FL-604","Monroe County CoC",2023,2024,54.8680119490337,56.5056505322136,-1.63763858317985
"separate_state_lasso","min",7,2024,"Florida","FL","FL-605","West Palm Beach/Palm Beach County CoC",2023,2024,13.5057186490724,2.46869657141476,11.0370220776576
"separate_state_lasso","min",7,2024,"Florida","FL","FL-606","Naples/Collier County CoC",2023,2024,15.8378967273146,14.792340020758,1.04555670655663
"separate_state_lasso","1se",7,2024,"California","CA","CA-500","San Jose/Santa Clara City & County CoC",2023,2024,54.4784607240383,41.9618934832042,12.5165672408341
"separate_state_lasso","1se",7,2024,"California","CA","CA-501","San Francisco CoC",2023,2024,101.383162087594,111.694346143447,-10.3111840558534
"separate_state_lasso","1se",7,2024,"California","CA","CA-502","Oakland, Berkeley/Alameda County CoC",2023,2024,57.7408127951197,57.0318319802372,0.708980814882452
"separate_state_lasso","1se",7,2024,"California","CA","CA-503","Sacramento City & County CoC",2023,2024,41.0895852343349,45.3440055170304,-4.25442028269553
"separate_state_lasso","1se",7,2024,"California","CA","CA-504","Santa Rosa, Petaluma/Sonoma County CoC",2023,2024,51.9611095200911,62.5682262585634,-10.6071167384723
"separate_state_lasso","1se",7,2024,"California","CA","CA-505","Contra Costa County CoC",2023,2024,24.308827276505,29.0864797555632,-4.77765247905824
"separate_state_lasso","1se",7,2024,"California","CA","CA-506","Salinas/Monterey, San Benito Counties CoC",2023,2024,60.8319470202893,46.2741394072753,14.557807613014
"separate_state_lasso","1se",7,2024,"California","CA","CA-507","Marin County CoC",2023,2024,42.6274129462191,50.1833805772909,-7.55596763107176
"separate_state_lasso","1se",7,2024,"California","CA","CA-508","Watsonville/Santa Cruz City & County CoC",2023,2024,70.7681596835707,59.4779447529577,11.290214930613
"separate_state_lasso","1se",7,2024,"California","CA","CA-509","Mendocino County CoC",2023,2024,87.0259391268173,91.7711243266087,-4.74518519979135
"separate_state_lasso","1se",7,2024,"California","CA","CA-510","Turlock, Modesto/Stanislaus County CoC",2023,2024,36.8156276239208,49.3324794453252,-12.5168518214044
"separate_state_lasso","1se",7,2024,"California","CA","CA-511","Stockton/San Joaquin County CoC",2023,2024,57.908655581785,45.5897415523306,12.3189140294544
"separate_state_lasso","1se",7,2024,"California","CA","CA-512","Daly City/San Mateo County CoC",2023,2024,28.7594160083281,38.6718656255187,-9.91244961719059
"separate_state_lasso","1se",7,2024,"California","CA","CA-513","Visalia/Kings, Tulare Counties CoC",2023,2024,26.2081289088829,28.176882755756,-1.96875384687312
"separate_state_lasso","1se",7,2024,"California","CA","CA-514","Fresno City & County/Madera County CoC",2023,2024,35.88008301176,38.8798870908293,-2.99980407906929
"separate_state_lasso","1se",7,2024,"California","CA","CA-515","Roseville, Rocklin/Placer County CoC",2023,2024,16.1647235993451,26.3398813492462,-10.1751577499011
"separate_state_lasso","1se",7,2024,"California","CA","CA-516","Redding/Shasta, Siskiyou, Lassen, Plumas, Del Norte, Modoc, Sierra Counties CoC",2023,2024,77.5826736331863,73.2571388044584,4.3255348287279
"separate_state_lasso","1se",7,2024,"California","CA","CA-517","Napa City & County CoC",2023,2024,31.1009277692221,44.8627538364714,-13.7618260672493
"separate_state_lasso","1se",7,2024,"California","CA","CA-518","Vallejo/Solano County CoC",2023,2024,37.9057564011286,30.7504830311647,7.15527336996389
"separate_state_lasso","1se",7,2024,"California","CA","CA-519","Chico, Paradise/Butte County CoC",2023,2024,66.2077032974409,74.4437937185794,-8.23609042113854
"separate_state_lasso","1se",7,2024,"California","CA","CA-520","Merced City & County CoC",2023,2024,28.2001435276122,41.2457451337882,-13.045601606176
"separate_state_lasso","1se",7,2024,"California","CA","CA-521","Davis, Woodland/Yolo County CoC",2023,2024,42.192958882021,52.9044295409628,-10.7114706589418
"separate_state_lasso","1se",7,2024,"California","CA","CA-522","Humboldt County CoC",2023,2024,118.874882863275,76.710053318929,42.164829544346
"separate_state_lasso","1se",7,2024,"California","CA","CA-523","Colusa, Glenn, Trinity Counties CoC",2023,2024,37.5569790862145,56.4659824015445,-18.90900331533
"separate_state_lasso","1se",7,2024,"California","CA","CA-524","Yuba City & County/Sutter County CoC",2023,2024,49.7923530106131,52.9176994885223,-3.12534647790925
"separate_state_lasso","1se",7,2024,"California","CA","CA-525","El Dorado County CoC",2023,2024,14.7631399743205,29.1143580425756,-14.3512180682551
"separate_state_lasso","1se",7,2024,"California","CA","CA-526","Amador, Calaveras, Mariposa, Tuolumne Counties CoC",2023,2024,45.0492785223335,58.8019433220766,-13.7526647997431
"separate_state_lasso","1se",7,2024,"California","CA","CA-527","Tehama County CoC",2023,2024,50.0254759368197,38.6169172155897,11.40855872123
"separate_state_lasso","1se",7,2024,"California","CA","CA-529","Lake County CoC",2023,2024,88.98055391868,68.590088155148,20.390465763532
"separate_state_lasso","1se",7,2024,"California","CA","CA-530","Alpine, Inyo, Mono Counties CoC",2023,2024,33.0423940149626,38.4724445282186,-5.43005051325601
"separate_state_lasso","1se",7,2024,"California","CA","CA-531","Nevada County CoC",2023,2024,50.5159281812308,69.8164036720933,-19.3004754908625
"separate_state_lasso","1se",7,2024,"California","CA","CA-600","Los Angeles City & County CoC",2023,2024,79.3944803924888,61.2195162292647,18.1749641632241
"separate_state_lasso","1se",7,2024,"California","CA","CA-601","San Diego City and County CoC",2023,2024,32.2581430138383,49.4791102403357,-17.2209672264974
"separate_state_lasso","1se",7,2024,"California","CA","CA-602","Santa Ana, Anaheim/Orange County CoC",2023,2024,23.1853622530776,33.3934431568012,-10.2080809037236
"separate_state_lasso","1se",7,2024,"California","CA","CA-603","Santa Maria/Santa Barbara County CoC",2023,2024,47.8242127285982,55.763275411233,-7.93906268263483
"separate_state_lasso","1se",7,2024,"California","CA","CA-604","Bakersfield/Kern County CoC",2023,2024,28.8650383713586,45.1646389928752,-16.2996006215166
"separate_state_lasso","1se",7,2024,"California","CA","CA-606","Long Beach CoC",2023,2024,74.2602456319121,74.2654067660321,-0.00516113412002994
"separate_state_lasso","1se",7,2024,"California","CA","CA-607","Pasadena CoC",2023,2024,40.6843979834377,56.2984925768904,-15.6140945934527
"separate_state_lasso","1se",7,2024,"California","CA","CA-608","Riverside City & County CoC",2023,2024,16.8003631314074,21.4755423943077,-4.67517926290029
"separate_state_lasso","1se",7,2024,"California","CA","CA-609","San Bernardino City & County CoC",2023,2024,19.1773437823942,23.429905156646,-4.25256137425181
"separate_state_lasso","1se",7,2024,"California","CA","CA-611","Oxnard, San Buenaventura/Ventura County CoC",2023,2024,28.2926840974238,38.1533946351055,-9.86071053768167
"separate_state_lasso","1se",7,2024,"California","CA","CA-612","Glendale CoC",2023,2024,9.23068341548815,35.4358089856647,-26.2051255701766
"separate_state_lasso","1se",7,2024,"California","CA","CA-613","Imperial County CoC",2023,2024,82.5076188235552,38.9852873111501,43.5223315124051
"separate_state_lasso","1se",7,2024,"California","CA","CA-614","San Luis Obispo County CoC",2023,2024,41.6440725422023,45.9854490065106,-4.34137646430829
"separate_state_lasso","1se",7,2024,"Florida","FL","FL-500","Sarasota, Bradenton/Manatee, Sarasota Counties CoC",2023,2024,12.3750594954783,6.39582799870987,5.97923149676843
"separate_state_lasso","1se",7,2024,"Florida","FL","FL-501","Tampa/Hillsborough County CoC",2023,2024,12.0481314258292,2.07841594488051,9.96971548094869
"separate_state_lasso","1se",7,2024,"Florida","FL","FL-502","St. Petersburg, Clearwater, Largo/Pinellas County CoC",2023,2024,21.9700811227024,9.49576384773169,12.4743172749707
"separate_state_lasso","1se",7,2024,"Florida","FL","FL-503","Lakeland/Polk County CoC",2023,2024,14.1760841122154,6.56141797795109,7.61466613426431
"separate_state_lasso","1se",7,2024,"Florida","FL","FL-504","Deltona, Daytona Beach/Volusia, Flagler Counties CoC",2023,2024,15.7853838736844,7.55636508903431,8.22901878465009
"separate_state_lasso","1se",7,2024,"Florida","FL","FL-505","Fort Walton Beach/Okaloosa, Walton Counties CoC",2023,2024,12.6047304812041,12.6654613739693,-0.0607308927652284
"separate_state_lasso","1se",7,2024,"Florida","FL","FL-506","Tallahassee/Leon County CoC",2023,2024,18.2713080699693,13.0619965241898,5.20931154577949
"separate_state_lasso","1se",7,2024,"Florida","FL","FL-507","Orlando/Orange, Osceola, Seminole Counties CoC",2023,2024,11.2092413249517,-0.579578865802988,11.7888201907547
"separate_state_lasso","1se",7,2024,"Florida","FL","FL-508","Gainesville/Alachua, Putnam Counties CoC",2023,2024,15.4152656138896,10.5488447232961,4.86642089059345
"separate_state_lasso","1se",7,2024,"Florida","FL","FL-509","Fort Pierce/St. Lucie, Indian River, Martin Counties CoC",2023,2024,9.62444086254761,6.48040502448271,3.1440358380649
"separate_state_lasso","1se",7,2024,"Florida","FL","FL-510","Jacksonville-Duval, Clay Counties CoC",2023,2024,9.48993257017078,3.15478385418775,6.33514871598303
"separate_state_lasso","1se",7,2024,"Florida","FL","FL-511","Pensacola/Escambia, Santa Rosa Counties CoC",2023,2024,20.802344385312,10.9135712283992,9.88877315691276
"separate_state_lasso","1se",7,2024,"Florida","FL","FL-512","St. Johns County CoC",2023,2024,13.259973480053,12.5134946169861,0.746478863066889
"separate_state_lasso","1se",7,2024,"Florida","FL","FL-513","Palm Bay, Melbourne/Brevard County CoC",2023,2024,17.0056106324685,8.22792556511055,8.77768506735794
"separate_state_lasso","1se",7,2024,"Florida","FL","FL-514","Ocala/Marion County CoC",2023,2024,8.83187887708969,11.6493034075474,-2.81742453045768
"separate_state_lasso","1se",7,2024,"Florida","FL","FL-515","Panama City/Bay, Jackson Counties CoC",2023,2024,15.3172262007447,13.0334705552601,2.28375564548464
"separate_state_lasso","1se",7,2024,"Florida","FL","FL-517","Hendry, Hardee, Highlands Counties CoC",2023,2024,23.3043452969577,13.4414734592038,9.86287183775393
"separate_state_lasso","1se",7,2024,"Florida","FL","FL-519","Pasco County CoC",2023,2024,11.1400661393804,7.88682905286184,3.25323708651856
"separate_state_lasso","1se",7,2024,"Florida","FL","FL-520","Citrus, Hernando, Lake, Sumter Counties CoC",2023,2024,7.9788205963204,4.4065711967922,3.5722493995282
"separate_state_lasso","1se",7,2024,"Florida","FL","FL-600","Miami-Dade County CoC",2023,2024,13.5128215340324,-0.739403920253369,14.2522254542858
"separate_state_lasso","1se",7,2024,"Florida","FL","FL-601","Ft Lauderdale/Broward County CoC",2023,2024,12.2610790444801,0.000886517300679323,12.2601925271794
"separate_state_lasso","1se",7,2024,"Florida","FL","FL-602","Charlotte County CoC",2023,2024,16.2208686440678,16.7226984488431,-0.501829804775312
"separate_state_lasso","1se",7,2024,"Florida","FL","FL-603","Ft Myers, Cape Coral/Lee County CoC",2023,2024,10.9206921003125,5.5081691896442,5.4125229106683
"separate_state_lasso","1se",7,2024,"Florida","FL","FL-604","Monroe County CoC",2023,2024,54.8680119490337,34.1516794737065,20.7163324753272
"separate_state_lasso","1se",7,2024,"Florida","FL","FL-605","West Palm Beach/Palm Beach County CoC",2023,2024,13.5057186490724,1.7427959097602,11.7629227393122
"separate_state_lasso","1se",7,2024,"Florida","FL","FL-606","Naples/Collier County CoC",2023,2024,15.8378967273146,12.4001785337349,3.43771819357974
"state_time_baseline","none",8,2025,"California","CA","CA-500","San Jose/Santa Clara City & County CoC",2024,2025,55.9499078296962,38.555801674139,17.3941061555572
"state_time_baseline","none",8,2025,"California","CA","CA-501","San Francisco CoC",2024,2025,104.965747827992,38.555801674139,66.409946153853
"state_time_baseline","none",8,2025,"California","CA","CA-502","Oakland, Berkeley/Alameda County CoC",2024,2025,56.5918992075179,38.555801674139,18.0360975333789
"state_time_baseline","none",8,2025,"California","CA","CA-503","Sacramento City & County CoC",2024,2025,43.220098117964,38.555801674139,4.66429644382502
"state_time_baseline","none",8,2025,"California","CA","CA-504","Santa Rosa, Petaluma/Sonoma County CoC",2024,2025,40.1279489519862,38.555801674139,1.57214727784721
"state_time_baseline","none",8,2025,"California","CA","CA-505","Contra Costa County CoC",2024,2025,18.1014811079679,38.555801674139,-20.4543205661711
"state_time_baseline","none",8,2025,"California","CA","CA-506","Salinas/Monterey, San Benito Counties CoC",2024,2025,60.479028842165,38.555801674139,21.923227168026
"state_time_baseline","none",8,2025,"California","CA","CA-507","Marin County CoC",2024,2025,42.6103888937066,38.555801674139,4.05458721956762
"state_time_baseline","none",8,2025,"California","CA","CA-508","Watsonville/Santa Cruz City & County CoC",2024,2025,56.9051040749154,38.555801674139,18.3493024007764
"state_time_baseline","none",8,2025,"California","CA","CA-509","Mendocino County CoC",2024,2025,72.172669707905,38.555801674139,33.616868033766
"state_time_baseline","none",8,2025,"California","CA","CA-510","Turlock, Modesto/Stanislaus County CoC",2024,2025,37.4023477772857,38.555801674139,-1.15345389685329
"state_time_baseline","none",8,2025,"California","CA","CA-511","Stockton/San Joaquin County CoC",2024,2025,57.7799627343518,38.555801674139,19.2241610602128
"state_time_baseline","none",8,2025,"California","CA","CA-512","Daly City/San Mateo County CoC",2024,2025,28.8742926000043,38.555801674139,-9.68150907413468
"state_time_baseline","none",8,2025,"California","CA","CA-513","Visalia/Kings, Tulare Counties CoC",2024,2025,23.0189546704865,38.555801674139,-15.5368470036525
"state_time_baseline","none",8,2025,"California","CA","CA-514","Fresno City & County/Madera County CoC",2024,2025,40.7600905114997,38.555801674139,2.20428883736071
"state_time_baseline","none",8,2025,"California","CA","CA-515","Roseville, Rocklin/Placer County CoC",2024,2025,16.0830255089,38.555801674139,-22.472776165239
"state_time_baseline","none",8,2025,"California","CA","CA-516","Redding/Shasta, Siskiyou, Lassen, Plumas, Del Norte, Modoc, Sierra Counties CoC",2024,2025,75.5445271574304,38.555801674139,36.9887254832914
"state_time_baseline","none",8,2025,"California","CA","CA-517","Napa City & County CoC",2024,2025,28.1310878607586,38.555801674139,-10.4247138133804
"state_time_baseline","none",8,2025,"California","CA","CA-518","Vallejo/Solano County CoC",2024,2025,36.5412318611433,38.555801674139,-2.01456981299568
"state_time_baseline","none",8,2025,"California","CA","CA-519","Chico, Paradise/Butte County CoC",2024,2025,66.5356984097395,38.555801674139,27.9798967356005
"state_time_baseline","none",8,2025,"California","CA","CA-520","Merced City & County CoC",2024,2025,24.1202987283859,38.555801674139,-14.4355029457531
"state_time_baseline","none",8,2025,"California","CA","CA-521","Davis, Woodland/Yolo County CoC",2024,2025,43.0016487678802,38.555801674139,4.44584709374121
"state_time_baseline","none",8,2025,"California","CA","CA-522","Humboldt County CoC",2024,2025,113.105501834451,38.555801674139,74.549700160312
"state_time_baseline","none",8,2025,"California","CA","CA-523","Colusa, Glenn, Trinity Counties CoC",2024,2025,34.5525670882993,38.555801674139,-4.00323458583969
"state_time_baseline","none",8,2025,"California","CA","CA-524","Yuba City & County/Sutter County CoC",2024,2025,44.2718612317179,38.555801674139,5.71605955757892
"state_time_baseline","none",8,2025,"California","CA","CA-525","El Dorado County CoC",2024,2025,15.0268038664122,38.555801674139,-23.5289978077268
"state_time_baseline","none",8,2025,"California","CA","CA-526","Amador, Calaveras, Mariposa, Tuolumne Counties CoC",2024,2025,50.9589490347442,38.555801674139,12.4031473606052
"state_time_baseline","none",8,2025,"California","CA","CA-527","Tehama County CoC",2024,2025,51.6508157426738,38.555801674139,13.0950140685348
"state_time_baseline","none",8,2025,"California","CA","CA-529","Lake County CoC",2024,2025,56.5130142241634,38.555801674139,17.9572125500244
"state_time_baseline","none",8,2025,"California","CA","CA-530","Alpine, Inyo, Mono Counties CoC",2024,2025,39.109316848546,38.555801674139,0.553515174407018
"state_time_baseline","none",8,2025,"California","CA","CA-531","Nevada County CoC",2024,2025,45.7261728370833,38.555801674139,7.17037116294431
"state_time_baseline","none",8,2025,"California","CA","CA-600","Los Angeles City & County CoC",2024,2025,75.9969026711013,38.555801674139,37.4411009969623
"state_time_baseline","none",8,2025,"California","CA","CA-601","San Diego City and County CoC",2024,2025,30.1774881118063,38.555801674139,-8.37831356233268
"state_time_baseline","none",8,2025,"California","CA","CA-602","Santa Ana, Anaheim/Orange County CoC",2024,2025,24.4800217938871,38.555801674139,-14.0757798802519
"state_time_baseline","none",8,2025,"California","CA","CA-603","Santa Maria/Santa Barbara County CoC",2024,2025,55.5348195401129,38.555801674139,16.9790178659739
"state_time_baseline","none",8,2025,"California","CA","CA-604","Bakersfield/Kern County CoC",2024,2025,28.1640613202052,38.555801674139,-10.3917403539338
"state_time_baseline","none",8,2025,"California","CA","CA-606","Long Beach CoC",2024,2025,80.7781765738186,38.555801674139,42.2223748996796
"state_time_baseline","none",8,2025,"California","CA","CA-607","Pasadena CoC",2024,2025,42.7502410640444,38.555801674139,4.19443938990542
"state_time_baseline","none",8,2025,"California","CA","CA-608","Riverside City & County CoC",2024,2025,15.678317083943,38.555801674139,-22.877484590196
"state_time_baseline","none",8,2025,"California","CA","CA-609","San Bernardino City & County CoC",2024,2025,17.2519919373803,38.555801674139,-21.3038097367587
"state_time_baseline","none",8,2025,"California","CA","CA-611","Oxnard, San Buenaventura/Ventura County CoC",2024,2025,23.9513462702699,38.555801674139,-14.6044554038691
"state_time_baseline","none",8,2025,"California","CA","CA-612","Glendale CoC",2024,2025,10.4489191046873,38.555801674139,-28.1068825694517
"state_time_baseline","none",8,2025,"California","CA","CA-613","Imperial County CoC",2024,2025,86.8745555671927,38.555801674139,48.3187538930537
"state_time_baseline","none",8,2025,"California","CA","CA-614","San Luis Obispo County CoC",2024,2025,43.7374055750141,38.555801674139,5.18160390087512
"state_time_baseline","none",8,2025,"Florida","FL","FL-500","Sarasota, Bradenton/Manatee, Sarasota Counties CoC",2024,2025,10.2303624501402,21.0741074063463,-10.8437449562061
"state_time_baseline","none",8,2025,"Florida","FL","FL-501","Tampa/Hillsborough County CoC",2024,2025,11.4095857037129,21.0741074063463,-9.66452170263337
"state_time_baseline","none",8,2025,"Florida","FL","FL-502","St. Petersburg, Clearwater, Largo/Pinellas County CoC",2024,2025,19.640234755098,21.0741074063463,-1.43387265124827
"state_time_baseline","none",8,2025,"Florida","FL","FL-503","Lakeland/Polk County CoC",2024,2025,9.19077721510305,21.0741074063463,-11.8833301912432
"state_time_baseline","none",8,2025,"Florida","FL","FL-504","Deltona, Daytona Beach/Volusia, Flagler Counties CoC",2024,2025,14.4992924398842,21.0741074063463,-6.57481496646207
"state_time_baseline","none",8,2025,"Florida","FL","FL-505","Fort Walton Beach/Okaloosa, Walton Counties CoC",2024,2025,12.1866847774343,21.0741074063463,-8.88742262891197
"state_time_baseline","none",8,2025,"Florida","FL","FL-506","Tallahassee/Leon County CoC",2024,2025,14.4275725269538,21.0741074063463,-6.64653487939247
"state_time_baseline","none",8,2025,"Florida","FL","FL-507","Orlando/Orange, Osceola, Seminole Counties CoC",2024,2025,10.8970084793596,21.0741074063463,-10.1770989269867
"state_time_baseline","none",8,2025,"Florida","FL","FL-508","Gainesville/Alachua, Putnam Counties CoC",2024,2025,17.3630622306498,21.0741074063463,-3.71104517569647
"state_time_baseline","none",8,2025,"Florida","FL","FL-509","Fort Pierce/St. Lucie, Indian River, Martin Counties CoC",2024,2025,7.67342755421297,21.0741074063463,-13.4006798521333
"state_time_baseline","none",8,2025,"Florida","FL","FL-510","Jacksonville-Duval, Clay Counties CoC",2024,2025,7.07858845715874,21.0741074063463,-13.9955189491875
"state_time_baseline","none",8,2025,"Florida","FL","FL-511","Pensacola/Escambia, Santa Rosa Counties CoC",2024,2025,16.2584021624042,21.0741074063463,-4.81570524394207
"state_time_baseline","none",8,2025,"Florida","FL","FL-512","St. Johns County CoC",2024,2025,9.23979580051281,21.0741074063463,-11.8343116058335
"state_time_baseline","none",8,2025,"Florida","FL","FL-513","Palm Bay, Melbourne/Brevard County CoC",2024,2025,15.9944094870042,21.0741074063463,-5.07969791934207
"state_time_baseline","none",8,2025,"Florida","FL","FL-514","Ocala/Marion County CoC",2024,2025,8.83296435187277,21.0741074063463,-12.2411430544735
"state_time_baseline","none",8,2025,"Florida","FL","FL-515","Panama City/Bay, Jackson Counties CoC",2024,2025,12.569891626332,21.0741074063463,-8.50421578001427
"state_time_baseline","none",8,2025,"Florida","FL","FL-517","Hendry, Hardee, Highlands Counties CoC",2024,2025,18.7217466922519,21.0741074063463,-2.35236071409437
"state_time_baseline","none",8,2025,"Florida","FL","FL-519","Pasco County CoC",2024,2025,9.4586340427803,21.0741074063463,-11.615473363566
"state_time_baseline","none",8,2025,"Florida","FL","FL-520","Citrus, Hernando, Lake, Sumter Counties CoC",2024,2025,7.61511784568614,21.0741074063463,-13.4589895606601
"state_time_baseline","none",8,2025,"Florida","FL","FL-600","Miami-Dade County CoC",2024,2025,12.9013654034273,21.0741074063463,-8.17274200291897
"state_time_baseline","none",8,2025,"Florida","FL","FL-601","Ft Lauderdale/Broward County CoC",2024,2025,10.8726047611976,21.0741074063463,-10.2015026451487
"state_time_baseline","none",8,2025,"Florida","FL","FL-602","Charlotte County CoC",2024,2025,14.8702649945675,21.0741074063463,-6.20384241177877
"state_time_baseline","none",8,2025,"Florida","FL","FL-603","Ft Myers, Cape Coral/Lee County CoC",2024,2025,10.1415361000997,21.0741074063463,-10.9325713062466
"state_time_baseline","none",8,2025,"Florida","FL","FL-604","Monroe County CoC",2024,2025,47.0114170584285,21.0741074063463,25.9373096520822
"state_time_baseline","none",8,2025,"Florida","FL","FL-605","West Palm Beach/Palm Beach County CoC",2024,2025,9.64634714411008,21.0741074063463,-11.4277602622362
"state_time_baseline","none",8,2025,"Florida","FL","FL-606","Naples/Collier County CoC",2024,2025,18.1238028341217,21.0741074063463,-2.95030457222457
"pooled_lasso","min",8,2025,"California","CA","CA-500","San Jose/Santa Clara City & County CoC",2024,2025,55.9499078296962,38.9205005291662,17.02940730053
"pooled_lasso","min",8,2025,"California","CA","CA-501","San Francisco CoC",2024,2025,104.965747827992,98.1039178349442,6.86182999304781
"pooled_lasso","min",8,2025,"California","CA","CA-502","Oakland, Berkeley/Alameda County CoC",2024,2025,56.5918992075179,47.3095016678901,9.28239753962783
"pooled_lasso","min",8,2025,"California","CA","CA-503","Sacramento City & County CoC",2024,2025,43.220098117964,43.1171851454457,0.102912972518318
"pooled_lasso","min",8,2025,"California","CA","CA-504","Santa Rosa, Petaluma/Sonoma County CoC",2024,2025,40.1279489519862,56.5970373009446,-16.4690883489585
"pooled_lasso","min",8,2025,"California","CA","CA-505","Contra Costa County CoC",2024,2025,18.1014811079679,27.6552953783612,-9.5538142703933
"pooled_lasso","min",8,2025,"California","CA","CA-506","Salinas/Monterey, San Benito Counties CoC",2024,2025,60.479028842165,39.7693313426302,20.7096974995348
"pooled_lasso","min",8,2025,"California","CA","CA-507","Marin County CoC",2024,2025,42.6103888937066,48.9153129874209,-6.30492409371429
"pooled_lasso","min",8,2025,"California","CA","CA-508","Watsonville/Santa Cruz City & County CoC",2024,2025,56.9051040749154,53.0504463693903,3.85465770552508
"pooled_lasso","min",8,2025,"California","CA","CA-509","Mendocino County CoC",2024,2025,72.172669707905,87.3282721629306,-15.1556024550256
"pooled_lasso","min",8,2025,"California","CA","CA-510","Turlock, Modesto/Stanislaus County CoC",2024,2025,37.4023477772857,44.1147476390729,-6.71239986178723
"pooled_lasso","min",8,2025,"California","CA","CA-511","Stockton/San Joaquin County CoC",2024,2025,57.7799627343518,38.5794149460534,19.2005477882984
"pooled_lasso","min",8,2025,"California","CA","CA-512","Daly City/San Mateo County CoC",2024,2025,28.8742926000043,36.9728317705111,-8.09853917050677
"pooled_lasso","min",8,2025,"California","CA","CA-513","Visalia/Kings, Tulare Counties CoC",2024,2025,23.0189546704865,26.6956178830134,-3.67666321252689
"pooled_lasso","min",8,2025,"California","CA","CA-514","Fresno City & County/Madera County CoC",2024,2025,40.7600905114997,31.6720766227885,9.08801388871122
"pooled_lasso","min",8,2025,"California","CA","CA-515","Roseville, Rocklin/Placer County CoC",2024,2025,16.0830255089,26.7531855078211,-10.6701599989211
"pooled_lasso","min",8,2025,"California","CA","CA-516","Redding/Shasta, Siskiyou, Lassen, Plumas, Del Norte, Modoc, Sierra Counties CoC",2024,2025,75.5445271574304,66.0222333152483,9.52229384218207
"pooled_lasso","min",8,2025,"California","CA","CA-517","Napa City & County CoC",2024,2025,28.1310878607586,48.5638355107093,-20.4327476499507
"pooled_lasso","min",8,2025,"California","CA","CA-518","Vallejo/Solano County CoC",2024,2025,36.5412318611433,30.1461679333249,6.39506392781845
"pooled_lasso","min",8,2025,"California","CA","CA-519","Chico, Paradise/Butte County CoC",2024,2025,66.5356984097395,64.1111201129919,2.42457829674755
"pooled_lasso","min",8,2025,"California","CA","CA-520","Merced City & County CoC",2024,2025,24.1202987283859,35.1634103642836,-11.0431116358977
"pooled_lasso","min",8,2025,"California","CA","CA-521","Davis, Woodland/Yolo County CoC",2024,2025,43.0016487678802,44.3287269035241,-1.32707813564394
"pooled_lasso","min",8,2025,"California","CA","CA-522","Humboldt County CoC",2024,2025,113.105501834451,73.1650155090231,39.9404863254279
"pooled_lasso","min",8,2025,"California","CA","CA-523","Colusa, Glenn, Trinity Counties CoC",2024,2025,34.5525670882993,47.256090203854,-12.7035231155547
"pooled_lasso","min",8,2025,"California","CA","CA-524","Yuba City & County/Sutter County CoC",2024,2025,44.2718612317179,42.3666774109504,1.90518382076745
"pooled_lasso","min",8,2025,"California","CA","CA-525","El Dorado County CoC",2024,2025,15.0268038664122,33.0298620079688,-18.0030581415566
"pooled_lasso","min",8,2025,"California","CA","CA-526","Amador, Calaveras, Mariposa, Tuolumne Counties CoC",2024,2025,50.9589490347442,44.4167273936374,6.54222164110677
"pooled_lasso","min",8,2025,"California","CA","CA-527","Tehama County CoC",2024,2025,51.6508157426738,42.8433868332644,8.80742890940935
"pooled_lasso","min",8,2025,"California","CA","CA-529","Lake County CoC",2024,2025,56.5130142241634,58.2102135426993,-1.69719931853589
"pooled_lasso","min",8,2025,"California","CA","CA-530","Alpine, Inyo, Mono Counties CoC",2024,2025,39.109316848546,46.3627552401862,-7.25343839164022
"pooled_lasso","min",8,2025,"California","CA","CA-531","Nevada County CoC",2024,2025,45.7261728370833,52.8837840706933,-7.15761123361003
"pooled_lasso","min",8,2025,"California","CA","CA-600","Los Angeles City & County CoC",2024,2025,75.9969026711013,43.1473849659485,32.8495177051528
"pooled_lasso","min",8,2025,"California","CA","CA-601","San Diego City and County CoC",2024,2025,30.1774881118063,35.4287427813622,-5.25125466955589
"pooled_lasso","min",8,2025,"California","CA","CA-602","Santa Ana, Anaheim/Orange County CoC",2024,2025,24.4800217938871,23.3136759916815,1.16634580220562
"pooled_lasso","min",8,2025,"California","CA","CA-603","Santa Maria/Santa Barbara County CoC",2024,2025,55.5348195401129,47.7824130031082,7.75240653700472
"pooled_lasso","min",8,2025,"California","CA","CA-604","Bakersfield/Kern County CoC",2024,2025,28.1640613202052,33.2401388541871,-5.07607753398186
"pooled_lasso","min",8,2025,"California","CA","CA-606","Long Beach CoC",2024,2025,80.7781765738186,61.6848729692473,19.0933036045713
"pooled_lasso","min",8,2025,"California","CA","CA-607","Pasadena CoC",2024,2025,42.7502410640444,59.7271191823126,-16.9768781182682
"pooled_lasso","min",8,2025,"California","CA","CA-608","Riverside City & County CoC",2024,2025,15.678317083943,19.4757876274163,-3.79747054347329
"pooled_lasso","min",8,2025,"California","CA","CA-609","San Bernardino City & County CoC",2024,2025,17.2519919373803,18.8726540127256,-1.62066207534532
"pooled_lasso","min",8,2025,"California","CA","CA-611","Oxnard, San Buenaventura/Ventura County CoC",2024,2025,23.9513462702699,32.7150037614906,-8.76365749122067
"pooled_lasso","min",8,2025,"California","CA","CA-612","Glendale CoC",2024,2025,10.4489191046873,33.6832270244437,-23.2343079197564
"pooled_lasso","min",8,2025,"California","CA","CA-613","Imperial County CoC",2024,2025,86.8745555671927,46.0641108779135,40.8104446892792
"pooled_lasso","min",8,2025,"California","CA","CA-614","San Luis Obispo County CoC",2024,2025,43.7374055750141,42.7252366672089,1.0121689078052
"pooled_lasso","min",8,2025,"Florida","FL","FL-500","Sarasota, Bradenton/Manatee, Sarasota Counties CoC",2024,2025,10.2303624501402,13.8383214759388,-3.6079590257986
"pooled_lasso","min",8,2025,"Florida","FL","FL-501","Tampa/Hillsborough County CoC",2024,2025,11.4095857037129,10.744251748605,0.665333955107943
"pooled_lasso","min",8,2025,"Florida","FL","FL-502","St. Petersburg, Clearwater, Largo/Pinellas County CoC",2024,2025,19.640234755098,31.9985898287057,-12.3583550736077
"pooled_lasso","min",8,2025,"Florida","FL","FL-503","Lakeland/Polk County CoC",2024,2025,9.19077721510305,12.2510861290593,-3.06030891395628
"pooled_lasso","min",8,2025,"Florida","FL","FL-504","Deltona, Daytona Beach/Volusia, Flagler Counties CoC",2024,2025,14.4992924398842,13.1589365703115,1.34035586957266
"pooled_lasso","min",8,2025,"Florida","FL","FL-505","Fort Walton Beach/Okaloosa, Walton Counties CoC",2024,2025,12.1866847774343,17.2350068618273,-5.04832208439297
"pooled_lasso","min",8,2025,"Florida","FL","FL-506","Tallahassee/Leon County CoC",2024,2025,14.4275725269538,31.3876657687626,-16.9600932418088
"pooled_lasso","min",8,2025,"Florida","FL","FL-507","Orlando/Orange, Osceola, Seminole Counties CoC",2024,2025,10.8970084793596,8.45482491054988,2.44218356880972
"pooled_lasso","min",8,2025,"Florida","FL","FL-508","Gainesville/Alachua, Putnam Counties CoC",2024,2025,17.3630622306498,25.570407244453,-8.20734501380322
"pooled_lasso","min",8,2025,"Florida","FL","FL-509","Fort Pierce/St. Lucie, Indian River, Martin Counties CoC",2024,2025,7.67342755421297,9.28292419534339,-1.60949664113042
"pooled_lasso","min",8,2025,"Florida","FL","FL-510","Jacksonville-Duval, Clay Counties CoC",2024,2025,7.07858845715874,12.8130528351217,-5.73446437796298
"pooled_lasso","min",8,2025,"Florida","FL","FL-511","Pensacola/Escambia, Santa Rosa Counties CoC",2024,2025,16.2584021624042,21.4753042877406,-5.21690212533642
"pooled_lasso","min",8,2025,"Florida","FL","FL-512","St. Johns County CoC",2024,2025,9.23979580051281,13.592967100987,-4.35317130047422
"pooled_lasso","min",8,2025,"Florida","FL","FL-513","Palm Bay, Melbourne/Brevard County CoC",2024,2025,15.9944094870042,13.8924257696374,2.10198371736679
"pooled_lasso","min",8,2025,"Florida","FL","FL-514","Ocala/Marion County CoC",2024,2025,8.83296435187277,15.649041856508,-6.81607750463525
"pooled_lasso","min",8,2025,"Florida","FL","FL-515","Panama City/Bay, Jackson Counties CoC",2024,2025,12.569891626332,18.8813595571228,-6.31146793079077
"pooled_lasso","min",8,2025,"Florida","FL","FL-517","Hendry, Hardee, Highlands Counties CoC",2024,2025,18.7217466922519,14.328133484544,4.39361320770785
"pooled_lasso","min",8,2025,"Florida","FL","FL-519","Pasco County CoC",2024,2025,9.4586340427803,13.5952899747943,-4.13665593201405
"pooled_lasso","min",8,2025,"Florida","FL","FL-520","Citrus, Hernando, Lake, Sumter Counties CoC",2024,2025,7.61511784568614,7.64329044623181,-0.0281726005456697
"pooled_lasso","min",8,2025,"Florida","FL","FL-600","Miami-Dade County CoC",2024,2025,12.9013654034273,15.4683006105685,-2.56693520714115
"pooled_lasso","min",8,2025,"Florida","FL","FL-601","Ft Lauderdale/Broward County CoC",2024,2025,10.8726047611976,7.43973912076237,3.43286564043523
"pooled_lasso","min",8,2025,"Florida","FL","FL-602","Charlotte County CoC",2024,2025,14.8702649945675,20.5855096927198,-5.71524469815231
"pooled_lasso","min",8,2025,"Florida","FL","FL-603","Ft Myers, Cape Coral/Lee County CoC",2024,2025,10.1415361000997,10.2597839563183,-0.118247856218632
"pooled_lasso","min",8,2025,"Florida","FL","FL-604","Monroe County CoC",2024,2025,47.0114170584285,66.1472000346014,-19.1357829761729
"pooled_lasso","min",8,2025,"Florida","FL","FL-605","West Palm Beach/Palm Beach County CoC",2024,2025,9.64634714411008,8.76803401776977,0.878313126340315
"pooled_lasso","min",8,2025,"Florida","FL","FL-606","Naples/Collier County CoC",2024,2025,18.1238028341217,14.4689043510434,3.6548984830783
"pooled_lasso","1se",8,2025,"California","CA","CA-500","San Jose/Santa Clara City & County CoC",2024,2025,55.9499078296962,39.4203041438248,16.5296036858714
"pooled_lasso","1se",8,2025,"California","CA","CA-501","San Francisco CoC",2024,2025,104.965747827992,87.2935205901621,17.6722272378299
"pooled_lasso","1se",8,2025,"California","CA","CA-502","Oakland, Berkeley/Alameda County CoC",2024,2025,56.5918992075179,44.971279845478,11.6206193620399
"pooled_lasso","1se",8,2025,"California","CA","CA-503","Sacramento City & County CoC",2024,2025,43.220098117964,42.5497597707424,0.670338347221616
"pooled_lasso","1se",8,2025,"California","CA","CA-504","Santa Rosa, Petaluma/Sonoma County CoC",2024,2025,40.1279489519862,53.2092050629952,-13.081256111009
"pooled_lasso","1se",8,2025,"California","CA","CA-505","Contra Costa County CoC",2024,2025,18.1014811079679,29.7739638353073,-11.6724827273394
"pooled_lasso","1se",8,2025,"California","CA","CA-506","Salinas/Monterey, San Benito Counties CoC",2024,2025,60.479028842165,39.0992266694481,21.3798021727169
"pooled_lasso","1se",8,2025,"California","CA","CA-507","Marin County CoC",2024,2025,42.6103888937066,44.5126584987062,-1.90226960499962
"pooled_lasso","1se",8,2025,"California","CA","CA-508","Watsonville/Santa Cruz City & County CoC",2024,2025,56.9051040749154,46.6344030353686,10.2707010395468
"pooled_lasso","1se",8,2025,"California","CA","CA-509","Mendocino County CoC",2024,2025,72.172669707905,75.3238947010377,-3.1512249931327
"pooled_lasso","1se",8,2025,"California","CA","CA-510","Turlock, Modesto/Stanislaus County CoC",2024,2025,37.4023477772857,44.4048166308906,-7.00246885360495
"pooled_lasso","1se",8,2025,"California","CA","CA-511","Stockton/San Joaquin County CoC",2024,2025,57.7799627343518,40.3445432588703,17.4354194754815
"pooled_lasso","1se",8,2025,"California","CA","CA-512","Daly City/San Mateo County CoC",2024,2025,28.8742926000043,37.7420723789109,-8.86777977890664
"pooled_lasso","1se",8,2025,"California","CA","CA-513","Visalia/Kings, Tulare Counties CoC",2024,2025,23.0189546704865,28.18530168837,-5.16634701788347
"pooled_lasso","1se",8,2025,"California","CA","CA-514","Fresno City & County/Madera County CoC",2024,2025,40.7600905114997,33.6414837836486,7.11860672785113
"pooled_lasso","1se",8,2025,"California","CA","CA-515","Roseville, Rocklin/Placer County CoC",2024,2025,16.0830255089,29.9146924694259,-13.8316669605259
"pooled_lasso","1se",8,2025,"California","CA","CA-516","Redding/Shasta, Siskiyou, Lassen, Plumas, Del Norte, Modoc, Sierra Counties CoC",2024,2025,75.5445271574304,62.8140208095292,12.7305063479012
"pooled_lasso","1se",8,2025,"California","CA","CA-517","Napa City & County CoC",2024,2025,28.1310878607586,45.4402630414958,-17.3091751807372
"pooled_lasso","1se",8,2025,"California","CA","CA-518","Vallejo/Solano County CoC",2024,2025,36.5412318611433,30.8484557761354,5.69277608500786
"pooled_lasso","1se",8,2025,"California","CA","CA-519","Chico, Paradise/Butte County CoC",2024,2025,66.5356984097395,61.3115179470483,5.22418046269117
"pooled_lasso","1se",8,2025,"California","CA","CA-520","Merced City & County CoC",2024,2025,24.1202987283859,36.6636110016206,-12.5433122732347
"pooled_lasso","1se",8,2025,"California","CA","CA-521","Davis, Woodland/Yolo County CoC",2024,2025,43.0016487678802,41.002119867149,1.99952890073118
"pooled_lasso","1se",8,2025,"California","CA","CA-522","Humboldt County CoC",2024,2025,113.105501834451,64.5179022443295,48.5875995901215
"pooled_lasso","1se",8,2025,"California","CA","CA-523","Colusa, Glenn, Trinity Counties CoC",2024,2025,34.5525670882993,46.4542083410092,-11.9016412527099
"pooled_lasso","1se",8,2025,"California","CA","CA-524","Yuba City & County/Sutter County CoC",2024,2025,44.2718612317179,42.0147723430752,2.25708888864273
"pooled_lasso","1se",8,2025,"California","CA","CA-525","El Dorado County CoC",2024,2025,15.0268038664122,33.9232697920726,-18.8964659256604
"pooled_lasso","1se",8,2025,"California","CA","CA-526","Amador, Calaveras, Mariposa, Tuolumne Counties CoC",2024,2025,50.9589490347442,40.9743073779612,9.98464165678303
"pooled_lasso","1se",8,2025,"California","CA","CA-527","Tehama County CoC",2024,2025,51.6508157426738,40.9867796252046,10.6640361174692
"pooled_lasso","1se",8,2025,"California","CA","CA-529","Lake County CoC",2024,2025,56.5130142241634,55.2994575483978,1.2135566757656
"pooled_lasso","1se",8,2025,"California","CA","CA-530","Alpine, Inyo, Mono Counties CoC",2024,2025,39.109316848546,42.1385919497026,-3.02927510115656
"pooled_lasso","1se",8,2025,"California","CA","CA-531","Nevada County CoC",2024,2025,45.7261728370833,50.2839612806865,-4.55778844360316
"pooled_lasso","1se",8,2025,"California","CA","CA-600","Los Angeles City & County CoC",2024,2025,75.9969026711013,44.095464053731,31.9014386173703
"pooled_lasso","1se",8,2025,"California","CA","CA-601","San Diego City and County CoC",2024,2025,30.1774881118063,35.9291313961131,-5.7516432843068
"pooled_lasso","1se",8,2025,"California","CA","CA-602","Santa Ana, Anaheim/Orange County CoC",2024,2025,24.4800217938871,27.1801648839827,-2.70014309009557
"pooled_lasso","1se",8,2025,"California","CA","CA-603","Santa Maria/Santa Barbara County CoC",2024,2025,55.5348195401129,44.9268224993819,10.607997040731
"pooled_lasso","1se",8,2025,"California","CA","CA-604","Bakersfield/Kern County CoC",2024,2025,28.1640613202052,34.1586048713292,-5.99454355112402
"pooled_lasso","1se",8,2025,"California","CA","CA-606","Long Beach CoC",2024,2025,80.7781765738186,56.4993340785471,24.2788424952715
"pooled_lasso","1se",8,2025,"California","CA","CA-607","Pasadena CoC",2024,2025,42.7502410640444,53.8185590397843,-11.0683179757399
"pooled_lasso","1se",8,2025,"California","CA","CA-608","Riverside City & County CoC",2024,2025,15.678317083943,23.8187131512831,-8.14039606734008
"pooled_lasso","1se",8,2025,"California","CA","CA-609","San Bernardino City & County CoC",2024,2025,17.2519919373803,22.7841421765794,-5.53215023919908
"pooled_lasso","1se",8,2025,"California","CA","CA-611","Oxnard, San Buenaventura/Ventura County CoC",2024,2025,23.9513462702699,34.6065807589681,-10.6552344886982
"pooled_lasso","1se",8,2025,"California","CA","CA-612","Glendale CoC",2024,2025,10.4489191046873,33.4413432356385,-22.9924241309512
"pooled_lasso","1se",8,2025,"California","CA","CA-613","Imperial County CoC",2024,2025,86.8745555671927,45.6122584338252,41.2622971333675
"pooled_lasso","1se",8,2025,"California","CA","CA-614","San Luis Obispo County CoC",2024,2025,43.7374055750141,39.1060014867949,4.63140408821918
"pooled_lasso","1se",8,2025,"Florida","FL","FL-500","Sarasota, Bradenton/Manatee, Sarasota Counties CoC",2024,2025,10.2303624501402,15.1197165821348,-4.88935413199457
"pooled_lasso","1se",8,2025,"Florida","FL","FL-501","Tampa/Hillsborough County CoC",2024,2025,11.4095857037129,12.0465641244954,-0.636978420782453
"pooled_lasso","1se",8,2025,"Florida","FL","FL-502","St. Petersburg, Clearwater, Largo/Pinellas County CoC",2024,2025,19.640234755098,28.7885077905985,-9.14827303550051
"pooled_lasso","1se",8,2025,"Florida","FL","FL-503","Lakeland/Polk County CoC",2024,2025,9.19077721510305,15.0659844533791,-5.8752072382761
"pooled_lasso","1se",8,2025,"Florida","FL","FL-504","Deltona, Daytona Beach/Volusia, Flagler Counties CoC",2024,2025,14.4992924398842,13.7897073880482,0.709585051835955
"pooled_lasso","1se",8,2025,"Florida","FL","FL-505","Fort Walton Beach/Okaloosa, Walton Counties CoC",2024,2025,12.1866847774343,16.8674009449932,-4.6807161675589
"pooled_lasso","1se",8,2025,"Florida","FL","FL-506","Tallahassee/Leon County CoC",2024,2025,14.4275725269538,26.7586086736953,-12.3310361467415
"pooled_lasso","1se",8,2025,"Florida","FL","FL-507","Orlando/Orange, Osceola, Seminole Counties CoC",2024,2025,10.8970084793596,11.609798069899,-0.712789590539384
"pooled_lasso","1se",8,2025,"Florida","FL","FL-508","Gainesville/Alachua, Putnam Counties CoC",2024,2025,17.3630622306498,21.1892813259564,-3.82621909530664
"pooled_lasso","1se",8,2025,"Florida","FL","FL-509","Fort Pierce/St. Lucie, Indian River, Martin Counties CoC",2024,2025,7.67342755421297,11.2425143213021,-3.56908676708918
"pooled_lasso","1se",8,2025,"Florida","FL","FL-510","Jacksonville-Duval, Clay Counties CoC",2024,2025,7.07858845715874,14.2349068620117,-7.156318404853
"pooled_lasso","1se",8,2025,"Florida","FL","FL-511","Pensacola/Escambia, Santa Rosa Counties CoC",2024,2025,16.2584021624042,19.7959687219328,-3.53756655952859
"pooled_lasso","1se",8,2025,"Florida","FL","FL-512","St. Johns County CoC",2024,2025,9.23979580051281,16.3863253346321,-7.14652953411933
"pooled_lasso","1se",8,2025,"Florida","FL","FL-513","Palm Bay, Melbourne/Brevard County CoC",2024,2025,15.9944094870042,14.5185748894387,1.47583459756545
"pooled_lasso","1se",8,2025,"Florida","FL","FL-514","Ocala/Marion County CoC",2024,2025,8.83296435187277,16.5858392050582,-7.75287485318547
"pooled_lasso","1se",8,2025,"Florida","FL","FL-515","Panama City/Bay, Jackson Counties CoC",2024,2025,12.569891626332,17.2147884382876,-4.64489681195563
"pooled_lasso","1se",8,2025,"Florida","FL","FL-517","Hendry, Hardee, Highlands Counties CoC",2024,2025,18.7217466922519,12.9595111497372,5.76223554251475
"pooled_lasso","1se",8,2025,"Florida","FL","FL-519","Pasco County CoC",2024,2025,9.4586340427803,15.5526090393754,-6.09397499659514
"pooled_lasso","1se",8,2025,"Florida","FL","FL-520","Citrus, Hernando, Lake, Sumter Counties CoC",2024,2025,7.61511784568614,10.0433559597523,-2.42823811406614
"pooled_lasso","1se",8,2025,"Florida","FL","FL-600","Miami-Dade County CoC",2024,2025,12.9013654034273,16.9118776644654,-4.01051226103811
"pooled_lasso","1se",8,2025,"Florida","FL","FL-601","Ft Lauderdale/Broward County CoC",2024,2025,10.8726047611976,10.3261821122098,0.546422648987775
"pooled_lasso","1se",8,2025,"Florida","FL","FL-602","Charlotte County CoC",2024,2025,14.8702649945675,19.1018660446383,-4.23160105007082
"pooled_lasso","1se",8,2025,"Florida","FL","FL-603","Ft Myers, Cape Coral/Lee County CoC",2024,2025,10.1415361000997,11.556092700579,-1.4145566004793
"pooled_lasso","1se",8,2025,"Florida","FL","FL-604","Monroe County CoC",2024,2025,47.0114170584285,58.9688381885314,-11.9574211301029
"pooled_lasso","1se",8,2025,"Florida","FL","FL-605","West Palm Beach/Palm Beach County CoC",2024,2025,9.64634714411008,10.4134916840082,-0.767144539898073
"pooled_lasso","1se",8,2025,"Florida","FL","FL-606","Naples/Collier County CoC",2024,2025,18.1238028341217,15.4643509508474,2.65945188327427
"pooled_lasso_state_interactions","min",8,2025,"California","CA","CA-500","San Jose/Santa Clara City & County CoC",2024,2025,55.9499078296962,41.6051871797645,14.3447206499317
"pooled_lasso_state_interactions","min",8,2025,"California","CA","CA-501","San Francisco CoC",2024,2025,104.965747827992,101.143238236937,3.82250959105488
"pooled_lasso_state_interactions","min",8,2025,"California","CA","CA-502","Oakland, Berkeley/Alameda County CoC",2024,2025,56.5918992075179,52.9933025809626,3.5985966265553
"pooled_lasso_state_interactions","min",8,2025,"California","CA","CA-503","Sacramento City & County CoC",2024,2025,43.220098117964,47.4925921241281,-4.27249400616406
"pooled_lasso_state_interactions","min",8,2025,"California","CA","CA-504","Santa Rosa, Petaluma/Sonoma County CoC",2024,2025,40.1279489519862,66.2231764677049,-26.0952275157187
"pooled_lasso_state_interactions","min",8,2025,"California","CA","CA-505","Contra Costa County CoC",2024,2025,18.1014811079679,26.3359224258302,-8.23444131786225
"pooled_lasso_state_interactions","min",8,2025,"California","CA","CA-506","Salinas/Monterey, San Benito Counties CoC",2024,2025,60.479028842165,43.5981360128773,16.8808928292877
"pooled_lasso_state_interactions","min",8,2025,"California","CA","CA-507","Marin County CoC",2024,2025,42.6103888937066,55.5510091729434,-12.9406202792368
"pooled_lasso_state_interactions","min",8,2025,"California","CA","CA-508","Watsonville/Santa Cruz City & County CoC",2024,2025,56.9051040749154,60.3897342106947,-3.48463013577931
"pooled_lasso_state_interactions","min",8,2025,"California","CA","CA-509","Mendocino County CoC",2024,2025,72.172669707905,106.989902566336,-34.8172328584312
"pooled_lasso_state_interactions","min",8,2025,"California","CA","CA-510","Turlock, Modesto/Stanislaus County CoC",2024,2025,37.4023477772857,47.6659401970826,-10.2635924197969
"pooled_lasso_state_interactions","min",8,2025,"California","CA","CA-511","Stockton/San Joaquin County CoC",2024,2025,57.7799627343518,40.3209346349974,17.4590280993544
"pooled_lasso_state_interactions","min",8,2025,"California","CA","CA-512","Daly City/San Mateo County CoC",2024,2025,28.8742926000043,37.3584317465107,-8.4841391465064
"pooled_lasso_state_interactions","min",8,2025,"California","CA","CA-513","Visalia/Kings, Tulare Counties CoC",2024,2025,23.0189546704865,24.6598493567118,-1.64089468622529
"pooled_lasso_state_interactions","min",8,2025,"California","CA","CA-514","Fresno City & County/Madera County CoC",2024,2025,40.7600905114997,33.1586059334583,7.60148457804136
"pooled_lasso_state_interactions","min",8,2025,"California","CA","CA-515","Roseville, Rocklin/Placer County CoC",2024,2025,16.0830255089,23.7854944641095,-7.70246895520954
"pooled_lasso_state_interactions","min",8,2025,"California","CA","CA-516","Redding/Shasta, Siskiyou, Lassen, Plumas, Del Norte, Modoc, Sierra Counties CoC",2024,2025,75.5445271574304,74.0953005085302,1.44922664890015
"pooled_lasso_state_interactions","min",8,2025,"California","CA","CA-517","Napa City & County CoC",2024,2025,28.1310878607586,52.9720454541251,-24.8409575933665
"pooled_lasso_state_interactions","min",8,2025,"California","CA","CA-518","Vallejo/Solano County CoC",2024,2025,36.5412318611433,30.1048975551884,6.43633430595491
"pooled_lasso_state_interactions","min",8,2025,"California","CA","CA-519","Chico, Paradise/Butte County CoC",2024,2025,66.5356984097395,73.9712299282991,-7.43553151855964
"pooled_lasso_state_interactions","min",8,2025,"California","CA","CA-520","Merced City & County CoC",2024,2025,24.1202987283859,35.5977163921646,-11.4774176637787
"pooled_lasso_state_interactions","min",8,2025,"California","CA","CA-521","Davis, Woodland/Yolo County CoC",2024,2025,43.0016487678802,48.9624302207952,-5.96078145291501
"pooled_lasso_state_interactions","min",8,2025,"California","CA","CA-522","Humboldt County CoC",2024,2025,113.105501834451,88.0835659812811,25.0219358531699
"pooled_lasso_state_interactions","min",8,2025,"California","CA","CA-523","Colusa, Glenn, Trinity Counties CoC",2024,2025,34.5525670882993,47.3187005548909,-12.7661334665916
"pooled_lasso_state_interactions","min",8,2025,"California","CA","CA-524","Yuba City & County/Sutter County CoC",2024,2025,44.2718612317179,44.2452714023906,0.02658982932725
"pooled_lasso_state_interactions","min",8,2025,"California","CA","CA-525","El Dorado County CoC",2024,2025,15.0268038664122,32.0346246678227,-17.0078208014105
"pooled_lasso_state_interactions","min",8,2025,"California","CA","CA-526","Amador, Calaveras, Mariposa, Tuolumne Counties CoC",2024,2025,50.9589490347442,48.0026454159285,2.95630361881574
"pooled_lasso_state_interactions","min",8,2025,"California","CA","CA-527","Tehama County CoC",2024,2025,51.6508157426738,42.9028744149582,8.74794132771557
"pooled_lasso_state_interactions","min",8,2025,"California","CA","CA-529","Lake County CoC",2024,2025,56.5130142241634,64.4941173535881,-7.98110312942467
"pooled_lasso_state_interactions","min",8,2025,"California","CA","CA-530","Alpine, Inyo, Mono Counties CoC",2024,2025,39.109316848546,49.440782014098,-10.331465165552
"pooled_lasso_state_interactions","min",8,2025,"California","CA","CA-531","Nevada County CoC",2024,2025,45.7261728370833,59.3044198019966,-13.5782469649133
"pooled_lasso_state_interactions","min",8,2025,"California","CA","CA-600","Los Angeles City & County CoC",2024,2025,75.9969026711013,52.7474466173504,23.2494560537509
"pooled_lasso_state_interactions","min",8,2025,"California","CA","CA-601","San Diego City and County CoC",2024,2025,30.1774881118063,41.8353747980754,-11.6578866862691
"pooled_lasso_state_interactions","min",8,2025,"California","CA","CA-602","Santa Ana, Anaheim/Orange County CoC",2024,2025,24.4800217938871,20.4882335940212,3.99178819986589
"pooled_lasso_state_interactions","min",8,2025,"California","CA","CA-603","Santa Maria/Santa Barbara County CoC",2024,2025,55.5348195401129,55.1997634347951,0.33505610531779
"pooled_lasso_state_interactions","min",8,2025,"California","CA","CA-604","Bakersfield/Kern County CoC",2024,2025,28.1640613202052,35.3155365270679,-7.15147520686266
"pooled_lasso_state_interactions","min",8,2025,"California","CA","CA-606","Long Beach CoC",2024,2025,80.7781765738186,65.4607904038832,15.3173861699354
"pooled_lasso_state_interactions","min",8,2025,"California","CA","CA-607","Pasadena CoC",2024,2025,42.7502410640444,64.6856861032838,-21.9354450392394
"pooled_lasso_state_interactions","min",8,2025,"California","CA","CA-608","Riverside City & County CoC",2024,2025,15.678317083943,18.644632117249,-2.96631503330598
"pooled_lasso_state_interactions","min",8,2025,"California","CA","CA-609","San Bernardino City & County CoC",2024,2025,17.2519919373803,18.1471817509027,-0.895189813522407
"pooled_lasso_state_interactions","min",8,2025,"California","CA","CA-611","Oxnard, San Buenaventura/Ventura County CoC",2024,2025,23.9513462702699,34.2767907908101,-10.3254445205402
"pooled_lasso_state_interactions","min",8,2025,"California","CA","CA-612","Glendale CoC",2024,2025,10.4489191046873,29.1804660129168,-18.7315469082295
"pooled_lasso_state_interactions","min",8,2025,"California","CA","CA-613","Imperial County CoC",2024,2025,86.8745555671927,48.6237497551155,38.2508058120772
"pooled_lasso_state_interactions","min",8,2025,"California","CA","CA-614","San Luis Obispo County CoC",2024,2025,43.7374055750141,47.4618135395459,-3.72440796453175
"pooled_lasso_state_interactions","min",8,2025,"Florida","FL","FL-500","Sarasota, Bradenton/Manatee, Sarasota Counties CoC",2024,2025,10.2303624501402,16.4085129227218,-6.1781504725816
"pooled_lasso_state_interactions","min",8,2025,"Florida","FL","FL-501","Tampa/Hillsborough County CoC",2024,2025,11.4095857037129,11.6346392175335,-0.22505351382056
"pooled_lasso_state_interactions","min",8,2025,"Florida","FL","FL-502","St. Petersburg, Clearwater, Largo/Pinellas County CoC",2024,2025,19.640234755098,31.2255188378875,-11.5852840827895
"pooled_lasso_state_interactions","min",8,2025,"Florida","FL","FL-503","Lakeland/Polk County CoC",2024,2025,9.19077721510305,13.2079723047518,-4.01719508964872
"pooled_lasso_state_interactions","min",8,2025,"Florida","FL","FL-504","Deltona, Daytona Beach/Volusia, Flagler Counties CoC",2024,2025,14.4992924398842,17.1882197432122,-2.68892730332795
"pooled_lasso_state_interactions","min",8,2025,"Florida","FL","FL-505","Fort Walton Beach/Okaloosa, Walton Counties CoC",2024,2025,12.1866847774343,22.0188194958211,-9.83213471838682
"pooled_lasso_state_interactions","min",8,2025,"Florida","FL","FL-506","Tallahassee/Leon County CoC",2024,2025,14.4275725269538,31.5643553809228,-17.136782853969
"pooled_lasso_state_interactions","min",8,2025,"Florida","FL","FL-507","Orlando/Orange, Osceola, Seminole Counties CoC",2024,2025,10.8970084793596,10.6559851126602,0.241023366699402
"pooled_lasso_state_interactions","min",8,2025,"Florida","FL","FL-508","Gainesville/Alachua, Putnam Counties CoC",2024,2025,17.3630622306498,28.6621697554146,-11.2991075247648
"pooled_lasso_state_interactions","min",8,2025,"Florida","FL","FL-509","Fort Pierce/St. Lucie, Indian River, Martin Counties CoC",2024,2025,7.67342755421297,14.5655243793054,-6.89209682509247
"pooled_lasso_state_interactions","min",8,2025,"Florida","FL","FL-510","Jacksonville-Duval, Clay Counties CoC",2024,2025,7.07858845715874,15.201021160047,-8.12243270288822
"pooled_lasso_state_interactions","min",8,2025,"Florida","FL","FL-511","Pensacola/Escambia, Santa Rosa Counties CoC",2024,2025,16.2584021624042,24.5757666848136,-8.31736452240937
"pooled_lasso_state_interactions","min",8,2025,"Florida","FL","FL-512","St. Johns County CoC",2024,2025,9.23979580051281,15.6422357420243,-6.40243994151148
"pooled_lasso_state_interactions","min",8,2025,"Florida","FL","FL-513","Palm Bay, Melbourne/Brevard County CoC",2024,2025,15.9944094870042,17.5994436992492,-1.60503421224498
"pooled_lasso_state_interactions","min",8,2025,"Florida","FL","FL-514","Ocala/Marion County CoC",2024,2025,8.83296435187277,18.1141035083101,-9.28113915643737
"pooled_lasso_state_interactions","min",8,2025,"Florida","FL","FL-515","Panama City/Bay, Jackson Counties CoC",2024,2025,12.569891626332,22.5550982994706,-9.9852066731386
"pooled_lasso_state_interactions","min",8,2025,"Florida","FL","FL-517","Hendry, Hardee, Highlands Counties CoC",2024,2025,18.7217466922519,17.904849931935,0.816896760316894
"pooled_lasso_state_interactions","min",8,2025,"Florida","FL","FL-519","Pasco County CoC",2024,2025,9.4586340427803,15.5612533280495,-6.10261928526923
"pooled_lasso_state_interactions","min",8,2025,"Florida","FL","FL-520","Citrus, Hernando, Lake, Sumter Counties CoC",2024,2025,7.61511784568614,11.1913467767011,-3.57622893101497
"pooled_lasso_state_interactions","min",8,2025,"Florida","FL","FL-600","Miami-Dade County CoC",2024,2025,12.9013654034273,17.5385246149789,-4.63715921155163
"pooled_lasso_state_interactions","min",8,2025,"Florida","FL","FL-601","Ft Lauderdale/Broward County CoC",2024,2025,10.8726047611976,10.7829141124136,0.0896906487839981
"pooled_lasso_state_interactions","min",8,2025,"Florida","FL","FL-602","Charlotte County CoC",2024,2025,14.8702649945675,27.1083998118304,-12.2381348172629
"pooled_lasso_state_interactions","min",8,2025,"Florida","FL","FL-603","Ft Myers, Cape Coral/Lee County CoC",2024,2025,10.1415361000997,14.1814999637011,-4.03996386360144
"pooled_lasso_state_interactions","min",8,2025,"Florida","FL","FL-604","Monroe County CoC",2024,2025,47.0114170584285,67.9751610915747,-20.9637440331462
"pooled_lasso_state_interactions","min",8,2025,"Florida","FL","FL-605","West Palm Beach/Palm Beach County CoC",2024,2025,9.64634714411008,13.7382933465167,-4.09194620240659
"pooled_lasso_state_interactions","min",8,2025,"Florida","FL","FL-606","Naples/Collier County CoC",2024,2025,18.1238028341217,18.8319938736259,-0.708191039504168
"pooled_lasso_state_interactions","1se",8,2025,"California","CA","CA-500","San Jose/Santa Clara City & County CoC",2024,2025,55.9499078296962,38.8739788482911,17.0759289814051
"pooled_lasso_state_interactions","1se",8,2025,"California","CA","CA-501","San Francisco CoC",2024,2025,104.965747827992,92.812832615587,12.152915212405
"pooled_lasso_state_interactions","1se",8,2025,"California","CA","CA-502","Oakland, Berkeley/Alameda County CoC",2024,2025,56.5918992075179,45.7180251392359,10.873874068282
"pooled_lasso_state_interactions","1se",8,2025,"California","CA","CA-503","Sacramento City & County CoC",2024,2025,43.220098117964,42.3090871686073,0.911010949356729
"pooled_lasso_state_interactions","1se",8,2025,"California","CA","CA-504","Santa Rosa, Petaluma/Sonoma County CoC",2024,2025,40.1279489519862,54.4766572594048,-14.3487083074186
"pooled_lasso_state_interactions","1se",8,2025,"California","CA","CA-505","Contra Costa County CoC",2024,2025,18.1014811079679,27.998270376076,-9.89678926810812
"pooled_lasso_state_interactions","1se",8,2025,"California","CA","CA-506","Salinas/Monterey, San Benito Counties CoC",2024,2025,60.479028842165,39.2506034497179,21.2284253924471
"pooled_lasso_state_interactions","1se",8,2025,"California","CA","CA-507","Marin County CoC",2024,2025,42.6103888937066,46.3771698852144,-3.76678099150782
"pooled_lasso_state_interactions","1se",8,2025,"California","CA","CA-508","Watsonville/Santa Cruz City & County CoC",2024,2025,56.9051040749154,49.7954936262526,7.10961044866278
"pooled_lasso_state_interactions","1se",8,2025,"California","CA","CA-509","Mendocino County CoC",2024,2025,72.172669707905,81.3779938265631,-9.20532411865813
"pooled_lasso_state_interactions","1se",8,2025,"California","CA","CA-510","Turlock, Modesto/Stanislaus County CoC",2024,2025,37.4023477772857,43.7903973869043,-6.38804960961861
"pooled_lasso_state_interactions","1se",8,2025,"California","CA","CA-511","Stockton/San Joaquin County CoC",2024,2025,57.7799627343518,38.9874996040964,18.7924631302554
"pooled_lasso_state_interactions","1se",8,2025,"California","CA","CA-512","Daly City/San Mateo County CoC",2024,2025,28.8742926000043,36.8301123164471,-7.95581971644279
"pooled_lasso_state_interactions","1se",8,2025,"California","CA","CA-513","Visalia/Kings, Tulare Counties CoC",2024,2025,23.0189546704865,27.040013382534,-4.02105871204752
"pooled_lasso_state_interactions","1se",8,2025,"California","CA","CA-514","Fresno City & County/Madera County CoC",2024,2025,40.7600905114997,32.1786239620597,8.58146654943997
"pooled_lasso_state_interactions","1se",8,2025,"California","CA","CA-515","Roseville, Rocklin/Placer County CoC",2024,2025,16.0830255089,27.6595864056608,-11.5765608967608
"pooled_lasso_state_interactions","1se",8,2025,"California","CA","CA-516","Redding/Shasta, Siskiyou, Lassen, Plumas, Del Norte, Modoc, Sierra Counties CoC",2024,2025,75.5445271574304,63.8086974031643,11.7358297542661
"pooled_lasso_state_interactions","1se",8,2025,"California","CA","CA-517","Napa City & County CoC",2024,2025,28.1310878607586,46.7347926560582,-18.6037047952996
"pooled_lasso_state_interactions","1se",8,2025,"California","CA","CA-518","Vallejo/Solano County CoC",2024,2025,36.5412318611433,29.8648911097706,6.67634075137274
"pooled_lasso_state_interactions","1se",8,2025,"California","CA","CA-519","Chico, Paradise/Butte County CoC",2024,2025,66.5356984097395,62.2882140899594,4.24748431978006
"pooled_lasso_state_interactions","1se",8,2025,"California","CA","CA-520","Merced City & County CoC",2024,2025,24.1202987283859,35.6926670197836,-11.5723682913977
"pooled_lasso_state_interactions","1se",8,2025,"California","CA","CA-521","Davis, Woodland/Yolo County CoC",2024,2025,43.0016487678802,42.6660582371021,0.335590530778056
"pooled_lasso_state_interactions","1se",8,2025,"California","CA","CA-522","Humboldt County CoC",2024,2025,113.105501834451,68.4616549686557,44.6438468657954
"pooled_lasso_state_interactions","1se",8,2025,"California","CA","CA-523","Colusa, Glenn, Trinity Counties CoC",2024,2025,34.5525670882993,46.4360196933098,-11.8834526050105
"pooled_lasso_state_interactions","1se",8,2025,"California","CA","CA-524","Yuba City & County/Sutter County CoC",2024,2025,44.2718612317179,41.7906051711741,2.48125606054381
"pooled_lasso_state_interactions","1se",8,2025,"California","CA","CA-525","El Dorado County CoC",2024,2025,15.0268038664122,32.7979658205537,-17.7711619541415
"pooled_lasso_state_interactions","1se",8,2025,"California","CA","CA-526","Amador, Calaveras, Mariposa, Tuolumne Counties CoC",2024,2025,50.9589490347442,42.1072333487178,8.85171568602641
"pooled_lasso_state_interactions","1se",8,2025,"California","CA","CA-527","Tehama County CoC",2024,2025,51.6508157426738,41.4036915878006,10.2471241548732
"pooled_lasso_state_interactions","1se",8,2025,"California","CA","CA-529","Lake County CoC",2024,2025,56.5130142241634,55.924330252247,0.588683971916353
"pooled_lasso_state_interactions","1se",8,2025,"California","CA","CA-530","Alpine, Inyo, Mono Counties CoC",2024,2025,39.109316848546,43.9662745055165,-4.8569576569705
"pooled_lasso_state_interactions","1se",8,2025,"California","CA","CA-531","Nevada County CoC",2024,2025,45.7261728370833,51.0545298043822,-5.32835696729888
"pooled_lasso_state_interactions","1se",8,2025,"California","CA","CA-600","Los Angeles City & County CoC",2024,2025,75.9969026711013,43.1317814572417,32.8651212138596
"pooled_lasso_state_interactions","1se",8,2025,"California","CA","CA-601","San Diego City and County CoC",2024,2025,30.1774881118063,35.3632895430654,-5.18580143125909
"pooled_lasso_state_interactions","1se",8,2025,"California","CA","CA-602","Santa Ana, Anaheim/Orange County CoC",2024,2025,24.4800217938871,24.7724960056205,-0.292474211733378
"pooled_lasso_state_interactions","1se",8,2025,"California","CA","CA-603","Santa Maria/Santa Barbara County CoC",2024,2025,55.5348195401129,46.2729915005939,9.26182803951899
"pooled_lasso_state_interactions","1se",8,2025,"California","CA","CA-604","Bakersfield/Kern County CoC",2024,2025,28.1640613202052,33.2134503732468,-5.04938905304157
"pooled_lasso_state_interactions","1se",8,2025,"California","CA","CA-606","Long Beach CoC",2024,2025,80.7781765738186,59.0956831985672,21.6824933752514
"pooled_lasso_state_interactions","1se",8,2025,"California","CA","CA-607","Pasadena CoC",2024,2025,42.7502410640444,56.8814605019617,-14.1312194379173
"pooled_lasso_state_interactions","1se",8,2025,"California","CA","CA-608","Riverside City & County CoC",2024,2025,15.678317083943,20.9676101696673,-5.28929308572433
"pooled_lasso_state_interactions","1se",8,2025,"California","CA","CA-609","San Bernardino City & County CoC",2024,2025,17.2519919373803,20.1807871039635,-2.92879516658324
"pooled_lasso_state_interactions","1se",8,2025,"California","CA","CA-611","Oxnard, San Buenaventura/Ventura County CoC",2024,2025,23.9513462702699,33.1779461841981,-9.22659991392818
"pooled_lasso_state_interactions","1se",8,2025,"California","CA","CA-612","Glendale CoC",2024,2025,10.4489191046873,33.3670353622622,-22.9181162575749
"pooled_lasso_state_interactions","1se",8,2025,"California","CA","CA-613","Imperial County CoC",2024,2025,86.8745555671927,46.0179839646206,40.8565716025721
"pooled_lasso_state_interactions","1se",8,2025,"California","CA","CA-614","San Luis Obispo County CoC",2024,2025,43.7374055750141,40.6172726369956,3.12013293801854
"pooled_lasso_state_interactions","1se",8,2025,"Florida","FL","FL-500","Sarasota, Bradenton/Manatee, Sarasota Counties CoC",2024,2025,10.2303624501402,13.6504232419472,-3.42006079180695
"pooled_lasso_state_interactions","1se",8,2025,"Florida","FL","FL-501","Tampa/Hillsborough County CoC",2024,2025,11.4095857037129,10.9423267608351,0.46725894287783
"pooled_lasso_state_interactions","1se",8,2025,"Florida","FL","FL-502","St. Petersburg, Clearwater, Largo/Pinellas County CoC",2024,2025,19.640234755098,29.8721858784177,-10.2319511233197
"pooled_lasso_state_interactions","1se",8,2025,"Florida","FL","FL-503","Lakeland/Polk County CoC",2024,2025,9.19077721510305,13.0720831901152,-3.88130597501211
"pooled_lasso_state_interactions","1se",8,2025,"Florida","FL","FL-504","Deltona, Daytona Beach/Volusia, Flagler Counties CoC",2024,2025,14.4992924398842,12.6739828393105,1.82530960057369
"pooled_lasso_state_interactions","1se",8,2025,"Florida","FL","FL-505","Fort Walton Beach/Okaloosa, Walton Counties CoC",2024,2025,12.1866847774343,16.6406610726438,-4.4539762952095
"pooled_lasso_state_interactions","1se",8,2025,"Florida","FL","FL-506","Tallahassee/Leon County CoC",2024,2025,14.4275725269538,29.0917306076178,-14.664158080664
"pooled_lasso_state_interactions","1se",8,2025,"Florida","FL","FL-507","Orlando/Orange, Osceola, Seminole Counties CoC",2024,2025,10.8970084793596,9.72836519039797,1.16864328896163
"pooled_lasso_state_interactions","1se",8,2025,"Florida","FL","FL-508","Gainesville/Alachua, Putnam Counties CoC",2024,2025,17.3630622306498,23.269480238301,-5.90641800765117
"pooled_lasso_state_interactions","1se",8,2025,"Florida","FL","FL-509","Fort Pierce/St. Lucie, Indian River, Martin Counties CoC",2024,2025,7.67342755421297,9.5396276560336,-1.86620010182063
"pooled_lasso_state_interactions","1se",8,2025,"Florida","FL","FL-510","Jacksonville-Duval, Clay Counties CoC",2024,2025,7.07858845715874,12.9835393139813,-5.90495085682258
"pooled_lasso_state_interactions","1se",8,2025,"Florida","FL","FL-511","Pensacola/Escambia, Santa Rosa Counties CoC",2024,2025,16.2584021624042,20.3441778095103,-4.08577564710615
"pooled_lasso_state_interactions","1se",8,2025,"Florida","FL","FL-512","St. Johns County CoC",2024,2025,9.23979580051281,14.4927498965085,-5.25295409599569
"pooled_lasso_state_interactions","1se",8,2025,"Florida","FL","FL-513","Palm Bay, Melbourne/Brevard County CoC",2024,2025,15.9944094870042,13.3626508876428,2.63175859936142
"pooled_lasso_state_interactions","1se",8,2025,"Florida","FL","FL-514","Ocala/Marion County CoC",2024,2025,8.83296435187277,15.3077879657277,-6.47482361385492
"pooled_lasso_state_interactions","1se",8,2025,"Florida","FL","FL-515","Panama City/Bay, Jackson Counties CoC",2024,2025,12.569891626332,17.6136208495457,-5.04372922321366
"pooled_lasso_state_interactions","1se",8,2025,"Florida","FL","FL-517","Hendry, Hardee, Highlands Counties CoC",2024,2025,18.7217466922519,13.273761933713,5.44798475853892
"pooled_lasso_state_interactions","1se",8,2025,"Florida","FL","FL-519","Pasco County CoC",2024,2025,9.4586340427803,13.829128521211,-4.37049447843075
"pooled_lasso_state_interactions","1se",8,2025,"Florida","FL","FL-520","Citrus, Hernando, Lake, Sumter Counties CoC",2024,2025,7.61511784568614,7.92164644806847,-0.306528602382329
"pooled_lasso_state_interactions","1se",8,2025,"Florida","FL","FL-600","Miami-Dade County CoC",2024,2025,12.9013654034273,16.1121402447348,-3.21077484130747
"pooled_lasso_state_interactions","1se",8,2025,"Florida","FL","FL-601","Ft Lauderdale/Broward County CoC",2024,2025,10.8726047611976,8.47325636000788,2.39934840118972
"pooled_lasso_state_interactions","1se",8,2025,"Florida","FL","FL-602","Charlotte County CoC",2024,2025,14.8702649945675,18.7390694536755,-3.86880445910801
"pooled_lasso_state_interactions","1se",8,2025,"Florida","FL","FL-603","Ft Myers, Cape Coral/Lee County CoC",2024,2025,10.1415361000997,10.0504927100732,0.0910433900265346
"pooled_lasso_state_interactions","1se",8,2025,"Florida","FL","FL-604","Monroe County CoC",2024,2025,47.0114170584285,62.7376184083557,-15.7262013499272
"pooled_lasso_state_interactions","1se",8,2025,"Florida","FL","FL-605","West Palm Beach/Palm Beach County CoC",2024,2025,9.64634714411008,9.12344669354707,0.522900450563013
"pooled_lasso_state_interactions","1se",8,2025,"Florida","FL","FL-606","Naples/Collier County CoC",2024,2025,18.1238028341217,14.4777339259244,3.6460689081973
"separate_lasso_CA","min",8,2025,"California","CA","CA-500","San Jose/Santa Clara City & County CoC",2024,2025,55.9499078296962,44.7304403192394,11.2194675104568
"separate_lasso_CA","min",8,2025,"California","CA","CA-501","San Francisco CoC",2024,2025,104.965747827992,118.146554522471,-13.1808066944787
"separate_lasso_CA","min",8,2025,"California","CA","CA-502","Oakland, Berkeley/Alameda County CoC",2024,2025,56.5918992075179,59.7088472501862,-3.11694804266826
"separate_lasso_CA","min",8,2025,"California","CA","CA-503","Sacramento City & County CoC",2024,2025,43.220098117964,50.9250097143149,-7.70491159635093
"separate_lasso_CA","min",8,2025,"California","CA","CA-504","Santa Rosa, Petaluma/Sonoma County CoC",2024,2025,40.1279489519862,71.0498569946094,-30.9219080426232
"separate_lasso_CA","min",8,2025,"California","CA","CA-505","Contra Costa County CoC",2024,2025,18.1014811079679,28.8216860141518,-10.7202049061839
"separate_lasso_CA","min",8,2025,"California","CA","CA-506","Salinas/Monterey, San Benito Counties CoC",2024,2025,60.479028842165,47.1248417591725,13.3541870829925
"separate_lasso_CA","min",8,2025,"California","CA","CA-507","Marin County CoC",2024,2025,42.6103888937066,56.0736946644328,-13.4633057707262
"separate_lasso_CA","min",8,2025,"California","CA","CA-508","Watsonville/Santa Cruz City & County CoC",2024,2025,56.9051040749154,64.3671746327857,-7.4620705578703
"separate_lasso_CA","min",8,2025,"California","CA","CA-509","Mendocino County CoC",2024,2025,72.172669707905,104.528404216439,-32.355734508534
"separate_lasso_CA","min",8,2025,"California","CA","CA-510","Turlock, Modesto/Stanislaus County CoC",2024,2025,37.4023477772857,52.5319156818704,-15.1295679045847
"separate_lasso_CA","min",8,2025,"California","CA","CA-511","Stockton/San Joaquin County CoC",2024,2025,57.7799627343518,42.2233068090431,15.5566559253087
"separate_lasso_CA","min",8,2025,"California","CA","CA-512","Daly City/San Mateo County CoC",2024,2025,28.8742926000043,40.2134511991169,-11.3391585991126
"separate_lasso_CA","min",8,2025,"California","CA","CA-513","Visalia/Kings, Tulare Counties CoC",2024,2025,23.0189546704865,23.1042758098023,-0.0853211393158304
"separate_lasso_CA","min",8,2025,"California","CA","CA-514","Fresno City & County/Madera County CoC",2024,2025,40.7600905114997,34.7968574051582,5.96323310634151
"separate_lasso_CA","min",8,2025,"California","CA","CA-515","Roseville, Rocklin/Placer County CoC",2024,2025,16.0830255089,20.312152977037,-4.22912746813696
"separate_lasso_CA","min",8,2025,"California","CA","CA-516","Redding/Shasta, Siskiyou, Lassen, Plumas, Del Norte, Modoc, Sierra Counties CoC",2024,2025,75.5445271574304,83.7477953433872,-8.2032681859568
"separate_lasso_CA","min",8,2025,"California","CA","CA-517","Napa City & County CoC",2024,2025,28.1310878607586,56.8466099937242,-28.7155221329656
"separate_lasso_CA","min",8,2025,"California","CA","CA-518","Vallejo/Solano County CoC",2024,2025,36.5412318611433,30.4376363375262,6.10359552361706
"separate_lasso_CA","min",8,2025,"California","CA","CA-519","Chico, Paradise/Butte County CoC",2024,2025,66.5356984097395,84.0031056320008,-17.4674072222613
"separate_lasso_CA","min",8,2025,"California","CA","CA-520","Merced City & County CoC",2024,2025,24.1202987283859,38.7471037608583,-14.6268050324724
"separate_lasso_CA","min",8,2025,"California","CA","CA-521","Davis, Woodland/Yolo County CoC",2024,2025,43.0016487678802,50.3808576199475,-7.37920885206726
"separate_lasso_CA","min",8,2025,"California","CA","CA-522","Humboldt County CoC",2024,2025,113.105501834451,95.4059604243461,17.6995414101049
"separate_lasso_CA","min",8,2025,"California","CA","CA-523","Colusa, Glenn, Trinity Counties CoC",2024,2025,34.5525670882993,46.342521551696,-11.7899544633967
"separate_lasso_CA","min",8,2025,"California","CA","CA-524","Yuba City & County/Sutter County CoC",2024,2025,44.2718612317179,40.7375424399702,3.53431879174765
"separate_lasso_CA","min",8,2025,"California","CA","CA-525","El Dorado County CoC",2024,2025,15.0268038664122,35.6490970253979,-20.6222931589857
"separate_lasso_CA","min",8,2025,"California","CA","CA-526","Amador, Calaveras, Mariposa, Tuolumne Counties CoC",2024,2025,50.9589490347442,54.2697434237682,-3.31079438902398
"separate_lasso_CA","min",8,2025,"California","CA","CA-527","Tehama County CoC",2024,2025,51.6508157426738,42.422011533654,9.22880420901977
"separate_lasso_CA","min",8,2025,"California","CA","CA-529","Lake County CoC",2024,2025,56.5130142241634,74.4578570716609,-17.9448428474975
"separate_lasso_CA","min",8,2025,"California","CA","CA-530","Alpine, Inyo, Mono Counties CoC",2024,2025,39.109316848546,56.2729197904645,-17.1636029419185
"separate_lasso_CA","min",8,2025,"California","CA","CA-531","Nevada County CoC",2024,2025,45.7261728370833,68.1514484824072,-22.4252756453239
"separate_lasso_CA","min",8,2025,"California","CA","CA-600","Los Angeles City & County CoC",2024,2025,75.9969026711013,68.5083148501182,7.48858782098314
"separate_lasso_CA","min",8,2025,"California","CA","CA-601","San Diego City and County CoC",2024,2025,30.1774881118063,50.4445459217349,-20.2670578099286
"separate_lasso_CA","min",8,2025,"California","CA","CA-602","Santa Ana, Anaheim/Orange County CoC",2024,2025,24.4800217938871,30.2910368433563,-5.81101504946916
"separate_lasso_CA","min",8,2025,"California","CA","CA-603","Santa Maria/Santa Barbara County CoC",2024,2025,55.5348195401129,61.4861533806956,-5.95133384058272
"separate_lasso_CA","min",8,2025,"California","CA","CA-604","Bakersfield/Kern County CoC",2024,2025,28.1640613202052,36.5381835889738,-8.37412226876862
"separate_lasso_CA","min",8,2025,"California","CA","CA-606","Long Beach CoC",2024,2025,80.7781765738186,70.418865542065,10.3593110317536
"separate_lasso_CA","min",8,2025,"California","CA","CA-607","Pasadena CoC",2024,2025,42.7502410640444,63.6298629209568,-20.8796218569124
"separate_lasso_CA","min",8,2025,"California","CA","CA-608","Riverside City & County CoC",2024,2025,15.678317083943,22.1545405980777,-6.47622351413467
"separate_lasso_CA","min",8,2025,"California","CA","CA-609","San Bernardino City & County CoC",2024,2025,17.2519919373803,21.921758968189,-4.66976703080871
"separate_lasso_CA","min",8,2025,"California","CA","CA-611","Oxnard, San Buenaventura/Ventura County CoC",2024,2025,23.9513462702699,39.7559842089911,-15.8046379387212
"separate_lasso_CA","min",8,2025,"California","CA","CA-612","Glendale CoC",2024,2025,10.4489191046873,32.2994831326776,-21.8505640279903
"separate_lasso_CA","min",8,2025,"California","CA","CA-613","Imperial County CoC",2024,2025,86.8745555671927,53.8742656251646,33.0002899420281
"separate_lasso_CA","min",8,2025,"California","CA","CA-614","San Luis Obispo County CoC",2024,2025,43.7374055750141,51.6613415019485,-7.92393592693444
"separate_lasso_CA","1se",8,2025,"California","CA","CA-500","San Jose/Santa Clara City & County CoC",2024,2025,55.9499078296962,47.1396649512801,8.81024287841615
"separate_lasso_CA","1se",8,2025,"California","CA","CA-501","San Francisco CoC",2024,2025,104.965747827992,119.163674420282,-14.1979265922904
"separate_lasso_CA","1se",8,2025,"California","CA","CA-502","Oakland, Berkeley/Alameda County CoC",2024,2025,56.5918992075179,57.482660898375,-0.890761690857111
"separate_lasso_CA","1se",8,2025,"California","CA","CA-503","Sacramento City & County CoC",2024,2025,43.220098117964,50.7700187363519,-7.54992061838792
"separate_lasso_CA","1se",8,2025,"California","CA","CA-504","Santa Rosa, Petaluma/Sonoma County CoC",2024,2025,40.1279489519862,65.3485239595711,-25.2205750075849
"separate_lasso_CA","1se",8,2025,"California","CA","CA-505","Contra Costa County CoC",2024,2025,18.1014811079679,31.6165750055339,-13.515093897566
"separate_lasso_CA","1se",8,2025,"California","CA","CA-506","Salinas/Monterey, San Benito Counties CoC",2024,2025,60.479028842165,46.5831158335791,13.8959130085859
"separate_lasso_CA","1se",8,2025,"California","CA","CA-507","Marin County CoC",2024,2025,42.6103888937066,50.2779963141706,-7.66760742046401
"separate_lasso_CA","1se",8,2025,"California","CA","CA-508","Watsonville/Santa Cruz City & County CoC",2024,2025,56.9051040749154,57.2601440230211,-0.355039948105741
"separate_lasso_CA","1se",8,2025,"California","CA","CA-509","Mendocino County CoC",2024,2025,72.172669707905,88.7655818355989,-16.5929121276939
"separate_lasso_CA","1se",8,2025,"California","CA","CA-510","Turlock, Modesto/Stanislaus County CoC",2024,2025,37.4023477772857,52.9171900313397,-15.514842254054
"separate_lasso_CA","1se",8,2025,"California","CA","CA-511","Stockton/San Joaquin County CoC",2024,2025,57.7799627343518,45.888351473092,11.8916112612598
"separate_lasso_CA","1se",8,2025,"California","CA","CA-512","Daly City/San Mateo County CoC",2024,2025,28.8742926000043,42.9640702964887,-14.0897776964844
"separate_lasso_CA","1se",8,2025,"California","CA","CA-513","Visalia/Kings, Tulare Counties CoC",2024,2025,23.0189546704865,27.4125933497598,-4.39363867927329
"separate_lasso_CA","1se",8,2025,"California","CA","CA-514","Fresno City & County/Madera County CoC",2024,2025,40.7600905114997,37.5866506932713,3.17343981822836
"separate_lasso_CA","1se",8,2025,"California","CA","CA-515","Roseville, Rocklin/Placer County CoC",2024,2025,16.0830255089,26.042724533352,-9.95969902445203
"separate_lasso_CA","1se",8,2025,"California","CA","CA-516","Redding/Shasta, Siskiyou, Lassen, Plumas, Del Norte, Modoc, Sierra Counties CoC",2024,2025,75.5445271574304,89.4554680986979,-13.9109409412675
"separate_lasso_CA","1se",8,2025,"California","CA","CA-517","Napa City & County CoC",2024,2025,28.1310878607586,53.8707532828426,-25.739665422084
"separate_lasso_CA","1se",8,2025,"California","CA","CA-518","Vallejo/Solano County CoC",2024,2025,36.5412318611433,30.7544448825513,5.78678697859196
"separate_lasso_CA","1se",8,2025,"California","CA","CA-519","Chico, Paradise/Butte County CoC",2024,2025,66.5356984097395,79.4584460674891,-12.9227476577496
"separate_lasso_CA","1se",8,2025,"California","CA","CA-520","Merced City & County CoC",2024,2025,24.1202987283859,40.0921104989414,-15.9718117705555
"separate_lasso_CA","1se",8,2025,"California","CA","CA-521","Davis, Woodland/Yolo County CoC",2024,2025,43.0016487678802,46.8107456455768,-3.80909687769664
"separate_lasso_CA","1se",8,2025,"California","CA","CA-522","Humboldt County CoC",2024,2025,113.105501834451,82.5991241194691,30.5063777149819
"separate_lasso_CA","1se",8,2025,"California","CA","CA-523","Colusa, Glenn, Trinity Counties CoC",2024,2025,34.5525670882993,50.9269596668351,-16.3743925785358
"separate_lasso_CA","1se",8,2025,"California","CA","CA-524","Yuba City & County/Sutter County CoC",2024,2025,44.2718612317179,43.2825235229359,0.989337708782003
"separate_lasso_CA","1se",8,2025,"California","CA","CA-525","El Dorado County CoC",2024,2025,15.0268038664122,36.3371390783247,-21.3103352119125
"separate_lasso_CA","1se",8,2025,"California","CA","CA-526","Amador, Calaveras, Mariposa, Tuolumne Counties CoC",2024,2025,50.9589490347442,52.9438784232648,-1.98492938852063
"separate_lasso_CA","1se",8,2025,"California","CA","CA-527","Tehama County CoC",2024,2025,51.6508157426738,41.9629110922063,9.68790465046752
"separate_lasso_CA","1se",8,2025,"California","CA","CA-529","Lake County CoC",2024,2025,56.5130142241634,69.7110230128363,-13.198008788673
"separate_lasso_CA","1se",8,2025,"California","CA","CA-530","Alpine, Inyo, Mono Counties CoC",2024,2025,39.109316848546,51.2986877428387,-12.1893708942927
"separate_lasso_CA","1se",8,2025,"California","CA","CA-531","Nevada County CoC",2024,2025,45.7261728370833,62.7402193229384,-17.0140464858551
"separate_lasso_CA","1se",8,2025,"California","CA","CA-600","Los Angeles City & County CoC",2024,2025,75.9969026711013,63.4137739536005,12.5831287175008
"separate_lasso_CA","1se",8,2025,"California","CA","CA-601","San Diego City and County CoC",2024,2025,30.1774881118063,46.6566257232646,-16.4791376114583
"separate_lasso_CA","1se",8,2025,"California","CA","CA-602","Santa Ana, Anaheim/Orange County CoC",2024,2025,24.4800217938871,33.6010153201625,-9.12099352627541
"separate_lasso_CA","1se",8,2025,"California","CA","CA-603","Santa Maria/Santa Barbara County CoC",2024,2025,55.5348195401129,55.9467516554748,-0.411932115361907
"separate_lasso_CA","1se",8,2025,"California","CA","CA-604","Bakersfield/Kern County CoC",2024,2025,28.1640613202052,36.7446745790488,-8.5806132588436
"separate_lasso_CA","1se",8,2025,"California","CA","CA-606","Long Beach CoC",2024,2025,80.7781765738186,67.4705208036181,13.3076557702005
"separate_lasso_CA","1se",8,2025,"California","CA","CA-607","Pasadena CoC",2024,2025,42.7502410640444,58.604695311357,-15.8544542473126
"separate_lasso_CA","1se",8,2025,"California","CA","CA-608","Riverside City & County CoC",2024,2025,15.678317083943,24.794521108845,-9.11620402490199
"separate_lasso_CA","1se",8,2025,"California","CA","CA-609","San Bernardino City & County CoC",2024,2025,17.2519919373803,23.5255249466098,-6.27353300922952
"separate_lasso_CA","1se",8,2025,"California","CA","CA-611","Oxnard, San Buenaventura/Ventura County CoC",2024,2025,23.9513462702699,40.350627756899,-16.3992814866291
"separate_lasso_CA","1se",8,2025,"California","CA","CA-612","Glendale CoC",2024,2025,10.4489191046873,33.4243945742983,-22.975475469611
"separate_lasso_CA","1se",8,2025,"California","CA","CA-613","Imperial County CoC",2024,2025,86.8745555671927,54.8415359897467,32.033019577446
"separate_lasso_CA","1se",8,2025,"California","CA","CA-614","San Luis Obispo County CoC",2024,2025,43.7374055750141,46.4515105967222,-2.71410502170805
"separate_lasso_FL","min",8,2025,"Florida","FL","FL-500","Sarasota, Bradenton/Manatee, Sarasota Counties CoC",2024,2025,10.2303624501402,4.67911981634553,5.55124263379467
"separate_lasso_FL","min",8,2025,"Florida","FL","FL-501","Tampa/Hillsborough County CoC",2024,2025,11.4095857037129,3.3488894314931,8.0606962722198
"separate_lasso_FL","min",8,2025,"Florida","FL","FL-502","St. Petersburg, Clearwater, Largo/Pinellas County CoC",2024,2025,19.640234755098,19.3233607132511,0.316874041846891
"separate_lasso_FL","min",8,2025,"Florida","FL","FL-503","Lakeland/Polk County CoC",2024,2025,9.19077721510305,3.75531308251663,5.43546413258642
"separate_lasso_FL","min",8,2025,"Florida","FL","FL-504","Deltona, Daytona Beach/Volusia, Flagler Counties CoC",2024,2025,14.4992924398842,4.7980101620192,9.701282277865
"separate_lasso_FL","min",8,2025,"Florida","FL","FL-505","Fort Walton Beach/Okaloosa, Walton Counties CoC",2024,2025,12.1866847774343,17.5862440662444,-5.39955928881012
"separate_lasso_FL","min",8,2025,"Florida","FL","FL-506","Tallahassee/Leon County CoC",2024,2025,14.4275725269538,18.5489092057814,-4.12133667882761
"separate_lasso_FL","min",8,2025,"Florida","FL","FL-507","Orlando/Orange, Osceola, Seminole Counties CoC",2024,2025,10.8970084793596,-2.81524215150624,13.7122506308658
"separate_lasso_FL","min",8,2025,"Florida","FL","FL-508","Gainesville/Alachua, Putnam Counties CoC",2024,2025,17.3630622306498,18.2410860469607,-0.878023816310932
"separate_lasso_FL","min",8,2025,"Florida","FL","FL-509","Fort Pierce/St. Lucie, Indian River, Martin Counties CoC",2024,2025,7.67342755421297,5.37135564914847,2.3020719050645
"separate_lasso_FL","min",8,2025,"Florida","FL","FL-510","Jacksonville-Duval, Clay Counties CoC",2024,2025,7.07858845715874,2.49686789476441,4.58172056239433
"separate_lasso_FL","min",8,2025,"Florida","FL","FL-511","Pensacola/Escambia, Santa Rosa Counties CoC",2024,2025,16.2584021624042,11.8187286745388,4.43967348786536
"separate_lasso_FL","min",8,2025,"Florida","FL","FL-512","St. Johns County CoC",2024,2025,9.23979580051281,11.7933069932354,-2.55351119272258
"separate_lasso_FL","min",8,2025,"Florida","FL","FL-513","Palm Bay, Melbourne/Brevard County CoC",2024,2025,15.9944094870042,8.1629726502487,7.8314368367555
"separate_lasso_FL","min",8,2025,"Florida","FL","FL-514","Ocala/Marion County CoC",2024,2025,8.83296435187277,10.7089406689821,-1.87597631710934
"separate_lasso_FL","min",8,2025,"Florida","FL","FL-515","Panama City/Bay, Jackson Counties CoC",2024,2025,12.569891626332,13.9550372324357,-1.38514560610368
"separate_lasso_FL","min",8,2025,"Florida","FL","FL-517","Hendry, Hardee, Highlands Counties CoC",2024,2025,18.7217466922519,16.6504822044606,2.07126448779134
"separate_lasso_FL","min",8,2025,"Florida","FL","FL-519","Pasco County CoC",2024,2025,9.4586340427803,8.2265142248641,1.2321198179162
"separate_lasso_FL","min",8,2025,"Florida","FL","FL-520","Citrus, Hernando, Lake, Sumter Counties CoC",2024,2025,7.61511784568614,-0.431142493627128,8.04626033931327
"separate_lasso_FL","min",8,2025,"Florida","FL","FL-600","Miami-Dade County CoC",2024,2025,12.9013654034273,5.60566545248176,7.29569995094554
"separate_lasso_FL","min",8,2025,"Florida","FL","FL-601","Ft Lauderdale/Broward County CoC",2024,2025,10.8726047611976,0.693148938157915,10.1794558230397
"separate_lasso_FL","min",8,2025,"Florida","FL","FL-602","Charlotte County CoC",2024,2025,14.8702649945675,19.2241426746501,-4.35387768008262
"separate_lasso_FL","min",8,2025,"Florida","FL","FL-603","Ft Myers, Cape Coral/Lee County CoC",2024,2025,10.1415361000997,6.06416528060201,4.07737081949769
"separate_lasso_FL","min",8,2025,"Florida","FL","FL-604","Monroe County CoC",2024,2025,47.0114170584285,53.4828950858393,-6.47147802741078
"separate_lasso_FL","min",8,2025,"Florida","FL","FL-605","West Palm Beach/Palm Beach County CoC",2024,2025,9.64634714411008,1.46032001291577,8.18602713119431
"separate_lasso_FL","min",8,2025,"Florida","FL","FL-606","Naples/Collier County CoC",2024,2025,18.1238028341217,13.6956351375632,4.42816769655845
"separate_lasso_FL","1se",8,2025,"Florida","FL","FL-500","Sarasota, Bradenton/Manatee, Sarasota Counties CoC",2024,2025,10.2303624501402,6.77818114018468,3.45218130995552
"separate_lasso_FL","1se",8,2025,"Florida","FL","FL-501","Tampa/Hillsborough County CoC",2024,2025,11.4095857037129,2.56919999163959,8.84038571207331
"separate_lasso_FL","1se",8,2025,"Florida","FL","FL-502","St. Petersburg, Clearwater, Largo/Pinellas County CoC",2024,2025,19.640234755098,10.1668031438649,9.47343161123313
"separate_lasso_FL","1se",8,2025,"Florida","FL","FL-503","Lakeland/Polk County CoC",2024,2025,9.19077721510305,7.65614853115896,1.53462868394409
"separate_lasso_FL","1se",8,2025,"Florida","FL","FL-504","Deltona, Daytona Beach/Volusia, Flagler Counties CoC",2024,2025,14.4992924398842,7.71893356365246,6.78035887623174
"separate_lasso_FL","1se",8,2025,"Florida","FL","FL-505","Fort Walton Beach/Okaloosa, Walton Counties CoC",2024,2025,12.1866847774343,12.6741891215847,-0.487504344150386
"separate_lasso_FL","1se",8,2025,"Florida","FL","FL-506","Tallahassee/Leon County CoC",2024,2025,14.4275725269538,13.7764668479525,0.651105679001304
"separate_lasso_FL","1se",8,2025,"Florida","FL","FL-507","Orlando/Orange, Osceola, Seminole Counties CoC",2024,2025,10.8970084793596,0.29200953991749,10.6049989394421
"separate_lasso_FL","1se",8,2025,"Florida","FL","FL-508","Gainesville/Alachua, Putnam Counties CoC",2024,2025,17.3630622306498,10.3854944917727,6.97756773887713
"separate_lasso_FL","1se",8,2025,"Florida","FL","FL-509","Fort Pierce/St. Lucie, Indian River, Martin Counties CoC",2024,2025,7.67342755421297,6.49727542125317,1.1761521329598
"separate_lasso_FL","1se",8,2025,"Florida","FL","FL-510","Jacksonville-Duval, Clay Counties CoC",2024,2025,7.07858845715874,3.98286007048015,3.09572838667859
"separate_lasso_FL","1se",8,2025,"Florida","FL","FL-511","Pensacola/Escambia, Santa Rosa Counties CoC",2024,2025,16.2584021624042,11.089577803452,5.16882435895221
"separate_lasso_FL","1se",8,2025,"Florida","FL","FL-512","St. Johns County CoC",2024,2025,9.23979580051281,12.8801560256387,-3.6403602251259
"separate_lasso_FL","1se",8,2025,"Florida","FL","FL-513","Palm Bay, Melbourne/Brevard County CoC",2024,2025,15.9944094870042,8.15400708068099,7.84040240632321
"separate_lasso_FL","1se",8,2025,"Florida","FL","FL-514","Ocala/Marion County CoC",2024,2025,8.83296435187277,11.0283285341242,-2.19536418225147
"separate_lasso_FL","1se",8,2025,"Florida","FL","FL-515","Panama City/Bay, Jackson Counties CoC",2024,2025,12.569891626332,12.7886283933934,-0.218736767061419
"separate_lasso_FL","1se",8,2025,"Florida","FL","FL-517","Hendry, Hardee, Highlands Counties CoC",2024,2025,18.7217466922519,11.9826859353499,6.73906075690204
"separate_lasso_FL","1se",8,2025,"Florida","FL","FL-519","Pasco County CoC",2024,2025,9.4586340427803,8.35642564812848,1.10220839465182
"separate_lasso_FL","1se",8,2025,"Florida","FL","FL-520","Citrus, Hernando, Lake, Sumter Counties CoC",2024,2025,7.61511784568614,4.86997546825084,2.7451423774353
"separate_lasso_FL","1se",8,2025,"Florida","FL","FL-600","Miami-Dade County CoC",2024,2025,12.9013654034273,0.247011730415736,12.6543536730116
"separate_lasso_FL","1se",8,2025,"Florida","FL","FL-601","Ft Lauderdale/Broward County CoC",2024,2025,10.8726047611976,0.886438417667988,9.98616634352961
"separate_lasso_FL","1se",8,2025,"Florida","FL","FL-602","Charlotte County CoC",2024,2025,14.8702649945675,15.6745843489488,-0.804319354381285
"separate_lasso_FL","1se",8,2025,"Florida","FL","FL-603","Ft Myers, Cape Coral/Lee County CoC",2024,2025,10.1415361000997,5.79977354880337,4.34176255129633
"separate_lasso_FL","1se",8,2025,"Florida","FL","FL-604","Monroe County CoC",2024,2025,47.0114170584285,33.5831085745141,13.4283084839144
"separate_lasso_FL","1se",8,2025,"Florida","FL","FL-605","West Palm Beach/Palm Beach County CoC",2024,2025,9.64634714411008,2.02535268445466,7.62099445965542
"separate_lasso_FL","1se",8,2025,"Florida","FL","FL-606","Naples/Collier County CoC",2024,2025,18.1238028341217,11.2378708077685,6.88593202635325
"separate_state_lasso","min",8,2025,"California","CA","CA-500","San Jose/Santa Clara City & County CoC",2024,2025,55.9499078296962,44.7304403192394,11.2194675104568
"separate_state_lasso","min",8,2025,"California","CA","CA-501","San Francisco CoC",2024,2025,104.965747827992,118.146554522471,-13.1808066944787
"separate_state_lasso","min",8,2025,"California","CA","CA-502","Oakland, Berkeley/Alameda County CoC",2024,2025,56.5918992075179,59.7088472501862,-3.11694804266826
"separate_state_lasso","min",8,2025,"California","CA","CA-503","Sacramento City & County CoC",2024,2025,43.220098117964,50.9250097143149,-7.70491159635093
"separate_state_lasso","min",8,2025,"California","CA","CA-504","Santa Rosa, Petaluma/Sonoma County CoC",2024,2025,40.1279489519862,71.0498569946094,-30.9219080426232
"separate_state_lasso","min",8,2025,"California","CA","CA-505","Contra Costa County CoC",2024,2025,18.1014811079679,28.8216860141518,-10.7202049061839
"separate_state_lasso","min",8,2025,"California","CA","CA-506","Salinas/Monterey, San Benito Counties CoC",2024,2025,60.479028842165,47.1248417591725,13.3541870829925
"separate_state_lasso","min",8,2025,"California","CA","CA-507","Marin County CoC",2024,2025,42.6103888937066,56.0736946644328,-13.4633057707262
"separate_state_lasso","min",8,2025,"California","CA","CA-508","Watsonville/Santa Cruz City & County CoC",2024,2025,56.9051040749154,64.3671746327857,-7.4620705578703
"separate_state_lasso","min",8,2025,"California","CA","CA-509","Mendocino County CoC",2024,2025,72.172669707905,104.528404216439,-32.355734508534
"separate_state_lasso","min",8,2025,"California","CA","CA-510","Turlock, Modesto/Stanislaus County CoC",2024,2025,37.4023477772857,52.5319156818704,-15.1295679045847
"separate_state_lasso","min",8,2025,"California","CA","CA-511","Stockton/San Joaquin County CoC",2024,2025,57.7799627343518,42.2233068090431,15.5566559253087
"separate_state_lasso","min",8,2025,"California","CA","CA-512","Daly City/San Mateo County CoC",2024,2025,28.8742926000043,40.2134511991169,-11.3391585991126
"separate_state_lasso","min",8,2025,"California","CA","CA-513","Visalia/Kings, Tulare Counties CoC",2024,2025,23.0189546704865,23.1042758098023,-0.0853211393158304
"separate_state_lasso","min",8,2025,"California","CA","CA-514","Fresno City & County/Madera County CoC",2024,2025,40.7600905114997,34.7968574051582,5.96323310634151
"separate_state_lasso","min",8,2025,"California","CA","CA-515","Roseville, Rocklin/Placer County CoC",2024,2025,16.0830255089,20.312152977037,-4.22912746813696
"separate_state_lasso","min",8,2025,"California","CA","CA-516","Redding/Shasta, Siskiyou, Lassen, Plumas, Del Norte, Modoc, Sierra Counties CoC",2024,2025,75.5445271574304,83.7477953433872,-8.2032681859568
"separate_state_lasso","min",8,2025,"California","CA","CA-517","Napa City & County CoC",2024,2025,28.1310878607586,56.8466099937242,-28.7155221329656
"separate_state_lasso","min",8,2025,"California","CA","CA-518","Vallejo/Solano County CoC",2024,2025,36.5412318611433,30.4376363375262,6.10359552361706
"separate_state_lasso","min",8,2025,"California","CA","CA-519","Chico, Paradise/Butte County CoC",2024,2025,66.5356984097395,84.0031056320008,-17.4674072222613
"separate_state_lasso","min",8,2025,"California","CA","CA-520","Merced City & County CoC",2024,2025,24.1202987283859,38.7471037608583,-14.6268050324724
"separate_state_lasso","min",8,2025,"California","CA","CA-521","Davis, Woodland/Yolo County CoC",2024,2025,43.0016487678802,50.3808576199475,-7.37920885206726
"separate_state_lasso","min",8,2025,"California","CA","CA-522","Humboldt County CoC",2024,2025,113.105501834451,95.4059604243461,17.6995414101049
"separate_state_lasso","min",8,2025,"California","CA","CA-523","Colusa, Glenn, Trinity Counties CoC",2024,2025,34.5525670882993,46.342521551696,-11.7899544633967
"separate_state_lasso","min",8,2025,"California","CA","CA-524","Yuba City & County/Sutter County CoC",2024,2025,44.2718612317179,40.7375424399702,3.53431879174765
"separate_state_lasso","min",8,2025,"California","CA","CA-525","El Dorado County CoC",2024,2025,15.0268038664122,35.6490970253979,-20.6222931589857
"separate_state_lasso","min",8,2025,"California","CA","CA-526","Amador, Calaveras, Mariposa, Tuolumne Counties CoC",2024,2025,50.9589490347442,54.2697434237682,-3.31079438902398
"separate_state_lasso","min",8,2025,"California","CA","CA-527","Tehama County CoC",2024,2025,51.6508157426738,42.422011533654,9.22880420901977
"separate_state_lasso","min",8,2025,"California","CA","CA-529","Lake County CoC",2024,2025,56.5130142241634,74.4578570716609,-17.9448428474975
"separate_state_lasso","min",8,2025,"California","CA","CA-530","Alpine, Inyo, Mono Counties CoC",2024,2025,39.109316848546,56.2729197904645,-17.1636029419185
"separate_state_lasso","min",8,2025,"California","CA","CA-531","Nevada County CoC",2024,2025,45.7261728370833,68.1514484824072,-22.4252756453239
"separate_state_lasso","min",8,2025,"California","CA","CA-600","Los Angeles City & County CoC",2024,2025,75.9969026711013,68.5083148501182,7.48858782098314
"separate_state_lasso","min",8,2025,"California","CA","CA-601","San Diego City and County CoC",2024,2025,30.1774881118063,50.4445459217349,-20.2670578099286
"separate_state_lasso","min",8,2025,"California","CA","CA-602","Santa Ana, Anaheim/Orange County CoC",2024,2025,24.4800217938871,30.2910368433563,-5.81101504946916
"separate_state_lasso","min",8,2025,"California","CA","CA-603","Santa Maria/Santa Barbara County CoC",2024,2025,55.5348195401129,61.4861533806956,-5.95133384058272
"separate_state_lasso","min",8,2025,"California","CA","CA-604","Bakersfield/Kern County CoC",2024,2025,28.1640613202052,36.5381835889738,-8.37412226876862
"separate_state_lasso","min",8,2025,"California","CA","CA-606","Long Beach CoC",2024,2025,80.7781765738186,70.418865542065,10.3593110317536
"separate_state_lasso","min",8,2025,"California","CA","CA-607","Pasadena CoC",2024,2025,42.7502410640444,63.6298629209568,-20.8796218569124
"separate_state_lasso","min",8,2025,"California","CA","CA-608","Riverside City & County CoC",2024,2025,15.678317083943,22.1545405980777,-6.47622351413467
"separate_state_lasso","min",8,2025,"California","CA","CA-609","San Bernardino City & County CoC",2024,2025,17.2519919373803,21.921758968189,-4.66976703080871
"separate_state_lasso","min",8,2025,"California","CA","CA-611","Oxnard, San Buenaventura/Ventura County CoC",2024,2025,23.9513462702699,39.7559842089911,-15.8046379387212
"separate_state_lasso","min",8,2025,"California","CA","CA-612","Glendale CoC",2024,2025,10.4489191046873,32.2994831326776,-21.8505640279903
"separate_state_lasso","min",8,2025,"California","CA","CA-613","Imperial County CoC",2024,2025,86.8745555671927,53.8742656251646,33.0002899420281
"separate_state_lasso","min",8,2025,"California","CA","CA-614","San Luis Obispo County CoC",2024,2025,43.7374055750141,51.6613415019485,-7.92393592693444
"separate_state_lasso","min",8,2025,"Florida","FL","FL-500","Sarasota, Bradenton/Manatee, Sarasota Counties CoC",2024,2025,10.2303624501402,4.67911981634553,5.55124263379467
"separate_state_lasso","min",8,2025,"Florida","FL","FL-501","Tampa/Hillsborough County CoC",2024,2025,11.4095857037129,3.3488894314931,8.0606962722198
"separate_state_lasso","min",8,2025,"Florida","FL","FL-502","St. Petersburg, Clearwater, Largo/Pinellas County CoC",2024,2025,19.640234755098,19.3233607132511,0.316874041846891
"separate_state_lasso","min",8,2025,"Florida","FL","FL-503","Lakeland/Polk County CoC",2024,2025,9.19077721510305,3.75531308251663,5.43546413258642
"separate_state_lasso","min",8,2025,"Florida","FL","FL-504","Deltona, Daytona Beach/Volusia, Flagler Counties CoC",2024,2025,14.4992924398842,4.7980101620192,9.701282277865
"separate_state_lasso","min",8,2025,"Florida","FL","FL-505","Fort Walton Beach/Okaloosa, Walton Counties CoC",2024,2025,12.1866847774343,17.5862440662444,-5.39955928881012
"separate_state_lasso","min",8,2025,"Florida","FL","FL-506","Tallahassee/Leon County CoC",2024,2025,14.4275725269538,18.5489092057814,-4.12133667882761
"separate_state_lasso","min",8,2025,"Florida","FL","FL-507","Orlando/Orange, Osceola, Seminole Counties CoC",2024,2025,10.8970084793596,-2.81524215150624,13.7122506308658
"separate_state_lasso","min",8,2025,"Florida","FL","FL-508","Gainesville/Alachua, Putnam Counties CoC",2024,2025,17.3630622306498,18.2410860469607,-0.878023816310932
"separate_state_lasso","min",8,2025,"Florida","FL","FL-509","Fort Pierce/St. Lucie, Indian River, Martin Counties CoC",2024,2025,7.67342755421297,5.37135564914847,2.3020719050645
"separate_state_lasso","min",8,2025,"Florida","FL","FL-510","Jacksonville-Duval, Clay Counties CoC",2024,2025,7.07858845715874,2.49686789476441,4.58172056239433
"separate_state_lasso","min",8,2025,"Florida","FL","FL-511","Pensacola/Escambia, Santa Rosa Counties CoC",2024,2025,16.2584021624042,11.8187286745388,4.43967348786536
"separate_state_lasso","min",8,2025,"Florida","FL","FL-512","St. Johns County CoC",2024,2025,9.23979580051281,11.7933069932354,-2.55351119272258
"separate_state_lasso","min",8,2025,"Florida","FL","FL-513","Palm Bay, Melbourne/Brevard County CoC",2024,2025,15.9944094870042,8.1629726502487,7.8314368367555
"separate_state_lasso","min",8,2025,"Florida","FL","FL-514","Ocala/Marion County CoC",2024,2025,8.83296435187277,10.7089406689821,-1.87597631710934
"separate_state_lasso","min",8,2025,"Florida","FL","FL-515","Panama City/Bay, Jackson Counties CoC",2024,2025,12.569891626332,13.9550372324357,-1.38514560610368
"separate_state_lasso","min",8,2025,"Florida","FL","FL-517","Hendry, Hardee, Highlands Counties CoC",2024,2025,18.7217466922519,16.6504822044606,2.07126448779134
"separate_state_lasso","min",8,2025,"Florida","FL","FL-519","Pasco County CoC",2024,2025,9.4586340427803,8.2265142248641,1.2321198179162
"separate_state_lasso","min",8,2025,"Florida","FL","FL-520","Citrus, Hernando, Lake, Sumter Counties CoC",2024,2025,7.61511784568614,-0.431142493627128,8.04626033931327
"separate_state_lasso","min",8,2025,"Florida","FL","FL-600","Miami-Dade County CoC",2024,2025,12.9013654034273,5.60566545248176,7.29569995094554
"separate_state_lasso","min",8,2025,"Florida","FL","FL-601","Ft Lauderdale/Broward County CoC",2024,2025,10.8726047611976,0.693148938157915,10.1794558230397
"separate_state_lasso","min",8,2025,"Florida","FL","FL-602","Charlotte County CoC",2024,2025,14.8702649945675,19.2241426746501,-4.35387768008262
"separate_state_lasso","min",8,2025,"Florida","FL","FL-603","Ft Myers, Cape Coral/Lee County CoC",2024,2025,10.1415361000997,6.06416528060201,4.07737081949769
"separate_state_lasso","min",8,2025,"Florida","FL","FL-604","Monroe County CoC",2024,2025,47.0114170584285,53.4828950858393,-6.47147802741078
"separate_state_lasso","min",8,2025,"Florida","FL","FL-605","West Palm Beach/Palm Beach County CoC",2024,2025,9.64634714411008,1.46032001291577,8.18602713119431
"separate_state_lasso","min",8,2025,"Florida","FL","FL-606","Naples/Collier County CoC",2024,2025,18.1238028341217,13.6956351375632,4.42816769655845
"separate_state_lasso","1se",8,2025,"California","CA","CA-500","San Jose/Santa Clara City & County CoC",2024,2025,55.9499078296962,47.1396649512801,8.81024287841615
"separate_state_lasso","1se",8,2025,"California","CA","CA-501","San Francisco CoC",2024,2025,104.965747827992,119.163674420282,-14.1979265922904
"separate_state_lasso","1se",8,2025,"California","CA","CA-502","Oakland, Berkeley/Alameda County CoC",2024,2025,56.5918992075179,57.482660898375,-0.890761690857111
"separate_state_lasso","1se",8,2025,"California","CA","CA-503","Sacramento City & County CoC",2024,2025,43.220098117964,50.7700187363519,-7.54992061838792
"separate_state_lasso","1se",8,2025,"California","CA","CA-504","Santa Rosa, Petaluma/Sonoma County CoC",2024,2025,40.1279489519862,65.3485239595711,-25.2205750075849
"separate_state_lasso","1se",8,2025,"California","CA","CA-505","Contra Costa County CoC",2024,2025,18.1014811079679,31.6165750055339,-13.515093897566
"separate_state_lasso","1se",8,2025,"California","CA","CA-506","Salinas/Monterey, San Benito Counties CoC",2024,2025,60.479028842165,46.5831158335791,13.8959130085859
"separate_state_lasso","1se",8,2025,"California","CA","CA-507","Marin County CoC",2024,2025,42.6103888937066,50.2779963141706,-7.66760742046401
"separate_state_lasso","1se",8,2025,"California","CA","CA-508","Watsonville/Santa Cruz City & County CoC",2024,2025,56.9051040749154,57.2601440230211,-0.355039948105741
"separate_state_lasso","1se",8,2025,"California","CA","CA-509","Mendocino County CoC",2024,2025,72.172669707905,88.7655818355989,-16.5929121276939
"separate_state_lasso","1se",8,2025,"California","CA","CA-510","Turlock, Modesto/Stanislaus County CoC",2024,2025,37.4023477772857,52.9171900313397,-15.514842254054
"separate_state_lasso","1se",8,2025,"California","CA","CA-511","Stockton/San Joaquin County CoC",2024,2025,57.7799627343518,45.888351473092,11.8916112612598
"separate_state_lasso","1se",8,2025,"California","CA","CA-512","Daly City/San Mateo County CoC",2024,2025,28.8742926000043,42.9640702964887,-14.0897776964844
"separate_state_lasso","1se",8,2025,"California","CA","CA-513","Visalia/Kings, Tulare Counties CoC",2024,2025,23.0189546704865,27.4125933497598,-4.39363867927329
"separate_state_lasso","1se",8,2025,"California","CA","CA-514","Fresno City & County/Madera County CoC",2024,2025,40.7600905114997,37.5866506932713,3.17343981822836
"separate_state_lasso","1se",8,2025,"California","CA","CA-515","Roseville, Rocklin/Placer County CoC",2024,2025,16.0830255089,26.042724533352,-9.95969902445203
"separate_state_lasso","1se",8,2025,"California","CA","CA-516","Redding/Shasta, Siskiyou, Lassen, Plumas, Del Norte, Modoc, Sierra Counties CoC",2024,2025,75.5445271574304,89.4554680986979,-13.9109409412675
"separate_state_lasso","1se",8,2025,"California","CA","CA-517","Napa City & County CoC",2024,2025,28.1310878607586,53.8707532828426,-25.739665422084
"separate_state_lasso","1se",8,2025,"California","CA","CA-518","Vallejo/Solano County CoC",2024,2025,36.5412318611433,30.7544448825513,5.78678697859196
"separate_state_lasso","1se",8,2025,"California","CA","CA-519","Chico, Paradise/Butte County CoC",2024,2025,66.5356984097395,79.4584460674891,-12.9227476577496
"separate_state_lasso","1se",8,2025,"California","CA","CA-520","Merced City & County CoC",2024,2025,24.1202987283859,40.0921104989414,-15.9718117705555
"separate_state_lasso","1se",8,2025,"California","CA","CA-521","Davis, Woodland/Yolo County CoC",2024,2025,43.0016487678802,46.8107456455768,-3.80909687769664
"separate_state_lasso","1se",8,2025,"California","CA","CA-522","Humboldt County CoC",2024,2025,113.105501834451,82.5991241194691,30.5063777149819
"separate_state_lasso","1se",8,2025,"California","CA","CA-523","Colusa, Glenn, Trinity Counties CoC",2024,2025,34.5525670882993,50.9269596668351,-16.3743925785358
"separate_state_lasso","1se",8,2025,"California","CA","CA-524","Yuba City & County/Sutter County CoC",2024,2025,44.2718612317179,43.2825235229359,0.989337708782003
"separate_state_lasso","1se",8,2025,"California","CA","CA-525","El Dorado County CoC",2024,2025,15.0268038664122,36.3371390783247,-21.3103352119125
"separate_state_lasso","1se",8,2025,"California","CA","CA-526","Amador, Calaveras, Mariposa, Tuolumne Counties CoC",2024,2025,50.9589490347442,52.9438784232648,-1.98492938852063
"separate_state_lasso","1se",8,2025,"California","CA","CA-527","Tehama County CoC",2024,2025,51.6508157426738,41.9629110922063,9.68790465046752
"separate_state_lasso","1se",8,2025,"California","CA","CA-529","Lake County CoC",2024,2025,56.5130142241634,69.7110230128363,-13.198008788673
"separate_state_lasso","1se",8,2025,"California","CA","CA-530","Alpine, Inyo, Mono Counties CoC",2024,2025,39.109316848546,51.2986877428387,-12.1893708942927
"separate_state_lasso","1se",8,2025,"California","CA","CA-531","Nevada County CoC",2024,2025,45.7261728370833,62.7402193229384,-17.0140464858551
"separate_state_lasso","1se",8,2025,"California","CA","CA-600","Los Angeles City & County CoC",2024,2025,75.9969026711013,63.4137739536005,12.5831287175008
"separate_state_lasso","1se",8,2025,"California","CA","CA-601","San Diego City and County CoC",2024,2025,30.1774881118063,46.6566257232646,-16.4791376114583
"separate_state_lasso","1se",8,2025,"California","CA","CA-602","Santa Ana, Anaheim/Orange County CoC",2024,2025,24.4800217938871,33.6010153201625,-9.12099352627541
"separate_state_lasso","1se",8,2025,"California","CA","CA-603","Santa Maria/Santa Barbara County CoC",2024,2025,55.5348195401129,55.9467516554748,-0.411932115361907
"separate_state_lasso","1se",8,2025,"California","CA","CA-604","Bakersfield/Kern County CoC",2024,2025,28.1640613202052,36.7446745790488,-8.5806132588436
"separate_state_lasso","1se",8,2025,"California","CA","CA-606","Long Beach CoC",2024,2025,80.7781765738186,67.4705208036181,13.3076557702005
"separate_state_lasso","1se",8,2025,"California","CA","CA-607","Pasadena CoC",2024,2025,42.7502410640444,58.604695311357,-15.8544542473126
"separate_state_lasso","1se",8,2025,"California","CA","CA-608","Riverside City & County CoC",2024,2025,15.678317083943,24.794521108845,-9.11620402490199
"separate_state_lasso","1se",8,2025,"California","CA","CA-609","San Bernardino City & County CoC",2024,2025,17.2519919373803,23.5255249466098,-6.27353300922952
"separate_state_lasso","1se",8,2025,"California","CA","CA-611","Oxnard, San Buenaventura/Ventura County CoC",2024,2025,23.9513462702699,40.350627756899,-16.3992814866291
"separate_state_lasso","1se",8,2025,"California","CA","CA-612","Glendale CoC",2024,2025,10.4489191046873,33.4243945742983,-22.975475469611
"separate_state_lasso","1se",8,2025,"California","CA","CA-613","Imperial County CoC",2024,2025,86.8745555671927,54.8415359897467,32.033019577446
"separate_state_lasso","1se",8,2025,"California","CA","CA-614","San Luis Obispo County CoC",2024,2025,43.7374055750141,46.4515105967222,-2.71410502170805
"separate_state_lasso","1se",8,2025,"Florida","FL","FL-500","Sarasota, Bradenton/Manatee, Sarasota Counties CoC",2024,2025,10.2303624501402,6.77818114018468,3.45218130995552
"separate_state_lasso","1se",8,2025,"Florida","FL","FL-501","Tampa/Hillsborough County CoC",2024,2025,11.4095857037129,2.56919999163959,8.84038571207331
"separate_state_lasso","1se",8,2025,"Florida","FL","FL-502","St. Petersburg, Clearwater, Largo/Pinellas County CoC",2024,2025,19.640234755098,10.1668031438649,9.47343161123313
"separate_state_lasso","1se",8,2025,"Florida","FL","FL-503","Lakeland/Polk County CoC",2024,2025,9.19077721510305,7.65614853115896,1.53462868394409
"separate_state_lasso","1se",8,2025,"Florida","FL","FL-504","Deltona, Daytona Beach/Volusia, Flagler Counties CoC",2024,2025,14.4992924398842,7.71893356365246,6.78035887623174
"separate_state_lasso","1se",8,2025,"Florida","FL","FL-505","Fort Walton Beach/Okaloosa, Walton Counties CoC",2024,2025,12.1866847774343,12.6741891215847,-0.487504344150386
"separate_state_lasso","1se",8,2025,"Florida","FL","FL-506","Tallahassee/Leon County CoC",2024,2025,14.4275725269538,13.7764668479525,0.651105679001304
"separate_state_lasso","1se",8,2025,"Florida","FL","FL-507","Orlando/Orange, Osceola, Seminole Counties CoC",2024,2025,10.8970084793596,0.29200953991749,10.6049989394421
"separate_state_lasso","1se",8,2025,"Florida","FL","FL-508","Gainesville/Alachua, Putnam Counties CoC",2024,2025,17.3630622306498,10.3854944917727,6.97756773887713
"separate_state_lasso","1se",8,2025,"Florida","FL","FL-509","Fort Pierce/St. Lucie, Indian River, Martin Counties CoC",2024,2025,7.67342755421297,6.49727542125317,1.1761521329598
"separate_state_lasso","1se",8,2025,"Florida","FL","FL-510","Jacksonville-Duval, Clay Counties CoC",2024,2025,7.07858845715874,3.98286007048015,3.09572838667859
"separate_state_lasso","1se",8,2025,"Florida","FL","FL-511","Pensacola/Escambia, Santa Rosa Counties CoC",2024,2025,16.2584021624042,11.089577803452,5.16882435895221
"separate_state_lasso","1se",8,2025,"Florida","FL","FL-512","St. Johns County CoC",2024,2025,9.23979580051281,12.8801560256387,-3.6403602251259
"separate_state_lasso","1se",8,2025,"Florida","FL","FL-513","Palm Bay, Melbourne/Brevard County CoC",2024,2025,15.9944094870042,8.15400708068099,7.84040240632321
"separate_state_lasso","1se",8,2025,"Florida","FL","FL-514","Ocala/Marion County CoC",2024,2025,8.83296435187277,11.0283285341242,-2.19536418225147
"separate_state_lasso","1se",8,2025,"Florida","FL","FL-515","Panama City/Bay, Jackson Counties CoC",2024,2025,12.569891626332,12.7886283933934,-0.218736767061419
"separate_state_lasso","1se",8,2025,"Florida","FL","FL-517","Hendry, Hardee, Highlands Counties CoC",2024,2025,18.7217466922519,11.9826859353499,6.73906075690204
"separate_state_lasso","1se",8,2025,"Florida","FL","FL-519","Pasco County CoC",2024,2025,9.4586340427803,8.35642564812848,1.10220839465182
"separate_state_lasso","1se",8,2025,"Florida","FL","FL-520","Citrus, Hernando, Lake, Sumter Counties CoC",2024,2025,7.61511784568614,4.86997546825084,2.7451423774353
"separate_state_lasso","1se",8,2025,"Florida","FL","FL-600","Miami-Dade County CoC",2024,2025,12.9013654034273,0.247011730415736,12.6543536730116
"separate_state_lasso","1se",8,2025,"Florida","FL","FL-601","Ft Lauderdale/Broward County CoC",2024,2025,10.8726047611976,0.886438417667988,9.98616634352961
"separate_state_lasso","1se",8,2025,"Florida","FL","FL-602","Charlotte County CoC",2024,2025,14.8702649945675,15.6745843489488,-0.804319354381285
"separate_state_lasso","1se",8,2025,"Florida","FL","FL-603","Ft Myers, Cape Coral/Lee County CoC",2024,2025,10.1415361000997,5.79977354880337,4.34176255129633
"separate_state_lasso","1se",8,2025,"Florida","FL","FL-604","Monroe County CoC",2024,2025,47.0114170584285,33.5831085745141,13.4283084839144
"separate_state_lasso","1se",8,2025,"Florida","FL","FL-605","West Palm Beach/Palm Beach County CoC",2024,2025,9.64634714411008,2.02535268445466,7.62099445965542
"separate_state_lasso","1se",8,2025,"Florida","FL","FL-606","Naples/Collier County CoC",2024,2025,18.1238028341217,11.2378708077685,6.88593202635325
